"caseIndex","arm","updates","publicCall","budgetDiagnostics"
"0","disabled","7470","{""sha256"":""eadd1aa416a4936f53ca5827f7405b5d1ad43d90bc97bf90dee8635c9f86fa14"",""bySideAndMethod"":{""baseline.orderUnits"":454,""baseline.placeBuilding"":5,""baseline.queueForProduction"":39,""baseline.setUnitDebugText"":30,""baseline.unqueueFromProduction"":2,""candidate.orderUnits"":1451,""candidate.pauseProduction"":1,""candidate.placeBuilding"":5,""candidate.queueForProduction"":35,""candidate.setUnitDebugText"":34,""candidate.toggleRepairWrench"":7,""candidate.unqueueFromProduction"":2}}",""
"0","separated_lanes_v2","8092","{""sha256"":""ceddaae786e43d5ed25fabe8866031bd783b2fc170827ece764212d86a678d8b"",""bySideAndMethod"":{""baseline.orderUnits"":481,""baseline.placeBuilding"":5,""baseline.queueForProduction"":40,""baseline.setUnitDebugText"":31,""baseline.unqueueFromProduction"":2,""candidate.orderUnits"":674,""candidate.pauseProduction"":1,""candidate.placeBuilding"":5,""candidate.queueForProduction"":35,""candidate.setUnitDebugText"":14,""candidate.toggleRepairWrench"":3,""candidate.unqueueFromProduction"":2}}","{""kind"":""unified-intent-d1-telemetry-v1"",""complete"":true,""updates"":8092,""budgetMode"":""separated_lanes_v2"",""commandCeiling"":115,""commandCeilingEnforced"":true,""rollingUpdates"":900,""referenceCommandCeiling"":115,""referenceExceededUpdates"":0,""budgetDenialUpdates"":2298,""budgetDeniedUnitIdOccurrences"":16093,""budgetDeniedDebugCalls"":21,""maxRollingCommandCalls"":115,""maxPendingUnitIds"":15,""maxForwardedChunkSize"":13,""counters"":{""gameplayNonorderCalls"":46,""productionBatches"":35,""proposedCalls"":1525,""proposedUnitIds"":8775,""forwardedOrderCalls"":674,""forwardedUnitIds"":3306,""sameUnitConflicts"":5403,""duplicateSuppressions"":30,""invalidUnitIds"":18,""invalidTargets"":18,""invalidTiles"":0,""supersededPending"":5349,""expiredPending"":0,""revokedPending"":0,""deferredUnitIds"":16093,""pendingUnitIds"":16093,""debugProposals"":35,""debugCoalesced"":0,""debugForwarded"":14,""debugDropped"":21},""telemetrySha256"":""cbd66c8cbe1309616ea79a43a5654d49f571290156fde2aec386276fd7188b86""}"
"0","separated_lanes_unbounded_d1","7470","{""sha256"":""5f483e99b66a22f4208d2440c720b0a6e1c13e28b4de575b2145b04245fd664c"",""bySideAndMethod"":{""baseline.orderUnits"":454,""baseline.placeBuilding"":5,""baseline.queueForProduction"":39,""baseline.setUnitDebugText"":30,""baseline.unqueueFromProduction"":2,""candidate.orderUnits"":1451,""candidate.pauseProduction"":1,""candidate.placeBuilding"":5,""candidate.queueForProduction"":35,""candidate.setUnitDebugText"":34,""candidate.toggleRepairWrench"":7,""candidate.unqueueFromProduction"":2}}","{""kind"":""unified-intent-d1-telemetry-v1"",""complete"":true,""updates"":7470,""budgetMode"":""separated_lanes_unbounded_d1"",""commandCeiling"":null,""commandCeilingEnforced"":false,""rollingUpdates"":900,""referenceCommandCeiling"":115,""referenceExceededUpdates"":4365,""budgetDenialUpdates"":0,""budgetDeniedUnitIdOccurrences"":0,""budgetDeniedDebugCalls"":0,""maxRollingCommandCalls"":355,""maxPendingUnitIds"":0,""maxForwardedChunkSize"":11,""counters"":{""gameplayNonorderCalls"":50,""productionBatches"":35,""proposedCalls"":1451,""proposedUnitIds"":6057,""forwardedOrderCalls"":1451,""forwardedUnitIds"":6057,""sameUnitConflicts"":0,""duplicateSuppressions"":0,""invalidUnitIds"":0,""invalidTargets"":0,""invalidTiles"":0,""supersededPending"":0,""expiredPending"":0,""revokedPending"":0,""deferredUnitIds"":0,""pendingUnitIds"":0,""debugProposals"":34,""debugCoalesced"":0,""debugForwarded"":34,""debugDropped"":0},""telemetrySha256"":""8db4d364b231fab07ec1dcb35599a3bac487b4fc549fccd270c4ce12046f8e02""}"
"1","disabled","7420","{""sha256"":""7a34bdd047c1e13645a48a04507b90d40abfbf57dc67c34334594a9da6fb9988"",""bySideAndMethod"":{""baseline.orderUnits"":452,""baseline.placeBuilding"":5,""baseline.queueForProduction"":35,""baseline.setUnitDebugText"":26,""baseline.unqueueFromProduction"":2,""candidate.orderUnits"":1441,""candidate.pauseProduction"":1,""candidate.placeBuilding"":5,""candidate.queueForProduction"":35,""candidate.setUnitDebugText"":34,""candidate.toggleRepairWrench"":5,""candidate.unqueueFromProduction"":2}}",""
"1","separated_lanes_v2","8164","{""sha256"":""d2759f483ddf1e1b9959447130f4bdd8cd4d1bb19a446e9c8b2cc4a8728f06fe"",""bySideAndMethod"":{""baseline.orderUnits"":460,""baseline.placeBuilding"":5,""baseline.queueForProduction"":36,""baseline.setUnitDebugText"":27,""baseline.unqueueFromProduction"":2,""candidate.orderUnits"":670,""candidate.pauseProduction"":1,""candidate.placeBuilding"":5,""candidate.queueForProduction"":35,""candidate.setUnitDebugText"":14,""candidate.toggleRepairWrench"":2,""candidate.unqueueFromProduction"":2}}","{""kind"":""unified-intent-d1-telemetry-v1"",""complete"":true,""updates"":8164,""budgetMode"":""separated_lanes_v2"",""commandCeiling"":115,""commandCeilingEnforced"":true,""rollingUpdates"":900,""referenceCommandCeiling"":115,""referenceExceededUpdates"":0,""budgetDenialUpdates"":2230,""budgetDeniedUnitIdOccurrences"":16025,""budgetDeniedDebugCalls"":21,""maxRollingCommandCalls"":115,""maxPendingUnitIds"":15,""maxForwardedChunkSize"":13,""counters"":{""gameplayNonorderCalls"":45,""productionBatches"":35,""proposedCalls"":1500,""proposedUnitIds"":8747,""forwardedOrderCalls"":670,""forwardedUnitIds"":3299,""sameUnitConflicts"":5381,""duplicateSuppressions"":31,""invalidUnitIds"":18,""invalidTargets"":18,""invalidTiles"":0,""supersededPending"":5326,""expiredPending"":0,""revokedPending"":0,""deferredUnitIds"":16025,""pendingUnitIds"":16025,""debugProposals"":35,""debugCoalesced"":0,""debugForwarded"":14,""debugDropped"":21},""telemetrySha256"":""b7a8b81e25fdcfad41dc20660c33c546296d1b384ad816b1b71b223f54f48ec5""}"
"1","separated_lanes_unbounded_d1","7420","{""sha256"":""eac5f290101b4d6bc07b385095227e747c125f7849f57f31ecd0294c79ee9d3a"",""bySideAndMethod"":{""baseline.orderUnits"":452,""baseline.placeBuilding"":5,""baseline.queueForProduction"":35,""baseline.setUnitDebugText"":26,""baseline.unqueueFromProduction"":2,""candidate.orderUnits"":1441,""candidate.pauseProduction"":1,""candidate.placeBuilding"":5,""candidate.queueForProduction"":35,""candidate.setUnitDebugText"":34,""candidate.toggleRepairWrench"":5,""candidate.unqueueFromProduction"":2}}","{""kind"":""unified-intent-d1-telemetry-v1"",""complete"":true,""updates"":7420,""budgetMode"":""separated_lanes_unbounded_d1"",""commandCeiling"":null,""commandCeilingEnforced"":false,""rollingUpdates"":900,""referenceCommandCeiling"":115,""referenceExceededUpdates"":4329,""budgetDenialUpdates"":0,""budgetDeniedUnitIdOccurrences"":0,""budgetDeniedDebugCalls"":0,""maxRollingCommandCalls"":355,""maxPendingUnitIds"":0,""maxForwardedChunkSize"":11,""counters"":{""gameplayNonorderCalls"":48,""productionBatches"":35,""proposedCalls"":1441,""proposedUnitIds"":6044,""forwardedOrderCalls"":1441,""forwardedUnitIds"":6044,""sameUnitConflicts"":0,""duplicateSuppressions"":0,""invalidUnitIds"":0,""invalidTargets"":0,""invalidTiles"":0,""supersededPending"":0,""expiredPending"":0,""revokedPending"":0,""deferredUnitIds"":0,""pendingUnitIds"":0,""debugProposals"":34,""debugCoalesced"":0,""debugForwarded"":34,""debugDropped"":0},""telemetrySha256"":""3b6bee22a6eefc1687bac673306ddda00ef470fa0806d78141322929a21570e2""}"
"2","disabled","24000","{""sha256"":""b5ae20a3e7aeace7d91462db77285c48b1c43578150f93268513c1d916e6ffd6"",""bySideAndMethod"":{""baseline.orderUnits"":695,""baseline.placeBuilding"":14,""baseline.queueForProduction"":114,""baseline.setUnitDebugText"":82,""baseline.toggleRepairWrench"":7,""baseline.unqueueFromProduction"":55,""candidate.orderUnits"":6453,""candidate.pauseProduction"":12,""candidate.placeBuilding"":5,""candidate.queueForProduction"":91,""candidate.resumeProduction"":12,""candidate.sellObject"":5,""candidate.setUnitDebugText"":248,""candidate.unqueueFromProduction"":13}}",""
"2","separated_lanes_v2","24000","{""sha256"":""181b939654c42b96b72fdee9809c78813262078a36801d7697ed39ddb946af1c"",""bySideAndMethod"":{""baseline.orderUnits"":600,""baseline.placeBuilding"":15,""baseline.queueForProduction"":115,""baseline.setUnitDebugText"":80,""baseline.toggleRepairWrench"":20,""baseline.unqueueFromProduction"":49,""candidate.orderUnits"":2449,""candidate.pauseProduction"":5,""candidate.placeBuilding"":5,""candidate.queueForProduction"":88,""candidate.resumeProduction"":5,""candidate.sellObject"":5,""candidate.setUnitDebugText"":32,""candidate.unqueueFromProduction"":13}}","{""kind"":""unified-intent-d1-telemetry-v1"",""complete"":true,""updates"":24000,""budgetMode"":""separated_lanes_v2"",""commandCeiling"":115,""commandCeilingEnforced"":true,""rollingUpdates"":900,""referenceCommandCeiling"":115,""referenceExceededUpdates"":0,""budgetDenialUpdates"":7230,""budgetDeniedUnitIdOccurrences"":119206,""budgetDeniedDebugCalls"":143,""maxRollingCommandCalls"":115,""maxPendingUnitIds"":32,""maxForwardedChunkSize"":32,""counters"":{""gameplayNonorderCalls"":121,""productionBatches"":106,""proposedCalls"":6089,""proposedUnitIds"":77584,""forwardedOrderCalls"":2449,""forwardedUnitIds"":30600,""sameUnitConflicts"":32388,""duplicateSuppressions"":8869,""invalidUnitIds"":42,""invalidTargets"":315,""invalidTiles"":0,""supersededPending"":31326,""expiredPending"":0,""revokedPending"":5370,""deferredUnitIds"":119206,""pendingUnitIds"":119206,""debugProposals"":175,""debugCoalesced"":0,""debugForwarded"":32,""debugDropped"":143},""telemetrySha256"":""ac158c2e2a2c9e2ff79a899274c3e667e1a6f7c419ab2137915399b11251d786""}"
"2","separated_lanes_unbounded_d1","24000","{""sha256"":""b82de38aafb03fbeb05b19782b4c52217a7b5351e547b01f10b60b70a55b3a32"",""bySideAndMethod"":{""baseline.orderUnits"":690,""baseline.placeBuilding"":14,""baseline.queueForProduction"":103,""baseline.setUnitDebugText"":74,""baseline.toggleRepairWrench"":6,""baseline.unqueueFromProduction"":45,""candidate.orderUnits"":5873,""candidate.pauseProduction"":12,""candidate.placeBuilding"":5,""candidate.queueForProduction"":93,""candidate.resumeProduction"":12,""candidate.sellObject"":5,""candidate.setUnitDebugText"":248,""candidate.unqueueFromProduction"":15}}","{""kind"":""unified-intent-d1-telemetry-v1"",""complete"":true,""updates"":24000,""budgetMode"":""separated_lanes_unbounded_d1"",""commandCeiling"":null,""commandCeilingEnforced"":false,""rollingUpdates"":900,""referenceCommandCeiling"":115,""referenceExceededUpdates"":15133,""budgetDenialUpdates"":0,""budgetDeniedUnitIdOccurrences"":0,""budgetDeniedDebugCalls"":0,""maxRollingCommandCalls"":453,""maxPendingUnitIds"":0,""maxForwardedChunkSize"":32,""counters"":{""gameplayNonorderCalls"":142,""productionBatches"":126,""proposedCalls"":6111,""proposedUnitIds"":95856,""forwardedOrderCalls"":5873,""forwardedUnitIds"":95620,""sameUnitConflicts"":233,""duplicateSuppressions"":3,""invalidUnitIds"":0,""invalidTargets"":0,""invalidTiles"":0,""supersededPending"":0,""expiredPending"":0,""revokedPending"":0,""deferredUnitIds"":0,""pendingUnitIds"":0,""debugProposals"":248,""debugCoalesced"":0,""debugForwarded"":248,""debugDropped"":0},""telemetrySha256"":""98a03daac0f8e08476bf13fe49c71ede698900e01a9c6f8654cbc1c7a9b41e86""}"
"3","disabled","24000","{""sha256"":""9b303a66b7717b34288245ce921126441ada8dbd45686f6afc4cda355bac9dae"",""bySideAndMethod"":{""baseline.orderUnits"":660,""baseline.placeBuilding"":12,""baseline.queueForProduction"":127,""baseline.setUnitDebugText"":99,""baseline.toggleRepairWrench"":14,""baseline.unqueueFromProduction"":53,""candidate.orderUnits"":6438,""candidate.pauseProduction"":8,""candidate.placeBuilding"":5,""candidate.queueForProduction"":89,""candidate.resumeProduction"":8,""candidate.sellObject"":5,""candidate.setUnitDebugText"":192,""candidate.unqueueFromProduction"":13}}",""
"3","separated_lanes_v2","24000","{""sha256"":""fc0d04d9c45169c332662410f686bff01c1db0c5fb45d13af3b67c57bb043704"",""bySideAndMethod"":{""baseline.orderUnits"":717,""baseline.placeBuilding"":15,""baseline.queueForProduction"":116,""baseline.setUnitDebugText"":100,""baseline.toggleRepairWrench"":22,""baseline.unqueueFromProduction"":33,""candidate.orderUnits"":2481,""candidate.pauseProduction"":4,""candidate.placeBuilding"":5,""candidate.queueForProduction"":92,""candidate.resumeProduction"":4,""candidate.sellObject"":5,""candidate.setUnitDebugText"":47,""candidate.unqueueFromProduction"":16}}","{""kind"":""unified-intent-d1-telemetry-v1"",""complete"":true,""updates"":24000,""budgetMode"":""separated_lanes_v2"",""commandCeiling"":115,""commandCeilingEnforced"":true,""rollingUpdates"":900,""referenceCommandCeiling"":115,""referenceExceededUpdates"":0,""budgetDenialUpdates"":8049,""budgetDeniedUnitIdOccurrences"":150627,""budgetDeniedDebugCalls"":134,""maxRollingCommandCalls"":115,""maxPendingUnitIds"":34,""maxForwardedChunkSize"":34,""counters"":{""gameplayNonorderCalls"":126,""productionBatches"":111,""proposedCalls"":6469,""proposedUnitIds"":88651,""forwardedOrderCalls"":2481,""forwardedUnitIds"":33011,""sameUnitConflicts"":44262,""duplicateSuppressions"":8559,""invalidUnitIds"":41,""invalidTargets"":642,""invalidTiles"":0,""supersededPending"":43138,""expiredPending"":0,""revokedPending"":2135,""deferredUnitIds"":150627,""pendingUnitIds"":150627,""debugProposals"":181,""debugCoalesced"":0,""debugForwarded"":47,""debugDropped"":134},""telemetrySha256"":""8d0f697232e19d5b37eae6896d98c1399273c842e1f4a81d46aebe4206e91d1b""}"
"3","separated_lanes_unbounded_d1","24000","{""sha256"":""b479eebaa5f8aff92a9e41f04ddcd1b5d3e91b3019f9ad585280228c67502b1d"",""bySideAndMethod"":{""baseline.orderUnits"":749,""baseline.placeBuilding"":12,""baseline.queueForProduction"":127,""baseline.setUnitDebugText"":128,""baseline.toggleRepairWrench"":6,""baseline.unqueueFromProduction"":45,""candidate.orderUnits"":6449,""candidate.pauseProduction"":8,""candidate.placeBuilding"":5,""candidate.queueForProduction"":91,""candidate.resumeProduction"":8,""candidate.sellObject"":5,""candidate.setUnitDebugText"":196,""candidate.unqueueFromProduction"":13}}","{""kind"":""unified-intent-d1-telemetry-v1"",""complete"":true,""updates"":24000,""budgetMode"":""separated_lanes_unbounded_d1"",""commandCeiling"":null,""commandCeilingEnforced"":false,""rollingUpdates"":900,""referenceCommandCeiling"":115,""referenceExceededUpdates"":18965,""budgetDenialUpdates"":0,""budgetDeniedUnitIdOccurrences"":0,""budgetDeniedDebugCalls"":0,""maxRollingCommandCalls"":453,""maxPendingUnitIds"":0,""maxForwardedChunkSize"":34,""counters"":{""gameplayNonorderCalls"":130,""productionBatches"":114,""proposedCalls"":6796,""proposedUnitIds"":99415,""forwardedOrderCalls"":6449,""forwardedUnitIds"":99071,""sameUnitConflicts"":341,""duplicateSuppressions"":3,""invalidUnitIds"":0,""invalidTargets"":0,""invalidTiles"":0,""supersededPending"":0,""expiredPending"":0,""revokedPending"":0,""deferredUnitIds"":0,""pendingUnitIds"":0,""debugProposals"":196,""debugCoalesced"":0,""debugForwarded"":196,""debugDropped"":0},""telemetrySha256"":""113e21deb19eac29d46d6b0b9a779753a0cc4e20ab6fe9728618cac0863921a1""}"
"4","disabled","9538","{""sha256"":""90cb6cf38b0ccb6484ced1c7532d26980c9f486388b4d157992570711943870e"",""bySideAndMethod"":{""baseline.orderUnits"":103,""baseline.placeBuilding"":7,""baseline.queueForProduction"":52,""baseline.quitGame"":36,""baseline.setUnitDebugText"":43,""baseline.toggleRepairWrench"":13,""baseline.unqueueFromProduction"":24,""candidate.orderUnits"":1856,""candidate.pauseProduction"":9,""candidate.placeBuilding"":7,""candidate.queueForProduction"":53,""candidate.resumeProduction"":7,""candidate.setUnitDebugText"":116,""candidate.unqueueFromProduction"":8}}",""
"4","separated_lanes_v2","15160","{""sha256"":""e388578fcb2ce6c6eaf1f82bea2ccfa38aa511e1f55483bdfaf27ef62e1eea35"",""bySideAndMethod"":{""baseline.orderUnits"":136,""baseline.placeBuilding"":9,""baseline.queueForProduction"":55,""baseline.quitGame"":15,""baseline.setUnitDebugText"":49,""baseline.toggleRepairWrench"":17,""baseline.unqueueFromProduction"":16,""candidate.activateSuperWeapon"":1,""candidate.orderUnits"":1450,""candidate.pauseProduction"":13,""candidate.placeBuilding"":10,""candidate.queueForProduction"":62,""candidate.resumeProduction"":12,""candidate.setUnitDebugText"":127,""candidate.unqueueFromProduction"":8}}","{""kind"":""unified-intent-d1-telemetry-v1"",""complete"":true,""updates"":15160,""budgetMode"":""separated_lanes_v2"",""commandCeiling"":115,""commandCeilingEnforced"":true,""rollingUpdates"":900,""referenceCommandCeiling"":115,""referenceExceededUpdates"":0,""budgetDenialUpdates"":3282,""budgetDeniedUnitIdOccurrences"":27994,""budgetDeniedDebugCalls"":48,""maxRollingCommandCalls"":115,""maxPendingUnitIds"":20,""maxForwardedChunkSize"":23,""counters"":{""gameplayNonorderCalls"":106,""productionBatches"":87,""proposedCalls"":2764,""proposedUnitIds"":15011,""forwardedOrderCalls"":1450,""forwardedUnitIds"":6348,""sameUnitConflicts"":8255,""duplicateSuppressions"":203,""invalidUnitIds"":5,""invalidTargets"":200,""invalidTiles"":0,""supersededPending"":7803,""expiredPending"":0,""revokedPending"":0,""deferredUnitIds"":27994,""pendingUnitIds"":27994,""debugProposals"":175,""debugCoalesced"":0,""debugForwarded"":127,""debugDropped"":48},""telemetrySha256"":""31b3b81026d65b95ee38c879728b15e204f31bae6056a2e6003a7ed9b872184a""}"
"4","separated_lanes_unbounded_d1","13165","{""sha256"":""cccb9d233eef659ab821cf021d8ddfe7cad82cfb9130b5867b29d2dedd42be4d"",""bySideAndMethod"":{""baseline.orderUnits"":103,""baseline.placeBuilding"":9,""baseline.queueForProduction"":60,""baseline.quitGame"":213,""baseline.setUnitDebugText"":42,""baseline.toggleRepairWrench"":29,""baseline.unqueueFromProduction"":22,""candidate.activateSuperWeapon"":1,""candidate.orderUnits"":2588,""candidate.pauseProduction"":12,""candidate.placeBuilding"":8,""candidate.queueForProduction"":59,""candidate.resumeProduction"":10,""candidate.setUnitDebugText"":181,""candidate.unqueueFromProduction"":8}}","{""kind"":""unified-intent-d1-telemetry-v1"",""complete"":true,""updates"":13165,""budgetMode"":""separated_lanes_unbounded_d1"",""commandCeiling"":null,""commandCeilingEnforced"":false,""rollingUpdates"":900,""referenceCommandCeiling"":115,""referenceExceededUpdates"":9272,""budgetDenialUpdates"":0,""budgetDeniedUnitIdOccurrences"":0,""budgetDeniedDebugCalls"":0,""maxRollingCommandCalls"":562,""maxPendingUnitIds"":0,""maxForwardedChunkSize"":27,""counters"":{""gameplayNonorderCalls"":98,""productionBatches"":81,""proposedCalls"":2741,""proposedUnitIds"":21928,""forwardedOrderCalls"":2588,""forwardedUnitIds"":21797,""sameUnitConflicts"":109,""duplicateSuppressions"":22,""invalidUnitIds"":0,""invalidTargets"":0,""invalidTiles"":0,""supersededPending"":0,""expiredPending"":0,""revokedPending"":0,""deferredUnitIds"":0,""pendingUnitIds"":0,""debugProposals"":181,""debugCoalesced"":0,""debugForwarded"":181,""debugDropped"":0},""telemetrySha256"":""71b9988004874523830cc416f1d748f1c3d2c01cc0fcc12d6042b46c5421a5b2""}"
"5","disabled","9706","{""sha256"":""4d32b576c467b324e7dd551f2474f79676dd3bd065589cf9c7f97f967697cfb9"",""bySideAndMethod"":{""baseline.orderUnits"":102,""baseline.placeBuilding"":7,""baseline.queueForProduction"":49,""baseline.quitGame"":30,""baseline.setUnitDebugText"":49,""baseline.toggleRepairWrench"":14,""baseline.unqueueFromProduction"":19,""candidate.orderUnits"":2070,""candidate.pauseProduction"":8,""candidate.placeBuilding"":7,""candidate.queueForProduction"":51,""candidate.resumeProduction"":7,""candidate.setUnitDebugText"":285,""candidate.unqueueFromProduction"":7}}",""
"5","separated_lanes_v2","14459","{""sha256"":""756f5207e2326adb4b137babd9b71356ff84ec1aa35e4aad67f08866ef547384"",""bySideAndMethod"":{""baseline.orderUnits"":139,""baseline.placeBuilding"":7,""baseline.queueForProduction"":49,""baseline.quitGame"":14,""baseline.setUnitDebugText"":49,""baseline.toggleRepairWrench"":10,""baseline.unqueueFromProduction"":17,""candidate.activateSuperWeapon"":1,""candidate.orderUnits"":1386,""candidate.pauseProduction"":13,""candidate.placeBuilding"":8,""candidate.queueForProduction"":64,""candidate.resumeProduction"":11,""candidate.setUnitDebugText"":108,""candidate.unqueueFromProduction"":11}}","{""kind"":""unified-intent-d1-telemetry-v1"",""complete"":true,""updates"":14459,""budgetMode"":""separated_lanes_v2"",""commandCeiling"":115,""commandCeilingEnforced"":true,""rollingUpdates"":900,""referenceCommandCeiling"":115,""referenceExceededUpdates"":0,""budgetDenialUpdates"":3134,""budgetDeniedUnitIdOccurrences"":28184,""budgetDeniedDebugCalls"":40,""maxRollingCommandCalls"":115,""maxPendingUnitIds"":23,""maxForwardedChunkSize"":23,""counters"":{""gameplayNonorderCalls"":108,""productionBatches"":91,""proposedCalls"":2793,""proposedUnitIds"":16663,""forwardedOrderCalls"":1386,""forwardedUnitIds"":6684,""sameUnitConflicts"":9403,""duplicateSuppressions"":338,""invalidUnitIds"":6,""invalidTargets"":211,""invalidTiles"":0,""supersededPending"":8959,""expiredPending"":0,""revokedPending"":21,""deferredUnitIds"":28184,""pendingUnitIds"":28184,""debugProposals"":148,""debugCoalesced"":0,""debugForwarded"":108,""debugDropped"":40},""telemetrySha256"":""77b43279fd607eac039e1067c4896efb48135224f15945530d51d6e3c4f10500""}"
"5","separated_lanes_unbounded_d1","24000","{""sha256"":""54318ad7108bb3455f8249d4401b579ed212409801887a74b0e882cefa0a43ba"",""bySideAndMethod"":{""baseline.orderUnits"":143,""baseline.placeBuilding"":7,""baseline.queueForProduction"":58,""baseline.quitGame"":231,""baseline.setUnitDebugText"":64,""baseline.toggleRepairWrench"":20,""baseline.unqueueFromProduction"":26,""candidate.activateSuperWeapon"":4,""candidate.orderUnits"":4576,""candidate.pauseProduction"":34,""candidate.placeBuilding"":17,""candidate.queueForProduction"":114,""candidate.resumeProduction"":34,""candidate.setUnitDebugText"":436,""candidate.unqueueFromProduction"":18}}","{""kind"":""unified-intent-d1-telemetry-v1"",""complete"":true,""updates"":24000,""budgetMode"":""separated_lanes_unbounded_d1"",""commandCeiling"":null,""commandCeilingEnforced"":false,""rollingUpdates"":900,""referenceCommandCeiling"":115,""referenceExceededUpdates"":14193,""budgetDenialUpdates"":0,""budgetDeniedUnitIdOccurrences"":0,""budgetDeniedDebugCalls"":0,""maxRollingCommandCalls"":440,""maxPendingUnitIds"":0,""maxForwardedChunkSize"":29,""counters"":{""gameplayNonorderCalls"":221,""productionBatches"":177,""proposedCalls"":5206,""proposedUnitIds"":28325,""forwardedOrderCalls"":4576,""forwardedUnitIds"":27722,""sameUnitConflicts"":583,""duplicateSuppressions"":20,""invalidUnitIds"":0,""invalidTargets"":0,""invalidTiles"":0,""supersededPending"":0,""expiredPending"":0,""revokedPending"":0,""deferredUnitIds"":0,""pendingUnitIds"":0,""debugProposals"":436,""debugCoalesced"":0,""debugForwarded"":436,""debugDropped"":0},""telemetrySha256"":""227615a99ec8567eb6688ccb88ee14de46e2a41f3029a69e3c06d716ddc1b423""}"
"6","disabled","10903","{""sha256"":""0d1827c1621523a5ca4e2d5212a2a1075918e01345b9bee173fbf6c9eb696674"",""bySideAndMethod"":{""baseline.orderUnits"":212,""baseline.placeBuilding"":7,""baseline.queueForProduction"":72,""baseline.quitGame"":26,""baseline.setUnitDebugText"":142,""baseline.toggleRepairWrench"":18,""baseline.unqueueFromProduction"":24,""candidate.orderUnits"":2587,""candidate.pauseProduction"":18,""candidate.placeBuilding"":7,""candidate.queueForProduction"":87,""candidate.resumeProduction"":17,""candidate.setUnitDebugText"":172,""candidate.unqueueFromProduction"":21}}",""
"6","separated_lanes_v2","24000","{""sha256"":""afc25ae37b890c67179d7827b955c0b3924c54bdfca2edd23d1ff96d36ad0b32"",""bySideAndMethod"":{""baseline.orderUnits"":490,""baseline.placeBuilding"":10,""baseline.queueForProduction"":76,""baseline.setUnitDebugText"":89,""baseline.toggleRepairWrench"":17,""baseline.unqueueFromProduction"":17,""candidate.orderUnits"":2610,""candidate.pauseProduction"":61,""candidate.placeBuilding"":7,""candidate.queueForProduction"":176,""candidate.resumeProduction"":60,""candidate.setUnitDebugText"":129,""candidate.unqueueFromProduction"":54}}","{""kind"":""unified-intent-d1-telemetry-v1"",""complete"":true,""updates"":24000,""budgetMode"":""separated_lanes_v2"",""commandCeiling"":115,""commandCeilingEnforced"":true,""rollingUpdates"":900,""referenceCommandCeiling"":115,""referenceExceededUpdates"":0,""budgetDenialUpdates"":8090,""budgetDeniedUnitIdOccurrences"":79063,""budgetDeniedDebugCalls"":299,""maxRollingCommandCalls"":115,""maxPendingUnitIds"":19,""maxForwardedChunkSize"":20,""counters"":{""gameplayNonorderCalls"":358,""productionBatches"":295,""proposedCalls"":6781,""proposedUnitIds"":47414,""forwardedOrderCalls"":2610,""forwardedUnitIds"":16397,""sameUnitConflicts"":21626,""duplicateSuppressions"":4516,""invalidUnitIds"":40,""invalidTargets"":251,""invalidTiles"":0,""supersededPending"":20381,""expiredPending"":1,""revokedPending"":4583,""deferredUnitIds"":79063,""pendingUnitIds"":79063,""debugProposals"":428,""debugCoalesced"":0,""debugForwarded"":129,""debugDropped"":299},""telemetrySha256"":""f787d1b6ee77f7dcfebdb3d7487e9fbb72b2b9dea3317d264c3bc3a63a69588a""}"
"6","separated_lanes_unbounded_d1","10903","{""sha256"":""9071804912ba7f093a6cc749461b4ae6957fc370dd72331ed581274acd6d23ef"",""bySideAndMethod"":{""baseline.orderUnits"":212,""baseline.placeBuilding"":7,""baseline.queueForProduction"":72,""baseline.quitGame"":26,""baseline.setUnitDebugText"":142,""baseline.toggleRepairWrench"":18,""baseline.unqueueFromProduction"":24,""candidate.orderUnits"":2286,""candidate.pauseProduction"":18,""candidate.placeBuilding"":7,""candidate.queueForProduction"":87,""candidate.resumeProduction"":17,""candidate.setUnitDebugText"":172,""candidate.unqueueFromProduction"":21}}","{""kind"":""unified-intent-d1-telemetry-v1"",""complete"":true,""updates"":10903,""budgetMode"":""separated_lanes_unbounded_d1"",""commandCeiling"":null,""commandCeilingEnforced"":false,""rollingUpdates"":900,""referenceCommandCeiling"":115,""referenceExceededUpdates"":8531,""budgetDenialUpdates"":0,""budgetDeniedUnitIdOccurrences"":0,""budgetDeniedDebugCalls"":0,""maxRollingCommandCalls"":316,""maxPendingUnitIds"":0,""maxForwardedChunkSize"":28,""counters"":{""gameplayNonorderCalls"":150,""productionBatches"":124,""proposedCalls"":2587,""proposedUnitIds"":31027,""forwardedOrderCalls"":2286,""forwardedUnitIds"":30152,""sameUnitConflicts"":872,""duplicateSuppressions"":3,""invalidUnitIds"":0,""invalidTargets"":0,""invalidTiles"":0,""supersededPending"":0,""expiredPending"":0,""revokedPending"":0,""deferredUnitIds"":0,""pendingUnitIds"":0,""debugProposals"":172,""debugCoalesced"":0,""debugForwarded"":172,""debugDropped"":0},""telemetrySha256"":""bcdbbac148ff80249c0cb9c7578d6dafeb8cb3b8317c2120b361366b29c5e5d6""}"
"7","disabled","9586","{""sha256"":""0e5c910e534f497bc6f39734ba4312307159da9c7f489238f8c09b2a5d871920"",""bySideAndMethod"":{""baseline.orderUnits"":202,""baseline.placeBuilding"":6,""baseline.queueForProduction"":66,""baseline.quitGame"":34,""baseline.setUnitDebugText"":144,""baseline.toggleRepairWrench"":13,""baseline.unqueueFromProduction"":17,""candidate.orderUnits"":2501,""candidate.pauseProduction"":14,""candidate.placeBuilding"":7,""candidate.queueForProduction"":80,""candidate.resumeProduction"":14,""candidate.setUnitDebugText"":192,""candidate.unqueueFromProduction"":16}}",""
"7","separated_lanes_v2","24000","{""sha256"":""58f5414155a5b31ea8e98cfcf4f09257b439903c414fc6c4293ecae0f9a7188c"",""bySideAndMethod"":{""baseline.orderUnits"":852,""baseline.placeBuilding"":6,""baseline.queueForProduction"":98,""baseline.setUnitDebugText"":311,""baseline.toggleRepairWrench"":7,""baseline.unqueueFromProduction"":4,""candidate.orderUnits"":2533,""candidate.pauseProduction"":63,""candidate.placeBuilding"":8,""candidate.queueForProduction"":147,""candidate.resumeProduction"":60,""candidate.setUnitDebugText"":80,""candidate.toggleRepairWrench"":1,""candidate.unqueueFromProduction"":46}}","{""kind"":""unified-intent-d1-telemetry-v1"",""complete"":true,""updates"":24000,""budgetMode"":""separated_lanes_v2"",""commandCeiling"":115,""commandCeilingEnforced"":true,""rollingUpdates"":900,""referenceCommandCeiling"":115,""referenceExceededUpdates"":0,""budgetDenialUpdates"":10610,""budgetDeniedUnitIdOccurrences"":100589,""budgetDeniedDebugCalls"":337,""maxRollingCommandCalls"":115,""maxPendingUnitIds"":25,""maxForwardedChunkSize"":26,""counters"":{""gameplayNonorderCalls"":325,""productionBatches"":255,""proposedCalls"":7328,""proposedUnitIds"":54118,""forwardedOrderCalls"":2533,""forwardedUnitIds"":19077,""sameUnitConflicts"":32294,""duplicateSuppressions"":2406,""invalidUnitIds"":54,""invalidTargets"":287,""invalidTiles"":0,""supersededPending"":30601,""expiredPending"":0,""revokedPending"":0,""deferredUnitIds"":100589,""pendingUnitIds"":100589,""debugProposals"":417,""debugCoalesced"":0,""debugForwarded"":80,""debugDropped"":337},""telemetrySha256"":""7f7928953851c3b1b7520ef7ebb6cc16d7b06b22d6e17a1ad3af850485f0d53b""}"
"7","separated_lanes_unbounded_d1","9586","{""sha256"":""749411b71cc91ea66144295198ad27387bfec924a1b9544b6b5de35b7311f148"",""bySideAndMethod"":{""baseline.orderUnits"":202,""baseline.placeBuilding"":6,""baseline.queueForProduction"":66,""baseline.quitGame"":34,""baseline.setUnitDebugText"":144,""baseline.toggleRepairWrench"":13,""baseline.unqueueFromProduction"":17,""candidate.orderUnits"":2068,""candidate.pauseProduction"":14,""candidate.placeBuilding"":7,""candidate.queueForProduction"":80,""candidate.resumeProduction"":14,""candidate.setUnitDebugText"":192,""candidate.unqueueFromProduction"":16}}","{""kind"":""unified-intent-d1-telemetry-v1"",""complete"":true,""updates"":9586,""budgetMode"":""separated_lanes_unbounded_d1"",""commandCeiling"":null,""commandCeilingEnforced"":false,""rollingUpdates"":900,""referenceCommandCeiling"":115,""referenceExceededUpdates"":8251,""budgetDenialUpdates"":0,""budgetDeniedUnitIdOccurrences"":0,""budgetDeniedDebugCalls"":0,""maxRollingCommandCalls"":316,""maxPendingUnitIds"":0,""maxForwardedChunkSize"":31,""counters"":{""gameplayNonorderCalls"":131,""productionBatches"":108,""proposedCalls"":2501,""proposedUnitIds"":30757,""forwardedOrderCalls"":2068,""forwardedUnitIds"":29789,""sameUnitConflicts"":965,""duplicateSuppressions"":3,""invalidUnitIds"":0,""invalidTargets"":0,""invalidTiles"":0,""supersededPending"":0,""expiredPending"":0,""revokedPending"":0,""deferredUnitIds"":0,""pendingUnitIds"":0,""debugProposals"":192,""debugCoalesced"":0,""debugForwarded"":192,""debugDropped"":0},""telemetrySha256"":""f51162e2f70fc85af678c4af83a07b80dbbc225ec02b72d7d9d6ab48d7c77274""}"
"8","disabled","24000","{""sha256"":""7dd73453378136399333f26a8c9dd950662d26846f918569c14b88754cd51f48"",""bySideAndMethod"":{""baseline.orderUnits"":975,""baseline.placeBuilding"":6,""baseline.queueForProduction"":105,""baseline.setUnitDebugText"":194,""baseline.toggleRepairWrench"":4,""baseline.unqueueFromProduction"":58,""candidate.activateSuperWeapon"":3,""candidate.orderUnits"":468,""candidate.pauseProduction"":20,""candidate.placeBuilding"":11,""candidate.queueForProduction"":75,""candidate.resumeProduction"":19,""candidate.setUnitDebugText"":133,""candidate.unqueueFromProduction"":39}}",""
"8","separated_lanes_v2","24000","{""sha256"":""7263812b1a4dc8f4814055e9dd0cd711153445d1de65aa6325de23d2c1c367fa"",""bySideAndMethod"":{""baseline.orderUnits"":978,""baseline.placeBuilding"":6,""baseline.queueForProduction"":105,""baseline.setUnitDebugText"":194,""baseline.toggleRepairWrench"":4,""baseline.unqueueFromProduction"":58,""candidate.activateSuperWeapon"":3,""candidate.orderUnits"":458,""candidate.pauseProduction"":20,""candidate.placeBuilding"":11,""candidate.queueForProduction"":75,""candidate.resumeProduction"":19,""candidate.setUnitDebugText"":133,""candidate.unqueueFromProduction"":39}}","{""kind"":""unified-intent-d1-telemetry-v1"",""complete"":true,""updates"":24000,""budgetMode"":""separated_lanes_v2"",""commandCeiling"":115,""commandCeilingEnforced"":true,""rollingUpdates"":900,""referenceCommandCeiling"":115,""referenceExceededUpdates"":0,""budgetDenialUpdates"":0,""budgetDeniedUnitIdOccurrences"":0,""budgetDeniedDebugCalls"":0,""maxRollingCommandCalls"":84,""maxPendingUnitIds"":0,""maxForwardedChunkSize"":7,""counters"":{""gameplayNonorderCalls"":167,""productionBatches"":148,""proposedCalls"":459,""proposedUnitIds"":981,""forwardedOrderCalls"":458,""forwardedUnitIds"":980,""sameUnitConflicts"":0,""duplicateSuppressions"":1,""invalidUnitIds"":0,""invalidTargets"":0,""invalidTiles"":0,""supersededPending"":0,""expiredPending"":0,""revokedPending"":0,""deferredUnitIds"":0,""pendingUnitIds"":0,""debugProposals"":133,""debugCoalesced"":0,""debugForwarded"":133,""debugDropped"":0},""telemetrySha256"":""61c4865bc5e15b62f9617367b618a582550f6a578f165f6a61858f91de3d14b3""}"
"8","separated_lanes_unbounded_d1","24000","{""sha256"":""7263812b1a4dc8f4814055e9dd0cd711153445d1de65aa6325de23d2c1c367fa"",""bySideAndMethod"":{""baseline.orderUnits"":978,""baseline.placeBuilding"":6,""baseline.queueForProduction"":105,""baseline.setUnitDebugText"":194,""baseline.toggleRepairWrench"":4,""baseline.unqueueFromProduction"":58,""candidate.activateSuperWeapon"":3,""candidate.orderUnits"":458,""candidate.pauseProduction"":20,""candidate.placeBuilding"":11,""candidate.queueForProduction"":75,""candidate.resumeProduction"":19,""candidate.setUnitDebugText"":133,""candidate.unqueueFromProduction"":39}}","{""kind"":""unified-intent-d1-telemetry-v1"",""complete"":true,""updates"":24000,""budgetMode"":""separated_lanes_unbounded_d1"",""commandCeiling"":null,""commandCeilingEnforced"":false,""rollingUpdates"":900,""referenceCommandCeiling"":115,""referenceExceededUpdates"":0,""budgetDenialUpdates"":0,""budgetDeniedUnitIdOccurrences"":0,""budgetDeniedDebugCalls"":0,""maxRollingCommandCalls"":84,""maxPendingUnitIds"":0,""maxForwardedChunkSize"":7,""counters"":{""gameplayNonorderCalls"":167,""productionBatches"":148,""proposedCalls"":459,""proposedUnitIds"":981,""forwardedOrderCalls"":458,""forwardedUnitIds"":980,""sameUnitConflicts"":0,""duplicateSuppressions"":1,""invalidUnitIds"":0,""invalidTargets"":0,""invalidTiles"":0,""supersededPending"":0,""expiredPending"":0,""revokedPending"":0,""deferredUnitIds"":0,""pendingUnitIds"":0,""debugProposals"":133,""debugCoalesced"":0,""debugForwarded"":133,""debugDropped"":0},""telemetrySha256"":""f927cb78afd91618ea3da3c3ced0c75b07f1e3edf552aed2daa46350724099bc""}"
"9","disabled","24000","{""sha256"":""70972a71b2f301ac9e182341d48785973312162b187dae1c616431922bb9b7c4"",""bySideAndMethod"":{""baseline.orderUnits"":1071,""baseline.placeBuilding"":6,""baseline.queueForProduction"":120,""baseline.setUnitDebugText"":293,""baseline.unqueueFromProduction"":51,""candidate.activateSuperWeapon"":2,""candidate.orderUnits"":267,""candidate.pauseProduction"":19,""candidate.placeBuilding"":13,""candidate.queueForProduction"":51,""candidate.resumeProduction"":18,""candidate.setUnitDebugText"":63,""candidate.toggleRepairWrench"":9,""candidate.unqueueFromProduction"":20}}",""
"9","separated_lanes_v2","24000","{""sha256"":""3ec7da68ebaeaad8d5ae7e3f784608037e2f4689276a02b4c81628b521e8e9fc"",""bySideAndMethod"":{""baseline.orderUnits"":1071,""baseline.placeBuilding"":6,""baseline.queueForProduction"":120,""baseline.setUnitDebugText"":293,""baseline.unqueueFromProduction"":51,""candidate.activateSuperWeapon"":2,""candidate.orderUnits"":267,""candidate.pauseProduction"":19,""candidate.placeBuilding"":13,""candidate.queueForProduction"":51,""candidate.resumeProduction"":18,""candidate.setUnitDebugText"":63,""candidate.toggleRepairWrench"":9,""candidate.unqueueFromProduction"":20}}","{""kind"":""unified-intent-d1-telemetry-v1"",""complete"":true,""updates"":24000,""budgetMode"":""separated_lanes_v2"",""commandCeiling"":115,""commandCeilingEnforced"":true,""rollingUpdates"":900,""referenceCommandCeiling"":115,""referenceExceededUpdates"":0,""budgetDenialUpdates"":0,""budgetDeniedUnitIdOccurrences"":0,""budgetDeniedDebugCalls"":0,""maxRollingCommandCalls"":84,""maxPendingUnitIds"":0,""maxForwardedChunkSize"":7,""counters"":{""gameplayNonorderCalls"":132,""productionBatches"":98,""proposedCalls"":267,""proposedUnitIds"":412,""forwardedOrderCalls"":267,""forwardedUnitIds"":412,""sameUnitConflicts"":0,""duplicateSuppressions"":0,""invalidUnitIds"":0,""invalidTargets"":0,""invalidTiles"":0,""supersededPending"":0,""expiredPending"":0,""revokedPending"":0,""deferredUnitIds"":0,""pendingUnitIds"":0,""debugProposals"":63,""debugCoalesced"":0,""debugForwarded"":63,""debugDropped"":0},""telemetrySha256"":""2ae83c1b7bf9407eddfde47d7574b3fdf7a3fdc0cb8e7a4290e22df3c62e8e64""}"
"9","separated_lanes_unbounded_d1","24000","{""sha256"":""3ec7da68ebaeaad8d5ae7e3f784608037e2f4689276a02b4c81628b521e8e9fc"",""bySideAndMethod"":{""baseline.orderUnits"":1071,""baseline.placeBuilding"":6,""baseline.queueForProduction"":120,""baseline.setUnitDebugText"":293,""baseline.unqueueFromProduction"":51,""candidate.activateSuperWeapon"":2,""candidate.orderUnits"":267,""candidate.pauseProduction"":19,""candidate.placeBuilding"":13,""candidate.queueForProduction"":51,""candidate.resumeProduction"":18,""candidate.setUnitDebugText"":63,""candidate.toggleRepairWrench"":9,""candidate.unqueueFromProduction"":20}}","{""kind"":""unified-intent-d1-telemetry-v1"",""complete"":true,""updates"":24000,""budgetMode"":""separated_lanes_unbounded_d1"",""commandCeiling"":null,""commandCeilingEnforced"":false,""rollingUpdates"":900,""referenceCommandCeiling"":115,""referenceExceededUpdates"":0,""budgetDenialUpdates"":0,""budgetDeniedUnitIdOccurrences"":0,""budgetDeniedDebugCalls"":0,""maxRollingCommandCalls"":84,""maxPendingUnitIds"":0,""maxForwardedChunkSize"":7,""counters"":{""gameplayNonorderCalls"":132,""productionBatches"":98,""proposedCalls"":267,""proposedUnitIds"":412,""forwardedOrderCalls"":267,""forwardedUnitIds"":412,""sameUnitConflicts"":0,""duplicateSuppressions"":0,""invalidUnitIds"":0,""invalidTargets"":0,""invalidTiles"":0,""supersededPending"":0,""expiredPending"":0,""revokedPending"":0,""deferredUnitIds"":0,""pendingUnitIds"":0,""debugProposals"":63,""debugCoalesced"":0,""debugForwarded"":63,""debugDropped"":0},""telemetrySha256"":""79a69aa11625c78eb664dddb46b645b57e711f4fa3288daf021bc366645c1d98""}"
"10","disabled","9441","{""sha256"":""7b4ef88e7b463065c5c3cb90ffd4007a02fdbf755c6567190224a8ba59eab6a4"",""bySideAndMethod"":{""baseline.orderUnits"":286,""baseline.placeBuilding"":7,""baseline.queueForProduction"":59,""baseline.setUnitDebugText"":78,""baseline.toggleRepairWrench"":11,""baseline.unqueueFromProduction"":12,""candidate.orderUnits"":680,""candidate.pauseProduction"":7,""candidate.placeBuilding"":7,""candidate.queueForProduction"":93,""candidate.resumeProduction"":6,""candidate.setUnitDebugText"":571,""candidate.unqueueFromProduction"":7}}",""
"10","separated_lanes_v2","10078","{""sha256"":""aea874943e9e8ee516379285e279ebfb62b9cac1e7bb81249f8da2014bf9fd05"",""bySideAndMethod"":{""baseline.orderUnits"":267,""baseline.placeBuilding"":7,""baseline.queueForProduction"":60,""baseline.setUnitDebugText"":86,""baseline.toggleRepairWrench"":9,""baseline.unqueueFromProduction"":13,""candidate.orderUnits"":635,""candidate.pauseProduction"":6,""candidate.placeBuilding"":7,""candidate.queueForProduction"":93,""candidate.resumeProduction"":5,""candidate.setUnitDebugText"":247,""candidate.unqueueFromProduction"":7}}","{""kind"":""unified-intent-d1-telemetry-v1"",""complete"":true,""updates"":10078,""budgetMode"":""separated_lanes_v2"",""commandCeiling"":115,""commandCeilingEnforced"":true,""rollingUpdates"":900,""referenceCommandCeiling"":115,""referenceExceededUpdates"":0,""budgetDenialUpdates"":1127,""budgetDeniedUnitIdOccurrences"":18051,""budgetDeniedDebugCalls"":260,""maxRollingCommandCalls"":115,""maxPendingUnitIds"":40,""maxForwardedChunkSize"":37,""counters"":{""gameplayNonorderCalls"":118,""productionBatches"":106,""proposedCalls"":716,""proposedUnitIds"":3613,""forwardedOrderCalls"":635,""forwardedUnitIds"":3086,""sameUnitConflicts"":500,""duplicateSuppressions"":11,""invalidUnitIds"":2,""invalidTargets"":14,""invalidTiles"":0,""supersededPending"":500,""expiredPending"":0,""revokedPending"":0,""deferredUnitIds"":18051,""pendingUnitIds"":18051,""debugProposals"":507,""debugCoalesced"":0,""debugForwarded"":247,""debugDropped"":260},""telemetrySha256"":""19833b600f400aa6c8ead49666d313c00a9fe6e80d7e537bcf45c5ab7a18a535""}"
"10","separated_lanes_unbounded_d1","9441","{""sha256"":""a15a65524d69af786dc79730154ca2f21108104930c47f9d31e57b8ce239eccd"",""bySideAndMethod"":{""baseline.orderUnits"":286,""baseline.placeBuilding"":7,""baseline.queueForProduction"":59,""baseline.setUnitDebugText"":78,""baseline.toggleRepairWrench"":11,""baseline.unqueueFromProduction"":12,""candidate.orderUnits"":677,""candidate.pauseProduction"":7,""candidate.placeBuilding"":7,""candidate.queueForProduction"":93,""candidate.resumeProduction"":6,""candidate.setUnitDebugText"":571,""candidate.unqueueFromProduction"":7}}","{""kind"":""unified-intent-d1-telemetry-v1"",""complete"":true,""updates"":9441,""budgetMode"":""separated_lanes_unbounded_d1"",""commandCeiling"":null,""commandCeilingEnforced"":false,""rollingUpdates"":900,""referenceCommandCeiling"":115,""referenceExceededUpdates"":3526,""budgetDenialUpdates"":0,""budgetDeniedUnitIdOccurrences"":0,""budgetDeniedDebugCalls"":0,""maxRollingCommandCalls"":311,""maxPendingUnitIds"":0,""maxForwardedChunkSize"":45,""counters"":{""gameplayNonorderCalls"":120,""productionBatches"":108,""proposedCalls"":680,""proposedUnitIds"":2875,""forwardedOrderCalls"":677,""forwardedUnitIds"":2872,""sameUnitConflicts"":0,""duplicateSuppressions"":3,""invalidUnitIds"":0,""invalidTargets"":0,""invalidTiles"":0,""supersededPending"":0,""expiredPending"":0,""revokedPending"":0,""deferredUnitIds"":0,""pendingUnitIds"":0,""debugProposals"":571,""debugCoalesced"":0,""debugForwarded"":571,""debugDropped"":0},""telemetrySha256"":""3f5c3b954a9e5db4d9df78913286290c7e01f70f94d014a0dba734c1be1b8afc""}"
"11","disabled","9458","{""sha256"":""6687303d9a901a911523ab27dfaff4023ad62807b06ad2d39d59a303e8025ef0"",""bySideAndMethod"":{""baseline.orderUnits"":267,""baseline.placeBuilding"":7,""baseline.queueForProduction"":59,""baseline.setUnitDebugText"":78,""baseline.toggleRepairWrench"":15,""baseline.unqueueFromProduction"":12,""candidate.orderUnits"":756,""candidate.pauseProduction"":7,""candidate.placeBuilding"":7,""candidate.queueForProduction"":93,""candidate.resumeProduction"":6,""candidate.setUnitDebugText"":509,""candidate.unqueueFromProduction"":7}}",""
"11","separated_lanes_v2","9518","{""sha256"":""e0e588c771701e4b6955e473651efff9d0066cb3c704a66e3b387762d360d0fd"",""bySideAndMethod"":{""baseline.orderUnits"":270,""baseline.placeBuilding"":7,""baseline.queueForProduction"":58,""baseline.setUnitDebugText"":80,""baseline.toggleRepairWrench"":13,""baseline.unqueueFromProduction"":11,""candidate.orderUnits"":677,""candidate.pauseProduction"":6,""candidate.placeBuilding"":7,""candidate.queueForProduction"":94,""candidate.resumeProduction"":5,""candidate.setUnitDebugText"":206,""candidate.unqueueFromProduction"":7}}","{""kind"":""unified-intent-d1-telemetry-v1"",""complete"":true,""updates"":9518,""budgetMode"":""separated_lanes_v2"",""commandCeiling"":115,""commandCeilingEnforced"":true,""rollingUpdates"":900,""referenceCommandCeiling"":115,""referenceExceededUpdates"":0,""budgetDenialUpdates"":1328,""budgetDeniedUnitIdOccurrences"":22178,""budgetDeniedDebugCalls"":272,""maxRollingCommandCalls"":115,""maxPendingUnitIds"":43,""maxForwardedChunkSize"":42,""counters"":{""gameplayNonorderCalls"":119,""productionBatches"":108,""proposedCalls"":782,""proposedUnitIds"":3387,""forwardedOrderCalls"":677,""forwardedUnitIds"":2651,""sameUnitConflicts"":558,""duplicateSuppressions"":10,""invalidUnitIds"":3,""invalidTargets"":165,""invalidTiles"":0,""supersededPending"":611,""expiredPending"":0,""revokedPending"":0,""deferredUnitIds"":22178,""pendingUnitIds"":22178,""debugProposals"":478,""debugCoalesced"":0,""debugForwarded"":206,""debugDropped"":272},""telemetrySha256"":""7bbda07f7084e7ed827f559d3884b6a6f511eb30f80a830828ab2149289b3fac""}"
"11","separated_lanes_unbounded_d1","9458","{""sha256"":""c2af60e8d84737bb67ff0fea848ce146dc9aadeb9a9a44380041af7b0ec648f1"",""bySideAndMethod"":{""baseline.orderUnits"":267,""baseline.placeBuilding"":7,""baseline.queueForProduction"":59,""baseline.setUnitDebugText"":78,""baseline.toggleRepairWrench"":15,""baseline.unqueueFromProduction"":12,""candidate.orderUnits"":753,""candidate.pauseProduction"":7,""candidate.placeBuilding"":7,""candidate.queueForProduction"":93,""candidate.resumeProduction"":6,""candidate.setUnitDebugText"":509,""candidate.unqueueFromProduction"":7}}","{""kind"":""unified-intent-d1-telemetry-v1"",""complete"":true,""updates"":9458,""budgetMode"":""separated_lanes_unbounded_d1"",""commandCeiling"":null,""commandCeilingEnforced"":false,""rollingUpdates"":900,""referenceCommandCeiling"":115,""referenceExceededUpdates"":3159,""budgetDenialUpdates"":0,""budgetDeniedUnitIdOccurrences"":0,""budgetDeniedDebugCalls"":0,""maxRollingCommandCalls"":288,""maxPendingUnitIds"":0,""maxForwardedChunkSize"":46,""counters"":{""gameplayNonorderCalls"":120,""productionBatches"":108,""proposedCalls"":756,""proposedUnitIds"":3146,""forwardedOrderCalls"":753,""forwardedUnitIds"":3143,""sameUnitConflicts"":0,""duplicateSuppressions"":3,""invalidUnitIds"":0,""invalidTargets"":0,""invalidTiles"":0,""supersededPending"":0,""expiredPending"":0,""revokedPending"":0,""deferredUnitIds"":0,""pendingUnitIds"":0,""debugProposals"":509,""debugCoalesced"":0,""debugForwarded"":509,""debugDropped"":0},""telemetrySha256"":""c9ae5b53400db042b66a2ca9dfca2380b113ff37c3995415eaa2321ef1714f53""}"
"12","disabled","24000","{""sha256"":""c45a1bf464605c99b0f1f755597a657b8ba431807962b84550ce3cd50a7aecce"",""bySideAndMethod"":{""baseline.orderUnits"":994,""baseline.placeBuilding"":9,""baseline.queueForProduction"":87,""baseline.setUnitDebugText"":101,""baseline.toggleRepairWrench"":26,""baseline.unqueueFromProduction"":24,""candidate.activateSuperWeapon"":4,""candidate.orderUnits"":5139,""candidate.pauseProduction"":22,""candidate.placeBuilding"":17,""candidate.queueForProduction"":90,""candidate.resumeProduction"":20,""candidate.setUnitDebugText"":588,""candidate.toggleRepairWrench"":11,""candidate.unqueueFromProduction"":26}}",""
"12","separated_lanes_v2","18713","{""sha256"":""7b7c1d647757e8bd7e1aac45fee0508482921b23404c9b05d1b0a90dc6b8c22d"",""bySideAndMethod"":{""baseline.orderUnits"":1178,""baseline.placeBuilding"":4,""baseline.queueForProduction"":58,""baseline.setUnitDebugText"":115,""baseline.toggleRepairWrench"":5,""baseline.unqueueFromProduction"":3,""candidate.activateSuperWeapon"":2,""candidate.orderUnits"":1714,""candidate.pauseProduction"":21,""candidate.placeBuilding"":13,""candidate.queueForProduction"":70,""candidate.resumeProduction"":19,""candidate.setUnitDebugText"":76,""candidate.toggleRepairWrench"":13,""candidate.unqueueFromProduction"":17}}","{""kind"":""unified-intent-d1-telemetry-v1"",""complete"":true,""updates"":18713,""budgetMode"":""separated_lanes_v2"",""commandCeiling"":115,""commandCeilingEnforced"":true,""rollingUpdates"":900,""referenceCommandCeiling"":115,""referenceExceededUpdates"":0,""budgetDenialUpdates"":7211,""budgetDeniedUnitIdOccurrences"":70718,""budgetDeniedDebugCalls"":168,""maxRollingCommandCalls"":115,""maxPendingUnitIds"":25,""maxForwardedChunkSize"":25,""counters"":{""gameplayNonorderCalls"":155,""productionBatches"":115,""proposedCalls"":4599,""proposedUnitIds"":31559,""forwardedOrderCalls"":1714,""forwardedUnitIds"":10750,""sameUnitConflicts"":17791,""duplicateSuppressions"":1300,""invalidUnitIds"":17,""invalidTargets"":140,""invalidTiles"":0,""supersededPending"":17158,""expiredPending"":0,""revokedPending"":1536,""deferredUnitIds"":70718,""pendingUnitIds"":70718,""debugProposals"":244,""debugCoalesced"":0,""debugForwarded"":76,""debugDropped"":168},""telemetrySha256"":""68286763a92d987d5ded3a1a6e712769db59a4e23be19adb805023ea3ec8b60e""}"
"12","separated_lanes_unbounded_d1","24000","{""sha256"":""9173e7dfdd0ba557222b3f54d125a0e5c32be424e836bef6dba8d17d8a31166a"",""bySideAndMethod"":{""baseline.orderUnits"":1125,""baseline.placeBuilding"":9,""baseline.queueForProduction"":74,""baseline.setUnitDebugText"":108,""baseline.toggleRepairWrench"":36,""baseline.unqueueFromProduction"":12,""candidate.activateSuperWeapon"":4,""candidate.orderUnits"":5805,""candidate.pauseProduction"":25,""candidate.placeBuilding"":15,""candidate.queueForProduction"":80,""candidate.resumeProduction"":24,""candidate.setUnitDebugText"":441,""candidate.toggleRepairWrench"":9,""candidate.unqueueFromProduction"":21}}","{""kind"":""unified-intent-d1-telemetry-v1"",""complete"":true,""updates"":24000,""budgetMode"":""separated_lanes_unbounded_d1"",""commandCeiling"":null,""commandCeilingEnforced"":false,""rollingUpdates"":900,""referenceCommandCeiling"":115,""referenceExceededUpdates"":17650,""budgetDenialUpdates"":0,""budgetDeniedUnitIdOccurrences"":0,""budgetDeniedDebugCalls"":0,""maxRollingCommandCalls"":538,""maxPendingUnitIds"":0,""maxForwardedChunkSize"":25,""counters"":{""gameplayNonorderCalls"":178,""productionBatches"":144,""proposedCalls"":6056,""proposedUnitIds"":38821,""forwardedOrderCalls"":5805,""forwardedUnitIds"":36727,""sameUnitConflicts"":373,""duplicateSuppressions"":1721,""invalidUnitIds"":0,""invalidTargets"":0,""invalidTiles"":0,""supersededPending"":0,""expiredPending"":0,""revokedPending"":0,""deferredUnitIds"":0,""pendingUnitIds"":0,""debugProposals"":441,""debugCoalesced"":0,""debugForwarded"":441,""debugDropped"":0},""telemetrySha256"":""2b25e9dbdd46b9966ea82d26b1cbddb2da32399168c7ab127964418107cbba30""}"
"13","disabled","24000","{""sha256"":""808d408977a7e77b9982a0439f1b0e66de785c5e3d2b3d5484098262b3f72df9"",""bySideAndMethod"":{""baseline.orderUnits"":1345,""baseline.placeBuilding"":7,""baseline.queueForProduction"":60,""baseline.setUnitDebugText"":102,""baseline.toggleRepairWrench"":4,""baseline.unqueueFromProduction"":13,""candidate.activateSuperWeapon"":4,""candidate.orderUnits"":13468,""candidate.pauseProduction"":22,""candidate.placeBuilding"":15,""candidate.queueForProduction"":87,""candidate.resumeProduction"":20,""candidate.setUnitDebugText"":940,""candidate.toggleRepairWrench"":6,""candidate.unqueueFromProduction"":17}}",""
"13","separated_lanes_v2","24000","{""sha256"":""77045e46c98cc001772df8f9ac65647e14e2e1d10100b345e25beb9d05c89e75"",""bySideAndMethod"":{""baseline.orderUnits"":1699,""baseline.placeBuilding"":4,""baseline.queueForProduction"":57,""baseline.setUnitDebugText"":120,""baseline.unqueueFromProduction"":7,""candidate.activateSuperWeapon"":4,""candidate.orderUnits"":2467,""candidate.pauseProduction"":15,""candidate.placeBuilding"":12,""candidate.queueForProduction"":82,""candidate.resumeProduction"":14,""candidate.setUnitDebugText"":73,""candidate.toggleRepairWrench"":14,""candidate.unqueueFromProduction"":11}}","{""kind"":""unified-intent-d1-telemetry-v1"",""complete"":true,""updates"":24000,""budgetMode"":""separated_lanes_v2"",""commandCeiling"":115,""commandCeilingEnforced"":true,""rollingUpdates"":900,""referenceCommandCeiling"":115,""referenceExceededUpdates"":0,""budgetDenialUpdates"":13642,""budgetDeniedUnitIdOccurrences"":115611,""budgetDeniedDebugCalls"":371,""maxRollingCommandCalls"":115,""maxPendingUnitIds"":18,""maxForwardedChunkSize"":17,""counters"":{""gameplayNonorderCalls"":152,""productionBatches"":114,""proposedCalls"":11566,""proposedUnitIds"":42807,""forwardedOrderCalls"":2467,""forwardedUnitIds"":9671,""sameUnitConflicts"":31924,""duplicateSuppressions"":1074,""invalidUnitIds"":72,""invalidTargets"":56,""invalidTiles"":0,""supersededPending"":31274,""expiredPending"":0,""revokedPending"":0,""deferredUnitIds"":115611,""pendingUnitIds"":115611,""debugProposals"":444,""debugCoalesced"":0,""debugForwarded"":73,""debugDropped"":371},""telemetrySha256"":""a080461b36acbfcb00b6ce4c695ef5c3ff16df1d728b11276b9bc80ef557679b""}"
"13","separated_lanes_unbounded_d1","24000","{""sha256"":""efe7870465f7d1eec67f2d4d401ac693d1a30616d4ccf5b4f455799751383ac2"",""bySideAndMethod"":{""baseline.orderUnits"":1347,""baseline.placeBuilding"":7,""baseline.queueForProduction"":57,""baseline.setUnitDebugText"":122,""baseline.toggleRepairWrench"":6,""baseline.unqueueFromProduction"":11,""candidate.activateSuperWeapon"":2,""candidate.orderUnits"":7134,""candidate.pauseProduction"":20,""candidate.placeBuilding"":14,""candidate.queueForProduction"":74,""candidate.resumeProduction"":16,""candidate.setUnitDebugText"":604,""candidate.toggleRepairWrench"":28,""candidate.unqueueFromProduction"":18}}","{""kind"":""unified-intent-d1-telemetry-v1"",""complete"":true,""updates"":24000,""budgetMode"":""separated_lanes_unbounded_d1"",""commandCeiling"":null,""commandCeilingEnforced"":false,""rollingUpdates"":900,""referenceCommandCeiling"":115,""referenceExceededUpdates"":17604,""budgetDenialUpdates"":0,""budgetDeniedUnitIdOccurrences"":0,""budgetDeniedDebugCalls"":0,""maxRollingCommandCalls"":1031,""maxPendingUnitIds"":0,""maxForwardedChunkSize"":15,""counters"":{""gameplayNonorderCalls"":172,""productionBatches"":121,""proposedCalls"":7315,""proposedUnitIds"":25076,""forwardedOrderCalls"":7134,""forwardedUnitIds"":24481,""sameUnitConflicts"":60,""duplicateSuppressions"":535,""invalidUnitIds"":0,""invalidTargets"":0,""invalidTiles"":0,""supersededPending"":0,""expiredPending"":0,""revokedPending"":0,""deferredUnitIds"":0,""pendingUnitIds"":0,""debugProposals"":604,""debugCoalesced"":0,""debugForwarded"":604,""debugDropped"":0},""telemetrySha256"":""d3c3c9c7dabad40f58cd3d0eda54d4fdc6218849499fa5f3bf8c4e298fa9c859""}"
"14","disabled","11458","{""sha256"":""8cdea95dfc5883bf8131f11d1e869565b5f786704e876a3bb945473bb65a59fa"",""bySideAndMethod"":{""baseline.orderUnits"":267,""baseline.placeBuilding"":8,""baseline.queueForProduction"":67,""baseline.quitGame"":99,""baseline.setUnitDebugText"":99,""baseline.toggleRepairWrench"":18,""baseline.unqueueFromProduction"":7,""candidate.orderUnits"":2636,""candidate.pauseProduction"":10,""candidate.placeBuilding"":7,""candidate.queueForProduction"":116,""candidate.resumeProduction"":9,""candidate.setUnitDebugText"":411,""candidate.unqueueFromProduction"":25}}",""
"14","separated_lanes_v2","8420","{""sha256"":""fc10163a0251ac14f908370267b211ad7898b32eac445dc01c5d74a26b535272"",""bySideAndMethod"":{""baseline.orderUnits"":239,""baseline.placeBuilding"":7,""baseline.queueForProduction"":52,""baseline.quitGame"":53,""baseline.setUnitDebugText"":76,""baseline.toggleRepairWrench"":22,""baseline.unqueueFromProduction"":5,""candidate.orderUnits"":715,""candidate.pauseProduction"":2,""candidate.placeBuilding"":6,""candidate.queueForProduction"":84,""candidate.resumeProduction"":1,""candidate.setUnitDebugText"":140,""candidate.unqueueFromProduction"":5}}","{""kind"":""unified-intent-d1-telemetry-v1"",""complete"":true,""updates"":8420,""budgetMode"":""separated_lanes_v2"",""commandCeiling"":115,""commandCeilingEnforced"":true,""rollingUpdates"":900,""referenceCommandCeiling"":115,""referenceExceededUpdates"":0,""budgetDenialUpdates"":2473,""budgetDeniedUnitIdOccurrences"":39559,""budgetDeniedDebugCalls"":205,""maxRollingCommandCalls"":115,""maxPendingUnitIds"":56,""maxForwardedChunkSize"":56,""counters"":{""gameplayNonorderCalls"":98,""productionBatches"":91,""proposedCalls"":1605,""proposedUnitIds"":16851,""forwardedOrderCalls"":715,""forwardedUnitIds"":6428,""sameUnitConflicts"":7515,""duplicateSuppressions"":2514,""invalidUnitIds"":5,""invalidTargets"":349,""invalidTiles"":0,""supersededPending"":6916,""expiredPending"":0,""revokedPending"":0,""deferredUnitIds"":39559,""pendingUnitIds"":39559,""debugProposals"":345,""debugCoalesced"":0,""debugForwarded"":140,""debugDropped"":205},""telemetrySha256"":""93f8b87c9491858baa57eb779aee9ed1069353433d1c7764f9c9a1be74f7fac0""}"
"14","separated_lanes_unbounded_d1","11520","{""sha256"":""b5fece95e227de9a98c9660019aa31dda1398b4c0a3be2050350c755b1bab580"",""bySideAndMethod"":{""baseline.orderUnits"":270,""baseline.placeBuilding"":8,""baseline.queueForProduction"":67,""baseline.quitGame"":99,""baseline.setUnitDebugText"":99,""baseline.toggleRepairWrench"":28,""baseline.unqueueFromProduction"":7,""candidate.orderUnits"":2593,""candidate.pauseProduction"":10,""candidate.placeBuilding"":7,""candidate.queueForProduction"":116,""candidate.resumeProduction"":9,""candidate.setUnitDebugText"":479,""candidate.unqueueFromProduction"":25}}","{""kind"":""unified-intent-d1-telemetry-v1"",""complete"":true,""updates"":11520,""budgetMode"":""separated_lanes_unbounded_d1"",""commandCeiling"":null,""commandCeilingEnforced"":false,""rollingUpdates"":900,""referenceCommandCeiling"":115,""referenceExceededUpdates"":9034,""budgetDenialUpdates"":0,""budgetDeniedUnitIdOccurrences"":0,""budgetDeniedDebugCalls"":0,""maxRollingCommandCalls"":564,""maxPendingUnitIds"":0,""maxForwardedChunkSize"":45,""counters"":{""gameplayNonorderCalls"":167,""productionBatches"":148,""proposedCalls"":2658,""proposedUnitIds"":28604,""forwardedOrderCalls"":2593,""forwardedUnitIds"":27859,""sameUnitConflicts"":283,""duplicateSuppressions"":462,""invalidUnitIds"":0,""invalidTargets"":0,""invalidTiles"":0,""supersededPending"":0,""expiredPending"":0,""revokedPending"":0,""deferredUnitIds"":0,""pendingUnitIds"":0,""debugProposals"":479,""debugCoalesced"":0,""debugForwarded"":479,""debugDropped"":0},""telemetrySha256"":""9f0b52547ef6be5b6229cb1a60cc01c2ac40458d0b1cb163fd1b574f09e90462""}"
"15","disabled","24000","{""sha256"":""5bd61a314afd9b760905a7ff1c82d957f6fd420358d7c1bd9935f0ba41d4d193"",""bySideAndMethod"":{""baseline.orderUnits"":1645,""baseline.placeBuilding"":8,""baseline.queueForProduction"":80,""baseline.setUnitDebugText"":164,""baseline.toggleRepairWrench"":6,""baseline.unqueueFromProduction"":11,""candidate.orderUnits"":5879,""candidate.pauseProduction"":12,""candidate.placeBuilding"":15,""candidate.queueForProduction"":140,""candidate.resumeProduction"":11,""candidate.setUnitDebugText"":341,""candidate.toggleRepairWrench"":27,""candidate.unqueueFromProduction"":19}}",""
"15","separated_lanes_v2","11544","{""sha256"":""cf2810e49abf6e9558ba4a5a0bf9badedc3f7c04e6b3e1cd5c00523d5fc74883"",""bySideAndMethod"":{""baseline.orderUnits"":313,""baseline.placeBuilding"":7,""baseline.queueForProduction"":72,""baseline.quitGame"":69,""baseline.setUnitDebugText"":92,""baseline.toggleRepairWrench"":24,""baseline.unqueueFromProduction"":7,""candidate.orderUnits"":974,""candidate.pauseProduction"":7,""candidate.placeBuilding"":7,""candidate.queueForProduction"":96,""candidate.resumeProduction"":6,""candidate.setUnitDebugText"":218,""candidate.unqueueFromProduction"":7}}","{""kind"":""unified-intent-d1-telemetry-v1"",""complete"":true,""updates"":11544,""budgetMode"":""separated_lanes_v2"",""commandCeiling"":115,""commandCeilingEnforced"":true,""rollingUpdates"":900,""referenceCommandCeiling"":115,""referenceExceededUpdates"":0,""budgetDenialUpdates"":3802,""budgetDeniedUnitIdOccurrences"":73222,""budgetDeniedDebugCalls"":374,""maxRollingCommandCalls"":115,""maxPendingUnitIds"":53,""maxForwardedChunkSize"":52,""counters"":{""gameplayNonorderCalls"":123,""productionBatches"":110,""proposedCalls"":2241,""proposedUnitIds"":29377,""forwardedOrderCalls"":974,""forwardedUnitIds"":12866,""sameUnitConflicts"":12563,""duplicateSuppressions"":3348,""invalidUnitIds"":10,""invalidTargets"":546,""invalidTiles"":0,""supersededPending"":11395,""expiredPending"":44,""revokedPending"":0,""deferredUnitIds"":73222,""pendingUnitIds"":73222,""debugProposals"":592,""debugCoalesced"":0,""debugForwarded"":218,""debugDropped"":374},""telemetrySha256"":""24d5f1644626295c91a8e1726141eece54d51ab087dd635443423d5018cdba4c""}"
"15","separated_lanes_unbounded_d1","22265","{""sha256"":""ca8366dfd51a89b15d885edadbdaa3e1385dea4b15fc6dc7bf0029e9e4cc1fc6"",""bySideAndMethod"":{""baseline.orderUnits"":1436,""baseline.placeBuilding"":7,""baseline.queueForProduction"":71,""baseline.setUnitDebugText"":128,""baseline.toggleRepairWrench"":1,""baseline.unqueueFromProduction"":12,""candidate.orderUnits"":3540,""candidate.pauseProduction"":14,""candidate.placeBuilding"":16,""candidate.queueForProduction"":97,""candidate.quitGame"":25,""candidate.resumeProduction"":13,""candidate.setUnitDebugText"":187,""candidate.toggleRepairWrench"":40,""candidate.unqueueFromProduction"":23}}","{""kind"":""unified-intent-d1-telemetry-v1"",""complete"":true,""updates"":22265,""budgetMode"":""separated_lanes_unbounded_d1"",""commandCeiling"":null,""commandCeilingEnforced"":false,""rollingUpdates"":900,""referenceCommandCeiling"":115,""referenceExceededUpdates"":11924,""budgetDenialUpdates"":0,""budgetDeniedUnitIdOccurrences"":0,""budgetDeniedDebugCalls"":0,""maxRollingCommandCalls"":550,""maxPendingUnitIds"":0,""maxForwardedChunkSize"":22,""counters"":{""gameplayNonorderCalls"":228,""productionBatches"":135,""proposedCalls"":3718,""proposedUnitIds"":14688,""forwardedOrderCalls"":3540,""forwardedUnitIds"":14326,""sameUnitConflicts"":19,""duplicateSuppressions"":343,""invalidUnitIds"":0,""invalidTargets"":0,""invalidTiles"":0,""supersededPending"":0,""expiredPending"":0,""revokedPending"":0,""deferredUnitIds"":0,""pendingUnitIds"":0,""debugProposals"":187,""debugCoalesced"":0,""debugForwarded"":187,""debugDropped"":0},""telemetrySha256"":""8a7b6ac466d2399d823f5d2b522dbb990869809a666d694d852177e19c97429a""}"
"16","disabled","7384","{""sha256"":""5105ca851f518108ef1dec8e40b07940e8eb12cf5b3edfc342f2c503f15f16be"",""bySideAndMethod"":{""baseline.orderUnits"":392,""baseline.placeBuilding"":5,""baseline.queueForProduction"":35,""baseline.setUnitDebugText"":25,""baseline.unqueueFromProduction"":6,""candidate.orderUnits"":497,""candidate.pauseProduction"":21,""candidate.placeBuilding"":5,""candidate.queueForProduction"":37,""candidate.resumeProduction"":19,""candidate.setUnitDebugText"":59,""candidate.toggleRepairWrench"":2,""candidate.unqueueFromProduction"":7}}",""
"16","separated_lanes_v2","7582","{""sha256"":""3640738018cd8a732f5dcc0e3fd79b34f8e46be8f325829f3f34c298988e2502"",""bySideAndMethod"":{""baseline.orderUnits"":409,""baseline.placeBuilding"":5,""baseline.queueForProduction"":37,""baseline.setUnitDebugText"":34,""baseline.unqueueFromProduction"":7,""candidate.orderUnits"":543,""candidate.pauseProduction"":15,""candidate.placeBuilding"":5,""candidate.queueForProduction"":37,""candidate.resumeProduction"":13,""candidate.setUnitDebugText"":58,""candidate.toggleRepairWrench"":6,""candidate.unqueueFromProduction"":8}}","{""kind"":""unified-intent-d1-telemetry-v1"",""complete"":true,""updates"":7582,""budgetMode"":""separated_lanes_v2"",""commandCeiling"":115,""commandCeilingEnforced"":true,""rollingUpdates"":900,""referenceCommandCeiling"":115,""referenceExceededUpdates"":0,""budgetDenialUpdates"":0,""budgetDeniedUnitIdOccurrences"":0,""budgetDeniedDebugCalls"":0,""maxRollingCommandCalls"":109,""maxPendingUnitIds"":0,""maxForwardedChunkSize"":7,""counters"":{""gameplayNonorderCalls"":84,""productionBatches"":60,""proposedCalls"":557,""proposedUnitIds"":639,""forwardedOrderCalls"":543,""forwardedUnitIds"":638,""sameUnitConflicts"":0,""duplicateSuppressions"":1,""invalidUnitIds"":0,""invalidTargets"":0,""invalidTiles"":0,""supersededPending"":0,""expiredPending"":0,""revokedPending"":0,""deferredUnitIds"":0,""pendingUnitIds"":0,""debugProposals"":58,""debugCoalesced"":0,""debugForwarded"":58,""debugDropped"":0},""telemetrySha256"":""a59502acc5cacd5d4cab314456209ad4fe8afe51aaf511580df61b5005b5c846""}"
"16","separated_lanes_unbounded_d1","7582","{""sha256"":""3640738018cd8a732f5dcc0e3fd79b34f8e46be8f325829f3f34c298988e2502"",""bySideAndMethod"":{""baseline.orderUnits"":409,""baseline.placeBuilding"":5,""baseline.queueForProduction"":37,""baseline.setUnitDebugText"":34,""baseline.unqueueFromProduction"":7,""candidate.orderUnits"":543,""candidate.pauseProduction"":15,""candidate.placeBuilding"":5,""candidate.queueForProduction"":37,""candidate.resumeProduction"":13,""candidate.setUnitDebugText"":58,""candidate.toggleRepairWrench"":6,""candidate.unqueueFromProduction"":8}}","{""kind"":""unified-intent-d1-telemetry-v1"",""complete"":true,""updates"":7582,""budgetMode"":""separated_lanes_unbounded_d1"",""commandCeiling"":null,""commandCeilingEnforced"":false,""rollingUpdates"":900,""referenceCommandCeiling"":115,""referenceExceededUpdates"":0,""budgetDenialUpdates"":0,""budgetDeniedUnitIdOccurrences"":0,""budgetDeniedDebugCalls"":0,""maxRollingCommandCalls"":109,""maxPendingUnitIds"":0,""maxForwardedChunkSize"":7,""counters"":{""gameplayNonorderCalls"":84,""productionBatches"":60,""proposedCalls"":557,""proposedUnitIds"":639,""forwardedOrderCalls"":543,""forwardedUnitIds"":638,""sameUnitConflicts"":0,""duplicateSuppressions"":1,""invalidUnitIds"":0,""invalidTargets"":0,""invalidTiles"":0,""supersededPending"":0,""expiredPending"":0,""revokedPending"":0,""deferredUnitIds"":0,""pendingUnitIds"":0,""debugProposals"":58,""debugCoalesced"":0,""debugForwarded"":58,""debugDropped"":0},""telemetrySha256"":""9957693796cd36696701eb16eee1b6570735826725598c3e2761282d83b68b59""}"
"17","disabled","24000","{""sha256"":""864d6dbb3c263d0d7f240687ecae1eb21d5860d5117faed1d0caddf5de1e9e79"",""bySideAndMethod"":{""baseline.orderUnits"":862,""baseline.placeBuilding"":7,""baseline.queueForProduction"":119,""baseline.setUnitDebugText"":264,""baseline.toggleRepairWrench"":2,""baseline.unqueueFromProduction"":64,""candidate.orderUnits"":1649,""candidate.pauseProduction"":26,""candidate.placeBuilding"":10,""candidate.queueForProduction"":84,""candidate.resumeProduction"":23,""candidate.setUnitDebugText"":149,""candidate.toggleRepairWrench"":7,""candidate.unqueueFromProduction"":45}}",""
"17","separated_lanes_v2","24000","{""sha256"":""b6cd8a6a916d556bb90d1b27ad97913210bd90245a4a6927021077dd33ac9353"",""bySideAndMethod"":{""baseline.orderUnits"":1287,""baseline.placeBuilding"":7,""baseline.queueForProduction"":119,""baseline.setUnitDebugText"":248,""baseline.toggleRepairWrench"":23,""baseline.unqueueFromProduction"":69,""candidate.activateSuperWeapon"":2,""candidate.orderUnits"":1439,""candidate.pauseProduction"":25,""candidate.placeBuilding"":8,""candidate.queueForProduction"":76,""candidate.resumeProduction"":20,""candidate.setUnitDebugText"":150,""candidate.toggleRepairWrench"":6,""candidate.unqueueFromProduction"":29}}","{""kind"":""unified-intent-d1-telemetry-v1"",""complete"":true,""updates"":24000,""budgetMode"":""separated_lanes_v2"",""commandCeiling"":115,""commandCeilingEnforced"":true,""rollingUpdates"":900,""referenceCommandCeiling"":115,""referenceExceededUpdates"":0,""budgetDenialUpdates"":1058,""budgetDeniedUnitIdOccurrences"":3776,""budgetDeniedDebugCalls"":62,""maxRollingCommandCalls"":115,""maxPendingUnitIds"":10,""maxForwardedChunkSize"":10,""counters"":{""gameplayNonorderCalls"":166,""productionBatches"":128,""proposedCalls"":1728,""proposedUnitIds"":1999,""forwardedOrderCalls"":1439,""forwardedUnitIds"":1919,""sameUnitConflicts"":46,""duplicateSuppressions"":18,""invalidUnitIds"":2,""invalidTargets"":12,""invalidTiles"":0,""supersededPending"":46,""expiredPending"":2,""revokedPending"":0,""deferredUnitIds"":3776,""pendingUnitIds"":3776,""debugProposals"":212,""debugCoalesced"":0,""debugForwarded"":150,""debugDropped"":62},""telemetrySha256"":""848384fe08b4db87d285741911ef7ce98edf8303299936495e4e9b2bef58efe5""}"
"17","separated_lanes_unbounded_d1","24000","{""sha256"":""7e4d2d999925c31ba2d933f9e33d54a956de288dd235a9a564d7461a88e1804b"",""bySideAndMethod"":{""baseline.orderUnits"":827,""baseline.placeBuilding"":7,""baseline.queueForProduction"":132,""baseline.setUnitDebugText"":309,""baseline.toggleRepairWrench"":17,""baseline.unqueueFromProduction"":83,""candidate.activateSuperWeapon"":3,""candidate.orderUnits"":1873,""candidate.pauseProduction"":24,""candidate.placeBuilding"":10,""candidate.queueForProduction"":72,""candidate.resumeProduction"":20,""candidate.setUnitDebugText"":246,""candidate.toggleRepairWrench"":6,""candidate.unqueueFromProduction"":23}}","{""kind"":""unified-intent-d1-telemetry-v1"",""complete"":true,""updates"":24000,""budgetMode"":""separated_lanes_unbounded_d1"",""commandCeiling"":null,""commandCeilingEnforced"":false,""rollingUpdates"":900,""referenceCommandCeiling"":115,""referenceExceededUpdates"":3120,""budgetDenialUpdates"":0,""budgetDeniedUnitIdOccurrences"":0,""budgetDeniedDebugCalls"":0,""maxRollingCommandCalls"":176,""maxPendingUnitIds"":0,""maxForwardedChunkSize"":10,""counters"":{""gameplayNonorderCalls"":158,""productionBatches"":126,""proposedCalls"":2309,""proposedUnitIds"":2948,""forwardedOrderCalls"":1873,""forwardedUnitIds"":2942,""sameUnitConflicts"":0,""duplicateSuppressions"":6,""invalidUnitIds"":0,""invalidTargets"":0,""invalidTiles"":0,""supersededPending"":0,""expiredPending"":0,""revokedPending"":0,""deferredUnitIds"":0,""pendingUnitIds"":0,""debugProposals"":246,""debugCoalesced"":0,""debugForwarded"":246,""debugDropped"":0},""telemetrySha256"":""14c4448b5667d4516b19c8edacf382154d221d382dfd9f1f4680e78cdb38558c""}"
"18","disabled","10958","{""sha256"":""eabba926610d5ea3b7522b7ee5897606fa6c9f444c3a0492ee8222a4793b83e6"",""bySideAndMethod"":{""baseline.orderUnits"":294,""baseline.placeBuilding"":9,""baseline.queueForProduction"":88,""baseline.setUnitDebugText"":100,""baseline.toggleRepairWrench"":19,""baseline.unqueueFromProduction"":39,""candidate.orderUnits"":1257,""candidate.pauseProduction"":7,""candidate.placeBuilding"":7,""candidate.queueForProduction"":65,""candidate.resumeProduction"":6,""candidate.setUnitDebugText"":220,""candidate.toggleRepairWrench"":2,""candidate.unqueueFromProduction"":9}}",""
"18","separated_lanes_v2","9717","{""sha256"":""804dfc76589e5db9f93fd257289325d4dec291b8fc90ef26fe7c854e76cffd95"",""bySideAndMethod"":{""baseline.orderUnits"":220,""baseline.placeBuilding"":9,""baseline.queueForProduction"":77,""baseline.setUnitDebugText"":93,""baseline.toggleRepairWrench"":11,""baseline.unqueueFromProduction"":32,""candidate.orderUnits"":937,""candidate.pauseProduction"":7,""candidate.placeBuilding"":6,""candidate.queueForProduction"":67,""candidate.resumeProduction"":6,""candidate.setUnitDebugText"":96,""candidate.unqueueFromProduction"":9}}","{""kind"":""unified-intent-d1-telemetry-v1"",""complete"":true,""updates"":9717,""budgetMode"":""separated_lanes_v2"",""commandCeiling"":115,""commandCeilingEnforced"":true,""rollingUpdates"":900,""referenceCommandCeiling"":115,""referenceExceededUpdates"":0,""budgetDenialUpdates"":1741,""budgetDeniedUnitIdOccurrences"":7836,""budgetDeniedDebugCalls"":48,""maxRollingCommandCalls"":115,""maxPendingUnitIds"":18,""maxForwardedChunkSize"":19,""counters"":{""gameplayNonorderCalls"":95,""productionBatches"":83,""proposedCalls"":1064,""proposedUnitIds"":2306,""forwardedOrderCalls"":937,""forwardedUnitIds"":2097,""sameUnitConflicts"":149,""duplicateSuppressions"":53,""invalidUnitIds"":4,""invalidTargets"":3,""invalidTiles"":0,""supersededPending"":149,""expiredPending"":0,""revokedPending"":0,""deferredUnitIds"":7836,""pendingUnitIds"":7836,""debugProposals"":144,""debugCoalesced"":0,""debugForwarded"":96,""debugDropped"":48},""telemetrySha256"":""feb012f629a93484664d46c4ce0c67250859ec084a75235c60647413e9eeba92""}"
"18","separated_lanes_unbounded_d1","10958","{""sha256"":""1784cf109ebdf2ba95feb13d5c4c97bb0e2beeb4512ed32ad2c59ba8db6ceafe"",""bySideAndMethod"":{""baseline.orderUnits"":294,""baseline.placeBuilding"":9,""baseline.queueForProduction"":88,""baseline.setUnitDebugText"":100,""baseline.toggleRepairWrench"":19,""baseline.unqueueFromProduction"":39,""candidate.orderUnits"":1228,""candidate.pauseProduction"":7,""candidate.placeBuilding"":7,""candidate.queueForProduction"":65,""candidate.resumeProduction"":6,""candidate.setUnitDebugText"":220,""candidate.toggleRepairWrench"":2,""candidate.unqueueFromProduction"":9}}","{""kind"":""unified-intent-d1-telemetry-v1"",""complete"":true,""updates"":10958,""budgetMode"":""separated_lanes_unbounded_d1"",""commandCeiling"":null,""commandCeilingEnforced"":false,""rollingUpdates"":900,""referenceCommandCeiling"":115,""referenceExceededUpdates"":5928,""budgetDenialUpdates"":0,""budgetDeniedUnitIdOccurrences"":0,""budgetDeniedDebugCalls"":0,""maxRollingCommandCalls"":218,""maxPendingUnitIds"":0,""maxForwardedChunkSize"":19,""counters"":{""gameplayNonorderCalls"":96,""productionBatches"":83,""proposedCalls"":1257,""proposedUnitIds"":2525,""forwardedOrderCalls"":1228,""forwardedUnitIds"":2522,""sameUnitConflicts"":0,""duplicateSuppressions"":3,""invalidUnitIds"":0,""invalidTargets"":0,""invalidTiles"":0,""supersededPending"":0,""expiredPending"":0,""revokedPending"":0,""deferredUnitIds"":0,""pendingUnitIds"":0,""debugProposals"":220,""debugCoalesced"":0,""debugForwarded"":220,""debugDropped"":0},""telemetrySha256"":""336ebfa74d26830197bf6861a76a4c7f3f9c3d9893d5794be386fcf347438f14""}"
"19","disabled","24000","{""sha256"":""f7362ebb5446848f64a517a104af8761eaad5ad736f5b6def6611d7550be3a2a"",""bySideAndMethod"":{""baseline.orderUnits"":946,""baseline.placeBuilding"":6,""baseline.queueForProduction"":140,""baseline.setUnitDebugText"":287,""baseline.toggleRepairWrench"":1,""baseline.unqueueFromProduction"":60,""candidate.orderUnits"":2291,""candidate.pauseProduction"":31,""candidate.placeBuilding"":9,""candidate.queueForProduction"":90,""candidate.resumeProduction"":28,""candidate.setUnitDebugText"":240,""candidate.toggleRepairWrench"":11,""candidate.unqueueFromProduction"":17}}",""
"19","separated_lanes_v2","24000","{""sha256"":""bb636b0ecc156030980f2e81d7e31730f9787c597aa3b7b4965022fd3f2d6796"",""bySideAndMethod"":{""baseline.orderUnits"":897,""baseline.placeBuilding"":7,""baseline.queueForProduction"":120,""baseline.setUnitDebugText"":252,""baseline.toggleRepairWrench"":4,""baseline.unqueueFromProduction"":44,""candidate.orderUnits"":1657,""candidate.pauseProduction"":30,""candidate.placeBuilding"":9,""candidate.queueForProduction"":87,""candidate.resumeProduction"":27,""candidate.setUnitDebugText"":200,""candidate.toggleRepairWrench"":2,""candidate.unqueueFromProduction"":16}}","{""kind"":""unified-intent-d1-telemetry-v1"",""complete"":true,""updates"":24000,""budgetMode"":""separated_lanes_v2"",""commandCeiling"":115,""commandCeilingEnforced"":true,""rollingUpdates"":900,""referenceCommandCeiling"":115,""referenceExceededUpdates"":0,""budgetDenialUpdates"":2074,""budgetDeniedUnitIdOccurrences"":8429,""budgetDeniedDebugCalls"":175,""maxRollingCommandCalls"":115,""maxPendingUnitIds"":18,""maxForwardedChunkSize"":18,""counters"":{""gameplayNonorderCalls"":171,""productionBatches"":139,""proposedCalls"":2270,""proposedUnitIds"":3263,""forwardedOrderCalls"":1657,""forwardedUnitIds"":2981,""sameUnitConflicts"":207,""duplicateSuppressions"":70,""invalidUnitIds"":4,""invalidTargets"":1,""invalidTiles"":0,""supersededPending"":207,""expiredPending"":0,""revokedPending"":0,""deferredUnitIds"":8429,""pendingUnitIds"":8429,""debugProposals"":375,""debugCoalesced"":0,""debugForwarded"":200,""debugDropped"":175},""telemetrySha256"":""fed164e0b12fd2d4bb66c2c81a884666e6ffa97a6e2dad41756173b738598808""}"
"19","separated_lanes_unbounded_d1","24000","{""sha256"":""734c055097d995158058e0dcd624907306575ea944f4a58ff939fd8686afa8c4"",""bySideAndMethod"":{""baseline.orderUnits"":946,""baseline.placeBuilding"":6,""baseline.queueForProduction"":140,""baseline.setUnitDebugText"":287,""baseline.toggleRepairWrench"":1,""baseline.unqueueFromProduction"":60,""candidate.orderUnits"":1868,""candidate.pauseProduction"":31,""candidate.placeBuilding"":9,""candidate.queueForProduction"":90,""candidate.resumeProduction"":28,""candidate.setUnitDebugText"":240,""candidate.toggleRepairWrench"":11,""candidate.unqueueFromProduction"":17}}","{""kind"":""unified-intent-d1-telemetry-v1"",""complete"":true,""updates"":24000,""budgetMode"":""separated_lanes_unbounded_d1"",""commandCeiling"":null,""commandCeilingEnforced"":false,""rollingUpdates"":900,""referenceCommandCeiling"":115,""referenceExceededUpdates"":5340,""budgetDenialUpdates"":0,""budgetDeniedUnitIdOccurrences"":0,""budgetDeniedDebugCalls"":0,""maxRollingCommandCalls"":198,""maxPendingUnitIds"":0,""maxForwardedChunkSize"":15,""counters"":{""gameplayNonorderCalls"":186,""productionBatches"":139,""proposedCalls"":2291,""proposedUnitIds"":3334,""forwardedOrderCalls"":1868,""forwardedUnitIds"":3331,""sameUnitConflicts"":0,""duplicateSuppressions"":3,""invalidUnitIds"":0,""invalidTargets"":0,""invalidTiles"":0,""supersededPending"":0,""expiredPending"":0,""revokedPending"":0,""deferredUnitIds"":0,""pendingUnitIds"":0,""debugProposals"":240,""debugCoalesced"":0,""debugForwarded"":240,""debugDropped"":0},""telemetrySha256"":""60328bcc21c26e3fe6540624cb53113a95348f1285829510342be0e8b19b039b""}"
"20","disabled","13606","{""sha256"":""3e9a28a22659164b20ed71328b38be8ecdf0f4ce51662a5b9a8bbf136391a3cb"",""bySideAndMethod"":{""baseline.orderUnits"":214,""baseline.placeBuilding"":6,""baseline.queueForProduction"":50,""baseline.quitGame"":69,""baseline.setUnitDebugText"":37,""baseline.toggleRepairWrench"":17,""baseline.unqueueFromProduction"":16,""candidate.activateSuperWeapon"":1,""candidate.orderUnits"":1640,""candidate.pauseProduction"":14,""candidate.placeBuilding"":8,""candidate.queueForProduction"":74,""candidate.resumeProduction"":14,""candidate.setUnitDebugText"":374,""candidate.unqueueFromProduction"":22}}",""
"20","separated_lanes_v2","22249","{""sha256"":""620573d11565ab2dc8200836abc8da057c4edfafd9291d3ac377b547cbbab8ef"",""bySideAndMethod"":{""baseline.orderUnits"":739,""baseline.placeBuilding"":9,""baseline.queueForProduction"":51,""baseline.quitGame"":2,""baseline.setUnitDebugText"":48,""baseline.toggleRepairWrench"":13,""baseline.unqueueFromProduction"":15,""candidate.activateSuperWeapon"":3,""candidate.orderUnits"":2274,""candidate.pauseProduction"":23,""candidate.placeBuilding"":13,""candidate.queueForProduction"":100,""candidate.resumeProduction"":23,""candidate.setUnitDebugText"":161,""candidate.toggleRepairWrench"":2,""candidate.unqueueFromProduction"":13}}","{""kind"":""unified-intent-d1-telemetry-v1"",""complete"":true,""updates"":22249,""budgetMode"":""separated_lanes_v2"",""commandCeiling"":115,""commandCeilingEnforced"":true,""rollingUpdates"":900,""referenceCommandCeiling"":115,""referenceExceededUpdates"":0,""budgetDenialUpdates"":3815,""budgetDeniedUnitIdOccurrences"":24439,""budgetDeniedDebugCalls"":383,""maxRollingCommandCalls"":115,""maxPendingUnitIds"":44,""maxForwardedChunkSize"":44,""counters"":{""gameplayNonorderCalls"":177,""productionBatches"":147,""proposedCalls"":4253,""proposedUnitIds"":19088,""forwardedOrderCalls"":2274,""forwardedUnitIds"":7446,""sameUnitConflicts"":1944,""duplicateSuppressions"":78,""invalidUnitIds"":6,""invalidTargets"":2,""invalidTiles"":0,""supersededPending"":962,""expiredPending"":1,""revokedPending"":9611,""deferredUnitIds"":24439,""pendingUnitIds"":24439,""debugProposals"":544,""debugCoalesced"":0,""debugForwarded"":161,""debugDropped"":383},""telemetrySha256"":""5c96fa009b462529b2ae5eeec0ed170de06d4c5338659a8417eceafcd5ad8126""}"
"20","separated_lanes_unbounded_d1","10252","{""sha256"":""7212a4231347ee547c768875789f55e690a609e6000045226dac1adbeb1f449f"",""bySideAndMethod"":{""baseline.orderUnits"":218,""baseline.placeBuilding"":7,""baseline.queueForProduction"":51,""baseline.quitGame"":20,""baseline.setUnitDebugText"":38,""baseline.toggleRepairWrench"":12,""baseline.unqueueFromProduction"":15,""candidate.orderUnits"":1104,""candidate.pauseProduction"":10,""candidate.placeBuilding"":7,""candidate.queueForProduction"":72,""candidate.resumeProduction"":9,""candidate.setUnitDebugText"":260,""candidate.unqueueFromProduction"":22}}","{""kind"":""unified-intent-d1-telemetry-v1"",""complete"":true,""updates"":10252,""budgetMode"":""separated_lanes_unbounded_d1"",""commandCeiling"":null,""commandCeilingEnforced"":false,""rollingUpdates"":900,""referenceCommandCeiling"":115,""referenceExceededUpdates"":5141,""budgetDenialUpdates"":0,""budgetDeniedUnitIdOccurrences"":0,""budgetDeniedDebugCalls"":0,""maxRollingCommandCalls"":227,""maxPendingUnitIds"":0,""maxForwardedChunkSize"":18,""counters"":{""gameplayNonorderCalls"":120,""productionBatches"":105,""proposedCalls"":1129,""proposedUnitIds"":2216,""forwardedOrderCalls"":1104,""forwardedUnitIds"":2210,""sameUnitConflicts"":0,""duplicateSuppressions"":6,""invalidUnitIds"":0,""invalidTargets"":0,""invalidTiles"":0,""supersededPending"":0,""expiredPending"":0,""revokedPending"":0,""deferredUnitIds"":0,""pendingUnitIds"":0,""debugProposals"":260,""debugCoalesced"":0,""debugForwarded"":260,""debugDropped"":0},""telemetrySha256"":""66213a744da057825fb13a930c97a1cdfa870380daf3d7e9da011d77a092cb45""}"
"21","disabled","19267","{""sha256"":""9a67cac92f7ba83d6def20d850c026f9c48fab8573aeb173d4b1d508e72f0bef"",""bySideAndMethod"":{""baseline.orderUnits"":171,""baseline.placeBuilding"":8,""baseline.queueForProduction"":52,""baseline.quitGame"":681,""baseline.setUnitDebugText"":41,""baseline.toggleRepairWrench"":23,""baseline.unqueueFromProduction"":11,""candidate.activateSuperWeapon"":2,""candidate.orderUnits"":3652,""candidate.pauseProduction"":17,""candidate.placeBuilding"":10,""candidate.queueForProduction"":91,""candidate.resumeProduction"":17,""candidate.setUnitDebugText"":302,""candidate.unqueueFromProduction"":23}}",""
"21","separated_lanes_v2","24000","{""sha256"":""bbf6036b99831a6928c8060f841c2ded3d1243c136938e1c92d2d401ea79fda8"",""bySideAndMethod"":{""baseline.orderUnits"":212,""baseline.placeBuilding"":8,""baseline.queueForProduction"":56,""baseline.quitGame"":1089,""baseline.setUnitDebugText"":46,""baseline.toggleRepairWrench"":19,""baseline.unqueueFromProduction"":21,""candidate.activateSuperWeapon"":3,""candidate.orderUnits"":2622,""candidate.pauseProduction"":24,""candidate.placeBuilding"":14,""candidate.queueForProduction"":126,""candidate.resumeProduction"":24,""candidate.setUnitDebugText"":146,""candidate.unqueueFromProduction"":24}}","{""kind"":""unified-intent-d1-telemetry-v1"",""complete"":true,""updates"":24000,""budgetMode"":""separated_lanes_v2"",""commandCeiling"":115,""commandCeilingEnforced"":true,""rollingUpdates"":900,""referenceCommandCeiling"":115,""referenceExceededUpdates"":0,""budgetDenialUpdates"":5809,""budgetDeniedUnitIdOccurrences"":32740,""budgetDeniedDebugCalls"":208,""maxRollingCommandCalls"":115,""maxPendingUnitIds"":25,""maxForwardedChunkSize"":24,""counters"":{""gameplayNonorderCalls"":215,""productionBatches"":188,""proposedCalls"":4272,""proposedUnitIds"":15445,""forwardedOrderCalls"":2622,""forwardedUnitIds"":8216,""sameUnitConflicts"":1020,""duplicateSuppressions"":137,""invalidUnitIds"":8,""invalidTargets"":7,""invalidTiles"":0,""supersededPending"":966,""expiredPending"":2,""revokedPending"":6054,""deferredUnitIds"":32740,""pendingUnitIds"":32740,""debugProposals"":354,""debugCoalesced"":0,""debugForwarded"":146,""debugDropped"":208},""telemetrySha256"":""e9b9daf99418c50404d4e3e3f6ed9a8a2ffc3b94ba17eb12c45e30a55fae0c7b""}"
"21","separated_lanes_unbounded_d1","9910","{""sha256"":""8def00560e2ea356bc20088b8d2692562ecdf1542b498fdb76e00d5dec8e7b30"",""bySideAndMethod"":{""baseline.orderUnits"":217,""baseline.placeBuilding"":6,""baseline.queueForProduction"":55,""baseline.quitGame"":12,""baseline.setUnitDebugText"":43,""baseline.toggleRepairWrench"":12,""baseline.unqueueFromProduction"":18,""candidate.orderUnits"":1218,""candidate.pauseProduction"":10,""candidate.placeBuilding"":6,""candidate.queueForProduction"":69,""candidate.resumeProduction"":9,""candidate.setUnitDebugText"":226,""candidate.unqueueFromProduction"":22}}","{""kind"":""unified-intent-d1-telemetry-v1"",""complete"":true,""updates"":9910,""budgetMode"":""separated_lanes_unbounded_d1"",""commandCeiling"":null,""commandCeilingEnforced"":false,""rollingUpdates"":900,""referenceCommandCeiling"":115,""referenceExceededUpdates"":6191,""budgetDenialUpdates"":0,""budgetDeniedUnitIdOccurrences"":0,""budgetDeniedDebugCalls"":0,""maxRollingCommandCalls"":239,""maxPendingUnitIds"":0,""maxForwardedChunkSize"":12,""counters"":{""gameplayNonorderCalls"":116,""productionBatches"":104,""proposedCalls"":1250,""proposedUnitIds"":2440,""forwardedOrderCalls"":1218,""forwardedUnitIds"":2406,""sameUnitConflicts"":0,""duplicateSuppressions"":34,""invalidUnitIds"":0,""invalidTargets"":0,""invalidTiles"":0,""supersededPending"":0,""expiredPending"":0,""revokedPending"":0,""deferredUnitIds"":0,""pendingUnitIds"":0,""debugProposals"":226,""debugCoalesced"":0,""debugForwarded"":226,""debugDropped"":0},""telemetrySha256"":""8df5f4b62360c3798dd8549936036ce40fe64ac85eab1226814e5efbc40f872e""}"
"22","disabled","12087","{""sha256"":""7e7737833798a342ab3084874f695afd9d29d4b9ed4479c7eecccfacc3939fe4"",""bySideAndMethod"":{""baseline.orderUnits"":468,""baseline.placeBuilding"":5,""baseline.queueForProduction"":55,""baseline.setUnitDebugText"":109,""baseline.unqueueFromProduction"":6,""candidate.orderUnits"":935,""candidate.pauseProduction"":38,""candidate.placeBuilding"":11,""candidate.queueForProduction"":79,""candidate.resumeProduction"":32,""candidate.setUnitDebugText"":139,""candidate.toggleRepairWrench"":30,""candidate.unqueueFromProduction"":20}}",""
"22","separated_lanes_v2","14561","{""sha256"":""0de45560b15b6087cdea3bbd317496611d6a7d332c7d8ad57dc448ec8a65ac0c"",""bySideAndMethod"":{""baseline.orderUnits"":590,""baseline.placeBuilding"":5,""baseline.queueForProduction"":59,""baseline.setUnitDebugText"":117,""baseline.unqueueFromProduction"":6,""candidate.orderUnits"":1041,""candidate.pauseProduction"":43,""candidate.placeBuilding"":9,""candidate.queueForProduction"":81,""candidate.resumeProduction"":37,""candidate.setUnitDebugText"":95,""candidate.toggleRepairWrench"":17,""candidate.unqueueFromProduction"":21}}","{""kind"":""unified-intent-d1-telemetry-v1"",""complete"":true,""updates"":14561,""budgetMode"":""separated_lanes_v2"",""commandCeiling"":115,""commandCeilingEnforced"":true,""rollingUpdates"":900,""referenceCommandCeiling"":115,""referenceExceededUpdates"":0,""budgetDenialUpdates"":546,""budgetDeniedUnitIdOccurrences"":1888,""budgetDeniedDebugCalls"":47,""maxRollingCommandCalls"":115,""maxPendingUnitIds"":10,""maxForwardedChunkSize"":10,""counters"":{""gameplayNonorderCalls"":208,""productionBatches"":134,""proposedCalls"":1093,""proposedUnitIds"":1336,""forwardedOrderCalls"":1041,""forwardedUnitIds"":1297,""sameUnitConflicts"":28,""duplicateSuppressions"":10,""invalidUnitIds"":1,""invalidTargets"":0,""invalidTiles"":0,""supersededPending"":28,""expiredPending"":0,""revokedPending"":0,""deferredUnitIds"":1888,""pendingUnitIds"":1888,""debugProposals"":142,""debugCoalesced"":0,""debugForwarded"":95,""debugDropped"":47},""telemetrySha256"":""86c938760171a0e119691260cc3df639f4ee6f7f492b5adc289173a9adf5aaee""}"
"22","separated_lanes_unbounded_d1","12087","{""sha256"":""cbe420704cd0e225a92bd07d04ea50423d9c99afad7f660c9cc2bde6604ea569"",""bySideAndMethod"":{""baseline.orderUnits"":468,""baseline.placeBuilding"":5,""baseline.queueForProduction"":55,""baseline.setUnitDebugText"":109,""baseline.unqueueFromProduction"":6,""candidate.orderUnits"":935,""candidate.pauseProduction"":38,""candidate.placeBuilding"":11,""candidate.queueForProduction"":79,""candidate.resumeProduction"":32,""candidate.setUnitDebugText"":139,""candidate.toggleRepairWrench"":30,""candidate.unqueueFromProduction"":20}}","{""kind"":""unified-intent-d1-telemetry-v1"",""complete"":true,""updates"":12087,""budgetMode"":""separated_lanes_unbounded_d1"",""commandCeiling"":null,""commandCeilingEnforced"":false,""rollingUpdates"":900,""referenceCommandCeiling"":115,""referenceExceededUpdates"":2472,""budgetDenialUpdates"":0,""budgetDeniedUnitIdOccurrences"":0,""budgetDeniedDebugCalls"":0,""maxRollingCommandCalls"":154,""maxPendingUnitIds"":0,""maxForwardedChunkSize"":11,""counters"":{""gameplayNonorderCalls"":210,""productionBatches"":126,""proposedCalls"":935,""proposedUnitIds"":1230,""forwardedOrderCalls"":935,""forwardedUnitIds"":1230,""sameUnitConflicts"":0,""duplicateSuppressions"":0,""invalidUnitIds"":0,""invalidTargets"":0,""invalidTiles"":0,""supersededPending"":0,""expiredPending"":0,""revokedPending"":0,""deferredUnitIds"":0,""pendingUnitIds"":0,""debugProposals"":139,""debugCoalesced"":0,""debugForwarded"":139,""debugDropped"":0},""telemetrySha256"":""97b362d75671ec0df80b993cb44db01b018f7887b066781124bc64f328d34df3""}"
"23","disabled","10046","{""sha256"":""059be7e58a9aebc213596d2c47d77b58270bea07138ac8f2af440af79e7cc4fd"",""bySideAndMethod"":{""baseline.orderUnits"":435,""baseline.placeBuilding"":5,""baseline.queueForProduction"":62,""baseline.setUnitDebugText"":82,""baseline.unqueueFromProduction"":6,""candidate.orderUnits"":811,""candidate.pauseProduction"":40,""candidate.placeBuilding"":10,""candidate.queueForProduction"":80,""candidate.resumeProduction"":38,""candidate.setUnitDebugText"":138,""candidate.toggleRepairWrench"":22,""candidate.unqueueFromProduction"":23}}",""
"23","separated_lanes_v2","11791","{""sha256"":""66016645c6cc0b00d580e74e9e6b388ee12c6bc9b438fe62783e6347063f5c24"",""bySideAndMethod"":{""baseline.orderUnits"":505,""baseline.placeBuilding"":5,""baseline.queueForProduction"":62,""baseline.setUnitDebugText"":82,""baseline.unqueueFromProduction"":6,""candidate.orderUnits"":922,""candidate.pauseProduction"":43,""candidate.placeBuilding"":9,""candidate.queueForProduction"":70,""candidate.resumeProduction"":42,""candidate.setUnitDebugText"":110,""candidate.toggleRepairWrench"":39,""candidate.unqueueFromProduction"":16}}","{""kind"":""unified-intent-d1-telemetry-v1"",""complete"":true,""updates"":11791,""budgetMode"":""separated_lanes_v2"",""commandCeiling"":115,""commandCeilingEnforced"":true,""rollingUpdates"":900,""referenceCommandCeiling"":115,""referenceExceededUpdates"":0,""budgetDenialUpdates"":546,""budgetDeniedUnitIdOccurrences"":1888,""budgetDeniedDebugCalls"":47,""maxRollingCommandCalls"":115,""maxPendingUnitIds"":10,""maxForwardedChunkSize"":10,""counters"":{""gameplayNonorderCalls"":219,""productionBatches"":122,""proposedCalls"":967,""proposedUnitIds"":1202,""forwardedOrderCalls"":922,""forwardedUnitIds"":1163,""sameUnitConflicts"":28,""duplicateSuppressions"":10,""invalidUnitIds"":1,""invalidTargets"":0,""invalidTiles"":0,""supersededPending"":28,""expiredPending"":0,""revokedPending"":0,""deferredUnitIds"":1888,""pendingUnitIds"":1888,""debugProposals"":157,""debugCoalesced"":0,""debugForwarded"":110,""debugDropped"":47},""telemetrySha256"":""ae7c7dba6d0ded6f92f9bee43b1da4ff2ee5eff15263a2a9cde9b541cb97171a""}"
"23","separated_lanes_unbounded_d1","10046","{""sha256"":""8fd4e54a5ee5de1df4e417d39cf4be5fbed9c9f719aa817be2d56a62349347ec"",""bySideAndMethod"":{""baseline.orderUnits"":435,""baseline.placeBuilding"":5,""baseline.queueForProduction"":62,""baseline.setUnitDebugText"":82,""baseline.unqueueFromProduction"":6,""candidate.orderUnits"":808,""candidate.pauseProduction"":40,""candidate.placeBuilding"":10,""candidate.queueForProduction"":80,""candidate.resumeProduction"":38,""candidate.setUnitDebugText"":138,""candidate.toggleRepairWrench"":22,""candidate.unqueueFromProduction"":23}}","{""kind"":""unified-intent-d1-telemetry-v1"",""complete"":true,""updates"":10046,""budgetMode"":""separated_lanes_unbounded_d1"",""commandCeiling"":null,""commandCeilingEnforced"":false,""rollingUpdates"":900,""referenceCommandCeiling"":115,""referenceExceededUpdates"":2472,""budgetDenialUpdates"":0,""budgetDeniedUnitIdOccurrences"":0,""budgetDeniedDebugCalls"":0,""maxRollingCommandCalls"":154,""maxPendingUnitIds"":0,""maxForwardedChunkSize"":11,""counters"":{""gameplayNonorderCalls"":213,""productionBatches"":135,""proposedCalls"":811,""proposedUnitIds"":1105,""forwardedOrderCalls"":808,""forwardedUnitIds"":1105,""sameUnitConflicts"":0,""duplicateSuppressions"":0,""invalidUnitIds"":0,""invalidTargets"":0,""invalidTiles"":0,""supersededPending"":0,""expiredPending"":0,""revokedPending"":0,""deferredUnitIds"":0,""pendingUnitIds"":0,""debugProposals"":138,""debugCoalesced"":0,""debugForwarded"":138,""debugDropped"":0},""telemetrySha256"":""30868b38584fe9046230e12bedfd9dde88470f78874286cff60027afb95ddea3""}"
"24","disabled","7962","{""sha256"":""6050cda7b831642f40debc2e0445f3e1030acaec606da2f7f563efb274b301ee"",""bySideAndMethod"":{""baseline.orderUnits"":377,""baseline.placeBuilding"":5,""baseline.queueForProduction"":37,""baseline.setUnitDebugText"":45,""baseline.unqueueFromProduction"":7,""candidate.orderUnits"":504,""candidate.pauseProduction"":17,""candidate.placeBuilding"":5,""candidate.queueForProduction"":42,""candidate.resumeProduction"":13,""candidate.setUnitDebugText"":59,""candidate.toggleRepairWrench"":9,""candidate.unqueueFromProduction"":7}}",""
"24","separated_lanes_v2","7330","{""sha256"":""4c5cb0235a37e54b3da81f0bfd0789266eea6353f4bcfafe2e2d75081642af80"",""bySideAndMethod"":{""baseline.orderUnits"":382,""baseline.placeBuilding"":5,""baseline.queueForProduction"":36,""baseline.setUnitDebugText"":33,""baseline.toggleRepairWrench"":1,""baseline.unqueueFromProduction"":6,""candidate.orderUnits"":506,""candidate.pauseProduction"":14,""candidate.placeBuilding"":5,""candidate.queueForProduction"":38,""candidate.resumeProduction"":12,""candidate.setUnitDebugText"":58,""candidate.toggleRepairWrench"":8,""candidate.unqueueFromProduction"":9}}","{""kind"":""unified-intent-d1-telemetry-v1"",""complete"":true,""updates"":7330,""budgetMode"":""separated_lanes_v2"",""commandCeiling"":115,""commandCeilingEnforced"":true,""rollingUpdates"":900,""referenceCommandCeiling"":115,""referenceExceededUpdates"":0,""budgetDenialUpdates"":0,""budgetDeniedUnitIdOccurrences"":0,""budgetDeniedDebugCalls"":0,""maxRollingCommandCalls"":109,""maxPendingUnitIds"":0,""maxForwardedChunkSize"":7,""counters"":{""gameplayNonorderCalls"":86,""productionBatches"":60,""proposedCalls"":516,""proposedUnitIds"":597,""forwardedOrderCalls"":506,""forwardedUnitIds"":596,""sameUnitConflicts"":0,""duplicateSuppressions"":1,""invalidUnitIds"":0,""invalidTargets"":0,""invalidTiles"":0,""supersededPending"":0,""expiredPending"":0,""revokedPending"":0,""deferredUnitIds"":0,""pendingUnitIds"":0,""debugProposals"":58,""debugCoalesced"":0,""debugForwarded"":58,""debugDropped"":0},""telemetrySha256"":""3e29902805c01363e9d9b577a2b5daf9e064833c31b65a5adcc203d070ec9a1e""}"
"24","separated_lanes_unbounded_d1","7330","{""sha256"":""4c5cb0235a37e54b3da81f0bfd0789266eea6353f4bcfafe2e2d75081642af80"",""bySideAndMethod"":{""baseline.orderUnits"":382,""baseline.placeBuilding"":5,""baseline.queueForProduction"":36,""baseline.setUnitDebugText"":33,""baseline.toggleRepairWrench"":1,""baseline.unqueueFromProduction"":6,""candidate.orderUnits"":506,""candidate.pauseProduction"":14,""candidate.placeBuilding"":5,""candidate.queueForProduction"":38,""candidate.resumeProduction"":12,""candidate.setUnitDebugText"":58,""candidate.toggleRepairWrench"":8,""candidate.unqueueFromProduction"":9}}","{""kind"":""unified-intent-d1-telemetry-v1"",""complete"":true,""updates"":7330,""budgetMode"":""separated_lanes_unbounded_d1"",""commandCeiling"":null,""commandCeilingEnforced"":false,""rollingUpdates"":900,""referenceCommandCeiling"":115,""referenceExceededUpdates"":0,""budgetDenialUpdates"":0,""budgetDeniedUnitIdOccurrences"":0,""budgetDeniedDebugCalls"":0,""maxRollingCommandCalls"":109,""maxPendingUnitIds"":0,""maxForwardedChunkSize"":7,""counters"":{""gameplayNonorderCalls"":86,""productionBatches"":60,""proposedCalls"":516,""proposedUnitIds"":597,""forwardedOrderCalls"":506,""forwardedUnitIds"":596,""sameUnitConflicts"":0,""duplicateSuppressions"":1,""invalidUnitIds"":0,""invalidTargets"":0,""invalidTiles"":0,""supersededPending"":0,""expiredPending"":0,""revokedPending"":0,""deferredUnitIds"":0,""pendingUnitIds"":0,""debugProposals"":58,""debugCoalesced"":0,""debugForwarded"":58,""debugDropped"":0},""telemetrySha256"":""7582de31d665cd2b84a2a97e20f541ab417e05279c903e2f2317f50da6f8c75d""}"
"25","disabled","7096","{""sha256"":""9a242e50d9aa09b191acad10983a2335f3b30673b988822ba25658880a64bf77"",""bySideAndMethod"":{""baseline.orderUnits"":141,""baseline.placeBuilding"":7,""baseline.queueForProduction"":60,""baseline.setUnitDebugText"":65,""baseline.toggleRepairWrench"":10,""baseline.unqueueFromProduction"":26,""candidate.orderUnits"":771,""candidate.pauseProduction"":3,""candidate.placeBuilding"":6,""candidate.queueForProduction"":39,""candidate.resumeProduction"":3,""candidate.setUnitDebugText"":64,""candidate.unqueueFromProduction"":10}}",""
"25","separated_lanes_v2","24000","{""sha256"":""3aa9971d9b61cb7e5d22ff3c45676dd78189426f1f366f1f52eb60c28ff8d726"",""bySideAndMethod"":{""baseline.orderUnits"":921,""baseline.placeBuilding"":10,""baseline.queueForProduction"":130,""baseline.setUnitDebugText"":206,""baseline.toggleRepairWrench"":10,""baseline.unqueueFromProduction"":80,""candidate.orderUnits"":2603,""candidate.pauseProduction"":46,""candidate.placeBuilding"":6,""candidate.queueForProduction"":95,""candidate.resumeProduction"":43,""candidate.setUnitDebugText"":144,""candidate.toggleRepairWrench"":6,""candidate.unqueueFromProduction"":37}}","{""kind"":""unified-intent-d1-telemetry-v1"",""complete"":true,""updates"":24000,""budgetMode"":""separated_lanes_v2"",""commandCeiling"":115,""commandCeilingEnforced"":true,""rollingUpdates"":900,""referenceCommandCeiling"":115,""referenceExceededUpdates"":0,""budgetDenialUpdates"":4683,""budgetDeniedUnitIdOccurrences"":12418,""budgetDeniedDebugCalls"":72,""maxRollingCommandCalls"":115,""maxPendingUnitIds"":11,""maxForwardedChunkSize"":9,""counters"":{""gameplayNonorderCalls"":233,""productionBatches"":181,""proposedCalls"":3247,""proposedUnitIds"":3598,""forwardedOrderCalls"":2603,""forwardedUnitIds"":3368,""sameUnitConflicts"":131,""duplicateSuppressions"":95,""invalidUnitIds"":4,""invalidTargets"":0,""invalidTiles"":0,""supersededPending"":131,""expiredPending"":0,""revokedPending"":0,""deferredUnitIds"":12418,""pendingUnitIds"":12418,""debugProposals"":216,""debugCoalesced"":0,""debugForwarded"":144,""debugDropped"":72},""telemetrySha256"":""df18a5cd190ff4b2ef40b4644ce262ab34d7e400be70a7246b1554475c27415f""}"
"25","separated_lanes_unbounded_d1","17625","{""sha256"":""c8bc2f2bd0223fb4771e59b3ad33b5f06c4720df77dde709b64432489e3872b9"",""bySideAndMethod"":{""baseline.orderUnits"":740,""baseline.placeBuilding"":6,""baseline.queueForProduction"":62,""baseline.setUnitDebugText"":207,""baseline.toggleRepairWrench"":9,""baseline.unqueueFromProduction"":20,""candidate.orderUnits"":1447,""candidate.pauseProduction"":40,""candidate.placeBuilding"":7,""candidate.queueForProduction"":77,""candidate.resumeProduction"":37,""candidate.setUnitDebugText"":158,""candidate.toggleRepairWrench"":9,""candidate.unqueueFromProduction"":34}}","{""kind"":""unified-intent-d1-telemetry-v1"",""complete"":true,""updates"":17625,""budgetMode"":""separated_lanes_unbounded_d1"",""commandCeiling"":null,""commandCeilingEnforced"":false,""rollingUpdates"":900,""referenceCommandCeiling"":115,""referenceExceededUpdates"":3300,""budgetDenialUpdates"":0,""budgetDeniedUnitIdOccurrences"":0,""budgetDeniedDebugCalls"":0,""maxRollingCommandCalls"":145,""maxPendingUnitIds"":0,""maxForwardedChunkSize"":9,""counters"":{""gameplayNonorderCalls"":204,""productionBatches"":146,""proposedCalls"":1501,""proposedUnitIds"":1663,""forwardedOrderCalls"":1447,""forwardedUnitIds"":1654,""sameUnitConflicts"":0,""duplicateSuppressions"":9,""invalidUnitIds"":0,""invalidTargets"":0,""invalidTiles"":0,""supersededPending"":0,""expiredPending"":0,""revokedPending"":0,""deferredUnitIds"":0,""pendingUnitIds"":0,""debugProposals"":158,""debugCoalesced"":0,""debugForwarded"":158,""debugDropped"":0},""telemetrySha256"":""2051275a1d27b198096ce07995eef00af897bfd6c69f6de9139c327f8482749b""}"
"26","disabled","24000","{""sha256"":""02e210006826d24fca823f9eccc6711b39de815f454eed70eeebe8657823cdd3"",""bySideAndMethod"":{""baseline.orderUnits"":234,""baseline.placeBuilding"":9,""baseline.queueForProduction"":84,""baseline.quitGame"":1106,""baseline.setUnitDebugText"":80,""baseline.toggleRepairWrench"":43,""baseline.unqueueFromProduction"":29,""candidate.orderUnits"":2344,""candidate.pauseProduction"":32,""candidate.placeBuilding"":10,""candidate.queueForProduction"":97,""candidate.resumeProduction"":30,""candidate.setUnitDebugText"":341,""candidate.unqueueFromProduction"":22}}",""
"26","separated_lanes_v2","13577","{""sha256"":""1a910137e135755b552a2674e471b4d180da464fb6e8343a62f9a9c9662ba83f"",""bySideAndMethod"":{""baseline.orderUnits"":261,""baseline.placeBuilding"":8,""baseline.queueForProduction"":80,""baseline.setUnitDebugText"":78,""baseline.toggleRepairWrench"":15,""baseline.unqueueFromProduction"":25,""candidate.orderUnits"":1263,""candidate.pauseProduction"":11,""candidate.placeBuilding"":7,""candidate.queueForProduction"":79,""candidate.resumeProduction"":10,""candidate.setUnitDebugText"":146,""candidate.unqueueFromProduction"":16}}","{""kind"":""unified-intent-d1-telemetry-v1"",""complete"":true,""updates"":13577,""budgetMode"":""separated_lanes_v2"",""commandCeiling"":115,""commandCeilingEnforced"":true,""rollingUpdates"":900,""referenceCommandCeiling"":115,""referenceExceededUpdates"":0,""budgetDenialUpdates"":3370,""budgetDeniedUnitIdOccurrences"":15971,""budgetDeniedDebugCalls"":149,""maxRollingCommandCalls"":115,""maxPendingUnitIds"":26,""maxForwardedChunkSize"":24,""counters"":{""gameplayNonorderCalls"":123,""productionBatches"":106,""proposedCalls"":1541,""proposedUnitIds"":2782,""forwardedOrderCalls"":1263,""forwardedUnitIds"":2425,""sameUnitConflicts"":271,""duplicateSuppressions"":72,""invalidUnitIds"":1,""invalidTargets"":5,""invalidTiles"":0,""supersededPending"":271,""expiredPending"":8,""revokedPending"":0,""deferredUnitIds"":15971,""pendingUnitIds"":15971,""debugProposals"":295,""debugCoalesced"":0,""debugForwarded"":146,""debugDropped"":149},""telemetrySha256"":""648add52d2502069ada3b5d7010b96a96737c4b574e7d6e3c5968e79540210bc""}"
"26","separated_lanes_unbounded_d1","24000","{""sha256"":""3d26bab21c037d194e18bf9f69b0e90ccb0be649e14e0e82c8b08e8b22fb5122"",""bySideAndMethod"":{""baseline.orderUnits"":234,""baseline.placeBuilding"":9,""baseline.queueForProduction"":84,""baseline.quitGame"":1106,""baseline.setUnitDebugText"":80,""baseline.toggleRepairWrench"":43,""baseline.unqueueFromProduction"":29,""candidate.orderUnits"":2199,""candidate.pauseProduction"":32,""candidate.placeBuilding"":10,""candidate.queueForProduction"":97,""candidate.resumeProduction"":30,""candidate.setUnitDebugText"":341,""candidate.unqueueFromProduction"":22}}","{""kind"":""unified-intent-d1-telemetry-v1"",""complete"":true,""updates"":24000,""budgetMode"":""separated_lanes_unbounded_d1"",""commandCeiling"":null,""commandCeilingEnforced"":false,""rollingUpdates"":900,""referenceCommandCeiling"":115,""referenceExceededUpdates"":4476,""budgetDenialUpdates"":0,""budgetDeniedUnitIdOccurrences"":0,""budgetDeniedDebugCalls"":0,""maxRollingCommandCalls"":293,""maxPendingUnitIds"":0,""maxForwardedChunkSize"":24,""counters"":{""gameplayNonorderCalls"":191,""productionBatches"":151,""proposedCalls"":2344,""proposedUnitIds"":3514,""forwardedOrderCalls"":2199,""forwardedUnitIds"":3511,""sameUnitConflicts"":0,""duplicateSuppressions"":3,""invalidUnitIds"":0,""invalidTargets"":0,""invalidTiles"":0,""supersededPending"":0,""expiredPending"":0,""revokedPending"":0,""deferredUnitIds"":0,""pendingUnitIds"":0,""debugProposals"":341,""debugCoalesced"":0,""debugForwarded"":341,""debugDropped"":0},""telemetrySha256"":""44bfbb681a95e56343b4ab45c890067f7a57ba8d3c281c6169a0cf40306ac855""}"
"27","disabled","11844","{""sha256"":""941759ef03043e1f331b26312f2b0572926f16624fbdc58766dec11382b71494"",""bySideAndMethod"":{""baseline.orderUnits"":421,""baseline.placeBuilding"":8,""baseline.queueForProduction"":66,""baseline.quitGame"":5,""baseline.setUnitDebugText"":82,""baseline.toggleRepairWrench"":10,""baseline.unqueueFromProduction"":13,""candidate.orderUnits"":1439,""candidate.pauseProduction"":8,""candidate.placeBuilding"":6,""candidate.queueForProduction"":78,""candidate.resumeProduction"":7,""candidate.setUnitDebugText"":837,""candidate.toggleRepairWrench"":3,""candidate.unqueueFromProduction"":14}}",""
"27","separated_lanes_v2","9575","{""sha256"":""f1435a5554c557b76cc3ffbd3e104dafc052fb4d59f916ae30f65ea232879146"",""bySideAndMethod"":{""baseline.orderUnits"":390,""baseline.placeBuilding"":9,""baseline.queueForProduction"":83,""baseline.setUnitDebugText"":116,""baseline.toggleRepairWrench"":29,""baseline.unqueueFromProduction"":15,""candidate.orderUnits"":926,""candidate.pauseProduction"":12,""candidate.placeBuilding"":6,""candidate.queueForProduction"":72,""candidate.resumeProduction"":10,""candidate.setUnitDebugText"":103,""candidate.toggleRepairWrench"":1,""candidate.unqueueFromProduction"":13}}","{""kind"":""unified-intent-d1-telemetry-v1"",""complete"":true,""updates"":9575,""budgetMode"":""separated_lanes_v2"",""commandCeiling"":115,""commandCeilingEnforced"":true,""rollingUpdates"":900,""referenceCommandCeiling"":115,""referenceExceededUpdates"":0,""budgetDenialUpdates"":2372,""budgetDeniedUnitIdOccurrences"":15769,""budgetDeniedDebugCalls"":558,""maxRollingCommandCalls"":115,""maxPendingUnitIds"":27,""maxForwardedChunkSize"":24,""counters"":{""gameplayNonorderCalls"":114,""productionBatches"":93,""proposedCalls"":1131,""proposedUnitIds"":2558,""forwardedOrderCalls"":926,""forwardedUnitIds"":2111,""sameUnitConflicts"":330,""duplicateSuppressions"":107,""invalidUnitIds"":2,""invalidTargets"":8,""invalidTiles"":0,""supersededPending"":330,""expiredPending"":0,""revokedPending"":0,""deferredUnitIds"":15769,""pendingUnitIds"":15769,""debugProposals"":661,""debugCoalesced"":0,""debugForwarded"":103,""debugDropped"":558},""telemetrySha256"":""1367a666da722549b2d68a2aaada32856df408b2a503c2bbedb5b9a0592f01a6""}"
"27","separated_lanes_unbounded_d1","11844","{""sha256"":""45663321825985675999c60c9224fdc081e753b418813b6e4da98b6b6e0d2049"",""bySideAndMethod"":{""baseline.orderUnits"":421,""baseline.placeBuilding"":8,""baseline.queueForProduction"":66,""baseline.quitGame"":5,""baseline.setUnitDebugText"":82,""baseline.toggleRepairWrench"":10,""baseline.unqueueFromProduction"":13,""candidate.orderUnits"":1436,""candidate.pauseProduction"":8,""candidate.placeBuilding"":6,""candidate.queueForProduction"":78,""candidate.resumeProduction"":7,""candidate.setUnitDebugText"":837,""candidate.toggleRepairWrench"":3,""candidate.unqueueFromProduction"":14}}","{""kind"":""unified-intent-d1-telemetry-v1"",""complete"":true,""updates"":11844,""budgetMode"":""separated_lanes_unbounded_d1"",""commandCeiling"":null,""commandCeilingEnforced"":false,""rollingUpdates"":900,""referenceCommandCeiling"":115,""referenceExceededUpdates"":7201,""budgetDenialUpdates"":0,""budgetDeniedUnitIdOccurrences"":0,""budgetDeniedDebugCalls"":0,""maxRollingCommandCalls"":522,""maxPendingUnitIds"":0,""maxForwardedChunkSize"":24,""counters"":{""gameplayNonorderCalls"":116,""productionBatches"":100,""proposedCalls"":1439,""proposedUnitIds"":3308,""forwardedOrderCalls"":1436,""forwardedUnitIds"":3305,""sameUnitConflicts"":0,""duplicateSuppressions"":3,""invalidUnitIds"":0,""invalidTargets"":0,""invalidTiles"":0,""supersededPending"":0,""expiredPending"":0,""revokedPending"":0,""deferredUnitIds"":0,""pendingUnitIds"":0,""debugProposals"":837,""debugCoalesced"":0,""debugForwarded"":837,""debugDropped"":0},""telemetrySha256"":""b7692e14d90a073d898ef185d024c14ddd592a5838159d2a1f559fee2b39278c""}"
"28","disabled","11680","{""sha256"":""de67bc8241b044a932202269cbc5a45f467f12abf98b42cd314d0aaaf821f04c"",""bySideAndMethod"":{""baseline.orderUnits"":316,""baseline.placeBuilding"":6,""baseline.queueForProduction"":44,""baseline.setUnitDebugText"":41,""baseline.toggleRepairWrench"":13,""baseline.unqueueFromProduction"":13,""candidate.orderUnits"":1373,""candidate.pauseProduction"":11,""candidate.placeBuilding"":7,""candidate.queueForProduction"":55,""candidate.resumeProduction"":9,""candidate.setUnitDebugText"":203,""candidate.unqueueFromProduction"":7}}",""
"28","separated_lanes_v2","24000","{""sha256"":""abae85aa2957e6e82b90d3b6c1dff0cc397525d7ecbd0558e8e0669c4834f145"",""bySideAndMethod"":{""baseline.orderUnits"":1446,""baseline.placeBuilding"":5,""baseline.queueForProduction"":51,""baseline.setUnitDebugText"":247,""baseline.unqueueFromProduction"":10,""candidate.orderUnits"":1525,""candidate.pauseProduction"":25,""candidate.placeBuilding"":11,""candidate.queueForProduction"":50,""candidate.resumeProduction"":23,""candidate.setUnitDebugText"":66,""candidate.toggleRepairWrench"":27,""candidate.unqueueFromProduction"":10}}","{""kind"":""unified-intent-d1-telemetry-v1"",""complete"":true,""updates"":24000,""budgetMode"":""separated_lanes_v2"",""commandCeiling"":115,""commandCeilingEnforced"":true,""rollingUpdates"":900,""referenceCommandCeiling"":115,""referenceExceededUpdates"":0,""budgetDenialUpdates"":589,""budgetDeniedUnitIdOccurrences"":1492,""budgetDeniedDebugCalls"":35,""maxRollingCommandCalls"":115,""maxPendingUnitIds"":10,""maxForwardedChunkSize"":8,""counters"":{""gameplayNonorderCalls"":146,""productionBatches"":88,""proposedCalls"":1853,""proposedUnitIds"":1941,""forwardedOrderCalls"":1525,""forwardedUnitIds"":1908,""sameUnitConflicts"":21,""duplicateSuppressions"":11,""invalidUnitIds"":1,""invalidTargets"":0,""invalidTiles"":0,""supersededPending"":21,""expiredPending"":0,""revokedPending"":0,""deferredUnitIds"":1492,""pendingUnitIds"":1492,""debugProposals"":101,""debugCoalesced"":0,""debugForwarded"":66,""debugDropped"":35},""telemetrySha256"":""df85e2b8c1f1a7a35f7a33aa2e3cbe621b9b29ae0635673eadd732df0c1e5a9f""}"
"28","separated_lanes_unbounded_d1","12847","{""sha256"":""b7ec1edd349b2a041ad72e9a75d18beaaaeeb1132404afd53adc100a5dbc7bf6"",""bySideAndMethod"":{""baseline.orderUnits"":284,""baseline.placeBuilding"":5,""baseline.queueForProduction"":48,""baseline.setUnitDebugText"":47,""baseline.toggleRepairWrench"":13,""baseline.unqueueFromProduction"":15,""candidate.activateSuperWeapon"":1,""candidate.orderUnits"":1350,""candidate.pauseProduction"":11,""candidate.placeBuilding"":8,""candidate.queueForProduction"":59,""candidate.resumeProduction"":10,""candidate.setUnitDebugText"":267,""candidate.unqueueFromProduction"":10}}","{""kind"":""unified-intent-d1-telemetry-v1"",""complete"":true,""updates"":12847,""budgetMode"":""separated_lanes_unbounded_d1"",""commandCeiling"":null,""commandCeilingEnforced"":false,""rollingUpdates"":900,""referenceCommandCeiling"":115,""referenceExceededUpdates"":5360,""budgetDenialUpdates"":0,""budgetDeniedUnitIdOccurrences"":0,""budgetDeniedDebugCalls"":0,""maxRollingCommandCalls"":228,""maxPendingUnitIds"":0,""maxForwardedChunkSize"":13,""counters"":{""gameplayNonorderCalls"":99,""productionBatches"":84,""proposedCalls"":1464,""proposedUnitIds"":2278,""forwardedOrderCalls"":1350,""forwardedUnitIds"":2260,""sameUnitConflicts"":0,""duplicateSuppressions"":18,""invalidUnitIds"":0,""invalidTargets"":0,""invalidTiles"":0,""supersededPending"":0,""expiredPending"":0,""revokedPending"":0,""deferredUnitIds"":0,""pendingUnitIds"":0,""debugProposals"":267,""debugCoalesced"":0,""debugForwarded"":267,""debugDropped"":0},""telemetrySha256"":""e53deaefe89a49350ddcb12510995c106b18a318fc7564547af33963e1a26a21""}"
"29","disabled","10648","{""sha256"":""11edc823d69cf31b26618684e6336a88d458c1fe282ac4e54853161341fd54a0"",""bySideAndMethod"":{""baseline.orderUnits"":183,""baseline.placeBuilding"":6,""baseline.queueForProduction"":51,""baseline.quitGame"":16,""baseline.setUnitDebugText"":42,""baseline.toggleRepairWrench"":14,""baseline.unqueueFromProduction"":16,""candidate.orderUnits"":1295,""candidate.pauseProduction"":10,""candidate.placeBuilding"":7,""candidate.queueForProduction"":53,""candidate.resumeProduction"":9,""candidate.setUnitDebugText"":213,""candidate.unqueueFromProduction"":7}}",""
"29","separated_lanes_v2","12490","{""sha256"":""ee087634dde1b0e6e66485ebe061c3c7c68986a89667e494ea9416d03889b123"",""bySideAndMethod"":{""baseline.orderUnits"":174,""baseline.placeBuilding"":9,""baseline.queueForProduction"":58,""baseline.quitGame"":60,""baseline.setUnitDebugText"":41,""baseline.toggleRepairWrench"":26,""baseline.unqueueFromProduction"":14,""candidate.activateSuperWeapon"":1,""candidate.orderUnits"":1236,""candidate.pauseProduction"":10,""candidate.placeBuilding"":8,""candidate.queueForProduction"":55,""candidate.resumeProduction"":9,""candidate.setUnitDebugText"":67,""candidate.unqueueFromProduction"":7}}","{""kind"":""unified-intent-d1-telemetry-v1"",""complete"":true,""updates"":12490,""budgetMode"":""separated_lanes_v2"",""commandCeiling"":115,""commandCeilingEnforced"":true,""rollingUpdates"":900,""referenceCommandCeiling"":115,""referenceExceededUpdates"":0,""budgetDenialUpdates"":2613,""budgetDeniedUnitIdOccurrences"":11456,""budgetDeniedDebugCalls"":55,""maxRollingCommandCalls"":115,""maxPendingUnitIds"":15,""maxForwardedChunkSize"":12,""counters"":{""gameplayNonorderCalls"":90,""productionBatches"":77,""proposedCalls"":1446,""proposedUnitIds"":2267,""forwardedOrderCalls"":1236,""forwardedUnitIds"":1967,""sameUnitConflicts"":222,""duplicateSuppressions"":70,""invalidUnitIds"":4,""invalidTargets"":1,""invalidTiles"":0,""supersededPending"":222,""expiredPending"":3,""revokedPending"":0,""deferredUnitIds"":11456,""pendingUnitIds"":11456,""debugProposals"":122,""debugCoalesced"":0,""debugForwarded"":67,""debugDropped"":55},""telemetrySha256"":""aacd76e80bf1434191407d2ac827a6a516224893c0b794ce80a7961cf0379d52""}"
"29","separated_lanes_unbounded_d1","9544","{""sha256"":""5ec0e13cd0f1a3adb06929570560d1f0d2c7c0e40c9ec507b95ecee5117df8ad"",""bySideAndMethod"":{""baseline.orderUnits"":221,""baseline.placeBuilding"":5,""baseline.queueForProduction"":52,""baseline.setUnitDebugText"":43,""baseline.toggleRepairWrench"":6,""baseline.unqueueFromProduction"":17,""candidate.orderUnits"":1068,""candidate.pauseProduction"":9,""candidate.placeBuilding"":7,""candidate.queueForProduction"":53,""candidate.resumeProduction"":8,""candidate.setUnitDebugText"":196,""candidate.unqueueFromProduction"":7}}","{""kind"":""unified-intent-d1-telemetry-v1"",""complete"":true,""updates"":9544,""budgetMode"":""separated_lanes_unbounded_d1"",""commandCeiling"":null,""commandCeilingEnforced"":false,""rollingUpdates"":900,""referenceCommandCeiling"":115,""referenceExceededUpdates"":5765,""budgetDenialUpdates"":0,""budgetDeniedUnitIdOccurrences"":0,""budgetDeniedDebugCalls"":0,""maxRollingCommandCalls"":197,""maxPendingUnitIds"":0,""maxForwardedChunkSize"":15,""counters"":{""gameplayNonorderCalls"":84,""productionBatches"":71,""proposedCalls"":1091,""proposedUnitIds"":1886,""forwardedOrderCalls"":1068,""forwardedUnitIds"":1859,""sameUnitConflicts"":0,""duplicateSuppressions"":27,""invalidUnitIds"":0,""invalidTargets"":0,""invalidTiles"":0,""supersededPending"":0,""expiredPending"":0,""revokedPending"":0,""deferredUnitIds"":0,""pendingUnitIds"":0,""debugProposals"":196,""debugCoalesced"":0,""debugForwarded"":196,""debugDropped"":0},""telemetrySha256"":""6d20588560bccdd2a23b486567987223ac6ae71018afb4dc7aea8701cdca15c2""}"
"30","disabled","9420","{""sha256"":""78fba8b031929d6cd92f6fa07f1ac9d2cdbb722b18c4787ce11d2cccdde9b72a"",""bySideAndMethod"":{""baseline.orderUnits"":408,""baseline.placeBuilding"":5,""baseline.queueForProduction"":68,""baseline.setUnitDebugText"":92,""baseline.unqueueFromProduction"":6,""candidate.orderUnits"":758,""candidate.pauseProduction"":37,""candidate.placeBuilding"":10,""candidate.queueForProduction"":73,""candidate.resumeProduction"":35,""candidate.setUnitDebugText"":140,""candidate.toggleRepairWrench"":13,""candidate.unqueueFromProduction"":18}}",""
"30","separated_lanes_v2","11888","{""sha256"":""9b3d515376a0be14bc884676891fa2815db481042d71583e24450ac4b667b60a"",""bySideAndMethod"":{""baseline.orderUnits"":519,""baseline.placeBuilding"":5,""baseline.queueForProduction"":68,""baseline.setUnitDebugText"":92,""baseline.unqueueFromProduction"":6,""candidate.orderUnits"":912,""candidate.pauseProduction"":46,""candidate.placeBuilding"":11,""candidate.queueForProduction"":81,""candidate.resumeProduction"":42,""candidate.setUnitDebugText"":97,""candidate.toggleRepairWrench"":18,""candidate.unqueueFromProduction"":20}}","{""kind"":""unified-intent-d1-telemetry-v1"",""complete"":true,""updates"":11888,""budgetMode"":""separated_lanes_v2"",""commandCeiling"":115,""commandCeilingEnforced"":true,""rollingUpdates"":900,""referenceCommandCeiling"":115,""referenceExceededUpdates"":0,""budgetDenialUpdates"":522,""budgetDeniedUnitIdOccurrences"":1991,""budgetDeniedDebugCalls"":47,""maxRollingCommandCalls"":115,""maxPendingUnitIds"":8,""maxForwardedChunkSize"":12,""counters"":{""gameplayNonorderCalls"":218,""productionBatches"":136,""proposedCalls"":998,""proposedUnitIds"":1250,""forwardedOrderCalls"":912,""forwardedUnitIds"":1205,""sameUnitConflicts"":22,""duplicateSuppressions"":14,""invalidUnitIds"":2,""invalidTargets"":7,""invalidTiles"":0,""supersededPending"":22,""expiredPending"":0,""revokedPending"":0,""deferredUnitIds"":1991,""pendingUnitIds"":1991,""debugProposals"":144,""debugCoalesced"":0,""debugForwarded"":97,""debugDropped"":47},""telemetrySha256"":""fb0e2692ec3a19b62ca43966544ab86268e258f1de2d9a4358ec465a5c845840""}"
"30","separated_lanes_unbounded_d1","9420","{""sha256"":""908037c86b229d506d2eb3f23f53120e0911cb213d1172673f4613434538b37c"",""bySideAndMethod"":{""baseline.orderUnits"":408,""baseline.placeBuilding"":5,""baseline.queueForProduction"":68,""baseline.setUnitDebugText"":92,""baseline.unqueueFromProduction"":6,""candidate.orderUnits"":753,""candidate.pauseProduction"":37,""candidate.placeBuilding"":10,""candidate.queueForProduction"":73,""candidate.resumeProduction"":35,""candidate.setUnitDebugText"":140,""candidate.toggleRepairWrench"":13,""candidate.unqueueFromProduction"":18}}","{""kind"":""unified-intent-d1-telemetry-v1"",""complete"":true,""updates"":9420,""budgetMode"":""separated_lanes_unbounded_d1"",""commandCeiling"":null,""commandCeilingEnforced"":false,""rollingUpdates"":900,""referenceCommandCeiling"":115,""referenceExceededUpdates"":2472,""budgetDenialUpdates"":0,""budgetDeniedUnitIdOccurrences"":0,""budgetDeniedDebugCalls"":0,""maxRollingCommandCalls"":154,""maxPendingUnitIds"":0,""maxForwardedChunkSize"":11,""counters"":{""gameplayNonorderCalls"":186,""productionBatches"":120,""proposedCalls"":758,""proposedUnitIds"":1052,""forwardedOrderCalls"":753,""forwardedUnitIds"":1052,""sameUnitConflicts"":0,""duplicateSuppressions"":0,""invalidUnitIds"":0,""invalidTargets"":0,""invalidTiles"":0,""supersededPending"":0,""expiredPending"":0,""revokedPending"":0,""deferredUnitIds"":0,""pendingUnitIds"":0,""debugProposals"":140,""debugCoalesced"":0,""debugForwarded"":140,""debugDropped"":0},""telemetrySha256"":""d75e8fef76c15617e98de656694762365195fc97c6488ce6f97addea0bc46887""}"
"31","disabled","24000","{""sha256"":""cdd1f9626f6e63efc59336be3e44964c11a92f9385150eabf521c8529358d86f"",""bySideAndMethod"":{""baseline.orderUnits"":853,""baseline.placeBuilding"":6,""baseline.queueForProduction"":84,""baseline.setUnitDebugText"":178,""baseline.unqueueFromProduction"":11,""candidate.orderUnits"":1683,""candidate.pauseProduction"":35,""candidate.placeBuilding"":12,""candidate.queueForProduction"":97,""candidate.resumeProduction"":32,""candidate.setUnitDebugText"":150,""candidate.toggleRepairWrench"":44,""candidate.unqueueFromProduction"":35}}",""
"31","separated_lanes_v2","8310","{""sha256"":""f8348e496a6949c4c6b2a36b7c3bfc9e10539e0c95321496b9308fee49c3993f"",""bySideAndMethod"":{""baseline.orderUnits"":370,""baseline.placeBuilding"":5,""baseline.queueForProduction"":51,""baseline.setUnitDebugText"":70,""baseline.unqueueFromProduction"":6,""candidate.orderUnits"":657,""candidate.pauseProduction"":21,""candidate.placeBuilding"":9,""candidate.queueForProduction"":67,""candidate.resumeProduction"":19,""candidate.setUnitDebugText"":87,""candidate.toggleRepairWrench"":22,""candidate.unqueueFromProduction"":20}}","{""kind"":""unified-intent-d1-telemetry-v1"",""complete"":true,""updates"":8310,""budgetMode"":""separated_lanes_v2"",""commandCeiling"":115,""commandCeilingEnforced"":true,""rollingUpdates"":900,""referenceCommandCeiling"":115,""referenceExceededUpdates"":0,""budgetDenialUpdates"":522,""budgetDeniedUnitIdOccurrences"":1991,""budgetDeniedDebugCalls"":47,""maxRollingCommandCalls"":115,""maxPendingUnitIds"":8,""maxForwardedChunkSize"":12,""counters"":{""gameplayNonorderCalls"":158,""productionBatches"":100,""proposedCalls"":685,""proposedUnitIds"":938,""forwardedOrderCalls"":657,""forwardedUnitIds"":893,""sameUnitConflicts"":22,""duplicateSuppressions"":14,""invalidUnitIds"":2,""invalidTargets"":7,""invalidTiles"":0,""supersededPending"":22,""expiredPending"":0,""revokedPending"":0,""deferredUnitIds"":1991,""pendingUnitIds"":1991,""debugProposals"":134,""debugCoalesced"":0,""debugForwarded"":87,""debugDropped"":47},""telemetrySha256"":""4f5a0bc238dd1b6448453db78e291601b4900790b110ba6e32cea8d91b631d01""}"
"31","separated_lanes_unbounded_d1","24000","{""sha256"":""01af8229e6fa8d514afc4462a1558e3b9c67bf734a6c17dcec3c881e9d9eab06"",""bySideAndMethod"":{""baseline.orderUnits"":853,""baseline.placeBuilding"":6,""baseline.queueForProduction"":84,""baseline.setUnitDebugText"":178,""baseline.unqueueFromProduction"":11,""candidate.orderUnits"":1532,""candidate.pauseProduction"":35,""candidate.placeBuilding"":12,""candidate.queueForProduction"":97,""candidate.resumeProduction"":32,""candidate.setUnitDebugText"":150,""candidate.toggleRepairWrench"":44,""candidate.unqueueFromProduction"":35}}","{""kind"":""unified-intent-d1-telemetry-v1"",""complete"":true,""updates"":24000,""budgetMode"":""separated_lanes_unbounded_d1"",""commandCeiling"":null,""commandCeilingEnforced"":false,""rollingUpdates"":900,""referenceCommandCeiling"":115,""referenceExceededUpdates"":2472,""budgetDenialUpdates"":0,""budgetDeniedUnitIdOccurrences"":0,""budgetDeniedDebugCalls"":0,""maxRollingCommandCalls"":154,""maxPendingUnitIds"":0,""maxForwardedChunkSize"":11,""counters"":{""gameplayNonorderCalls"":255,""productionBatches"":156,""proposedCalls"":1683,""proposedUnitIds"":1987,""forwardedOrderCalls"":1532,""forwardedUnitIds"":1987,""sameUnitConflicts"":0,""duplicateSuppressions"":0,""invalidUnitIds"":0,""invalidTargets"":0,""invalidTiles"":0,""supersededPending"":0,""expiredPending"":0,""revokedPending"":0,""deferredUnitIds"":0,""pendingUnitIds"":0,""debugProposals"":150,""debugCoalesced"":0,""debugForwarded"":150,""debugDropped"":0},""telemetrySha256"":""6d6b863404fe79d0cd28ebaa47e5f51b02b76c4092a4fe426a639bacde31a1c1""}"
"32","disabled","8883","{""sha256"":""48790a05a0539b75b50c77409481e582a27d6473991d1968664d53b29627f77e"",""bySideAndMethod"":{""baseline.orderUnits"":473,""baseline.placeBuilding"":5,""baseline.queueForProduction"":38,""baseline.setUnitDebugText"":46,""baseline.unqueueFromProduction"":7,""candidate.orderUnits"":599,""candidate.pauseProduction"":14,""candidate.placeBuilding"":5,""candidate.queueForProduction"":38,""candidate.resumeProduction"":13,""candidate.setUnitDebugText"":59,""candidate.toggleRepairWrench"":5,""candidate.unqueueFromProduction"":8}}",""
"32","separated_lanes_v2","24000","{""sha256"":""718988001450e46dfeb5975fbe283349e8e5bb415847a8c45c21ada08275262f"",""bySideAndMethod"":{""baseline.orderUnits"":865,""baseline.placeBuilding"":8,""baseline.queueForProduction"":87,""baseline.setUnitDebugText"":117,""baseline.unqueueFromProduction"":45,""candidate.orderUnits"":906,""candidate.pauseProduction"":13,""candidate.placeBuilding"":5,""candidate.queueForProduction"":40,""candidate.resumeProduction"":10,""candidate.setUnitDebugText"":65,""candidate.toggleRepairWrench"":7,""candidate.unqueueFromProduction"":10}}","{""kind"":""unified-intent-d1-telemetry-v1"",""complete"":true,""updates"":24000,""budgetMode"":""separated_lanes_v2"",""commandCeiling"":115,""commandCeilingEnforced"":true,""rollingUpdates"":900,""referenceCommandCeiling"":115,""referenceExceededUpdates"":0,""budgetDenialUpdates"":108,""budgetDeniedUnitIdOccurrences"":192,""budgetDeniedDebugCalls"":0,""maxRollingCommandCalls"":115,""maxPendingUnitIds"":3,""maxForwardedChunkSize"":7,""counters"":{""gameplayNonorderCalls"":85,""productionBatches"":61,""proposedCalls"":930,""proposedUnitIds"":1001,""forwardedOrderCalls"":906,""forwardedUnitIds"":993,""sameUnitConflicts"":2,""duplicateSuppressions"":6,""invalidUnitIds"":0,""invalidTargets"":0,""invalidTiles"":0,""supersededPending"":2,""expiredPending"":0,""revokedPending"":0,""deferredUnitIds"":192,""pendingUnitIds"":192,""debugProposals"":65,""debugCoalesced"":0,""debugForwarded"":65,""debugDropped"":0},""telemetrySha256"":""105d5e0c3755b42766ce8c1abc7acf14e5c6742ff6692a9c005be8a37e8d7588""}"
"32","separated_lanes_unbounded_d1","8326","{""sha256"":""58d05451a4f4b793e7935a2dbbdf5e3508b818054e59a0250df998ee5cf0cd7c"",""bySideAndMethod"":{""baseline.orderUnits"":427,""baseline.placeBuilding"":5,""baseline.queueForProduction"":38,""baseline.setUnitDebugText"":46,""baseline.unqueueFromProduction"":7,""candidate.orderUnits"":513,""candidate.pauseProduction"":10,""candidate.placeBuilding"":5,""candidate.queueForProduction"":35,""candidate.resumeProduction"":9,""candidate.setUnitDebugText"":57,""candidate.toggleRepairWrench"":2,""candidate.unqueueFromProduction"":7}}","{""kind"":""unified-intent-d1-telemetry-v1"",""complete"":true,""updates"":8326,""budgetMode"":""separated_lanes_unbounded_d1"",""commandCeiling"":null,""commandCeilingEnforced"":false,""rollingUpdates"":900,""referenceCommandCeiling"":115,""referenceExceededUpdates"":348,""budgetDenialUpdates"":0,""budgetDeniedUnitIdOccurrences"":0,""budgetDeniedDebugCalls"":0,""maxRollingCommandCalls"":121,""maxPendingUnitIds"":0,""maxForwardedChunkSize"":7,""counters"":{""gameplayNonorderCalls"":68,""productionBatches"":50,""proposedCalls"":515,""proposedUnitIds"":584,""forwardedOrderCalls"":513,""forwardedUnitIds"":583,""sameUnitConflicts"":0,""duplicateSuppressions"":1,""invalidUnitIds"":0,""invalidTargets"":0,""invalidTiles"":0,""supersededPending"":0,""expiredPending"":0,""revokedPending"":0,""deferredUnitIds"":0,""pendingUnitIds"":0,""debugProposals"":57,""debugCoalesced"":0,""debugForwarded"":57,""debugDropped"":0},""telemetrySha256"":""a11fa4ce75a9567c2274456b892b5dafbb45b0349e2e48441227c5e08bd67038""}"
"33","disabled","24000","{""sha256"":""daed1674de0dc2d488b71b98b0621019597736df159263b6a1a99ef872ded141"",""bySideAndMethod"":{""baseline.orderUnits"":987,""baseline.placeBuilding"":7,""baseline.queueForProduction"":107,""baseline.setUnitDebugText"":495,""baseline.toggleRepairWrench"":8,""baseline.unqueueFromProduction"":53,""candidate.activateSuperWeapon"":1,""candidate.orderUnits"":2268,""candidate.pauseProduction"":49,""candidate.placeBuilding"":8,""candidate.queueForProduction"":107,""candidate.resumeProduction"":46,""candidate.setUnitDebugText"":171,""candidate.unqueueFromProduction"":57}}",""
"33","separated_lanes_v2","24000","{""sha256"":""89174e628948178cc6efbf9a8df10244472b3dcead94c04a58c5794795f69d46"",""bySideAndMethod"":{""baseline.orderUnits"":819,""baseline.placeBuilding"":8,""baseline.queueForProduction"":105,""baseline.setUnitDebugText"":228,""baseline.toggleRepairWrench"":2,""baseline.unqueueFromProduction"":62,""candidate.orderUnits"":745,""candidate.pauseProduction"":8,""candidate.placeBuilding"":6,""candidate.queueForProduction"":38,""candidate.resumeProduction"":6,""candidate.setUnitDebugText"":70,""candidate.toggleRepairWrench"":1,""candidate.unqueueFromProduction"":7}}","{""kind"":""unified-intent-d1-telemetry-v1"",""complete"":true,""updates"":24000,""budgetMode"":""separated_lanes_v2"",""commandCeiling"":115,""commandCeilingEnforced"":true,""rollingUpdates"":900,""referenceCommandCeiling"":115,""referenceExceededUpdates"":0,""budgetDenialUpdates"":1008,""budgetDeniedUnitIdOccurrences"":2247,""budgetDeniedDebugCalls"":15,""maxRollingCommandCalls"":115,""maxPendingUnitIds"":10,""maxForwardedChunkSize"":9,""counters"":{""gameplayNonorderCalls"":66,""productionBatches"":51,""proposedCalls"":803,""proposedUnitIds"":966,""forwardedOrderCalls"":745,""forwardedUnitIds"":883,""sameUnitConflicts"":55,""duplicateSuppressions"":26,""invalidUnitIds"":2,""invalidTargets"":0,""invalidTiles"":0,""supersededPending"":55,""expiredPending"":0,""revokedPending"":0,""deferredUnitIds"":2247,""pendingUnitIds"":2247,""debugProposals"":85,""debugCoalesced"":0,""debugForwarded"":70,""debugDropped"":15},""telemetrySha256"":""0beb833f654394c41dc3be7afd828c2b754e5f7b8ad2dc6c74ab745af675570f""}"
"33","separated_lanes_unbounded_d1","24000","{""sha256"":""fbca8ee7ec8a05c49e77a93a3ec86c95ec077fcdd3a49ac23c3fd46822920dd2"",""bySideAndMethod"":{""baseline.orderUnits"":888,""baseline.placeBuilding"":7,""baseline.queueForProduction"":127,""baseline.setUnitDebugText"":243,""baseline.toggleRepairWrench"":5,""baseline.unqueueFromProduction"":80,""candidate.activateSuperWeapon"":1,""candidate.orderUnits"":1857,""candidate.pauseProduction"":49,""candidate.placeBuilding"":8,""candidate.queueForProduction"":96,""candidate.resumeProduction"":44,""candidate.setUnitDebugText"":172,""candidate.toggleRepairWrench"":8,""candidate.unqueueFromProduction"":49}}","{""kind"":""unified-intent-d1-telemetry-v1"",""complete"":true,""updates"":24000,""budgetMode"":""separated_lanes_unbounded_d1"",""commandCeiling"":null,""commandCeilingEnforced"":false,""rollingUpdates"":900,""referenceCommandCeiling"":115,""referenceExceededUpdates"":3384,""budgetDenialUpdates"":0,""budgetDeniedUnitIdOccurrences"":0,""budgetDeniedDebugCalls"":0,""maxRollingCommandCalls"":145,""maxPendingUnitIds"":0,""maxForwardedChunkSize"":9,""counters"":{""gameplayNonorderCalls"":255,""productionBatches"":199,""proposedCalls"":2138,""proposedUnitIds"":2363,""forwardedOrderCalls"":1857,""forwardedUnitIds"":2355,""sameUnitConflicts"":0,""duplicateSuppressions"":8,""invalidUnitIds"":0,""invalidTargets"":0,""invalidTiles"":0,""supersededPending"":0,""expiredPending"":0,""revokedPending"":0,""deferredUnitIds"":0,""pendingUnitIds"":0,""debugProposals"":172,""debugCoalesced"":0,""debugForwarded"":172,""debugDropped"":0},""telemetrySha256"":""6351baf99f5a28a65de13af85d04963e2df6c44da9163abf43c06942779e441c""}"
"34","disabled","21114","{""sha256"":""50a3cdaeb667290ea12c2ce456d57415fdb41d70d61fa26c6ca8fb65d178d0c6"",""bySideAndMethod"":{""baseline.orderUnits"":327,""baseline.placeBuilding"":10,""baseline.queueForProduction"":115,""baseline.setUnitDebugText"":89,""baseline.toggleRepairWrench"":22,""baseline.unqueueFromProduction"":52,""candidate.orderUnits"":1382,""candidate.pauseProduction"":15,""candidate.placeBuilding"":9,""candidate.queueForProduction"":78,""candidate.resumeProduction"":14,""candidate.setUnitDebugText"":372,""candidate.unqueueFromProduction"":13}}",""
"34","separated_lanes_v2","24000","{""sha256"":""7f19cb6fc3c7077e53f2eb4842acca9996c341302a1435302fc9d85999603638"",""bySideAndMethod"":{""baseline.orderUnits"":725,""baseline.placeBuilding"":11,""baseline.queueForProduction"":126,""baseline.setUnitDebugText"":197,""baseline.toggleRepairWrench"":12,""baseline.unqueueFromProduction"":45,""candidate.orderUnits"":678,""candidate.pauseProduction"":26,""candidate.placeBuilding"":12,""candidate.queueForProduction"":75,""candidate.resumeProduction"":25,""candidate.setUnitDebugText"":185,""candidate.toggleRepairWrench"":6,""candidate.unqueueFromProduction"":11}}","{""kind"":""unified-intent-d1-telemetry-v1"",""complete"":true,""updates"":24000,""budgetMode"":""separated_lanes_v2"",""commandCeiling"":115,""commandCeilingEnforced"":true,""rollingUpdates"":900,""referenceCommandCeiling"":115,""referenceExceededUpdates"":0,""budgetDenialUpdates"":1034,""budgetDeniedUnitIdOccurrences"":6660,""budgetDeniedDebugCalls"":85,""maxRollingCommandCalls"":115,""maxPendingUnitIds"":22,""maxForwardedChunkSize"":22,""counters"":{""gameplayNonorderCalls"":155,""productionBatches"":128,""proposedCalls"":751,""proposedUnitIds"":2298,""forwardedOrderCalls"":678,""forwardedUnitIds"":2147,""sameUnitConflicts"":123,""duplicateSuppressions"":27,""invalidUnitIds"":1,""invalidTargets"":0,""invalidTiles"":0,""supersededPending"":123,""expiredPending"":0,""revokedPending"":0,""deferredUnitIds"":6660,""pendingUnitIds"":6660,""debugProposals"":270,""debugCoalesced"":0,""debugForwarded"":185,""debugDropped"":85},""telemetrySha256"":""74726bcfeb21beb7c42c908e58f3932cab580dae927090da17de8287aeb1b6b0""}"
"34","separated_lanes_unbounded_d1","21114","{""sha256"":""fac29392c6f41f306c634920f000e592b2ae5221718f485441f604137eaac3ef"",""bySideAndMethod"":{""baseline.orderUnits"":327,""baseline.placeBuilding"":10,""baseline.queueForProduction"":115,""baseline.setUnitDebugText"":89,""baseline.toggleRepairWrench"":22,""baseline.unqueueFromProduction"":52,""candidate.orderUnits"":1371,""candidate.pauseProduction"":15,""candidate.placeBuilding"":9,""candidate.queueForProduction"":78,""candidate.resumeProduction"":14,""candidate.setUnitDebugText"":372,""candidate.unqueueFromProduction"":13}}","{""kind"":""unified-intent-d1-telemetry-v1"",""complete"":true,""updates"":21114,""budgetMode"":""separated_lanes_unbounded_d1"",""commandCeiling"":null,""commandCeilingEnforced"":false,""rollingUpdates"":900,""referenceCommandCeiling"":115,""referenceExceededUpdates"":4419,""budgetDenialUpdates"":0,""budgetDeniedUnitIdOccurrences"":0,""budgetDeniedDebugCalls"":0,""maxRollingCommandCalls"":293,""maxPendingUnitIds"":0,""maxForwardedChunkSize"":24,""counters"":{""gameplayNonorderCalls"":129,""productionBatches"":109,""proposedCalls"":1382,""proposedUnitIds"":8981,""forwardedOrderCalls"":1371,""forwardedUnitIds"":8962,""sameUnitConflicts"":16,""duplicateSuppressions"":3,""invalidUnitIds"":0,""invalidTargets"":0,""invalidTiles"":0,""supersededPending"":0,""expiredPending"":0,""revokedPending"":0,""deferredUnitIds"":0,""pendingUnitIds"":0,""debugProposals"":372,""debugCoalesced"":0,""debugForwarded"":372,""debugDropped"":0},""telemetrySha256"":""2b12132a40d936b0f61d5a5fe1f6a02ef076c8dc8ca4d3386e56da6342dcbf95""}"
"35","disabled","20249","{""sha256"":""06ee892903a69cdd2ae5a88139144f17eb3ca6e81d3048bb419db821e19947d2"",""bySideAndMethod"":{""baseline.orderUnits"":451,""baseline.placeBuilding"":6,""baseline.queueForProduction"":86,""baseline.setUnitDebugText"":106,""baseline.toggleRepairWrench"":15,""baseline.unqueueFromProduction"":29,""candidate.orderUnits"":1879,""candidate.pauseProduction"":14,""candidate.placeBuilding"":8,""candidate.queueForProduction"":101,""candidate.resumeProduction"":13,""candidate.setUnitDebugText"":431,""candidate.unqueueFromProduction"":27}}",""
"35","separated_lanes_v2","13580","{""sha256"":""0c0247df4ef0659031994453aad376b1f213ec1c14199acc0e98d67edf5f86f4"",""bySideAndMethod"":{""baseline.orderUnits"":263,""baseline.placeBuilding"":9,""baseline.queueForProduction"":76,""baseline.setUnitDebugText"":68,""baseline.toggleRepairWrench"":12,""baseline.unqueueFromProduction"":28,""candidate.orderUnits"":738,""candidate.pauseProduction"":14,""candidate.placeBuilding"":7,""candidate.queueForProduction"":99,""candidate.resumeProduction"":13,""candidate.setUnitDebugText"":155,""candidate.unqueueFromProduction"":33}}","{""kind"":""unified-intent-d1-telemetry-v1"",""complete"":true,""updates"":13580,""budgetMode"":""separated_lanes_v2"",""commandCeiling"":115,""commandCeilingEnforced"":true,""rollingUpdates"":900,""referenceCommandCeiling"":115,""referenceExceededUpdates"":0,""budgetDenialUpdates"":1092,""budgetDeniedUnitIdOccurrences"":6524,""budgetDeniedDebugCalls"":79,""maxRollingCommandCalls"":115,""maxPendingUnitIds"":22,""maxForwardedChunkSize"":22,""counters"":{""gameplayNonorderCalls"":166,""productionBatches"":149,""proposedCalls"":811,""proposedUnitIds"":2718,""forwardedOrderCalls"":738,""forwardedUnitIds"":2559,""sameUnitConflicts"":130,""duplicateSuppressions"":26,""invalidUnitIds"":3,""invalidTargets"":0,""invalidTiles"":0,""supersededPending"":130,""expiredPending"":0,""revokedPending"":0,""deferredUnitIds"":6524,""pendingUnitIds"":6524,""debugProposals"":234,""debugCoalesced"":0,""debugForwarded"":155,""debugDropped"":79},""telemetrySha256"":""eceac35758de6443c743f6f961b38a5ae8b5a1675c5a461a18da6d21567ace01""}"
"35","separated_lanes_unbounded_d1","20249","{""sha256"":""c741220056f69ebf288ea844bf31a5cd3ce41c55ceedf60cb82649a2242d7e51"",""bySideAndMethod"":{""baseline.orderUnits"":451,""baseline.placeBuilding"":6,""baseline.queueForProduction"":86,""baseline.setUnitDebugText"":106,""baseline.toggleRepairWrench"":15,""baseline.unqueueFromProduction"":29,""candidate.orderUnits"":1812,""candidate.pauseProduction"":14,""candidate.placeBuilding"":8,""candidate.queueForProduction"":101,""candidate.resumeProduction"":13,""candidate.setUnitDebugText"":431,""candidate.unqueueFromProduction"":27}}","{""kind"":""unified-intent-d1-telemetry-v1"",""complete"":true,""updates"":20249,""budgetMode"":""separated_lanes_unbounded_d1"",""commandCeiling"":null,""commandCeilingEnforced"":false,""rollingUpdates"":900,""referenceCommandCeiling"":115,""referenceExceededUpdates"":7298,""budgetDenialUpdates"":0,""budgetDeniedUnitIdOccurrences"":0,""budgetDeniedDebugCalls"":0,""maxRollingCommandCalls"":293,""maxPendingUnitIds"":0,""maxForwardedChunkSize"":24,""counters"":{""gameplayNonorderCalls"":163,""productionBatches"":146,""proposedCalls"":1879,""proposedUnitIds"":10133,""forwardedOrderCalls"":1812,""forwardedUnitIds"":9985,""sameUnitConflicts"":145,""duplicateSuppressions"":3,""invalidUnitIds"":0,""invalidTargets"":0,""invalidTiles"":0,""supersededPending"":0,""expiredPending"":0,""revokedPending"":0,""deferredUnitIds"":0,""pendingUnitIds"":0,""debugProposals"":431,""debugCoalesced"":0,""debugForwarded"":431,""debugDropped"":0},""telemetrySha256"":""e606c3ad2826ab2e5e6397d9e33822a70d40163b0302338bdba66eb12b00eedf""}"
"36","disabled","7006","{""sha256"":""5d76e820c2b09e39fb5b3807ceffb5bc75f23fe97f76a78f172b0095a20053e0"",""bySideAndMethod"":{""baseline.orderUnits"":404,""baseline.placeBuilding"":4,""baseline.queueForProduction"":30,""baseline.setUnitDebugText"":48,""baseline.unqueueFromProduction"":2,""candidate.orderUnits"":476,""candidate.pauseProduction"":22,""candidate.placeBuilding"":5,""candidate.queueForProduction"":48,""candidate.resumeProduction"":21,""candidate.setUnitDebugText"":92,""candidate.toggleRepairWrench"":8,""candidate.unqueueFromProduction"":15}}",""
"36","separated_lanes_v2","7663","{""sha256"":""1605f8c7cf85f5c824102c973ebbd44e8d4c7873a43f4302ff1b17fc8e34b1de"",""bySideAndMethod"":{""baseline.orderUnits"":440,""baseline.placeBuilding"":4,""baseline.queueForProduction"":30,""baseline.setUnitDebugText"":48,""baseline.unqueueFromProduction"":2,""candidate.orderUnits"":474,""candidate.pauseProduction"":26,""candidate.placeBuilding"":6,""candidate.queueForProduction"":49,""candidate.resumeProduction"":25,""candidate.setUnitDebugText"":87,""candidate.toggleRepairWrench"":11,""candidate.unqueueFromProduction"":14}}","{""kind"":""unified-intent-d1-telemetry-v1"",""complete"":true,""updates"":7663,""budgetMode"":""separated_lanes_v2"",""commandCeiling"":115,""commandCeilingEnforced"":true,""rollingUpdates"":900,""referenceCommandCeiling"":115,""referenceExceededUpdates"":0,""budgetDenialUpdates"":97,""budgetDeniedUnitIdOccurrences"":240,""budgetDeniedDebugCalls"":7,""maxRollingCommandCalls"":115,""maxPendingUnitIds"":4,""maxForwardedChunkSize"":7,""counters"":{""gameplayNonorderCalls"":131,""productionBatches"":86,""proposedCalls"":523,""proposedUnitIds"":564,""forwardedOrderCalls"":474,""forwardedUnitIds"":559,""sameUnitConflicts"":5,""duplicateSuppressions"":0,""invalidUnitIds"":0,""invalidTargets"":0,""invalidTiles"":0,""supersededPending"":5,""expiredPending"":0,""revokedPending"":0,""deferredUnitIds"":240,""pendingUnitIds"":240,""debugProposals"":94,""debugCoalesced"":0,""debugForwarded"":87,""debugDropped"":7},""telemetrySha256"":""317ba62825d8e43062cef0bc32b328219886198c282bdc7ca22142caf56e2547""}"
"36","separated_lanes_unbounded_d1","7006","{""sha256"":""eea895ee99f2a76940b8517c11f3646f4a50174e09938018c12fea72378060d6"",""bySideAndMethod"":{""baseline.orderUnits"":404,""baseline.placeBuilding"":4,""baseline.queueForProduction"":30,""baseline.setUnitDebugText"":48,""baseline.unqueueFromProduction"":2,""candidate.orderUnits"":440,""candidate.pauseProduction"":22,""candidate.placeBuilding"":5,""candidate.queueForProduction"":48,""candidate.resumeProduction"":21,""candidate.setUnitDebugText"":92,""candidate.toggleRepairWrench"":8,""candidate.unqueueFromProduction"":15}}","{""kind"":""unified-intent-d1-telemetry-v1"",""complete"":true,""updates"":7006,""budgetMode"":""separated_lanes_unbounded_d1"",""commandCeiling"":null,""commandCeilingEnforced"":false,""rollingUpdates"":900,""referenceCommandCeiling"":115,""referenceExceededUpdates"":840,""budgetDenialUpdates"":0,""budgetDeniedUnitIdOccurrences"":0,""budgetDeniedDebugCalls"":0,""maxRollingCommandCalls"":128,""maxPendingUnitIds"":0,""maxForwardedChunkSize"":7,""counters"":{""gameplayNonorderCalls"":119,""productionBatches"":83,""proposedCalls"":476,""proposedUnitIds"":514,""forwardedOrderCalls"":440,""forwardedUnitIds"":514,""sameUnitConflicts"":0,""duplicateSuppressions"":0,""invalidUnitIds"":0,""invalidTargets"":0,""invalidTiles"":0,""supersededPending"":0,""expiredPending"":0,""revokedPending"":0,""deferredUnitIds"":0,""pendingUnitIds"":0,""debugProposals"":92,""debugCoalesced"":0,""debugForwarded"":92,""debugDropped"":0},""telemetrySha256"":""d0f6ba08ec69692ae3121d0498da3947b278686ef0d741d313b4dda3b0dea3f3""}"
"37","disabled","16546","{""sha256"":""4b6ffc20955a6428320df433a11e26b17a517c1b2766403eefdf16c5ab2219f3"",""bySideAndMethod"":{""baseline.orderUnits"":238,""baseline.placeBuilding"":6,""baseline.queueForProduction"":60,""baseline.quitGame"":70,""baseline.setUnitDebugText"":52,""baseline.toggleRepairWrench"":9,""baseline.unqueueFromProduction"":21,""candidate.activateSuperWeapon"":1,""candidate.orderUnits"":2506,""candidate.pauseProduction"":17,""candidate.placeBuilding"":9,""candidate.queueForProduction"":83,""candidate.resumeProduction"":16,""candidate.setUnitDebugText"":297,""candidate.unqueueFromProduction"":22}}",""
"37","separated_lanes_v2","20134","{""sha256"":""3af28b7e3b772cc6660c30127345c4a32dcdc2e13b03e0de88564f562756673d"",""bySideAndMethod"":{""baseline.orderUnits"":235,""baseline.placeBuilding"":7,""baseline.queueForProduction"":57,""baseline.quitGame"":5,""baseline.setUnitDebugText"":45,""baseline.toggleRepairWrench"":17,""baseline.unqueueFromProduction"":24,""candidate.activateSuperWeapon"":2,""candidate.orderUnits"":2070,""candidate.pauseProduction"":19,""candidate.placeBuilding"":11,""candidate.queueForProduction"":97,""candidate.resumeProduction"":19,""candidate.setUnitDebugText"":134,""candidate.unqueueFromProduction"":23}}","{""kind"":""unified-intent-d1-telemetry-v1"",""complete"":true,""updates"":20134,""budgetMode"":""separated_lanes_v2"",""commandCeiling"":115,""commandCeilingEnforced"":true,""rollingUpdates"":900,""referenceCommandCeiling"":115,""referenceExceededUpdates"":0,""budgetDenialUpdates"":4332,""budgetDeniedUnitIdOccurrences"":25996,""budgetDeniedDebugCalls"":165,""maxRollingCommandCalls"":115,""maxPendingUnitIds"":43,""maxForwardedChunkSize"":27,""counters"":{""gameplayNonorderCalls"":171,""productionBatches"":149,""proposedCalls"":3813,""proposedUnitIds"":11531,""forwardedOrderCalls"":2070,""forwardedUnitIds"":4528,""sameUnitConflicts"":696,""duplicateSuppressions"":91,""invalidUnitIds"":4,""invalidTargets"":4,""invalidTiles"":0,""supersededPending"":510,""expiredPending"":3,""revokedPending"":6204,""deferredUnitIds"":25996,""pendingUnitIds"":25996,""debugProposals"":299,""debugCoalesced"":0,""debugForwarded"":134,""debugDropped"":165},""telemetrySha256"":""929657d27030eba664611676f9c2505cd2ce8bc538f76b9905143ba6054797b8""}"
"37","separated_lanes_unbounded_d1","11488","{""sha256"":""465dfbaab8648d8218097dd0fe8102f16359a33e7a7bd77e8d9b1db2ef30bd47"",""bySideAndMethod"":{""baseline.orderUnits"":198,""baseline.placeBuilding"":5,""baseline.queueForProduction"":53,""baseline.quitGame"":14,""baseline.setUnitDebugText"":44,""baseline.toggleRepairWrench"":9,""baseline.unqueueFromProduction"":20,""candidate.orderUnits"":1398,""candidate.pauseProduction"":11,""candidate.placeBuilding"":7,""candidate.queueForProduction"":72,""candidate.resumeProduction"":11,""candidate.setUnitDebugText"":242,""candidate.unqueueFromProduction"":22}}","{""kind"":""unified-intent-d1-telemetry-v1"",""complete"":true,""updates"":11488,""budgetMode"":""separated_lanes_unbounded_d1"",""commandCeiling"":null,""commandCeilingEnforced"":false,""rollingUpdates"":900,""referenceCommandCeiling"":115,""referenceExceededUpdates"":6936,""budgetDenialUpdates"":0,""budgetDeniedUnitIdOccurrences"":0,""budgetDeniedDebugCalls"":0,""maxRollingCommandCalls"":278,""maxPendingUnitIds"":0,""maxForwardedChunkSize"":14,""counters"":{""gameplayNonorderCalls"":123,""productionBatches"":109,""proposedCalls"":1452,""proposedUnitIds"":2573,""forwardedOrderCalls"":1398,""forwardedUnitIds"":2553,""sameUnitConflicts"":0,""duplicateSuppressions"":20,""invalidUnitIds"":0,""invalidTargets"":0,""invalidTiles"":0,""supersededPending"":0,""expiredPending"":0,""revokedPending"":0,""deferredUnitIds"":0,""pendingUnitIds"":0,""debugProposals"":242,""debugCoalesced"":0,""debugForwarded"":242,""debugDropped"":0},""telemetrySha256"":""d10c4974c5e1aa683bb9a72ccfedd1959b716043a3a8218928716453a4f62784""}"
"38","disabled","7918","{""sha256"":""49873bfdf0d04ce451b9a1c06d722699abc0c4853843fd04cb49aa5a0442a90d"",""bySideAndMethod"":{""baseline.orderUnits"":352,""baseline.placeBuilding"":5,""baseline.queueForProduction"":56,""baseline.setUnitDebugText"":78,""baseline.unqueueFromProduction"":4,""candidate.orderUnits"":651,""candidate.pauseProduction"":22,""candidate.placeBuilding"":7,""candidate.queueForProduction"":64,""candidate.resumeProduction"":18,""candidate.setUnitDebugText"":135,""candidate.toggleRepairWrench"":14,""candidate.unqueueFromProduction"":12}}",""
"38","separated_lanes_v2","24000","{""sha256"":""88af302e9bcf3555f7f1e7bf86099312dc419788102583515b7ca9378c3b98b2"",""bySideAndMethod"":{""baseline.orderUnits"":1048,""baseline.placeBuilding"":6,""baseline.queueForProduction"":84,""baseline.setUnitDebugText"":145,""baseline.unqueueFromProduction"":26,""candidate.orderUnits"":1261,""candidate.pauseProduction"":24,""candidate.placeBuilding"":8,""candidate.queueForProduction"":85,""candidate.resumeProduction"":21,""candidate.setUnitDebugText"":116,""candidate.toggleRepairWrench"":6,""candidate.unqueueFromProduction"":17}}","{""kind"":""unified-intent-d1-telemetry-v1"",""complete"":true,""updates"":24000,""budgetMode"":""separated_lanes_v2"",""commandCeiling"":115,""commandCeilingEnforced"":true,""rollingUpdates"":900,""referenceCommandCeiling"":115,""referenceExceededUpdates"":0,""budgetDenialUpdates"":950,""budgetDeniedUnitIdOccurrences"":3198,""budgetDeniedDebugCalls"":57,""maxRollingCommandCalls"":115,""maxPendingUnitIds"":13,""maxForwardedChunkSize"":14,""counters"":{""gameplayNonorderCalls"":161,""productionBatches"":119,""proposedCalls"":1649,""proposedUnitIds"":1992,""forwardedOrderCalls"":1261,""forwardedUnitIds"":1912,""sameUnitConflicts"":61,""duplicateSuppressions"":16,""invalidUnitIds"":2,""invalidTargets"":1,""invalidTiles"":0,""supersededPending"":62,""expiredPending"":0,""revokedPending"":0,""deferredUnitIds"":3198,""pendingUnitIds"":3198,""debugProposals"":173,""debugCoalesced"":0,""debugForwarded"":116,""debugDropped"":57},""telemetrySha256"":""4d6756ab81f4ec62c2ded1324cf0660056decdd5045b99ee5222bf2182027c0c""}"
"38","separated_lanes_unbounded_d1","7918","{""sha256"":""b49f0dcd4e54063fdc0fee85587e27c33db1d1cdbe7361c1a48a012a2ad41f22"",""bySideAndMethod"":{""baseline.orderUnits"":352,""baseline.placeBuilding"":5,""baseline.queueForProduction"":56,""baseline.setUnitDebugText"":78,""baseline.unqueueFromProduction"":4,""candidate.orderUnits"":613,""candidate.pauseProduction"":22,""candidate.placeBuilding"":7,""candidate.queueForProduction"":64,""candidate.resumeProduction"":18,""candidate.setUnitDebugText"":135,""candidate.toggleRepairWrench"":14,""candidate.unqueueFromProduction"":12}}","{""kind"":""unified-intent-d1-telemetry-v1"",""complete"":true,""updates"":7918,""budgetMode"":""separated_lanes_unbounded_d1"",""commandCeiling"":null,""commandCeilingEnforced"":false,""rollingUpdates"":900,""referenceCommandCeiling"":115,""referenceExceededUpdates"":2424,""budgetDenialUpdates"":0,""budgetDeniedUnitIdOccurrences"":0,""budgetDeniedDebugCalls"":0,""maxRollingCommandCalls"":153,""maxPendingUnitIds"":0,""maxForwardedChunkSize"":13,""counters"":{""gameplayNonorderCalls"":137,""productionBatches"":88,""proposedCalls"":651,""proposedUnitIds"":881,""forwardedOrderCalls"":613,""forwardedUnitIds"":881,""sameUnitConflicts"":0,""duplicateSuppressions"":0,""invalidUnitIds"":0,""invalidTargets"":0,""invalidTiles"":0,""supersededPending"":0,""expiredPending"":0,""revokedPending"":0,""deferredUnitIds"":0,""pendingUnitIds"":0,""debugProposals"":135,""debugCoalesced"":0,""debugForwarded"":135,""debugDropped"":0},""telemetrySha256"":""257bb426f159a0d5b2f4e2825eb02f6c7ba897c208b907a86034f95b5d6b8932""}"
"39","disabled","24000","{""sha256"":""52596fe4c4d7ac09b78c75a46a6918e56e2602502937a13e86263b5bbc3e613a"",""bySideAndMethod"":{""baseline.orderUnits"":755,""baseline.placeBuilding"":7,""baseline.queueForProduction"":64,""baseline.setUnitDebugText"":97,""baseline.toggleRepairWrench"":13,""baseline.unqueueFromProduction"":10,""candidate.orderUnits"":4089,""candidate.pauseProduction"":39,""candidate.placeBuilding"":11,""candidate.queueForProduction"":156,""candidate.resumeProduction"":38,""candidate.setUnitDebugText"":1052,""candidate.toggleRepairWrench"":1,""candidate.unqueueFromProduction"":18}}",""
"39","separated_lanes_v2","24000","{""sha256"":""a95ea24ae9c775aa162f99e94ed9f6c192527d872df6a2027eb0ed357dfb144a"",""bySideAndMethod"":{""baseline.orderUnits"":799,""baseline.placeBuilding"":6,""baseline.queueForProduction"":71,""baseline.setUnitDebugText"":103,""baseline.unqueueFromProduction"":22,""candidate.orderUnits"":1280,""candidate.pauseProduction"":20,""candidate.placeBuilding"":8,""candidate.queueForProduction"":85,""candidate.resumeProduction"":15,""candidate.setUnitDebugText"":127,""candidate.toggleRepairWrench"":14,""candidate.unqueueFromProduction"":17}}","{""kind"":""unified-intent-d1-telemetry-v1"",""complete"":true,""updates"":24000,""budgetMode"":""separated_lanes_v2"",""commandCeiling"":115,""commandCeilingEnforced"":true,""rollingUpdates"":900,""referenceCommandCeiling"":115,""referenceExceededUpdates"":0,""budgetDenialUpdates"":951,""budgetDeniedUnitIdOccurrences"":3067,""budgetDeniedDebugCalls"":54,""maxRollingCommandCalls"":115,""maxPendingUnitIds"":13,""maxForwardedChunkSize"":14,""counters"":{""gameplayNonorderCalls"":159,""productionBatches"":115,""proposedCalls"":1375,""proposedUnitIds"":1745,""forwardedOrderCalls"":1280,""forwardedUnitIds"":1657,""sameUnitConflicts"":63,""duplicateSuppressions"":21,""invalidUnitIds"":3,""invalidTargets"":1,""invalidTiles"":0,""supersededPending"":64,""expiredPending"":0,""revokedPending"":0,""deferredUnitIds"":3067,""pendingUnitIds"":3067,""debugProposals"":181,""debugCoalesced"":0,""debugForwarded"":127,""debugDropped"":54},""telemetrySha256"":""29922ae0c3803ec226366531e3725f5193f6aaaadc3003d34fd1e297460e1fbd""}"
"39","separated_lanes_unbounded_d1","24000","{""sha256"":""81e9e187021da7d90d9c1950c2b3fba76b2b67d6d084a08bd9e9715063570799"",""bySideAndMethod"":{""baseline.orderUnits"":755,""baseline.placeBuilding"":7,""baseline.queueForProduction"":64,""baseline.setUnitDebugText"":97,""baseline.toggleRepairWrench"":13,""baseline.unqueueFromProduction"":10,""candidate.orderUnits"":3626,""candidate.pauseProduction"":39,""candidate.placeBuilding"":11,""candidate.queueForProduction"":156,""candidate.resumeProduction"":38,""candidate.setUnitDebugText"":1052,""candidate.toggleRepairWrench"":1,""candidate.unqueueFromProduction"":18}}","{""kind"":""unified-intent-d1-telemetry-v1"",""complete"":true,""updates"":24000,""budgetMode"":""separated_lanes_unbounded_d1"",""commandCeiling"":null,""commandCeilingEnforced"":false,""rollingUpdates"":900,""referenceCommandCeiling"":115,""referenceExceededUpdates"":11269,""budgetDenialUpdates"":0,""budgetDeniedUnitIdOccurrences"":0,""budgetDeniedDebugCalls"":0,""maxRollingCommandCalls"":867,""maxPendingUnitIds"":0,""maxForwardedChunkSize"":18,""counters"":{""gameplayNonorderCalls"":263,""productionBatches"":224,""proposedCalls"":4089,""proposedUnitIds"":11453,""forwardedOrderCalls"":3626,""forwardedUnitIds"":11429,""sameUnitConflicts"":18,""duplicateSuppressions"":6,""invalidUnitIds"":0,""invalidTargets"":0,""invalidTiles"":0,""supersededPending"":0,""expiredPending"":0,""revokedPending"":0,""deferredUnitIds"":0,""pendingUnitIds"":0,""debugProposals"":1052,""debugCoalesced"":0,""debugForwarded"":1052,""debugDropped"":0},""telemetrySha256"":""235f698b652f865237fa63183347e44573a619831f4a9b7595a61e06eebfa9f8""}"
"40","disabled","7738","{""sha256"":""7a96ac5646c8390f8d3585be60631d05f8763e5eedb56dc38b0f3da91e07725a"",""bySideAndMethod"":{""baseline.orderUnits"":484,""baseline.placeBuilding"":5,""baseline.queueForProduction"":40,""baseline.setUnitDebugText"":31,""baseline.unqueueFromProduction"":4,""candidate.orderUnits"":480,""candidate.pauseProduction"":20,""candidate.placeBuilding"":5,""candidate.queueForProduction"":42,""candidate.resumeProduction"":16,""candidate.setUnitDebugText"":59,""candidate.toggleRepairWrench"":5,""candidate.unqueueFromProduction"":7}}",""
"40","separated_lanes_v2","7618","{""sha256"":""27cdac25b62df3cc168aa891ac2f7cc11bf7bb600694224a157af44f8aabad49"",""bySideAndMethod"":{""baseline.orderUnits"":445,""baseline.placeBuilding"":5,""baseline.queueForProduction"":40,""baseline.setUnitDebugText"":37,""baseline.unqueueFromProduction"":4,""candidate.orderUnits"":474,""candidate.pauseProduction"":18,""candidate.placeBuilding"":5,""candidate.queueForProduction"":35,""candidate.resumeProduction"":17,""candidate.setUnitDebugText"":61,""candidate.toggleRepairWrench"":3,""candidate.unqueueFromProduction"":7}}","{""kind"":""unified-intent-d1-telemetry-v1"",""complete"":true,""updates"":7618,""budgetMode"":""separated_lanes_v2"",""commandCeiling"":115,""commandCeilingEnforced"":true,""rollingUpdates"":900,""referenceCommandCeiling"":115,""referenceExceededUpdates"":0,""budgetDenialUpdates"":0,""budgetDeniedUnitIdOccurrences"":0,""budgetDeniedDebugCalls"":0,""maxRollingCommandCalls"":109,""maxPendingUnitIds"":0,""maxForwardedChunkSize"":7,""counters"":{""gameplayNonorderCalls"":85,""productionBatches"":60,""proposedCalls"":475,""proposedUnitIds"":556,""forwardedOrderCalls"":474,""forwardedUnitIds"":555,""sameUnitConflicts"":0,""duplicateSuppressions"":1,""invalidUnitIds"":0,""invalidTargets"":0,""invalidTiles"":0,""supersededPending"":0,""expiredPending"":0,""revokedPending"":0,""deferredUnitIds"":0,""pendingUnitIds"":0,""debugProposals"":61,""debugCoalesced"":0,""debugForwarded"":61,""debugDropped"":0},""telemetrySha256"":""0126a354108bc42981d97a8da878cac6a884475bc12694d1be9c3838b267e852""}"
"40","separated_lanes_unbounded_d1","7618","{""sha256"":""27cdac25b62df3cc168aa891ac2f7cc11bf7bb600694224a157af44f8aabad49"",""bySideAndMethod"":{""baseline.orderUnits"":445,""baseline.placeBuilding"":5,""baseline.queueForProduction"":40,""baseline.setUnitDebugText"":37,""baseline.unqueueFromProduction"":4,""candidate.orderUnits"":474,""candidate.pauseProduction"":18,""candidate.placeBuilding"":5,""candidate.queueForProduction"":35,""candidate.resumeProduction"":17,""candidate.setUnitDebugText"":61,""candidate.toggleRepairWrench"":3,""candidate.unqueueFromProduction"":7}}","{""kind"":""unified-intent-d1-telemetry-v1"",""complete"":true,""updates"":7618,""budgetMode"":""separated_lanes_unbounded_d1"",""commandCeiling"":null,""commandCeilingEnforced"":false,""rollingUpdates"":900,""referenceCommandCeiling"":115,""referenceExceededUpdates"":0,""budgetDenialUpdates"":0,""budgetDeniedUnitIdOccurrences"":0,""budgetDeniedDebugCalls"":0,""maxRollingCommandCalls"":109,""maxPendingUnitIds"":0,""maxForwardedChunkSize"":7,""counters"":{""gameplayNonorderCalls"":85,""productionBatches"":60,""proposedCalls"":475,""proposedUnitIds"":556,""forwardedOrderCalls"":474,""forwardedUnitIds"":555,""sameUnitConflicts"":0,""duplicateSuppressions"":1,""invalidUnitIds"":0,""invalidTargets"":0,""invalidTiles"":0,""supersededPending"":0,""expiredPending"":0,""revokedPending"":0,""deferredUnitIds"":0,""pendingUnitIds"":0,""debugProposals"":61,""debugCoalesced"":0,""debugForwarded"":61,""debugDropped"":0},""telemetrySha256"":""d60d2061cef5d1e827af0086293a04927cc0c8113c1c28ce791a44be719001bb""}"
"41","disabled","24000","{""sha256"":""eb097a98be8d33fe7c0f51130db68108024713d58a1df6bb5829b4e6c137a55f"",""bySideAndMethod"":{""baseline.orderUnits"":800,""baseline.placeBuilding"":9,""baseline.queueForProduction"":108,""baseline.setUnitDebugText"":220,""baseline.toggleRepairWrench"":15,""baseline.unqueueFromProduction"":56,""candidate.activateSuperWeapon"":3,""candidate.orderUnits"":776,""candidate.pauseProduction"":22,""candidate.placeBuilding"":11,""candidate.queueForProduction"":65,""candidate.resumeProduction"":19,""candidate.setUnitDebugText"":242,""candidate.toggleRepairWrench"":7,""candidate.unqueueFromProduction"":21}}",""
"41","separated_lanes_v2","24000","{""sha256"":""8c35ec1c4c6e0946b337b4ac665e7fe6799196a8d4f0758ace8480326ceb165f"",""bySideAndMethod"":{""baseline.orderUnits"":135,""baseline.placeBuilding"":8,""baseline.queueForProduction"":68,""baseline.quitGame"":1421,""baseline.setUnitDebugText"":74,""baseline.toggleRepairWrench"":26,""baseline.unqueueFromProduction"":30,""candidate.activateSuperWeapon"":3,""candidate.orderUnits"":1912,""candidate.pauseProduction"":15,""candidate.placeBuilding"":11,""candidate.queueForProduction"":64,""candidate.resumeProduction"":14,""candidate.setUnitDebugText"":225,""candidate.unqueueFromProduction"":16}}","{""kind"":""unified-intent-d1-telemetry-v1"",""complete"":true,""updates"":24000,""budgetMode"":""separated_lanes_v2"",""commandCeiling"":115,""commandCeilingEnforced"":true,""rollingUpdates"":900,""referenceCommandCeiling"":115,""referenceExceededUpdates"":0,""budgetDenialUpdates"":980,""budgetDeniedUnitIdOccurrences"":4636,""budgetDeniedDebugCalls"":46,""maxRollingCommandCalls"":115,""maxPendingUnitIds"":18,""maxForwardedChunkSize"":18,""counters"":{""gameplayNonorderCalls"":123,""productionBatches"":104,""proposedCalls"":2142,""proposedUnitIds"":7288,""forwardedOrderCalls"":1912,""forwardedUnitIds"":5897,""sameUnitConflicts"":378,""duplicateSuppressions"":28,""invalidUnitIds"":3,""invalidTargets"":8,""invalidTiles"":0,""supersededPending"":221,""expiredPending"":0,""revokedPending"":974,""deferredUnitIds"":4636,""pendingUnitIds"":4636,""debugProposals"":271,""debugCoalesced"":0,""debugForwarded"":225,""debugDropped"":46},""telemetrySha256"":""06ba6dd372d9947f5e13b9bee09ab3a69c522c0215655222e57f961634f1ecc4""}"
"41","separated_lanes_unbounded_d1","8194","{""sha256"":""7f4b7d35e0cdc128eef05482c3c28d7966bc402db95491dbb884189831262104"",""bySideAndMethod"":{""baseline.orderUnits"":146,""baseline.placeBuilding"":7,""baseline.queueForProduction"":74,""baseline.quitGame"":3,""baseline.setUnitDebugText"":76,""baseline.toggleRepairWrench"":17,""baseline.unqueueFromProduction"":35,""candidate.orderUnits"":583,""candidate.pauseProduction"":4,""candidate.placeBuilding"":6,""candidate.queueForProduction"":44,""candidate.resumeProduction"":3,""candidate.setUnitDebugText"":124,""candidate.unqueueFromProduction"":14}}","{""kind"":""unified-intent-d1-telemetry-v1"",""complete"":true,""updates"":8194,""budgetMode"":""separated_lanes_unbounded_d1"",""commandCeiling"":null,""commandCeilingEnforced"":false,""rollingUpdates"":900,""referenceCommandCeiling"":115,""referenceExceededUpdates"":1176,""budgetDenialUpdates"":0,""budgetDeniedUnitIdOccurrences"":0,""budgetDeniedDebugCalls"":0,""maxRollingCommandCalls"":167,""maxPendingUnitIds"":0,""maxForwardedChunkSize"":10,""counters"":{""gameplayNonorderCalls"":71,""productionBatches"":61,""proposedCalls"":592,""proposedUnitIds"":1194,""forwardedOrderCalls"":583,""forwardedUnitIds"":1178,""sameUnitConflicts"":0,""duplicateSuppressions"":16,""invalidUnitIds"":0,""invalidTargets"":0,""invalidTiles"":0,""supersededPending"":0,""expiredPending"":0,""revokedPending"":0,""deferredUnitIds"":0,""pendingUnitIds"":0,""debugProposals"":124,""debugCoalesced"":0,""debugForwarded"":124,""debugDropped"":0},""telemetrySha256"":""bcf20a2b8a30e15bb17a5d81006f6b6d2c551af92f9a2db83e95415aa1cd6d95""}"
"42","disabled","17644","{""sha256"":""bc5cce821b9216fe02b16d736184c488ec8bb28f67a64eaee23b7a767c665840"",""bySideAndMethod"":{""baseline.orderUnits"":308,""baseline.placeBuilding"":7,""baseline.queueForProduction"":86,""baseline.quitGame"":703,""baseline.setUnitDebugText"":126,""baseline.toggleRepairWrench"":15,""baseline.unqueueFromProduction"":32,""candidate.orderUnits"":1916,""candidate.pauseProduction"":11,""candidate.placeBuilding"":8,""candidate.queueForProduction"":68,""candidate.resumeProduction"":10,""candidate.setUnitDebugText"":248,""candidate.unqueueFromProduction"":10}}",""
"42","separated_lanes_v2","24000","{""sha256"":""c766d7bd7f6830476604868900ca3478f6ee5a330337e04451989cd621b13bc5"",""bySideAndMethod"":{""baseline.orderUnits"":941,""baseline.placeBuilding"":6,""baseline.queueForProduction"":133,""baseline.setUnitDebugText"":415,""baseline.toggleRepairWrench"":2,""baseline.unqueueFromProduction"":52,""candidate.orderUnits"":1367,""candidate.pauseProduction"":30,""candidate.placeBuilding"":10,""candidate.queueForProduction"":88,""candidate.resumeProduction"":26,""candidate.setUnitDebugText"":119,""candidate.toggleRepairWrench"":18,""candidate.unqueueFromProduction"":20}}","{""kind"":""unified-intent-d1-telemetry-v1"",""complete"":true,""updates"":24000,""budgetMode"":""separated_lanes_v2"",""commandCeiling"":115,""commandCeilingEnforced"":true,""rollingUpdates"":900,""referenceCommandCeiling"":115,""referenceExceededUpdates"":0,""budgetDenialUpdates"":1793,""budgetDeniedUnitIdOccurrences"":9937,""budgetDeniedDebugCalls"":92,""maxRollingCommandCalls"":115,""maxPendingUnitIds"":19,""maxForwardedChunkSize"":21,""counters"":{""gameplayNonorderCalls"":192,""productionBatches"":142,""proposedCalls"":1614,""proposedUnitIds"":2571,""forwardedOrderCalls"":1367,""forwardedUnitIds"":2266,""sameUnitConflicts"":250,""duplicateSuppressions"":50,""invalidUnitIds"":5,""invalidTargets"":0,""invalidTiles"":0,""supersededPending"":250,""expiredPending"":0,""revokedPending"":0,""deferredUnitIds"":9937,""pendingUnitIds"":9937,""debugProposals"":211,""debugCoalesced"":0,""debugForwarded"":119,""debugDropped"":92},""telemetrySha256"":""9907393c835c3114816c3e840354b661e3b3451ff169cc6c61d3144e4ea5f41f""}"
"42","separated_lanes_unbounded_d1","17644","{""sha256"":""efb609474b0c405e0f19fd8e0b3be16a960aa7fbaca23bef1fe500bd0ea03657"",""bySideAndMethod"":{""baseline.orderUnits"":308,""baseline.placeBuilding"":7,""baseline.queueForProduction"":86,""baseline.quitGame"":703,""baseline.setUnitDebugText"":126,""baseline.toggleRepairWrench"":15,""baseline.unqueueFromProduction"":32,""candidate.orderUnits"":1832,""candidate.pauseProduction"":11,""candidate.placeBuilding"":8,""candidate.queueForProduction"":68,""candidate.resumeProduction"":10,""candidate.setUnitDebugText"":248,""candidate.unqueueFromProduction"":10}}","{""kind"":""unified-intent-d1-telemetry-v1"",""complete"":true,""updates"":17644,""budgetMode"":""separated_lanes_unbounded_d1"",""commandCeiling"":null,""commandCeilingEnforced"":false,""rollingUpdates"":900,""referenceCommandCeiling"":115,""referenceExceededUpdates"":7764,""budgetDenialUpdates"":0,""budgetDeniedUnitIdOccurrences"":0,""budgetDeniedDebugCalls"":0,""maxRollingCommandCalls"":206,""maxPendingUnitIds"":0,""maxForwardedChunkSize"":23,""counters"":{""gameplayNonorderCalls"":107,""productionBatches"":91,""proposedCalls"":1916,""proposedUnitIds"":3563,""forwardedOrderCalls"":1832,""forwardedUnitIds"":3560,""sameUnitConflicts"":0,""duplicateSuppressions"":3,""invalidUnitIds"":0,""invalidTargets"":0,""invalidTiles"":0,""supersededPending"":0,""expiredPending"":0,""revokedPending"":0,""deferredUnitIds"":0,""pendingUnitIds"":0,""debugProposals"":248,""debugCoalesced"":0,""debugForwarded"":248,""debugDropped"":0},""telemetrySha256"":""784028b38bfdef1b6d5af9776c7a9ddb7adae90ebda31239fb18369c61242fae""}"
"43","disabled","23474","{""sha256"":""b59825a3865e1c3a23ade7a7482ba583d2a0408ce2e12bae5622d024fece76dc"",""bySideAndMethod"":{""baseline.orderUnits"":927,""baseline.placeBuilding"":6,""baseline.queueForProduction"":142,""baseline.setUnitDebugText"":318,""baseline.toggleRepairWrench"":1,""baseline.unqueueFromProduction"":64,""candidate.orderUnits"":1877,""candidate.pauseProduction"":36,""candidate.placeBuilding"":9,""candidate.queueForProduction"":95,""candidate.resumeProduction"":32,""candidate.setUnitDebugText"":246,""candidate.toggleRepairWrench"":10,""candidate.unqueueFromProduction"":25}}",""
"43","separated_lanes_v2","24000","{""sha256"":""86de59cc2d0d0d7b2d4ac758ae42bec1ae34ae019cdbd06a6a27913952033f40"",""bySideAndMethod"":{""baseline.orderUnits"":1029,""baseline.placeBuilding"":11,""baseline.queueForProduction"":97,""baseline.setUnitDebugText"":165,""baseline.toggleRepairWrench"":27,""baseline.unqueueFromProduction"":28,""candidate.orderUnits"":1852,""candidate.pauseProduction"":33,""candidate.placeBuilding"":8,""candidate.queueForProduction"":91,""candidate.resumeProduction"":31,""candidate.setUnitDebugText"":149,""candidate.toggleRepairWrench"":3,""candidate.unqueueFromProduction"":18}}","{""kind"":""unified-intent-d1-telemetry-v1"",""complete"":true,""updates"":24000,""budgetMode"":""separated_lanes_v2"",""commandCeiling"":115,""commandCeilingEnforced"":true,""rollingUpdates"":900,""referenceCommandCeiling"":115,""referenceExceededUpdates"":0,""budgetDenialUpdates"":1938,""budgetDeniedUnitIdOccurrences"":10870,""budgetDeniedDebugCalls"":137,""maxRollingCommandCalls"":115,""maxPendingUnitIds"":19,""maxForwardedChunkSize"":21,""counters"":{""gameplayNonorderCalls"":184,""productionBatches"":149,""proposedCalls"":2107,""proposedUnitIds"":3016,""forwardedOrderCalls"":1852,""forwardedUnitIds"":2737,""sameUnitConflicts"":224,""duplicateSuppressions"":47,""invalidUnitIds"":3,""invalidTargets"":0,""invalidTiles"":0,""supersededPending"":224,""expiredPending"":5,""revokedPending"":0,""deferredUnitIds"":10870,""pendingUnitIds"":10870,""debugProposals"":286,""debugCoalesced"":0,""debugForwarded"":149,""debugDropped"":137},""telemetrySha256"":""df8dd2b8979e5c9e8af0e6ab71ac69d531bd10d213184f3f555f00dd06cbbd6d""}"
"43","separated_lanes_unbounded_d1","23474","{""sha256"":""2654dd92a9d77472a3e56081c547fa48b07921eb3aba2b81343f29ddca7e5fe5"",""bySideAndMethod"":{""baseline.orderUnits"":927,""baseline.placeBuilding"":6,""baseline.queueForProduction"":142,""baseline.setUnitDebugText"":318,""baseline.toggleRepairWrench"":1,""baseline.unqueueFromProduction"":64,""candidate.orderUnits"":1851,""candidate.pauseProduction"":36,""candidate.placeBuilding"":9,""candidate.queueForProduction"":95,""candidate.resumeProduction"":32,""candidate.setUnitDebugText"":246,""candidate.toggleRepairWrench"":10,""candidate.unqueueFromProduction"":25}}","{""kind"":""unified-intent-d1-telemetry-v1"",""complete"":true,""updates"":23474,""budgetMode"":""separated_lanes_unbounded_d1"",""commandCeiling"":null,""commandCeilingEnforced"":false,""rollingUpdates"":900,""referenceCommandCeiling"":115,""referenceExceededUpdates"":5640,""budgetDenialUpdates"":0,""budgetDeniedUnitIdOccurrences"":0,""budgetDeniedDebugCalls"":0,""maxRollingCommandCalls"":186,""maxPendingUnitIds"":0,""maxForwardedChunkSize"":23,""counters"":{""gameplayNonorderCalls"":207,""productionBatches"":147,""proposedCalls"":1877,""proposedUnitIds"":2796,""forwardedOrderCalls"":1851,""forwardedUnitIds"":2793,""sameUnitConflicts"":0,""duplicateSuppressions"":3,""invalidUnitIds"":0,""invalidTargets"":0,""invalidTiles"":0,""supersededPending"":0,""expiredPending"":0,""revokedPending"":0,""deferredUnitIds"":0,""pendingUnitIds"":0,""debugProposals"":246,""debugCoalesced"":0,""debugForwarded"":246,""debugDropped"":0},""telemetrySha256"":""85ea0983eb7db2e901a925886f27557b99681c7616034cb982a69605d1f6fa96""}"
"44","disabled","6562","{""sha256"":""9989d991c9d06a21f65f7c1c4d638766dee333a4f5113b21efe7367869fcceff"",""bySideAndMethod"":{""baseline.orderUnits"":379,""baseline.placeBuilding"":4,""baseline.queueForProduction"":30,""baseline.setUnitDebugText"":48,""baseline.unqueueFromProduction"":2,""candidate.orderUnits"":454,""candidate.pauseProduction"":18,""candidate.placeBuilding"":5,""candidate.queueForProduction"":43,""candidate.resumeProduction"":17,""candidate.setUnitDebugText"":79,""candidate.toggleRepairWrench"":9,""candidate.unqueueFromProduction"":12}}",""
"44","separated_lanes_v2","6538","{""sha256"":""c1ad2f5c8057a9108523f2345e8efb541e27194e733583e8a90c27c1c3a3563d"",""bySideAndMethod"":{""baseline.orderUnits"":391,""baseline.placeBuilding"":4,""baseline.queueForProduction"":30,""baseline.setUnitDebugText"":48,""baseline.unqueueFromProduction"":2,""candidate.orderUnits"":431,""candidate.pauseProduction"":19,""candidate.placeBuilding"":5,""candidate.queueForProduction"":42,""candidate.resumeProduction"":18,""candidate.setUnitDebugText"":72,""candidate.toggleRepairWrench"":9,""candidate.unqueueFromProduction"":13}}","{""kind"":""unified-intent-d1-telemetry-v1"",""complete"":true,""updates"":6538,""budgetMode"":""separated_lanes_v2"",""commandCeiling"":115,""commandCeilingEnforced"":true,""rollingUpdates"":900,""referenceCommandCeiling"":115,""referenceExceededUpdates"":0,""budgetDenialUpdates"":265,""budgetDeniedUnitIdOccurrences"":1182,""budgetDeniedDebugCalls"":3,""maxRollingCommandCalls"":115,""maxPendingUnitIds"":7,""maxForwardedChunkSize"":6,""counters"":{""gameplayNonorderCalls"":106,""productionBatches"":72,""proposedCalls"":455,""proposedUnitIds"":501,""forwardedOrderCalls"":431,""forwardedUnitIds"":473,""sameUnitConflicts"":17,""duplicateSuppressions"":5,""invalidUnitIds"":1,""invalidTargets"":5,""invalidTiles"":0,""supersededPending"":17,""expiredPending"":0,""revokedPending"":0,""deferredUnitIds"":1182,""pendingUnitIds"":1182,""debugProposals"":75,""debugCoalesced"":0,""debugForwarded"":72,""debugDropped"":3},""telemetrySha256"":""9fc083114c887fe9fc92e26b69dc39a615b51463ab1f272b5417e1909fbb359f""}"
"44","separated_lanes_unbounded_d1","6562","{""sha256"":""f5e6e1a92731271f6f9a325a9604ff62af6348ad8dc540f691c300d78564c976"",""bySideAndMethod"":{""baseline.orderUnits"":379,""baseline.placeBuilding"":4,""baseline.queueForProduction"":30,""baseline.setUnitDebugText"":48,""baseline.unqueueFromProduction"":2,""candidate.orderUnits"":450,""candidate.pauseProduction"":18,""candidate.placeBuilding"":5,""candidate.queueForProduction"":43,""candidate.resumeProduction"":17,""candidate.setUnitDebugText"":79,""candidate.toggleRepairWrench"":9,""candidate.unqueueFromProduction"":12}}","{""kind"":""unified-intent-d1-telemetry-v1"",""complete"":true,""updates"":6562,""budgetMode"":""separated_lanes_unbounded_d1"",""commandCeiling"":null,""commandCeilingEnforced"":false,""rollingUpdates"":900,""referenceCommandCeiling"":115,""referenceExceededUpdates"":876,""budgetDenialUpdates"":0,""budgetDeniedUnitIdOccurrences"":0,""budgetDeniedDebugCalls"":0,""maxRollingCommandCalls"":135,""maxPendingUnitIds"":0,""maxForwardedChunkSize"":6,""counters"":{""gameplayNonorderCalls"":104,""productionBatches"":71,""proposedCalls"":454,""proposedUnitIds"":502,""forwardedOrderCalls"":450,""forwardedUnitIds"":502,""sameUnitConflicts"":0,""duplicateSuppressions"":0,""invalidUnitIds"":0,""invalidTargets"":0,""invalidTiles"":0,""supersededPending"":0,""expiredPending"":0,""revokedPending"":0,""deferredUnitIds"":0,""pendingUnitIds"":0,""debugProposals"":79,""debugCoalesced"":0,""debugForwarded"":79,""debugDropped"":0},""telemetrySha256"":""4e118174afe9240473d83b77d00cabe93fdda3ce210bd5a99dbf3233fcb5df64""}"
"45","disabled","12616","{""sha256"":""7e96f8d22e97cae98083c103f9ce7c2393706b0ad9a0ef877fba19228f6bd077"",""bySideAndMethod"":{""baseline.orderUnits"":218,""baseline.placeBuilding"":6,""baseline.queueForProduction"":50,""baseline.quitGame"":61,""baseline.setUnitDebugText"":43,""baseline.toggleRepairWrench"":15,""baseline.unqueueFromProduction"":15,""candidate.orderUnits"":1777,""candidate.pauseProduction"":11,""candidate.placeBuilding"":7,""candidate.queueForProduction"":73,""candidate.resumeProduction"":10,""candidate.setUnitDebugText"":265,""candidate.unqueueFromProduction"":22}}",""
"45","separated_lanes_v2","13376","{""sha256"":""fc7bdee1ddf55a2eb2d08e6b627350462f9deaf4c56785902fa128062a843c61"",""bySideAndMethod"":{""baseline.orderUnits"":174,""baseline.placeBuilding"":7,""baseline.queueForProduction"":52,""baseline.setUnitDebugText"":39,""baseline.toggleRepairWrench"":15,""baseline.unqueueFromProduction"":17,""candidate.orderUnits"":1298,""candidate.pauseProduction"":15,""candidate.placeBuilding"":7,""candidate.queueForProduction"":68,""candidate.resumeProduction"":14,""candidate.setUnitDebugText"":120,""candidate.unqueueFromProduction"":15}}","{""kind"":""unified-intent-d1-telemetry-v1"",""complete"":true,""updates"":13376,""budgetMode"":""separated_lanes_v2"",""commandCeiling"":115,""commandCeilingEnforced"":true,""rollingUpdates"":900,""referenceCommandCeiling"":115,""referenceExceededUpdates"":0,""budgetDenialUpdates"":3612,""budgetDeniedUnitIdOccurrences"":17766,""budgetDeniedDebugCalls"":153,""maxRollingCommandCalls"":115,""maxPendingUnitIds"":20,""maxForwardedChunkSize"":15,""counters"":{""gameplayNonorderCalls"":119,""productionBatches"":106,""proposedCalls"":1696,""proposedUnitIds"":2814,""forwardedOrderCalls"":1298,""forwardedUnitIds"":2413,""sameUnitConflicts"":297,""duplicateSuppressions"":83,""invalidUnitIds"":5,""invalidTargets"":8,""invalidTiles"":0,""supersededPending"":300,""expiredPending"":5,""revokedPending"":0,""deferredUnitIds"":17766,""pendingUnitIds"":17766,""debugProposals"":273,""debugCoalesced"":0,""debugForwarded"":120,""debugDropped"":153},""telemetrySha256"":""132d4cd7be3ee934db1d597463d90a2f9d0b1ae43d0fd3e7bef83af6134d624a""}"
"45","separated_lanes_unbounded_d1","11374","{""sha256"":""92c5275f70dd456b7d9e35e9a3eb5d25ac08109281f2014e39f82f73dc31cf42"",""bySideAndMethod"":{""baseline.orderUnits"":211,""baseline.placeBuilding"":7,""baseline.queueForProduction"":59,""baseline.quitGame"":32,""baseline.setUnitDebugText"":41,""baseline.toggleRepairWrench"":17,""baseline.unqueueFromProduction"":22,""candidate.orderUnits"":1294,""candidate.pauseProduction"":11,""candidate.placeBuilding"":7,""candidate.queueForProduction"":72,""candidate.resumeProduction"":10,""candidate.setUnitDebugText"":168,""candidate.unqueueFromProduction"":22}}","{""kind"":""unified-intent-d1-telemetry-v1"",""complete"":true,""updates"":11374,""budgetMode"":""separated_lanes_unbounded_d1"",""commandCeiling"":null,""commandCeilingEnforced"":false,""rollingUpdates"":900,""referenceCommandCeiling"":115,""referenceExceededUpdates"":5796,""budgetDenialUpdates"":0,""budgetDeniedUnitIdOccurrences"":0,""budgetDeniedDebugCalls"":0,""maxRollingCommandCalls"":193,""maxPendingUnitIds"":0,""maxForwardedChunkSize"":12,""counters"":{""gameplayNonorderCalls"":122,""productionBatches"":109,""proposedCalls"":1355,""proposedUnitIds"":2149,""forwardedOrderCalls"":1294,""forwardedUnitIds"":2132,""sameUnitConflicts"":0,""duplicateSuppressions"":17,""invalidUnitIds"":0,""invalidTargets"":0,""invalidTiles"":0,""supersededPending"":0,""expiredPending"":0,""revokedPending"":0,""deferredUnitIds"":0,""pendingUnitIds"":0,""debugProposals"":168,""debugCoalesced"":0,""debugForwarded"":168,""debugDropped"":0},""telemetrySha256"":""27dab98508c841c8a2a744a78f20b17b73db8032822cd87e997a9766bcf47ca8""}"
"46","disabled","24000","{""sha256"":""3975d87f72a7a96581cf23c92382c9ef2d2c261d0162aedd51d2df7d620343e2"",""bySideAndMethod"":{""baseline.orderUnits"":752,""baseline.placeBuilding"":6,""baseline.queueForProduction"":73,""baseline.setUnitDebugText"":111,""baseline.unqueueFromProduction"":21,""candidate.orderUnits"":2377,""candidate.pauseProduction"":41,""candidate.placeBuilding"":11,""candidate.queueForProduction"":124,""candidate.resumeProduction"":40,""candidate.setUnitDebugText"":466,""candidate.toggleRepairWrench"":7,""candidate.unqueueFromProduction"":31}}",""
"46","separated_lanes_v2","24000","{""sha256"":""98849ef2e0d243ea1c32f4dd4dac3d01212073db8937aa325712d4af696109e6"",""bySideAndMethod"":{""baseline.orderUnits"":745,""baseline.placeBuilding"":6,""baseline.queueForProduction"":74,""baseline.setUnitDebugText"":113,""baseline.unqueueFromProduction"":22,""candidate.orderUnits"":1896,""candidate.pauseProduction"":56,""candidate.placeBuilding"":12,""candidate.queueForProduction"":114,""candidate.resumeProduction"":53,""candidate.setUnitDebugText"":130,""candidate.toggleRepairWrench"":4,""candidate.unqueueFromProduction"":32}}","{""kind"":""unified-intent-d1-telemetry-v1"",""complete"":true,""updates"":24000,""budgetMode"":""separated_lanes_v2"",""commandCeiling"":115,""commandCeilingEnforced"":true,""rollingUpdates"":900,""referenceCommandCeiling"":115,""referenceExceededUpdates"":0,""budgetDenialUpdates"":2061,""budgetDeniedUnitIdOccurrences"":6186,""budgetDeniedDebugCalls"":198,""maxRollingCommandCalls"":115,""maxPendingUnitIds"":13,""maxForwardedChunkSize"":14,""counters"":{""gameplayNonorderCalls"":271,""productionBatches"":203,""proposedCalls"":2235,""proposedUnitIds"":2736,""forwardedOrderCalls"":1896,""forwardedUnitIds"":2558,""sameUnitConflicts"":119,""duplicateSuppressions"":55,""invalidUnitIds"":3,""invalidTargets"":0,""invalidTiles"":0,""supersededPending"":119,""expiredPending"":1,""revokedPending"":0,""deferredUnitIds"":6186,""pendingUnitIds"":6186,""debugProposals"":328,""debugCoalesced"":0,""debugForwarded"":130,""debugDropped"":198},""telemetrySha256"":""429bd47bf0d8216b789377ce847efbae0e61358cfaae30caeca99924e2637d16""}"
"46","separated_lanes_unbounded_d1","24000","{""sha256"":""4c28434e1cd19593dd25964bb2eee961cacafe86a7cb839fcd78633403cc7486"",""bySideAndMethod"":{""baseline.orderUnits"":752,""baseline.placeBuilding"":6,""baseline.queueForProduction"":73,""baseline.setUnitDebugText"":111,""baseline.unqueueFromProduction"":21,""candidate.orderUnits"":2027,""candidate.pauseProduction"":41,""candidate.placeBuilding"":11,""candidate.queueForProduction"":124,""candidate.resumeProduction"":40,""candidate.setUnitDebugText"":466,""candidate.toggleRepairWrench"":7,""candidate.unqueueFromProduction"":31}}","{""kind"":""unified-intent-d1-telemetry-v1"",""complete"":true,""updates"":24000,""budgetMode"":""separated_lanes_unbounded_d1"",""commandCeiling"":null,""commandCeilingEnforced"":false,""rollingUpdates"":900,""referenceCommandCeiling"":115,""referenceExceededUpdates"":6481,""budgetDenialUpdates"":0,""budgetDeniedUnitIdOccurrences"":0,""budgetDeniedDebugCalls"":0,""maxRollingCommandCalls"":270,""maxPendingUnitIds"":0,""maxForwardedChunkSize"":15,""counters"":{""gameplayNonorderCalls"":254,""productionBatches"":199,""proposedCalls"":2377,""proposedUnitIds"":3239,""forwardedOrderCalls"":2027,""forwardedUnitIds"":3233,""sameUnitConflicts"":0,""duplicateSuppressions"":6,""invalidUnitIds"":0,""invalidTargets"":0,""invalidTiles"":0,""supersededPending"":0,""expiredPending"":0,""revokedPending"":0,""deferredUnitIds"":0,""pendingUnitIds"":0,""debugProposals"":466,""debugCoalesced"":0,""debugForwarded"":466,""debugDropped"":0},""telemetrySha256"":""cbebd2cb0221e2b72a0ec50d189d625544dc2de9dd12cc52459fb545c21da9dd""}"
"47","disabled","24000","{""sha256"":""1939c517dc9673812796cfdcad3e21e2d5c283e9eb3edf5f19461af06eef0e8e"",""bySideAndMethod"":{""baseline.orderUnits"":705,""baseline.placeBuilding"":7,""baseline.queueForProduction"":62,""baseline.setUnitDebugText"":111,""baseline.toggleRepairWrench"":2,""baseline.unqueueFromProduction"":16,""candidate.orderUnits"":2565,""candidate.pauseProduction"":55,""candidate.placeBuilding"":9,""candidate.queueForProduction"":126,""candidate.resumeProduction"":53,""candidate.setUnitDebugText"":626,""candidate.toggleRepairWrench"":3,""candidate.unqueueFromProduction"":39}}",""
"47","separated_lanes_v2","24000","{""sha256"":""569ea1406ba5aa0e7516575409fd2b21ab70e115c63ccaa889b5bcf2023ebc65"",""bySideAndMethod"":{""baseline.orderUnits"":715,""baseline.placeBuilding"":8,""baseline.queueForProduction"":68,""baseline.setUnitDebugText"":104,""baseline.unqueueFromProduction"":16,""candidate.orderUnits"":2041,""candidate.pauseProduction"":50,""candidate.placeBuilding"":10,""candidate.queueForProduction"":137,""candidate.resumeProduction"":46,""candidate.setUnitDebugText"":300,""candidate.toggleRepairWrench"":4,""candidate.unqueueFromProduction"":27}}","{""kind"":""unified-intent-d1-telemetry-v1"",""complete"":true,""updates"":24000,""budgetMode"":""separated_lanes_v2"",""commandCeiling"":115,""commandCeilingEnforced"":true,""rollingUpdates"":900,""referenceCommandCeiling"":115,""referenceExceededUpdates"":0,""budgetDenialUpdates"":3081,""budgetDeniedUnitIdOccurrences"":12810,""budgetDeniedDebugCalls"":483,""maxRollingCommandCalls"":115,""maxPendingUnitIds"":26,""maxForwardedChunkSize"":19,""counters"":{""gameplayNonorderCalls"":274,""productionBatches"":219,""proposedCalls"":2770,""proposedUnitIds"":4612,""forwardedOrderCalls"":2041,""forwardedUnitIds"":3530,""sameUnitConflicts"":362,""duplicateSuppressions"":57,""invalidUnitIds"":2,""invalidTargets"":11,""invalidTiles"":0,""supersededPending"":367,""expiredPending"":0,""revokedPending"":650,""deferredUnitIds"":12810,""pendingUnitIds"":12810,""debugProposals"":783,""debugCoalesced"":0,""debugForwarded"":300,""debugDropped"":483},""telemetrySha256"":""1bdef86eafe0e04df30fb44934d34a688ee5ce88ec8d4ecf3509fb0cd9afd683""}"
"47","separated_lanes_unbounded_d1","24000","{""sha256"":""cd9ccdcf5c0fd5f1abf1a3ef7b462f84ce2242ee2bef80e3a16d1a02a2b0e4a4"",""bySideAndMethod"":{""baseline.orderUnits"":705,""baseline.placeBuilding"":7,""baseline.queueForProduction"":62,""baseline.setUnitDebugText"":111,""baseline.toggleRepairWrench"":2,""baseline.unqueueFromProduction"":16,""candidate.orderUnits"":2017,""candidate.pauseProduction"":55,""candidate.placeBuilding"":9,""candidate.queueForProduction"":126,""candidate.resumeProduction"":53,""candidate.setUnitDebugText"":626,""candidate.toggleRepairWrench"":3,""candidate.unqueueFromProduction"":39}}","{""kind"":""unified-intent-d1-telemetry-v1"",""complete"":true,""updates"":24000,""budgetMode"":""separated_lanes_unbounded_d1"",""commandCeiling"":null,""commandCeilingEnforced"":false,""rollingUpdates"":900,""referenceCommandCeiling"":115,""referenceExceededUpdates"":6468,""budgetDenialUpdates"":0,""budgetDeniedUnitIdOccurrences"":0,""budgetDeniedDebugCalls"":0,""maxRollingCommandCalls"":431,""maxPendingUnitIds"":0,""maxForwardedChunkSize"":13,""counters"":{""gameplayNonorderCalls"":285,""productionBatches"":210,""proposedCalls"":2565,""proposedUnitIds"":3399,""forwardedOrderCalls"":2017,""forwardedUnitIds"":3396,""sameUnitConflicts"":0,""duplicateSuppressions"":3,""invalidUnitIds"":0,""invalidTargets"":0,""invalidTiles"":0,""supersededPending"":0,""expiredPending"":0,""revokedPending"":0,""deferredUnitIds"":0,""pendingUnitIds"":0,""debugProposals"":626,""debugCoalesced"":0,""debugForwarded"":626,""debugDropped"":0},""telemetrySha256"":""a4a6ed3f0fdbc4c84ee8aaef7391baca140c4c836f7611e76e640d92c55f8c97""}"
"48","disabled","8785","{""sha256"":""20470011b564316b2b8c4e8f7d06d663ad3ec7d47c69ce213b1fd898fcde7100"",""bySideAndMethod"":{""baseline.orderUnits"":517,""baseline.placeBuilding"":6,""baseline.queueForProduction"":41,""baseline.setUnitDebugText"":72,""baseline.toggleRepairWrench"":1,""baseline.unqueueFromProduction"":8,""candidate.orderUnits"":578,""candidate.pauseProduction"":12,""candidate.placeBuilding"":5,""candidate.queueForProduction"":38,""candidate.resumeProduction"":11,""candidate.setUnitDebugText"":59,""candidate.toggleRepairWrench"":8,""candidate.unqueueFromProduction"":8}}",""
"48","separated_lanes_v2","7684","{""sha256"":""2db5256c8946101af594cc86acc73cc28612db8c983309de62436d68eb13b361"",""bySideAndMethod"":{""baseline.orderUnits"":430,""baseline.placeBuilding"":5,""baseline.queueForProduction"":36,""baseline.setUnitDebugText"":25,""baseline.unqueueFromProduction"":6,""candidate.orderUnits"":481,""candidate.pauseProduction"":10,""candidate.placeBuilding"":5,""candidate.queueForProduction"":35,""candidate.resumeProduction"":9,""candidate.setUnitDebugText"":57,""candidate.toggleRepairWrench"":2,""candidate.unqueueFromProduction"":7}}","{""kind"":""unified-intent-d1-telemetry-v1"",""complete"":true,""updates"":7684,""budgetMode"":""separated_lanes_v2"",""commandCeiling"":115,""commandCeilingEnforced"":true,""rollingUpdates"":900,""referenceCommandCeiling"":115,""referenceExceededUpdates"":0,""budgetDenialUpdates"":204,""budgetDeniedUnitIdOccurrences"":384,""budgetDeniedDebugCalls"":0,""maxRollingCommandCalls"":115,""maxPendingUnitIds"":3,""maxForwardedChunkSize"":7,""counters"":{""gameplayNonorderCalls"":68,""productionBatches"":50,""proposedCalls"":486,""proposedUnitIds"":554,""forwardedOrderCalls"":481,""forwardedUnitIds"":548,""sameUnitConflicts"":2,""duplicateSuppressions"":4,""invalidUnitIds"":0,""invalidTargets"":0,""invalidTiles"":0,""supersededPending"":2,""expiredPending"":0,""revokedPending"":0,""deferredUnitIds"":384,""pendingUnitIds"":384,""debugProposals"":57,""debugCoalesced"":0,""debugForwarded"":57,""debugDropped"":0},""telemetrySha256"":""9ab78d4f8b86af2c1bf093cc8bce8f4a1876ba21a11faed171e853122bcd16a3""}"
"48","separated_lanes_unbounded_d1","24000","{""sha256"":""cc06482be72c832a68eecb1c012a6c1699b36cbf67b1fd16f99f59d383d0c45e"",""bySideAndMethod"":{""baseline.orderUnits"":930,""baseline.placeBuilding"":8,""baseline.queueForProduction"":79,""baseline.setUnitDebugText"":199,""baseline.toggleRepairWrench"":1,""baseline.unqueueFromProduction"":35,""candidate.orderUnits"":738,""candidate.pauseProduction"":15,""candidate.placeBuilding"":5,""candidate.queueForProduction"":42,""candidate.resumeProduction"":12,""candidate.setUnitDebugText"":85,""candidate.toggleRepairWrench"":3,""candidate.unqueueFromProduction"":10}}","{""kind"":""unified-intent-d1-telemetry-v1"",""complete"":true,""updates"":24000,""budgetMode"":""separated_lanes_unbounded_d1"",""commandCeiling"":null,""commandCeilingEnforced"":false,""rollingUpdates"":900,""referenceCommandCeiling"":115,""referenceExceededUpdates"":348,""budgetDenialUpdates"":0,""budgetDeniedUnitIdOccurrences"":0,""budgetDeniedDebugCalls"":0,""maxRollingCommandCalls"":121,""maxPendingUnitIds"":0,""maxForwardedChunkSize"":7,""counters"":{""gameplayNonorderCalls"":87,""productionBatches"":65,""proposedCalls"":816,""proposedUnitIds"":887,""forwardedOrderCalls"":738,""forwardedUnitIds"":883,""sameUnitConflicts"":0,""duplicateSuppressions"":4,""invalidUnitIds"":0,""invalidTargets"":0,""invalidTiles"":0,""supersededPending"":0,""expiredPending"":0,""revokedPending"":0,""deferredUnitIds"":0,""pendingUnitIds"":0,""debugProposals"":85,""debugCoalesced"":0,""debugForwarded"":85,""debugDropped"":0},""telemetrySha256"":""eaa98f33366e1681ae7ce6d6cc41c794d3b365e785a015772cd69f0d4913c28d""}"
"49","disabled","10936","{""sha256"":""28dedcdaed7e69e031fe859d17054297a74ba20e6de22d9f593057e65e0195f3"",""bySideAndMethod"":{""baseline.orderUnits"":131,""baseline.placeBuilding"":8,""baseline.queueForProduction"":70,""baseline.quitGame"":318,""baseline.setUnitDebugText"":73,""baseline.toggleRepairWrench"":18,""baseline.unqueueFromProduction"":33,""candidate.orderUnits"":727,""candidate.pauseProduction"":5,""candidate.placeBuilding"":7,""candidate.queueForProduction"":49,""candidate.resumeProduction"":4,""candidate.setUnitDebugText"":173,""candidate.unqueueFromProduction"":17}}",""
"49","separated_lanes_v2","20015","{""sha256"":""315dfa8e4afe9089ac9d8e2c8c611ea1dd8ab9162eaffa30bb8ed1694ad86029"",""bySideAndMethod"":{""baseline.orderUnits"":426,""baseline.placeBuilding"":9,""baseline.queueForProduction"":77,""baseline.setUnitDebugText"":101,""baseline.toggleRepairWrench"":24,""baseline.unqueueFromProduction"":31,""candidate.activateSuperWeapon"":2,""candidate.orderUnits"":1107,""candidate.pauseProduction"":9,""candidate.placeBuilding"":9,""candidate.queueForProduction"":52,""candidate.resumeProduction"":9,""candidate.setUnitDebugText"":250,""candidate.unqueueFromProduction"":16}}","{""kind"":""unified-intent-d1-telemetry-v1"",""complete"":true,""updates"":20015,""budgetMode"":""separated_lanes_v2"",""commandCeiling"":115,""commandCeilingEnforced"":true,""rollingUpdates"":900,""referenceCommandCeiling"":115,""referenceExceededUpdates"":0,""budgetDenialUpdates"":701,""budgetDeniedUnitIdOccurrences"":9036,""budgetDeniedDebugCalls"":88,""maxRollingCommandCalls"":115,""maxPendingUnitIds"":19,""maxForwardedChunkSize"":19,""counters"":{""gameplayNonorderCalls"":97,""productionBatches"":82,""proposedCalls"":1140,""proposedUnitIds"":6775,""forwardedOrderCalls"":1107,""forwardedUnitIds"":6685,""sameUnitConflicts"":73,""duplicateSuppressions"":17,""invalidUnitIds"":0,""invalidTargets"":0,""invalidTiles"":0,""supersededPending"":44,""expiredPending"":0,""revokedPending"":0,""deferredUnitIds"":9036,""pendingUnitIds"":9036,""debugProposals"":338,""debugCoalesced"":0,""debugForwarded"":250,""debugDropped"":88},""telemetrySha256"":""f0ffa9374b62f12d8f74f5572134e6bf5ecfc6552a3df756d73221b3765599dc""}"
"49","separated_lanes_unbounded_d1","7264","{""sha256"":""235697d3529c57af7c9e7a0a4874786615ab5129fc480e20a84002d5956102d8"",""bySideAndMethod"":{""baseline.orderUnits"":128,""baseline.placeBuilding"":6,""baseline.queueForProduction"":62,""baseline.quitGame"":20,""baseline.setUnitDebugText"":83,""baseline.toggleRepairWrench"":11,""baseline.unqueueFromProduction"":29,""candidate.orderUnits"":540,""candidate.pauseProduction"":4,""candidate.placeBuilding"":6,""candidate.queueForProduction"":40,""candidate.resumeProduction"":3,""candidate.setUnitDebugText"":116,""candidate.unqueueFromProduction"":10}}","{""kind"":""unified-intent-d1-telemetry-v1"",""complete"":true,""updates"":7264,""budgetMode"":""separated_lanes_unbounded_d1"",""commandCeiling"":null,""commandCeilingEnforced"":false,""rollingUpdates"":900,""referenceCommandCeiling"":115,""referenceExceededUpdates"":936,""budgetDenialUpdates"":0,""budgetDeniedUnitIdOccurrences"":0,""budgetDeniedDebugCalls"":0,""maxRollingCommandCalls"":167,""maxPendingUnitIds"":0,""maxForwardedChunkSize"":10,""counters"":{""gameplayNonorderCalls"":63,""productionBatches"":53,""proposedCalls"":545,""proposedUnitIds"":1080,""forwardedOrderCalls"":540,""forwardedUnitIds"":1072,""sameUnitConflicts"":0,""duplicateSuppressions"":8,""invalidUnitIds"":0,""invalidTargets"":0,""invalidTiles"":0,""supersededPending"":0,""expiredPending"":0,""revokedPending"":0,""deferredUnitIds"":0,""pendingUnitIds"":0,""debugProposals"":116,""debugCoalesced"":0,""debugForwarded"":116,""debugDropped"":0},""telemetrySha256"":""090ea7718f124f764cc8b00ac0741adc408a640e41e5187304331aee5535e554""}"
"50","disabled","8077","{""sha256"":""4484b077cfc8f3579cd6f31e1bb5f63fa66f34282900f20aa0d90433410b5579"",""bySideAndMethod"":{""baseline.orderUnits"":196,""baseline.placeBuilding"":6,""baseline.queueForProduction"":60,""baseline.setUnitDebugText"":92,""baseline.toggleRepairWrench"":3,""baseline.unqueueFromProduction"":23,""candidate.orderUnits"":925,""candidate.pauseProduction"":3,""candidate.placeBuilding"":6,""candidate.queueForProduction"":55,""candidate.resumeProduction"":2,""candidate.setUnitDebugText"":139,""candidate.unqueueFromProduction"":5}}",""
"50","separated_lanes_v2","16938","{""sha256"":""621f77ca2e38a87f9f5594c195cb66cbe7ac4a068fa7208aa81cd9b05843c738"",""bySideAndMethod"":{""baseline.orderUnits"":765,""baseline.placeBuilding"":6,""baseline.queueForProduction"":118,""baseline.setUnitDebugText"":255,""baseline.unqueueFromProduction"":45,""candidate.orderUnits"":1417,""candidate.pauseProduction"":20,""candidate.placeBuilding"":11,""candidate.queueForProduction"":61,""candidate.resumeProduction"":19,""candidate.setUnitDebugText"":95,""candidate.toggleRepairWrench"":11,""candidate.unqueueFromProduction"":12}}","{""kind"":""unified-intent-d1-telemetry-v1"",""complete"":true,""updates"":16938,""budgetMode"":""separated_lanes_v2"",""commandCeiling"":115,""commandCeilingEnforced"":true,""rollingUpdates"":900,""referenceCommandCeiling"":115,""referenceExceededUpdates"":0,""budgetDenialUpdates"":1266,""budgetDeniedUnitIdOccurrences"":5866,""budgetDeniedDebugCalls"":43,""maxRollingCommandCalls"":115,""maxPendingUnitIds"":20,""maxForwardedChunkSize"":18,""counters"":{""gameplayNonorderCalls"":134,""productionBatches"":102,""proposedCalls"":1570,""proposedUnitIds"":2072,""forwardedOrderCalls"":1417,""forwardedUnitIds"":1877,""sameUnitConflicts"":145,""duplicateSuppressions"":45,""invalidUnitIds"":3,""invalidTargets"":2,""invalidTiles"":0,""supersededPending"":145,""expiredPending"":0,""revokedPending"":0,""deferredUnitIds"":5866,""pendingUnitIds"":5866,""debugProposals"":138,""debugCoalesced"":0,""debugForwarded"":95,""debugDropped"":43},""telemetrySha256"":""9904b2ac40a2eb262c06d9f691cb12367ef411d3305ebb2e9b3879b5b59de81a""}"
"50","separated_lanes_unbounded_d1","8077","{""sha256"":""a7cf27ad9df252c96cb3c7a52a71d8bf2b26f9f048e2f5e025bf9a1b31fc78ec"",""bySideAndMethod"":{""baseline.orderUnits"":196,""baseline.placeBuilding"":6,""baseline.queueForProduction"":60,""baseline.setUnitDebugText"":92,""baseline.toggleRepairWrench"":3,""baseline.unqueueFromProduction"":23,""candidate.orderUnits"":921,""candidate.pauseProduction"":3,""candidate.placeBuilding"":6,""candidate.queueForProduction"":55,""candidate.resumeProduction"":2,""candidate.setUnitDebugText"":139,""candidate.unqueueFromProduction"":5}}","{""kind"":""unified-intent-d1-telemetry-v1"",""complete"":true,""updates"":8077,""budgetMode"":""separated_lanes_unbounded_d1"",""commandCeiling"":null,""commandCeilingEnforced"":false,""rollingUpdates"":900,""referenceCommandCeiling"":115,""referenceExceededUpdates"":5402,""budgetDenialUpdates"":0,""budgetDeniedUnitIdOccurrences"":0,""budgetDeniedDebugCalls"":0,""maxRollingCommandCalls"":187,""maxPendingUnitIds"":0,""maxForwardedChunkSize"":23,""counters"":{""gameplayNonorderCalls"":71,""productionBatches"":62,""proposedCalls"":925,""proposedUnitIds"":2105,""forwardedOrderCalls"":921,""forwardedUnitIds"":2102,""sameUnitConflicts"":0,""duplicateSuppressions"":3,""invalidUnitIds"":0,""invalidTargets"":0,""invalidTiles"":0,""supersededPending"":0,""expiredPending"":0,""revokedPending"":0,""deferredUnitIds"":0,""pendingUnitIds"":0,""debugProposals"":139,""debugCoalesced"":0,""debugForwarded"":139,""debugDropped"":0},""telemetrySha256"":""1bfec74b937ceb9c229b0be8956726ede562c62a4613b1bcb79ad9051ecb12b7""}"
"51","disabled","8222","{""sha256"":""1696b97810e1c4b8b82e6db1a357da7393f9943267341e1869932324549f67b7"",""bySideAndMethod"":{""baseline.orderUnits"":235,""baseline.placeBuilding"":8,""baseline.queueForProduction"":75,""baseline.setUnitDebugText"":101,""baseline.toggleRepairWrench"":14,""baseline.unqueueFromProduction"":29,""candidate.orderUnits"":967,""candidate.pauseProduction"":3,""candidate.placeBuilding"":6,""candidate.queueForProduction"":55,""candidate.resumeProduction"":2,""candidate.setUnitDebugText"":139,""candidate.unqueueFromProduction"":5}}",""
"51","separated_lanes_v2","24000","{""sha256"":""60c1386aa6d95fd9fe694eb448daa867c267d4b584f956e7932f4a8a8516c004"",""bySideAndMethod"":{""baseline.orderUnits"":1016,""baseline.placeBuilding"":6,""baseline.queueForProduction"":131,""baseline.setUnitDebugText"":316,""baseline.toggleRepairWrench"":1,""baseline.unqueueFromProduction"":66,""candidate.orderUnits"":1485,""candidate.pauseProduction"":38,""candidate.placeBuilding"":9,""candidate.queueForProduction"":77,""candidate.resumeProduction"":34,""candidate.setUnitDebugText"":127,""candidate.toggleRepairWrench"":5,""candidate.unqueueFromProduction"":15}}","{""kind"":""unified-intent-d1-telemetry-v1"",""complete"":true,""updates"":24000,""budgetMode"":""separated_lanes_v2"",""commandCeiling"":115,""commandCeilingEnforced"":true,""rollingUpdates"":900,""referenceCommandCeiling"":115,""referenceExceededUpdates"":0,""budgetDenialUpdates"":1243,""budgetDeniedUnitIdOccurrences"":5469,""budgetDeniedDebugCalls"":44,""maxRollingCommandCalls"":115,""maxPendingUnitIds"":20,""maxForwardedChunkSize"":22,""counters"":{""gameplayNonorderCalls"":178,""productionBatches"":133,""proposedCalls"":1668,""proposedUnitIds"":2329,""forwardedOrderCalls"":1485,""forwardedUnitIds"":2140,""sameUnitConflicts"":143,""duplicateSuppressions"":45,""invalidUnitIds"":1,""invalidTargets"":0,""invalidTiles"":0,""supersededPending"":143,""expiredPending"":0,""revokedPending"":0,""deferredUnitIds"":5469,""pendingUnitIds"":5469,""debugProposals"":171,""debugCoalesced"":0,""debugForwarded"":127,""debugDropped"":44},""telemetrySha256"":""94d639bef48ca3747969945726fa3369c58e3ec35b0d4fa86c4b864a71734683""}"
"51","separated_lanes_unbounded_d1","8222","{""sha256"":""596e4fd724f06a03924cb437268514b892bb383f31a243278fd51d310cc3c0bb"",""bySideAndMethod"":{""baseline.orderUnits"":235,""baseline.placeBuilding"":8,""baseline.queueForProduction"":75,""baseline.setUnitDebugText"":101,""baseline.toggleRepairWrench"":14,""baseline.unqueueFromProduction"":29,""candidate.orderUnits"":959,""candidate.pauseProduction"":3,""candidate.placeBuilding"":6,""candidate.queueForProduction"":55,""candidate.resumeProduction"":2,""candidate.setUnitDebugText"":139,""candidate.unqueueFromProduction"":5}}","{""kind"":""unified-intent-d1-telemetry-v1"",""complete"":true,""updates"":8222,""budgetMode"":""separated_lanes_unbounded_d1"",""commandCeiling"":null,""commandCeilingEnforced"":false,""rollingUpdates"":900,""referenceCommandCeiling"":115,""referenceExceededUpdates"":5964,""budgetDenialUpdates"":0,""budgetDeniedUnitIdOccurrences"":0,""budgetDeniedDebugCalls"":0,""maxRollingCommandCalls"":187,""maxPendingUnitIds"":0,""maxForwardedChunkSize"":23,""counters"":{""gameplayNonorderCalls"":71,""productionBatches"":62,""proposedCalls"":967,""proposedUnitIds"":2219,""forwardedOrderCalls"":959,""forwardedUnitIds"":2216,""sameUnitConflicts"":0,""duplicateSuppressions"":3,""invalidUnitIds"":0,""invalidTargets"":0,""invalidTiles"":0,""supersededPending"":0,""expiredPending"":0,""revokedPending"":0,""deferredUnitIds"":0,""pendingUnitIds"":0,""debugProposals"":139,""debugCoalesced"":0,""debugForwarded"":139,""debugDropped"":0},""telemetrySha256"":""4a08a4e046032f47a688ec85e0686db0adfb6300b0cae191f2a79f4dab1cad29""}"
"52","disabled","6454","{""sha256"":""bdce2d886b80296a5b189a42cebcfc55f0abd98d7825d86848e8fb87483bb54b"",""bySideAndMethod"":{""baseline.orderUnits"":379,""baseline.placeBuilding"":4,""baseline.queueForProduction"":33,""baseline.setUnitDebugText"":59,""baseline.unqueueFromProduction"":3,""candidate.orderUnits"":451,""candidate.pauseProduction"":20,""candidate.placeBuilding"":5,""candidate.queueForProduction"":42,""candidate.resumeProduction"":19,""candidate.setUnitDebugText"":80,""candidate.toggleRepairWrench"":8,""candidate.unqueueFromProduction"":12}}",""
"52","separated_lanes_v2","6730","{""sha256"":""aab8156ead7e21d27d610f44eae486315a25a9fe6ea3b02a6c7835dd5b8a5a14"",""bySideAndMethod"":{""baseline.orderUnits"":411,""baseline.placeBuilding"":4,""baseline.queueForProduction"":33,""baseline.setUnitDebugText"":59,""baseline.unqueueFromProduction"":3,""candidate.orderUnits"":449,""candidate.pauseProduction"":20,""candidate.placeBuilding"":5,""candidate.queueForProduction"":45,""candidate.resumeProduction"":19,""candidate.setUnitDebugText"":78,""candidate.toggleRepairWrench"":8,""candidate.unqueueFromProduction"":12}}","{""kind"":""unified-intent-d1-telemetry-v1"",""complete"":true,""updates"":6730,""budgetMode"":""separated_lanes_v2"",""commandCeiling"":115,""commandCeilingEnforced"":true,""rollingUpdates"":900,""referenceCommandCeiling"":115,""referenceExceededUpdates"":0,""budgetDenialUpdates"":266,""budgetDeniedUnitIdOccurrences"":852,""budgetDeniedDebugCalls"":3,""maxRollingCommandCalls"":115,""maxPendingUnitIds"":6,""maxForwardedChunkSize"":5,""counters"":{""gameplayNonorderCalls"":109,""productionBatches"":77,""proposedCalls"":472,""proposedUnitIds"":515,""forwardedOrderCalls"":449,""forwardedUnitIds"":490,""sameUnitConflicts"":21,""duplicateSuppressions"":4,""invalidUnitIds"":0,""invalidTargets"":0,""invalidTiles"":0,""supersededPending"":21,""expiredPending"":0,""revokedPending"":0,""deferredUnitIds"":852,""pendingUnitIds"":852,""debugProposals"":81,""debugCoalesced"":0,""debugForwarded"":78,""debugDropped"":3},""telemetrySha256"":""ae201371fee3e0fde1ec2a458847d419d1e20ed0b1e393663856be7a705d3925""}"
"52","separated_lanes_unbounded_d1","6454","{""sha256"":""f56df2f25f04d433ee8c7dbb4ce171e53f1583e06d5c091b6d797d13f82dc878"",""bySideAndMethod"":{""baseline.orderUnits"":379,""baseline.placeBuilding"":4,""baseline.queueForProduction"":33,""baseline.setUnitDebugText"":59,""baseline.unqueueFromProduction"":3,""candidate.orderUnits"":449,""candidate.pauseProduction"":20,""candidate.placeBuilding"":5,""candidate.queueForProduction"":42,""candidate.resumeProduction"":19,""candidate.setUnitDebugText"":80,""candidate.toggleRepairWrench"":8,""candidate.unqueueFromProduction"":12}}","{""kind"":""unified-intent-d1-telemetry-v1"",""complete"":true,""updates"":6454,""budgetMode"":""separated_lanes_unbounded_d1"",""commandCeiling"":null,""commandCeilingEnforced"":false,""rollingUpdates"":900,""referenceCommandCeiling"":115,""referenceExceededUpdates"":876,""budgetDenialUpdates"":0,""budgetDeniedUnitIdOccurrences"":0,""budgetDeniedDebugCalls"":0,""maxRollingCommandCalls"":135,""maxPendingUnitIds"":0,""maxForwardedChunkSize"":6,""counters"":{""gameplayNonorderCalls"":106,""productionBatches"":74,""proposedCalls"":451,""proposedUnitIds"":500,""forwardedOrderCalls"":449,""forwardedUnitIds"":500,""sameUnitConflicts"":0,""duplicateSuppressions"":0,""invalidUnitIds"":0,""invalidTargets"":0,""invalidTiles"":0,""supersededPending"":0,""expiredPending"":0,""revokedPending"":0,""deferredUnitIds"":0,""pendingUnitIds"":0,""debugProposals"":80,""debugCoalesced"":0,""debugForwarded"":80,""debugDropped"":0},""telemetrySha256"":""8b10ea9c3b3020a662ba0e9c92ece9deb6bf4b28f50345ae2b0c3ef46631f467""}"
"53","disabled","10036","{""sha256"":""12350040e37b5a520dff450e472512eb6b3c33b1bba1481c5514e134990b1e52"",""bySideAndMethod"":{""baseline.orderUnits"":183,""baseline.placeBuilding"":5,""baseline.queueForProduction"":56,""baseline.quitGame"":33,""baseline.setUnitDebugText"":46,""baseline.toggleRepairWrench"":9,""baseline.unqueueFromProduction"":20,""candidate.orderUnits"":1234,""candidate.pauseProduction"":8,""candidate.placeBuilding"":7,""candidate.queueForProduction"":53,""candidate.resumeProduction"":8,""candidate.setUnitDebugText"":193,""candidate.unqueueFromProduction"":7}}",""
"53","separated_lanes_v2","11146","{""sha256"":""0ab9043fbba32a8e28085c64d2256f90649d466879aa34cc8cf2b543582caa47"",""bySideAndMethod"":{""baseline.orderUnits"":173,""baseline.placeBuilding"":7,""baseline.queueForProduction"":53,""baseline.quitGame"":64,""baseline.setUnitDebugText"":42,""baseline.toggleRepairWrench"":14,""baseline.unqueueFromProduction"":20,""candidate.orderUnits"":1091,""candidate.pauseProduction"":9,""candidate.placeBuilding"":7,""candidate.queueForProduction"":53,""candidate.resumeProduction"":8,""candidate.setUnitDebugText"":70,""candidate.unqueueFromProduction"":7}}","{""kind"":""unified-intent-d1-telemetry-v1"",""complete"":true,""updates"":11146,""budgetMode"":""separated_lanes_v2"",""commandCeiling"":115,""commandCeilingEnforced"":true,""rollingUpdates"":900,""referenceCommandCeiling"":115,""referenceExceededUpdates"":0,""budgetDenialUpdates"":3173,""budgetDeniedUnitIdOccurrences"":16701,""budgetDeniedDebugCalls"":75,""maxRollingCommandCalls"":115,""maxPendingUnitIds"":19,""maxForwardedChunkSize"":15,""counters"":{""gameplayNonorderCalls"":84,""productionBatches"":72,""proposedCalls"":1366,""proposedUnitIds"":2138,""forwardedOrderCalls"":1091,""forwardedUnitIds"":1811,""sameUnitConflicts"":245,""duplicateSuppressions"":58,""invalidUnitIds"":3,""invalidTargets"":20,""invalidTiles"":0,""supersededPending"":260,""expiredPending"":1,""revokedPending"":0,""deferredUnitIds"":16701,""pendingUnitIds"":16701,""debugProposals"":145,""debugCoalesced"":0,""debugForwarded"":70,""debugDropped"":75},""telemetrySha256"":""4c5244d07ba82bca8aba1ff878f8e0d054c91c7cbedf75ca880e8359e2d94f74""}"
"53","separated_lanes_unbounded_d1","10485","{""sha256"":""112441404a8f8c5eab6e60bc4dbfd31d21d15f45d17f5b81cef211428e4c565e"",""bySideAndMethod"":{""baseline.orderUnits"":211,""baseline.placeBuilding"":6,""baseline.queueForProduction"":53,""baseline.quitGame"":48,""baseline.setUnitDebugText"":42,""baseline.toggleRepairWrench"":15,""baseline.unqueueFromProduction"":18,""candidate.orderUnits"":1157,""candidate.pauseProduction"":9,""candidate.placeBuilding"":7,""candidate.queueForProduction"":52,""candidate.resumeProduction"":8,""candidate.setUnitDebugText"":179,""candidate.unqueueFromProduction"":7}}","{""kind"":""unified-intent-d1-telemetry-v1"",""complete"":true,""updates"":10485,""budgetMode"":""separated_lanes_unbounded_d1"",""commandCeiling"":null,""commandCeilingEnforced"":false,""rollingUpdates"":900,""referenceCommandCeiling"":115,""referenceExceededUpdates"":6576,""budgetDenialUpdates"":0,""budgetDeniedUnitIdOccurrences"":0,""budgetDeniedDebugCalls"":0,""maxRollingCommandCalls"":202,""maxPendingUnitIds"":0,""maxForwardedChunkSize"":14,""counters"":{""gameplayNonorderCalls"":83,""productionBatches"":72,""proposedCalls"":1203,""proposedUnitIds"":1958,""forwardedOrderCalls"":1157,""forwardedUnitIds"":1939,""sameUnitConflicts"":0,""duplicateSuppressions"":19,""invalidUnitIds"":0,""invalidTargets"":0,""invalidTiles"":0,""supersededPending"":0,""expiredPending"":0,""revokedPending"":0,""deferredUnitIds"":0,""pendingUnitIds"":0,""debugProposals"":179,""debugCoalesced"":0,""debugForwarded"":179,""debugDropped"":0},""telemetrySha256"":""deda169ed079c9920f42a216408e1674060101baaa2634de591107353b7a438d""}"
"54","disabled","24000","{""sha256"":""c8eb3dcf80dd99d195018c29102884521d3b572cc5b1f2272807005b07e8bd93"",""bySideAndMethod"":{""baseline.orderUnits"":774,""baseline.placeBuilding"":6,""baseline.queueForProduction"":85,""baseline.setUnitDebugText"":164,""baseline.toggleRepairWrench"":2,""baseline.unqueueFromProduction"":29,""candidate.orderUnits"":2257,""candidate.pauseProduction"":53,""candidate.placeBuilding"":10,""candidate.queueForProduction"":116,""candidate.resumeProduction"":51,""candidate.setUnitDebugText"":329,""candidate.toggleRepairWrench"":2,""candidate.unqueueFromProduction"":39}}",""
"54","separated_lanes_v2","20286","{""sha256"":""dddeeb4418446590399622e4fc36d93d930d8232afb342c641179bb2fdd0e859"",""bySideAndMethod"":{""baseline.orderUnits"":731,""baseline.placeBuilding"":6,""baseline.queueForProduction"":60,""baseline.setUnitDebugText"":236,""baseline.unqueueFromProduction"":11,""candidate.orderUnits"":1099,""candidate.pauseProduction"":17,""candidate.placeBuilding"":13,""candidate.queueForProduction"":81,""candidate.quitGame"":28,""candidate.resumeProduction"":14,""candidate.setUnitDebugText"":129,""candidate.toggleRepairWrench"":15,""candidate.unqueueFromProduction"":15}}","{""kind"":""unified-intent-d1-telemetry-v1"",""complete"":true,""updates"":20286,""budgetMode"":""separated_lanes_v2"",""commandCeiling"":115,""commandCeilingEnforced"":true,""rollingUpdates"":900,""referenceCommandCeiling"":115,""referenceExceededUpdates"":0,""budgetDenialUpdates"":674,""budgetDeniedUnitIdOccurrences"":1416,""budgetDeniedDebugCalls"":50,""maxRollingCommandCalls"":115,""maxPendingUnitIds"":11,""maxForwardedChunkSize"":12,""counters"":{""gameplayNonorderCalls"":183,""productionBatches"":105,""proposedCalls"":1203,""proposedUnitIds"":1472,""forwardedOrderCalls"":1099,""forwardedUnitIds"":1422,""sameUnitConflicts"":35,""duplicateSuppressions"":15,""invalidUnitIds"":0,""invalidTargets"":0,""invalidTiles"":0,""supersededPending"":35,""expiredPending"":0,""revokedPending"":0,""deferredUnitIds"":1416,""pendingUnitIds"":1416,""debugProposals"":179,""debugCoalesced"":0,""debugForwarded"":129,""debugDropped"":50},""telemetrySha256"":""0f419b2bcaa8721acdbb9c25fbb2bf020475e5fe39647f400f3730499059a959""}"
"54","separated_lanes_unbounded_d1","24000","{""sha256"":""bd5c1d70bf51440d56fdd00f5799963ecf7e86f42a757e1a5d912bd74d9383ae"",""bySideAndMethod"":{""baseline.orderUnits"":774,""baseline.placeBuilding"":6,""baseline.queueForProduction"":85,""baseline.setUnitDebugText"":164,""baseline.toggleRepairWrench"":2,""baseline.unqueueFromProduction"":29,""candidate.orderUnits"":2090,""candidate.pauseProduction"":53,""candidate.placeBuilding"":10,""candidate.queueForProduction"":116,""candidate.resumeProduction"":51,""candidate.setUnitDebugText"":329,""candidate.toggleRepairWrench"":2,""candidate.unqueueFromProduction"":39}}","{""kind"":""unified-intent-d1-telemetry-v1"",""complete"":true,""updates"":24000,""budgetMode"":""separated_lanes_unbounded_d1"",""commandCeiling"":null,""commandCeilingEnforced"":false,""rollingUpdates"":900,""referenceCommandCeiling"":115,""referenceExceededUpdates"":4836,""budgetDenialUpdates"":0,""budgetDeniedUnitIdOccurrences"":0,""budgetDeniedDebugCalls"":0,""maxRollingCommandCalls"":212,""maxPendingUnitIds"":0,""maxForwardedChunkSize"":13,""counters"":{""gameplayNonorderCalls"":271,""productionBatches"":197,""proposedCalls"":2257,""proposedUnitIds"":2639,""forwardedOrderCalls"":2090,""forwardedUnitIds"":2636,""sameUnitConflicts"":0,""duplicateSuppressions"":3,""invalidUnitIds"":0,""invalidTargets"":0,""invalidTiles"":0,""supersededPending"":0,""expiredPending"":0,""revokedPending"":0,""deferredUnitIds"":0,""pendingUnitIds"":0,""debugProposals"":329,""debugCoalesced"":0,""debugForwarded"":329,""debugDropped"":0},""telemetrySha256"":""9680fb5fd960ffe8e86c53cbac0b3fbc71c2e3fcdbf07d4ce6ff2871bc32ff5c""}"
"55","disabled","8165","{""sha256"":""ffb70f7d0a67f782893ef1b4ffc4712640f5b42e92350959fc5a54a2d7c55e38"",""bySideAndMethod"":{""baseline.orderUnits"":350,""baseline.placeBuilding"":5,""baseline.queueForProduction"":56,""baseline.setUnitDebugText"":78,""baseline.unqueueFromProduction"":4,""candidate.orderUnits"":656,""candidate.pauseProduction"":24,""candidate.placeBuilding"":6,""candidate.queueForProduction"":67,""candidate.resumeProduction"":22,""candidate.setUnitDebugText"":136,""candidate.toggleRepairWrench"":13,""candidate.unqueueFromProduction"":17}}",""
"55","separated_lanes_v2","8606","{""sha256"":""41c62f917f7458b967191b7a64ca2bead48c71ae9e58d445f2b1563e7a26bf03"",""bySideAndMethod"":{""baseline.orderUnits"":371,""baseline.placeBuilding"":5,""baseline.queueForProduction"":56,""baseline.setUnitDebugText"":78,""baseline.unqueueFromProduction"":4,""candidate.orderUnits"":655,""candidate.pauseProduction"":22,""candidate.placeBuilding"":6,""candidate.queueForProduction"":67,""candidate.resumeProduction"":20,""candidate.setUnitDebugText"":93,""candidate.toggleRepairWrench"":13,""candidate.unqueueFromProduction"":16}}","{""kind"":""unified-intent-d1-telemetry-v1"",""complete"":true,""updates"":8606,""budgetMode"":""separated_lanes_v2"",""commandCeiling"":115,""commandCeilingEnforced"":true,""rollingUpdates"":900,""referenceCommandCeiling"":115,""referenceExceededUpdates"":0,""budgetDenialUpdates"":457,""budgetDeniedUnitIdOccurrences"":1140,""budgetDeniedDebugCalls"":45,""maxRollingCommandCalls"":115,""maxPendingUnitIds"":11,""maxForwardedChunkSize"":12,""counters"":{""gameplayNonorderCalls"":144,""productionBatches"":98,""proposedCalls"":680,""proposedUnitIds"":931,""forwardedOrderCalls"":655,""forwardedUnitIds"":894,""sameUnitConflicts"":29,""duplicateSuppressions"":8,""invalidUnitIds"":0,""invalidTargets"":0,""invalidTiles"":0,""supersededPending"":29,""expiredPending"":0,""revokedPending"":0,""deferredUnitIds"":1140,""pendingUnitIds"":1140,""debugProposals"":138,""debugCoalesced"":0,""debugForwarded"":93,""debugDropped"":45},""telemetrySha256"":""59e4c77166b9d78df2a97b8af78affe915098540c49a6cfd0b38114e421747c5""}"
"55","separated_lanes_unbounded_d1","8165","{""sha256"":""6aaeea71826a62a39cd3a7233d263c438ec9adcd0a0850c382522b990156cf86"",""bySideAndMethod"":{""baseline.orderUnits"":350,""baseline.placeBuilding"":5,""baseline.queueForProduction"":56,""baseline.setUnitDebugText"":78,""baseline.unqueueFromProduction"":4,""candidate.orderUnits"":648,""candidate.pauseProduction"":24,""candidate.placeBuilding"":6,""candidate.queueForProduction"":67,""candidate.resumeProduction"":22,""candidate.setUnitDebugText"":136,""candidate.toggleRepairWrench"":13,""candidate.unqueueFromProduction"":17}}","{""kind"":""unified-intent-d1-telemetry-v1"",""complete"":true,""updates"":8165,""budgetMode"":""separated_lanes_unbounded_d1"",""commandCeiling"":null,""commandCeilingEnforced"":false,""rollingUpdates"":900,""referenceCommandCeiling"":115,""referenceExceededUpdates"":2316,""budgetDenialUpdates"":0,""budgetDeniedUnitIdOccurrences"":0,""budgetDeniedDebugCalls"":0,""maxRollingCommandCalls"":152,""maxPendingUnitIds"":0,""maxForwardedChunkSize"":13,""counters"":{""gameplayNonorderCalls"":149,""productionBatches"":99,""proposedCalls"":656,""proposedUnitIds"":899,""forwardedOrderCalls"":648,""forwardedUnitIds"":899,""sameUnitConflicts"":0,""duplicateSuppressions"":0,""invalidUnitIds"":0,""invalidTargets"":0,""invalidTiles"":0,""supersededPending"":0,""expiredPending"":0,""revokedPending"":0,""deferredUnitIds"":0,""pendingUnitIds"":0,""debugProposals"":136,""debugCoalesced"":0,""debugForwarded"":136,""debugDropped"":0},""telemetrySha256"":""ef84a1e65de0a3706bfda380485a55f54d306f95629903d7568f92d253f868e5""}"
"56","disabled","24000","{""sha256"":""46976e53df21b557ff26fabae90032748121b4d6dc175e93bb79945ccbd86f82"",""bySideAndMethod"":{""baseline.orderUnits"":888,""baseline.placeBuilding"":7,""baseline.queueForProduction"":85,""baseline.setUnitDebugText"":81,""baseline.unqueueFromProduction"":38,""candidate.orderUnits"":349,""candidate.pauseProduction"":13,""candidate.placeBuilding"":13,""candidate.queueForProduction"":96,""candidate.resumeProduction"":13,""candidate.setUnitDebugText"":119,""candidate.toggleRepairWrench"":24,""candidate.unqueueFromProduction"":57}}",""
"56","separated_lanes_v2","20537","{""sha256"":""e9ea69f672bd5da0b82011911ed85a34d7637e3eb9d1691577824935fb01bdda"",""bySideAndMethod"":{""baseline.orderUnits"":736,""baseline.placeBuilding"":7,""baseline.queueForProduction"":65,""baseline.setUnitDebugText"":77,""baseline.toggleRepairWrench"":5,""baseline.unqueueFromProduction"":21,""candidate.activateSuperWeapon"":3,""candidate.orderUnits"":596,""candidate.pauseProduction"":9,""candidate.placeBuilding"":9,""candidate.queueForProduction"":55,""candidate.resumeProduction"":8,""candidate.setUnitDebugText"":186,""candidate.toggleRepairWrench"":10,""candidate.unqueueFromProduction"":11}}","{""kind"":""unified-intent-d1-telemetry-v1"",""complete"":true,""updates"":20537,""budgetMode"":""separated_lanes_v2"",""commandCeiling"":115,""commandCeilingEnforced"":true,""rollingUpdates"":900,""referenceCommandCeiling"":115,""referenceExceededUpdates"":0,""budgetDenialUpdates"":137,""budgetDeniedUnitIdOccurrences"":204,""budgetDeniedDebugCalls"":24,""maxRollingCommandCalls"":115,""maxPendingUnitIds"":2,""maxForwardedChunkSize"":10,""counters"":{""gameplayNonorderCalls"":105,""productionBatches"":80,""proposedCalls"":608,""proposedUnitIds"":1146,""forwardedOrderCalls"":596,""forwardedUnitIds"":1136,""sameUnitConflicts"":3,""duplicateSuppressions"":7,""invalidUnitIds"":0,""invalidTargets"":0,""invalidTiles"":0,""supersededPending"":3,""expiredPending"":0,""revokedPending"":0,""deferredUnitIds"":204,""pendingUnitIds"":204,""debugProposals"":210,""debugCoalesced"":0,""debugForwarded"":186,""debugDropped"":24},""telemetrySha256"":""d724f3b1e979dd25b95a363a9be07c3d7f100b161c6289deb0f9421ea0b85264""}"
"56","separated_lanes_unbounded_d1","24000","{""sha256"":""cbf7adc8052b1c2eaddfd55384d00639e032953078930b39c148118862b275bc"",""bySideAndMethod"":{""baseline.orderUnits"":809,""baseline.placeBuilding"":7,""baseline.queueForProduction"":78,""baseline.setUnitDebugText"":80,""baseline.toggleRepairWrench"":11,""baseline.unqueueFromProduction"":32,""candidate.activateSuperWeapon"":1,""candidate.orderUnits"":685,""candidate.pauseProduction"":20,""candidate.placeBuilding"":8,""candidate.queueForProduction"":91,""candidate.resumeProduction"":18,""candidate.setUnitDebugText"":300,""candidate.toggleRepairWrench"":3,""candidate.unqueueFromProduction"":29}}","{""kind"":""unified-intent-d1-telemetry-v1"",""complete"":true,""updates"":24000,""budgetMode"":""separated_lanes_unbounded_d1"",""commandCeiling"":null,""commandCeilingEnforced"":false,""rollingUpdates"":900,""referenceCommandCeiling"":115,""referenceExceededUpdates"":840,""budgetDenialUpdates"":0,""budgetDeniedUnitIdOccurrences"":0,""budgetDeniedDebugCalls"":0,""maxRollingCommandCalls"":146,""maxPendingUnitIds"":0,""maxForwardedChunkSize"":9,""counters"":{""gameplayNonorderCalls"":170,""productionBatches"":146,""proposedCalls"":689,""proposedUnitIds"":1388,""forwardedOrderCalls"":685,""forwardedUnitIds"":1381,""sameUnitConflicts"":0,""duplicateSuppressions"":7,""invalidUnitIds"":0,""invalidTargets"":0,""invalidTiles"":0,""supersededPending"":0,""expiredPending"":0,""revokedPending"":0,""deferredUnitIds"":0,""pendingUnitIds"":0,""debugProposals"":300,""debugCoalesced"":0,""debugForwarded"":300,""debugDropped"":0},""telemetrySha256"":""4b32ce5616807d31a9065446342ffe08bc3724faa772f71a1c851d997b06cf5f""}"
"57","disabled","14644","{""sha256"":""396062736618c3212a04571f0c7b97a111d5eed33acc0dfa6aaa9ef3d3158538"",""bySideAndMethod"":{""baseline.orderUnits"":440,""baseline.placeBuilding"":8,""baseline.queueForProduction"":36,""baseline.setUnitDebugText"":35,""baseline.toggleRepairWrench"":4,""baseline.unqueueFromProduction"":7,""candidate.orderUnits"":1352,""candidate.pauseProduction"":1,""candidate.placeBuilding"":6,""candidate.queueForProduction"":52,""candidate.resumeProduction"":1,""candidate.setUnitDebugText"":160,""candidate.unqueueFromProduction"":5}}",""
"57","separated_lanes_v2","14128","{""sha256"":""3b299184eed89f10bc62673420fb700c42564811899912487002e8cdc941094e"",""bySideAndMethod"":{""baseline.orderUnits"":463,""baseline.placeBuilding"":8,""baseline.queueForProduction"":38,""baseline.setUnitDebugText"":34,""baseline.toggleRepairWrench"":2,""baseline.unqueueFromProduction"":9,""candidate.orderUnits"":857,""candidate.pauseProduction"":1,""candidate.placeBuilding"":6,""candidate.queueForProduction"":52,""candidate.resumeProduction"":1,""candidate.setUnitDebugText"":157,""candidate.unqueueFromProduction"":5}}","{""kind"":""unified-intent-d1-telemetry-v1"",""complete"":true,""updates"":14128,""budgetMode"":""separated_lanes_v2"",""commandCeiling"":115,""commandCeilingEnforced"":true,""rollingUpdates"":900,""referenceCommandCeiling"":115,""referenceExceededUpdates"":0,""budgetDenialUpdates"":330,""budgetDeniedUnitIdOccurrences"":888,""budgetDeniedDebugCalls"":33,""maxRollingCommandCalls"":115,""maxPendingUnitIds"":7,""maxForwardedChunkSize"":9,""counters"":{""gameplayNonorderCalls"":65,""productionBatches"":58,""proposedCalls"":878,""proposedUnitIds"":1753,""forwardedOrderCalls"":857,""forwardedUnitIds"":1734,""sameUnitConflicts"":11,""duplicateSuppressions"":8,""invalidUnitIds"":0,""invalidTargets"":0,""invalidTiles"":0,""supersededPending"":11,""expiredPending"":0,""revokedPending"":0,""deferredUnitIds"":888,""pendingUnitIds"":888,""debugProposals"":190,""debugCoalesced"":0,""debugForwarded"":157,""debugDropped"":33},""telemetrySha256"":""e95d4af8a0c989318607970c3d8e9f13cd0bb7f006e307796f28d51549140978""}"
"57","separated_lanes_unbounded_d1","14392","{""sha256"":""ef796898eb0abae3699d8075cd26e715beee012363d6727406a7fd0eec35ca56"",""bySideAndMethod"":{""baseline.orderUnits"":430,""baseline.placeBuilding"":8,""baseline.queueForProduction"":38,""baseline.setUnitDebugText"":36,""baseline.toggleRepairWrench"":8,""baseline.unqueueFromProduction"":8,""candidate.orderUnits"":741,""candidate.pauseProduction"":1,""candidate.placeBuilding"":6,""candidate.queueForProduction"":52,""candidate.resumeProduction"":1,""candidate.setUnitDebugText"":165,""candidate.unqueueFromProduction"":5}}","{""kind"":""unified-intent-d1-telemetry-v1"",""complete"":true,""updates"":14392,""budgetMode"":""separated_lanes_unbounded_d1"",""commandCeiling"":null,""commandCeilingEnforced"":false,""rollingUpdates"":900,""referenceCommandCeiling"":115,""referenceExceededUpdates"":840,""budgetDenialUpdates"":0,""budgetDeniedUnitIdOccurrences"":0,""budgetDeniedDebugCalls"":0,""maxRollingCommandCalls"":146,""maxPendingUnitIds"":0,""maxForwardedChunkSize"":9,""counters"":{""gameplayNonorderCalls"":65,""productionBatches"":58,""proposedCalls"":754,""proposedUnitIds"":1348,""forwardedOrderCalls"":741,""forwardedUnitIds"":1339,""sameUnitConflicts"":0,""duplicateSuppressions"":9,""invalidUnitIds"":0,""invalidTargets"":0,""invalidTiles"":0,""supersededPending"":0,""expiredPending"":0,""revokedPending"":0,""deferredUnitIds"":0,""pendingUnitIds"":0,""debugProposals"":165,""debugCoalesced"":0,""debugForwarded"":165,""debugDropped"":0},""telemetrySha256"":""7c7f0c75c83bec41e15810d0ee822c94ffa3e7ac8896e7fb7d9d89cdc430ec40""}"
"58","disabled","9816","{""sha256"":""eb93ea07533dfd244a3b0d391fdc0e71807bde1f7e29a086bd7cd609ca25e95c"",""bySideAndMethod"":{""baseline.orderUnits"":443,""baseline.placeBuilding"":7,""baseline.queueForProduction"":61,""baseline.setUnitDebugText"":89,""baseline.toggleRepairWrench"":10,""baseline.unqueueFromProduction"":7,""candidate.orderUnits"":808,""candidate.pauseProduction"":2,""candidate.placeBuilding"":6,""candidate.queueForProduction"":71,""candidate.resumeProduction"":2,""candidate.setUnitDebugText"":248,""candidate.unqueueFromProduction"":3}}",""
"58","separated_lanes_v2","11556","{""sha256"":""5f676487602246c45520deff37d36f9d2b10581ef9b2baac5e86d6b058329955"",""bySideAndMethod"":{""baseline.orderUnits"":435,""baseline.placeBuilding"":7,""baseline.queueForProduction"":59,""baseline.setUnitDebugText"":90,""baseline.toggleRepairWrench"":8,""baseline.unqueueFromProduction"":8,""candidate.orderUnits"":982,""candidate.pauseProduction"":2,""candidate.placeBuilding"":6,""candidate.queueForProduction"":75,""candidate.resumeProduction"":2,""candidate.setUnitDebugText"":122,""candidate.unqueueFromProduction"":3}}","{""kind"":""unified-intent-d1-telemetry-v1"",""complete"":true,""updates"":11556,""budgetMode"":""separated_lanes_v2"",""commandCeiling"":115,""commandCeilingEnforced"":true,""rollingUpdates"":900,""referenceCommandCeiling"":115,""referenceExceededUpdates"":0,""budgetDenialUpdates"":997,""budgetDeniedUnitIdOccurrences"":4956,""budgetDeniedDebugCalls"":76,""maxRollingCommandCalls"":115,""maxPendingUnitIds"":18,""maxForwardedChunkSize"":22,""counters"":{""gameplayNonorderCalls"":88,""productionBatches"":80,""proposedCalls"":1041,""proposedUnitIds"":3577,""forwardedOrderCalls"":982,""forwardedUnitIds"":3476,""sameUnitConflicts"":90,""duplicateSuppressions"":11,""invalidUnitIds"":0,""invalidTargets"":0,""invalidTiles"":0,""supersededPending"":90,""expiredPending"":0,""revokedPending"":0,""deferredUnitIds"":4956,""pendingUnitIds"":4956,""debugProposals"":198,""debugCoalesced"":0,""debugForwarded"":122,""debugDropped"":76},""telemetrySha256"":""4fe541307e5ac41ffa49cdb9f3c1b4cc6c2bd6ce0a7d1bcce73131dc18f3099e""}"
"58","separated_lanes_unbounded_d1","9816","{""sha256"":""9708e906be676a559e00123044a740fe91faf424ad42998e5b8b43cbb7b709a2"",""bySideAndMethod"":{""baseline.orderUnits"":443,""baseline.placeBuilding"":7,""baseline.queueForProduction"":61,""baseline.setUnitDebugText"":89,""baseline.toggleRepairWrench"":10,""baseline.unqueueFromProduction"":7,""candidate.orderUnits"":805,""candidate.pauseProduction"":2,""candidate.placeBuilding"":6,""candidate.queueForProduction"":71,""candidate.resumeProduction"":2,""candidate.setUnitDebugText"":248,""candidate.unqueueFromProduction"":3}}","{""kind"":""unified-intent-d1-telemetry-v1"",""complete"":true,""updates"":9816,""budgetMode"":""separated_lanes_unbounded_d1"",""commandCeiling"":null,""commandCeilingEnforced"":false,""rollingUpdates"":900,""referenceCommandCeiling"":115,""referenceExceededUpdates"":3108,""budgetDenialUpdates"":0,""budgetDeniedUnitIdOccurrences"":0,""budgetDeniedDebugCalls"":0,""maxRollingCommandCalls"":184,""maxPendingUnitIds"":0,""maxForwardedChunkSize"":28,""counters"":{""gameplayNonorderCalls"":84,""productionBatches"":76,""proposedCalls"":808,""proposedUnitIds"":3193,""forwardedOrderCalls"":805,""forwardedUnitIds"":3190,""sameUnitConflicts"":0,""duplicateSuppressions"":3,""invalidUnitIds"":0,""invalidTargets"":0,""invalidTiles"":0,""supersededPending"":0,""expiredPending"":0,""revokedPending"":0,""deferredUnitIds"":0,""pendingUnitIds"":0,""debugProposals"":248,""debugCoalesced"":0,""debugForwarded"":248,""debugDropped"":0},""telemetrySha256"":""ccf70ff1a996e1e011b4ee57e90a3ba8ec6a9fa252e99472c479dc044a8333a3""}"
"59","disabled","10773","{""sha256"":""60f7944fed4c20356a1b10bab3919dd99cb89c8efc8537459d38756ed89f33c5"",""bySideAndMethod"":{""baseline.orderUnits"":430,""baseline.placeBuilding"":8,""baseline.queueForProduction"":61,""baseline.setUnitDebugText"":83,""baseline.toggleRepairWrench"":5,""baseline.unqueueFromProduction"":7,""candidate.orderUnits"":950,""candidate.pauseProduction"":2,""candidate.placeBuilding"":6,""candidate.queueForProduction"":71,""candidate.resumeProduction"":2,""candidate.setUnitDebugText"":310,""candidate.unqueueFromProduction"":3}}",""
"59","separated_lanes_v2","16510","{""sha256"":""e0216e817cfb6396c046a6785579e536f9754fdfaca64aa4176ddb1b2ea29b4e"",""bySideAndMethod"":{""baseline.orderUnits"":536,""baseline.placeBuilding"":8,""baseline.queueForProduction"":53,""baseline.setUnitDebugText"":77,""baseline.toggleRepairWrench"":6,""baseline.unqueueFromProduction"":10,""candidate.orderUnits"":1060,""candidate.pauseProduction"":2,""candidate.placeBuilding"":6,""candidate.queueForProduction"":99,""candidate.resumeProduction"":2,""candidate.setUnitDebugText"":152,""candidate.unqueueFromProduction"":3}}","{""kind"":""unified-intent-d1-telemetry-v1"",""complete"":true,""updates"":16510,""budgetMode"":""separated_lanes_v2"",""commandCeiling"":115,""commandCeilingEnforced"":true,""rollingUpdates"":900,""referenceCommandCeiling"":115,""referenceExceededUpdates"":0,""budgetDenialUpdates"":817,""budgetDeniedUnitIdOccurrences"":4752,""budgetDeniedDebugCalls"":77,""maxRollingCommandCalls"":115,""maxPendingUnitIds"":18,""maxForwardedChunkSize"":22,""counters"":{""gameplayNonorderCalls"":112,""productionBatches"":104,""proposedCalls"":1109,""proposedUnitIds"":3795,""forwardedOrderCalls"":1060,""forwardedUnitIds"":3708,""sameUnitConflicts"":75,""duplicateSuppressions"":12,""invalidUnitIds"":0,""invalidTargets"":0,""invalidTiles"":0,""supersededPending"":75,""expiredPending"":0,""revokedPending"":0,""deferredUnitIds"":4752,""pendingUnitIds"":4752,""debugProposals"":229,""debugCoalesced"":0,""debugForwarded"":152,""debugDropped"":77},""telemetrySha256"":""74045c6ec203c03247109767c395e75fb9d810f36c20ba1bdfde8ea920e882dc""}"
"59","separated_lanes_unbounded_d1","10773","{""sha256"":""707505e7af6055474befeadf7378ca7b7b2fbbb2c34e9c697473084c28708afb"",""bySideAndMethod"":{""baseline.orderUnits"":430,""baseline.placeBuilding"":8,""baseline.queueForProduction"":61,""baseline.setUnitDebugText"":83,""baseline.toggleRepairWrench"":5,""baseline.unqueueFromProduction"":7,""candidate.orderUnits"":946,""candidate.pauseProduction"":2,""candidate.placeBuilding"":6,""candidate.queueForProduction"":71,""candidate.resumeProduction"":2,""candidate.setUnitDebugText"":310,""candidate.unqueueFromProduction"":3}}","{""kind"":""unified-intent-d1-telemetry-v1"",""complete"":true,""updates"":10773,""budgetMode"":""separated_lanes_unbounded_d1"",""commandCeiling"":null,""commandCeilingEnforced"":false,""rollingUpdates"":900,""referenceCommandCeiling"":115,""referenceExceededUpdates"":4114,""budgetDenialUpdates"":0,""budgetDeniedUnitIdOccurrences"":0,""budgetDeniedDebugCalls"":0,""maxRollingCommandCalls"":184,""maxPendingUnitIds"":0,""maxForwardedChunkSize"":28,""counters"":{""gameplayNonorderCalls"":84,""productionBatches"":76,""proposedCalls"":950,""proposedUnitIds"":3693,""forwardedOrderCalls"":946,""forwardedUnitIds"":3690,""sameUnitConflicts"":0,""duplicateSuppressions"":3,""invalidUnitIds"":0,""invalidTargets"":0,""invalidTiles"":0,""supersededPending"":0,""expiredPending"":0,""revokedPending"":0,""deferredUnitIds"":0,""pendingUnitIds"":0,""debugProposals"":310,""debugCoalesced"":0,""debugForwarded"":310,""debugDropped"":0},""telemetrySha256"":""174e75cdac7ada9fc26a2757f133ca415e0a21bc1130211f8e8206aa838938e0""}"
"60","disabled","14422","{""sha256"":""3d84e890b626ae07abdbad473e66c8a42362de9ca29450729fe85cc10b9f4d69"",""bySideAndMethod"":{""baseline.orderUnits"":734,""baseline.placeBuilding"":4,""baseline.queueForProduction"":43,""baseline.setUnitDebugText"":39,""baseline.toggleRepairWrench"":5,""baseline.unqueueFromProduction"":9,""candidate.activateSuperWeapon"":1,""candidate.orderUnits"":418,""candidate.pauseProduction"":14,""candidate.placeBuilding"":9,""candidate.queueForProduction"":44,""candidate.resumeProduction"":13,""candidate.setUnitDebugText"":65,""candidate.unqueueFromProduction"":16}}",""
"60","separated_lanes_v2","11726","{""sha256"":""801369e758799469f75e6061782ffc75aa21687ab4b884a6cae567c43c6dfb87"",""bySideAndMethod"":{""baseline.orderUnits"":531,""baseline.placeBuilding"":4,""baseline.queueForProduction"":39,""baseline.setUnitDebugText"":55,""baseline.unqueueFromProduction"":6,""candidate.orderUnits"":422,""candidate.pauseProduction"":4,""candidate.placeBuilding"":9,""candidate.queueForProduction"":49,""candidate.resumeProduction"":3,""candidate.setUnitDebugText"":66,""candidate.toggleRepairWrench"":14,""candidate.unqueueFromProduction"":20}}","{""kind"":""unified-intent-d1-telemetry-v1"",""complete"":true,""updates"":11726,""budgetMode"":""separated_lanes_v2"",""commandCeiling"":115,""commandCeilingEnforced"":true,""rollingUpdates"":900,""referenceCommandCeiling"":115,""referenceExceededUpdates"":0,""budgetDenialUpdates"":149,""budgetDeniedUnitIdOccurrences"":468,""budgetDeniedDebugCalls"":5,""maxRollingCommandCalls"":115,""maxPendingUnitIds"":8,""maxForwardedChunkSize"":5,""counters"":{""gameplayNonorderCalls"":99,""productionBatches"":75,""proposedCalls"":432,""proposedUnitIds"":864,""forwardedOrderCalls"":422,""forwardedUnitIds"":849,""sameUnitConflicts"":11,""duplicateSuppressions"":3,""invalidUnitIds"":1,""invalidTargets"":0,""invalidTiles"":0,""supersededPending"":11,""expiredPending"":0,""revokedPending"":0,""deferredUnitIds"":468,""pendingUnitIds"":468,""debugProposals"":71,""debugCoalesced"":0,""debugForwarded"":66,""debugDropped"":5},""telemetrySha256"":""0b451581e059e4c3986ce556124f1f84796f8a810bec2e2c11ab21fe376e365a""}"
"60","separated_lanes_unbounded_d1","10175","{""sha256"":""a3aafa5e923c207e05567f30971537b79dbd0d7a5dea92a17c36869c76da479d"",""bySideAndMethod"":{""baseline.orderUnits"":512,""baseline.placeBuilding"":4,""baseline.queueForProduction"":38,""baseline.setUnitDebugText"":54,""baseline.unqueueFromProduction"":6,""candidate.orderUnits"":443,""candidate.pauseProduction"":11,""candidate.placeBuilding"":8,""candidate.queueForProduction"":46,""candidate.resumeProduction"":10,""candidate.setUnitDebugText"":71,""candidate.toggleRepairWrench"":7,""candidate.unqueueFromProduction"":14}}","{""kind"":""unified-intent-d1-telemetry-v1"",""complete"":true,""updates"":10175,""budgetMode"":""separated_lanes_unbounded_d1"",""commandCeiling"":null,""commandCeilingEnforced"":false,""rollingUpdates"":900,""referenceCommandCeiling"":115,""referenceExceededUpdates"":852,""budgetDenialUpdates"":0,""budgetDeniedUnitIdOccurrences"":0,""budgetDeniedDebugCalls"":0,""maxRollingCommandCalls"":134,""maxPendingUnitIds"":0,""maxForwardedChunkSize"":5,""counters"":{""gameplayNonorderCalls"":96,""productionBatches"":73,""proposedCalls"":444,""proposedUnitIds"":894,""forwardedOrderCalls"":443,""forwardedUnitIds"":893,""sameUnitConflicts"":0,""duplicateSuppressions"":1,""invalidUnitIds"":0,""invalidTargets"":0,""invalidTiles"":0,""supersededPending"":0,""expiredPending"":0,""revokedPending"":0,""deferredUnitIds"":0,""pendingUnitIds"":0,""debugProposals"":71,""debugCoalesced"":0,""debugForwarded"":71,""debugDropped"":0},""telemetrySha256"":""82e812b6bfb3b32b833869f718937753b09205bdcf90e3e6aa97d4df52fe77d9""}"
"61","disabled","11556","{""sha256"":""088962ce004b2a61443781596e91c49d7e5c2c785a3a4e02d0334d1027a9fcd3"",""bySideAndMethod"":{""baseline.orderUnits"":612,""baseline.placeBuilding"":4,""baseline.queueForProduction"":39,""baseline.setUnitDebugText"":38,""baseline.unqueueFromProduction"":7,""candidate.orderUnits"":370,""candidate.pauseProduction"":7,""candidate.placeBuilding"":9,""candidate.queueForProduction"":41,""candidate.resumeProduction"":6,""candidate.setUnitDebugText"":64,""candidate.toggleRepairWrench"":13,""candidate.unqueueFromProduction"":12}}",""
"61","separated_lanes_v2","15460","{""sha256"":""4ca87295158950930fa37cc60e98ed166ea254bb57044844bb57d173079aa933"",""bySideAndMethod"":{""baseline.orderUnits"":708,""baseline.placeBuilding"":4,""baseline.queueForProduction"":43,""baseline.setUnitDebugText"":66,""baseline.unqueueFromProduction"":9,""candidate.orderUnits"":362,""candidate.pauseProduction"":8,""candidate.placeBuilding"":10,""candidate.queueForProduction"":47,""candidate.resumeProduction"":8,""candidate.setUnitDebugText"":54,""candidate.toggleRepairWrench"":10,""candidate.unqueueFromProduction"":17}}","{""kind"":""unified-intent-d1-telemetry-v1"",""complete"":true,""updates"":15460,""budgetMode"":""separated_lanes_v2"",""commandCeiling"":115,""commandCeilingEnforced"":true,""rollingUpdates"":900,""referenceCommandCeiling"":115,""referenceExceededUpdates"":0,""budgetDenialUpdates"":267,""budgetDeniedUnitIdOccurrences"":1153,""budgetDeniedDebugCalls"":5,""maxRollingCommandCalls"":115,""maxPendingUnitIds"":10,""maxForwardedChunkSize"":5,""counters"":{""gameplayNonorderCalls"":100,""productionBatches"":76,""proposedCalls"":390,""proposedUnitIds"":772,""forwardedOrderCalls"":362,""forwardedUnitIds"":731,""sameUnitConflicts"":35,""duplicateSuppressions"":5,""invalidUnitIds"":1,""invalidTargets"":0,""invalidTiles"":0,""supersededPending"":35,""expiredPending"":0,""revokedPending"":0,""deferredUnitIds"":1153,""pendingUnitIds"":1153,""debugProposals"":59,""debugCoalesced"":0,""debugForwarded"":54,""debugDropped"":5},""telemetrySha256"":""7b593efd0dab7259747599b88e3983d72e2e251065ed59faeb2a58857f8640e8""}"
"61","separated_lanes_unbounded_d1","11682","{""sha256"":""7c8d48eb771b720c54e12061b45d4b98ce513ea3780abde1c09b2d98ba651314"",""bySideAndMethod"":{""baseline.orderUnits"":469,""baseline.placeBuilding"":4,""baseline.queueForProduction"":37,""baseline.setUnitDebugText"":51,""baseline.unqueueFromProduction"":6,""candidate.orderUnits"":436,""candidate.pauseProduction"":11,""candidate.placeBuilding"":10,""candidate.queueForProduction"":53,""candidate.resumeProduction"":11,""candidate.setUnitDebugText"":57,""candidate.toggleRepairWrench"":7,""candidate.unqueueFromProduction"":22}}","{""kind"":""unified-intent-d1-telemetry-v1"",""complete"":true,""updates"":11682,""budgetMode"":""separated_lanes_unbounded_d1"",""commandCeiling"":null,""commandCeilingEnforced"":false,""rollingUpdates"":900,""referenceCommandCeiling"":115,""referenceExceededUpdates"":1008,""budgetDenialUpdates"":0,""budgetDeniedUnitIdOccurrences"":0,""budgetDeniedDebugCalls"":0,""maxRollingCommandCalls"":146,""maxPendingUnitIds"":0,""maxForwardedChunkSize"":6,""counters"":{""gameplayNonorderCalls"":114,""productionBatches"":89,""proposedCalls"":437,""proposedUnitIds"":856,""forwardedOrderCalls"":436,""forwardedUnitIds"":855,""sameUnitConflicts"":0,""duplicateSuppressions"":1,""invalidUnitIds"":0,""invalidTargets"":0,""invalidTiles"":0,""supersededPending"":0,""expiredPending"":0,""revokedPending"":0,""deferredUnitIds"":0,""pendingUnitIds"":0,""debugProposals"":57,""debugCoalesced"":0,""debugForwarded"":57,""debugDropped"":0},""telemetrySha256"":""da8523f82c6ac7c3c12b0f26ac99137d749e8d6f326863c0e0f9e395132be95c""}"
"62","disabled","24000","{""sha256"":""8eeccbc7fef3b60bc638f29edde21ef0bd7fc6be02aabe63ec6730a4230d4cfd"",""bySideAndMethod"":{""baseline.orderUnits"":1443,""baseline.placeBuilding"":6,""baseline.queueForProduction"":82,""baseline.setUnitDebugText"":129,""baseline.unqueueFromProduction"":19,""candidate.orderUnits"":546,""candidate.pauseProduction"":26,""candidate.placeBuilding"":14,""candidate.queueForProduction"":106,""candidate.resumeProduction"":24,""candidate.setUnitDebugText"":301,""candidate.toggleRepairWrench"":31,""candidate.unqueueFromProduction"":31}}",""
"62","separated_lanes_v2","13164","{""sha256"":""c2243a1872385816a00fa8815f0b8e162ead6d218fc45b1e576188c6fee089d0"",""bySideAndMethod"":{""baseline.orderUnits"":627,""baseline.placeBuilding"":6,""baseline.queueForProduction"":80,""baseline.setUnitDebugText"":109,""baseline.unqueueFromProduction"":10,""candidate.orderUnits"":396,""candidate.pauseProduction"":4,""candidate.placeBuilding"":9,""candidate.queueForProduction"":55,""candidate.resumeProduction"":3,""candidate.setUnitDebugText"":89,""candidate.toggleRepairWrench"":8,""candidate.unqueueFromProduction"":10}}","{""kind"":""unified-intent-d1-telemetry-v1"",""complete"":true,""updates"":13164,""budgetMode"":""separated_lanes_v2"",""commandCeiling"":115,""commandCeilingEnforced"":true,""rollingUpdates"":900,""referenceCommandCeiling"":115,""referenceExceededUpdates"":0,""budgetDenialUpdates"":627,""budgetDeniedUnitIdOccurrences"":2812,""budgetDeniedDebugCalls"":99,""maxRollingCommandCalls"":115,""maxPendingUnitIds"":17,""maxForwardedChunkSize"":12,""counters"":{""gameplayNonorderCalls"":89,""productionBatches"":69,""proposedCalls"":432,""proposedUnitIds"":1102,""forwardedOrderCalls"":396,""forwardedUnitIds"":1017,""sameUnitConflicts"":68,""duplicateSuppressions"":13,""invalidUnitIds"":0,""invalidTargets"":4,""invalidTiles"":0,""supersededPending"":68,""expiredPending"":0,""revokedPending"":0,""deferredUnitIds"":2812,""pendingUnitIds"":2812,""debugProposals"":188,""debugCoalesced"":0,""debugForwarded"":89,""debugDropped"":99},""telemetrySha256"":""a402f98031a46dcc3c88a66acb732b203967d7edeae4903cb974ab5ac6ec5d6b""}"
"62","separated_lanes_unbounded_d1","24000","{""sha256"":""251d2e7275850877ef2f82b1214fae9a7b20b2964e629da2dee65626b7f79ea8"",""bySideAndMethod"":{""baseline.orderUnits"":1443,""baseline.placeBuilding"":6,""baseline.queueForProduction"":82,""baseline.setUnitDebugText"":129,""baseline.unqueueFromProduction"":19,""candidate.orderUnits"":546,""candidate.pauseProduction"":26,""candidate.placeBuilding"":14,""candidate.queueForProduction"":106,""candidate.resumeProduction"":24,""candidate.setUnitDebugText"":301,""candidate.toggleRepairWrench"":31,""candidate.unqueueFromProduction"":31}}","{""kind"":""unified-intent-d1-telemetry-v1"",""complete"":true,""updates"":24000,""budgetMode"":""separated_lanes_unbounded_d1"",""commandCeiling"":null,""commandCeilingEnforced"":false,""rollingUpdates"":900,""referenceCommandCeiling"":115,""referenceExceededUpdates"":2352,""budgetDenialUpdates"":0,""budgetDeniedUnitIdOccurrences"":0,""budgetDeniedDebugCalls"":0,""maxRollingCommandCalls"":197,""maxPendingUnitIds"":0,""maxForwardedChunkSize"":11,""counters"":{""gameplayNonorderCalls"":232,""productionBatches"":169,""proposedCalls"":546,""proposedUnitIds"":1363,""forwardedOrderCalls"":546,""forwardedUnitIds"":1363,""sameUnitConflicts"":0,""duplicateSuppressions"":0,""invalidUnitIds"":0,""invalidTargets"":0,""invalidTiles"":0,""supersededPending"":0,""expiredPending"":0,""revokedPending"":0,""deferredUnitIds"":0,""pendingUnitIds"":0,""debugProposals"":301,""debugCoalesced"":0,""debugForwarded"":301,""debugDropped"":0},""telemetrySha256"":""4fcfa90fc29de81b41f7c8f46f55784f5a6e782c313f2b1b5bece1051c7ffda6""}"
"63","disabled","18831","{""sha256"":""3b25be36c4eb178894c11752ab61cdc3c1c846ee2a6c0c41121740c946bbc424"",""bySideAndMethod"":{""baseline.orderUnits"":899,""baseline.placeBuilding"":6,""baseline.queueForProduction"":76,""baseline.setUnitDebugText"":106,""baseline.unqueueFromProduction"":17,""candidate.orderUnits"":567,""candidate.pauseProduction"":22,""candidate.placeBuilding"":10,""candidate.queueForProduction"":81,""candidate.resumeProduction"":21,""candidate.setUnitDebugText"":242,""candidate.toggleRepairWrench"":7,""candidate.unqueueFromProduction"":19}}",""
"63","separated_lanes_v2","17510","{""sha256"":""ebab6c06dbf381b560e9a0782d3e1d4fa5a892695aaa97a7e05a40a24bcdf86b"",""bySideAndMethod"":{""baseline.orderUnits"":785,""baseline.placeBuilding"":6,""baseline.queueForProduction"":70,""baseline.setUnitDebugText"":93,""baseline.unqueueFromProduction"":18,""candidate.orderUnits"":484,""candidate.pauseProduction"":18,""candidate.placeBuilding"":10,""candidate.queueForProduction"":74,""candidate.resumeProduction"":17,""candidate.setUnitDebugText"":129,""candidate.toggleRepairWrench"":3,""candidate.unqueueFromProduction"":19}}","{""kind"":""unified-intent-d1-telemetry-v1"",""complete"":true,""updates"":17510,""budgetMode"":""separated_lanes_v2"",""commandCeiling"":115,""commandCeilingEnforced"":true,""rollingUpdates"":900,""referenceCommandCeiling"":115,""referenceExceededUpdates"":0,""budgetDenialUpdates"":627,""budgetDeniedUnitIdOccurrences"":2812,""budgetDeniedDebugCalls"":99,""maxRollingCommandCalls"":115,""maxPendingUnitIds"":17,""maxForwardedChunkSize"":12,""counters"":{""gameplayNonorderCalls"":141,""productionBatches"":117,""proposedCalls"":520,""proposedUnitIds"":1222,""forwardedOrderCalls"":484,""forwardedUnitIds"":1137,""sameUnitConflicts"":68,""duplicateSuppressions"":13,""invalidUnitIds"":0,""invalidTargets"":4,""invalidTiles"":0,""supersededPending"":68,""expiredPending"":0,""revokedPending"":0,""deferredUnitIds"":2812,""pendingUnitIds"":2812,""debugProposals"":228,""debugCoalesced"":0,""debugForwarded"":129,""debugDropped"":99},""telemetrySha256"":""515b8822e1dee015bc00821642f30b5d652206ab3eb838f236588a2029d01395""}"
"63","separated_lanes_unbounded_d1","18831","{""sha256"":""aa8ddc7f9f40074bd206c3f2689e5a1c470edc0b3e2f3799ed5e2451d99797e7"",""bySideAndMethod"":{""baseline.orderUnits"":899,""baseline.placeBuilding"":6,""baseline.queueForProduction"":76,""baseline.setUnitDebugText"":106,""baseline.unqueueFromProduction"":17,""candidate.orderUnits"":567,""candidate.pauseProduction"":22,""candidate.placeBuilding"":10,""candidate.queueForProduction"":81,""candidate.resumeProduction"":21,""candidate.setUnitDebugText"":242,""candidate.toggleRepairWrench"":7,""candidate.unqueueFromProduction"":19}}","{""kind"":""unified-intent-d1-telemetry-v1"",""complete"":true,""updates"":18831,""budgetMode"":""separated_lanes_unbounded_d1"",""commandCeiling"":null,""commandCeilingEnforced"":false,""rollingUpdates"":900,""referenceCommandCeiling"":115,""referenceExceededUpdates"":2796,""budgetDenialUpdates"":0,""budgetDeniedUnitIdOccurrences"":0,""budgetDeniedDebugCalls"":0,""maxRollingCommandCalls"":197,""maxPendingUnitIds"":0,""maxForwardedChunkSize"":12,""counters"":{""gameplayNonorderCalls"":160,""productionBatches"":130,""proposedCalls"":567,""proposedUnitIds"":1342,""forwardedOrderCalls"":567,""forwardedUnitIds"":1342,""sameUnitConflicts"":0,""duplicateSuppressions"":0,""invalidUnitIds"":0,""invalidTargets"":0,""invalidTiles"":0,""supersededPending"":0,""expiredPending"":0,""revokedPending"":0,""deferredUnitIds"":0,""pendingUnitIds"":0,""debugProposals"":242,""debugCoalesced"":0,""debugForwarded"":242,""debugDropped"":0},""telemetrySha256"":""e26d0938e8b209c54bd23e6a174a2120cfdaa64320e6087c58b7c579ff2b9f8c""}"
"64","disabled","8918","{""sha256"":""cd64c22c11e4cc17b7da22ea46b8e7724f93e787b19a7d0a6ee22094380c569a"",""bySideAndMethod"":{""baseline.orderUnits"":561,""baseline.placeBuilding"":4,""baseline.queueForProduction"":40,""baseline.setUnitDebugText"":51,""baseline.unqueueFromProduction"":5,""candidate.orderUnits"":373,""candidate.pauseProduction"":21,""candidate.placeBuilding"":6,""candidate.queueForProduction"":32,""candidate.resumeProduction"":18,""candidate.setUnitDebugText"":69,""candidate.toggleRepairWrench"":6,""candidate.unqueueFromProduction"":4}}",""
"64","separated_lanes_v2","8918","{""sha256"":""9df8b40af9888564b224caf3ed7a81bacdbd1c2a9e90274308f33fd57de91984"",""bySideAndMethod"":{""baseline.orderUnits"":561,""baseline.placeBuilding"":4,""baseline.queueForProduction"":40,""baseline.setUnitDebugText"":51,""baseline.unqueueFromProduction"":5,""candidate.orderUnits"":360,""candidate.pauseProduction"":21,""candidate.placeBuilding"":6,""candidate.queueForProduction"":32,""candidate.resumeProduction"":18,""candidate.setUnitDebugText"":56,""candidate.toggleRepairWrench"":6,""candidate.unqueueFromProduction"":4}}","{""kind"":""unified-intent-d1-telemetry-v1"",""complete"":true,""updates"":8918,""budgetMode"":""separated_lanes_v2"",""commandCeiling"":115,""commandCeilingEnforced"":true,""rollingUpdates"":900,""referenceCommandCeiling"":115,""referenceExceededUpdates"":0,""budgetDenialUpdates"":38,""budgetDeniedUnitIdOccurrences"":36,""budgetDeniedDebugCalls"":13,""maxRollingCommandCalls"":115,""maxPendingUnitIds"":1,""maxForwardedChunkSize"":7,""counters"":{""gameplayNonorderCalls"":87,""productionBatches"":52,""proposedCalls"":373,""proposedUnitIds"":502,""forwardedOrderCalls"":360,""forwardedUnitIds"":499,""sameUnitConflicts"":0,""duplicateSuppressions"":3,""invalidUnitIds"":0,""invalidTargets"":0,""invalidTiles"":0,""supersededPending"":0,""expiredPending"":0,""revokedPending"":0,""deferredUnitIds"":36,""pendingUnitIds"":36,""debugProposals"":69,""debugCoalesced"":0,""debugForwarded"":56,""debugDropped"":13},""telemetrySha256"":""c910f503167818d01a67ef110a2c2ed34335796b775cff93155fee3814c43c06""}"
"64","separated_lanes_unbounded_d1","8918","{""sha256"":""084891223830a87d1d20a08b72c5b44fbd7a739f971c415e8e7233084348cd24"",""bySideAndMethod"":{""baseline.orderUnits"":561,""baseline.placeBuilding"":4,""baseline.queueForProduction"":40,""baseline.setUnitDebugText"":51,""baseline.unqueueFromProduction"":5,""candidate.orderUnits"":363,""candidate.pauseProduction"":21,""candidate.placeBuilding"":6,""candidate.queueForProduction"":32,""candidate.resumeProduction"":18,""candidate.setUnitDebugText"":69,""candidate.toggleRepairWrench"":6,""candidate.unqueueFromProduction"":4}}","{""kind"":""unified-intent-d1-telemetry-v1"",""complete"":true,""updates"":8918,""budgetMode"":""separated_lanes_unbounded_d1"",""commandCeiling"":null,""commandCeilingEnforced"":false,""rollingUpdates"":900,""referenceCommandCeiling"":115,""referenceExceededUpdates"":408,""budgetDenialUpdates"":0,""budgetDeniedUnitIdOccurrences"":0,""budgetDeniedDebugCalls"":0,""maxRollingCommandCalls"":129,""maxPendingUnitIds"":0,""maxForwardedChunkSize"":7,""counters"":{""gameplayNonorderCalls"":87,""productionBatches"":52,""proposedCalls"":373,""proposedUnitIds"":502,""forwardedOrderCalls"":363,""forwardedUnitIds"":502,""sameUnitConflicts"":0,""duplicateSuppressions"":0,""invalidUnitIds"":0,""invalidTargets"":0,""invalidTiles"":0,""supersededPending"":0,""expiredPending"":0,""revokedPending"":0,""deferredUnitIds"":0,""pendingUnitIds"":0,""debugProposals"":69,""debugCoalesced"":0,""debugForwarded"":69,""debugDropped"":0},""telemetrySha256"":""a04546d03557eac9b5c4e0150f6909c131f2f8f10f854fe50ae6630c85c74389""}"
"65","disabled","19489","{""sha256"":""5d4dfcd21c24007015b4337d97d4784ad1c933f378bf3f2ebc6f88813d48fd89"",""bySideAndMethod"":{""baseline.orderUnits"":285,""baseline.placeBuilding"":5,""baseline.queueForProduction"":53,""baseline.setUnitDebugText"":123,""baseline.toggleRepairWrench"":2,""baseline.unqueueFromProduction"":23,""candidate.activateSuperWeapon"":2,""candidate.orderUnits"":767,""candidate.pauseProduction"":6,""candidate.placeBuilding"":10,""candidate.queueForProduction"":52,""candidate.resumeProduction"":6,""candidate.setUnitDebugText"":205,""candidate.unqueueFromProduction"":17}}",""
"65","separated_lanes_v2","19637","{""sha256"":""a4b69188d1a04d12e21edf183dbbdec77f9d95e2157711103816ae32348ce65c"",""bySideAndMethod"":{""baseline.orderUnits"":271,""baseline.placeBuilding"":6,""baseline.queueForProduction"":53,""baseline.setUnitDebugText"":101,""baseline.toggleRepairWrench"":4,""baseline.unqueueFromProduction"":23,""candidate.activateSuperWeapon"":2,""candidate.orderUnits"":821,""candidate.pauseProduction"":7,""candidate.placeBuilding"":10,""candidate.queueForProduction"":63,""candidate.resumeProduction"":7,""candidate.setUnitDebugText"":197,""candidate.toggleRepairWrench"":1,""candidate.unqueueFromProduction"":27}}","{""kind"":""unified-intent-d1-telemetry-v1"",""complete"":true,""updates"":19637,""budgetMode"":""separated_lanes_v2"",""commandCeiling"":115,""commandCeilingEnforced"":true,""rollingUpdates"":900,""referenceCommandCeiling"":115,""referenceExceededUpdates"":0,""budgetDenialUpdates"":279,""budgetDeniedUnitIdOccurrences"":4168,""budgetDeniedDebugCalls"":28,""maxRollingCommandCalls"":115,""maxPendingUnitIds"":25,""maxForwardedChunkSize"":26,""counters"":{""gameplayNonorderCalls"":117,""productionBatches"":99,""proposedCalls"":939,""proposedUnitIds"":6766,""forwardedOrderCalls"":821,""forwardedUnitIds"":5232,""sameUnitConflicts"":736,""duplicateSuppressions"":4,""invalidUnitIds"":0,""invalidTargets"":19,""invalidTiles"":0,""supersededPending"":369,""expiredPending"":0,""revokedPending"":775,""deferredUnitIds"":4168,""pendingUnitIds"":4168,""debugProposals"":225,""debugCoalesced"":0,""debugForwarded"":197,""debugDropped"":28},""telemetrySha256"":""0e9291a8d7e2431113c08959f387cbf4419aede9748838df1b768446368b10be""}"
"65","separated_lanes_unbounded_d1","20029","{""sha256"":""f59b3c1030a2dd5b1c2468fa2adcb6689b5d2bee22d3a46e56262c6768be0d6a"",""bySideAndMethod"":{""baseline.orderUnits"":342,""baseline.placeBuilding"":6,""baseline.queueForProduction"":53,""baseline.setUnitDebugText"":104,""baseline.toggleRepairWrench"":5,""baseline.unqueueFromProduction"":18,""candidate.activateSuperWeapon"":2,""candidate.orderUnits"":987,""candidate.pauseProduction"":8,""candidate.placeBuilding"":9,""candidate.queueForProduction"":52,""candidate.resumeProduction"":8,""candidate.setUnitDebugText"":224,""candidate.unqueueFromProduction"":14}}","{""kind"":""unified-intent-d1-telemetry-v1"",""complete"":true,""updates"":20029,""budgetMode"":""separated_lanes_unbounded_d1"",""commandCeiling"":null,""commandCeilingEnforced"":false,""rollingUpdates"":900,""referenceCommandCeiling"":115,""referenceExceededUpdates"":2062,""budgetDenialUpdates"":0,""budgetDeniedUnitIdOccurrences"":0,""budgetDeniedDebugCalls"":0,""maxRollingCommandCalls"":161,""maxPendingUnitIds"":0,""maxForwardedChunkSize"":22,""counters"":{""gameplayNonorderCalls"":93,""productionBatches"":78,""proposedCalls"":1035,""proposedUnitIds"":6755,""forwardedOrderCalls"":987,""forwardedUnitIds"":6445,""sameUnitConflicts"":296,""duplicateSuppressions"":14,""invalidUnitIds"":0,""invalidTargets"":0,""invalidTiles"":0,""supersededPending"":0,""expiredPending"":0,""revokedPending"":0,""deferredUnitIds"":0,""pendingUnitIds"":0,""debugProposals"":224,""debugCoalesced"":0,""debugForwarded"":224,""debugDropped"":0},""telemetrySha256"":""debdb9696a236758fafd7fa825fddccb91049aa4fdb86696e76ab0a288fbf864""}"
"66","disabled","21989","{""sha256"":""8454a53339711f5f84660d718f4e8db94525ddd2085e410824634180782fb1d7"",""bySideAndMethod"":{""baseline.orderUnits"":838,""baseline.placeBuilding"":6,""baseline.queueForProduction"":103,""baseline.setUnitDebugText"":235,""baseline.unqueueFromProduction"":33,""candidate.orderUnits"":586,""candidate.pauseProduction"":31,""candidate.placeBuilding"":10,""candidate.queueForProduction"":84,""candidate.quitGame"":122,""candidate.resumeProduction"":29,""candidate.setUnitDebugText"":128,""candidate.toggleRepairWrench"":27,""candidate.unqueueFromProduction"":25}}",""
"66","separated_lanes_v2","14780","{""sha256"":""49bb41817b33cffd3dc7994d448406d198fc41fadafed065c37558234cc3cec6"",""bySideAndMethod"":{""baseline.orderUnits"":830,""baseline.placeBuilding"":6,""baseline.queueForProduction"":80,""baseline.setUnitDebugText"":202,""baseline.unqueueFromProduction"":14,""candidate.orderUnits"":499,""candidate.pauseProduction"":36,""candidate.placeBuilding"":8,""candidate.queueForProduction"":59,""candidate.resumeProduction"":33,""candidate.setUnitDebugText"":89,""candidate.toggleRepairWrench"":10,""candidate.unqueueFromProduction"":8}}","{""kind"":""unified-intent-d1-telemetry-v1"",""complete"":true,""updates"":14780,""budgetMode"":""separated_lanes_v2"",""commandCeiling"":115,""commandCeilingEnforced"":true,""rollingUpdates"":900,""referenceCommandCeiling"":115,""referenceExceededUpdates"":0,""budgetDenialUpdates"":556,""budgetDeniedUnitIdOccurrences"":1476,""budgetDeniedDebugCalls"":15,""maxRollingCommandCalls"":115,""maxPendingUnitIds"":10,""maxForwardedChunkSize"":13,""counters"":{""gameplayNonorderCalls"":154,""productionBatches"":96,""proposedCalls"":539,""proposedUnitIds"":1162,""forwardedOrderCalls"":499,""forwardedUnitIds"":1111,""sameUnitConflicts"":35,""duplicateSuppressions"":16,""invalidUnitIds"":0,""invalidTargets"":0,""invalidTiles"":0,""supersededPending"":35,""expiredPending"":0,""revokedPending"":0,""deferredUnitIds"":1476,""pendingUnitIds"":1476,""debugProposals"":104,""debugCoalesced"":0,""debugForwarded"":89,""debugDropped"":15},""telemetrySha256"":""4c47ecf35c1e8c940af6d8a31427242c5ed955017981ba9e8ceea4b5b13c31bb""}"
"66","separated_lanes_unbounded_d1","21989","{""sha256"":""4edc2bf98a64aba4d77e0e02d988afaf366d4ad9dad09abdf7e692880f23afad"",""bySideAndMethod"":{""baseline.orderUnits"":838,""baseline.placeBuilding"":6,""baseline.queueForProduction"":103,""baseline.setUnitDebugText"":235,""baseline.unqueueFromProduction"":33,""candidate.orderUnits"":551,""candidate.pauseProduction"":31,""candidate.placeBuilding"":10,""candidate.queueForProduction"":84,""candidate.quitGame"":122,""candidate.resumeProduction"":29,""candidate.setUnitDebugText"":128,""candidate.toggleRepairWrench"":27,""candidate.unqueueFromProduction"":25}}","{""kind"":""unified-intent-d1-telemetry-v1"",""complete"":true,""updates"":21989,""budgetMode"":""separated_lanes_unbounded_d1"",""commandCeiling"":null,""commandCeilingEnforced"":false,""rollingUpdates"":900,""referenceCommandCeiling"":115,""referenceExceededUpdates"":1800,""budgetDenialUpdates"":0,""budgetDeniedUnitIdOccurrences"":0,""budgetDeniedDebugCalls"":0,""maxRollingCommandCalls"":157,""maxPendingUnitIds"":0,""maxForwardedChunkSize"":12,""counters"":{""gameplayNonorderCalls"":328,""productionBatches"":146,""proposedCalls"":586,""proposedUnitIds"":1239,""forwardedOrderCalls"":551,""forwardedUnitIds"":1239,""sameUnitConflicts"":0,""duplicateSuppressions"":0,""invalidUnitIds"":0,""invalidTargets"":0,""invalidTiles"":0,""supersededPending"":0,""expiredPending"":0,""revokedPending"":0,""deferredUnitIds"":0,""pendingUnitIds"":0,""debugProposals"":128,""debugCoalesced"":0,""debugForwarded"":128,""debugDropped"":0},""telemetrySha256"":""b4395dad3d18a11b0b18d70dfd3603d4a87588b3c8e75780cac665cced9d5908""}"
"67","disabled","21483","{""sha256"":""b4d659a10b751a708c77ce40dc5bd91560f5ab549f8b2af552d521b6454c5b0b"",""bySideAndMethod"":{""baseline.orderUnits"":772,""baseline.placeBuilding"":6,""baseline.queueForProduction"":73,""baseline.setUnitDebugText"":101,""baseline.toggleRepairWrench"":8,""baseline.unqueueFromProduction"":19,""candidate.orderUnits"":1137,""candidate.pauseProduction"":35,""candidate.placeBuilding"":7,""candidate.queueForProduction"":138,""candidate.resumeProduction"":33,""candidate.setUnitDebugText"":213,""candidate.toggleRepairWrench"":6,""candidate.unqueueFromProduction"":49}}",""
"67","separated_lanes_v2","24000","{""sha256"":""26e30c6bffda86ca8df38fa74be9c23aad58e520c851dc20e370486f9d750d81"",""bySideAndMethod"":{""baseline.orderUnits"":836,""baseline.placeBuilding"":6,""baseline.queueForProduction"":94,""baseline.setUnitDebugText"":152,""baseline.unqueueFromProduction"":33,""candidate.orderUnits"":918,""candidate.pauseProduction"":71,""candidate.placeBuilding"":10,""candidate.queueForProduction"":121,""candidate.resumeProduction"":69,""candidate.setUnitDebugText"":163,""candidate.toggleRepairWrench"":11,""candidate.unqueueFromProduction"":50}}","{""kind"":""unified-intent-d1-telemetry-v1"",""complete"":true,""updates"":24000,""budgetMode"":""separated_lanes_v2"",""commandCeiling"":115,""commandCeilingEnforced"":true,""rollingUpdates"":900,""referenceCommandCeiling"":115,""referenceExceededUpdates"":0,""budgetDenialUpdates"":556,""budgetDeniedUnitIdOccurrences"":1476,""budgetDeniedDebugCalls"":15,""maxRollingCommandCalls"":115,""maxPendingUnitIds"":10,""maxForwardedChunkSize"":13,""counters"":{""gameplayNonorderCalls"":332,""productionBatches"":238,""proposedCalls"":1004,""proposedUnitIds"":1854,""forwardedOrderCalls"":918,""forwardedUnitIds"":1803,""sameUnitConflicts"":35,""duplicateSuppressions"":16,""invalidUnitIds"":0,""invalidTargets"":0,""invalidTiles"":0,""supersededPending"":35,""expiredPending"":0,""revokedPending"":0,""deferredUnitIds"":1476,""pendingUnitIds"":1476,""debugProposals"":178,""debugCoalesced"":0,""debugForwarded"":163,""debugDropped"":15},""telemetrySha256"":""3c04692c0cc09e13f4b63ee8cd5454283ef5cd90c8a3b177916508235912ee5f""}"
"67","separated_lanes_unbounded_d1","21483","{""sha256"":""24f1e7381fe7365b5b8dfa45723fea4e9122ccacc2c33324d0c6e75715c7510b"",""bySideAndMethod"":{""baseline.orderUnits"":772,""baseline.placeBuilding"":6,""baseline.queueForProduction"":73,""baseline.setUnitDebugText"":101,""baseline.toggleRepairWrench"":8,""baseline.unqueueFromProduction"":19,""candidate.orderUnits"":1126,""candidate.pauseProduction"":35,""candidate.placeBuilding"":7,""candidate.queueForProduction"":138,""candidate.resumeProduction"":33,""candidate.setUnitDebugText"":213,""candidate.toggleRepairWrench"":6,""candidate.unqueueFromProduction"":49}}","{""kind"":""unified-intent-d1-telemetry-v1"",""complete"":true,""updates"":21483,""budgetMode"":""separated_lanes_unbounded_d1"",""commandCeiling"":null,""commandCeilingEnforced"":false,""rollingUpdates"":900,""referenceCommandCeiling"":115,""referenceExceededUpdates"":1800,""budgetDenialUpdates"":0,""budgetDeniedUnitIdOccurrences"":0,""budgetDeniedDebugCalls"":0,""maxRollingCommandCalls"":157,""maxPendingUnitIds"":0,""maxForwardedChunkSize"":12,""counters"":{""gameplayNonorderCalls"":268,""productionBatches"":223,""proposedCalls"":1137,""proposedUnitIds"":2373,""forwardedOrderCalls"":1126,""forwardedUnitIds"":2370,""sameUnitConflicts"":0,""duplicateSuppressions"":3,""invalidUnitIds"":0,""invalidTargets"":0,""invalidTiles"":0,""supersededPending"":0,""expiredPending"":0,""revokedPending"":0,""deferredUnitIds"":0,""pendingUnitIds"":0,""debugProposals"":213,""debugCoalesced"":0,""debugForwarded"":213,""debugDropped"":0},""telemetrySha256"":""6e01033e8dc6a2656935cda1bb9b3856a23ecc5bc93aaeed3a1484e1af890421""}"
"68","disabled","21164","{""sha256"":""38e79c95d97e0c0a4ccfe1490a858ee96fdc02b2224ce949148ecd4ea1d8f6ed"",""bySideAndMethod"":{""baseline.orderUnits"":596,""baseline.placeBuilding"":5,""baseline.queueForProduction"":44,""baseline.setUnitDebugText"":69,""baseline.toggleRepairWrench"":4,""baseline.unqueueFromProduction"":8,""candidate.activateSuperWeapon"":2,""candidate.orderUnits"":1224,""candidate.pauseProduction"":16,""candidate.placeBuilding"":9,""candidate.queueForProduction"":70,""candidate.resumeProduction"":15,""candidate.setUnitDebugText"":191,""candidate.unqueueFromProduction"":22}}",""
"68","separated_lanes_v2","8044","{""sha256"":""41d4f76ab11c452db59f0aaf5c6070ee5a65ad13fb0d35db8e19266fd75cb073"",""bySideAndMethod"":{""baseline.orderUnits"":421,""baseline.placeBuilding"":4,""baseline.queueForProduction"":36,""baseline.setUnitDebugText"":54,""baseline.unqueueFromProduction"":6,""candidate.orderUnits"":263,""candidate.pauseProduction"":4,""candidate.placeBuilding"":7,""candidate.queueForProduction"":32,""candidate.resumeProduction"":3,""candidate.setUnitDebugText"":67,""candidate.toggleRepairWrench"":7,""candidate.unqueueFromProduction"":5}}","{""kind"":""unified-intent-d1-telemetry-v1"",""complete"":true,""updates"":8044,""budgetMode"":""separated_lanes_v2"",""commandCeiling"":115,""commandCeilingEnforced"":true,""rollingUpdates"":900,""referenceCommandCeiling"":115,""referenceExceededUpdates"":0,""budgetDenialUpdates"":65,""budgetDeniedUnitIdOccurrences"":138,""budgetDeniedDebugCalls"":32,""maxRollingCommandCalls"":115,""maxPendingUnitIds"":4,""maxForwardedChunkSize"":9,""counters"":{""gameplayNonorderCalls"":58,""productionBatches"":43,""proposedCalls"":298,""proposedUnitIds"":444,""forwardedOrderCalls"":263,""forwardedUnitIds"":436,""sameUnitConflicts"":2,""duplicateSuppressions"":3,""invalidUnitIds"":1,""invalidTargets"":2,""invalidTiles"":0,""supersededPending"":2,""expiredPending"":0,""revokedPending"":0,""deferredUnitIds"":138,""pendingUnitIds"":138,""debugProposals"":99,""debugCoalesced"":0,""debugForwarded"":67,""debugDropped"":32},""telemetrySha256"":""c0d297cfda13add6bbf23e4cdc5ec6029829866c5d3b6414b69337612c3d1c3e""}"
"68","separated_lanes_unbounded_d1","8104","{""sha256"":""487031b8358df6b5b11479319092414898f5a0e0bb920a9b7ba080f2511163be"",""bySideAndMethod"":{""baseline.orderUnits"":390,""baseline.placeBuilding"":4,""baseline.queueForProduction"":36,""baseline.setUnitDebugText"":54,""baseline.unqueueFromProduction"":6,""candidate.orderUnits"":507,""candidate.pauseProduction"":5,""candidate.placeBuilding"":7,""candidate.queueForProduction"":36,""candidate.resumeProduction"":3,""candidate.setUnitDebugText"":94,""candidate.toggleRepairWrench"":7,""candidate.unqueueFromProduction"":7}}","{""kind"":""unified-intent-d1-telemetry-v1"",""complete"":true,""updates"":8104,""budgetMode"":""separated_lanes_unbounded_d1"",""commandCeiling"":null,""commandCeilingEnforced"":false,""rollingUpdates"":900,""referenceCommandCeiling"":115,""referenceExceededUpdates"":2052,""budgetDenialUpdates"":0,""budgetDeniedUnitIdOccurrences"":0,""budgetDeniedDebugCalls"":0,""maxRollingCommandCalls"":147,""maxPendingUnitIds"":0,""maxForwardedChunkSize"":8,""counters"":{""gameplayNonorderCalls"":65,""productionBatches"":46,""proposedCalls"":539,""proposedUnitIds"":797,""forwardedOrderCalls"":507,""forwardedUnitIds"":796,""sameUnitConflicts"":0,""duplicateSuppressions"":1,""invalidUnitIds"":0,""invalidTargets"":0,""invalidTiles"":0,""supersededPending"":0,""expiredPending"":0,""revokedPending"":0,""deferredUnitIds"":0,""pendingUnitIds"":0,""debugProposals"":94,""debugCoalesced"":0,""debugForwarded"":94,""debugDropped"":0},""telemetrySha256"":""78d3d1cd747665218ec18b8fca06d4d980b2d40f83bac31369e07474507bd49d""}"
"69","disabled","20204","{""sha256"":""ba7624b74f0c8d8a2625a3bd372e6aaaf458daff36004b2ff383ef998bcdf26e"",""bySideAndMethod"":{""baseline.orderUnits"":274,""baseline.placeBuilding"":5,""baseline.queueForProduction"":46,""baseline.setUnitDebugText"":134,""baseline.toggleRepairWrench"":4,""baseline.unqueueFromProduction"":13,""candidate.activateSuperWeapon"":2,""candidate.orderUnits"":934,""candidate.pauseProduction"":8,""candidate.placeBuilding"":8,""candidate.queueForProduction"":46,""candidate.resumeProduction"":8,""candidate.setUnitDebugText"":169,""candidate.unqueueFromProduction"":10}}",""
"69","separated_lanes_v2","20107","{""sha256"":""9fae508d81c2ab01e7ad44e0235418606d9690076b99bbf356535179702a201d"",""bySideAndMethod"":{""baseline.orderUnits"":287,""baseline.placeBuilding"":5,""baseline.queueForProduction"":45,""baseline.setUnitDebugText"":132,""baseline.toggleRepairWrench"":3,""baseline.unqueueFromProduction"":12,""candidate.activateSuperWeapon"":2,""candidate.orderUnits"":792,""candidate.pauseProduction"":10,""candidate.placeBuilding"":8,""candidate.queueForProduction"":47,""candidate.resumeProduction"":10,""candidate.setUnitDebugText"":166,""candidate.unqueueFromProduction"":9}}","{""kind"":""unified-intent-d1-telemetry-v1"",""complete"":true,""updates"":20107,""budgetMode"":""separated_lanes_v2"",""commandCeiling"":115,""commandCeilingEnforced"":true,""rollingUpdates"":900,""referenceCommandCeiling"":115,""referenceExceededUpdates"":0,""budgetDenialUpdates"":917,""budgetDeniedUnitIdOccurrences"":12852,""budgetDeniedDebugCalls"":27,""maxRollingCommandCalls"":115,""maxPendingUnitIds"":25,""maxForwardedChunkSize"":27,""counters"":{""gameplayNonorderCalls"":86,""productionBatches"":69,""proposedCalls"":867,""proposedUnitIds"":7542,""forwardedOrderCalls"":792,""forwardedUnitIds"":6830,""sameUnitConflicts"":703,""duplicateSuppressions"":8,""invalidUnitIds"":0,""invalidTargets"":0,""invalidTiles"":0,""supersededPending"":512,""expiredPending"":0,""revokedPending"":0,""deferredUnitIds"":12852,""pendingUnitIds"":12852,""debugProposals"":193,""debugCoalesced"":0,""debugForwarded"":166,""debugDropped"":27},""telemetrySha256"":""939694c577680091455ad8fc013cae4218ddf94bdd545772a616858c21ca9e5e""}"
"69","separated_lanes_unbounded_d1","20153","{""sha256"":""ce96c44c7cb2fa08ca2eae84266b328de003f1aa69d2f4bea456cb29eceb15f0"",""bySideAndMethod"":{""baseline.orderUnits"":287,""baseline.placeBuilding"":5,""baseline.queueForProduction"":45,""baseline.setUnitDebugText"":132,""baseline.toggleRepairWrench"":3,""baseline.unqueueFromProduction"":12,""candidate.activateSuperWeapon"":2,""candidate.orderUnits"":849,""candidate.pauseProduction"":10,""candidate.placeBuilding"":8,""candidate.queueForProduction"":47,""candidate.resumeProduction"":10,""candidate.setUnitDebugText"":193,""candidate.unqueueFromProduction"":9}}","{""kind"":""unified-intent-d1-telemetry-v1"",""complete"":true,""updates"":20153,""budgetMode"":""separated_lanes_unbounded_d1"",""commandCeiling"":null,""commandCeilingEnforced"":false,""rollingUpdates"":900,""referenceCommandCeiling"":115,""referenceExceededUpdates"":1338,""budgetDenialUpdates"":0,""budgetDeniedUnitIdOccurrences"":0,""budgetDeniedDebugCalls"":0,""maxRollingCommandCalls"":183,""maxPendingUnitIds"":0,""maxForwardedChunkSize"":27,""counters"":{""gameplayNonorderCalls"":86,""productionBatches"":69,""proposedCalls"":878,""proposedUnitIds"":7719,""forwardedOrderCalls"":849,""forwardedUnitIds"":7674,""sameUnitConflicts"":37,""duplicateSuppressions"":8,""invalidUnitIds"":0,""invalidTargets"":0,""invalidTiles"":0,""supersededPending"":0,""expiredPending"":0,""revokedPending"":0,""deferredUnitIds"":0,""pendingUnitIds"":0,""debugProposals"":193,""debugCoalesced"":0,""debugForwarded"":193,""debugDropped"":0},""telemetrySha256"":""16e0ebb590f324d99d926abe2c5cc718c669812b91776ffe7e3c37b04d22fa99""}"
"70","disabled","24000","{""sha256"":""a082ad4c73b510176834101700f25adfa14df66f88f730b0a2ff932c258c1faf"",""bySideAndMethod"":{""baseline.orderUnits"":491,""baseline.placeBuilding"":9,""baseline.queueForProduction"":80,""baseline.setUnitDebugText"":91,""baseline.toggleRepairWrench"":5,""baseline.unqueueFromProduction"":28,""candidate.orderUnits"":695,""candidate.pauseProduction"":24,""candidate.placeBuilding"":10,""candidate.queueForProduction"":82,""candidate.resumeProduction"":23,""candidate.setUnitDebugText"":405,""candidate.toggleRepairWrench"":1,""candidate.unqueueFromProduction"":22}}",""
"70","separated_lanes_v2","20426","{""sha256"":""bc762aea1d4843e7dbb2a38be60fe4de56853b77cbabce03d37853bdee91a2c7"",""bySideAndMethod"":{""baseline.orderUnits"":312,""baseline.placeBuilding"":6,""baseline.queueForProduction"":73,""baseline.quitGame"":743,""baseline.setUnitDebugText"":113,""baseline.toggleRepairWrench"":12,""baseline.unqueueFromProduction"":22,""candidate.orderUnits"":865,""candidate.pauseProduction"":13,""candidate.placeBuilding"":10,""candidate.queueForProduction"":69,""candidate.resumeProduction"":12,""candidate.setUnitDebugText"":306,""candidate.unqueueFromProduction"":15}}","{""kind"":""unified-intent-d1-telemetry-v1"",""complete"":true,""updates"":20426,""budgetMode"":""separated_lanes_v2"",""commandCeiling"":115,""commandCeilingEnforced"":true,""rollingUpdates"":900,""referenceCommandCeiling"":115,""referenceExceededUpdates"":0,""budgetDenialUpdates"":835,""budgetDeniedUnitIdOccurrences"":8637,""budgetDeniedDebugCalls"":129,""maxRollingCommandCalls"":115,""maxPendingUnitIds"":16,""maxForwardedChunkSize"":19,""counters"":{""gameplayNonorderCalls"":119,""productionBatches"":102,""proposedCalls"":1011,""proposedUnitIds"":7450,""forwardedOrderCalls"":865,""forwardedUnitIds"":6600,""sameUnitConflicts"":844,""duplicateSuppressions"":4,""invalidUnitIds"":2,""invalidTargets"":0,""invalidTiles"":0,""supersededPending"":416,""expiredPending"":0,""revokedPending"":0,""deferredUnitIds"":8637,""pendingUnitIds"":8637,""debugProposals"":435,""debugCoalesced"":0,""debugForwarded"":306,""debugDropped"":129},""telemetrySha256"":""f9a32807b98076ea264ce9826c3e852b6d00bbbf47d2d235c76d918503bb1bea""}"
"70","separated_lanes_unbounded_d1","24000","{""sha256"":""3e3e83cc60e6b096d89f34ea5e81ab8010cb5025d08ac4f0b9505ba4b791b7a5"",""bySideAndMethod"":{""baseline.orderUnits"":491,""baseline.placeBuilding"":9,""baseline.queueForProduction"":80,""baseline.setUnitDebugText"":91,""baseline.toggleRepairWrench"":5,""baseline.unqueueFromProduction"":28,""candidate.orderUnits"":692,""candidate.pauseProduction"":24,""candidate.placeBuilding"":10,""candidate.queueForProduction"":82,""candidate.resumeProduction"":23,""candidate.setUnitDebugText"":405,""candidate.toggleRepairWrench"":1,""candidate.unqueueFromProduction"":22}}","{""kind"":""unified-intent-d1-telemetry-v1"",""complete"":true,""updates"":24000,""budgetMode"":""separated_lanes_unbounded_d1"",""commandCeiling"":null,""commandCeilingEnforced"":false,""rollingUpdates"":900,""referenceCommandCeiling"":115,""referenceExceededUpdates"":2208,""budgetDenialUpdates"":0,""budgetDeniedUnitIdOccurrences"":0,""budgetDeniedDebugCalls"":0,""maxRollingCommandCalls"":159,""maxPendingUnitIds"":0,""maxForwardedChunkSize"":19,""counters"":{""gameplayNonorderCalls"":162,""productionBatches"":134,""proposedCalls"":695,""proposedUnitIds"":1525,""forwardedOrderCalls"":692,""forwardedUnitIds"":1522,""sameUnitConflicts"":0,""duplicateSuppressions"":3,""invalidUnitIds"":0,""invalidTargets"":0,""invalidTiles"":0,""supersededPending"":0,""expiredPending"":0,""revokedPending"":0,""deferredUnitIds"":0,""pendingUnitIds"":0,""debugProposals"":405,""debugCoalesced"":0,""debugForwarded"":405,""debugDropped"":0},""telemetrySha256"":""7a9b697910c00518402dfabef0e2d1a4a4480614fd76a4ea7a9d6447ffd4c069""}"
"71","disabled","14396","{""sha256"":""7eaf5908b52b61a2271e293dc4f3e0ccada8f5830d61be1cfd9ea427a34cadf7"",""bySideAndMethod"":{""baseline.orderUnits"":306,""baseline.placeBuilding"":7,""baseline.queueForProduction"":68,""baseline.quitGame"":193,""baseline.setUnitDebugText"":91,""baseline.toggleRepairWrench"":16,""baseline.unqueueFromProduction"":17,""candidate.orderUnits"":651,""candidate.pauseProduction"":10,""candidate.placeBuilding"":8,""candidate.queueForProduction"":63,""candidate.resumeProduction"":9,""candidate.setUnitDebugText"":418,""candidate.unqueueFromProduction"":14}}",""
"71","separated_lanes_v2","20088","{""sha256"":""cde093787b5ef5ea6f0e8dd9719ea8833f98660fc1906ddec43f6c305e55b0fe"",""bySideAndMethod"":{""baseline.orderUnits"":302,""baseline.placeBuilding"":6,""baseline.queueForProduction"":69,""baseline.quitGame"":634,""baseline.setUnitDebugText"":96,""baseline.toggleRepairWrench"":15,""baseline.unqueueFromProduction"":19,""candidate.orderUnits"":928,""candidate.pauseProduction"":12,""candidate.placeBuilding"":9,""candidate.queueForProduction"":67,""candidate.resumeProduction"":11,""candidate.setUnitDebugText"":291,""candidate.unqueueFromProduction"":13}}","{""kind"":""unified-intent-d1-telemetry-v1"",""complete"":true,""updates"":20088,""budgetMode"":""separated_lanes_v2"",""commandCeiling"":115,""commandCeilingEnforced"":true,""rollingUpdates"":900,""referenceCommandCeiling"":115,""referenceExceededUpdates"":0,""budgetDenialUpdates"":849,""budgetDeniedUnitIdOccurrences"":8326,""budgetDeniedDebugCalls"":141,""maxRollingCommandCalls"":115,""maxPendingUnitIds"":16,""maxForwardedChunkSize"":19,""counters"":{""gameplayNonorderCalls"":112,""productionBatches"":94,""proposedCalls"":1036,""proposedUnitIds"":6285,""forwardedOrderCalls"":928,""forwardedUnitIds"":5548,""sameUnitConflicts"":726,""duplicateSuppressions"":4,""invalidUnitIds"":4,""invalidTargets"":0,""invalidTiles"":0,""supersededPending"":520,""expiredPending"":0,""revokedPending"":0,""deferredUnitIds"":8326,""pendingUnitIds"":8326,""debugProposals"":432,""debugCoalesced"":0,""debugForwarded"":291,""debugDropped"":141},""telemetrySha256"":""588d9be37d0e4b1cefd44a64444b6be237136f2225d649bb505f1ee290300b84""}"
"71","separated_lanes_unbounded_d1","14396","{""sha256"":""bd3fc97dc3b41da301d127bcabf0b5f585012019209e3fb611357632118c57d4"",""bySideAndMethod"":{""baseline.orderUnits"":306,""baseline.placeBuilding"":7,""baseline.queueForProduction"":68,""baseline.quitGame"":193,""baseline.setUnitDebugText"":91,""baseline.toggleRepairWrench"":16,""baseline.unqueueFromProduction"":17,""candidate.orderUnits"":647,""candidate.pauseProduction"":10,""candidate.placeBuilding"":8,""candidate.queueForProduction"":63,""candidate.resumeProduction"":9,""candidate.setUnitDebugText"":418,""candidate.unqueueFromProduction"":14}}","{""kind"":""unified-intent-d1-telemetry-v1"",""complete"":true,""updates"":14396,""budgetMode"":""separated_lanes_unbounded_d1"",""commandCeiling"":null,""commandCeilingEnforced"":false,""rollingUpdates"":900,""referenceCommandCeiling"":115,""referenceExceededUpdates"":2520,""budgetDenialUpdates"":0,""budgetDeniedUnitIdOccurrences"":0,""budgetDeniedDebugCalls"":0,""maxRollingCommandCalls"":159,""maxPendingUnitIds"":0,""maxForwardedChunkSize"":19,""counters"":{""gameplayNonorderCalls"":104,""productionBatches"":88,""proposedCalls"":651,""proposedUnitIds"":1764,""forwardedOrderCalls"":647,""forwardedUnitIds"":1761,""sameUnitConflicts"":0,""duplicateSuppressions"":3,""invalidUnitIds"":0,""invalidTargets"":0,""invalidTiles"":0,""supersededPending"":0,""expiredPending"":0,""revokedPending"":0,""deferredUnitIds"":0,""pendingUnitIds"":0,""debugProposals"":418,""debugCoalesced"":0,""debugForwarded"":418,""debugDropped"":0},""telemetrySha256"":""d8e995a1f31ed9096d6c09cf59bc41f6b2a4f52c9ef25deecd79b704309c17e0""}"
"72","disabled","18927","{""sha256"":""17afebd5d2a2570f9bbf679ff5dcd8aeb777cb6f4053f4111347e7d63073ba65"",""bySideAndMethod"":{""baseline.orderUnits"":1086,""baseline.placeBuilding"":6,""baseline.queueForProduction"":95,""baseline.setUnitDebugText"":217,""baseline.toggleRepairWrench"":1,""baseline.unqueueFromProduction"":53,""candidate.activateSuperWeapon"":1,""candidate.orderUnits"":349,""candidate.pauseProduction"":26,""candidate.placeBuilding"":15,""candidate.queueForProduction"":84,""candidate.quitGame"":21,""candidate.resumeProduction"":23,""candidate.setUnitDebugText"":89,""candidate.toggleRepairWrench"":23,""candidate.unqueueFromProduction"":43}}",""
"72","separated_lanes_v2","19594","{""sha256"":""184a36b74b32ad73250d69d188bd289e0d3ca94f389fd06984b74212119aec68"",""bySideAndMethod"":{""baseline.orderUnits"":841,""baseline.placeBuilding"":6,""baseline.queueForProduction"":109,""baseline.setUnitDebugText"":278,""baseline.toggleRepairWrench"":1,""baseline.unqueueFromProduction"":66,""candidate.activateSuperWeapon"":1,""candidate.orderUnits"":366,""candidate.pauseProduction"":19,""candidate.placeBuilding"":16,""candidate.queueForProduction"":74,""candidate.quitGame"":39,""candidate.resumeProduction"":15,""candidate.setUnitDebugText"":75,""candidate.toggleRepairWrench"":32,""candidate.unqueueFromProduction"":34}}","{""kind"":""unified-intent-d1-telemetry-v1"",""complete"":true,""updates"":19594,""budgetMode"":""separated_lanes_v2"",""commandCeiling"":115,""commandCeilingEnforced"":true,""rollingUpdates"":900,""referenceCommandCeiling"":115,""referenceExceededUpdates"":0,""budgetDenialUpdates"":0,""budgetDeniedUnitIdOccurrences"":0,""budgetDeniedDebugCalls"":0,""maxRollingCommandCalls"":88,""maxPendingUnitIds"":0,""maxForwardedChunkSize"":7,""counters"":{""gameplayNonorderCalls"":230,""productionBatches"":130,""proposedCalls"":366,""proposedUnitIds"":874,""forwardedOrderCalls"":366,""forwardedUnitIds"":873,""sameUnitConflicts"":0,""duplicateSuppressions"":1,""invalidUnitIds"":0,""invalidTargets"":0,""invalidTiles"":0,""supersededPending"":0,""expiredPending"":0,""revokedPending"":0,""deferredUnitIds"":0,""pendingUnitIds"":0,""debugProposals"":75,""debugCoalesced"":0,""debugForwarded"":75,""debugDropped"":0},""telemetrySha256"":""c68b3f2cad2cfa8dfa4ab58100bbcff607204b36832419672a667434f75ae995""}"
"72","separated_lanes_unbounded_d1","19594","{""sha256"":""184a36b74b32ad73250d69d188bd289e0d3ca94f389fd06984b74212119aec68"",""bySideAndMethod"":{""baseline.orderUnits"":841,""baseline.placeBuilding"":6,""baseline.queueForProduction"":109,""baseline.setUnitDebugText"":278,""baseline.toggleRepairWrench"":1,""baseline.unqueueFromProduction"":66,""candidate.activateSuperWeapon"":1,""candidate.orderUnits"":366,""candidate.pauseProduction"":19,""candidate.placeBuilding"":16,""candidate.queueForProduction"":74,""candidate.quitGame"":39,""candidate.resumeProduction"":15,""candidate.setUnitDebugText"":75,""candidate.toggleRepairWrench"":32,""candidate.unqueueFromProduction"":34}}","{""kind"":""unified-intent-d1-telemetry-v1"",""complete"":true,""updates"":19594,""budgetMode"":""separated_lanes_unbounded_d1"",""commandCeiling"":null,""commandCeilingEnforced"":false,""rollingUpdates"":900,""referenceCommandCeiling"":115,""referenceExceededUpdates"":0,""budgetDenialUpdates"":0,""budgetDeniedUnitIdOccurrences"":0,""budgetDeniedDebugCalls"":0,""maxRollingCommandCalls"":88,""maxPendingUnitIds"":0,""maxForwardedChunkSize"":7,""counters"":{""gameplayNonorderCalls"":230,""productionBatches"":130,""proposedCalls"":366,""proposedUnitIds"":874,""forwardedOrderCalls"":366,""forwardedUnitIds"":873,""sameUnitConflicts"":0,""duplicateSuppressions"":1,""invalidUnitIds"":0,""invalidTargets"":0,""invalidTiles"":0,""supersededPending"":0,""expiredPending"":0,""revokedPending"":0,""deferredUnitIds"":0,""pendingUnitIds"":0,""debugProposals"":75,""debugCoalesced"":0,""debugForwarded"":75,""debugDropped"":0},""telemetrySha256"":""66e67c76208a786ef50328caee2af119aa560e5c088eda6a5b9106e5cfe6bf20""}"
"73","disabled","8608","{""sha256"":""0390ef90870f3ec5293f0ca7869e4565d810833fe95bad4e649ee23aac3f2e81"",""bySideAndMethod"":{""baseline.orderUnits"":178,""baseline.placeBuilding"":7,""baseline.queueForProduction"":55,""baseline.quitGame"":21,""baseline.setUnitDebugText"":93,""baseline.toggleRepairWrench"":6,""baseline.unqueueFromProduction"":24,""candidate.orderUnits"":625,""candidate.pauseProduction"":3,""candidate.placeBuilding"":6,""candidate.queueForProduction"":40,""candidate.resumeProduction"":3,""candidate.setUnitDebugText"":48,""candidate.unqueueFromProduction"":5}}",""
"73","separated_lanes_v2","24000","{""sha256"":""71cb9305fa56199effbf2b978c29f6e865c0a1b11bd505874c44b9cb8e9bc55e"",""bySideAndMethod"":{""baseline.orderUnits"":488,""baseline.placeBuilding"":11,""baseline.queueForProduction"":149,""baseline.setUnitDebugText"":189,""baseline.toggleRepairWrench"":24,""baseline.unqueueFromProduction"":91,""candidate.orderUnits"":1376,""candidate.pauseProduction"":3,""candidate.placeBuilding"":6,""candidate.queueForProduction"":85,""candidate.resumeProduction"":3,""candidate.setUnitDebugText"":152,""candidate.unqueueFromProduction"":5}}","{""kind"":""unified-intent-d1-telemetry-v1"",""complete"":true,""updates"":24000,""budgetMode"":""separated_lanes_v2"",""commandCeiling"":115,""commandCeilingEnforced"":true,""rollingUpdates"":900,""referenceCommandCeiling"":115,""referenceExceededUpdates"":0,""budgetDenialUpdates"":0,""budgetDeniedUnitIdOccurrences"":0,""budgetDeniedDebugCalls"":0,""maxRollingCommandCalls"":93,""maxPendingUnitIds"":0,""maxForwardedChunkSize"":7,""counters"":{""gameplayNonorderCalls"":102,""productionBatches"":93,""proposedCalls"":1387,""proposedUnitIds"":3311,""forwardedOrderCalls"":1376,""forwardedUnitIds"":3295,""sameUnitConflicts"":0,""duplicateSuppressions"":16,""invalidUnitIds"":0,""invalidTargets"":0,""invalidTiles"":0,""supersededPending"":0,""expiredPending"":0,""revokedPending"":0,""deferredUnitIds"":0,""pendingUnitIds"":0,""debugProposals"":152,""debugCoalesced"":0,""debugForwarded"":152,""debugDropped"":0},""telemetrySha256"":""1742f0edd8c072fbd16f30ab69b3abbbbc46959689b20ecf7d02bab8b5fe1ea6""}"
"73","separated_lanes_unbounded_d1","24000","{""sha256"":""71cb9305fa56199effbf2b978c29f6e865c0a1b11bd505874c44b9cb8e9bc55e"",""bySideAndMethod"":{""baseline.orderUnits"":488,""baseline.placeBuilding"":11,""baseline.queueForProduction"":149,""baseline.setUnitDebugText"":189,""baseline.toggleRepairWrench"":24,""baseline.unqueueFromProduction"":91,""candidate.orderUnits"":1376,""candidate.pauseProduction"":3,""candidate.placeBuilding"":6,""candidate.queueForProduction"":85,""candidate.resumeProduction"":3,""candidate.setUnitDebugText"":152,""candidate.unqueueFromProduction"":5}}","{""kind"":""unified-intent-d1-telemetry-v1"",""complete"":true,""updates"":24000,""budgetMode"":""separated_lanes_unbounded_d1"",""commandCeiling"":null,""commandCeilingEnforced"":false,""rollingUpdates"":900,""referenceCommandCeiling"":115,""referenceExceededUpdates"":0,""budgetDenialUpdates"":0,""budgetDeniedUnitIdOccurrences"":0,""budgetDeniedDebugCalls"":0,""maxRollingCommandCalls"":93,""maxPendingUnitIds"":0,""maxForwardedChunkSize"":7,""counters"":{""gameplayNonorderCalls"":102,""productionBatches"":93,""proposedCalls"":1387,""proposedUnitIds"":3311,""forwardedOrderCalls"":1376,""forwardedUnitIds"":3295,""sameUnitConflicts"":0,""duplicateSuppressions"":16,""invalidUnitIds"":0,""invalidTargets"":0,""invalidTiles"":0,""supersededPending"":0,""expiredPending"":0,""revokedPending"":0,""deferredUnitIds"":0,""pendingUnitIds"":0,""debugProposals"":152,""debugCoalesced"":0,""debugForwarded"":152,""debugDropped"":0},""telemetrySha256"":""10f6bc2ff1dd6c7c71296eeea60f4e98c78feccaa87289814615734b3b536cc1""}"
"74","disabled","24000","{""sha256"":""29bbda12aa8adf9179ba4043f5085c26071dac2241a2386af93902e3806c36ac"",""bySideAndMethod"":{""baseline.orderUnits"":662,""baseline.placeBuilding"":8,""baseline.queueForProduction"":157,""baseline.setUnitDebugText"":222,""baseline.toggleRepairWrench"":9,""baseline.unqueueFromProduction"":88,""candidate.orderUnits"":2009,""candidate.pauseProduction"":4,""candidate.placeBuilding"":6,""candidate.queueForProduction"":154,""candidate.resumeProduction"":4,""candidate.setUnitDebugText"":224,""candidate.unqueueFromProduction"":5}}",""
"74","separated_lanes_v2","24000","{""sha256"":""093eab7e2c77b9f303bbc82f3a17fa384d273d8d9f5eec35e78d222f076debec"",""bySideAndMethod"":{""baseline.orderUnits"":842,""baseline.placeBuilding"":8,""baseline.queueForProduction"":145,""baseline.setUnitDebugText"":251,""baseline.toggleRepairWrench"":12,""baseline.unqueueFromProduction"":80,""candidate.orderUnits"":1922,""candidate.pauseProduction"":4,""candidate.placeBuilding"":6,""candidate.queueForProduction"":154,""candidate.resumeProduction"":4,""candidate.setUnitDebugText"":241,""candidate.unqueueFromProduction"":5}}","{""kind"":""unified-intent-d1-telemetry-v1"",""complete"":true,""updates"":24000,""budgetMode"":""separated_lanes_v2"",""commandCeiling"":115,""commandCeilingEnforced"":true,""rollingUpdates"":900,""referenceCommandCeiling"":115,""referenceExceededUpdates"":0,""budgetDenialUpdates"":1450,""budgetDeniedUnitIdOccurrences"":8308,""budgetDeniedDebugCalls"":20,""maxRollingCommandCalls"":115,""maxPendingUnitIds"":14,""maxForwardedChunkSize"":13,""counters"":{""gameplayNonorderCalls"":173,""productionBatches"":164,""proposedCalls"":2043,""proposedUnitIds"":5366,""forwardedOrderCalls"":1922,""forwardedUnitIds"":5054,""sameUnitConflicts"":272,""duplicateSuppressions"":26,""invalidUnitIds"":2,""invalidTargets"":12,""invalidTiles"":0,""supersededPending"":272,""expiredPending"":0,""revokedPending"":0,""deferredUnitIds"":8308,""pendingUnitIds"":8308,""debugProposals"":261,""debugCoalesced"":0,""debugForwarded"":241,""debugDropped"":20},""telemetrySha256"":""078090b13187ad7e3c008997c66cc69d9afa2d7bd77e9545cdd74d4bbe8c8af3""}"
"74","separated_lanes_unbounded_d1","24000","{""sha256"":""2bcf7e9cf267d5acc6233082fb78aaedaf2bcc9ec4a0864180822cfb7835e095"",""bySideAndMethod"":{""baseline.orderUnits"":662,""baseline.placeBuilding"":8,""baseline.queueForProduction"":157,""baseline.setUnitDebugText"":222,""baseline.toggleRepairWrench"":9,""baseline.unqueueFromProduction"":88,""candidate.orderUnits"":2006,""candidate.pauseProduction"":4,""candidate.placeBuilding"":6,""candidate.queueForProduction"":154,""candidate.resumeProduction"":4,""candidate.setUnitDebugText"":224,""candidate.unqueueFromProduction"":5}}","{""kind"":""unified-intent-d1-telemetry-v1"",""complete"":true,""updates"":24000,""budgetMode"":""separated_lanes_unbounded_d1"",""commandCeiling"":null,""commandCeilingEnforced"":false,""rollingUpdates"":900,""referenceCommandCeiling"":115,""referenceExceededUpdates"":3636,""budgetDenialUpdates"":0,""budgetDeniedUnitIdOccurrences"":0,""budgetDeniedDebugCalls"":0,""maxRollingCommandCalls"":179,""maxPendingUnitIds"":0,""maxForwardedChunkSize"":14,""counters"":{""gameplayNonorderCalls"":173,""productionBatches"":164,""proposedCalls"":2009,""proposedUnitIds"":5060,""forwardedOrderCalls"":2006,""forwardedUnitIds"":5057,""sameUnitConflicts"":0,""duplicateSuppressions"":3,""invalidUnitIds"":0,""invalidTargets"":0,""invalidTiles"":0,""supersededPending"":0,""expiredPending"":0,""revokedPending"":0,""deferredUnitIds"":0,""pendingUnitIds"":0,""debugProposals"":224,""debugCoalesced"":0,""debugForwarded"":224,""debugDropped"":0},""telemetrySha256"":""8d7ef130beaf97e8265b20d2360e76f11ebb06e594b43b33da9e754ed740e8b4""}"
"75","disabled","24000","{""sha256"":""2af16c50c1e5fb3238d91c35eb4ae6b42e583cc1696f2ef73fea712842650bb4"",""bySideAndMethod"":{""baseline.orderUnits"":531,""baseline.placeBuilding"":13,""baseline.queueForProduction"":118,""baseline.setUnitDebugText"":122,""baseline.toggleRepairWrench"":35,""baseline.unqueueFromProduction"":60,""candidate.orderUnits"":4638,""candidate.pauseProduction"":4,""candidate.placeBuilding"":6,""candidate.queueForProduction"":154,""candidate.resumeProduction"":4,""candidate.setUnitDebugText"":306,""candidate.unqueueFromProduction"":5}}",""
"75","separated_lanes_v2","24000","{""sha256"":""b01c435aeb19056fc880ad20741f39e5f6fe8b009d6f0ec185c2bcdd18ad1b4e"",""bySideAndMethod"":{""baseline.orderUnits"":623,""baseline.placeBuilding"":14,""baseline.queueForProduction"":162,""baseline.setUnitDebugText"":147,""baseline.toggleRepairWrench"":38,""baseline.unqueueFromProduction"":97,""candidate.orderUnits"":1642,""candidate.pauseProduction"":4,""candidate.placeBuilding"":6,""candidate.queueForProduction"":154,""candidate.resumeProduction"":4,""candidate.setUnitDebugText"":188,""candidate.unqueueFromProduction"":5}}","{""kind"":""unified-intent-d1-telemetry-v1"",""complete"":true,""updates"":24000,""budgetMode"":""separated_lanes_v2"",""commandCeiling"":115,""commandCeilingEnforced"":true,""rollingUpdates"":900,""referenceCommandCeiling"":115,""referenceExceededUpdates"":0,""budgetDenialUpdates"":1423,""budgetDeniedUnitIdOccurrences"":8745,""budgetDeniedDebugCalls"":18,""maxRollingCommandCalls"":115,""maxPendingUnitIds"":15,""maxForwardedChunkSize"":17,""counters"":{""gameplayNonorderCalls"":173,""productionBatches"":164,""proposedCalls"":1759,""proposedUnitIds"":4364,""forwardedOrderCalls"":1642,""forwardedUnitIds"":4027,""sameUnitConflicts"":301,""duplicateSuppressions"":21,""invalidUnitIds"":4,""invalidTargets"":11,""invalidTiles"":0,""supersededPending"":302,""expiredPending"":0,""revokedPending"":0,""deferredUnitIds"":8745,""pendingUnitIds"":8745,""debugProposals"":206,""debugCoalesced"":0,""debugForwarded"":188,""debugDropped"":18},""telemetrySha256"":""e52f27723aadc22dfe9b5e72b35ba125a76fed71e779a0bb9af04c3cdc66332f""}"
"75","separated_lanes_unbounded_d1","24000","{""sha256"":""5b4da09052ad9d42ab6c263106b9ce6b0f3bbbdfbb2e74cdc7c8b259a0df524f"",""bySideAndMethod"":{""baseline.orderUnits"":531,""baseline.placeBuilding"":13,""baseline.queueForProduction"":118,""baseline.setUnitDebugText"":122,""baseline.toggleRepairWrench"":35,""baseline.unqueueFromProduction"":60,""candidate.orderUnits"":4425,""candidate.pauseProduction"":4,""candidate.placeBuilding"":6,""candidate.queueForProduction"":154,""candidate.resumeProduction"":4,""candidate.setUnitDebugText"":306,""candidate.unqueueFromProduction"":5}}","{""kind"":""unified-intent-d1-telemetry-v1"",""complete"":true,""updates"":24000,""budgetMode"":""separated_lanes_unbounded_d1"",""commandCeiling"":null,""commandCeilingEnforced"":false,""rollingUpdates"":900,""referenceCommandCeiling"":115,""referenceExceededUpdates"":8909,""budgetDenialUpdates"":0,""budgetDeniedUnitIdOccurrences"":0,""budgetDeniedDebugCalls"":0,""maxRollingCommandCalls"":564,""maxPendingUnitIds"":0,""maxForwardedChunkSize"":15,""counters"":{""gameplayNonorderCalls"":173,""productionBatches"":164,""proposedCalls"":4638,""proposedUnitIds"":24410,""forwardedOrderCalls"":4425,""forwardedUnitIds"":23646,""sameUnitConflicts"":761,""duplicateSuppressions"":3,""invalidUnitIds"":0,""invalidTargets"":0,""invalidTiles"":0,""supersededPending"":0,""expiredPending"":0,""revokedPending"":0,""deferredUnitIds"":0,""pendingUnitIds"":0,""debugProposals"":306,""debugCoalesced"":0,""debugForwarded"":306,""debugDropped"":0},""telemetrySha256"":""9f153377a7198e3e7ac5938e34b24f6f5f939f41ca0661f270212ae88b4b78bc""}"
"76","disabled","24000","{""sha256"":""bb9afa89a3d0efa8d38a4142cb0f1055676e5507b7711032bfb0690740948308"",""bySideAndMethod"":{""baseline.orderUnits"":840,""baseline.placeBuilding"":6,""baseline.queueForProduction"":97,""baseline.setUnitDebugText"":78,""baseline.toggleRepairWrench"":7,""baseline.unqueueFromProduction"":51,""candidate.activateSuperWeapon"":3,""candidate.orderUnits"":1616,""candidate.pauseProduction"":34,""candidate.placeBuilding"":14,""candidate.queueForProduction"":109,""candidate.resumeProduction"":33,""candidate.setUnitDebugText"":625,""candidate.unqueueFromProduction"":30}}",""
"76","separated_lanes_v2","18450","{""sha256"":""4fdac73c0bb6bc38a2828470530f5a8e70414701100118da8f62f35fb04858b6"",""bySideAndMethod"":{""baseline.orderUnits"":327,""baseline.placeBuilding"":7,""baseline.queueForProduction"":54,""baseline.quitGame"":460,""baseline.setUnitDebugText"":47,""baseline.toggleRepairWrench"":8,""baseline.unqueueFromProduction"":20,""candidate.activateSuperWeapon"":2,""candidate.orderUnits"":1004,""candidate.pauseProduction"":11,""candidate.placeBuilding"":12,""candidate.queueForProduction"":76,""candidate.resumeProduction"":11,""candidate.setUnitDebugText"":378,""candidate.unqueueFromProduction"":20}}","{""kind"":""unified-intent-d1-telemetry-v1"",""complete"":true,""updates"":18450,""budgetMode"":""separated_lanes_v2"",""commandCeiling"":115,""commandCeilingEnforced"":true,""rollingUpdates"":900,""referenceCommandCeiling"":115,""referenceExceededUpdates"":0,""budgetDenialUpdates"":778,""budgetDeniedUnitIdOccurrences"":4781,""budgetDeniedDebugCalls"":140,""maxRollingCommandCalls"":115,""maxPendingUnitIds"":18,""maxForwardedChunkSize"":40,""counters"":{""gameplayNonorderCalls"":132,""productionBatches"":109,""proposedCalls"":1109,""proposedUnitIds"":5196,""forwardedOrderCalls"":1004,""forwardedUnitIds"":4984,""sameUnitConflicts"":170,""duplicateSuppressions"":26,""invalidUnitIds"":0,""invalidTargets"":16,""invalidTiles"":0,""supersededPending"":124,""expiredPending"":0,""revokedPending"":0,""deferredUnitIds"":4781,""pendingUnitIds"":4781,""debugProposals"":518,""debugCoalesced"":0,""debugForwarded"":378,""debugDropped"":140},""telemetrySha256"":""ae864d1703481e7e08dfe78ebdd0cee7a13e33e393f6a07194770e2be1589ffe""}"
"76","separated_lanes_unbounded_d1","12464","{""sha256"":""fb3fd644dc17dec9fb22a2f5138da195f6c5b16a497ec22d62133e6ebc46f16f"",""bySideAndMethod"":{""baseline.orderUnits"":343,""baseline.placeBuilding"":7,""baseline.queueForProduction"":52,""baseline.setUnitDebugText"":45,""baseline.toggleRepairWrench"":7,""baseline.unqueueFromProduction"":18,""candidate.activateSuperWeapon"":1,""candidate.orderUnits"":930,""candidate.pauseProduction"":12,""candidate.placeBuilding"":8,""candidate.queueForProduction"":59,""candidate.resumeProduction"":11,""candidate.setUnitDebugText"":373,""candidate.unqueueFromProduction"":10}}","{""kind"":""unified-intent-d1-telemetry-v1"",""complete"":true,""updates"":12464,""budgetMode"":""separated_lanes_unbounded_d1"",""commandCeiling"":null,""commandCeilingEnforced"":false,""rollingUpdates"":900,""referenceCommandCeiling"":115,""referenceExceededUpdates"":4485,""budgetDenialUpdates"":0,""budgetDeniedUnitIdOccurrences"":0,""budgetDeniedDebugCalls"":0,""maxRollingCommandCalls"":158,""maxPendingUnitIds"":0,""maxForwardedChunkSize"":10,""counters"":{""gameplayNonorderCalls"":101,""productionBatches"":86,""proposedCalls"":956,""proposedUnitIds"":1989,""forwardedOrderCalls"":930,""forwardedUnitIds"":1977,""sameUnitConflicts"":0,""duplicateSuppressions"":12,""invalidUnitIds"":0,""invalidTargets"":0,""invalidTiles"":0,""supersededPending"":0,""expiredPending"":0,""revokedPending"":0,""deferredUnitIds"":0,""pendingUnitIds"":0,""debugProposals"":373,""debugCoalesced"":0,""debugForwarded"":373,""debugDropped"":0},""telemetrySha256"":""57692c093bdb5eda0fce86f0e1ea93d57f58ee599dd8acc522c26b8308a06e4f""}"
"77","disabled","20856","{""sha256"":""9801512016585f7ec664050e7e053552439a8936be67ca6474b9bd84ac02f7a6"",""bySideAndMethod"":{""baseline.orderUnits"":573,""baseline.placeBuilding"":11,""baseline.queueForProduction"":79,""baseline.setUnitDebugText"":77,""baseline.toggleRepairWrench"":12,""baseline.unqueueFromProduction"":33,""candidate.activateSuperWeapon"":2,""candidate.orderUnits"":2287,""candidate.pauseProduction"":16,""candidate.placeBuilding"":12,""candidate.queueForProduction"":94,""candidate.resumeProduction"":15,""candidate.setUnitDebugText"":570,""candidate.unqueueFromProduction"":26}}",""
"77","separated_lanes_v2","24000","{""sha256"":""677d23983fce84996d4522dc714b44e4fad1946d9f2f5d4fbc569eb26dcf5a9d"",""bySideAndMethod"":{""baseline.orderUnits"":644,""baseline.placeBuilding"":14,""baseline.queueForProduction"":85,""baseline.setUnitDebugText"":60,""baseline.toggleRepairWrench"":57,""baseline.unqueueFromProduction"":33,""candidate.activateSuperWeapon"":4,""candidate.orderUnits"":1771,""candidate.pauseProduction"":26,""candidate.placeBuilding"":14,""candidate.queueForProduction"":96,""candidate.resumeProduction"":25,""candidate.setUnitDebugText"":304,""candidate.unqueueFromProduction"":17}}","{""kind"":""unified-intent-d1-telemetry-v1"",""complete"":true,""updates"":24000,""budgetMode"":""separated_lanes_v2"",""commandCeiling"":115,""commandCeilingEnforced"":true,""rollingUpdates"":900,""referenceCommandCeiling"":115,""referenceExceededUpdates"":0,""budgetDenialUpdates"":1533,""budgetDeniedUnitIdOccurrences"":10401,""budgetDeniedDebugCalls"":159,""maxRollingCommandCalls"":115,""maxPendingUnitIds"":26,""maxForwardedChunkSize"":16,""counters"":{""gameplayNonorderCalls"":182,""productionBatches"":154,""proposedCalls"":3346,""proposedUnitIds"":10566,""forwardedOrderCalls"":1771,""forwardedUnitIds"":4418,""sameUnitConflicts"":428,""duplicateSuppressions"":32,""invalidUnitIds"":2,""invalidTargets"":1,""invalidTiles"":0,""supersededPending"":426,""expiredPending"":0,""revokedPending"":5680,""deferredUnitIds"":10401,""pendingUnitIds"":10401,""debugProposals"":463,""debugCoalesced"":0,""debugForwarded"":304,""debugDropped"":159},""telemetrySha256"":""1dcb6dec0da33b91afbe334224d15df01996743c9db60e909f074bcede5c7089""}"
"77","separated_lanes_unbounded_d1","24000","{""sha256"":""8efccc7155e073081f0cb8082443c845425f2f7507129ead76b3366044bc4f90"",""bySideAndMethod"":{""baseline.orderUnits"":403,""baseline.placeBuilding"":10,""baseline.queueForProduction"":81,""baseline.setUnitDebugText"":50,""baseline.toggleRepairWrench"":36,""baseline.unqueueFromProduction"":38,""candidate.activateSuperWeapon"":4,""candidate.orderUnits"":2369,""candidate.pauseProduction"":27,""candidate.placeBuilding"":14,""candidate.queueForProduction"":102,""candidate.resumeProduction"":26,""candidate.setUnitDebugText"":478,""candidate.unqueueFromProduction"":14}}","{""kind"":""unified-intent-d1-telemetry-v1"",""complete"":true,""updates"":24000,""budgetMode"":""separated_lanes_unbounded_d1"",""commandCeiling"":null,""commandCeilingEnforced"":false,""rollingUpdates"":900,""referenceCommandCeiling"":115,""referenceExceededUpdates"":9114,""budgetDenialUpdates"":0,""budgetDeniedUnitIdOccurrences"":0,""budgetDeniedDebugCalls"":0,""maxRollingCommandCalls"":354,""maxPendingUnitIds"":0,""maxForwardedChunkSize"":16,""counters"":{""gameplayNonorderCalls"":187,""productionBatches"":156,""proposedCalls"":2444,""proposedUnitIds"":9019,""forwardedOrderCalls"":2369,""forwardedUnitIds"":8860,""sameUnitConflicts"":141,""duplicateSuppressions"":18,""invalidUnitIds"":0,""invalidTargets"":0,""invalidTiles"":0,""supersededPending"":0,""expiredPending"":0,""revokedPending"":0,""deferredUnitIds"":0,""pendingUnitIds"":0,""debugProposals"":478,""debugCoalesced"":0,""debugForwarded"":478,""debugDropped"":0},""telemetrySha256"":""5630420956927906130a72abe98a51d49c8f8db680419317b6cbfa71955a4da2""}"
"78","disabled","24000","{""sha256"":""77a225df5cd0db09cb1ccb4f0557df0d23e867560e53cd3aa9241d1148aa67d4"",""bySideAndMethod"":{""baseline.orderUnits"":751,""baseline.placeBuilding"":14,""baseline.queueForProduction"":104,""baseline.setUnitDebugText"":129,""baseline.toggleRepairWrench"":23,""baseline.unqueueFromProduction"":31,""candidate.orderUnits"":2469,""candidate.pauseProduction"":17,""candidate.placeBuilding"":14,""candidate.queueForProduction"":139,""candidate.resumeProduction"":17,""candidate.setUnitDebugText"":337,""candidate.unqueueFromProduction"":12}}",""
"78","separated_lanes_v2","24000","{""sha256"":""b80e9e76ea8801f2c05357633cf0352d209bcc9cd60e4e27588d81a80292ecec"",""bySideAndMethod"":{""baseline.orderUnits"":814,""baseline.placeBuilding"":7,""baseline.queueForProduction"":85,""baseline.setUnitDebugText"":140,""baseline.unqueueFromProduction"":26,""candidate.orderUnits"":541,""candidate.pauseProduction"":20,""candidate.placeBuilding"":12,""candidate.queueForProduction"":90,""candidate.resumeProduction"":17,""candidate.setUnitDebugText"":197,""candidate.toggleRepairWrench"":10,""candidate.unqueueFromProduction"":8}}","{""kind"":""unified-intent-d1-telemetry-v1"",""complete"":true,""updates"":24000,""budgetMode"":""separated_lanes_v2"",""commandCeiling"":115,""commandCeilingEnforced"":true,""rollingUpdates"":900,""referenceCommandCeiling"":115,""referenceExceededUpdates"":0,""budgetDenialUpdates"":767,""budgetDeniedUnitIdOccurrences"":5849,""budgetDeniedDebugCalls"":99,""maxRollingCommandCalls"":115,""maxPendingUnitIds"":24,""maxForwardedChunkSize"":16,""counters"":{""gameplayNonorderCalls"":157,""productionBatches"":129,""proposedCalls"":593,""proposedUnitIds"":1841,""forwardedOrderCalls"":541,""forwardedUnitIds"":1689,""sameUnitConflicts"":140,""duplicateSuppressions"":6,""invalidUnitIds"":5,""invalidTargets"":1,""invalidTiles"":0,""supersededPending"":140,""expiredPending"":0,""revokedPending"":0,""deferredUnitIds"":5849,""pendingUnitIds"":5849,""debugProposals"":296,""debugCoalesced"":0,""debugForwarded"":197,""debugDropped"":99},""telemetrySha256"":""efad8e86083747001927b0b197177621d793215d15846359ace79584e814301a""}"
"78","separated_lanes_unbounded_d1","24000","{""sha256"":""4287e5c8784fdd9e5dd1a8ab367c1f9766f613ffb329b0848a193612238dee81"",""bySideAndMethod"":{""baseline.orderUnits"":751,""baseline.placeBuilding"":14,""baseline.queueForProduction"":104,""baseline.setUnitDebugText"":129,""baseline.toggleRepairWrench"":23,""baseline.unqueueFromProduction"":31,""candidate.orderUnits"":2463,""candidate.pauseProduction"":17,""candidate.placeBuilding"":14,""candidate.queueForProduction"":139,""candidate.resumeProduction"":17,""candidate.setUnitDebugText"":337,""candidate.unqueueFromProduction"":12}}","{""kind"":""unified-intent-d1-telemetry-v1"",""complete"":true,""updates"":24000,""budgetMode"":""separated_lanes_unbounded_d1"",""commandCeiling"":null,""commandCeilingEnforced"":false,""rollingUpdates"":900,""referenceCommandCeiling"":115,""referenceExceededUpdates"":6604,""budgetDenialUpdates"":0,""budgetDeniedUnitIdOccurrences"":0,""budgetDeniedDebugCalls"":0,""maxRollingCommandCalls"":540,""maxPendingUnitIds"":0,""maxForwardedChunkSize"":20,""counters"":{""gameplayNonorderCalls"":199,""productionBatches"":177,""proposedCalls"":2469,""proposedUnitIds"":10967,""forwardedOrderCalls"":2463,""forwardedUnitIds"":10961,""sameUnitConflicts"":0,""duplicateSuppressions"":6,""invalidUnitIds"":0,""invalidTargets"":0,""invalidTiles"":0,""supersededPending"":0,""expiredPending"":0,""revokedPending"":0,""deferredUnitIds"":0,""pendingUnitIds"":0,""debugProposals"":337,""debugCoalesced"":0,""debugForwarded"":337,""debugDropped"":0},""telemetrySha256"":""2f0e6aae4d939ec973c0f86baf82319e8917845c436163e2a570276a8cb7a1a5""}"
"79","disabled","21190","{""sha256"":""63edc2b46c82f5eb6692f0a6173935e3cfa4b6e097903809adecd7cf2439bbf2"",""bySideAndMethod"":{""baseline.orderUnits"":430,""baseline.placeBuilding"":9,""baseline.queueForProduction"":91,""baseline.setUnitDebugText"":99,""baseline.toggleRepairWrench"":15,""baseline.unqueueFromProduction"":21,""candidate.orderUnits"":1349,""candidate.pauseProduction"":11,""candidate.placeBuilding"":13,""candidate.queueForProduction"":102,""candidate.resumeProduction"":11,""candidate.setUnitDebugText"":392,""candidate.unqueueFromProduction"":7}}",""
"79","separated_lanes_v2","24000","{""sha256"":""12f9c02c046394b29b94049fb8c03ff014e056662abe0fa40640b40a8f96f884"",""bySideAndMethod"":{""baseline.orderUnits"":936,""baseline.placeBuilding"":8,""baseline.queueForProduction"":84,""baseline.setUnitDebugText"":190,""baseline.unqueueFromProduction"":24,""candidate.orderUnits"":547,""candidate.pauseProduction"":8,""candidate.placeBuilding"":11,""candidate.queueForProduction"":82,""candidate.resumeProduction"":6,""candidate.setUnitDebugText"":174,""candidate.toggleRepairWrench"":13,""candidate.unqueueFromProduction"":10}}","{""kind"":""unified-intent-d1-telemetry-v1"",""complete"":true,""updates"":24000,""budgetMode"":""separated_lanes_v2"",""commandCeiling"":115,""commandCeilingEnforced"":true,""rollingUpdates"":900,""referenceCommandCeiling"":115,""referenceExceededUpdates"":0,""budgetDenialUpdates"":696,""budgetDeniedUnitIdOccurrences"":4088,""budgetDeniedDebugCalls"":94,""maxRollingCommandCalls"":115,""maxPendingUnitIds"":22,""maxForwardedChunkSize"":15,""counters"":{""gameplayNonorderCalls"":130,""productionBatches"":99,""proposedCalls"":591,""proposedUnitIds"":1742,""forwardedOrderCalls"":547,""forwardedUnitIds"":1624,""sameUnitConflicts"":104,""duplicateSuppressions"":7,""invalidUnitIds"":6,""invalidTargets"":1,""invalidTiles"":0,""supersededPending"":104,""expiredPending"":0,""revokedPending"":0,""deferredUnitIds"":4088,""pendingUnitIds"":4088,""debugProposals"":268,""debugCoalesced"":0,""debugForwarded"":174,""debugDropped"":94},""telemetrySha256"":""f96d5d7d69c7e5830dff150d6c8fcb7fb128fc90b82a5d555274834aa0a815fc""}"
"79","separated_lanes_unbounded_d1","21190","{""sha256"":""07dd92dc2090946d569e8109f6bec64927990bf17efe34f9a9a0a06e7d5b714a"",""bySideAndMethod"":{""baseline.orderUnits"":430,""baseline.placeBuilding"":9,""baseline.queueForProduction"":91,""baseline.setUnitDebugText"":99,""baseline.toggleRepairWrench"":15,""baseline.unqueueFromProduction"":21,""candidate.orderUnits"":1254,""candidate.pauseProduction"":11,""candidate.placeBuilding"":13,""candidate.queueForProduction"":102,""candidate.resumeProduction"":11,""candidate.setUnitDebugText"":392,""candidate.unqueueFromProduction"":7}}","{""kind"":""unified-intent-d1-telemetry-v1"",""complete"":true,""updates"":21190,""budgetMode"":""separated_lanes_unbounded_d1"",""commandCeiling"":null,""commandCeilingEnforced"":false,""rollingUpdates"":900,""referenceCommandCeiling"":115,""referenceExceededUpdates"":5619,""budgetDenialUpdates"":0,""budgetDeniedUnitIdOccurrences"":0,""budgetDeniedDebugCalls"":0,""maxRollingCommandCalls"":181,""maxPendingUnitIds"":0,""maxForwardedChunkSize"":28,""counters"":{""gameplayNonorderCalls"":144,""productionBatches"":129,""proposedCalls"":1349,""proposedUnitIds"":11347,""forwardedOrderCalls"":1254,""forwardedUnitIds"":10956,""sameUnitConflicts"":385,""duplicateSuppressions"":6,""invalidUnitIds"":0,""invalidTargets"":0,""invalidTiles"":0,""supersededPending"":0,""expiredPending"":0,""revokedPending"":0,""deferredUnitIds"":0,""pendingUnitIds"":0,""debugProposals"":392,""debugCoalesced"":0,""debugForwarded"":392,""debugDropped"":0},""telemetrySha256"":""22510ef62218c058ce6a925ca7a4b4e0f3065f49615e2b4c760846317d141f9c""}"
"80","disabled","24000","{""sha256"":""a2b9753bb9a4d3b23be43f8beadd041eb215956c1f4e3ec78a25124666cb0ce1"",""bySideAndMethod"":{""baseline.orderUnits"":833,""baseline.placeBuilding"":9,""baseline.queueForProduction"":69,""baseline.setUnitDebugText"":66,""baseline.unqueueFromProduction"":31,""candidate.orderUnits"":316,""candidate.pauseProduction"":19,""candidate.placeBuilding"":6,""candidate.queueForProduction"":43,""candidate.resumeProduction"":15,""candidate.setUnitDebugText"":103,""candidate.toggleRepairWrench"":8,""candidate.unqueueFromProduction"":10}}",""
"80","separated_lanes_v2","24000","{""sha256"":""956e84e7a73ed71c81bfa1bd7a0c247d623909e3f56a1c0681bb0e1f1f215dbf"",""bySideAndMethod"":{""baseline.orderUnits"":833,""baseline.placeBuilding"":9,""baseline.queueForProduction"":69,""baseline.setUnitDebugText"":66,""baseline.unqueueFromProduction"":31,""candidate.orderUnits"":288,""candidate.pauseProduction"":19,""candidate.placeBuilding"":6,""candidate.queueForProduction"":43,""candidate.resumeProduction"":15,""candidate.setUnitDebugText"":103,""candidate.toggleRepairWrench"":8,""candidate.unqueueFromProduction"":10}}","{""kind"":""unified-intent-d1-telemetry-v1"",""complete"":true,""updates"":24000,""budgetMode"":""separated_lanes_v2"",""commandCeiling"":115,""commandCeilingEnforced"":true,""rollingUpdates"":900,""referenceCommandCeiling"":115,""referenceExceededUpdates"":0,""budgetDenialUpdates"":0,""budgetDeniedUnitIdOccurrences"":0,""budgetDeniedDebugCalls"":0,""maxRollingCommandCalls"":91,""maxPendingUnitIds"":0,""maxForwardedChunkSize"":7,""counters"":{""gameplayNonorderCalls"":101,""productionBatches"":71,""proposedCalls"":313,""proposedUnitIds"":382,""forwardedOrderCalls"":288,""forwardedUnitIds"":378,""sameUnitConflicts"":0,""duplicateSuppressions"":4,""invalidUnitIds"":0,""invalidTargets"":0,""invalidTiles"":0,""supersededPending"":0,""expiredPending"":0,""revokedPending"":0,""deferredUnitIds"":0,""pendingUnitIds"":0,""debugProposals"":103,""debugCoalesced"":0,""debugForwarded"":103,""debugDropped"":0},""telemetrySha256"":""987afdb11fa1adbd513dae4f3aa3e2e0b69871b3c34afd5c9526fa7c47e0117d""}"
"80","separated_lanes_unbounded_d1","24000","{""sha256"":""956e84e7a73ed71c81bfa1bd7a0c247d623909e3f56a1c0681bb0e1f1f215dbf"",""bySideAndMethod"":{""baseline.orderUnits"":833,""baseline.placeBuilding"":9,""baseline.queueForProduction"":69,""baseline.setUnitDebugText"":66,""baseline.unqueueFromProduction"":31,""candidate.orderUnits"":288,""candidate.pauseProduction"":19,""candidate.placeBuilding"":6,""candidate.queueForProduction"":43,""candidate.resumeProduction"":15,""candidate.setUnitDebugText"":103,""candidate.toggleRepairWrench"":8,""candidate.unqueueFromProduction"":10}}","{""kind"":""unified-intent-d1-telemetry-v1"",""complete"":true,""updates"":24000,""budgetMode"":""separated_lanes_unbounded_d1"",""commandCeiling"":null,""commandCeilingEnforced"":false,""rollingUpdates"":900,""referenceCommandCeiling"":115,""referenceExceededUpdates"":0,""budgetDenialUpdates"":0,""budgetDeniedUnitIdOccurrences"":0,""budgetDeniedDebugCalls"":0,""maxRollingCommandCalls"":91,""maxPendingUnitIds"":0,""maxForwardedChunkSize"":7,""counters"":{""gameplayNonorderCalls"":101,""productionBatches"":71,""proposedCalls"":313,""proposedUnitIds"":382,""forwardedOrderCalls"":288,""forwardedUnitIds"":378,""sameUnitConflicts"":0,""duplicateSuppressions"":4,""invalidUnitIds"":0,""invalidTargets"":0,""invalidTiles"":0,""supersededPending"":0,""expiredPending"":0,""revokedPending"":0,""deferredUnitIds"":0,""pendingUnitIds"":0,""debugProposals"":103,""debugCoalesced"":0,""debugForwarded"":103,""debugDropped"":0},""telemetrySha256"":""3f112c1b6b1afc2d36c088f46e32e037377574984472894c8d0f5c783189da7a""}"
"81","disabled","7870","{""sha256"":""65bb9000f9abef638db57382b0ca500ebf225e116d24b862355d7ac6b7d2121f"",""bySideAndMethod"":{""baseline.orderUnits"":136,""baseline.placeBuilding"":7,""baseline.queueForProduction"":65,""baseline.setUnitDebugText"":73,""baseline.toggleRepairWrench"":14,""baseline.unqueueFromProduction"":27,""candidate.orderUnits"":430,""candidate.pauseProduction"":4,""candidate.placeBuilding"":6,""candidate.queueForProduction"":41,""candidate.resumeProduction"":3,""candidate.setUnitDebugText"":92,""candidate.unqueueFromProduction"":11}}",""
"81","separated_lanes_v2","6718","{""sha256"":""63ba9061dd7b76f58ed07987d83dc79b780fdb698fbded6cdd1b3354300cc073"",""bySideAndMethod"":{""baseline.orderUnits"":136,""baseline.placeBuilding"":5,""baseline.queueForProduction"":60,""baseline.setUnitDebugText"":67,""baseline.toggleRepairWrench"":12,""baseline.unqueueFromProduction"":27,""candidate.orderUnits"":382,""candidate.pauseProduction"":2,""candidate.placeBuilding"":6,""candidate.queueForProduction"":33,""candidate.resumeProduction"":2,""candidate.setUnitDebugText"":74,""candidate.unqueueFromProduction"":5}}","{""kind"":""unified-intent-d1-telemetry-v1"",""complete"":true,""updates"":6718,""budgetMode"":""separated_lanes_v2"",""commandCeiling"":115,""commandCeilingEnforced"":true,""rollingUpdates"":900,""referenceCommandCeiling"":115,""referenceExceededUpdates"":0,""budgetDenialUpdates"":0,""budgetDeniedUnitIdOccurrences"":0,""budgetDeniedDebugCalls"":0,""maxRollingCommandCalls"":107,""maxPendingUnitIds"":0,""maxForwardedChunkSize"":9,""counters"":{""gameplayNonorderCalls"":48,""productionBatches"":40,""proposedCalls"":390,""proposedUnitIds"":902,""forwardedOrderCalls"":382,""forwardedUnitIds"":891,""sameUnitConflicts"":0,""duplicateSuppressions"":11,""invalidUnitIds"":0,""invalidTargets"":0,""invalidTiles"":0,""supersededPending"":0,""expiredPending"":0,""revokedPending"":0,""deferredUnitIds"":0,""pendingUnitIds"":0,""debugProposals"":74,""debugCoalesced"":0,""debugForwarded"":74,""debugDropped"":0},""telemetrySha256"":""5f02722174b9c0caf5009e9c20ebc4410cfa76cb783c73587c221e5ee69bcc11""}"
"81","separated_lanes_unbounded_d1","6718","{""sha256"":""63ba9061dd7b76f58ed07987d83dc79b780fdb698fbded6cdd1b3354300cc073"",""bySideAndMethod"":{""baseline.orderUnits"":136,""baseline.placeBuilding"":5,""baseline.queueForProduction"":60,""baseline.setUnitDebugText"":67,""baseline.toggleRepairWrench"":12,""baseline.unqueueFromProduction"":27,""candidate.orderUnits"":382,""candidate.pauseProduction"":2,""candidate.placeBuilding"":6,""candidate.queueForProduction"":33,""candidate.resumeProduction"":2,""candidate.setUnitDebugText"":74,""candidate.unqueueFromProduction"":5}}","{""kind"":""unified-intent-d1-telemetry-v1"",""complete"":true,""updates"":6718,""budgetMode"":""separated_lanes_unbounded_d1"",""commandCeiling"":null,""commandCeilingEnforced"":false,""rollingUpdates"":900,""referenceCommandCeiling"":115,""referenceExceededUpdates"":0,""budgetDenialUpdates"":0,""budgetDeniedUnitIdOccurrences"":0,""budgetDeniedDebugCalls"":0,""maxRollingCommandCalls"":107,""maxPendingUnitIds"":0,""maxForwardedChunkSize"":9,""counters"":{""gameplayNonorderCalls"":48,""productionBatches"":40,""proposedCalls"":390,""proposedUnitIds"":902,""forwardedOrderCalls"":382,""forwardedUnitIds"":891,""sameUnitConflicts"":0,""duplicateSuppressions"":11,""invalidUnitIds"":0,""invalidTargets"":0,""invalidTiles"":0,""supersededPending"":0,""expiredPending"":0,""revokedPending"":0,""deferredUnitIds"":0,""pendingUnitIds"":0,""debugProposals"":74,""debugCoalesced"":0,""debugForwarded"":74,""debugDropped"":0},""telemetrySha256"":""1fe98050357e787ba8bae140ce10e1d7d20983f65f3280946ffeb74692226490""}"
"82","disabled","24000","{""sha256"":""f3a445c83f78a2492339c6eda3988930f2e69cec65009f0d71e2e768951c36c4"",""bySideAndMethod"":{""baseline.orderUnits"":807,""baseline.placeBuilding"":9,""baseline.queueForProduction"":128,""baseline.setUnitDebugText"":174,""baseline.toggleRepairWrench"":8,""baseline.unqueueFromProduction"":53,""candidate.orderUnits"":388,""candidate.pauseProduction"":16,""candidate.placeBuilding"":8,""candidate.queueForProduction"":96,""candidate.resumeProduction"":13,""candidate.setUnitDebugText"":149,""candidate.toggleRepairWrench"":9,""candidate.unqueueFromProduction"":37}}",""
"82","separated_lanes_v2","24000","{""sha256"":""a79c8b40350ddb3c67647fe62bb7aa2855edcb85c83852eba8c6ef5140608097"",""bySideAndMethod"":{""baseline.orderUnits"":807,""baseline.placeBuilding"":9,""baseline.queueForProduction"":128,""baseline.setUnitDebugText"":174,""baseline.toggleRepairWrench"":8,""baseline.unqueueFromProduction"":53,""candidate.orderUnits"":384,""candidate.pauseProduction"":16,""candidate.placeBuilding"":8,""candidate.queueForProduction"":96,""candidate.resumeProduction"":13,""candidate.setUnitDebugText"":140,""candidate.toggleRepairWrench"":9,""candidate.unqueueFromProduction"":37}}","{""kind"":""unified-intent-d1-telemetry-v1"",""complete"":true,""updates"":24000,""budgetMode"":""separated_lanes_v2"",""commandCeiling"":115,""commandCeilingEnforced"":true,""rollingUpdates"":900,""referenceCommandCeiling"":115,""referenceExceededUpdates"":0,""budgetDenialUpdates"":19,""budgetDeniedUnitIdOccurrences"":12,""budgetDeniedDebugCalls"":9,""maxRollingCommandCalls"":115,""maxPendingUnitIds"":1,""maxForwardedChunkSize"":16,""counters"":{""gameplayNonorderCalls"":179,""productionBatches"":153,""proposedCalls"":388,""proposedUnitIds"":1707,""forwardedOrderCalls"":384,""forwardedUnitIds"":1703,""sameUnitConflicts"":0,""duplicateSuppressions"":4,""invalidUnitIds"":0,""invalidTargets"":0,""invalidTiles"":0,""supersededPending"":0,""expiredPending"":0,""revokedPending"":0,""deferredUnitIds"":12,""pendingUnitIds"":12,""debugProposals"":149,""debugCoalesced"":0,""debugForwarded"":140,""debugDropped"":9},""telemetrySha256"":""e2edba67a9bcabf7dc88bd812cab123724af9cd9841c8875777aa88025acccf3""}"
"82","separated_lanes_unbounded_d1","24000","{""sha256"":""26f11b91ea075bd2c514b3626af8c25125e94641fab79c17b6bde6ddcb85b746"",""bySideAndMethod"":{""baseline.orderUnits"":807,""baseline.placeBuilding"":9,""baseline.queueForProduction"":128,""baseline.setUnitDebugText"":174,""baseline.toggleRepairWrench"":8,""baseline.unqueueFromProduction"":53,""candidate.orderUnits"":385,""candidate.pauseProduction"":16,""candidate.placeBuilding"":8,""candidate.queueForProduction"":96,""candidate.resumeProduction"":13,""candidate.setUnitDebugText"":149,""candidate.toggleRepairWrench"":9,""candidate.unqueueFromProduction"":37}}","{""kind"":""unified-intent-d1-telemetry-v1"",""complete"":true,""updates"":24000,""budgetMode"":""separated_lanes_unbounded_d1"",""commandCeiling"":null,""commandCeilingEnforced"":false,""rollingUpdates"":900,""referenceCommandCeiling"":115,""referenceExceededUpdates"":684,""budgetDenialUpdates"":0,""budgetDeniedUnitIdOccurrences"":0,""budgetDeniedDebugCalls"":0,""maxRollingCommandCalls"":125,""maxPendingUnitIds"":0,""maxForwardedChunkSize"":16,""counters"":{""gameplayNonorderCalls"":179,""productionBatches"":153,""proposedCalls"":388,""proposedUnitIds"":1707,""forwardedOrderCalls"":385,""forwardedUnitIds"":1704,""sameUnitConflicts"":0,""duplicateSuppressions"":3,""invalidUnitIds"":0,""invalidTargets"":0,""invalidTiles"":0,""supersededPending"":0,""expiredPending"":0,""revokedPending"":0,""deferredUnitIds"":0,""pendingUnitIds"":0,""debugProposals"":149,""debugCoalesced"":0,""debugForwarded"":149,""debugDropped"":0},""telemetrySha256"":""2aa10ebb0fb3473458d4c5a76e24cd8c276ec142f7fd82b13c63fcb7bb352728""}"
"83","disabled","24000","{""sha256"":""7da117929c727813c7189db93a9e12bfc0e52c6edbd12cc53d899ffd0a7a5a33"",""bySideAndMethod"":{""baseline.orderUnits"":643,""baseline.placeBuilding"":9,""baseline.queueForProduction"":107,""baseline.setUnitDebugText"":168,""baseline.toggleRepairWrench"":20,""baseline.unqueueFromProduction"":40,""candidate.orderUnits"":925,""candidate.pauseProduction"":19,""candidate.placeBuilding"":7,""candidate.queueForProduction"":95,""candidate.resumeProduction"":17,""candidate.setUnitDebugText"":209,""candidate.unqueueFromProduction"":26}}",""
"83","separated_lanes_v2","24000","{""sha256"":""33faccc3371f228c950125b2da67ba93d471c65d42d5cb52cab253672b92564b"",""bySideAndMethod"":{""baseline.orderUnits"":679,""baseline.placeBuilding"":9,""baseline.queueForProduction"":107,""baseline.setUnitDebugText"":172,""baseline.toggleRepairWrench"":21,""baseline.unqueueFromProduction"":40,""candidate.orderUnits"":1441,""candidate.pauseProduction"":19,""candidate.placeBuilding"":7,""candidate.queueForProduction"":95,""candidate.resumeProduction"":17,""candidate.setUnitDebugText"":170,""candidate.unqueueFromProduction"":26}}","{""kind"":""unified-intent-d1-telemetry-v1"",""complete"":true,""updates"":24000,""budgetMode"":""separated_lanes_v2"",""commandCeiling"":115,""commandCeilingEnforced"":true,""rollingUpdates"":900,""referenceCommandCeiling"":115,""referenceExceededUpdates"":0,""budgetDenialUpdates"":428,""budgetDeniedUnitIdOccurrences"":2982,""budgetDeniedDebugCalls"":39,""maxRollingCommandCalls"":115,""maxPendingUnitIds"":13,""maxForwardedChunkSize"":16,""counters"":{""gameplayNonorderCalls"":164,""productionBatches"":148,""proposedCalls"":1717,""proposedUnitIds"":11324,""forwardedOrderCalls"":1441,""forwardedUnitIds"":8818,""sameUnitConflicts"":76,""duplicateSuppressions"":5,""invalidUnitIds"":0,""invalidTargets"":0,""invalidTiles"":0,""supersededPending"":30,""expiredPending"":0,""revokedPending"":2412,""deferredUnitIds"":2982,""pendingUnitIds"":2982,""debugProposals"":209,""debugCoalesced"":0,""debugForwarded"":170,""debugDropped"":39},""telemetrySha256"":""6db3a55e0904c4e5cd545929d9138548b4f45686de54370bf1d21345387f2e6e""}"
"83","separated_lanes_unbounded_d1","24000","{""sha256"":""4137dd24330ec19a5e7e0411eb70a86fabababa4075c76b5844b3a1cd46b64d8"",""bySideAndMethod"":{""baseline.orderUnits"":667,""baseline.placeBuilding"":9,""baseline.queueForProduction"":107,""baseline.setUnitDebugText"":168,""baseline.toggleRepairWrench"":20,""baseline.unqueueFromProduction"":40,""candidate.orderUnits"":1705,""candidate.pauseProduction"":19,""candidate.placeBuilding"":7,""candidate.queueForProduction"":95,""candidate.resumeProduction"":17,""candidate.setUnitDebugText"":209,""candidate.unqueueFromProduction"":26}}","{""kind"":""unified-intent-d1-telemetry-v1"",""complete"":true,""updates"":24000,""budgetMode"":""separated_lanes_unbounded_d1"",""commandCeiling"":null,""commandCeilingEnforced"":false,""rollingUpdates"":900,""referenceCommandCeiling"":115,""referenceExceededUpdates"":5404,""budgetDenialUpdates"":0,""budgetDeniedUnitIdOccurrences"":0,""budgetDeniedDebugCalls"":0,""maxRollingCommandCalls"":232,""maxPendingUnitIds"":0,""maxForwardedChunkSize"":16,""counters"":{""gameplayNonorderCalls"":164,""productionBatches"":148,""proposedCalls"":1824,""proposedUnitIds"":9136,""forwardedOrderCalls"":1705,""forwardedUnitIds"":8832,""sameUnitConflicts"":301,""duplicateSuppressions"":3,""invalidUnitIds"":0,""invalidTargets"":0,""invalidTiles"":0,""supersededPending"":0,""expiredPending"":0,""revokedPending"":0,""deferredUnitIds"":0,""pendingUnitIds"":0,""debugProposals"":209,""debugCoalesced"":0,""debugForwarded"":209,""debugDropped"":0},""telemetrySha256"":""2b5893e5035b00c9181b858c0f390b4f807bd3be2d631d3cb2d8512a18be9818""}"
"84","disabled","21315","{""sha256"":""3339d4f01dce1d3b8ee4d57f4bdf44736d776b7f42ae4edaf2bb8e0f8343075a"",""bySideAndMethod"":{""baseline.orderUnits"":748,""baseline.placeBuilding"":5,""baseline.queueForProduction"":45,""baseline.setUnitDebugText"":74,""baseline.toggleRepairWrench"":5,""baseline.unqueueFromProduction"":5,""candidate.activateSuperWeapon"":1,""candidate.orderUnits"":1413,""candidate.pauseProduction"":36,""candidate.placeBuilding"":11,""candidate.queueForProduction"":104,""candidate.resumeProduction"":33,""candidate.setUnitDebugText"":309,""candidate.toggleRepairWrench"":6,""candidate.unqueueFromProduction"":43}}",""
"84","separated_lanes_v2","24000","{""sha256"":""3ad036996a83e00f9137917a4f6ccf4200aae3b8a47338f502ae8d7623beff9e"",""bySideAndMethod"":{""baseline.orderUnits"":845,""baseline.placeBuilding"":6,""baseline.queueForProduction"":51,""baseline.setUnitDebugText"":88,""baseline.toggleRepairWrench"":11,""baseline.unqueueFromProduction"":4,""candidate.activateSuperWeapon"":2,""candidate.orderUnits"":1402,""candidate.pauseProduction"":41,""candidate.placeBuilding"":13,""candidate.queueForProduction"":112,""candidate.resumeProduction"":38,""candidate.setUnitDebugText"":239,""candidate.toggleRepairWrench"":6,""candidate.unqueueFromProduction"":42}}","{""kind"":""unified-intent-d1-telemetry-v1"",""complete"":true,""updates"":24000,""budgetMode"":""separated_lanes_v2"",""commandCeiling"":115,""commandCeilingEnforced"":true,""rollingUpdates"":900,""referenceCommandCeiling"":115,""referenceExceededUpdates"":0,""budgetDenialUpdates"":1691,""budgetDeniedUnitIdOccurrences"":19664,""budgetDeniedDebugCalls"":527,""maxRollingCommandCalls"":115,""maxPendingUnitIds"":23,""maxForwardedChunkSize"":18,""counters"":{""gameplayNonorderCalls"":254,""productionBatches"":197,""proposedCalls"":2262,""proposedUnitIds"":10363,""forwardedOrderCalls"":1402,""forwardedUnitIds"":5324,""sameUnitConflicts"":1475,""duplicateSuppressions"":19,""invalidUnitIds"":5,""invalidTargets"":0,""invalidTiles"":0,""supersededPending"":1004,""expiredPending"":0,""revokedPending"":3523,""deferredUnitIds"":19664,""pendingUnitIds"":19664,""debugProposals"":766,""debugCoalesced"":0,""debugForwarded"":239,""debugDropped"":527},""telemetrySha256"":""01d2e217d726d20e61916b3c4046aa64e877192447d3cc1ac95d7e1f68c85c50""}"
"84","separated_lanes_unbounded_d1","24000","{""sha256"":""ee718e2f155ec0723bd31f7d31e899235d7766792ae23d77a4b1d0cd8473184b"",""bySideAndMethod"":{""baseline.orderUnits"":823,""baseline.placeBuilding"":6,""baseline.queueForProduction"":49,""baseline.setUnitDebugText"":82,""baseline.toggleRepairWrench"":8,""baseline.unqueueFromProduction"":4,""candidate.activateSuperWeapon"":2,""candidate.orderUnits"":1686,""candidate.pauseProduction"":42,""candidate.placeBuilding"":13,""candidate.queueForProduction"":108,""candidate.resumeProduction"":39,""candidate.setUnitDebugText"":830,""candidate.toggleRepairWrench"":6,""candidate.unqueueFromProduction"":42}}","{""kind"":""unified-intent-d1-telemetry-v1"",""complete"":true,""updates"":24000,""budgetMode"":""separated_lanes_unbounded_d1"",""commandCeiling"":null,""commandCeilingEnforced"":false,""rollingUpdates"":900,""referenceCommandCeiling"":115,""referenceExceededUpdates"":2702,""budgetDenialUpdates"":0,""budgetDeniedUnitIdOccurrences"":0,""budgetDeniedDebugCalls"":0,""maxRollingCommandCalls"":864,""maxPendingUnitIds"":0,""maxForwardedChunkSize"":18,""counters"":{""gameplayNonorderCalls"":252,""productionBatches"":194,""proposedCalls"":1774,""proposedUnitIds"":7689,""forwardedOrderCalls"":1686,""forwardedUnitIds"":7305,""sameUnitConflicts"":366,""duplicateSuppressions"":18,""invalidUnitIds"":0,""invalidTargets"":0,""invalidTiles"":0,""supersededPending"":0,""expiredPending"":0,""revokedPending"":0,""deferredUnitIds"":0,""pendingUnitIds"":0,""debugProposals"":830,""debugCoalesced"":0,""debugForwarded"":830,""debugDropped"":0},""telemetrySha256"":""3e0e9d909f8621efb687441dcaee405a048408c2a42b52e98d733138bc0b2ec2""}"
"85","disabled","9232","{""sha256"":""2eb705660761792c4d53160b82120c5951ba9ac115c16ef9b72a16d5893fe8d1"",""bySideAndMethod"":{""baseline.orderUnits"":198,""baseline.placeBuilding"":4,""baseline.queueForProduction"":43,""baseline.quitGame"":21,""baseline.setUnitDebugText"":37,""baseline.toggleRepairWrench"":4,""baseline.unqueueFromProduction"":14,""candidate.orderUnits"":663,""candidate.pauseProduction"":8,""candidate.placeBuilding"":6,""candidate.queueForProduction"":56,""candidate.resumeProduction"":7,""candidate.setUnitDebugText"":309,""candidate.toggleRepairWrench"":1,""candidate.unqueueFromProduction"":9}}",""
"85","separated_lanes_v2","20756","{""sha256"":""ba501e8326e654489899ad6b6be73b21899e932608e170dc304a1b922b42d5dd"",""bySideAndMethod"":{""baseline.orderUnits"":983,""baseline.placeBuilding"":8,""baseline.queueForProduction"":58,""baseline.setUnitDebugText"":65,""baseline.toggleRepairWrench"":9,""baseline.unqueueFromProduction"":19,""candidate.activateSuperWeapon"":3,""candidate.orderUnits"":1102,""candidate.pauseProduction"":16,""candidate.placeBuilding"":12,""candidate.queueForProduction"":67,""candidate.resumeProduction"":14,""candidate.setUnitDebugText"":317,""candidate.toggleRepairWrench"":1,""candidate.unqueueFromProduction"":9}}","{""kind"":""unified-intent-d1-telemetry-v1"",""complete"":true,""updates"":20756,""budgetMode"":""separated_lanes_v2"",""commandCeiling"":115,""commandCeilingEnforced"":true,""rollingUpdates"":900,""referenceCommandCeiling"":115,""referenceExceededUpdates"":0,""budgetDenialUpdates"":850,""budgetDeniedUnitIdOccurrences"":12088,""budgetDeniedDebugCalls"":141,""maxRollingCommandCalls"":115,""maxPendingUnitIds"":26,""maxForwardedChunkSize"":21,""counters"":{""gameplayNonorderCalls"":122,""productionBatches"":100,""proposedCalls"":1847,""proposedUnitIds"":11038,""forwardedOrderCalls"":1102,""forwardedUnitIds"":5204,""sameUnitConflicts"":791,""duplicateSuppressions"":24,""invalidUnitIds"":1,""invalidTargets"":0,""invalidTiles"":0,""supersededPending"":566,""expiredPending"":0,""revokedPending"":5018,""deferredUnitIds"":12088,""pendingUnitIds"":12088,""debugProposals"":458,""debugCoalesced"":0,""debugForwarded"":317,""debugDropped"":141},""telemetrySha256"":""15739c80c0411aabd46836cea635229822f63a3731b1148d13b9549e6efe622b""}"
"85","separated_lanes_unbounded_d1","9808","{""sha256"":""797abb1abd4261a15da51c6b57231d439ceafcfb2f92206da07436b513744749"",""bySideAndMethod"":{""baseline.orderUnits"":243,""baseline.placeBuilding"":6,""baseline.queueForProduction"":55,""baseline.setUnitDebugText"":44,""baseline.toggleRepairWrench"":6,""baseline.unqueueFromProduction"":18,""candidate.orderUnits"":707,""candidate.pauseProduction"":9,""candidate.placeBuilding"":6,""candidate.queueForProduction"":55,""candidate.resumeProduction"":8,""candidate.setUnitDebugText"":317,""candidate.unqueueFromProduction"":8}}","{""kind"":""unified-intent-d1-telemetry-v1"",""complete"":true,""updates"":9808,""budgetMode"":""separated_lanes_unbounded_d1"",""commandCeiling"":null,""commandCeilingEnforced"":false,""rollingUpdates"":900,""referenceCommandCeiling"":115,""referenceExceededUpdates"":2940,""budgetDenialUpdates"":0,""budgetDeniedUnitIdOccurrences"":0,""budgetDeniedDebugCalls"":0,""maxRollingCommandCalls"":180,""maxPendingUnitIds"":0,""maxForwardedChunkSize"":21,""counters"":{""gameplayNonorderCalls"":86,""productionBatches"":73,""proposedCalls"":718,""proposedUnitIds"":2156,""forwardedOrderCalls"":707,""forwardedUnitIds"":2140,""sameUnitConflicts"":0,""duplicateSuppressions"":16,""invalidUnitIds"":0,""invalidTargets"":0,""invalidTiles"":0,""supersededPending"":0,""expiredPending"":0,""revokedPending"":0,""deferredUnitIds"":0,""pendingUnitIds"":0,""debugProposals"":317,""debugCoalesced"":0,""debugForwarded"":317,""debugDropped"":0},""telemetrySha256"":""ada3a1a0e20b69909d39660650f26f24717af1b64b4b6a24971105135a9a3be3""}"
"86","disabled","12002","{""sha256"":""e61acc6f0757cf1296af9ead023afb04914cfb8e10b7dbfdbb757e69e4bb22ea"",""bySideAndMethod"":{""baseline.orderUnits"":512,""baseline.placeBuilding"":5,""baseline.queueForProduction"":50,""baseline.setUnitDebugText"":78,""baseline.toggleRepairWrench"":2,""baseline.unqueueFromProduction"":6,""candidate.orderUnits"":662,""candidate.pauseProduction"":19,""candidate.placeBuilding"":7,""candidate.queueForProduction"":92,""candidate.resumeProduction"":17,""candidate.setUnitDebugText"":329,""candidate.toggleRepairWrench"":1,""candidate.unqueueFromProduction"":21}}",""
"86","separated_lanes_v2","24000","{""sha256"":""516f3690725f87fd744721cb6f22f24b3753f77beccf6d36d1601c96f1f1c030"",""bySideAndMethod"":{""baseline.orderUnits"":741,""baseline.placeBuilding"":7,""baseline.queueForProduction"":47,""baseline.setUnitDebugText"":72,""baseline.toggleRepairWrench"":7,""baseline.unqueueFromProduction"":6,""candidate.orderUnits"":1282,""candidate.pauseProduction"":25,""candidate.placeBuilding"":10,""candidate.queueForProduction"":147,""candidate.resumeProduction"":25,""candidate.setUnitDebugText"":322,""candidate.toggleRepairWrench"":1,""candidate.unqueueFromProduction"":23}}","{""kind"":""unified-intent-d1-telemetry-v1"",""complete"":true,""updates"":24000,""budgetMode"":""separated_lanes_v2"",""commandCeiling"":115,""commandCeilingEnforced"":true,""rollingUpdates"":900,""referenceCommandCeiling"":115,""referenceExceededUpdates"":0,""budgetDenialUpdates"":2587,""budgetDeniedUnitIdOccurrences"":33329,""budgetDeniedDebugCalls"":200,""maxRollingCommandCalls"":115,""maxPendingUnitIds"":22,""maxForwardedChunkSize"":22,""counters"":{""gameplayNonorderCalls"":231,""productionBatches"":197,""proposedCalls"":1680,""proposedUnitIds"":10748,""forwardedOrderCalls"":1282,""forwardedUnitIds"":7204,""sameUnitConflicts"":3520,""duplicateSuppressions"":15,""invalidUnitIds"":6,""invalidTargets"":1,""invalidTiles"":0,""supersededPending"":3162,""expiredPending"":0,""revokedPending"":0,""deferredUnitIds"":33329,""pendingUnitIds"":33329,""debugProposals"":522,""debugCoalesced"":0,""debugForwarded"":322,""debugDropped"":200},""telemetrySha256"":""bd19cc5c4985cd20ee83d499d536d30b37b817392802a65e15ef131358265ab6""}"
"86","separated_lanes_unbounded_d1","12002","{""sha256"":""2ddc37ca1e4df8881e217836dc8ed1a793b1f89bdbceed80c3d7ebcb1a776995"",""bySideAndMethod"":{""baseline.orderUnits"":512,""baseline.placeBuilding"":5,""baseline.queueForProduction"":50,""baseline.setUnitDebugText"":78,""baseline.toggleRepairWrench"":2,""baseline.unqueueFromProduction"":6,""candidate.orderUnits"":659,""candidate.pauseProduction"":19,""candidate.placeBuilding"":7,""candidate.queueForProduction"":92,""candidate.resumeProduction"":17,""candidate.setUnitDebugText"":329,""candidate.toggleRepairWrench"":1,""candidate.unqueueFromProduction"":21}}","{""kind"":""unified-intent-d1-telemetry-v1"",""complete"":true,""updates"":12002,""budgetMode"":""separated_lanes_unbounded_d1"",""commandCeiling"":null,""commandCeilingEnforced"":false,""rollingUpdates"":900,""referenceCommandCeiling"":115,""referenceExceededUpdates"":2460,""budgetDenialUpdates"":0,""budgetDeniedUnitIdOccurrences"":0,""budgetDeniedDebugCalls"":0,""maxRollingCommandCalls"":155,""maxPendingUnitIds"":0,""maxForwardedChunkSize"":17,""counters"":{""gameplayNonorderCalls"":157,""productionBatches"":127,""proposedCalls"":662,""proposedUnitIds"":1636,""forwardedOrderCalls"":659,""forwardedUnitIds"":1633,""sameUnitConflicts"":0,""duplicateSuppressions"":3,""invalidUnitIds"":0,""invalidTargets"":0,""invalidTiles"":0,""supersededPending"":0,""expiredPending"":0,""revokedPending"":0,""deferredUnitIds"":0,""pendingUnitIds"":0,""debugProposals"":329,""debugCoalesced"":0,""debugForwarded"":329,""debugDropped"":0},""telemetrySha256"":""df86e08ba87dc26b073df8651c1b2ce66f35abb159134cbc477ea00314b0661f""}"
"87","disabled","24000","{""sha256"":""0327ac9ed5de5e74ff3f2e728822579b5dbcf1e347ec65ebd992c032843a939e"",""bySideAndMethod"":{""baseline.orderUnits"":751,""baseline.placeBuilding"":7,""baseline.queueForProduction"":48,""baseline.setUnitDebugText"":77,""baseline.toggleRepairWrench"":10,""baseline.unqueueFromProduction"":6,""candidate.orderUnits"":1453,""candidate.pauseProduction"":34,""candidate.placeBuilding"":10,""candidate.queueForProduction"":158,""candidate.resumeProduction"":32,""candidate.setUnitDebugText"":597,""candidate.toggleRepairWrench"":1,""candidate.unqueueFromProduction"":37}}",""
"87","separated_lanes_v2","20525","{""sha256"":""967a46bd93d667344efc77daaceb8abe2965fbff600009d49e786b4d2217c8f6"",""bySideAndMethod"":{""baseline.orderUnits"":645,""baseline.placeBuilding"":8,""baseline.queueForProduction"":49,""baseline.setUnitDebugText"":74,""baseline.toggleRepairWrench"":4,""baseline.unqueueFromProduction"":8,""candidate.orderUnits"":1048,""candidate.pauseProduction"":14,""candidate.placeBuilding"":10,""candidate.queueForProduction"":107,""candidate.resumeProduction"":14,""candidate.setUnitDebugText"":443,""candidate.toggleRepairWrench"":1,""candidate.unqueueFromProduction"":18}}","{""kind"":""unified-intent-d1-telemetry-v1"",""complete"":true,""updates"":20525,""budgetMode"":""separated_lanes_v2"",""commandCeiling"":115,""commandCeilingEnforced"":true,""rollingUpdates"":900,""referenceCommandCeiling"":115,""referenceExceededUpdates"":0,""budgetDenialUpdates"":1233,""budgetDeniedUnitIdOccurrences"":15560,""budgetDeniedDebugCalls"":186,""maxRollingCommandCalls"":115,""maxPendingUnitIds"":25,""maxForwardedChunkSize"":23,""counters"":{""gameplayNonorderCalls"":164,""productionBatches"":139,""proposedCalls"":1439,""proposedUnitIds"":8435,""forwardedOrderCalls"":1048,""forwardedUnitIds"":5188,""sameUnitConflicts"":816,""duplicateSuppressions"":12,""invalidUnitIds"":1,""invalidTargets"":1,""invalidTiles"":0,""supersededPending"":791,""expiredPending"":18,""revokedPending"":2399,""deferredUnitIds"":15560,""pendingUnitIds"":15560,""debugProposals"":629,""debugCoalesced"":0,""debugForwarded"":443,""debugDropped"":186},""telemetrySha256"":""87bba60d343f4c7c89860d79264279f7f15d4aa417fb533d1a4f330b1c7df87b""}"
"87","separated_lanes_unbounded_d1","24000","{""sha256"":""4f168ba8a36d35d5b18fb8007ab29f07f2d0b3a20fd50f132bbe7b068518ee93"",""bySideAndMethod"":{""baseline.orderUnits"":751,""baseline.placeBuilding"":7,""baseline.queueForProduction"":48,""baseline.setUnitDebugText"":77,""baseline.toggleRepairWrench"":10,""baseline.unqueueFromProduction"":6,""candidate.orderUnits"":1447,""candidate.pauseProduction"":34,""candidate.placeBuilding"":10,""candidate.queueForProduction"":158,""candidate.resumeProduction"":32,""candidate.setUnitDebugText"":597,""candidate.toggleRepairWrench"":1,""candidate.unqueueFromProduction"":37}}","{""kind"":""unified-intent-d1-telemetry-v1"",""complete"":true,""updates"":24000,""budgetMode"":""separated_lanes_unbounded_d1"",""commandCeiling"":null,""commandCeilingEnforced"":false,""rollingUpdates"":900,""referenceCommandCeiling"":115,""referenceExceededUpdates"":4126,""budgetDenialUpdates"":0,""budgetDeniedUnitIdOccurrences"":0,""budgetDeniedDebugCalls"":0,""maxRollingCommandCalls"":425,""maxPendingUnitIds"":0,""maxForwardedChunkSize"":24,""counters"":{""gameplayNonorderCalls"":272,""productionBatches"":232,""proposedCalls"":1453,""proposedUnitIds"":9695,""forwardedOrderCalls"":1447,""forwardedUnitIds"":9689,""sameUnitConflicts"":0,""duplicateSuppressions"":6,""invalidUnitIds"":0,""invalidTargets"":0,""invalidTiles"":0,""supersededPending"":0,""expiredPending"":0,""revokedPending"":0,""deferredUnitIds"":0,""pendingUnitIds"":0,""debugProposals"":597,""debugCoalesced"":0,""debugForwarded"":597,""debugDropped"":0},""telemetrySha256"":""39c5f2e47c179e63c234e1d9f0733a1248bc4e03b8b69163a134049877acca02""}"
"88","disabled","7960","{""sha256"":""f549afb0fdd208a7f5a61d0b4782dcca5b329521de4da5b4b86b513211db8e9c"",""bySideAndMethod"":{""baseline.orderUnits"":465,""baseline.placeBuilding"":4,""baseline.queueForProduction"":36,""baseline.setUnitDebugText"":47,""baseline.toggleRepairWrench"":4,""baseline.unqueueFromProduction"":3,""candidate.orderUnits"":372,""candidate.pauseProduction"":25,""candidate.placeBuilding"":5,""candidate.queueForProduction"":46,""candidate.resumeProduction"":23,""candidate.setUnitDebugText"":54,""candidate.toggleRepairWrench"":12,""candidate.unqueueFromProduction"":12}}",""
"88","separated_lanes_v2","7619","{""sha256"":""82d0f518c84f27124ee4d9e168a58f113142a412857badee07c4dc20048d1357"",""bySideAndMethod"":{""baseline.orderUnits"":419,""baseline.placeBuilding"":4,""baseline.queueForProduction"":35,""baseline.setUnitDebugText"":48,""baseline.toggleRepairWrench"":1,""baseline.unqueueFromProduction"":3,""candidate.orderUnits"":354,""candidate.pauseProduction"":18,""candidate.placeBuilding"":6,""candidate.queueForProduction"":41,""candidate.resumeProduction"":16,""candidate.setUnitDebugText"":50,""candidate.toggleRepairWrench"":12,""candidate.unqueueFromProduction"":12}}","{""kind"":""unified-intent-d1-telemetry-v1"",""complete"":true,""updates"":7619,""budgetMode"":""separated_lanes_v2"",""commandCeiling"":115,""commandCeilingEnforced"":true,""rollingUpdates"":900,""referenceCommandCeiling"":115,""referenceExceededUpdates"":0,""budgetDenialUpdates"":50,""budgetDeniedUnitIdOccurrences"":48,""budgetDeniedDebugCalls"":2,""maxRollingCommandCalls"":115,""maxPendingUnitIds"":1,""maxForwardedChunkSize"":2,""counters"":{""gameplayNonorderCalls"":105,""productionBatches"":73,""proposedCalls"":357,""proposedUnitIds"":366,""forwardedOrderCalls"":354,""forwardedUnitIds"":362,""sameUnitConflicts"":0,""duplicateSuppressions"":4,""invalidUnitIds"":0,""invalidTargets"":0,""invalidTiles"":0,""supersededPending"":0,""expiredPending"":0,""revokedPending"":0,""deferredUnitIds"":48,""pendingUnitIds"":48,""debugProposals"":52,""debugCoalesced"":0,""debugForwarded"":50,""debugDropped"":2},""telemetrySha256"":""eb3168fc57bc6506b6258138725e8ec535e44e20ed4031c3b9719f2d9b827e06""}"
"88","separated_lanes_unbounded_d1","7226","{""sha256"":""49e31e6146395dab9d6b49894c039bbf28a63e5f2e86b6edbbd6494a364d4975"",""bySideAndMethod"":{""baseline.orderUnits"":452,""baseline.placeBuilding"":4,""baseline.queueForProduction"":37,""baseline.setUnitDebugText"":53,""baseline.toggleRepairWrench"":5,""baseline.unqueueFromProduction"":3,""candidate.orderUnits"":375,""candidate.pauseProduction"":24,""candidate.placeBuilding"":5,""candidate.queueForProduction"":45,""candidate.resumeProduction"":21,""candidate.setUnitDebugText"":51,""candidate.toggleRepairWrench"":14,""candidate.unqueueFromProduction"":12}}","{""kind"":""unified-intent-d1-telemetry-v1"",""complete"":true,""updates"":7226,""budgetMode"":""separated_lanes_unbounded_d1"",""commandCeiling"":null,""commandCeilingEnforced"":false,""rollingUpdates"":900,""referenceCommandCeiling"":115,""referenceExceededUpdates"":372,""budgetDenialUpdates"":0,""budgetDeniedUnitIdOccurrences"":0,""budgetDeniedDebugCalls"":0,""maxRollingCommandCalls"":121,""maxPendingUnitIds"":0,""maxForwardedChunkSize"":2,""counters"":{""gameplayNonorderCalls"":121,""productionBatches"":78,""proposedCalls"":381,""proposedUnitIds"":400,""forwardedOrderCalls"":375,""forwardedUnitIds"":399,""sameUnitConflicts"":0,""duplicateSuppressions"":1,""invalidUnitIds"":0,""invalidTargets"":0,""invalidTiles"":0,""supersededPending"":0,""expiredPending"":0,""revokedPending"":0,""deferredUnitIds"":0,""pendingUnitIds"":0,""debugProposals"":51,""debugCoalesced"":0,""debugForwarded"":51,""debugDropped"":0},""telemetrySha256"":""9e9cf0f2ff7a267643c31005da56ee93a76ed137b586400265d200bab1883879""}"
"89","disabled","6064","{""sha256"":""9a522b713bf7f560104a3e9b4453868bd1ae72badd6f0bdf2f7794efd32c8eda"",""bySideAndMethod"":{""baseline.orderUnits"":382,""baseline.placeBuilding"":4,""baseline.queueForProduction"":34,""baseline.setUnitDebugText"":46,""baseline.toggleRepairWrench"":1,""baseline.unqueueFromProduction"":3,""candidate.orderUnits"":345,""candidate.pauseProduction"":14,""candidate.placeBuilding"":5,""candidate.queueForProduction"":44,""candidate.resumeProduction"":12,""candidate.setUnitDebugText"":56,""candidate.toggleRepairWrench"":7,""candidate.unqueueFromProduction"":12}}",""
"89","separated_lanes_v2","5872","{""sha256"":""40e75634b62bed5e89dbde6ca5582b2da9c4dfd18d5e6f29c12721f3ecd4be5e"",""bySideAndMethod"":{""baseline.orderUnits"":381,""baseline.placeBuilding"":4,""baseline.queueForProduction"":33,""baseline.setUnitDebugText"":45,""baseline.toggleRepairWrench"":1,""baseline.unqueueFromProduction"":3,""candidate.orderUnits"":323,""candidate.pauseProduction"":14,""candidate.placeBuilding"":5,""candidate.queueForProduction"":44,""candidate.resumeProduction"":12,""candidate.setUnitDebugText"":48,""candidate.toggleRepairWrench"":5,""candidate.unqueueFromProduction"":13}}","{""kind"":""unified-intent-d1-telemetry-v1"",""complete"":true,""updates"":5872,""budgetMode"":""separated_lanes_v2"",""commandCeiling"":115,""commandCeilingEnforced"":true,""rollingUpdates"":900,""referenceCommandCeiling"":115,""referenceExceededUpdates"":0,""budgetDenialUpdates"":48,""budgetDeniedUnitIdOccurrences"":72,""budgetDeniedDebugCalls"":0,""maxRollingCommandCalls"":115,""maxPendingUnitIds"":2,""maxForwardedChunkSize"":2,""counters"":{""gameplayNonorderCalls"":93,""productionBatches"":68,""proposedCalls"":325,""proposedUnitIds"":332,""forwardedOrderCalls"":323,""forwardedUnitIds"":329,""sameUnitConflicts"":0,""duplicateSuppressions"":3,""invalidUnitIds"":0,""invalidTargets"":0,""invalidTiles"":0,""supersededPending"":0,""expiredPending"":0,""revokedPending"":0,""deferredUnitIds"":72,""pendingUnitIds"":72,""debugProposals"":48,""debugCoalesced"":0,""debugForwarded"":48,""debugDropped"":0},""telemetrySha256"":""3fe28ac4f655ce1058d221428061ad20985c116a486a0c2b264dc403aadca1a3""}"
"89","separated_lanes_unbounded_d1","5926","{""sha256"":""8436a9ab022fea4ff0f17e1e0342bc1f3977633e00472339aed9ea2334a41a8e"",""bySideAndMethod"":{""baseline.orderUnits"":387,""baseline.placeBuilding"":4,""baseline.queueForProduction"":33,""baseline.setUnitDebugText"":45,""baseline.toggleRepairWrench"":1,""baseline.unqueueFromProduction"":3,""candidate.orderUnits"":323,""candidate.pauseProduction"":12,""candidate.placeBuilding"":5,""candidate.queueForProduction"":42,""candidate.resumeProduction"":11,""candidate.setUnitDebugText"":47,""candidate.toggleRepairWrench"":9,""candidate.unqueueFromProduction"":12}}","{""kind"":""unified-intent-d1-telemetry-v1"",""complete"":true,""updates"":5926,""budgetMode"":""separated_lanes_unbounded_d1"",""commandCeiling"":null,""commandCeilingEnforced"":false,""rollingUpdates"":900,""referenceCommandCeiling"":115,""referenceExceededUpdates"":132,""budgetDenialUpdates"":0,""budgetDeniedUnitIdOccurrences"":0,""budgetDeniedDebugCalls"":0,""maxRollingCommandCalls"":118,""maxPendingUnitIds"":0,""maxForwardedChunkSize"":2,""counters"":{""gameplayNonorderCalls"":91,""productionBatches"":62,""proposedCalls"":325,""proposedUnitIds"":332,""forwardedOrderCalls"":323,""forwardedUnitIds"":331,""sameUnitConflicts"":0,""duplicateSuppressions"":1,""invalidUnitIds"":0,""invalidTargets"":0,""invalidTiles"":0,""supersededPending"":0,""expiredPending"":0,""revokedPending"":0,""deferredUnitIds"":0,""pendingUnitIds"":0,""debugProposals"":47,""debugCoalesced"":0,""debugForwarded"":47,""debugDropped"":0},""telemetrySha256"":""a039b2c5b8dbaf324274db0cbb17eae38adc450365b9a884f8e2666d5725b107""}"
"90","disabled","7076","{""sha256"":""31a59491901594f59c8769b893e7d4fa1ee4763c83a7b45efe5a6246616c5a6b"",""bySideAndMethod"":{""baseline.orderUnits"":308,""baseline.placeBuilding"":5,""baseline.queueForProduction"":49,""baseline.setUnitDebugText"":40,""baseline.unqueueFromProduction"":5,""candidate.orderUnits"":353,""candidate.pauseProduction"":16,""candidate.placeBuilding"":6,""candidate.queueForProduction"":63,""candidate.resumeProduction"":13,""candidate.setUnitDebugText"":91,""candidate.toggleRepairWrench"":12,""candidate.unqueueFromProduction"":16}}",""
"90","separated_lanes_v2","9032","{""sha256"":""093b722da307d6765723b5fdbc53e990841290271c01e9162b0ce6ef6d843876"",""bySideAndMethod"":{""baseline.orderUnits"":358,""baseline.placeBuilding"":5,""baseline.queueForProduction"":52,""baseline.setUnitDebugText"":56,""baseline.toggleRepairWrench"":1,""baseline.unqueueFromProduction"":6,""candidate.orderUnits"":324,""candidate.pauseProduction"":11,""candidate.placeBuilding"":6,""candidate.queueForProduction"":64,""candidate.quitGame"":23,""candidate.resumeProduction"":10,""candidate.setUnitDebugText"":115,""candidate.toggleRepairWrench"":13,""candidate.unqueueFromProduction"":12}}","{""kind"":""unified-intent-d1-telemetry-v1"",""complete"":true,""updates"":9032,""budgetMode"":""separated_lanes_v2"",""commandCeiling"":115,""commandCeilingEnforced"":true,""rollingUpdates"":900,""referenceCommandCeiling"":115,""referenceExceededUpdates"":0,""budgetDenialUpdates"":111,""budgetDeniedUnitIdOccurrences"":192,""budgetDeniedDebugCalls"":4,""maxRollingCommandCalls"":115,""maxPendingUnitIds"":3,""maxForwardedChunkSize"":6,""counters"":{""gameplayNonorderCalls"":139,""productionBatches"":92,""proposedCalls"":335,""proposedUnitIds"":412,""forwardedOrderCalls"":324,""forwardedUnitIds"":401,""sameUnitConflicts"":2,""duplicateSuppressions"":9,""invalidUnitIds"":0,""invalidTargets"":0,""invalidTiles"":0,""supersededPending"":2,""expiredPending"":0,""revokedPending"":0,""deferredUnitIds"":192,""pendingUnitIds"":192,""debugProposals"":119,""debugCoalesced"":0,""debugForwarded"":115,""debugDropped"":4},""telemetrySha256"":""aebb46dd3077574c2eaa41986361fc75c2ddbdf0df5a253a1c297a255a0726d0""}"
"90","separated_lanes_unbounded_d1","7076","{""sha256"":""8a3b17cc581e8da6a93936254a1753accbc9126c49916b43efcb35d8d69f0d50"",""bySideAndMethod"":{""baseline.orderUnits"":308,""baseline.placeBuilding"":5,""baseline.queueForProduction"":49,""baseline.setUnitDebugText"":40,""baseline.unqueueFromProduction"":5,""candidate.orderUnits"":353,""candidate.pauseProduction"":16,""candidate.placeBuilding"":6,""candidate.queueForProduction"":63,""candidate.resumeProduction"":13,""candidate.setUnitDebugText"":91,""candidate.toggleRepairWrench"":12,""candidate.unqueueFromProduction"":16}}","{""kind"":""unified-intent-d1-telemetry-v1"",""complete"":true,""updates"":7076,""budgetMode"":""separated_lanes_unbounded_d1"",""commandCeiling"":null,""commandCeilingEnforced"":false,""rollingUpdates"":900,""referenceCommandCeiling"":115,""referenceExceededUpdates"":792,""budgetDenialUpdates"":0,""budgetDeniedUnitIdOccurrences"":0,""budgetDeniedDebugCalls"":0,""maxRollingCommandCalls"":128,""maxPendingUnitIds"":0,""maxForwardedChunkSize"":5,""counters"":{""gameplayNonorderCalls"":126,""productionBatches"":90,""proposedCalls"":353,""proposedUnitIds"":404,""forwardedOrderCalls"":353,""forwardedUnitIds"":404,""sameUnitConflicts"":0,""duplicateSuppressions"":0,""invalidUnitIds"":0,""invalidTargets"":0,""invalidTiles"":0,""supersededPending"":0,""expiredPending"":0,""revokedPending"":0,""deferredUnitIds"":0,""pendingUnitIds"":0,""debugProposals"":91,""debugCoalesced"":0,""debugForwarded"":91,""debugDropped"":0},""telemetrySha256"":""47c3109807c6442b8ff347d0220f2f4f162a73be37f37216670b9b3763c6acf8""}"
"91","disabled","7197","{""sha256"":""69ae42161505e66024fedd6165fade119255283e5f95e3960a73012abdecbc91"",""bySideAndMethod"":{""baseline.orderUnits"":313,""baseline.placeBuilding"":5,""baseline.queueForProduction"":49,""baseline.setUnitDebugText"":40,""baseline.unqueueFromProduction"":5,""candidate.orderUnits"":350,""candidate.pauseProduction"":16,""candidate.placeBuilding"":6,""candidate.queueForProduction"":63,""candidate.resumeProduction"":13,""candidate.setUnitDebugText"":96,""candidate.toggleRepairWrench"":10,""candidate.unqueueFromProduction"":16}}",""
"91","separated_lanes_v2","8776","{""sha256"":""e5953a631e580cfd37af9a7e0c9fa199d029408c2d48b1c3a4299b14f1a5bc13"",""bySideAndMethod"":{""baseline.orderUnits"":365,""baseline.placeBuilding"":5,""baseline.queueForProduction"":54,""baseline.setUnitDebugText"":53,""baseline.toggleRepairWrench"":2,""baseline.unqueueFromProduction"":9,""candidate.orderUnits"":312,""candidate.pauseProduction"":7,""candidate.placeBuilding"":6,""candidate.queueForProduction"":64,""candidate.quitGame"":20,""candidate.resumeProduction"":6,""candidate.setUnitDebugText"":99,""candidate.toggleRepairWrench"":8,""candidate.unqueueFromProduction"":12}}","{""kind"":""unified-intent-d1-telemetry-v1"",""complete"":true,""updates"":8776,""budgetMode"":""separated_lanes_v2"",""commandCeiling"":115,""commandCeilingEnforced"":true,""rollingUpdates"":900,""referenceCommandCeiling"":115,""referenceExceededUpdates"":0,""budgetDenialUpdates"":111,""budgetDeniedUnitIdOccurrences"":192,""budgetDeniedDebugCalls"":4,""maxRollingCommandCalls"":115,""maxPendingUnitIds"":3,""maxForwardedChunkSize"":7,""counters"":{""gameplayNonorderCalls"":123,""productionBatches"":85,""proposedCalls"":323,""proposedUnitIds"":393,""forwardedOrderCalls"":312,""forwardedUnitIds"":382,""sameUnitConflicts"":2,""duplicateSuppressions"":9,""invalidUnitIds"":0,""invalidTargets"":0,""invalidTiles"":0,""supersededPending"":2,""expiredPending"":0,""revokedPending"":0,""deferredUnitIds"":192,""pendingUnitIds"":192,""debugProposals"":103,""debugCoalesced"":0,""debugForwarded"":99,""debugDropped"":4},""telemetrySha256"":""9094d0168101f794db43f7f88d50e64edcb062a4301b41b72ac8d168f1722d3e""}"
"91","separated_lanes_unbounded_d1","7197","{""sha256"":""86a4252a473bc34ae8fc7fa6d2e6d5fd2c82d3c0859e32abb8a7f8cbeb6fae79"",""bySideAndMethod"":{""baseline.orderUnits"":313,""baseline.placeBuilding"":5,""baseline.queueForProduction"":49,""baseline.setUnitDebugText"":40,""baseline.unqueueFromProduction"":5,""candidate.orderUnits"":350,""candidate.pauseProduction"":16,""candidate.placeBuilding"":6,""candidate.queueForProduction"":63,""candidate.resumeProduction"":13,""candidate.setUnitDebugText"":96,""candidate.toggleRepairWrench"":10,""candidate.unqueueFromProduction"":16}}","{""kind"":""unified-intent-d1-telemetry-v1"",""complete"":true,""updates"":7197,""budgetMode"":""separated_lanes_unbounded_d1"",""commandCeiling"":null,""commandCeilingEnforced"":false,""rollingUpdates"":900,""referenceCommandCeiling"":115,""referenceExceededUpdates"":792,""budgetDenialUpdates"":0,""budgetDeniedUnitIdOccurrences"":0,""budgetDeniedDebugCalls"":0,""maxRollingCommandCalls"":128,""maxPendingUnitIds"":0,""maxForwardedChunkSize"":5,""counters"":{""gameplayNonorderCalls"":124,""productionBatches"":90,""proposedCalls"":350,""proposedUnitIds"":401,""forwardedOrderCalls"":350,""forwardedUnitIds"":401,""sameUnitConflicts"":0,""duplicateSuppressions"":0,""invalidUnitIds"":0,""invalidTargets"":0,""invalidTiles"":0,""supersededPending"":0,""expiredPending"":0,""revokedPending"":0,""deferredUnitIds"":0,""pendingUnitIds"":0,""debugProposals"":96,""debugCoalesced"":0,""debugForwarded"":96,""debugDropped"":0},""telemetrySha256"":""e4f5abc12316d96ace90cd68600a32c987d791c49167dd1968720b9beaeb381c""}"
"92","disabled","9922","{""sha256"":""ed218979c5d17a6fd2beaee07a4250a0f7d6ec4ffcfe51a730a21b2395c16617"",""bySideAndMethod"":{""baseline.orderUnits"":593,""baseline.placeBuilding"":4,""baseline.queueForProduction"":51,""baseline.setUnitDebugText"":92,""baseline.toggleRepairWrench"":1,""baseline.unqueueFromProduction"":16,""candidate.orderUnits"":343,""candidate.pauseProduction"":4,""candidate.placeBuilding"":7,""candidate.queueForProduction"":35,""candidate.quitGame"":253,""candidate.resumeProduction"":2,""candidate.setUnitDebugText"":66,""candidate.toggleRepairWrench"":11,""candidate.unqueueFromProduction"":4}}",""
"92","separated_lanes_v2","5938","{""sha256"":""56ad42761ce3edbb64dbb1c33bebd6100bee3f5eda6e9be8fc7d68a72bef3d4f"",""bySideAndMethod"":{""baseline.orderUnits"":309,""baseline.placeBuilding"":4,""baseline.queueForProduction"":41,""baseline.setUnitDebugText"":34,""baseline.unqueueFromProduction"":10,""candidate.orderUnits"":360,""candidate.pauseProduction"":4,""candidate.placeBuilding"":6,""candidate.queueForProduction"":31,""candidate.resumeProduction"":3,""candidate.setUnitDebugText"":52,""candidate.toggleRepairWrench"":12,""candidate.unqueueFromProduction"":3}}","{""kind"":""unified-intent-d1-telemetry-v1"",""complete"":true,""updates"":5938,""budgetMode"":""separated_lanes_v2"",""commandCeiling"":115,""commandCeilingEnforced"":true,""rollingUpdates"":900,""referenceCommandCeiling"":115,""referenceExceededUpdates"":0,""budgetDenialUpdates"":412,""budgetDeniedUnitIdOccurrences"":1497,""budgetDeniedDebugCalls"":11,""maxRollingCommandCalls"":115,""maxPendingUnitIds"":10,""maxForwardedChunkSize"":9,""counters"":{""gameplayNonorderCalls"":59,""productionBatches"":40,""proposedCalls"":380,""proposedUnitIds"":517,""forwardedOrderCalls"":360,""forwardedUnitIds"":495,""sameUnitConflicts"":17,""duplicateSuppressions"":4,""invalidUnitIds"":1,""invalidTargets"":0,""invalidTiles"":0,""supersededPending"":17,""expiredPending"":0,""revokedPending"":0,""deferredUnitIds"":1497,""pendingUnitIds"":1497,""debugProposals"":63,""debugCoalesced"":0,""debugForwarded"":52,""debugDropped"":11},""telemetrySha256"":""84ab023c1a58f0068c71324e3e998d94bd2710aeacd1d52812f8e06afb3024f6""}"
"92","separated_lanes_unbounded_d1","9922","{""sha256"":""231acef035f3d5de87c348c578e04b9cd4bfdb9363eb46bc1b65d5b75479549d"",""bySideAndMethod"":{""baseline.orderUnits"":593,""baseline.placeBuilding"":4,""baseline.queueForProduction"":51,""baseline.setUnitDebugText"":92,""baseline.toggleRepairWrench"":1,""baseline.unqueueFromProduction"":16,""candidate.orderUnits"":343,""candidate.pauseProduction"":4,""candidate.placeBuilding"":7,""candidate.queueForProduction"":35,""candidate.quitGame"":253,""candidate.resumeProduction"":2,""candidate.setUnitDebugText"":66,""candidate.toggleRepairWrench"":11,""candidate.unqueueFromProduction"":4}}","{""kind"":""unified-intent-d1-telemetry-v1"",""complete"":true,""updates"":9922,""budgetMode"":""separated_lanes_unbounded_d1"",""commandCeiling"":null,""commandCeilingEnforced"":false,""rollingUpdates"":900,""referenceCommandCeiling"":115,""referenceExceededUpdates"":1176,""budgetDenialUpdates"":0,""budgetDeniedUnitIdOccurrences"":0,""budgetDeniedDebugCalls"":0,""maxRollingCommandCalls"":149,""maxPendingUnitIds"":0,""maxForwardedChunkSize"":8,""counters"":{""gameplayNonorderCalls"":316,""productionBatches"":41,""proposedCalls"":343,""proposedUnitIds"":466,""forwardedOrderCalls"":343,""forwardedUnitIds"":466,""sameUnitConflicts"":0,""duplicateSuppressions"":0,""invalidUnitIds"":0,""invalidTargets"":0,""invalidTiles"":0,""supersededPending"":0,""expiredPending"":0,""revokedPending"":0,""deferredUnitIds"":0,""pendingUnitIds"":0,""debugProposals"":66,""debugCoalesced"":0,""debugForwarded"":66,""debugDropped"":0},""telemetrySha256"":""f07a2e38609e5a81e7ad6c6141d0407eb5072bcbb5a6c46f278ac33d2f3d2ba8""}"
"93","disabled","5662","{""sha256"":""9174c20991c28794cdc8b899c0157334a549c768d13c9798d5d089c3af8c54dc"",""bySideAndMethod"":{""baseline.orderUnits"":302,""baseline.placeBuilding"":4,""baseline.queueForProduction"":44,""baseline.setUnitDebugText"":44,""baseline.toggleRepairWrench"":1,""baseline.unqueueFromProduction"":17,""candidate.orderUnits"":347,""candidate.pauseProduction"":3,""candidate.placeBuilding"":6,""candidate.queueForProduction"":30,""candidate.resumeProduction"":2,""candidate.setUnitDebugText"":63,""candidate.toggleRepairWrench"":10,""candidate.unqueueFromProduction"":3}}",""
"93","separated_lanes_v2","6790","{""sha256"":""862fcf3fc19c96a8af1bb2e59f9c5333220527118a06588e585bdd1474c7d8eb"",""bySideAndMethod"":{""baseline.orderUnits"":370,""baseline.placeBuilding"":4,""baseline.queueForProduction"":44,""baseline.setUnitDebugText"":72,""baseline.toggleRepairWrench"":1,""baseline.unqueueFromProduction"":14,""candidate.orderUnits"":374,""candidate.pauseProduction"":8,""candidate.placeBuilding"":6,""candidate.queueForProduction"":33,""candidate.resumeProduction"":4,""candidate.setUnitDebugText"":52,""candidate.toggleRepairWrench"":9,""candidate.unqueueFromProduction"":4}}","{""kind"":""unified-intent-d1-telemetry-v1"",""complete"":true,""updates"":6790,""budgetMode"":""separated_lanes_v2"",""commandCeiling"":115,""commandCeilingEnforced"":true,""rollingUpdates"":900,""referenceCommandCeiling"":115,""referenceExceededUpdates"":0,""budgetDenialUpdates"":350,""budgetDeniedUnitIdOccurrences"":1317,""budgetDeniedDebugCalls"":14,""maxRollingCommandCalls"":115,""maxPendingUnitIds"":10,""maxForwardedChunkSize"":9,""counters"":{""gameplayNonorderCalls"":64,""productionBatches"":45,""proposedCalls"":394,""proposedUnitIds"":543,""forwardedOrderCalls"":374,""forwardedUnitIds"":519,""sameUnitConflicts"":20,""duplicateSuppressions"":3,""invalidUnitIds"":1,""invalidTargets"":0,""invalidTiles"":0,""supersededPending"":20,""expiredPending"":0,""revokedPending"":0,""deferredUnitIds"":1317,""pendingUnitIds"":1317,""debugProposals"":66,""debugCoalesced"":0,""debugForwarded"":52,""debugDropped"":14},""telemetrySha256"":""701d03161cb4dc3557ba0e55e4427218f699eaad9089387554739ea4d637acd2""}"
"93","separated_lanes_unbounded_d1","5662","{""sha256"":""9ff4bf410feb72c4876803dbe88e009754350201697a1b17a7a23a83d870a0e8"",""bySideAndMethod"":{""baseline.orderUnits"":302,""baseline.placeBuilding"":4,""baseline.queueForProduction"":44,""baseline.setUnitDebugText"":44,""baseline.toggleRepairWrench"":1,""baseline.unqueueFromProduction"":17,""candidate.orderUnits"":347,""candidate.pauseProduction"":3,""candidate.placeBuilding"":6,""candidate.queueForProduction"":30,""candidate.resumeProduction"":2,""candidate.setUnitDebugText"":63,""candidate.toggleRepairWrench"":10,""candidate.unqueueFromProduction"":3}}","{""kind"":""unified-intent-d1-telemetry-v1"",""complete"":true,""updates"":5662,""budgetMode"":""separated_lanes_unbounded_d1"",""commandCeiling"":null,""commandCeilingEnforced"":false,""rollingUpdates"":900,""referenceCommandCeiling"":115,""referenceExceededUpdates"":1176,""budgetDenialUpdates"":0,""budgetDeniedUnitIdOccurrences"":0,""budgetDeniedDebugCalls"":0,""maxRollingCommandCalls"":149,""maxPendingUnitIds"":0,""maxForwardedChunkSize"":8,""counters"":{""gameplayNonorderCalls"":54,""productionBatches"":37,""proposedCalls"":347,""proposedUnitIds"":473,""forwardedOrderCalls"":347,""forwardedUnitIds"":473,""sameUnitConflicts"":0,""duplicateSuppressions"":0,""invalidUnitIds"":0,""invalidTargets"":0,""invalidTiles"":0,""supersededPending"":0,""expiredPending"":0,""revokedPending"":0,""deferredUnitIds"":0,""pendingUnitIds"":0,""debugProposals"":63,""debugCoalesced"":0,""debugForwarded"":63,""debugDropped"":0},""telemetrySha256"":""d7275de525e4ac2ebae2172c9f84f40bea274c046e4d68d182a481b1eacc293e""}"
"94","disabled","9637","{""sha256"":""7d1e6b0418b4cf7fe79d98ca5f8dc8369bd40c763ed25aed1da65272a6fd7011"",""bySideAndMethod"":{""baseline.orderUnits"":310,""baseline.placeBuilding"":7,""baseline.queueForProduction"":63,""baseline.setUnitDebugText"":62,""baseline.toggleRepairWrench"":14,""baseline.unqueueFromProduction"":11,""candidate.orderUnits"":435,""candidate.pauseProduction"":6,""candidate.placeBuilding"":5,""candidate.queueForProduction"":47,""candidate.resumeProduction"":5,""candidate.setUnitDebugText"":119,""candidate.toggleRepairWrench"":3,""candidate.unqueueFromProduction"":3}}",""
"94","separated_lanes_v2","8351","{""sha256"":""2195e697584a334b4988b7aac8c3dd0672539c77498891e35642a69d38690700"",""bySideAndMethod"":{""baseline.orderUnits"":292,""baseline.placeBuilding"":6,""baseline.queueForProduction"":65,""baseline.setUnitDebugText"":58,""baseline.toggleRepairWrench"":14,""baseline.unqueueFromProduction"":14,""candidate.orderUnits"":407,""candidate.pauseProduction"":3,""candidate.placeBuilding"":5,""candidate.queueForProduction"":56,""candidate.resumeProduction"":2,""candidate.setUnitDebugText"":120,""candidate.toggleRepairWrench"":2,""candidate.unqueueFromProduction"":3}}","{""kind"":""unified-intent-d1-telemetry-v1"",""complete"":true,""updates"":8351,""budgetMode"":""separated_lanes_v2"",""commandCeiling"":115,""commandCeilingEnforced"":true,""rollingUpdates"":900,""referenceCommandCeiling"":115,""referenceExceededUpdates"":0,""budgetDenialUpdates"":236,""budgetDeniedUnitIdOccurrences"":804,""budgetDeniedDebugCalls"":24,""maxRollingCommandCalls"":115,""maxPendingUnitIds"":11,""maxForwardedChunkSize"":20,""counters"":{""gameplayNonorderCalls"":71,""productionBatches"":60,""proposedCalls"":454,""proposedUnitIds"":1762,""forwardedOrderCalls"":407,""forwardedUnitIds"":1740,""sameUnitConflicts"":11,""duplicateSuppressions"":11,""invalidUnitIds"":0,""invalidTargets"":0,""invalidTiles"":0,""supersededPending"":11,""expiredPending"":0,""revokedPending"":0,""deferredUnitIds"":804,""pendingUnitIds"":804,""debugProposals"":144,""debugCoalesced"":0,""debugForwarded"":120,""debugDropped"":24},""telemetrySha256"":""48f4237d5997d413ae99c97d1a5a0084d59ec028f9948300d9ace47ebc21cc63""}"
"94","separated_lanes_unbounded_d1","9637","{""sha256"":""181e12269bcba3953f0a087b68233da50f6b12bc7d7840cdd1c76a525caed006"",""bySideAndMethod"":{""baseline.orderUnits"":310,""baseline.placeBuilding"":7,""baseline.queueForProduction"":63,""baseline.setUnitDebugText"":62,""baseline.toggleRepairWrench"":14,""baseline.unqueueFromProduction"":11,""candidate.orderUnits"":399,""candidate.pauseProduction"":6,""candidate.placeBuilding"":5,""candidate.queueForProduction"":47,""candidate.resumeProduction"":5,""candidate.setUnitDebugText"":119,""candidate.toggleRepairWrench"":3,""candidate.unqueueFromProduction"":3}}","{""kind"":""unified-intent-d1-telemetry-v1"",""complete"":true,""updates"":9637,""budgetMode"":""separated_lanes_unbounded_d1"",""commandCeiling"":null,""commandCeilingEnforced"":false,""rollingUpdates"":900,""referenceCommandCeiling"":115,""referenceExceededUpdates"":1308,""budgetDenialUpdates"":0,""budgetDeniedUnitIdOccurrences"":0,""budgetDeniedDebugCalls"":0,""maxRollingCommandCalls"":144,""maxPendingUnitIds"":0,""maxForwardedChunkSize"":24,""counters"":{""gameplayNonorderCalls"":69,""productionBatches"":58,""proposedCalls"":435,""proposedUnitIds"":1788,""forwardedOrderCalls"":399,""forwardedUnitIds"":1788,""sameUnitConflicts"":0,""duplicateSuppressions"":0,""invalidUnitIds"":0,""invalidTargets"":0,""invalidTiles"":0,""supersededPending"":0,""expiredPending"":0,""revokedPending"":0,""deferredUnitIds"":0,""pendingUnitIds"":0,""debugProposals"":119,""debugCoalesced"":0,""debugForwarded"":119,""debugDropped"":0},""telemetrySha256"":""cde770b8c26a6e3c256af8b55ee63061db86b99de04d00b28145d25b812944a9""}"
"95","disabled","24000","{""sha256"":""48ebb269dda3853d526a824d2f5b49f401a6657d319e8fb198612bac03fc591a"",""bySideAndMethod"":{""baseline.orderUnits"":562,""baseline.placeBuilding"":7,""baseline.queueForProduction"":56,""baseline.setUnitDebugText"":176,""baseline.toggleRepairWrench"":4,""baseline.unqueueFromProduction"":11,""candidate.orderUnits"":395,""candidate.pauseProduction"":15,""candidate.placeBuilding"":5,""candidate.queueForProduction"":48,""candidate.resumeProduction"":13,""candidate.setUnitDebugText"":114,""candidate.toggleRepairWrench"":3,""candidate.unqueueFromProduction"":3}}",""
"95","separated_lanes_v2","7652","{""sha256"":""dac94c6c19a20cf6a557bbf04646ea88400b25c3341438d38211ef886f724cb3"",""bySideAndMethod"":{""baseline.orderUnits"":250,""baseline.placeBuilding"":8,""baseline.queueForProduction"":63,""baseline.setUnitDebugText"":49,""baseline.toggleRepairWrench"":10,""baseline.unqueueFromProduction"":18,""candidate.orderUnits"":383,""candidate.pauseProduction"":3,""candidate.placeBuilding"":5,""candidate.queueForProduction"":56,""candidate.resumeProduction"":2,""candidate.setUnitDebugText"":120,""candidate.toggleRepairWrench"":2,""candidate.unqueueFromProduction"":3}}","{""kind"":""unified-intent-d1-telemetry-v1"",""complete"":true,""updates"":7652,""budgetMode"":""separated_lanes_v2"",""commandCeiling"":115,""commandCeilingEnforced"":true,""rollingUpdates"":900,""referenceCommandCeiling"":115,""referenceExceededUpdates"":0,""budgetDenialUpdates"":236,""budgetDeniedUnitIdOccurrences"":804,""budgetDeniedDebugCalls"":24,""maxRollingCommandCalls"":115,""maxPendingUnitIds"":11,""maxForwardedChunkSize"":20,""counters"":{""gameplayNonorderCalls"":71,""productionBatches"":60,""proposedCalls"":430,""proposedUnitIds"":1554,""forwardedOrderCalls"":383,""forwardedUnitIds"":1532,""sameUnitConflicts"":11,""duplicateSuppressions"":11,""invalidUnitIds"":0,""invalidTargets"":0,""invalidTiles"":0,""supersededPending"":11,""expiredPending"":0,""revokedPending"":0,""deferredUnitIds"":804,""pendingUnitIds"":804,""debugProposals"":144,""debugCoalesced"":0,""debugForwarded"":120,""debugDropped"":24},""telemetrySha256"":""728f95650031b4d48070e44657bbdb4ed47caa9e5baa300d17969c31e7dd844b""}"
"95","separated_lanes_unbounded_d1","24000","{""sha256"":""52f3b9bce77b55426403075804826550ae6b9ec975b88451e08bf258d563380b"",""bySideAndMethod"":{""baseline.orderUnits"":562,""baseline.placeBuilding"":7,""baseline.queueForProduction"":56,""baseline.setUnitDebugText"":176,""baseline.toggleRepairWrench"":4,""baseline.unqueueFromProduction"":11,""candidate.orderUnits"":359,""candidate.pauseProduction"":15,""candidate.placeBuilding"":5,""candidate.queueForProduction"":48,""candidate.resumeProduction"":13,""candidate.setUnitDebugText"":114,""candidate.toggleRepairWrench"":3,""candidate.unqueueFromProduction"":3}}","{""kind"":""unified-intent-d1-telemetry-v1"",""complete"":true,""updates"":24000,""budgetMode"":""separated_lanes_unbounded_d1"",""commandCeiling"":null,""commandCeilingEnforced"":false,""rollingUpdates"":900,""referenceCommandCeiling"":115,""referenceExceededUpdates"":1308,""budgetDenialUpdates"":0,""budgetDeniedUnitIdOccurrences"":0,""budgetDeniedDebugCalls"":0,""maxRollingCommandCalls"":144,""maxPendingUnitIds"":0,""maxForwardedChunkSize"":25,""counters"":{""gameplayNonorderCalls"":87,""productionBatches"":76,""proposedCalls"":395,""proposedUnitIds"":1561,""forwardedOrderCalls"":359,""forwardedUnitIds"":1561,""sameUnitConflicts"":0,""duplicateSuppressions"":0,""invalidUnitIds"":0,""invalidTargets"":0,""invalidTiles"":0,""supersededPending"":0,""expiredPending"":0,""revokedPending"":0,""deferredUnitIds"":0,""pendingUnitIds"":0,""debugProposals"":114,""debugCoalesced"":0,""debugForwarded"":114,""debugDropped"":0},""telemetrySha256"":""34dd95255009afec9c9278d5d32a4c0ebf36dd4aeac28336c02f1d2c1d76eadb""}"
"96","disabled","17832","{""sha256"":""3ff9439372e4cefaaf2a395e8b39a19332a0ff8391befcbd2ff2ef72a15b7c02"",""bySideAndMethod"":{""baseline.orderUnits"":827,""baseline.placeBuilding"":8,""baseline.queueForProduction"":101,""baseline.setUnitDebugText"":177,""baseline.unqueueFromProduction"":34,""candidate.orderUnits"":719,""candidate.pauseProduction"":6,""candidate.placeBuilding"":11,""candidate.queueForProduction"":50,""candidate.quitGame"":1,""candidate.resumeProduction"":1,""candidate.setUnitDebugText"":52,""candidate.toggleRepairWrench"":92,""candidate.unqueueFromProduction"":7}}",""
"96","separated_lanes_v2","17832","{""sha256"":""6ac9212adac60c3bc8eba9fdb69f247176f8ece9c681fa3512c3a9e972253f53"",""bySideAndMethod"":{""baseline.orderUnits"":827,""baseline.placeBuilding"":8,""baseline.queueForProduction"":101,""baseline.setUnitDebugText"":177,""baseline.unqueueFromProduction"":34,""candidate.orderUnits"":651,""candidate.pauseProduction"":6,""candidate.placeBuilding"":11,""candidate.queueForProduction"":50,""candidate.quitGame"":1,""candidate.resumeProduction"":1,""candidate.setUnitDebugText"":52,""candidate.toggleRepairWrench"":92,""candidate.unqueueFromProduction"":7}}","{""kind"":""unified-intent-d1-telemetry-v1"",""complete"":true,""updates"":17832,""budgetMode"":""separated_lanes_v2"",""commandCeiling"":115,""commandCeilingEnforced"":true,""rollingUpdates"":900,""referenceCommandCeiling"":115,""referenceExceededUpdates"":0,""budgetDenialUpdates"":0,""budgetDeniedUnitIdOccurrences"":0,""budgetDeniedDebugCalls"":0,""maxRollingCommandCalls"":114,""maxPendingUnitIds"":0,""maxForwardedChunkSize"":3,""counters"":{""gameplayNonorderCalls"":168,""productionBatches"":58,""proposedCalls"":719,""proposedUnitIds"":767,""forwardedOrderCalls"":651,""forwardedUnitIds"":767,""sameUnitConflicts"":0,""duplicateSuppressions"":0,""invalidUnitIds"":0,""invalidTargets"":0,""invalidTiles"":0,""supersededPending"":0,""expiredPending"":0,""revokedPending"":0,""deferredUnitIds"":0,""pendingUnitIds"":0,""debugProposals"":52,""debugCoalesced"":0,""debugForwarded"":52,""debugDropped"":0},""telemetrySha256"":""07b0726bbf2103e5b766fd1d017158c3973864d7c1ff1dc6e89803af2d380574""}"
"96","separated_lanes_unbounded_d1","17832","{""sha256"":""6ac9212adac60c3bc8eba9fdb69f247176f8ece9c681fa3512c3a9e972253f53"",""bySideAndMethod"":{""baseline.orderUnits"":827,""baseline.placeBuilding"":8,""baseline.queueForProduction"":101,""baseline.setUnitDebugText"":177,""baseline.unqueueFromProduction"":34,""candidate.orderUnits"":651,""candidate.pauseProduction"":6,""candidate.placeBuilding"":11,""candidate.queueForProduction"":50,""candidate.quitGame"":1,""candidate.resumeProduction"":1,""candidate.setUnitDebugText"":52,""candidate.toggleRepairWrench"":92,""candidate.unqueueFromProduction"":7}}","{""kind"":""unified-intent-d1-telemetry-v1"",""complete"":true,""updates"":17832,""budgetMode"":""separated_lanes_unbounded_d1"",""commandCeiling"":null,""commandCeilingEnforced"":false,""rollingUpdates"":900,""referenceCommandCeiling"":115,""referenceExceededUpdates"":0,""budgetDenialUpdates"":0,""budgetDeniedUnitIdOccurrences"":0,""budgetDeniedDebugCalls"":0,""maxRollingCommandCalls"":114,""maxPendingUnitIds"":0,""maxForwardedChunkSize"":3,""counters"":{""gameplayNonorderCalls"":168,""productionBatches"":58,""proposedCalls"":719,""proposedUnitIds"":767,""forwardedOrderCalls"":651,""forwardedUnitIds"":767,""sameUnitConflicts"":0,""duplicateSuppressions"":0,""invalidUnitIds"":0,""invalidTargets"":0,""invalidTiles"":0,""supersededPending"":0,""expiredPending"":0,""revokedPending"":0,""deferredUnitIds"":0,""pendingUnitIds"":0,""debugProposals"":52,""debugCoalesced"":0,""debugForwarded"":52,""debugDropped"":0},""telemetrySha256"":""fc0335adb59feeb86eb72b8eb5bc40f1c1e7d46c6a74ee8015989e06d4f80b8c""}"
"97","disabled","24000","{""sha256"":""b58fa0bba3cb70581cee270ec5e3d3fe7ec7b8384782e231669c78c3fc7ea68e"",""bySideAndMethod"":{""baseline.orderUnits"":917,""baseline.placeBuilding"":16,""baseline.queueForProduction"":100,""baseline.setUnitDebugText"":82,""baseline.toggleRepairWrench"":31,""baseline.unqueueFromProduction"":28,""candidate.orderUnits"":1912,""candidate.pauseProduction"":12,""candidate.placeBuilding"":13,""candidate.queueForProduction"":99,""candidate.resumeProduction"":9,""candidate.setUnitDebugText"":220,""candidate.toggleRepairWrench"":4,""candidate.unqueueFromProduction"":14}}",""
"97","separated_lanes_v2","24000","{""sha256"":""f045c1235f34232ca58b78c0b7e1f749fdd4219f2ed4b02b6c40316b7b266df5"",""bySideAndMethod"":{""baseline.orderUnits"":941,""baseline.placeBuilding"":14,""baseline.queueForProduction"":98,""baseline.setUnitDebugText"":102,""baseline.toggleRepairWrench"":17,""baseline.unqueueFromProduction"":31,""candidate.orderUnits"":1987,""candidate.pauseProduction"":15,""candidate.placeBuilding"":13,""candidate.queueForProduction"":103,""candidate.resumeProduction"":13,""candidate.setUnitDebugText"":126,""candidate.toggleRepairWrench"":4,""candidate.unqueueFromProduction"":17}}","{""kind"":""unified-intent-d1-telemetry-v1"",""complete"":true,""updates"":24000,""budgetMode"":""separated_lanes_v2"",""commandCeiling"":115,""commandCeilingEnforced"":true,""rollingUpdates"":900,""referenceCommandCeiling"":115,""referenceExceededUpdates"":0,""budgetDenialUpdates"":3123,""budgetDeniedUnitIdOccurrences"":10656,""budgetDeniedDebugCalls"":29,""maxRollingCommandCalls"":115,""maxPendingUnitIds"":12,""maxForwardedChunkSize"":15,""counters"":{""gameplayNonorderCalls"":165,""productionBatches"":135,""proposedCalls"":2261,""proposedUnitIds"":3028,""forwardedOrderCalls"":1987,""forwardedUnitIds"":2901,""sameUnitConflicts"":84,""duplicateSuppressions"":40,""invalidUnitIds"":0,""invalidTargets"":0,""invalidTiles"":0,""supersededPending"":84,""expiredPending"":3,""revokedPending"":0,""deferredUnitIds"":10656,""pendingUnitIds"":10656,""debugProposals"":155,""debugCoalesced"":0,""debugForwarded"":126,""debugDropped"":29},""telemetrySha256"":""0504691649ab46dc9aa4d88e8d83f384162d32d98e6904c82148338ccabaaf92""}"
"97","separated_lanes_unbounded_d1","24000","{""sha256"":""0e93501b98e018da8345761efbb88fa91065e9a548fde12dc62b6adc84da9823"",""bySideAndMethod"":{""baseline.orderUnits"":990,""baseline.placeBuilding"":15,""baseline.queueForProduction"":94,""baseline.setUnitDebugText"":87,""baseline.toggleRepairWrench"":35,""baseline.unqueueFromProduction"":25,""candidate.orderUnits"":1779,""candidate.pauseProduction"":10,""candidate.placeBuilding"":13,""candidate.queueForProduction"":99,""candidate.resumeProduction"":7,""candidate.setUnitDebugText"":220,""candidate.toggleRepairWrench"":4,""candidate.unqueueFromProduction"":14}}","{""kind"":""unified-intent-d1-telemetry-v1"",""complete"":true,""updates"":24000,""budgetMode"":""separated_lanes_unbounded_d1"",""commandCeiling"":null,""commandCeilingEnforced"":false,""rollingUpdates"":900,""referenceCommandCeiling"":115,""referenceExceededUpdates"":4848,""budgetDenialUpdates"":0,""budgetDeniedUnitIdOccurrences"":0,""budgetDeniedDebugCalls"":0,""maxRollingCommandCalls"":227,""maxPendingUnitIds"":0,""maxForwardedChunkSize"":27,""counters"":{""gameplayNonorderCalls"":147,""productionBatches"":121,""proposedCalls"":1893,""proposedUnitIds"":2789,""forwardedOrderCalls"":1779,""forwardedUnitIds"":2786,""sameUnitConflicts"":0,""duplicateSuppressions"":3,""invalidUnitIds"":0,""invalidTargets"":0,""invalidTiles"":0,""supersededPending"":0,""expiredPending"":0,""revokedPending"":0,""deferredUnitIds"":0,""pendingUnitIds"":0,""debugProposals"":220,""debugCoalesced"":0,""debugForwarded"":220,""debugDropped"":0},""telemetrySha256"":""e9a595a7191e930cc8f441b2207937c7a6167c2c90186b42873f90012cc53087""}"
"98","disabled","9438","{""sha256"":""d1b3afcba729131a3262fd4d1cb7d436881be5eced59cf3c6a209162923e518c"",""bySideAndMethod"":{""baseline.orderUnits"":510,""baseline.placeBuilding"":6,""baseline.queueForProduction"":63,""baseline.setUnitDebugText"":47,""baseline.unqueueFromProduction"":10,""candidate.orderUnits"":458,""candidate.pauseProduction"":3,""candidate.placeBuilding"":13,""candidate.queueForProduction"":42,""candidate.resumeProduction"":2,""candidate.setUnitDebugText"":40,""candidate.toggleRepairWrench"":20,""candidate.unqueueFromProduction"":5}}",""
"98","separated_lanes_v2","9438","{""sha256"":""16a4f55aba96accba49428643ae75e2c586c2bc3af45d51742e90bab28b8dd74"",""bySideAndMethod"":{""baseline.orderUnits"":510,""baseline.placeBuilding"":6,""baseline.queueForProduction"":63,""baseline.setUnitDebugText"":47,""baseline.unqueueFromProduction"":10,""candidate.orderUnits"":458,""candidate.pauseProduction"":3,""candidate.placeBuilding"":13,""candidate.queueForProduction"":42,""candidate.resumeProduction"":2,""candidate.setUnitDebugText"":40,""candidate.toggleRepairWrench"":20,""candidate.unqueueFromProduction"":5}}","{""kind"":""unified-intent-d1-telemetry-v1"",""complete"":true,""updates"":9438,""budgetMode"":""separated_lanes_v2"",""commandCeiling"":115,""commandCeilingEnforced"":true,""rollingUpdates"":900,""referenceCommandCeiling"":115,""referenceExceededUpdates"":0,""budgetDenialUpdates"":0,""budgetDeniedUnitIdOccurrences"":0,""budgetDeniedDebugCalls"":0,""maxRollingCommandCalls"":102,""maxPendingUnitIds"":0,""maxForwardedChunkSize"":2,""counters"":{""gameplayNonorderCalls"":85,""productionBatches"":46,""proposedCalls"":458,""proposedUnitIds"":464,""forwardedOrderCalls"":458,""forwardedUnitIds"":464,""sameUnitConflicts"":0,""duplicateSuppressions"":0,""invalidUnitIds"":0,""invalidTargets"":0,""invalidTiles"":0,""supersededPending"":0,""expiredPending"":0,""revokedPending"":0,""deferredUnitIds"":0,""pendingUnitIds"":0,""debugProposals"":40,""debugCoalesced"":0,""debugForwarded"":40,""debugDropped"":0},""telemetrySha256"":""64c9378c4d8242dc2bab56570208f2682434dd4fb75061fb4086a51c0bca0374""}"
"98","separated_lanes_unbounded_d1","9438","{""sha256"":""16a4f55aba96accba49428643ae75e2c586c2bc3af45d51742e90bab28b8dd74"",""bySideAndMethod"":{""baseline.orderUnits"":510,""baseline.placeBuilding"":6,""baseline.queueForProduction"":63,""baseline.setUnitDebugText"":47,""baseline.unqueueFromProduction"":10,""candidate.orderUnits"":458,""candidate.pauseProduction"":3,""candidate.placeBuilding"":13,""candidate.queueForProduction"":42,""candidate.resumeProduction"":2,""candidate.setUnitDebugText"":40,""candidate.toggleRepairWrench"":20,""candidate.unqueueFromProduction"":5}}","{""kind"":""unified-intent-d1-telemetry-v1"",""complete"":true,""updates"":9438,""budgetMode"":""separated_lanes_unbounded_d1"",""commandCeiling"":null,""commandCeilingEnforced"":false,""rollingUpdates"":900,""referenceCommandCeiling"":115,""referenceExceededUpdates"":0,""budgetDenialUpdates"":0,""budgetDeniedUnitIdOccurrences"":0,""budgetDeniedDebugCalls"":0,""maxRollingCommandCalls"":102,""maxPendingUnitIds"":0,""maxForwardedChunkSize"":2,""counters"":{""gameplayNonorderCalls"":85,""productionBatches"":46,""proposedCalls"":458,""proposedUnitIds"":464,""forwardedOrderCalls"":458,""forwardedUnitIds"":464,""sameUnitConflicts"":0,""duplicateSuppressions"":0,""invalidUnitIds"":0,""invalidTargets"":0,""invalidTiles"":0,""supersededPending"":0,""expiredPending"":0,""revokedPending"":0,""deferredUnitIds"":0,""pendingUnitIds"":0,""debugProposals"":40,""debugCoalesced"":0,""debugForwarded"":40,""debugDropped"":0},""telemetrySha256"":""4347853b7c7369a0ba3fc58ebcb895d7810469e0521129c86451ba574640d555""}"
"99","disabled","10840","{""sha256"":""1c1770bd645d51c515e25e336f8a9d69b50e8ab73763cdbb2f78b176dd562764"",""bySideAndMethod"":{""baseline.orderUnits"":609,""baseline.placeBuilding"":7,""baseline.queueForProduction"":75,""baseline.setUnitDebugText"":61,""baseline.unqueueFromProduction"":7,""candidate.orderUnits"":674,""candidate.pauseProduction"":5,""candidate.placeBuilding"":11,""candidate.queueForProduction"":51,""candidate.resumeProduction"":5,""candidate.setUnitDebugText"":55,""candidate.toggleRepairWrench"":26,""candidate.unqueueFromProduction"":13}}",""
"99","separated_lanes_v2","10840","{""sha256"":""9a03010bfabb663e2477fdb1c3e9b97254ab097039af1f5d57df2f4cd4e9959d"",""bySideAndMethod"":{""baseline.orderUnits"":609,""baseline.placeBuilding"":7,""baseline.queueForProduction"":75,""baseline.setUnitDebugText"":61,""baseline.unqueueFromProduction"":7,""candidate.orderUnits"":673,""candidate.pauseProduction"":5,""candidate.placeBuilding"":11,""candidate.queueForProduction"":51,""candidate.resumeProduction"":5,""candidate.setUnitDebugText"":55,""candidate.toggleRepairWrench"":26,""candidate.unqueueFromProduction"":13}}","{""kind"":""unified-intent-d1-telemetry-v1"",""complete"":true,""updates"":10840,""budgetMode"":""separated_lanes_v2"",""commandCeiling"":115,""commandCeilingEnforced"":true,""rollingUpdates"":900,""referenceCommandCeiling"":115,""referenceExceededUpdates"":0,""budgetDenialUpdates"":0,""budgetDeniedUnitIdOccurrences"":0,""budgetDeniedDebugCalls"":0,""maxRollingCommandCalls"":105,""maxPendingUnitIds"":0,""maxForwardedChunkSize"":2,""counters"":{""gameplayNonorderCalls"":111,""productionBatches"":67,""proposedCalls"":674,""proposedUnitIds"":679,""forwardedOrderCalls"":673,""forwardedUnitIds"":679,""sameUnitConflicts"":0,""duplicateSuppressions"":0,""invalidUnitIds"":0,""invalidTargets"":0,""invalidTiles"":0,""supersededPending"":0,""expiredPending"":0,""revokedPending"":0,""deferredUnitIds"":0,""pendingUnitIds"":0,""debugProposals"":55,""debugCoalesced"":0,""debugForwarded"":55,""debugDropped"":0},""telemetrySha256"":""11642e9c9451ab1fb3bbf71dd0eb075e9f430527879142d570decac62391ceab""}"
"99","separated_lanes_unbounded_d1","10840","{""sha256"":""9a03010bfabb663e2477fdb1c3e9b97254ab097039af1f5d57df2f4cd4e9959d"",""bySideAndMethod"":{""baseline.orderUnits"":609,""baseline.placeBuilding"":7,""baseline.queueForProduction"":75,""baseline.setUnitDebugText"":61,""baseline.unqueueFromProduction"":7,""candidate.orderUnits"":673,""candidate.pauseProduction"":5,""candidate.placeBuilding"":11,""candidate.queueForProduction"":51,""candidate.resumeProduction"":5,""candidate.setUnitDebugText"":55,""candidate.toggleRepairWrench"":26,""candidate.unqueueFromProduction"":13}}","{""kind"":""unified-intent-d1-telemetry-v1"",""complete"":true,""updates"":10840,""budgetMode"":""separated_lanes_unbounded_d1"",""commandCeiling"":null,""commandCeilingEnforced"":false,""rollingUpdates"":900,""referenceCommandCeiling"":115,""referenceExceededUpdates"":0,""budgetDenialUpdates"":0,""budgetDeniedUnitIdOccurrences"":0,""budgetDeniedDebugCalls"":0,""maxRollingCommandCalls"":105,""maxPendingUnitIds"":0,""maxForwardedChunkSize"":2,""counters"":{""gameplayNonorderCalls"":111,""productionBatches"":67,""proposedCalls"":674,""proposedUnitIds"":679,""forwardedOrderCalls"":673,""forwardedUnitIds"":679,""sameUnitConflicts"":0,""duplicateSuppressions"":0,""invalidUnitIds"":0,""invalidTargets"":0,""invalidTiles"":0,""supersededPending"":0,""expiredPending"":0,""revokedPending"":0,""deferredUnitIds"":0,""pendingUnitIds"":0,""debugProposals"":55,""debugCoalesced"":0,""debugForwarded"":55,""debugDropped"":0},""telemetrySha256"":""aec2e9c74b1c7d55427478c9512dcc64b8078351a6ca117299ed272a55e07bb2""}"
"100","disabled","23787","{""sha256"":""4ceca9c7a8ada71252027aea11fc23058f0caa71b0b3009d0c969492a9717c06"",""bySideAndMethod"":{""baseline.orderUnits"":897,""baseline.placeBuilding"":12,""baseline.queueForProduction"":73,""baseline.quitGame"":1,""baseline.setUnitDebugText"":84,""baseline.toggleRepairWrench"":110,""baseline.unqueueFromProduction"":20,""candidate.orderUnits"":3785,""candidate.pauseProduction"":3,""candidate.placeBuilding"":16,""candidate.queueForProduction"":128,""candidate.resumeProduction"":3,""candidate.setUnitDebugText"":504,""candidate.toggleRepairWrench"":4,""candidate.unqueueFromProduction"":30}}",""
"100","separated_lanes_v2","24000","{""sha256"":""9fe9b0d45f691ab9c82b427331f4979b27fa28393d4a0e1ea7e0d14b8f57f2e6"",""bySideAndMethod"":{""baseline.orderUnits"":947,""baseline.placeBuilding"":11,""baseline.queueForProduction"":71,""baseline.setUnitDebugText"":85,""baseline.toggleRepairWrench"":100,""baseline.unqueueFromProduction"":19,""candidate.orderUnits"":1744,""candidate.pauseProduction"":13,""candidate.placeBuilding"":15,""candidate.queueForProduction"":130,""candidate.resumeProduction"":12,""candidate.setUnitDebugText"":237,""candidate.toggleRepairWrench"":5,""candidate.unqueueFromProduction"":28}}","{""kind"":""unified-intent-d1-telemetry-v1"",""complete"":true,""updates"":24000,""budgetMode"":""separated_lanes_v2"",""commandCeiling"":115,""commandCeilingEnforced"":true,""rollingUpdates"":900,""referenceCommandCeiling"":115,""referenceExceededUpdates"":0,""budgetDenialUpdates"":2301,""budgetDeniedUnitIdOccurrences"":19466,""budgetDeniedDebugCalls"":196,""maxRollingCommandCalls"":115,""maxPendingUnitIds"":31,""maxForwardedChunkSize"":31,""counters"":{""gameplayNonorderCalls"":203,""productionBatches"":168,""proposedCalls"":3027,""proposedUnitIds"":14844,""forwardedOrderCalls"":1744,""forwardedUnitIds"":5783,""sameUnitConflicts"":754,""duplicateSuppressions"":33,""invalidUnitIds"":3,""invalidTargets"":0,""invalidTiles"":0,""supersededPending"":699,""expiredPending"":0,""revokedPending"":8271,""deferredUnitIds"":19466,""pendingUnitIds"":19466,""debugProposals"":433,""debugCoalesced"":0,""debugForwarded"":237,""debugDropped"":196},""telemetrySha256"":""81c843c0873393c6bb801b5c46896a53e1defc5ad745df840459fdd67cc9f8fa""}"
"100","separated_lanes_unbounded_d1","24000","{""sha256"":""2cdfa891f31dccccc0e888cf09d2bbbedad80136269cac396505b85c583f7f0c"",""bySideAndMethod"":{""baseline.orderUnits"":879,""baseline.placeBuilding"":13,""baseline.queueForProduction"":77,""baseline.setUnitDebugText"":78,""baseline.toggleRepairWrench"":141,""baseline.unqueueFromProduction"":24,""candidate.orderUnits"":3928,""candidate.pauseProduction"":3,""candidate.placeBuilding"":14,""candidate.queueForProduction"":133,""candidate.resumeProduction"":3,""candidate.setUnitDebugText"":481,""candidate.toggleRepairWrench"":5,""candidate.unqueueFromProduction"":29}}","{""kind"":""unified-intent-d1-telemetry-v1"",""complete"":true,""updates"":24000,""budgetMode"":""separated_lanes_unbounded_d1"",""commandCeiling"":null,""commandCeilingEnforced"":false,""rollingUpdates"":900,""referenceCommandCeiling"":115,""referenceExceededUpdates"":9169,""budgetDenialUpdates"":0,""budgetDeniedUnitIdOccurrences"":0,""budgetDeniedDebugCalls"":0,""maxRollingCommandCalls"":646,""maxPendingUnitIds"":0,""maxForwardedChunkSize"":29,""counters"":{""gameplayNonorderCalls"":187,""productionBatches"":163,""proposedCalls"":3988,""proposedUnitIds"":27430,""forwardedOrderCalls"":3928,""forwardedUnitIds"":27414,""sameUnitConflicts"":14,""duplicateSuppressions"":2,""invalidUnitIds"":0,""invalidTargets"":0,""invalidTiles"":0,""supersededPending"":0,""expiredPending"":0,""revokedPending"":0,""deferredUnitIds"":0,""pendingUnitIds"":0,""debugProposals"":481,""debugCoalesced"":0,""debugForwarded"":481,""debugDropped"":0},""telemetrySha256"":""d4037a6035e83a4e9027c9b29ed9fbf977454c1a746b4e32c0a044e20802611d""}"
"101","disabled","24000","{""sha256"":""42376f4a4232fd446db3e3056b07198ec03fa941ce4c4cbbbb87cf1a397d2d1b"",""bySideAndMethod"":{""baseline.orderUnits"":918,""baseline.placeBuilding"":11,""baseline.queueForProduction"":96,""baseline.setUnitDebugText"":108,""baseline.toggleRepairWrench"":54,""baseline.unqueueFromProduction"":33,""candidate.orderUnits"":3658,""candidate.pauseProduction"":3,""candidate.placeBuilding"":14,""candidate.queueForProduction"":130,""candidate.resumeProduction"":3,""candidate.setUnitDebugText"":492,""candidate.toggleRepairWrench"":5,""candidate.unqueueFromProduction"":27}}",""
"101","separated_lanes_v2","24000","{""sha256"":""d29e7084b56e4d01d513dc8cfa95ae33d15ebf87d57aaf7d1054be9174a1d3a2"",""bySideAndMethod"":{""baseline.orderUnits"":934,""baseline.placeBuilding"":10,""baseline.queueForProduction"":85,""baseline.setUnitDebugText"":101,""baseline.toggleRepairWrench"":88,""baseline.unqueueFromProduction"":25,""candidate.orderUnits"":2045,""candidate.pauseProduction"":6,""candidate.placeBuilding"":15,""candidate.queueForProduction"":135,""candidate.resumeProduction"":3,""candidate.setUnitDebugText"":108,""candidate.toggleRepairWrench"":4,""candidate.unqueueFromProduction"":22}}","{""kind"":""unified-intent-d1-telemetry-v1"",""complete"":true,""updates"":24000,""budgetMode"":""separated_lanes_v2"",""commandCeiling"":115,""commandCeilingEnforced"":true,""rollingUpdates"":900,""referenceCommandCeiling"":115,""referenceExceededUpdates"":0,""budgetDenialUpdates"":3061,""budgetDeniedUnitIdOccurrences"":47434,""budgetDeniedDebugCalls"":141,""maxRollingCommandCalls"":115,""maxPendingUnitIds"":54,""maxForwardedChunkSize"":18,""counters"":{""gameplayNonorderCalls"":185,""productionBatches"":160,""proposedCalls"":6797,""proposedUnitIds"":44270,""forwardedOrderCalls"":2045,""forwardedUnitIds"":8402,""sameUnitConflicts"":3672,""duplicateSuppressions"":38,""invalidUnitIds"":0,""invalidTargets"":22,""invalidTiles"":0,""supersededPending"":1636,""expiredPending"":0,""revokedPending"":32122,""deferredUnitIds"":47434,""pendingUnitIds"":47434,""debugProposals"":249,""debugCoalesced"":0,""debugForwarded"":108,""debugDropped"":141},""telemetrySha256"":""9f266b61db84e3487bd0fe3527a4b295c9f6d6f034824d8d4d422946ef59b167""}"
"101","separated_lanes_unbounded_d1","24000","{""sha256"":""5a3d430fe823c87f11a7df94dd473fbfe11dccac7dc74888a83bd897ef6706da"",""bySideAndMethod"":{""baseline.orderUnits"":949,""baseline.placeBuilding"":11,""baseline.queueForProduction"":86,""baseline.setUnitDebugText"":99,""baseline.toggleRepairWrench"":92,""baseline.unqueueFromProduction"":26,""candidate.orderUnits"":2880,""candidate.pauseProduction"":6,""candidate.placeBuilding"":15,""candidate.queueForProduction"":121,""candidate.resumeProduction"":3,""candidate.setUnitDebugText"":155,""candidate.toggleRepairWrench"":4,""candidate.unqueueFromProduction"":21}}","{""kind"":""unified-intent-d1-telemetry-v1"",""complete"":true,""updates"":24000,""budgetMode"":""separated_lanes_unbounded_d1"",""commandCeiling"":null,""commandCeilingEnforced"":false,""rollingUpdates"":900,""referenceCommandCeiling"":115,""referenceExceededUpdates"":8211,""budgetDenialUpdates"":0,""budgetDeniedUnitIdOccurrences"":0,""budgetDeniedDebugCalls"":0,""maxRollingCommandCalls"":467,""maxPendingUnitIds"":0,""maxForwardedChunkSize"":16,""counters"":{""gameplayNonorderCalls"":170,""productionBatches"":145,""proposedCalls"":2902,""proposedUnitIds"":10414,""forwardedOrderCalls"":2880,""forwardedUnitIds"":10411,""sameUnitConflicts"":0,""duplicateSuppressions"":3,""invalidUnitIds"":0,""invalidTargets"":0,""invalidTiles"":0,""supersededPending"":0,""expiredPending"":0,""revokedPending"":0,""deferredUnitIds"":0,""pendingUnitIds"":0,""debugProposals"":155,""debugCoalesced"":0,""debugForwarded"":155,""debugDropped"":0},""telemetrySha256"":""b59f44ddeed777e515910778346fe7c0605a75baec57a656ee2548db21c149b5""}"
"102","disabled","24000","{""sha256"":""72b6f2617978bdfa2ab6897442878ef5187475dabe3d4cf7101be7bc9930af86"",""bySideAndMethod"":{""baseline.orderUnits"":875,""baseline.placeBuilding"":10,""baseline.queueForProduction"":94,""baseline.setUnitDebugText"":74,""baseline.toggleRepairWrench"":20,""baseline.unqueueFromProduction"":28,""candidate.orderUnits"":1606,""candidate.pauseProduction"":5,""candidate.placeBuilding"":17,""candidate.queueForProduction"":93,""candidate.resumeProduction"":4,""candidate.setUnitDebugText"":128,""candidate.toggleRepairWrench"":3,""candidate.unqueueFromProduction"":20}}",""
"102","separated_lanes_v2","24000","{""sha256"":""aa1f6a4d6b05086ec773cd3d55f965704c4bb3787dbe62b830ef6fa2a9d15809"",""bySideAndMethod"":{""baseline.orderUnits"":875,""baseline.placeBuilding"":10,""baseline.queueForProduction"":94,""baseline.setUnitDebugText"":74,""baseline.toggleRepairWrench"":20,""baseline.unqueueFromProduction"":28,""candidate.orderUnits"":1428,""candidate.pauseProduction"":5,""candidate.placeBuilding"":17,""candidate.queueForProduction"":93,""candidate.resumeProduction"":4,""candidate.setUnitDebugText"":128,""candidate.toggleRepairWrench"":3,""candidate.unqueueFromProduction"":20}}","{""kind"":""unified-intent-d1-telemetry-v1"",""complete"":true,""updates"":24000,""budgetMode"":""separated_lanes_v2"",""commandCeiling"":115,""commandCeilingEnforced"":true,""rollingUpdates"":900,""referenceCommandCeiling"":115,""referenceExceededUpdates"":0,""budgetDenialUpdates"":0,""budgetDeniedUnitIdOccurrences"":0,""budgetDeniedDebugCalls"":0,""maxRollingCommandCalls"":109,""maxPendingUnitIds"":0,""maxForwardedChunkSize"":8,""counters"":{""gameplayNonorderCalls"":142,""productionBatches"":115,""proposedCalls"":1606,""proposedUnitIds"":2072,""forwardedOrderCalls"":1428,""forwardedUnitIds"":2072,""sameUnitConflicts"":0,""duplicateSuppressions"":0,""invalidUnitIds"":0,""invalidTargets"":0,""invalidTiles"":0,""supersededPending"":0,""expiredPending"":0,""revokedPending"":0,""deferredUnitIds"":0,""pendingUnitIds"":0,""debugProposals"":128,""debugCoalesced"":0,""debugForwarded"":128,""debugDropped"":0},""telemetrySha256"":""b93f251547a7f80abc0b23f05f5749526dce7ea29703cb16cd093c08cfb32e80""}"
"102","separated_lanes_unbounded_d1","24000","{""sha256"":""aa1f6a4d6b05086ec773cd3d55f965704c4bb3787dbe62b830ef6fa2a9d15809"",""bySideAndMethod"":{""baseline.orderUnits"":875,""baseline.placeBuilding"":10,""baseline.queueForProduction"":94,""baseline.setUnitDebugText"":74,""baseline.toggleRepairWrench"":20,""baseline.unqueueFromProduction"":28,""candidate.orderUnits"":1428,""candidate.pauseProduction"":5,""candidate.placeBuilding"":17,""candidate.queueForProduction"":93,""candidate.resumeProduction"":4,""candidate.setUnitDebugText"":128,""candidate.toggleRepairWrench"":3,""candidate.unqueueFromProduction"":20}}","{""kind"":""unified-intent-d1-telemetry-v1"",""complete"":true,""updates"":24000,""budgetMode"":""separated_lanes_unbounded_d1"",""commandCeiling"":null,""commandCeilingEnforced"":false,""rollingUpdates"":900,""referenceCommandCeiling"":115,""referenceExceededUpdates"":0,""budgetDenialUpdates"":0,""budgetDeniedUnitIdOccurrences"":0,""budgetDeniedDebugCalls"":0,""maxRollingCommandCalls"":109,""maxPendingUnitIds"":0,""maxForwardedChunkSize"":8,""counters"":{""gameplayNonorderCalls"":142,""productionBatches"":115,""proposedCalls"":1606,""proposedUnitIds"":2072,""forwardedOrderCalls"":1428,""forwardedUnitIds"":2072,""sameUnitConflicts"":0,""duplicateSuppressions"":0,""invalidUnitIds"":0,""invalidTargets"":0,""invalidTiles"":0,""supersededPending"":0,""expiredPending"":0,""revokedPending"":0,""deferredUnitIds"":0,""pendingUnitIds"":0,""debugProposals"":128,""debugCoalesced"":0,""debugForwarded"":128,""debugDropped"":0},""telemetrySha256"":""7cf7e39f819b6b7ed78ef79cf9fffd413c0e40eb70ec5f7371a8515b6c5e9cb4""}"
"103","disabled","24000","{""sha256"":""3715e78a14f69226cd8506b9f9bf920c20538557bf3259f6f91c6bd60c2301a8"",""bySideAndMethod"":{""baseline.orderUnits"":885,""baseline.placeBuilding"":11,""baseline.queueForProduction"":100,""baseline.setUnitDebugText"":87,""baseline.toggleRepairWrench"":44,""baseline.unqueueFromProduction"":38,""candidate.orderUnits"":1520,""candidate.pauseProduction"":2,""candidate.placeBuilding"":15,""candidate.queueForProduction"":106,""candidate.resumeProduction"":2,""candidate.setUnitDebugText"":155,""candidate.toggleRepairWrench"":1,""candidate.unqueueFromProduction"":23}}",""
"103","separated_lanes_v2","24000","{""sha256"":""3ffab93d677c9caacf892e26d8cda261a7c7fd31816aeb4b96a4d2c26802ff25"",""bySideAndMethod"":{""baseline.orderUnits"":885,""baseline.placeBuilding"":11,""baseline.queueForProduction"":100,""baseline.setUnitDebugText"":87,""baseline.toggleRepairWrench"":44,""baseline.unqueueFromProduction"":38,""candidate.orderUnits"":1475,""candidate.pauseProduction"":2,""candidate.placeBuilding"":15,""candidate.queueForProduction"":106,""candidate.resumeProduction"":2,""candidate.setUnitDebugText"":155,""candidate.toggleRepairWrench"":1,""candidate.unqueueFromProduction"":23}}","{""kind"":""unified-intent-d1-telemetry-v1"",""complete"":true,""updates"":24000,""budgetMode"":""separated_lanes_v2"",""commandCeiling"":115,""commandCeilingEnforced"":true,""rollingUpdates"":900,""referenceCommandCeiling"":115,""referenceExceededUpdates"":0,""budgetDenialUpdates"":0,""budgetDeniedUnitIdOccurrences"":0,""budgetDeniedDebugCalls"":0,""maxRollingCommandCalls"":111,""maxPendingUnitIds"":0,""maxForwardedChunkSize"":8,""counters"":{""gameplayNonorderCalls"":149,""productionBatches"":127,""proposedCalls"":1520,""proposedUnitIds"":1884,""forwardedOrderCalls"":1475,""forwardedUnitIds"":1884,""sameUnitConflicts"":0,""duplicateSuppressions"":0,""invalidUnitIds"":0,""invalidTargets"":0,""invalidTiles"":0,""supersededPending"":0,""expiredPending"":0,""revokedPending"":0,""deferredUnitIds"":0,""pendingUnitIds"":0,""debugProposals"":155,""debugCoalesced"":0,""debugForwarded"":155,""debugDropped"":0},""telemetrySha256"":""7ebc8463893d2d67e0fbfd07a23ae159ad14437a75c5ee0cff17a35abe61a55b""}"
"103","separated_lanes_unbounded_d1","24000","{""sha256"":""3ffab93d677c9caacf892e26d8cda261a7c7fd31816aeb4b96a4d2c26802ff25"",""bySideAndMethod"":{""baseline.orderUnits"":885,""baseline.placeBuilding"":11,""baseline.queueForProduction"":100,""baseline.setUnitDebugText"":87,""baseline.toggleRepairWrench"":44,""baseline.unqueueFromProduction"":38,""candidate.orderUnits"":1475,""candidate.pauseProduction"":2,""candidate.placeBuilding"":15,""candidate.queueForProduction"":106,""candidate.resumeProduction"":2,""candidate.setUnitDebugText"":155,""candidate.toggleRepairWrench"":1,""candidate.unqueueFromProduction"":23}}","{""kind"":""unified-intent-d1-telemetry-v1"",""complete"":true,""updates"":24000,""budgetMode"":""separated_lanes_unbounded_d1"",""commandCeiling"":null,""commandCeilingEnforced"":false,""rollingUpdates"":900,""referenceCommandCeiling"":115,""referenceExceededUpdates"":0,""budgetDenialUpdates"":0,""budgetDeniedUnitIdOccurrences"":0,""budgetDeniedDebugCalls"":0,""maxRollingCommandCalls"":111,""maxPendingUnitIds"":0,""maxForwardedChunkSize"":8,""counters"":{""gameplayNonorderCalls"":149,""productionBatches"":127,""proposedCalls"":1520,""proposedUnitIds"":1884,""forwardedOrderCalls"":1475,""forwardedUnitIds"":1884,""sameUnitConflicts"":0,""duplicateSuppressions"":0,""invalidUnitIds"":0,""invalidTargets"":0,""invalidTiles"":0,""supersededPending"":0,""expiredPending"":0,""revokedPending"":0,""deferredUnitIds"":0,""pendingUnitIds"":0,""debugProposals"":155,""debugCoalesced"":0,""debugForwarded"":155,""debugDropped"":0},""telemetrySha256"":""8b05492a579663cf608bdd665dc9d7fcb3974f8c8cc5c1abb699b3c38a1f54df""}"
"104","disabled","17635","{""sha256"":""ca6d80d934d2b4237f9f98ef82e5b9e204f15e595a8e4b3d1a8f00c811ed4825"",""bySideAndMethod"":{""baseline.orderUnits"":841,""baseline.placeBuilding"":6,""baseline.queueForProduction"":76,""baseline.setUnitDebugText"":88,""baseline.unqueueFromProduction"":20,""candidate.orderUnits"":1053,""candidate.pauseProduction"":2,""candidate.placeBuilding"":11,""candidate.queueForProduction"":43,""candidate.resumeProduction"":1,""candidate.setUnitDebugText"":37,""candidate.toggleRepairWrench"":13,""candidate.unqueueFromProduction"":7}}",""
"104","separated_lanes_v2","24000","{""sha256"":""0acc0ccb0787361f9bd167ff0ea62ec8280c4ed01a58fdc8205f3b980d26419f"",""bySideAndMethod"":{""baseline.orderUnits"":918,""baseline.placeBuilding"":6,""baseline.queueForProduction"":114,""baseline.setUnitDebugText"":75,""baseline.unqueueFromProduction"":53,""candidate.orderUnits"":1380,""candidate.pauseProduction"":5,""candidate.placeBuilding"":14,""candidate.queueForProduction"":68,""candidate.resumeProduction"":3,""candidate.setUnitDebugText"":55,""candidate.unqueueFromProduction"":10}}","{""kind"":""unified-intent-d1-telemetry-v1"",""complete"":true,""updates"":24000,""budgetMode"":""separated_lanes_v2"",""commandCeiling"":115,""commandCeilingEnforced"":true,""rollingUpdates"":900,""referenceCommandCeiling"":115,""referenceExceededUpdates"":0,""budgetDenialUpdates"":1260,""budgetDeniedUnitIdOccurrences"":3011,""budgetDeniedDebugCalls"":19,""maxRollingCommandCalls"":115,""maxPendingUnitIds"":5,""maxForwardedChunkSize"":15,""counters"":{""gameplayNonorderCalls"":100,""productionBatches"":80,""proposedCalls"":1574,""proposedUnitIds"":3779,""forwardedOrderCalls"":1380,""forwardedUnitIds"":3478,""sameUnitConflicts"":171,""duplicateSuppressions"":121,""invalidUnitIds"":2,""invalidTargets"":7,""invalidTiles"":0,""supersededPending"":112,""expiredPending"":0,""revokedPending"":0,""deferredUnitIds"":3011,""pendingUnitIds"":3011,""debugProposals"":74,""debugCoalesced"":0,""debugForwarded"":55,""debugDropped"":19},""telemetrySha256"":""eba0fa9569dbfc1d5281263b2f028566e892a5c100bd3f2feea726fb6494f846""}"
"104","separated_lanes_unbounded_d1","17635","{""sha256"":""799def77b4a72423b1ee7af7bf07ed3d5c88e3ee81cf0007a63c12841cba5068"",""bySideAndMethod"":{""baseline.orderUnits"":841,""baseline.placeBuilding"":6,""baseline.queueForProduction"":76,""baseline.setUnitDebugText"":88,""baseline.unqueueFromProduction"":20,""candidate.orderUnits"":1053,""candidate.pauseProduction"":2,""candidate.placeBuilding"":11,""candidate.queueForProduction"":43,""candidate.resumeProduction"":1,""candidate.setUnitDebugText"":37,""candidate.toggleRepairWrench"":13,""candidate.unqueueFromProduction"":7}}","{""kind"":""unified-intent-d1-telemetry-v1"",""complete"":true,""updates"":17635,""budgetMode"":""separated_lanes_unbounded_d1"",""commandCeiling"":null,""commandCeilingEnforced"":false,""rollingUpdates"":900,""referenceCommandCeiling"":115,""referenceExceededUpdates"":2924,""budgetDenialUpdates"":0,""budgetDeniedUnitIdOccurrences"":0,""budgetDeniedDebugCalls"":0,""maxRollingCommandCalls"":184,""maxPendingUnitIds"":0,""maxForwardedChunkSize"":4,""counters"":{""gameplayNonorderCalls"":77,""productionBatches"":47,""proposedCalls"":1053,""proposedUnitIds"":1669,""forwardedOrderCalls"":1053,""forwardedUnitIds"":1669,""sameUnitConflicts"":0,""duplicateSuppressions"":0,""invalidUnitIds"":0,""invalidTargets"":0,""invalidTiles"":0,""supersededPending"":0,""expiredPending"":0,""revokedPending"":0,""deferredUnitIds"":0,""pendingUnitIds"":0,""debugProposals"":37,""debugCoalesced"":0,""debugForwarded"":37,""debugDropped"":0},""telemetrySha256"":""323ba95c7ed32ff70cd57ef9a9b3b9fa7a7e9a59979fcf4e39d0cc58029d0a1b""}"
"105","disabled","13501","{""sha256"":""324033e6f27c23a6acda02a2fac91f70fcb764005d33eb7c4b58f685ee50449d"",""bySideAndMethod"":{""baseline.orderUnits"":645,""baseline.placeBuilding"":6,""baseline.queueForProduction"":48,""baseline.setUnitDebugText"":43,""baseline.unqueueFromProduction"":9,""candidate.orderUnits"":1111,""candidate.pauseProduction"":1,""candidate.placeBuilding"":11,""candidate.queueForProduction"":44,""candidate.quitGame"":10,""candidate.resumeProduction"":1,""candidate.setUnitDebugText"":39,""candidate.toggleRepairWrench"":15,""candidate.unqueueFromProduction"":8}}",""
"105","separated_lanes_v2","18235","{""sha256"":""dd9f39b979b97fc40723d4e5cd73329ebc2f0d0cddb96c2005f2a8dd19f49002"",""bySideAndMethod"":{""baseline.orderUnits"":792,""baseline.placeBuilding"":6,""baseline.queueForProduction"":76,""baseline.setUnitDebugText"":49,""baseline.unqueueFromProduction"":31,""candidate.orderUnits"":1293,""candidate.pauseProduction"":6,""candidate.placeBuilding"":13,""candidate.queueForProduction"":48,""candidate.resumeProduction"":5,""candidate.setUnitDebugText"":26,""candidate.toggleRepairWrench"":10,""candidate.unqueueFromProduction"":7}}","{""kind"":""unified-intent-d1-telemetry-v1"",""complete"":true,""updates"":18235,""budgetMode"":""separated_lanes_v2"",""commandCeiling"":115,""commandCeilingEnforced"":true,""rollingUpdates"":900,""referenceCommandCeiling"":115,""referenceExceededUpdates"":0,""budgetDenialUpdates"":1329,""budgetDeniedUnitIdOccurrences"":3089,""budgetDeniedDebugCalls"":20,""maxRollingCommandCalls"":115,""maxPendingUnitIds"":5,""maxForwardedChunkSize"":4,""counters"":{""gameplayNonorderCalls"":89,""productionBatches"":55,""proposedCalls"":1504,""proposedUnitIds"":2076,""forwardedOrderCalls"":1293,""forwardedUnitIds"":1739,""sameUnitConflicts"":197,""duplicateSuppressions"":122,""invalidUnitIds"":11,""invalidTargets"":7,""invalidTiles"":0,""supersededPending"":129,""expiredPending"":0,""revokedPending"":0,""deferredUnitIds"":3089,""pendingUnitIds"":3089,""debugProposals"":46,""debugCoalesced"":0,""debugForwarded"":26,""debugDropped"":20},""telemetrySha256"":""ae45cd053fb5ae57049b37290b5d2962416e53d9fc9890eff78aa8468e86d103""}"
"105","separated_lanes_unbounded_d1","13501","{""sha256"":""97107324b17cfe0be3162f3598c96c9ffa71290f7a3f62483f0c73c30359500f"",""bySideAndMethod"":{""baseline.orderUnits"":645,""baseline.placeBuilding"":6,""baseline.queueForProduction"":48,""baseline.setUnitDebugText"":43,""baseline.unqueueFromProduction"":9,""candidate.orderUnits"":1111,""candidate.pauseProduction"":1,""candidate.placeBuilding"":11,""candidate.queueForProduction"":44,""candidate.quitGame"":10,""candidate.resumeProduction"":1,""candidate.setUnitDebugText"":39,""candidate.toggleRepairWrench"":15,""candidate.unqueueFromProduction"":8}}","{""kind"":""unified-intent-d1-telemetry-v1"",""complete"":true,""updates"":13501,""budgetMode"":""separated_lanes_unbounded_d1"",""commandCeiling"":null,""commandCeilingEnforced"":false,""rollingUpdates"":900,""referenceCommandCeiling"":115,""referenceExceededUpdates"":3093,""budgetDenialUpdates"":0,""budgetDeniedUnitIdOccurrences"":0,""budgetDeniedDebugCalls"":0,""maxRollingCommandCalls"":200,""maxPendingUnitIds"":0,""maxForwardedChunkSize"":4,""counters"":{""gameplayNonorderCalls"":90,""productionBatches"":50,""proposedCalls"":1111,""proposedUnitIds"":1498,""forwardedOrderCalls"":1111,""forwardedUnitIds"":1498,""sameUnitConflicts"":0,""duplicateSuppressions"":0,""invalidUnitIds"":0,""invalidTargets"":0,""invalidTiles"":0,""supersededPending"":0,""expiredPending"":0,""revokedPending"":0,""deferredUnitIds"":0,""pendingUnitIds"":0,""debugProposals"":39,""debugCoalesced"":0,""debugForwarded"":39,""debugDropped"":0},""telemetrySha256"":""df37c9085943ea4057236c89ebffcd1d2c8c4aacc1bdf649bb5d64737a683673""}"
"106","disabled","24000","{""sha256"":""6bf4eeeab87c82c659edea107fc00a0b89019254e3c017dce0a16636b7f37dc6"",""bySideAndMethod"":{""baseline.orderUnits"":799,""baseline.placeBuilding"":6,""baseline.queueForProduction"":140,""baseline.setUnitDebugText"":114,""baseline.unqueueFromProduction"":49,""candidate.orderUnits"":1518,""candidate.pauseProduction"":37,""candidate.placeBuilding"":14,""candidate.queueForProduction"":61,""candidate.resumeProduction"":34,""candidate.setUnitDebugText"":34,""candidate.toggleRepairWrench"":2,""candidate.unqueueFromProduction"":14}}",""
"106","separated_lanes_v2","24000","{""sha256"":""25376e22cc3d901a9cbeb82ea7794d522055faaedaab7df37a0c28170c83b12a"",""bySideAndMethod"":{""baseline.orderUnits"":824,""baseline.placeBuilding"":6,""baseline.queueForProduction"":140,""baseline.setUnitDebugText"":114,""baseline.unqueueFromProduction"":49,""candidate.orderUnits"":1190,""candidate.pauseProduction"":37,""candidate.placeBuilding"":14,""candidate.queueForProduction"":61,""candidate.resumeProduction"":34,""candidate.setUnitDebugText"":26,""candidate.toggleRepairWrench"":13,""candidate.unqueueFromProduction"":14}}","{""kind"":""unified-intent-d1-telemetry-v1"",""complete"":true,""updates"":24000,""budgetMode"":""separated_lanes_v2"",""commandCeiling"":115,""commandCeilingEnforced"":true,""rollingUpdates"":900,""referenceCommandCeiling"":115,""referenceExceededUpdates"":0,""budgetDenialUpdates"":1422,""budgetDeniedUnitIdOccurrences"":2485,""budgetDeniedDebugCalls"":10,""maxRollingCommandCalls"":115,""maxPendingUnitIds"":6,""maxForwardedChunkSize"":5,""counters"":{""gameplayNonorderCalls"":173,""productionBatches"":112,""proposedCalls"":1341,""proposedUnitIds"":1783,""forwardedOrderCalls"":1190,""forwardedUnitIds"":1604,""sameUnitConflicts"":155,""duplicateSuppressions"":19,""invalidUnitIds"":5,""invalidTargets"":0,""invalidTiles"":0,""supersededPending"":85,""expiredPending"":0,""revokedPending"":0,""deferredUnitIds"":2485,""pendingUnitIds"":2485,""debugProposals"":36,""debugCoalesced"":0,""debugForwarded"":26,""debugDropped"":10},""telemetrySha256"":""62d0ec99488b4c5868a04890c03b56e4db840b4b0658e1425a151ecadca4902f""}"
"106","separated_lanes_unbounded_d1","24000","{""sha256"":""ec32fbe3dce790f365bac8d445f6396c5bfba7b8b9adb69d637bfbf40391028c"",""bySideAndMethod"":{""baseline.orderUnits"":799,""baseline.placeBuilding"":6,""baseline.queueForProduction"":140,""baseline.setUnitDebugText"":114,""baseline.unqueueFromProduction"":49,""candidate.orderUnits"":1516,""candidate.pauseProduction"":37,""candidate.placeBuilding"":14,""candidate.queueForProduction"":61,""candidate.resumeProduction"":34,""candidate.setUnitDebugText"":34,""candidate.toggleRepairWrench"":2,""candidate.unqueueFromProduction"":14}}","{""kind"":""unified-intent-d1-telemetry-v1"",""complete"":true,""updates"":24000,""budgetMode"":""separated_lanes_unbounded_d1"",""commandCeiling"":null,""commandCeilingEnforced"":false,""rollingUpdates"":900,""referenceCommandCeiling"":115,""referenceExceededUpdates"":4706,""budgetDenialUpdates"":0,""budgetDeniedUnitIdOccurrences"":0,""budgetDeniedDebugCalls"":0,""maxRollingCommandCalls"":194,""maxPendingUnitIds"":0,""maxForwardedChunkSize"":4,""counters"":{""gameplayNonorderCalls"":162,""productionBatches"":110,""proposedCalls"":1518,""proposedUnitIds"":1974,""forwardedOrderCalls"":1516,""forwardedUnitIds"":1974,""sameUnitConflicts"":0,""duplicateSuppressions"":0,""invalidUnitIds"":0,""invalidTargets"":0,""invalidTiles"":0,""supersededPending"":0,""expiredPending"":0,""revokedPending"":0,""deferredUnitIds"":0,""pendingUnitIds"":0,""debugProposals"":34,""debugCoalesced"":0,""debugForwarded"":34,""debugDropped"":0},""telemetrySha256"":""4f3215637f06a2fe3dba217498e1bd6935b77b1294e887f4e87c0f871f1d7da8""}"
"107","disabled","24000","{""sha256"":""15819f0ad798abbac706a3365be7254a696f7714cb9f9f65d6d51fa5791b895d"",""bySideAndMethod"":{""baseline.orderUnits"":819,""baseline.placeBuilding"":6,""baseline.queueForProduction"":123,""baseline.setUnitDebugText"":87,""baseline.unqueueFromProduction"":40,""candidate.orderUnits"":1608,""candidate.pauseProduction"":37,""candidate.placeBuilding"":14,""candidate.queueForProduction"":63,""candidate.resumeProduction"":34,""candidate.setUnitDebugText"":37,""candidate.toggleRepairWrench"":23,""candidate.unqueueFromProduction"":15}}",""
"107","separated_lanes_v2","24000","{""sha256"":""d171e3727d82e0ad5f5f63413b57223b6180aef04b6294167b12df437dd18cbc"",""bySideAndMethod"":{""baseline.orderUnits"":828,""baseline.placeBuilding"":6,""baseline.queueForProduction"":123,""baseline.setUnitDebugText"":87,""baseline.unqueueFromProduction"":40,""candidate.orderUnits"":1196,""candidate.pauseProduction"":34,""candidate.placeBuilding"":14,""candidate.queueForProduction"":60,""candidate.resumeProduction"":31,""candidate.setUnitDebugText"":29,""candidate.toggleRepairWrench"":18,""candidate.unqueueFromProduction"":13}}","{""kind"":""unified-intent-d1-telemetry-v1"",""complete"":true,""updates"":24000,""budgetMode"":""separated_lanes_v2"",""commandCeiling"":115,""commandCeilingEnforced"":true,""rollingUpdates"":900,""referenceCommandCeiling"":115,""referenceExceededUpdates"":0,""budgetDenialUpdates"":1326,""budgetDeniedUnitIdOccurrences"":2750,""budgetDeniedDebugCalls"":7,""maxRollingCommandCalls"":115,""maxPendingUnitIds"":6,""maxForwardedChunkSize"":4,""counters"":{""gameplayNonorderCalls"":170,""productionBatches"":109,""proposedCalls"":1337,""proposedUnitIds"":1734,""forwardedOrderCalls"":1196,""forwardedUnitIds"":1575,""sameUnitConflicts"":150,""duplicateSuppressions"":4,""invalidUnitIds"":5,""invalidTargets"":0,""invalidTiles"":0,""supersededPending"":87,""expiredPending"":0,""revokedPending"":0,""deferredUnitIds"":2750,""pendingUnitIds"":2750,""debugProposals"":36,""debugCoalesced"":0,""debugForwarded"":29,""debugDropped"":7},""telemetrySha256"":""2bf73f7f50e578bc13ffb90169cad39cd34eaf9bfc83c56461dec8ab187e9ca7""}"
"107","separated_lanes_unbounded_d1","24000","{""sha256"":""161b51ed2bbebffe2acd1eef21288f6aed735186e9159c4ead3e7b61090131c2"",""bySideAndMethod"":{""baseline.orderUnits"":819,""baseline.placeBuilding"":6,""baseline.queueForProduction"":123,""baseline.setUnitDebugText"":87,""baseline.unqueueFromProduction"":40,""candidate.orderUnits"":1605,""candidate.pauseProduction"":37,""candidate.placeBuilding"":14,""candidate.queueForProduction"":63,""candidate.resumeProduction"":34,""candidate.setUnitDebugText"":37,""candidate.toggleRepairWrench"":23,""candidate.unqueueFromProduction"":15}}","{""kind"":""unified-intent-d1-telemetry-v1"",""complete"":true,""updates"":24000,""budgetMode"":""separated_lanes_unbounded_d1"",""commandCeiling"":null,""commandCeilingEnforced"":false,""rollingUpdates"":900,""referenceCommandCeiling"":115,""referenceExceededUpdates"":5040,""budgetDenialUpdates"":0,""budgetDeniedUnitIdOccurrences"":0,""budgetDeniedDebugCalls"":0,""maxRollingCommandCalls"":178,""maxPendingUnitIds"":0,""maxForwardedChunkSize"":5,""counters"":{""gameplayNonorderCalls"":186,""productionBatches"":114,""proposedCalls"":1608,""proposedUnitIds"":2041,""forwardedOrderCalls"":1605,""forwardedUnitIds"":2041,""sameUnitConflicts"":0,""duplicateSuppressions"":0,""invalidUnitIds"":0,""invalidTargets"":0,""invalidTiles"":0,""supersededPending"":0,""expiredPending"":0,""revokedPending"":0,""deferredUnitIds"":0,""pendingUnitIds"":0,""debugProposals"":37,""debugCoalesced"":0,""debugForwarded"":37,""debugDropped"":0},""telemetrySha256"":""0d2260e1c4f49c2aa63f54b4d0247356880e76eaf6061f685b5f868cd8fea7d9""}"
"108","disabled","21927","{""sha256"":""6d98f278a590d501a36e7af040e883e4ca90059336494d0ad70847c080a1819b"",""bySideAndMethod"":{""baseline.orderUnits"":495,""baseline.placeBuilding"":7,""baseline.queueForProduction"":57,""baseline.setUnitDebugText"":59,""baseline.toggleRepairWrench"":21,""baseline.unqueueFromProduction"":15,""candidate.orderUnits"":3049,""candidate.pauseProduction"":13,""candidate.placeBuilding"":14,""candidate.queueForProduction"":77,""candidate.resumeProduction"":10,""candidate.setUnitDebugText"":162,""candidate.unqueueFromProduction"":15}}",""
"108","separated_lanes_v2","24000","{""sha256"":""6e3245fd95468dc729595089d16bc10dff905c1ce29fa455ff144dd82df5dcfe"",""bySideAndMethod"":{""baseline.orderUnits"":613,""baseline.placeBuilding"":8,""baseline.queueForProduction"":71,""baseline.quitGame"":65,""baseline.setUnitDebugText"":101,""baseline.toggleRepairWrench"":15,""baseline.unqueueFromProduction"":21,""candidate.orderUnits"":1898,""candidate.pauseProduction"":9,""candidate.placeBuilding"":13,""candidate.queueForProduction"":82,""candidate.resumeProduction"":8,""candidate.setUnitDebugText"":70,""candidate.unqueueFromProduction"":14}}","{""kind"":""unified-intent-d1-telemetry-v1"",""complete"":true,""updates"":24000,""budgetMode"":""separated_lanes_v2"",""commandCeiling"":115,""commandCeilingEnforced"":true,""rollingUpdates"":900,""referenceCommandCeiling"":115,""referenceExceededUpdates"":0,""budgetDenialUpdates"":3315,""budgetDeniedUnitIdOccurrences"":16248,""budgetDeniedDebugCalls"":56,""maxRollingCommandCalls"":115,""maxPendingUnitIds"":26,""maxForwardedChunkSize"":24,""counters"":{""gameplayNonorderCalls"":126,""productionBatches"":100,""proposedCalls"":4191,""proposedUnitIds"":20089,""forwardedOrderCalls"":1898,""forwardedUnitIds"":7314,""sameUnitConflicts"":910,""duplicateSuppressions"":35,""invalidUnitIds"":2,""invalidTargets"":2421,""invalidTiles"":0,""supersededPending"":426,""expiredPending"":0,""revokedPending"":9384,""deferredUnitIds"":16248,""pendingUnitIds"":16248,""debugProposals"":126,""debugCoalesced"":0,""debugForwarded"":70,""debugDropped"":56},""telemetrySha256"":""226983887985175487669c9822c32a2f6d5127ee6f1c3afc77cae0c4454ad7ac""}"
"108","separated_lanes_unbounded_d1","24000","{""sha256"":""3a9c842e2e6d4b9730f3bd19344370cfa8c3f5dabaf1de571448447c1c5db9a1"",""bySideAndMethod"":{""baseline.orderUnits"":689,""baseline.placeBuilding"":7,""baseline.queueForProduction"":61,""baseline.setUnitDebugText"":72,""baseline.toggleRepairWrench"":128,""baseline.unqueueFromProduction"":14,""candidate.orderUnits"":3633,""candidate.pauseProduction"":18,""candidate.placeBuilding"":15,""candidate.queueForProduction"":88,""candidate.resumeProduction"":15,""candidate.setUnitDebugText"":94,""candidate.unqueueFromProduction"":20}}","{""kind"":""unified-intent-d1-telemetry-v1"",""complete"":true,""updates"":24000,""budgetMode"":""separated_lanes_unbounded_d1"",""commandCeiling"":null,""commandCeilingEnforced"":false,""rollingUpdates"":900,""referenceCommandCeiling"":115,""referenceExceededUpdates"":6807,""budgetDenialUpdates"":0,""budgetDeniedUnitIdOccurrences"":0,""budgetDeniedDebugCalls"":0,""maxRollingCommandCalls"":611,""maxPendingUnitIds"":0,""maxForwardedChunkSize"":15,""counters"":{""gameplayNonorderCalls"":156,""productionBatches"":123,""proposedCalls"":3774,""proposedUnitIds"":11557,""forwardedOrderCalls"":3633,""forwardedUnitIds"":11395,""sameUnitConflicts"":161,""duplicateSuppressions"":1,""invalidUnitIds"":0,""invalidTargets"":0,""invalidTiles"":0,""supersededPending"":0,""expiredPending"":0,""revokedPending"":0,""deferredUnitIds"":0,""pendingUnitIds"":0,""debugProposals"":94,""debugCoalesced"":0,""debugForwarded"":94,""debugDropped"":0},""telemetrySha256"":""de7655a621d24066481b3c78e18c67398454f7b75067c28eae0ecb5183b5c4c2""}"
"109","disabled","21642","{""sha256"":""b1f4675225da8395838da1bb72fdc0dd29bec9cf2ff61f29648fe22da8b4b9b6"",""bySideAndMethod"":{""baseline.orderUnits"":627,""baseline.placeBuilding"":11,""baseline.queueForProduction"":58,""baseline.quitGame"":123,""baseline.setUnitDebugText"":80,""baseline.toggleRepairWrench"":44,""baseline.unqueueFromProduction"":11,""candidate.orderUnits"":3111,""candidate.pauseProduction"":3,""candidate.placeBuilding"":12,""candidate.queueForProduction"":99,""candidate.resumeProduction"":3,""candidate.setUnitDebugText"":290,""candidate.unqueueFromProduction"":19}}",""
"109","separated_lanes_v2","24000","{""sha256"":""c7120a3da1f551bb5ed77f30618481f0771c747941056e16c61755a61c85aa1f"",""bySideAndMethod"":{""baseline.orderUnits"":895,""baseline.placeBuilding"":11,""baseline.queueForProduction"":82,""baseline.setUnitDebugText"":108,""baseline.toggleRepairWrench"":23,""baseline.unqueueFromProduction"":27,""candidate.orderUnits"":1969,""candidate.pauseProduction"":6,""candidate.placeBuilding"":13,""candidate.queueForProduction"":89,""candidate.resumeProduction"":4,""candidate.setUnitDebugText"":124,""candidate.unqueueFromProduction"":15}}","{""kind"":""unified-intent-d1-telemetry-v1"",""complete"":true,""updates"":24000,""budgetMode"":""separated_lanes_v2"",""commandCeiling"":115,""commandCeilingEnforced"":true,""rollingUpdates"":900,""referenceCommandCeiling"":115,""referenceExceededUpdates"":0,""budgetDenialUpdates"":2067,""budgetDeniedUnitIdOccurrences"":5685,""budgetDeniedDebugCalls"":29,""maxRollingCommandCalls"":115,""maxPendingUnitIds"":6,""maxForwardedChunkSize"":11,""counters"":{""gameplayNonorderCalls"":127,""productionBatches"":108,""proposedCalls"":2311,""proposedUnitIds"":3046,""forwardedOrderCalls"":1969,""forwardedUnitIds"":2604,""sameUnitConflicts"":412,""duplicateSuppressions"":10,""invalidUnitIds"":7,""invalidTargets"":13,""invalidTiles"":0,""supersededPending"":277,""expiredPending"":0,""revokedPending"":0,""deferredUnitIds"":5685,""pendingUnitIds"":5685,""debugProposals"":153,""debugCoalesced"":0,""debugForwarded"":124,""debugDropped"":29},""telemetrySha256"":""df0a1250ad468e0fbca818f5bedd0addce2ac11293cc907001aadbbba73a5d99""}"
"109","separated_lanes_unbounded_d1","24000","{""sha256"":""bc7f2f1dcb8025300388ddac31e15ef2e397e5dbe6498f96613ba65cd5da3705"",""bySideAndMethod"":{""baseline.orderUnits"":627,""baseline.placeBuilding"":11,""baseline.queueForProduction"":62,""baseline.quitGame"":301,""baseline.setUnitDebugText"":80,""baseline.toggleRepairWrench"":41,""baseline.unqueueFromProduction"":14,""candidate.orderUnits"":3103,""candidate.pauseProduction"":3,""candidate.placeBuilding"":12,""candidate.queueForProduction"":109,""candidate.resumeProduction"":3,""candidate.setUnitDebugText"":205,""candidate.unqueueFromProduction"":21}}","{""kind"":""unified-intent-d1-telemetry-v1"",""complete"":true,""updates"":24000,""budgetMode"":""separated_lanes_unbounded_d1"",""commandCeiling"":null,""commandCeilingEnforced"":false,""rollingUpdates"":900,""referenceCommandCeiling"":115,""referenceExceededUpdates"":10896,""budgetDenialUpdates"":0,""budgetDeniedUnitIdOccurrences"":0,""budgetDeniedDebugCalls"":0,""maxRollingCommandCalls"":423,""maxPendingUnitIds"":0,""maxForwardedChunkSize"":37,""counters"":{""gameplayNonorderCalls"":148,""productionBatches"":131,""proposedCalls"":3512,""proposedUnitIds"":28323,""forwardedOrderCalls"":3103,""forwardedUnitIds"":23037,""sameUnitConflicts"":439,""duplicateSuppressions"":3,""invalidUnitIds"":0,""invalidTargets"":4844,""invalidTiles"":0,""supersededPending"":0,""expiredPending"":0,""revokedPending"":0,""deferredUnitIds"":0,""pendingUnitIds"":0,""debugProposals"":205,""debugCoalesced"":0,""debugForwarded"":205,""debugDropped"":0},""telemetrySha256"":""bf506c2399e322759c335ef690ef405a3b716605f91a6261b3a7d2e993869ccf""}"
"110","disabled","24000","{""sha256"":""a2a186dd572fe3f7252d1cdc6f6cbed677ba121ddef8683bf309d97521d712e4"",""bySideAndMethod"":{""baseline.orderUnits"":792,""baseline.placeBuilding"":9,""baseline.queueForProduction"":125,""baseline.setUnitDebugText"":110,""baseline.toggleRepairWrench"":2,""baseline.unqueueFromProduction"":45,""candidate.orderUnits"":2600,""candidate.pauseProduction"":7,""candidate.placeBuilding"":14,""candidate.queueForProduction"":91,""candidate.resumeProduction"":7,""candidate.setUnitDebugText"":148,""candidate.unqueueFromProduction"":22}}",""
"110","separated_lanes_v2","24000","{""sha256"":""d4dcae714457e509e760c8f75ba6c58d37eecf9c8474c4115122c27ddb4d66d0"",""bySideAndMethod"":{""baseline.orderUnits"":797,""baseline.placeBuilding"":10,""baseline.queueForProduction"":122,""baseline.setUnitDebugText"":110,""baseline.toggleRepairWrench"":7,""baseline.unqueueFromProduction"":48,""candidate.orderUnits"":1725,""candidate.pauseProduction"":5,""candidate.placeBuilding"":14,""candidate.queueForProduction"":85,""candidate.resumeProduction"":5,""candidate.setUnitDebugText"":94,""candidate.unqueueFromProduction"":19}}","{""kind"":""unified-intent-d1-telemetry-v1"",""complete"":true,""updates"":24000,""budgetMode"":""separated_lanes_v2"",""commandCeiling"":115,""commandCeilingEnforced"":true,""rollingUpdates"":900,""referenceCommandCeiling"":115,""referenceExceededUpdates"":0,""budgetDenialUpdates"":2501,""budgetDeniedUnitIdOccurrences"":10675,""budgetDeniedDebugCalls"":46,""maxRollingCommandCalls"":115,""maxPendingUnitIds"":13,""maxForwardedChunkSize"":13,""counters"":{""gameplayNonorderCalls"":128,""productionBatches"":109,""proposedCalls"":2340,""proposedUnitIds"":5255,""forwardedOrderCalls"":1725,""forwardedUnitIds"":4049,""sameUnitConflicts"":944,""duplicateSuppressions"":243,""invalidUnitIds"":13,""invalidTargets"":6,""invalidTiles"":0,""supersededPending"":701,""expiredPending"":0,""revokedPending"":0,""deferredUnitIds"":10675,""pendingUnitIds"":10675,""debugProposals"":140,""debugCoalesced"":0,""debugForwarded"":94,""debugDropped"":46},""telemetrySha256"":""f3a31a0c5951d44ba178b7aea8435e90a4d17e1f3f80689bd8759f4188e52c31""}"
"110","separated_lanes_unbounded_d1","24000","{""sha256"":""2993cb24e037084315ec1a34739ea98246ab1867a08b9cdf05b088bda79a1d80"",""bySideAndMethod"":{""baseline.orderUnits"":792,""baseline.placeBuilding"":9,""baseline.queueForProduction"":125,""baseline.setUnitDebugText"":110,""baseline.toggleRepairWrench"":2,""baseline.unqueueFromProduction"":45,""candidate.orderUnits"":2495,""candidate.pauseProduction"":7,""candidate.placeBuilding"":14,""candidate.queueForProduction"":91,""candidate.resumeProduction"":7,""candidate.setUnitDebugText"":148,""candidate.unqueueFromProduction"":22}}","{""kind"":""unified-intent-d1-telemetry-v1"",""complete"":true,""updates"":24000,""budgetMode"":""separated_lanes_unbounded_d1"",""commandCeiling"":null,""commandCeilingEnforced"":false,""rollingUpdates"":900,""referenceCommandCeiling"":115,""referenceExceededUpdates"":6816,""budgetDenialUpdates"":0,""budgetDeniedUnitIdOccurrences"":0,""budgetDeniedDebugCalls"":0,""maxRollingCommandCalls"":211,""maxPendingUnitIds"":0,""maxForwardedChunkSize"":11,""counters"":{""gameplayNonorderCalls"":141,""productionBatches"":120,""proposedCalls"":2600,""proposedUnitIds"":4810,""forwardedOrderCalls"":2495,""forwardedUnitIds"":4717,""sameUnitConflicts"":93,""duplicateSuppressions"":0,""invalidUnitIds"":0,""invalidTargets"":0,""invalidTiles"":0,""supersededPending"":0,""expiredPending"":0,""revokedPending"":0,""deferredUnitIds"":0,""pendingUnitIds"":0,""debugProposals"":148,""debugCoalesced"":0,""debugForwarded"":148,""debugDropped"":0},""telemetrySha256"":""35e047eb6ef49057afbd3f3bfa8a60c24cafe528a8b46866f819da57405101d0""}"
"111","disabled","24000","{""sha256"":""adc73d5296b4553dc32e66af48fcc6d49785a14c8ea7bedbfd2d627f147a56c5"",""bySideAndMethod"":{""baseline.orderUnits"":801,""baseline.placeBuilding"":9,""baseline.queueForProduction"":107,""baseline.setUnitDebugText"":89,""baseline.toggleRepairWrench"":12,""baseline.unqueueFromProduction"":35,""candidate.orderUnits"":2118,""candidate.pauseProduction"":6,""candidate.placeBuilding"":16,""candidate.queueForProduction"":84,""candidate.resumeProduction"":3,""candidate.setUnitDebugText"":102,""candidate.toggleRepairWrench"":6,""candidate.unqueueFromProduction"":14}}",""
"111","separated_lanes_v2","24000","{""sha256"":""b0e9180e2a7bed77a3aaa55b19e7d628c28b77d840bf4274f431c0c0dc2bf606"",""bySideAndMethod"":{""baseline.orderUnits"":803,""baseline.placeBuilding"":9,""baseline.queueForProduction"":115,""baseline.setUnitDebugText"":104,""baseline.toggleRepairWrench"":3,""baseline.unqueueFromProduction"":39,""candidate.orderUnits"":2034,""candidate.pauseProduction"":9,""candidate.placeBuilding"":17,""candidate.queueForProduction"":81,""candidate.resumeProduction"":6,""candidate.setUnitDebugText"":79,""candidate.toggleRepairWrench"":4,""candidate.unqueueFromProduction"":13}}","{""kind"":""unified-intent-d1-telemetry-v1"",""complete"":true,""updates"":24000,""budgetMode"":""separated_lanes_v2"",""commandCeiling"":115,""commandCeilingEnforced"":true,""rollingUpdates"":900,""referenceCommandCeiling"":115,""referenceExceededUpdates"":0,""budgetDenialUpdates"":2550,""budgetDeniedUnitIdOccurrences"":7151,""budgetDeniedDebugCalls"":30,""maxRollingCommandCalls"":115,""maxPendingUnitIds"":7,""maxForwardedChunkSize"":8,""counters"":{""gameplayNonorderCalls"":130,""productionBatches"":104,""proposedCalls"":2508,""proposedUnitIds"":3962,""forwardedOrderCalls"":2034,""forwardedUnitIds"":3310,""sameUnitConflicts"":603,""duplicateSuppressions"":21,""invalidUnitIds"":14,""invalidTargets"":14,""invalidTiles"":0,""supersededPending"":401,""expiredPending"":0,""revokedPending"":0,""deferredUnitIds"":7151,""pendingUnitIds"":7151,""debugProposals"":109,""debugCoalesced"":0,""debugForwarded"":79,""debugDropped"":30},""telemetrySha256"":""29bf217d8d828d9f389a04c9c6f0c2ae27da9bdba0293c3c2cbb18765df83ab7""}"
"111","separated_lanes_unbounded_d1","24000","{""sha256"":""4cff9d689a2b046c3dcaf9e2849fb026ec99b7bc67df575e41a0e9ae124ed027"",""bySideAndMethod"":{""baseline.orderUnits"":801,""baseline.placeBuilding"":9,""baseline.queueForProduction"":107,""baseline.setUnitDebugText"":89,""baseline.toggleRepairWrench"":12,""baseline.unqueueFromProduction"":35,""candidate.orderUnits"":2043,""candidate.pauseProduction"":6,""candidate.placeBuilding"":16,""candidate.queueForProduction"":84,""candidate.resumeProduction"":3,""candidate.setUnitDebugText"":102,""candidate.toggleRepairWrench"":6,""candidate.unqueueFromProduction"":14}}","{""kind"":""unified-intent-d1-telemetry-v1"",""complete"":true,""updates"":24000,""budgetMode"":""separated_lanes_unbounded_d1"",""commandCeiling"":null,""commandCeilingEnforced"":false,""rollingUpdates"":900,""referenceCommandCeiling"":115,""referenceExceededUpdates"":5376,""budgetDenialUpdates"":0,""budgetDeniedUnitIdOccurrences"":0,""budgetDeniedDebugCalls"":0,""maxRollingCommandCalls"":225,""maxPendingUnitIds"":0,""maxForwardedChunkSize"":9,""counters"":{""gameplayNonorderCalls"":129,""productionBatches"":98,""proposedCalls"":2118,""proposedUnitIds"":4091,""forwardedOrderCalls"":2043,""forwardedUnitIds"":4091,""sameUnitConflicts"":0,""duplicateSuppressions"":0,""invalidUnitIds"":0,""invalidTargets"":0,""invalidTiles"":0,""supersededPending"":0,""expiredPending"":0,""revokedPending"":0,""deferredUnitIds"":0,""pendingUnitIds"":0,""debugProposals"":102,""debugCoalesced"":0,""debugForwarded"":102,""debugDropped"":0},""telemetrySha256"":""b21e7ffe087f4471fc71945db3490e0a331895c8a48e27d9efe1477e874959b9""}"
"112","disabled","9442","{""sha256"":""7d5dce81ab9a2449dc21430c39ac84631ba55be8a261a28f5016a67b4daeaa33"",""bySideAndMethod"":{""baseline.orderUnits"":226,""baseline.placeBuilding"":6,""baseline.queueForProduction"":46,""baseline.setUnitDebugText"":142,""baseline.toggleRepairWrench"":6,""baseline.unqueueFromProduction"":15,""candidate.orderUnits"":1077,""candidate.placeBuilding"":3,""candidate.queueForProduction"":62,""candidate.setUnitDebugText"":146,""candidate.unqueueFromProduction"":6}}",""
"112","separated_lanes_v2","18411","{""sha256"":""6518b8a17a4e78272fc7c83f59a18f942d25c33e1eea73b00fe010b9f357f970"",""bySideAndMethod"":{""baseline.orderUnits"":165,""baseline.placeBuilding"":6,""baseline.queueForProduction"":52,""baseline.quitGame"":873,""baseline.setUnitDebugText"":115,""baseline.toggleRepairWrench"":5,""baseline.unqueueFromProduction"":24,""candidate.activateSuperWeapon"":1,""candidate.orderUnits"":845,""candidate.pauseProduction"":4,""candidate.placeBuilding"":12,""candidate.queueForProduction"":69,""candidate.resumeProduction"":3,""candidate.setUnitDebugText"":123,""candidate.unqueueFromProduction"":12}}","{""kind"":""unified-intent-d1-telemetry-v1"",""complete"":true,""updates"":18411,""budgetMode"":""separated_lanes_v2"",""commandCeiling"":115,""commandCeilingEnforced"":true,""rollingUpdates"":900,""referenceCommandCeiling"":115,""referenceExceededUpdates"":0,""budgetDenialUpdates"":1846,""budgetDeniedUnitIdOccurrences"":10239,""budgetDeniedDebugCalls"":130,""maxRollingCommandCalls"":115,""maxPendingUnitIds"":16,""maxForwardedChunkSize"":40,""counters"":{""gameplayNonorderCalls"":101,""productionBatches"":86,""proposedCalls"":995,""proposedUnitIds"":3701,""forwardedOrderCalls"":845,""forwardedUnitIds"":3430,""sameUnitConflicts"":214,""duplicateSuppressions"":56,""invalidUnitIds"":1,""invalidTargets"":0,""invalidTiles"":0,""supersededPending"":149,""expiredPending"":0,""revokedPending"":0,""deferredUnitIds"":10239,""pendingUnitIds"":10239,""debugProposals"":253,""debugCoalesced"":0,""debugForwarded"":123,""debugDropped"":130},""telemetrySha256"":""98a5c9f9a244a809587cc2e39e22f79c431fbfb8a004a15249576b456ae50d65""}"
"112","separated_lanes_unbounded_d1","10163","{""sha256"":""49a4bfd1b5fb6185c77285444f64b69993d6e8ebc0364c6256ad41645d92c6f0"",""bySideAndMethod"":{""baseline.orderUnits"":227,""baseline.placeBuilding"":6,""baseline.queueForProduction"":47,""baseline.setUnitDebugText"":142,""baseline.toggleRepairWrench"":12,""baseline.unqueueFromProduction"":14,""candidate.orderUnits"":1092,""candidate.placeBuilding"":3,""candidate.queueForProduction"":64,""candidate.setUnitDebugText"":116,""candidate.unqueueFromProduction"":6}}","{""kind"":""unified-intent-d1-telemetry-v1"",""complete"":true,""updates"":10163,""budgetMode"":""separated_lanes_unbounded_d1"",""commandCeiling"":null,""commandCeilingEnforced"":false,""rollingUpdates"":900,""referenceCommandCeiling"":115,""referenceExceededUpdates"":5004,""budgetDenialUpdates"":0,""budgetDeniedUnitIdOccurrences"":0,""budgetDeniedDebugCalls"":0,""maxRollingCommandCalls"":169,""maxPendingUnitIds"":0,""maxForwardedChunkSize"":7,""counters"":{""gameplayNonorderCalls"":73,""productionBatches"":68,""proposedCalls"":1102,""proposedUnitIds"":1819,""forwardedOrderCalls"":1092,""forwardedUnitIds"":1803,""sameUnitConflicts"":0,""duplicateSuppressions"":16,""invalidUnitIds"":0,""invalidTargets"":0,""invalidTiles"":0,""supersededPending"":0,""expiredPending"":0,""revokedPending"":0,""deferredUnitIds"":0,""pendingUnitIds"":0,""debugProposals"":116,""debugCoalesced"":0,""debugForwarded"":116,""debugDropped"":0},""telemetrySha256"":""8a92e304adc94c4303b40540e8a7cf152433697b0a7b24e826ca356a16cc8049""}"
"113","disabled","9274","{""sha256"":""152dfde0a7bb338da69a25b2dadf0769eac0f59949ad9bfad509fb776c7daefd"",""bySideAndMethod"":{""baseline.orderUnits"":259,""baseline.placeBuilding"":5,""baseline.queueForProduction"":44,""baseline.setUnitDebugText"":346,""baseline.unqueueFromProduction"":13,""candidate.orderUnits"":903,""candidate.placeBuilding"":3,""candidate.queueForProduction"":62,""candidate.setUnitDebugText"":64,""candidate.unqueueFromProduction"":6}}",""
"113","separated_lanes_v2","16698","{""sha256"":""08df90c635f88492df4413147ff7fb8749e15c3edf9785519364b6ff9cf069f9"",""bySideAndMethod"":{""baseline.orderUnits"":664,""baseline.placeBuilding"":5,""baseline.queueForProduction"":60,""baseline.setUnitDebugText"":159,""baseline.toggleRepairWrench"":14,""baseline.unqueueFromProduction"":18,""candidate.activateSuperWeapon"":1,""candidate.orderUnits"":1098,""candidate.pauseProduction"":9,""candidate.placeBuilding"":10,""candidate.queueForProduction"":85,""candidate.resumeProduction"":9,""candidate.setUnitDebugText"":152,""candidate.unqueueFromProduction"":12}}","{""kind"":""unified-intent-d1-telemetry-v1"",""complete"":true,""updates"":16698,""budgetMode"":""separated_lanes_v2"",""commandCeiling"":115,""commandCeilingEnforced"":true,""rollingUpdates"":900,""referenceCommandCeiling"":115,""referenceExceededUpdates"":0,""budgetDenialUpdates"":1667,""budgetDeniedUnitIdOccurrences"":9148,""budgetDeniedDebugCalls"":51,""maxRollingCommandCalls"":115,""maxPendingUnitIds"":17,""maxForwardedChunkSize"":12,""counters"":{""gameplayNonorderCalls"":126,""productionBatches"":110,""proposedCalls"":1230,""proposedUnitIds"":2378,""forwardedOrderCalls"":1098,""forwardedUnitIds"":2151,""sameUnitConflicts"":154,""duplicateSuppressions"":53,""invalidUnitIds"":6,""invalidTargets"":14,""invalidTiles"":0,""supersededPending"":156,""expiredPending"":0,""revokedPending"":0,""deferredUnitIds"":9148,""pendingUnitIds"":9148,""debugProposals"":203,""debugCoalesced"":0,""debugForwarded"":152,""debugDropped"":51},""telemetrySha256"":""f79f6dd3f09ef2fbc4fa0b475f8ed87f9fc070c86d11b9dc92dab20ad8f01b90""}"
"113","separated_lanes_unbounded_d1","9856","{""sha256"":""189d99da3e3659eebc9ff96747e2811826c97f6947f4457309d1030bb99cd230"",""bySideAndMethod"":{""baseline.orderUnits"":246,""baseline.placeBuilding"":5,""baseline.queueForProduction"":45,""baseline.quitGame"":5,""baseline.setUnitDebugText"":350,""baseline.toggleRepairWrench"":3,""baseline.unqueueFromProduction"":14,""candidate.orderUnits"":926,""candidate.placeBuilding"":3,""candidate.queueForProduction"":64,""candidate.setUnitDebugText"":126,""candidate.unqueueFromProduction"":6}}","{""kind"":""unified-intent-d1-telemetry-v1"",""complete"":true,""updates"":9856,""budgetMode"":""separated_lanes_unbounded_d1"",""commandCeiling"":null,""commandCeilingEnforced"":false,""rollingUpdates"":900,""referenceCommandCeiling"":115,""referenceExceededUpdates"":3533,""budgetDenialUpdates"":0,""budgetDeniedUnitIdOccurrences"":0,""budgetDeniedDebugCalls"":0,""maxRollingCommandCalls"":155,""maxPendingUnitIds"":0,""maxForwardedChunkSize"":14,""counters"":{""gameplayNonorderCalls"":73,""productionBatches"":68,""proposedCalls"":934,""proposedUnitIds"":1467,""forwardedOrderCalls"":926,""forwardedUnitIds"":1454,""sameUnitConflicts"":0,""duplicateSuppressions"":13,""invalidUnitIds"":0,""invalidTargets"":0,""invalidTiles"":0,""supersededPending"":0,""expiredPending"":0,""revokedPending"":0,""deferredUnitIds"":0,""pendingUnitIds"":0,""debugProposals"":126,""debugCoalesced"":0,""debugForwarded"":126,""debugDropped"":0},""telemetrySha256"":""805b4e77c9fd5bf54766633f1456fcd7a0fc1a68ecb5f1aee5614a0606c4a5bf""}"
"114","disabled","24000","{""sha256"":""7d621ea4655f12d6dad502cc7f7d5d6a38ae2438f4fd4739c593fb136949a050"",""bySideAndMethod"":{""baseline.orderUnits"":917,""baseline.placeBuilding"":9,""baseline.queueForProduction"":82,""baseline.setUnitDebugText"":106,""baseline.unqueueFromProduction"":28,""candidate.orderUnits"":1703,""candidate.pauseProduction"":7,""candidate.placeBuilding"":8,""candidate.queueForProduction"":108,""candidate.resumeProduction"":3,""candidate.setUnitDebugText"":271,""candidate.toggleRepairWrench"":17,""candidate.unqueueFromProduction"":16}}",""
"114","separated_lanes_v2","24000","{""sha256"":""1f192fa9ea9c9c1e3fc8fddcdcbd74b0d08775bcf8cf5b50aaccce2adbb7fed3"",""bySideAndMethod"":{""baseline.orderUnits"":751,""baseline.placeBuilding"":12,""baseline.queueForProduction"":77,""baseline.setUnitDebugText"":68,""baseline.toggleRepairWrench"":10,""baseline.unqueueFromProduction"":17,""candidate.orderUnits"":2562,""candidate.pauseProduction"":8,""candidate.placeBuilding"":13,""candidate.queueForProduction"":182,""candidate.resumeProduction"":8,""candidate.setUnitDebugText"":124,""candidate.unqueueFromProduction"":20}}","{""kind"":""unified-intent-d1-telemetry-v1"",""complete"":true,""updates"":24000,""budgetMode"":""separated_lanes_v2"",""commandCeiling"":115,""commandCeilingEnforced"":true,""rollingUpdates"":900,""referenceCommandCeiling"":115,""referenceExceededUpdates"":0,""budgetDenialUpdates"":8590,""budgetDeniedUnitIdOccurrences"":57105,""budgetDeniedDebugCalls"":418,""maxRollingCommandCalls"":115,""maxPendingUnitIds"":35,""maxForwardedChunkSize"":16,""counters"":{""gameplayNonorderCalls"":231,""productionBatches"":215,""proposedCalls"":5041,""proposedUnitIds"":18454,""forwardedOrderCalls"":2562,""forwardedUnitIds"":6208,""sameUnitConflicts"":1271,""duplicateSuppressions"":220,""invalidUnitIds"":8,""invalidTargets"":18,""invalidTiles"":0,""supersededPending"":1282,""expiredPending"":9,""revokedPending"":10713,""deferredUnitIds"":57105,""pendingUnitIds"":57105,""debugProposals"":542,""debugCoalesced"":0,""debugForwarded"":124,""debugDropped"":418},""telemetrySha256"":""ffae76cebf231fa1addacd9090d876d1a6b6bb10249b9b2937cc5ea7b9a1420d""}"
"114","separated_lanes_unbounded_d1","24000","{""sha256"":""2e999ac3110d12a53b2324c525d8548757b15f5b5ee592bb165569c4ec4ca18b"",""bySideAndMethod"":{""baseline.orderUnits"":917,""baseline.placeBuilding"":9,""baseline.queueForProduction"":82,""baseline.setUnitDebugText"":106,""baseline.unqueueFromProduction"":28,""candidate.orderUnits"":1675,""candidate.pauseProduction"":7,""candidate.placeBuilding"":8,""candidate.queueForProduction"":108,""candidate.resumeProduction"":3,""candidate.setUnitDebugText"":271,""candidate.toggleRepairWrench"":17,""candidate.unqueueFromProduction"":16}}","{""kind"":""unified-intent-d1-telemetry-v1"",""complete"":true,""updates"":24000,""budgetMode"":""separated_lanes_unbounded_d1"",""commandCeiling"":null,""commandCeilingEnforced"":false,""rollingUpdates"":900,""referenceCommandCeiling"":115,""referenceExceededUpdates"":5664,""budgetDenialUpdates"":0,""budgetDeniedUnitIdOccurrences"":0,""budgetDeniedDebugCalls"":0,""maxRollingCommandCalls"":237,""maxPendingUnitIds"":0,""maxForwardedChunkSize"":13,""counters"":{""gameplayNonorderCalls"":159,""productionBatches"":126,""proposedCalls"":1703,""proposedUnitIds"":2225,""forwardedOrderCalls"":1675,""forwardedUnitIds"":2225,""sameUnitConflicts"":0,""duplicateSuppressions"":0,""invalidUnitIds"":0,""invalidTargets"":0,""invalidTiles"":0,""supersededPending"":0,""expiredPending"":0,""revokedPending"":0,""deferredUnitIds"":0,""pendingUnitIds"":0,""debugProposals"":271,""debugCoalesced"":0,""debugForwarded"":271,""debugDropped"":0},""telemetrySha256"":""345e0d8329a45d85f82737a4adea88138186baf16c61cc88ec3393b0be989c37""}"
"115","disabled","24000","{""sha256"":""4fc6d25aabdcf71a3130b86f1162597bee5d5580ce9f7c8ab04e9e75f08ab1b9"",""bySideAndMethod"":{""baseline.orderUnits"":952,""baseline.placeBuilding"":7,""baseline.queueForProduction"":116,""baseline.setUnitDebugText"":108,""baseline.unqueueFromProduction"":28,""candidate.orderUnits"":2900,""candidate.pauseProduction"":83,""candidate.placeBuilding"":17,""candidate.queueForProduction"":191,""candidate.resumeProduction"":81,""candidate.setUnitDebugText"":512,""candidate.toggleRepairWrench"":20,""candidate.unqueueFromProduction"":48}}",""
"115","separated_lanes_v2","9045","{""sha256"":""e86d1656c4695495a24cdaeffe02416891d9969a3f7169eca2615c0b397f2609"",""bySideAndMethod"":{""baseline.orderUnits"":417,""baseline.placeBuilding"":6,""baseline.queueForProduction"":59,""baseline.setUnitDebugText"":54,""baseline.unqueueFromProduction"":5,""candidate.orderUnits"":889,""candidate.placeBuilding"":3,""candidate.queueForProduction"":88,""candidate.setUnitDebugText"":31,""candidate.toggleRepairWrench"":5,""candidate.unqueueFromProduction"":18}}","{""kind"":""unified-intent-d1-telemetry-v1"",""complete"":true,""updates"":9045,""budgetMode"":""separated_lanes_v2"",""commandCeiling"":115,""commandCeilingEnforced"":true,""rollingUpdates"":900,""referenceCommandCeiling"":115,""referenceExceededUpdates"":0,""budgetDenialUpdates"":3960,""budgetDeniedUnitIdOccurrences"":18059,""budgetDeniedDebugCalls"":195,""maxRollingCommandCalls"":115,""maxPendingUnitIds"":17,""maxForwardedChunkSize"":13,""counters"":{""gameplayNonorderCalls"":114,""productionBatches"":105,""proposedCalls"":1218,""proposedUnitIds"":1730,""forwardedOrderCalls"":889,""forwardedUnitIds"":1261,""sameUnitConflicts"":351,""duplicateSuppressions"":93,""invalidUnitIds"":9,""invalidTargets"":16,""invalidTiles"":0,""supersededPending"":352,""expiredPending"":0,""revokedPending"":0,""deferredUnitIds"":18059,""pendingUnitIds"":18059,""debugProposals"":226,""debugCoalesced"":0,""debugForwarded"":31,""debugDropped"":195},""telemetrySha256"":""3d47e27bee081c6458896e7297e7f392cdc707eb735e7eabeb88ef0de40d8f0d""}"
"115","separated_lanes_unbounded_d1","24000","{""sha256"":""b28f84e69b4c0bc6cf9e807198ce7add34e23b622dd40d6358d2b01b94f90c64"",""bySideAndMethod"":{""baseline.orderUnits"":952,""baseline.placeBuilding"":7,""baseline.queueForProduction"":116,""baseline.setUnitDebugText"":108,""baseline.unqueueFromProduction"":28,""candidate.orderUnits"":2644,""candidate.pauseProduction"":83,""candidate.placeBuilding"":17,""candidate.queueForProduction"":191,""candidate.resumeProduction"":81,""candidate.setUnitDebugText"":512,""candidate.toggleRepairWrench"":20,""candidate.unqueueFromProduction"":48}}","{""kind"":""unified-intent-d1-telemetry-v1"",""complete"":true,""updates"":24000,""budgetMode"":""separated_lanes_unbounded_d1"",""commandCeiling"":null,""commandCeilingEnforced"":false,""rollingUpdates"":900,""referenceCommandCeiling"":115,""referenceExceededUpdates"":9828,""budgetDenialUpdates"":0,""budgetDeniedUnitIdOccurrences"":0,""budgetDeniedDebugCalls"":0,""maxRollingCommandCalls"":240,""maxPendingUnitIds"":0,""maxForwardedChunkSize"":15,""counters"":{""gameplayNonorderCalls"":440,""productionBatches"":314,""proposedCalls"":2900,""proposedUnitIds"":4481,""forwardedOrderCalls"":2644,""forwardedUnitIds"":4478,""sameUnitConflicts"":0,""duplicateSuppressions"":3,""invalidUnitIds"":0,""invalidTargets"":0,""invalidTiles"":0,""supersededPending"":0,""expiredPending"":0,""revokedPending"":0,""deferredUnitIds"":0,""pendingUnitIds"":0,""debugProposals"":512,""debugCoalesced"":0,""debugForwarded"":512,""debugDropped"":0},""telemetrySha256"":""a293fcd0c069d5d0ab0fe317cadc6e016c3b7db66c40ca4f68e3b399dbb148b5""}"
"116","disabled","13450","{""sha256"":""3b93fa6d40c1e98ba142e3e88be4fb3461f8a47738ea781b2dd50671a4876e80"",""bySideAndMethod"":{""baseline.orderUnits"":547,""baseline.placeBuilding"":4,""baseline.queueForProduction"":82,""baseline.setUnitDebugText"":219,""baseline.toggleRepairWrench"":7,""baseline.unqueueFromProduction"":34,""candidate.orderUnits"":1719,""candidate.placeBuilding"":3,""candidate.queueForProduction"":77,""candidate.setUnitDebugText"":101,""candidate.unqueueFromProduction"":6}}",""
"116","separated_lanes_v2","13090","{""sha256"":""6becdff59406e7512bb6db7252a8f514f6932ff2341be660eb788dbe4433dc32"",""bySideAndMethod"":{""baseline.orderUnits"":843,""baseline.placeBuilding"":4,""baseline.queueForProduction"":56,""baseline.setUnitDebugText"":277,""baseline.unqueueFromProduction"":9,""candidate.orderUnits"":707,""candidate.pauseProduction"":3,""candidate.placeBuilding"":5,""candidate.queueForProduction"":55,""candidate.resumeProduction"":1,""candidate.setUnitDebugText"":48,""candidate.toggleRepairWrench"":1,""candidate.unqueueFromProduction"":6}}","{""kind"":""unified-intent-d1-telemetry-v1"",""complete"":true,""updates"":13090,""budgetMode"":""separated_lanes_v2"",""commandCeiling"":115,""commandCeilingEnforced"":true,""rollingUpdates"":900,""referenceCommandCeiling"":115,""referenceExceededUpdates"":0,""budgetDenialUpdates"":1977,""budgetDeniedUnitIdOccurrences"":9001,""budgetDeniedDebugCalls"":60,""maxRollingCommandCalls"":115,""maxPendingUnitIds"":18,""maxForwardedChunkSize"":12,""counters"":{""gameplayNonorderCalls"":71,""productionBatches"":60,""proposedCalls"":859,""proposedUnitIds"":1296,""forwardedOrderCalls"":707,""forwardedUnitIds"":1022,""sameUnitConflicts"":218,""duplicateSuppressions"":39,""invalidUnitIds"":7,""invalidTargets"":10,""invalidTiles"":0,""supersededPending"":219,""expiredPending"":0,""revokedPending"":0,""deferredUnitIds"":9001,""pendingUnitIds"":9001,""debugProposals"":108,""debugCoalesced"":0,""debugForwarded"":48,""debugDropped"":60},""telemetrySha256"":""b3979e0ed50b9116676df56a37ee785c5caab3f5d6c070a81d0db03242304835""}"
"116","separated_lanes_unbounded_d1","17560","{""sha256"":""c385f84692aa02f0b6df3efafed79229e5f32b29155a413c9611e949b383f235"",""bySideAndMethod"":{""baseline.orderUnits"":746,""baseline.placeBuilding"":4,""baseline.queueForProduction"":86,""baseline.setUnitDebugText"":231,""baseline.toggleRepairWrench"":5,""baseline.unqueueFromProduction"":35,""candidate.orderUnits"":2167,""candidate.placeBuilding"":3,""candidate.queueForProduction"":89,""candidate.setUnitDebugText"":129,""candidate.unqueueFromProduction"":6}}","{""kind"":""unified-intent-d1-telemetry-v1"",""complete"":true,""updates"":17560,""budgetMode"":""separated_lanes_unbounded_d1"",""commandCeiling"":null,""commandCeilingEnforced"":false,""rollingUpdates"":900,""referenceCommandCeiling"":115,""referenceExceededUpdates"":9425,""budgetDenialUpdates"":0,""budgetDeniedUnitIdOccurrences"":0,""budgetDeniedDebugCalls"":0,""maxRollingCommandCalls"":179,""maxPendingUnitIds"":0,""maxForwardedChunkSize"":19,""counters"":{""gameplayNonorderCalls"":98,""productionBatches"":94,""proposedCalls"":2168,""proposedUnitIds"":3435,""forwardedOrderCalls"":2167,""forwardedUnitIds"":3417,""sameUnitConflicts"":0,""duplicateSuppressions"":18,""invalidUnitIds"":0,""invalidTargets"":0,""invalidTiles"":0,""supersededPending"":0,""expiredPending"":0,""revokedPending"":0,""deferredUnitIds"":0,""pendingUnitIds"":0,""debugProposals"":129,""debugCoalesced"":0,""debugForwarded"":129,""debugDropped"":0},""telemetrySha256"":""ec060c538547d37bb10661a2ee765e8296bf86bb08ae0513993207fbbaca708e""}"
"117","disabled","10792","{""sha256"":""b88d06ea082f1bafe25466ecc1124a828bdb884b90e2a0455d2f071e480ecfc1"",""bySideAndMethod"":{""baseline.orderUnits"":459,""baseline.placeBuilding"":4,""baseline.queueForProduction"":53,""baseline.setUnitDebugText"":165,""baseline.toggleRepairWrench"":2,""baseline.unqueueFromProduction"":14,""candidate.orderUnits"":1680,""candidate.placeBuilding"":3,""candidate.queueForProduction"":67,""candidate.setUnitDebugText"":175,""candidate.unqueueFromProduction"":6}}",""
"117","separated_lanes_v2","24000","{""sha256"":""3e6de494ebda6dfeb505b02674c67a00000244dbfb684665dc32b7ac007ae793"",""bySideAndMethod"":{""baseline.orderUnits"":1685,""baseline.placeBuilding"":4,""baseline.queueForProduction"":100,""baseline.setUnitDebugText"":225,""baseline.toggleRepairWrench"":8,""baseline.unqueueFromProduction"":17,""candidate.activateSuperWeapon"":1,""candidate.orderUnits"":1142,""candidate.pauseProduction"":14,""candidate.placeBuilding"":13,""candidate.queueForProduction"":119,""candidate.resumeProduction"":14,""candidate.setUnitDebugText"":282,""candidate.toggleRepairWrench"":37,""candidate.unqueueFromProduction"":17}}","{""kind"":""unified-intent-d1-telemetry-v1"",""complete"":true,""updates"":24000,""budgetMode"":""separated_lanes_v2"",""commandCeiling"":115,""commandCeilingEnforced"":true,""rollingUpdates"":900,""referenceCommandCeiling"":115,""referenceExceededUpdates"":0,""budgetDenialUpdates"":1782,""budgetDeniedUnitIdOccurrences"":5578,""budgetDeniedDebugCalls"":65,""maxRollingCommandCalls"":115,""maxPendingUnitIds"":11,""maxForwardedChunkSize"":14,""counters"":{""gameplayNonorderCalls"":215,""productionBatches"":157,""proposedCalls"":1271,""proposedUnitIds"":2992,""forwardedOrderCalls"":1142,""forwardedUnitIds"":2809,""sameUnitConflicts"":121,""duplicateSuppressions"":60,""invalidUnitIds"":2,""invalidTargets"":0,""invalidTiles"":0,""supersededPending"":121,""expiredPending"":0,""revokedPending"":0,""deferredUnitIds"":5578,""pendingUnitIds"":5578,""debugProposals"":347,""debugCoalesced"":0,""debugForwarded"":282,""debugDropped"":65},""telemetrySha256"":""480d158169cb81b0e2ff1d851e7a928f1432184ba54561fb64f70332363e2c2a""}"
"117","separated_lanes_unbounded_d1","9880","{""sha256"":""28263385faea67b986fd72279e272d5789afc682612e98b446e0509fd0ea2aaf"",""bySideAndMethod"":{""baseline.orderUnits"":462,""baseline.placeBuilding"":4,""baseline.queueForProduction"":53,""baseline.setUnitDebugText"":149,""baseline.toggleRepairWrench"":4,""baseline.unqueueFromProduction"":15,""candidate.orderUnits"":1292,""candidate.placeBuilding"":3,""candidate.queueForProduction"":64,""candidate.setUnitDebugText"":136,""candidate.unqueueFromProduction"":6}}","{""kind"":""unified-intent-d1-telemetry-v1"",""complete"":true,""updates"":9880,""budgetMode"":""separated_lanes_unbounded_d1"",""commandCeiling"":null,""commandCeilingEnforced"":false,""rollingUpdates"":900,""referenceCommandCeiling"":115,""referenceExceededUpdates"":7392,""budgetDenialUpdates"":0,""budgetDeniedUnitIdOccurrences"":0,""budgetDeniedDebugCalls"":0,""maxRollingCommandCalls"":230,""maxPendingUnitIds"":0,""maxForwardedChunkSize"":11,""counters"":{""gameplayNonorderCalls"":73,""productionBatches"":68,""proposedCalls"":1296,""proposedUnitIds"":2472,""forwardedOrderCalls"":1292,""forwardedUnitIds"":2464,""sameUnitConflicts"":0,""duplicateSuppressions"":8,""invalidUnitIds"":0,""invalidTargets"":0,""invalidTiles"":0,""supersededPending"":0,""expiredPending"":0,""revokedPending"":0,""deferredUnitIds"":0,""pendingUnitIds"":0,""debugProposals"":136,""debugCoalesced"":0,""debugForwarded"":136,""debugDropped"":0},""telemetrySha256"":""f976a2b93c70840ecdf0e31cf41e68f7c9b9290977b31baaf2eb317dcab1e965""}"
"118","disabled","9449","{""sha256"":""479b4e6353929b7922e91ea0c8b699387f3366a731522fe8b62dd58f66bc3ff3"",""bySideAndMethod"":{""baseline.orderUnits"":394,""baseline.placeBuilding"":5,""baseline.queueForProduction"":55,""baseline.setUnitDebugText"":61,""baseline.toggleRepairWrench"":8,""baseline.unqueueFromProduction"":9,""candidate.orderUnits"":1291,""candidate.placeBuilding"":3,""candidate.queueForProduction"":110,""candidate.setUnitDebugText"":349,""candidate.unqueueFromProduction"":4}}",""
"118","separated_lanes_v2","9507","{""sha256"":""012f4ad5545d980918318d94e87724751548f1af8b5b202484f43dbefd806e49"",""bySideAndMethod"":{""baseline.orderUnits"":449,""baseline.placeBuilding"":5,""baseline.queueForProduction"":83,""baseline.setUnitDebugText"":72,""baseline.toggleRepairWrench"":3,""baseline.unqueueFromProduction"":17,""candidate.orderUnits"":970,""candidate.placeBuilding"":3,""candidate.queueForProduction"":110,""candidate.setUnitDebugText"":89,""candidate.unqueueFromProduction"":4}}","{""kind"":""unified-intent-d1-telemetry-v1"",""complete"":true,""updates"":9507,""budgetMode"":""separated_lanes_v2"",""commandCeiling"":115,""commandCeilingEnforced"":true,""rollingUpdates"":900,""referenceCommandCeiling"":115,""referenceExceededUpdates"":0,""budgetDenialUpdates"":4688,""budgetDeniedUnitIdOccurrences"":46860,""budgetDeniedDebugCalls"":362,""maxRollingCommandCalls"":115,""maxPendingUnitIds"":37,""maxForwardedChunkSize"":36,""counters"":{""gameplayNonorderCalls"":117,""productionBatches"":113,""proposedCalls"":1351,""proposedUnitIds"":3971,""forwardedOrderCalls"":970,""forwardedUnitIds"":3070,""sameUnitConflicts"":602,""duplicateSuppressions"":75,""invalidUnitIds"":9,""invalidTargets"":204,""invalidTiles"":0,""supersededPending"":602,""expiredPending"":11,""revokedPending"":0,""deferredUnitIds"":46860,""pendingUnitIds"":46860,""debugProposals"":451,""debugCoalesced"":0,""debugForwarded"":89,""debugDropped"":362},""telemetrySha256"":""314c442380e70b5afe821d4775dfdcff7c6c5ffd96d64131d621852acb885510""}"
"118","separated_lanes_unbounded_d1","9449","{""sha256"":""21a74ec155afbb1d90dc53c987a721e0569b6d9749a09890b2c1e19f537f8f64"",""bySideAndMethod"":{""baseline.orderUnits"":394,""baseline.placeBuilding"":5,""baseline.queueForProduction"":55,""baseline.setUnitDebugText"":61,""baseline.toggleRepairWrench"":8,""baseline.unqueueFromProduction"":9,""candidate.orderUnits"":1291,""candidate.placeBuilding"":3,""candidate.queueForProduction"":110,""candidate.setUnitDebugText"":349,""candidate.unqueueFromProduction"":4}}","{""kind"":""unified-intent-d1-telemetry-v1"",""complete"":true,""updates"":9449,""budgetMode"":""separated_lanes_unbounded_d1"",""commandCeiling"":null,""commandCeilingEnforced"":false,""rollingUpdates"":900,""referenceCommandCeiling"":115,""referenceExceededUpdates"":6588,""budgetDenialUpdates"":0,""budgetDeniedUnitIdOccurrences"":0,""budgetDeniedDebugCalls"":0,""maxRollingCommandCalls"":272,""maxPendingUnitIds"":0,""maxForwardedChunkSize"":33,""counters"":{""gameplayNonorderCalls"":117,""productionBatches"":113,""proposedCalls"":1291,""proposedUnitIds"":3182,""forwardedOrderCalls"":1291,""forwardedUnitIds"":3182,""sameUnitConflicts"":0,""duplicateSuppressions"":0,""invalidUnitIds"":0,""invalidTargets"":0,""invalidTiles"":0,""supersededPending"":0,""expiredPending"":0,""revokedPending"":0,""deferredUnitIds"":0,""pendingUnitIds"":0,""debugProposals"":349,""debugCoalesced"":0,""debugForwarded"":349,""debugDropped"":0},""telemetrySha256"":""0131ff74becd09786a6fdbd0fdeb7421d5175f68bedbe67a6a0a1eb9141e9f54""}"
"119","disabled","9797","{""sha256"":""e8b506205c200f7a8e503fd93ce92302f4af81578bf3cbadaaa287567fbf8614"",""bySideAndMethod"":{""baseline.orderUnits"":458,""baseline.placeBuilding"":5,""baseline.queueForProduction"":59,""baseline.setUnitDebugText"":87,""baseline.toggleRepairWrench"":5,""baseline.unqueueFromProduction"":9,""candidate.orderUnits"":1264,""candidate.placeBuilding"":3,""candidate.queueForProduction"":115,""candidate.setUnitDebugText"":388,""candidate.unqueueFromProduction"":4}}",""
"119","separated_lanes_v2","10472","{""sha256"":""98d93e5738a0fd15cbd9530691752a0c49e79fc022c48124eb9ff335277cb62c"",""bySideAndMethod"":{""baseline.orderUnits"":511,""baseline.placeBuilding"":5,""baseline.queueForProduction"":88,""baseline.setUnitDebugText"":159,""baseline.toggleRepairWrench"":1,""baseline.unqueueFromProduction"":11,""candidate.orderUnits"":1071,""candidate.placeBuilding"":3,""candidate.queueForProduction"":118,""candidate.setUnitDebugText"":111,""candidate.unqueueFromProduction"":4}}","{""kind"":""unified-intent-d1-telemetry-v1"",""complete"":true,""updates"":10472,""budgetMode"":""separated_lanes_v2"",""commandCeiling"":115,""commandCeilingEnforced"":true,""rollingUpdates"":900,""referenceCommandCeiling"":115,""referenceExceededUpdates"":0,""budgetDenialUpdates"":4334,""budgetDeniedUnitIdOccurrences"":29673,""budgetDeniedDebugCalls"":358,""maxRollingCommandCalls"":115,""maxPendingUnitIds"":40,""maxForwardedChunkSize"":46,""counters"":{""gameplayNonorderCalls"":125,""productionBatches"":121,""proposedCalls"":1419,""proposedUnitIds"":4986,""forwardedOrderCalls"":1071,""forwardedUnitIds"":4292,""sameUnitConflicts"":557,""duplicateSuppressions"":78,""invalidUnitIds"":8,""invalidTargets"":39,""invalidTiles"":0,""supersededPending"":557,""expiredPending"":11,""revokedPending"":0,""deferredUnitIds"":29673,""pendingUnitIds"":29673,""debugProposals"":469,""debugCoalesced"":0,""debugForwarded"":111,""debugDropped"":358},""telemetrySha256"":""683ed870c15cde21ce3bd85aab27516d4be348790584aa456ac4b17d112d7ff3""}"
"119","separated_lanes_unbounded_d1","9797","{""sha256"":""76fb820d89ad73a5b411bb8f6804a2ae6e9f4f2e544a13e25890565ea11749b4"",""bySideAndMethod"":{""baseline.orderUnits"":458,""baseline.placeBuilding"":5,""baseline.queueForProduction"":59,""baseline.setUnitDebugText"":87,""baseline.toggleRepairWrench"":5,""baseline.unqueueFromProduction"":9,""candidate.orderUnits"":1264,""candidate.placeBuilding"":3,""candidate.queueForProduction"":115,""candidate.setUnitDebugText"":388,""candidate.unqueueFromProduction"":4}}","{""kind"":""unified-intent-d1-telemetry-v1"",""complete"":true,""updates"":9797,""budgetMode"":""separated_lanes_unbounded_d1"",""commandCeiling"":null,""commandCeilingEnforced"":false,""rollingUpdates"":900,""referenceCommandCeiling"":115,""referenceExceededUpdates"":6888,""budgetDenialUpdates"":0,""budgetDeniedUnitIdOccurrences"":0,""budgetDeniedDebugCalls"":0,""maxRollingCommandCalls"":263,""maxPendingUnitIds"":0,""maxForwardedChunkSize"":34,""counters"":{""gameplayNonorderCalls"":122,""productionBatches"":118,""proposedCalls"":1264,""proposedUnitIds"":3593,""forwardedOrderCalls"":1264,""forwardedUnitIds"":3593,""sameUnitConflicts"":0,""duplicateSuppressions"":0,""invalidUnitIds"":0,""invalidTargets"":0,""invalidTiles"":0,""supersededPending"":0,""expiredPending"":0,""revokedPending"":0,""deferredUnitIds"":0,""pendingUnitIds"":0,""debugProposals"":388,""debugCoalesced"":0,""debugForwarded"":388,""debugDropped"":0},""telemetrySha256"":""e9d20727265da09043621dcedfe0b418fc7c716522a4cb2c1679a98855ba740f""}"
"120","disabled","18293","{""sha256"":""2d2aff09416734caf88789678a9866124d4577a36bf64e6eaca3855f02c32dc8"",""bySideAndMethod"":{""baseline.activateSuperWeapon"":2,""baseline.orderUnits"":230,""baseline.pauseProduction"":9,""baseline.placeBuilding"":14,""baseline.queueForProduction"":37,""baseline.resumeProduction"":9,""baseline.sellObject"":1,""baseline.setUnitDebugText"":151,""baseline.toggleRepairWrench"":1,""baseline.unqueueFromProduction"":5,""candidate.orderUnits"":4125,""candidate.pauseProduction"":1,""candidate.placeBuilding"":5,""candidate.queueForProduction"":52,""candidate.quitGame"":35,""candidate.resumeProduction"":1,""candidate.sellObject"":10,""candidate.setUnitDebugText"":56,""candidate.toggleRepairWrench"":5,""candidate.unqueueFromProduction"":7}}",""
"120","separated_lanes_v2","21856","{""sha256"":""365f296d8c1e0ccf2ca7e637e44c3b36ddddf057003e1593365dcea22402a36e"",""bySideAndMethod"":{""baseline.activateSuperWeapon"":4,""baseline.orderUnits"":384,""baseline.pauseProduction"":9,""baseline.placeBuilding"":16,""baseline.queueForProduction"":64,""baseline.resumeProduction"":9,""baseline.setUnitDebugText"":334,""baseline.toggleRepairWrench"":9,""baseline.unqueueFromProduction"":8,""candidate.orderUnits"":2410,""candidate.pauseProduction"":2,""candidate.placeBuilding"":5,""candidate.queueForProduction"":71,""candidate.quitGame"":52,""candidate.resumeProduction"":2,""candidate.sellObject"":9,""candidate.setUnitDebugText"":14,""candidate.toggleRepairWrench"":14,""candidate.unqueueFromProduction"":16}}","{""kind"":""unified-intent-d1-telemetry-v1"",""complete"":true,""updates"":21856,""budgetMode"":""separated_lanes_v2"",""commandCeiling"":115,""commandCeilingEnforced"":true,""rollingUpdates"":900,""referenceCommandCeiling"":115,""referenceExceededUpdates"":0,""budgetDenialUpdates"":11889,""budgetDeniedUnitIdOccurrences"":178633,""budgetDeniedDebugCalls"":85,""maxRollingCommandCalls"":115,""maxPendingUnitIds"":30,""maxForwardedChunkSize"":30,""counters"":{""gameplayNonorderCalls"":171,""productionBatches"":88,""proposedCalls"":6838,""proposedUnitIds"":96193,""forwardedOrderCalls"":2410,""forwardedUnitIds"":36084,""sameUnitConflicts"":58215,""duplicateSuppressions"":1386,""invalidUnitIds"":49,""invalidTargets"":459,""invalidTiles"":0,""supersededPending"":57842,""expiredPending"":0,""revokedPending"":0,""deferredUnitIds"":178633,""pendingUnitIds"":178633,""debugProposals"":99,""debugCoalesced"":0,""debugForwarded"":14,""debugDropped"":85},""telemetrySha256"":""48b1d1d6e1650755fe9464911e3d6b0a0b156ad9fae142322dc01f4a4cc6e96a""}"
"120","separated_lanes_unbounded_d1","21850","{""sha256"":""964043a43ffa9084428930e71d49a2e6c35d481a50aabc4d1a2c6e4dc82dcf42"",""bySideAndMethod"":{""baseline.activateSuperWeapon"":3,""baseline.orderUnits"":286,""baseline.pauseProduction"":10,""baseline.placeBuilding"":16,""baseline.queueForProduction"":44,""baseline.resumeProduction"":10,""baseline.sellObject"":1,""baseline.setUnitDebugText"":233,""baseline.toggleRepairWrench"":1,""baseline.unqueueFromProduction"":8,""candidate.orderUnits"":4346,""candidate.pauseProduction"":1,""candidate.placeBuilding"":5,""candidate.queueForProduction"":54,""candidate.quitGame"":41,""candidate.resumeProduction"":1,""candidate.sellObject"":10,""candidate.setUnitDebugText"":65,""candidate.toggleRepairWrench"":8,""candidate.unqueueFromProduction"":5}}","{""kind"":""unified-intent-d1-telemetry-v1"",""complete"":true,""updates"":21850,""budgetMode"":""separated_lanes_unbounded_d1"",""commandCeiling"":null,""commandCeilingEnforced"":false,""rollingUpdates"":900,""referenceCommandCeiling"":115,""referenceExceededUpdates"":13211,""budgetDenialUpdates"":0,""budgetDeniedUnitIdOccurrences"":0,""budgetDeniedDebugCalls"":0,""maxRollingCommandCalls"":365,""maxPendingUnitIds"":0,""maxForwardedChunkSize"":27,""counters"":{""gameplayNonorderCalls"":125,""productionBatches"":58,""proposedCalls"":4490,""proposedUnitIds"":41332,""forwardedOrderCalls"":4346,""forwardedUnitIds"":41238,""sameUnitConflicts"":91,""duplicateSuppressions"":3,""invalidUnitIds"":0,""invalidTargets"":0,""invalidTiles"":0,""supersededPending"":0,""expiredPending"":0,""revokedPending"":0,""deferredUnitIds"":0,""pendingUnitIds"":0,""debugProposals"":65,""debugCoalesced"":0,""debugForwarded"":65,""debugDropped"":0},""telemetrySha256"":""bbc2b97c4d08cb6ad74800b2174e240553905840cb0f5a05091f6158f7022607""}"
"121","disabled","21419","{""sha256"":""b7a309a8e7bb287e121921b52a038654de19586d968d0ab7bb5e74acf0beaaf3"",""bySideAndMethod"":{""baseline.activateSuperWeapon"":3,""baseline.orderUnits"":568,""baseline.pauseProduction"":7,""baseline.placeBuilding"":16,""baseline.queueForProduction"":48,""baseline.resumeProduction"":7,""baseline.sellObject"":1,""baseline.setUnitDebugText"":140,""baseline.toggleRepairWrench"":5,""baseline.unqueueFromProduction"":7,""candidate.orderUnits"":4131,""candidate.pauseProduction"":3,""candidate.placeBuilding"":7,""candidate.queueForProduction"":50,""candidate.resumeProduction"":2,""candidate.setUnitDebugText"":56,""candidate.toggleRepairWrench"":8,""candidate.unqueueFromProduction"":4}}",""
"121","separated_lanes_v2","24000","{""sha256"":""98479565e7471f04458959611f12e28b123b88e3768e89606f9d8ebadf23a0ca"",""bySideAndMethod"":{""baseline.activateSuperWeapon"":4,""baseline.orderUnits"":333,""baseline.pauseProduction"":11,""baseline.placeBuilding"":16,""baseline.queueForProduction"":58,""baseline.resumeProduction"":11,""baseline.setUnitDebugText"":212,""baseline.toggleRepairWrench"":4,""baseline.unqueueFromProduction"":10,""candidate.orderUnits"":2446,""candidate.pauseProduction"":24,""candidate.placeBuilding"":6,""candidate.queueForProduction"":60,""candidate.resumeProduction"":23,""candidate.setUnitDebugText"":14,""candidate.toggleRepairWrench"":18,""candidate.unqueueFromProduction"":8}}","{""kind"":""unified-intent-d1-telemetry-v1"",""complete"":true,""updates"":24000,""budgetMode"":""separated_lanes_v2"",""commandCeiling"":115,""commandCeilingEnforced"":true,""rollingUpdates"":900,""referenceCommandCeiling"":115,""referenceExceededUpdates"":0,""budgetDenialUpdates"":10078,""budgetDeniedUnitIdOccurrences"":66394,""budgetDeniedDebugCalls"":87,""maxRollingCommandCalls"":115,""maxPendingUnitIds"":21,""maxForwardedChunkSize"":20,""counters"":{""gameplayNonorderCalls"":139,""productionBatches"":112,""proposedCalls"":6085,""proposedUnitIds"":36998,""forwardedOrderCalls"":2446,""forwardedUnitIds"":14549,""sameUnitConflicts"":20869,""duplicateSuppressions"":1374,""invalidUnitIds"":45,""invalidTargets"":160,""invalidTiles"":0,""supersededPending"":20576,""expiredPending"":0,""revokedPending"":0,""deferredUnitIds"":66394,""pendingUnitIds"":66394,""debugProposals"":101,""debugCoalesced"":0,""debugForwarded"":14,""debugDropped"":87},""telemetrySha256"":""4e92cdaad7b32586776fc5d5b4ae5b8725347c0b184baae9d3f840d7a27d03af""}"
"121","separated_lanes_unbounded_d1","21409","{""sha256"":""06ef2d1f38eaf5bf35f976302fcf83af87ed913afc7e8f923b1181fcaeab9bcf"",""bySideAndMethod"":{""baseline.activateSuperWeapon"":3,""baseline.orderUnits"":561,""baseline.pauseProduction"":7,""baseline.placeBuilding"":16,""baseline.queueForProduction"":48,""baseline.resumeProduction"":7,""baseline.sellObject"":1,""baseline.setUnitDebugText"":140,""baseline.toggleRepairWrench"":5,""baseline.unqueueFromProduction"":7,""candidate.orderUnits"":4132,""candidate.pauseProduction"":3,""candidate.placeBuilding"":7,""candidate.queueForProduction"":50,""candidate.resumeProduction"":2,""candidate.setUnitDebugText"":56,""candidate.toggleRepairWrench"":4,""candidate.unqueueFromProduction"":4}}","{""kind"":""unified-intent-d1-telemetry-v1"",""complete"":true,""updates"":21409,""budgetMode"":""separated_lanes_unbounded_d1"",""commandCeiling"":null,""commandCeilingEnforced"":false,""rollingUpdates"":900,""referenceCommandCeiling"":115,""referenceExceededUpdates"":12536,""budgetDenialUpdates"":0,""budgetDeniedUnitIdOccurrences"":0,""budgetDeniedDebugCalls"":0,""maxRollingCommandCalls"":361,""maxPendingUnitIds"":0,""maxForwardedChunkSize"":15,""counters"":{""gameplayNonorderCalls"":70,""productionBatches"":55,""proposedCalls"":4150,""proposedUnitIds"":19352,""forwardedOrderCalls"":4132,""forwardedUnitIds"":19334,""sameUnitConflicts"":15,""duplicateSuppressions"":3,""invalidUnitIds"":0,""invalidTargets"":0,""invalidTiles"":0,""supersededPending"":0,""expiredPending"":0,""revokedPending"":0,""deferredUnitIds"":0,""pendingUnitIds"":0,""debugProposals"":56,""debugCoalesced"":0,""debugForwarded"":56,""debugDropped"":0},""telemetrySha256"":""fc981d72d4537fc3e1d7687401b652ff1cf987d13b6b174dbaf71439f4430c62""}"
"122","disabled","18795","{""sha256"":""bb9c16bc70710b7cc909d93ad4a9227ef921ccb0c19af1910eb668214477bf0a"",""bySideAndMethod"":{""baseline.orderUnits"":63,""baseline.pauseProduction"":7,""baseline.placeBuilding"":9,""baseline.queueForProduction"":46,""baseline.resumeProduction"":6,""baseline.sayAll"":1,""baseline.sellObject"":2,""baseline.setUnitDebugText"":122,""baseline.toggleRepairWrench"":13,""baseline.unqueueFromProduction"":2,""candidate.orderUnits"":2734,""candidate.pauseProduction"":3,""candidate.placeBuilding"":5,""candidate.queueForProduction"":62,""candidate.resumeProduction"":3,""candidate.sellObject"":5,""candidate.setUnitDebugText"":182,""candidate.unqueueFromProduction"":6}}",""
"122","separated_lanes_v2","19009","{""sha256"":""ed7219a7727c9848bd0c2495c7bb83b12d9d9a2bad904f353d458388dc3f7cd6"",""bySideAndMethod"":{""baseline.orderUnits"":40,""baseline.pauseProduction"":5,""baseline.placeBuilding"":10,""baseline.queueForProduction"":40,""baseline.resumeProduction"":4,""baseline.sayAll"":2,""baseline.sellObject"":3,""baseline.setUnitDebugText"":98,""baseline.toggleRepairWrench"":9,""baseline.unqueueFromProduction"":5,""candidate.orderUnits"":1708,""candidate.pauseProduction"":11,""candidate.placeBuilding"":5,""candidate.queueForProduction"":69,""candidate.resumeProduction"":11,""candidate.sellObject"":9,""candidate.setUnitDebugText"":89,""candidate.unqueueFromProduction"":13}}","{""kind"":""unified-intent-d1-telemetry-v1"",""complete"":true,""updates"":19009,""budgetMode"":""separated_lanes_v2"",""commandCeiling"":115,""commandCeilingEnforced"":true,""rollingUpdates"":900,""referenceCommandCeiling"":115,""referenceExceededUpdates"":0,""budgetDenialUpdates"":4234,""budgetDeniedUnitIdOccurrences"":59908,""budgetDeniedDebugCalls"":222,""maxRollingCommandCalls"":115,""maxPendingUnitIds"":34,""maxForwardedChunkSize"":35,""counters"":{""gameplayNonorderCalls"":118,""productionBatches"":97,""proposedCalls"":3388,""proposedUnitIds"":36893,""forwardedOrderCalls"":1708,""forwardedUnitIds"":16499,""sameUnitConflicts"":17333,""duplicateSuppressions"":440,""invalidUnitIds"":7,""invalidTargets"":288,""invalidTiles"":0,""supersededPending"":16972,""expiredPending"":0,""revokedPending"":2326,""deferredUnitIds"":59908,""pendingUnitIds"":59908,""debugProposals"":311,""debugCoalesced"":0,""debugForwarded"":89,""debugDropped"":222},""telemetrySha256"":""84805e45dc3f9d85586d51dc5931640adabc59d1cab0f2763bd1784b094d585c""}"
"122","separated_lanes_unbounded_d1","18795","{""sha256"":""fcf005244c5820bb981d664a5ee85a25fc0d58933b420838ec22cb4562952fc4"",""bySideAndMethod"":{""baseline.orderUnits"":63,""baseline.pauseProduction"":7,""baseline.placeBuilding"":9,""baseline.queueForProduction"":46,""baseline.resumeProduction"":6,""baseline.sayAll"":1,""baseline.sellObject"":2,""baseline.setUnitDebugText"":122,""baseline.toggleRepairWrench"":13,""baseline.unqueueFromProduction"":2,""candidate.orderUnits"":2547,""candidate.pauseProduction"":3,""candidate.placeBuilding"":5,""candidate.queueForProduction"":62,""candidate.resumeProduction"":3,""candidate.sellObject"":5,""candidate.setUnitDebugText"":182,""candidate.unqueueFromProduction"":6}}","{""kind"":""unified-intent-d1-telemetry-v1"",""complete"":true,""updates"":18795,""budgetMode"":""separated_lanes_unbounded_d1"",""commandCeiling"":null,""commandCeilingEnforced"":false,""rollingUpdates"":900,""referenceCommandCeiling"":115,""referenceExceededUpdates"":6704,""budgetDenialUpdates"":0,""budgetDeniedUnitIdOccurrences"":0,""budgetDeniedDebugCalls"":0,""maxRollingCommandCalls"":405,""maxPendingUnitIds"":0,""maxForwardedChunkSize"":34,""counters"":{""gameplayNonorderCalls"":84,""productionBatches"":69,""proposedCalls"":2734,""proposedUnitIds"":25102,""forwardedOrderCalls"":2547,""forwardedUnitIds"":25052,""sameUnitConflicts"":47,""duplicateSuppressions"":3,""invalidUnitIds"":0,""invalidTargets"":0,""invalidTiles"":0,""supersededPending"":0,""expiredPending"":0,""revokedPending"":0,""deferredUnitIds"":0,""pendingUnitIds"":0,""debugProposals"":182,""debugCoalesced"":0,""debugForwarded"":182,""debugDropped"":0},""telemetrySha256"":""79ba6d94ed7801e510259a6e83afea887df8b10d027c956fe5f809b8e801139f""}"
"123","disabled","20464","{""sha256"":""3eaeb878b2f3646930cc406ccd82b1baad8a991b2170e8ec56ae535f50e23974"",""bySideAndMethod"":{""baseline.orderUnits"":104,""baseline.pauseProduction"":6,""baseline.placeBuilding"":9,""baseline.queueForProduction"":41,""baseline.quitGame"":3,""baseline.resumeProduction"":3,""baseline.sayAll"":3,""baseline.sellObject"":1,""baseline.setUnitDebugText"":132,""baseline.toggleRepairWrench"":10,""baseline.unqueueFromProduction"":2,""candidate.orderUnits"":4410,""candidate.pauseProduction"":2,""candidate.placeBuilding"":5,""candidate.queueForProduction"":83,""candidate.resumeProduction"":2,""candidate.sellObject"":5,""candidate.setUnitDebugText"":195,""candidate.unqueueFromProduction"":9}}",""
"123","separated_lanes_v2","20217","{""sha256"":""4484d45d9235b8e7718b5e42b29c892b2321e90c3b7650f893fd1073b4aa438e"",""bySideAndMethod"":{""baseline.orderUnits"":25,""baseline.pauseProduction"":5,""baseline.placeBuilding"":6,""baseline.queueForProduction"":27,""baseline.quitGame"":4,""baseline.resumeProduction"":4,""baseline.sayAll"":1,""baseline.sellObject"":2,""baseline.setUnitDebugText"":92,""baseline.toggleRepairWrench"":8,""baseline.unqueueFromProduction"":4,""candidate.orderUnits"":1776,""candidate.pauseProduction"":8,""candidate.placeBuilding"":5,""candidate.queueForProduction"":63,""candidate.resumeProduction"":7,""candidate.sellObject"":9,""candidate.setUnitDebugText"":104,""candidate.unqueueFromProduction"":9}}","{""kind"":""unified-intent-d1-telemetry-v1"",""complete"":true,""updates"":20217,""budgetMode"":""separated_lanes_v2"",""commandCeiling"":115,""commandCeilingEnforced"":true,""rollingUpdates"":900,""referenceCommandCeiling"":115,""referenceExceededUpdates"":0,""budgetDenialUpdates"":4249,""budgetDeniedUnitIdOccurrences"":64131,""budgetDeniedDebugCalls"":205,""maxRollingCommandCalls"":115,""maxPendingUnitIds"":37,""maxForwardedChunkSize"":37,""counters"":{""gameplayNonorderCalls"":101,""productionBatches"":81,""proposedCalls"":4210,""proposedUnitIds"":42148,""forwardedOrderCalls"":1776,""forwardedUnitIds"":16278,""sameUnitConflicts"":19106,""duplicateSuppressions"":290,""invalidUnitIds"":7,""invalidTargets"":216,""invalidTiles"":0,""supersededPending"":18641,""expiredPending"":0,""revokedPending"":6250,""deferredUnitIds"":64131,""pendingUnitIds"":64131,""debugProposals"":309,""debugCoalesced"":0,""debugForwarded"":104,""debugDropped"":205},""telemetrySha256"":""89ef4c50ef7eaa628e42dc5118f337960c4d65a1c5582e47cc32a88671288dc2""}"
"123","separated_lanes_unbounded_d1","20464","{""sha256"":""221590eef1663a1f87a7e151872e1d4100a762fd2d0b609d3d5dd250565071cd"",""bySideAndMethod"":{""baseline.orderUnits"":104,""baseline.pauseProduction"":6,""baseline.placeBuilding"":9,""baseline.queueForProduction"":41,""baseline.quitGame"":3,""baseline.resumeProduction"":3,""baseline.sayAll"":3,""baseline.sellObject"":1,""baseline.setUnitDebugText"":132,""baseline.toggleRepairWrench"":10,""baseline.unqueueFromProduction"":2,""candidate.orderUnits"":4106,""candidate.pauseProduction"":2,""candidate.placeBuilding"":5,""candidate.queueForProduction"":83,""candidate.resumeProduction"":2,""candidate.sellObject"":5,""candidate.setUnitDebugText"":195,""candidate.unqueueFromProduction"":9}}","{""kind"":""unified-intent-d1-telemetry-v1"",""complete"":true,""updates"":20464,""budgetMode"":""separated_lanes_unbounded_d1"",""commandCeiling"":null,""commandCeilingEnforced"":false,""rollingUpdates"":900,""referenceCommandCeiling"":115,""referenceExceededUpdates"":8737,""budgetDenialUpdates"":0,""budgetDeniedUnitIdOccurrences"":0,""budgetDeniedDebugCalls"":0,""maxRollingCommandCalls"":1296,""maxPendingUnitIds"":0,""maxForwardedChunkSize"":34,""counters"":{""gameplayNonorderCalls"":106,""productionBatches"":90,""proposedCalls"":4410,""proposedUnitIds"":35386,""forwardedOrderCalls"":4106,""forwardedUnitIds"":35301,""sameUnitConflicts"":82,""duplicateSuppressions"":3,""invalidUnitIds"":0,""invalidTargets"":0,""invalidTiles"":0,""supersededPending"":0,""expiredPending"":0,""revokedPending"":0,""deferredUnitIds"":0,""pendingUnitIds"":0,""debugProposals"":195,""debugCoalesced"":0,""debugForwarded"":195,""debugDropped"":0},""telemetrySha256"":""919614d72d2578c0257db77f522add872dce32e9c76f712613710e732a0eedc9""}"
"124","disabled","21453","{""sha256"":""476f70fd0f7f5c2d57dbc1b7f2d94a08e90949fcf4454c93cc3be83f2c7f56af"",""bySideAndMethod"":{""baseline.activateSuperWeapon"":4,""baseline.orderUnits"":1155,""baseline.pauseProduction"":12,""baseline.placeBuilding"":12,""baseline.queueForProduction"":53,""baseline.resumeProduction"":12,""baseline.setUnitDebugText"":337,""baseline.unqueueFromProduction"":11,""candidate.orderUnits"":3779,""candidate.pauseProduction"":32,""candidate.placeBuilding"":14,""candidate.queueForProduction"":85,""candidate.resumeProduction"":29,""candidate.setUnitDebugText"":111,""candidate.toggleRepairWrench"":13,""candidate.unqueueFromProduction"":32}}",""
"124","separated_lanes_v2","24000","{""sha256"":""fbe763313243716318293e3770fab813283eeb4399005812e558b636fad29974"",""bySideAndMethod"":{""baseline.activateSuperWeapon"":5,""baseline.orderUnits"":1288,""baseline.pauseProduction"":15,""baseline.placeBuilding"":15,""baseline.queueForProduction"":65,""baseline.resumeProduction"":13,""baseline.setUnitDebugText"":340,""baseline.toggleRepairWrench"":5,""baseline.unqueueFromProduction"":15,""candidate.activateSuperWeapon"":3,""candidate.orderUnits"":2217,""candidate.pauseProduction"":37,""candidate.placeBuilding"":10,""candidate.queueForProduction"":95,""candidate.resumeProduction"":31,""candidate.setUnitDebugText"":60,""candidate.toggleRepairWrench"":12,""candidate.unqueueFromProduction"":32}}","{""kind"":""unified-intent-d1-telemetry-v1"",""complete"":true,""updates"":24000,""budgetMode"":""separated_lanes_v2"",""commandCeiling"":115,""commandCeilingEnforced"":true,""rollingUpdates"":900,""referenceCommandCeiling"":115,""referenceExceededUpdates"":0,""budgetDenialUpdates"":7475,""budgetDeniedUnitIdOccurrences"":44400,""budgetDeniedDebugCalls"":111,""maxRollingCommandCalls"":115,""maxPendingUnitIds"":16,""maxForwardedChunkSize"":16,""counters"":{""gameplayNonorderCalls"":220,""productionBatches"":158,""proposedCalls"":5406,""proposedUnitIds"":25631,""forwardedOrderCalls"":2217,""forwardedUnitIds"":9823,""sameUnitConflicts"":14175,""duplicateSuppressions"":1430,""invalidUnitIds"":38,""invalidTargets"":165,""invalidTiles"":0,""supersededPending"":13133,""expiredPending"":0,""revokedPending"":0,""deferredUnitIds"":44400,""pendingUnitIds"":44400,""debugProposals"":171,""debugCoalesced"":0,""debugForwarded"":60,""debugDropped"":111},""telemetrySha256"":""00603d0206c36782894317e517685ad5935f29ff0429dcee9934d9122dab38c5""}"
"124","separated_lanes_unbounded_d1","21544","{""sha256"":""cb9167a6be108a5960d02cf8f4e3ca259c5c120b6699c1f52b7188eeb9bac985"",""bySideAndMethod"":{""baseline.activateSuperWeapon"":4,""baseline.orderUnits"":1241,""baseline.pauseProduction"":12,""baseline.placeBuilding"":12,""baseline.queueForProduction"":50,""baseline.resumeProduction"":12,""baseline.setUnitDebugText"":331,""baseline.unqueueFromProduction"":11,""candidate.orderUnits"":3110,""candidate.pauseProduction"":28,""candidate.placeBuilding"":8,""candidate.queueForProduction"":81,""candidate.resumeProduction"":24,""candidate.setUnitDebugText"":108,""candidate.toggleRepairWrench"":14,""candidate.unqueueFromProduction"":32}}","{""kind"":""unified-intent-d1-telemetry-v1"",""complete"":true,""updates"":21544,""budgetMode"":""separated_lanes_unbounded_d1"",""commandCeiling"":null,""commandCeilingEnforced"":false,""rollingUpdates"":900,""referenceCommandCeiling"":115,""referenceExceededUpdates"":9925,""budgetDenialUpdates"":0,""budgetDeniedUnitIdOccurrences"":0,""budgetDeniedDebugCalls"":0,""maxRollingCommandCalls"":418,""maxPendingUnitIds"":0,""maxForwardedChunkSize"":14,""counters"":{""gameplayNonorderCalls"":187,""productionBatches"":134,""proposedCalls"":3606,""proposedUnitIds"":20035,""forwardedOrderCalls"":3110,""forwardedUnitIds"":19357,""sameUnitConflicts"":675,""duplicateSuppressions"":3,""invalidUnitIds"":0,""invalidTargets"":0,""invalidTiles"":0,""supersededPending"":0,""expiredPending"":0,""revokedPending"":0,""deferredUnitIds"":0,""pendingUnitIds"":0,""debugProposals"":108,""debugCoalesced"":0,""debugForwarded"":108,""debugDropped"":0},""telemetrySha256"":""08592a3dc9d8431c84aebe8a51152bbe62c508a763823e480202645d741dae90""}"
"125","disabled","24000","{""sha256"":""cb620d3e34bd9aff95b4675ff2631af7a7af335f9e4b4fd426588f4e7d64d5e9"",""bySideAndMethod"":{""baseline.activateSuperWeapon"":5,""baseline.orderUnits"":1759,""baseline.pauseProduction"":12,""baseline.placeBuilding"":13,""baseline.queueForProduction"":50,""baseline.resumeProduction"":12,""baseline.setUnitDebugText"":342,""baseline.toggleRepairWrench"":1,""baseline.unqueueFromProduction"":8,""candidate.orderUnits"":4068,""candidate.pauseProduction"":29,""candidate.placeBuilding"":8,""candidate.queueForProduction"":87,""candidate.resumeProduction"":26,""candidate.setUnitDebugText"":101,""candidate.toggleRepairWrench"":12,""candidate.unqueueFromProduction"":37}}",""
"125","separated_lanes_v2","23096","{""sha256"":""51bac64f16359b8cb079f830c18f1eb0b1bad982368a89b12cb58450dd89796d"",""bySideAndMethod"":{""baseline.activateSuperWeapon"":5,""baseline.orderUnits"":1548,""baseline.pauseProduction"":12,""baseline.placeBuilding"":13,""baseline.queueForProduction"":50,""baseline.resumeProduction"":12,""baseline.setUnitDebugText"":285,""baseline.toggleRepairWrench"":1,""baseline.unqueueFromProduction"":8,""candidate.orderUnits"":2223,""candidate.pauseProduction"":22,""candidate.placeBuilding"":12,""candidate.queueForProduction"":92,""candidate.quitGame"":15,""candidate.resumeProduction"":19,""candidate.setUnitDebugText"":35,""candidate.toggleRepairWrench"":14,""candidate.unqueueFromProduction"":37}}","{""kind"":""unified-intent-d1-telemetry-v1"",""complete"":true,""updates"":23096,""budgetMode"":""separated_lanes_v2"",""commandCeiling"":115,""commandCeilingEnforced"":true,""rollingUpdates"":900,""referenceCommandCeiling"":115,""referenceExceededUpdates"":0,""budgetDenialUpdates"":7462,""budgetDeniedUnitIdOccurrences"":46534,""budgetDeniedDebugCalls"":66,""maxRollingCommandCalls"":115,""maxPendingUnitIds"":17,""maxForwardedChunkSize"":15,""counters"":{""gameplayNonorderCalls"":211,""productionBatches"":143,""proposedCalls"":5450,""proposedUnitIds"":26663,""forwardedOrderCalls"":2223,""forwardedUnitIds"":9869,""sameUnitConflicts"":14638,""duplicateSuppressions"":2009,""invalidUnitIds"":32,""invalidTargets"":115,""invalidTiles"":0,""supersededPending"":13544,""expiredPending"":0,""revokedPending"":0,""deferredUnitIds"":46534,""pendingUnitIds"":46534,""debugProposals"":101,""debugCoalesced"":0,""debugForwarded"":35,""debugDropped"":66},""telemetrySha256"":""464bd91c31acb908a18b3a6b86013746038c5ac76961b662396f68536559d389""}"
"125","separated_lanes_unbounded_d1","21497","{""sha256"":""b0e589ff95611ba917856c7afdbd964761e88f4dbdd73e7a50fe7cdfcc4b1f0c"",""bySideAndMethod"":{""baseline.activateSuperWeapon"":4,""baseline.orderUnits"":1282,""baseline.pauseProduction"":15,""baseline.placeBuilding"":11,""baseline.queueForProduction"":48,""baseline.resumeProduction"":12,""baseline.setUnitDebugText"":315,""baseline.toggleRepairWrench"":1,""baseline.unqueueFromProduction"":8,""candidate.orderUnits"":3245,""candidate.pauseProduction"":29,""candidate.placeBuilding"":8,""candidate.queueForProduction"":87,""candidate.resumeProduction"":26,""candidate.setUnitDebugText"":101,""candidate.toggleRepairWrench"":12,""candidate.unqueueFromProduction"":37}}","{""kind"":""unified-intent-d1-telemetry-v1"",""complete"":true,""updates"":21497,""budgetMode"":""separated_lanes_unbounded_d1"",""commandCeiling"":null,""commandCeilingEnforced"":false,""rollingUpdates"":900,""referenceCommandCeiling"":115,""referenceExceededUpdates"":9805,""budgetDenialUpdates"":0,""budgetDeniedUnitIdOccurrences"":0,""budgetDeniedDebugCalls"":0,""maxRollingCommandCalls"":410,""maxPendingUnitIds"":0,""maxForwardedChunkSize"":14,""counters"":{""gameplayNonorderCalls"":199,""productionBatches"":147,""proposedCalls"":3825,""proposedUnitIds"":20548,""forwardedOrderCalls"":3245,""forwardedUnitIds"":19865,""sameUnitConflicts"":680,""duplicateSuppressions"":3,""invalidUnitIds"":0,""invalidTargets"":0,""invalidTiles"":0,""supersededPending"":0,""expiredPending"":0,""revokedPending"":0,""deferredUnitIds"":0,""pendingUnitIds"":0,""debugProposals"":101,""debugCoalesced"":0,""debugForwarded"":101,""debugDropped"":0},""telemetrySha256"":""fc0b99bb84d6e472d72598c6312e373a9cdb53e751e55cedcd0ff1fea9fe64e3""}"
"126","disabled","24000","{""sha256"":""a931691d0d443e2f05b8eb0e1e33865ec97a40312f4eeb23619efcacaf33a9d9"",""bySideAndMethod"":{""baseline.orderUnits"":310,""baseline.pauseProduction"":8,""baseline.placeBuilding"":14,""baseline.queueForProduction"":64,""baseline.resumeProduction"":8,""baseline.sellObject"":7,""baseline.setUnitDebugText"":307,""baseline.toggleRepairWrench"":3,""baseline.unqueueFromProduction"":9,""candidate.orderUnits"":6326,""candidate.pauseProduction"":46,""candidate.placeBuilding"":10,""candidate.queueForProduction"":124,""candidate.resumeProduction"":41,""candidate.setUnitDebugText"":167,""candidate.toggleRepairWrench"":13,""candidate.unqueueFromProduction"":41}}",""
"126","separated_lanes_v2","24000","{""sha256"":""a0dead61cce400244c189990ba7a400bcb74801561423c8f0bc61b6d91a8acd9"",""bySideAndMethod"":{""baseline.orderUnits"":384,""baseline.pauseProduction"":5,""baseline.placeBuilding"":14,""baseline.queueForProduction"":59,""baseline.resumeProduction"":5,""baseline.sellObject"":7,""baseline.setUnitDebugText"":351,""baseline.toggleRepairWrench"":4,""baseline.unqueueFromProduction"":9,""candidate.orderUnits"":2695,""candidate.pauseProduction"":61,""candidate.placeBuilding"":8,""candidate.queueForProduction"":125,""candidate.resumeProduction"":55,""candidate.setUnitDebugText"":27,""candidate.toggleRepairWrench"":7,""candidate.unqueueFromProduction"":34}}","{""kind"":""unified-intent-d1-telemetry-v1"",""complete"":true,""updates"":24000,""budgetMode"":""separated_lanes_v2"",""commandCeiling"":115,""commandCeilingEnforced"":true,""rollingUpdates"":900,""referenceCommandCeiling"":115,""referenceExceededUpdates"":0,""budgetDenialUpdates"":11700,""budgetDeniedUnitIdOccurrences"":65543,""budgetDeniedDebugCalls"":175,""maxRollingCommandCalls"":115,""maxPendingUnitIds"":19,""maxForwardedChunkSize"":19,""counters"":{""gameplayNonorderCalls"":290,""productionBatches"":215,""proposedCalls"":7942,""proposedUnitIds"":36763,""forwardedOrderCalls"":2695,""forwardedUnitIds"":13115,""sameUnitConflicts"":20435,""duplicateSuppressions"":2795,""invalidUnitIds"":46,""invalidTargets"":366,""invalidTiles"":0,""supersededPending"":18795,""expiredPending"":6,""revokedPending"":0,""deferredUnitIds"":65543,""pendingUnitIds"":65543,""debugProposals"":202,""debugCoalesced"":0,""debugForwarded"":27,""debugDropped"":175},""telemetrySha256"":""e9bb3596388ecf5d718273d7db7533fa19ce832f0b6a68bc9b9541f9d646d37f""}"
"126","separated_lanes_unbounded_d1","24000","{""sha256"":""ba0b6e7ab6c5f86b8ba86f6dadd7bc0324f7ee7cf1640c8bf46f84d5e99f04f4"",""bySideAndMethod"":{""baseline.orderUnits"":310,""baseline.pauseProduction"":8,""baseline.placeBuilding"":14,""baseline.queueForProduction"":64,""baseline.resumeProduction"":8,""baseline.sellObject"":7,""baseline.setUnitDebugText"":307,""baseline.toggleRepairWrench"":3,""baseline.unqueueFromProduction"":9,""candidate.orderUnits"":5513,""candidate.pauseProduction"":46,""candidate.placeBuilding"":10,""candidate.queueForProduction"":124,""candidate.resumeProduction"":41,""candidate.setUnitDebugText"":167,""candidate.toggleRepairWrench"":13,""candidate.unqueueFromProduction"":41}}","{""kind"":""unified-intent-d1-telemetry-v1"",""complete"":true,""updates"":24000,""budgetMode"":""separated_lanes_unbounded_d1"",""commandCeiling"":null,""commandCeilingEnforced"":false,""rollingUpdates"":900,""referenceCommandCeiling"":115,""referenceExceededUpdates"":16210,""budgetDenialUpdates"":0,""budgetDeniedUnitIdOccurrences"":0,""budgetDeniedDebugCalls"":0,""maxRollingCommandCalls"":403,""maxPendingUnitIds"":0,""maxForwardedChunkSize"":21,""counters"":{""gameplayNonorderCalls"":275,""productionBatches"":207,""proposedCalls"":6326,""proposedUnitIds"":36713,""forwardedOrderCalls"":5513,""forwardedUnitIds"":35363,""sameUnitConflicts"":1347,""duplicateSuppressions"":3,""invalidUnitIds"":0,""invalidTargets"":0,""invalidTiles"":0,""supersededPending"":0,""expiredPending"":0,""revokedPending"":0,""deferredUnitIds"":0,""pendingUnitIds"":0,""debugProposals"":167,""debugCoalesced"":0,""debugForwarded"":167,""debugDropped"":0},""telemetrySha256"":""b9913b4655425d793789a3fc8538bd92b641fee7e72e07b8d7206f18d12ad8b2""}"
"127","disabled","24000","{""sha256"":""1b2de93c945034f8ad2bf2d436378e31ed0e4b34b381b6643b056fc84106e219"",""bySideAndMethod"":{""baseline.orderUnits"":240,""baseline.pauseProduction"":7,""baseline.placeBuilding"":17,""baseline.queueForProduction"":63,""baseline.resumeProduction"":7,""baseline.sayAll"":1,""baseline.sellObject"":6,""baseline.setUnitDebugText"":420,""baseline.toggleRepairWrench"":2,""baseline.unqueueFromProduction"":9,""candidate.orderUnits"":7342,""candidate.pauseProduction"":59,""candidate.placeBuilding"":8,""candidate.queueForProduction"":115,""candidate.resumeProduction"":57,""candidate.setUnitDebugText"":148,""candidate.unqueueFromProduction"":24}}",""
"127","separated_lanes_v2","24000","{""sha256"":""bc2bb86896921fcf232b0ea9b72211c29b181942915fbadaccb2954ecd8b6118"",""bySideAndMethod"":{""baseline.orderUnits"":333,""baseline.pauseProduction"":3,""baseline.placeBuilding"":9,""baseline.queueForProduction"":41,""baseline.resumeProduction"":3,""baseline.sayAll"":2,""baseline.sellObject"":4,""baseline.setUnitDebugText"":439,""baseline.unqueueFromProduction"":5,""candidate.orderUnits"":2113,""candidate.pauseProduction"":42,""candidate.placeBuilding"":9,""candidate.queueForProduction"":94,""candidate.resumeProduction"":35,""candidate.setUnitDebugText"":31,""candidate.toggleRepairWrench"":7,""candidate.unqueueFromProduction"":19}}","{""kind"":""unified-intent-d1-telemetry-v1"",""complete"":true,""updates"":24000,""budgetMode"":""separated_lanes_v2"",""commandCeiling"":115,""commandCeilingEnforced"":true,""rollingUpdates"":900,""referenceCommandCeiling"":115,""referenceExceededUpdates"":0,""budgetDenialUpdates"":8916,""budgetDeniedUnitIdOccurrences"":42156,""budgetDeniedDebugCalls"":120,""maxRollingCommandCalls"":115,""maxPendingUnitIds"":19,""maxForwardedChunkSize"":19,""counters"":{""gameplayNonorderCalls"":206,""productionBatches"":148,""proposedCalls"":5888,""proposedUnitIds"":22646,""forwardedOrderCalls"":2113,""forwardedUnitIds"":8306,""sameUnitConflicts"":13358,""duplicateSuppressions"":663,""invalidUnitIds"":40,""invalidTargets"":278,""invalidTiles"":0,""supersededPending"":12246,""expiredPending"":1,""revokedPending"":0,""deferredUnitIds"":42156,""pendingUnitIds"":42156,""debugProposals"":151,""debugCoalesced"":0,""debugForwarded"":31,""debugDropped"":120},""telemetrySha256"":""a5d5486358f33af3f5959920176dbe7a171d8451de08f8a287ab8fcee060b5ee""}"
"127","separated_lanes_unbounded_d1","24000","{""sha256"":""20c4cca4b0698a93566748e29e1b28131e9d94cc179a7caf895cad6e559990e6"",""bySideAndMethod"":{""baseline.orderUnits"":240,""baseline.pauseProduction"":7,""baseline.placeBuilding"":17,""baseline.queueForProduction"":63,""baseline.resumeProduction"":7,""baseline.sayAll"":1,""baseline.sellObject"":6,""baseline.setUnitDebugText"":420,""baseline.toggleRepairWrench"":2,""baseline.unqueueFromProduction"":9,""candidate.orderUnits"":6450,""candidate.pauseProduction"":59,""candidate.placeBuilding"":8,""candidate.queueForProduction"":115,""candidate.resumeProduction"":57,""candidate.setUnitDebugText"":148,""candidate.unqueueFromProduction"":24}}","{""kind"":""unified-intent-d1-telemetry-v1"",""complete"":true,""updates"":24000,""budgetMode"":""separated_lanes_unbounded_d1"",""commandCeiling"":null,""commandCeilingEnforced"":false,""rollingUpdates"":900,""referenceCommandCeiling"":115,""referenceExceededUpdates"":19690,""budgetDenialUpdates"":0,""budgetDeniedUnitIdOccurrences"":0,""budgetDeniedDebugCalls"":0,""maxRollingCommandCalls"":394,""maxPendingUnitIds"":0,""maxForwardedChunkSize"":21,""counters"":{""gameplayNonorderCalls"":263,""productionBatches"":198,""proposedCalls"":7342,""proposedUnitIds"":36734,""forwardedOrderCalls"":6450,""forwardedUnitIds"":35253,""sameUnitConflicts"":1478,""duplicateSuppressions"":3,""invalidUnitIds"":0,""invalidTargets"":0,""invalidTiles"":0,""supersededPending"":0,""expiredPending"":0,""revokedPending"":0,""deferredUnitIds"":0,""pendingUnitIds"":0,""debugProposals"":148,""debugCoalesced"":0,""debugForwarded"":148,""debugDropped"":0},""telemetrySha256"":""7ecf3e1ca9ebc6d819e991ef629d167cc26e11303dd0b8016579f6b00abafb57""}"
"128","disabled","13738","{""sha256"":""98dda15a75f8ac023976e9b63ea23ee37785f303d36295d6a5a14dcb08521029"",""bySideAndMethod"":{""baseline.activateSuperWeapon"":2,""baseline.orderUnits"":320,""baseline.pauseProduction"":4,""baseline.placeBuilding"":10,""baseline.queueForProduction"":41,""baseline.resumeProduction"":4,""baseline.setUnitDebugText"":245,""baseline.toggleRepairWrench"":1,""baseline.unqueueFromProduction"":4,""candidate.orderUnits"":819,""candidate.pauseProduction"":16,""candidate.placeBuilding"":10,""candidate.queueForProduction"":48,""candidate.resumeProduction"":12,""candidate.setUnitDebugText"":97,""candidate.toggleRepairWrench"":18,""candidate.unqueueFromProduction"":12}}",""
"128","separated_lanes_v2","22643","{""sha256"":""3420180d964eab5993f7e0eafc769601ef267b079552fa2170f1d5ad97b080b0"",""bySideAndMethod"":{""baseline.activateSuperWeapon"":4,""baseline.orderUnits"":398,""baseline.pauseProduction"":14,""baseline.placeBuilding"":15,""baseline.queueForProduction"":62,""baseline.resumeProduction"":14,""baseline.setUnitDebugText"":249,""baseline.toggleRepairWrench"":1,""baseline.unqueueFromProduction"":10,""candidate.orderUnits"":857,""candidate.pauseProduction"":15,""candidate.placeBuilding"":12,""candidate.queueForProduction"":79,""candidate.quitGame"":286,""candidate.resumeProduction"":11,""candidate.setUnitDebugText"":102,""candidate.toggleRepairWrench"":26,""candidate.unqueueFromProduction"":35}}","{""kind"":""unified-intent-d1-telemetry-v1"",""complete"":true,""updates"":22643,""budgetMode"":""separated_lanes_v2"",""commandCeiling"":115,""commandCeilingEnforced"":true,""rollingUpdates"":900,""referenceCommandCeiling"":115,""referenceExceededUpdates"":0,""budgetDenialUpdates"":882,""budgetDeniedUnitIdOccurrences"":3036,""budgetDeniedDebugCalls"":34,""maxRollingCommandCalls"":115,""maxPendingUnitIds"":14,""maxForwardedChunkSize"":12,""counters"":{""gameplayNonorderCalls"":464,""productionBatches"":131,""proposedCalls"":919,""proposedUnitIds"":1392,""forwardedOrderCalls"":857,""forwardedUnitIds"":1293,""sameUnitConflicts"":82,""duplicateSuppressions"":17,""invalidUnitIds"":0,""invalidTargets"":0,""invalidTiles"":0,""supersededPending"":82,""expiredPending"":0,""revokedPending"":0,""deferredUnitIds"":3036,""pendingUnitIds"":3036,""debugProposals"":136,""debugCoalesced"":0,""debugForwarded"":102,""debugDropped"":34},""telemetrySha256"":""4065404588cfcb81ea1551f9abde48112e097c83fde7fb9bd4e78c4028783a39""}"
"128","separated_lanes_unbounded_d1","19776","{""sha256"":""330a6c82449ff04c10ba477f52fc0723c40480a1dbd27accd4117a98dc6dde03"",""bySideAndMethod"":{""baseline.activateSuperWeapon"":4,""baseline.orderUnits"":690,""baseline.pauseProduction"":10,""baseline.placeBuilding"":15,""baseline.queueForProduction"":61,""baseline.resumeProduction"":10,""baseline.setUnitDebugText"":298,""baseline.toggleRepairWrench"":9,""baseline.unqueueFromProduction"":6,""candidate.orderUnits"":919,""candidate.pauseProduction"":18,""candidate.placeBuilding"":12,""candidate.queueForProduction"":93,""candidate.quitGame"":1,""candidate.resumeProduction"":16,""candidate.setUnitDebugText"":128,""candidate.toggleRepairWrench"":26,""candidate.unqueueFromProduction"":53}}","{""kind"":""unified-intent-d1-telemetry-v1"",""complete"":true,""updates"":19776,""budgetMode"":""separated_lanes_unbounded_d1"",""commandCeiling"":null,""commandCeilingEnforced"":false,""rollingUpdates"":900,""referenceCommandCeiling"":115,""referenceExceededUpdates"":3192,""budgetDenialUpdates"":0,""budgetDeniedUnitIdOccurrences"":0,""budgetDeniedDebugCalls"":0,""maxRollingCommandCalls"":180,""maxPendingUnitIds"":0,""maxForwardedChunkSize"":12,""counters"":{""gameplayNonorderCalls"":219,""productionBatches"":165,""proposedCalls"":937,""proposedUnitIds"":1559,""forwardedOrderCalls"":919,""forwardedUnitIds"":1550,""sameUnitConflicts"":0,""duplicateSuppressions"":9,""invalidUnitIds"":0,""invalidTargets"":0,""invalidTiles"":0,""supersededPending"":0,""expiredPending"":0,""revokedPending"":0,""deferredUnitIds"":0,""pendingUnitIds"":0,""debugProposals"":128,""debugCoalesced"":0,""debugForwarded"":128,""debugDropped"":0},""telemetrySha256"":""cfcc8f5b41bbf7690d608dfa207736f3b454e963a676099bde7102db4a8077a6""}"
"129","disabled","18131","{""sha256"":""8dd5e7dfc0eb64556313afde48c9ab9de6eb6d80f9e446863241e071482b037a"",""bySideAndMethod"":{""baseline.activateSuperWeapon"":3,""baseline.orderUnits"":692,""baseline.pauseProduction"":8,""baseline.placeBuilding"":14,""baseline.queueForProduction"":59,""baseline.resumeProduction"":7,""baseline.setUnitDebugText"":250,""baseline.toggleRepairWrench"":3,""baseline.unqueueFromProduction"":11,""candidate.activateSuperWeapon"":2,""candidate.orderUnits"":979,""candidate.pauseProduction"":15,""candidate.placeBuilding"":8,""candidate.queueForProduction"":68,""candidate.resumeProduction"":12,""candidate.setUnitDebugText"":147,""candidate.toggleRepairWrench"":11,""candidate.unqueueFromProduction"":32}}",""
"129","separated_lanes_v2","18023","{""sha256"":""c3a0a74f269d0be332f4aaa2e365d24cbdb85b97b70869c88adc7888f6d2a98b"",""bySideAndMethod"":{""baseline.activateSuperWeapon"":3,""baseline.orderUnits"":278,""baseline.pauseProduction"":17,""baseline.placeBuilding"":11,""baseline.queueForProduction"":54,""baseline.resumeProduction"":14,""baseline.setUnitDebugText"":178,""baseline.unqueueFromProduction"":6,""candidate.orderUnits"":874,""candidate.pauseProduction"":19,""candidate.placeBuilding"":11,""candidate.queueForProduction"":109,""candidate.resumeProduction"":15,""candidate.setUnitDebugText"":99,""candidate.toggleRepairWrench"":27,""candidate.unqueueFromProduction"":68}}","{""kind"":""unified-intent-d1-telemetry-v1"",""complete"":true,""updates"":18023,""budgetMode"":""separated_lanes_v2"",""commandCeiling"":115,""commandCeilingEnforced"":true,""rollingUpdates"":900,""referenceCommandCeiling"":115,""referenceExceededUpdates"":0,""budgetDenialUpdates"":945,""budgetDeniedUnitIdOccurrences"":3134,""budgetDeniedDebugCalls"":41,""maxRollingCommandCalls"":115,""maxPendingUnitIds"":14,""maxForwardedChunkSize"":12,""counters"":{""gameplayNonorderCalls"":249,""productionBatches"":197,""proposedCalls"":942,""proposedUnitIds"":1448,""forwardedOrderCalls"":874,""forwardedUnitIds"":1337,""sameUnitConflicts"":85,""duplicateSuppressions"":25,""invalidUnitIds"":1,""invalidTargets"":0,""invalidTiles"":0,""supersededPending"":85,""expiredPending"":0,""revokedPending"":0,""deferredUnitIds"":3134,""pendingUnitIds"":3134,""debugProposals"":140,""debugCoalesced"":0,""debugForwarded"":99,""debugDropped"":41},""telemetrySha256"":""bd445ab540989022768ece72b63b5acf76ee7da06d98ad369a32a86bb7f8b19a""}"
"129","separated_lanes_unbounded_d1","19647","{""sha256"":""d439eaffae25483f7b3872381ab7d9fcab6da2e827068c360822daa3457e438b"",""bySideAndMethod"":{""baseline.activateSuperWeapon"":4,""baseline.orderUnits"":437,""baseline.pauseProduction"":12,""baseline.placeBuilding"":13,""baseline.queueForProduction"":52,""baseline.resumeProduction"":12,""baseline.setUnitDebugText"":285,""baseline.toggleRepairWrench"":1,""baseline.unqueueFromProduction"":5,""candidate.orderUnits"":1101,""candidate.pauseProduction"":20,""candidate.placeBuilding"":12,""candidate.queueForProduction"":106,""candidate.quitGame"":19,""candidate.resumeProduction"":17,""candidate.setUnitDebugText"":125,""candidate.toggleRepairWrench"":17,""candidate.unqueueFromProduction"":66}}","{""kind"":""unified-intent-d1-telemetry-v1"",""complete"":true,""updates"":19647,""budgetMode"":""separated_lanes_unbounded_d1"",""commandCeiling"":null,""commandCeilingEnforced"":false,""rollingUpdates"":900,""referenceCommandCeiling"":115,""referenceExceededUpdates"":1932,""budgetDenialUpdates"":0,""budgetDeniedUnitIdOccurrences"":0,""budgetDeniedDebugCalls"":0,""maxRollingCommandCalls"":175,""maxPendingUnitIds"":0,""maxForwardedChunkSize"":12,""counters"":{""gameplayNonorderCalls"":257,""productionBatches"":201,""proposedCalls"":1119,""proposedUnitIds"":1693,""forwardedOrderCalls"":1101,""forwardedUnitIds"":1684,""sameUnitConflicts"":0,""duplicateSuppressions"":9,""invalidUnitIds"":0,""invalidTargets"":0,""invalidTiles"":0,""supersededPending"":0,""expiredPending"":0,""revokedPending"":0,""deferredUnitIds"":0,""pendingUnitIds"":0,""debugProposals"":125,""debugCoalesced"":0,""debugForwarded"":125,""debugDropped"":0},""telemetrySha256"":""10ff600845d6e9c32297566658caa319a8fc4a0965b4a67ad9e0abb8766d971c""}"
"130","disabled","24000","{""sha256"":""92636d3a689ffeaaed27ef9b2ac3d2a9f920fc6e88b8c1e3012f4f146f0686f3"",""bySideAndMethod"":{""baseline.orderUnits"":384,""baseline.pauseProduction"":7,""baseline.placeBuilding"":17,""baseline.queueForProduction"":61,""baseline.resumeProduction"":7,""baseline.sellObject"":5,""baseline.setUnitDebugText"":342,""baseline.toggleRepairWrench"":1,""baseline.unqueueFromProduction"":6,""candidate.orderUnits"":1796,""candidate.pauseProduction"":60,""candidate.placeBuilding"":9,""candidate.queueForProduction"":88,""candidate.resumeProduction"":55,""candidate.setUnitDebugText"":214,""candidate.toggleRepairWrench"":12,""candidate.unqueueFromProduction"":16}}",""
"130","separated_lanes_v2","11566","{""sha256"":""24ebaa02a595c566918cfc9c8db9cfeccf265cda2ec09baeec5000d8a260110f"",""bySideAndMethod"":{""baseline.orderUnits"":218,""baseline.pauseProduction"":8,""baseline.placeBuilding"":11,""baseline.queueForProduction"":44,""baseline.resumeProduction"":8,""baseline.sellObject"":2,""baseline.setUnitDebugText"":138,""baseline.unqueueFromProduction"":6,""candidate.orderUnits"":881,""candidate.pauseProduction"":13,""candidate.placeBuilding"":6,""candidate.queueForProduction"":57,""candidate.resumeProduction"":11,""candidate.setUnitDebugText"":69,""candidate.toggleRepairWrench"":15,""candidate.unqueueFromProduction"":10}}","{""kind"":""unified-intent-d1-telemetry-v1"",""complete"":true,""updates"":11566,""budgetMode"":""separated_lanes_v2"",""commandCeiling"":115,""commandCeilingEnforced"":true,""rollingUpdates"":900,""referenceCommandCeiling"":115,""referenceExceededUpdates"":0,""budgetDenialUpdates"":1131,""budgetDeniedUnitIdOccurrences"":4984,""budgetDeniedDebugCalls"":51,""maxRollingCommandCalls"":115,""maxPendingUnitIds"":13,""maxForwardedChunkSize"":11,""counters"":{""gameplayNonorderCalls"":112,""productionBatches"":82,""proposedCalls"":1010,""proposedUnitIds"":1452,""forwardedOrderCalls"":881,""forwardedUnitIds"":1257,""sameUnitConflicts"":142,""duplicateSuppressions"":30,""invalidUnitIds"":3,""invalidTargets"":20,""invalidTiles"":0,""supersededPending"":142,""expiredPending"":0,""revokedPending"":0,""deferredUnitIds"":4984,""pendingUnitIds"":4984,""debugProposals"":120,""debugCoalesced"":0,""debugForwarded"":69,""debugDropped"":51},""telemetrySha256"":""3ac7d40d4c3609682cb4e32518c9db8f99aebb2e50aea230ebcf655d848caa80""}"
"130","separated_lanes_unbounded_d1","24000","{""sha256"":""e5a16a5ae44f94a8a4d4cc1b937c74002c22ce2940f3525f416522f6124e45ed"",""bySideAndMethod"":{""baseline.orderUnits"":384,""baseline.pauseProduction"":7,""baseline.placeBuilding"":17,""baseline.queueForProduction"":61,""baseline.resumeProduction"":7,""baseline.sellObject"":5,""baseline.setUnitDebugText"":342,""baseline.toggleRepairWrench"":1,""baseline.unqueueFromProduction"":6,""candidate.orderUnits"":1563,""candidate.pauseProduction"":60,""candidate.placeBuilding"":9,""candidate.queueForProduction"":88,""candidate.resumeProduction"":55,""candidate.setUnitDebugText"":214,""candidate.toggleRepairWrench"":12,""candidate.unqueueFromProduction"":16}}","{""kind"":""unified-intent-d1-telemetry-v1"",""complete"":true,""updates"":24000,""budgetMode"":""separated_lanes_unbounded_d1"",""commandCeiling"":null,""commandCeilingEnforced"":false,""rollingUpdates"":900,""referenceCommandCeiling"":115,""referenceExceededUpdates"":3264,""budgetDenialUpdates"":0,""budgetDeniedUnitIdOccurrences"":0,""budgetDeniedDebugCalls"":0,""maxRollingCommandCalls"":209,""maxPendingUnitIds"":0,""maxForwardedChunkSize"":13,""counters"":{""gameplayNonorderCalls"":240,""productionBatches"":171,""proposedCalls"":1796,""proposedUnitIds"":2769,""forwardedOrderCalls"":1563,""forwardedUnitIds"":2766,""sameUnitConflicts"":0,""duplicateSuppressions"":3,""invalidUnitIds"":0,""invalidTargets"":0,""invalidTiles"":0,""supersededPending"":0,""expiredPending"":0,""revokedPending"":0,""deferredUnitIds"":0,""pendingUnitIds"":0,""debugProposals"":214,""debugCoalesced"":0,""debugForwarded"":214,""debugDropped"":0},""telemetrySha256"":""26fece7091f0b3d2f7af390aa0c50e5f82c7c4a39fb820e7e56e8fdcf719ea91""}"
"131","disabled","24000","{""sha256"":""b921140efbe00b40e4fdf8ee2f31f76ce009837bbdc166fb8af1152b65c55f0f"",""bySideAndMethod"":{""baseline.orderUnits"":353,""baseline.pauseProduction"":5,""baseline.placeBuilding"":18,""baseline.queueForProduction"":60,""baseline.resumeProduction"":5,""baseline.sellObject"":2,""baseline.setUnitDebugText"":166,""baseline.unqueueFromProduction"":11,""candidate.orderUnits"":1465,""candidate.pauseProduction"":23,""candidate.placeBuilding"":8,""candidate.queueForProduction"":72,""candidate.resumeProduction"":18,""candidate.setUnitDebugText"":204,""candidate.toggleRepairWrench"":7,""candidate.unqueueFromProduction"":12}}",""
"131","separated_lanes_v2","24000","{""sha256"":""03613659ae5393fd0d2609527eebf99cb8dcc5a48f0dc388f23fb2abd3c9e248"",""bySideAndMethod"":{""baseline.orderUnits"":352,""baseline.pauseProduction"":6,""baseline.placeBuilding"":18,""baseline.queueForProduction"":70,""baseline.resumeProduction"":6,""baseline.sellObject"":5,""baseline.setUnitDebugText"":347,""baseline.toggleRepairWrench"":2,""baseline.unqueueFromProduction"":9,""candidate.orderUnits"":1769,""candidate.pauseProduction"":11,""candidate.placeBuilding"":8,""candidate.queueForProduction"":83,""candidate.resumeProduction"":11,""candidate.setUnitDebugText"":174,""candidate.toggleRepairWrench"":12,""candidate.unqueueFromProduction"":29}}","{""kind"":""unified-intent-d1-telemetry-v1"",""complete"":true,""updates"":24000,""budgetMode"":""separated_lanes_v2"",""commandCeiling"":115,""commandCeilingEnforced"":true,""rollingUpdates"":900,""referenceCommandCeiling"":115,""referenceExceededUpdates"":0,""budgetDenialUpdates"":1516,""budgetDeniedUnitIdOccurrences"":7701,""budgetDeniedDebugCalls"":85,""maxRollingCommandCalls"":115,""maxPendingUnitIds"":15,""maxForwardedChunkSize"":13,""counters"":{""gameplayNonorderCalls"":154,""productionBatches"":130,""proposedCalls"":2071,""proposedUnitIds"":3174,""forwardedOrderCalls"":1769,""forwardedUnitIds"":2874,""sameUnitConflicts"":201,""duplicateSuppressions"":42,""invalidUnitIds"":4,""invalidTargets"":53,""invalidTiles"":0,""supersededPending"":201,""expiredPending"":0,""revokedPending"":0,""deferredUnitIds"":7701,""pendingUnitIds"":7701,""debugProposals"":259,""debugCoalesced"":0,""debugForwarded"":174,""debugDropped"":85},""telemetrySha256"":""a48568714a58c6cbef4d54a62f2d202cc5e2a1681defb998a48d052abb84c43a""}"
"131","separated_lanes_unbounded_d1","24000","{""sha256"":""52df48df1e6a53f41622c118b2b940f0a705e138b5784147cddc967a6ff609b9"",""bySideAndMethod"":{""baseline.orderUnits"":353,""baseline.pauseProduction"":5,""baseline.placeBuilding"":18,""baseline.queueForProduction"":60,""baseline.resumeProduction"":5,""baseline.sellObject"":2,""baseline.setUnitDebugText"":166,""baseline.unqueueFromProduction"":11,""candidate.orderUnits"":1383,""candidate.pauseProduction"":23,""candidate.placeBuilding"":8,""candidate.queueForProduction"":72,""candidate.resumeProduction"":18,""candidate.setUnitDebugText"":204,""candidate.toggleRepairWrench"":7,""candidate.unqueueFromProduction"":12}}","{""kind"":""unified-intent-d1-telemetry-v1"",""complete"":true,""updates"":24000,""budgetMode"":""separated_lanes_unbounded_d1"",""commandCeiling"":null,""commandCeilingEnforced"":false,""rollingUpdates"":900,""referenceCommandCeiling"":115,""referenceExceededUpdates"":3852,""budgetDenialUpdates"":0,""budgetDeniedUnitIdOccurrences"":0,""budgetDeniedDebugCalls"":0,""maxRollingCommandCalls"":209,""maxPendingUnitIds"":0,""maxForwardedChunkSize"":12,""counters"":{""gameplayNonorderCalls"":140,""productionBatches"":111,""proposedCalls"":1465,""proposedUnitIds"":2339,""forwardedOrderCalls"":1383,""forwardedUnitIds"":2336,""sameUnitConflicts"":0,""duplicateSuppressions"":3,""invalidUnitIds"":0,""invalidTargets"":0,""invalidTiles"":0,""supersededPending"":0,""expiredPending"":0,""revokedPending"":0,""deferredUnitIds"":0,""pendingUnitIds"":0,""debugProposals"":204,""debugCoalesced"":0,""debugForwarded"":204,""debugDropped"":0},""telemetrySha256"":""4743381aa4e185a91a134744ab7f610ee18024cc62938df6d80733333837c73e""}"
"132","disabled","18620","{""sha256"":""77d2cec41756c6cf0e32eeb54990c7e6fa898e8136212569e7a310a732e3e4c5"",""bySideAndMethod"":{""baseline.orderUnits"":65,""baseline.pauseProduction"":9,""baseline.placeBuilding"":9,""baseline.queueForProduction"":35,""baseline.quitGame"":30,""baseline.resumeProduction"":9,""baseline.sellObject"":2,""baseline.setUnitDebugText"":103,""baseline.toggleRepairWrench"":18,""baseline.unqueueFromProduction"":4,""candidate.activateSuperWeapon"":1,""candidate.orderUnits"":2153,""candidate.pauseProduction"":26,""candidate.placeBuilding"":9,""candidate.queueForProduction"":87,""candidate.resumeProduction"":25,""candidate.setUnitDebugText"":216,""candidate.unqueueFromProduction"":24}}",""
"132","separated_lanes_v2","11535","{""sha256"":""003bb30e29b70116052117d3c882aa3242d7590053d3e992003c91747e4d66cf"",""bySideAndMethod"":{""baseline.orderUnits"":45,""baseline.pauseProduction"":11,""baseline.placeBuilding"":10,""baseline.queueForProduction"":35,""baseline.quitGame"":46,""baseline.resumeProduction"":10,""baseline.sellObject"":1,""baseline.setUnitDebugText"":96,""baseline.toggleRepairWrench"":22,""baseline.unqueueFromProduction"":5,""candidate.orderUnits"":1140,""candidate.pauseProduction"":17,""candidate.placeBuilding"":7,""candidate.queueForProduction"":78,""candidate.resumeProduction"":16,""candidate.setUnitDebugText"":52,""candidate.unqueueFromProduction"":31}}","{""kind"":""unified-intent-d1-telemetry-v1"",""complete"":true,""updates"":11535,""budgetMode"":""separated_lanes_v2"",""commandCeiling"":115,""commandCeilingEnforced"":true,""rollingUpdates"":900,""referenceCommandCeiling"":115,""referenceExceededUpdates"":0,""budgetDenialUpdates"":2428,""budgetDeniedUnitIdOccurrences"":11241,""budgetDeniedDebugCalls"":119,""maxRollingCommandCalls"":115,""maxPendingUnitIds"":16,""maxForwardedChunkSize"":16,""counters"":{""gameplayNonorderCalls"":149,""productionBatches"":125,""proposedCalls"":1333,""proposedUnitIds"":1803,""forwardedOrderCalls"":1140,""forwardedUnitIds"":1519,""sameUnitConflicts"":194,""duplicateSuppressions"":67,""invalidUnitIds"":9,""invalidTargets"":14,""invalidTiles"":0,""supersededPending"":194,""expiredPending"":0,""revokedPending"":0,""deferredUnitIds"":11241,""pendingUnitIds"":11241,""debugProposals"":171,""debugCoalesced"":0,""debugForwarded"":52,""debugDropped"":119},""telemetrySha256"":""bf6843f8a52db2b9784d92a6aade1d5640ab65ce2b5cbdb76e750cb5bd1bf5f4""}"
"132","separated_lanes_unbounded_d1","19941","{""sha256"":""b09255341b3d75b2f118ad423315b46edc62a43e6abd5507d6d667bc3e9b335b"",""bySideAndMethod"":{""baseline.orderUnits"":49,""baseline.pauseProduction"":13,""baseline.placeBuilding"":9,""baseline.queueForProduction"":32,""baseline.quitGame"":10,""baseline.resumeProduction"":13,""baseline.sellObject"":3,""baseline.setUnitDebugText"":96,""baseline.toggleRepairWrench"":4,""baseline.unqueueFromProduction"":5,""candidate.activateSuperWeapon"":2,""candidate.orderUnits"":3303,""candidate.pauseProduction"":23,""candidate.placeBuilding"":9,""candidate.queueForProduction"":89,""candidate.resumeProduction"":21,""candidate.setUnitDebugText"":420,""candidate.unqueueFromProduction"":24}}","{""kind"":""unified-intent-d1-telemetry-v1"",""complete"":true,""updates"":19941,""budgetMode"":""separated_lanes_unbounded_d1"",""commandCeiling"":null,""commandCeilingEnforced"":false,""rollingUpdates"":900,""referenceCommandCeiling"":115,""referenceExceededUpdates"":10318,""budgetDenialUpdates"":0,""budgetDeniedUnitIdOccurrences"":0,""budgetDeniedDebugCalls"":0,""maxRollingCommandCalls"":755,""maxPendingUnitIds"":0,""maxForwardedChunkSize"":37,""counters"":{""gameplayNonorderCalls"":168,""productionBatches"":139,""proposedCalls"":3555,""proposedUnitIds"":12121,""forwardedOrderCalls"":3303,""forwardedUnitIds"":11753,""sameUnitConflicts"":352,""duplicateSuppressions"":16,""invalidUnitIds"":0,""invalidTargets"":0,""invalidTiles"":0,""supersededPending"":0,""expiredPending"":0,""revokedPending"":0,""deferredUnitIds"":0,""pendingUnitIds"":0,""debugProposals"":420,""debugCoalesced"":0,""debugForwarded"":420,""debugDropped"":0},""telemetrySha256"":""e1a65cf088f6775eac5315612327626836b9bf258536c098a9e9d106974e6991""}"
"133","disabled","17170","{""sha256"":""979921ed0e1100ab2078c808c0d50d9ec2327548eae53398a54ab15edb1ae980"",""bySideAndMethod"":{""baseline.orderUnits"":151,""baseline.pauseProduction"":10,""baseline.placeBuilding"":10,""baseline.queueForProduction"":38,""baseline.quitGame"":15,""baseline.resumeProduction"":9,""baseline.sayAll"":1,""baseline.sellObject"":4,""baseline.setUnitDebugText"":140,""baseline.toggleRepairWrench"":13,""baseline.unqueueFromProduction"":4,""candidate.activateSuperWeapon"":1,""candidate.orderUnits"":2142,""candidate.pauseProduction"":23,""candidate.placeBuilding"":9,""candidate.queueForProduction"":80,""candidate.resumeProduction"":21,""candidate.setUnitDebugText"":395,""candidate.unqueueFromProduction"":18}}",""
"133","separated_lanes_v2","19232","{""sha256"":""c54579d78bd337de5b32daa3969fb6e2f991a87877f2fbbdfd4a055aff423ad7"",""bySideAndMethod"":{""baseline.orderUnits"":168,""baseline.pauseProduction"":11,""baseline.placeBuilding"":10,""baseline.queueForProduction"":44,""baseline.quitGame"":35,""baseline.resumeProduction"":10,""baseline.sellObject"":5,""baseline.setUnitDebugText"":137,""baseline.toggleRepairWrench"":23,""baseline.unqueueFromProduction"":9,""candidate.activateSuperWeapon"":2,""candidate.orderUnits"":1950,""candidate.pauseProduction"":25,""candidate.placeBuilding"":10,""candidate.queueForProduction"":88,""candidate.resumeProduction"":24,""candidate.setUnitDebugText"":147,""candidate.unqueueFromProduction"":20}}","{""kind"":""unified-intent-d1-telemetry-v1"",""complete"":true,""updates"":19232,""budgetMode"":""separated_lanes_v2"",""commandCeiling"":115,""commandCeilingEnforced"":true,""rollingUpdates"":900,""referenceCommandCeiling"":115,""referenceExceededUpdates"":0,""budgetDenialUpdates"":3248,""budgetDeniedUnitIdOccurrences"":16894,""budgetDeniedDebugCalls"":229,""maxRollingCommandCalls"":115,""maxPendingUnitIds"":24,""maxForwardedChunkSize"":24,""counters"":{""gameplayNonorderCalls"":169,""productionBatches"":138,""proposedCalls"":2584,""proposedUnitIds"":6918,""forwardedOrderCalls"":1950,""forwardedUnitIds"":4513,""sameUnitConflicts"":593,""duplicateSuppressions"":77,""invalidUnitIds"":11,""invalidTargets"":12,""invalidTiles"":0,""supersededPending"":380,""expiredPending"":0,""revokedPending"":1712,""deferredUnitIds"":16894,""pendingUnitIds"":16894,""debugProposals"":376,""debugCoalesced"":0,""debugForwarded"":147,""debugDropped"":229},""telemetrySha256"":""f681c2842e9c72b90305829adb85b33b5cf15291f6f2a9b29d268c91822087b2""}"
"133","separated_lanes_unbounded_d1","13660","{""sha256"":""988f412a437367471a4fd6fb9289e6b5d54c91f2a88771d21b89e889550f3ba0"",""bySideAndMethod"":{""baseline.orderUnits"":103,""baseline.pauseProduction"":10,""baseline.placeBuilding"":9,""baseline.queueForProduction"":35,""baseline.quitGame"":24,""baseline.resumeProduction"":8,""baseline.sayAll"":1,""baseline.sellObject"":2,""baseline.setUnitDebugText"":145,""baseline.toggleRepairWrench"":14,""baseline.unqueueFromProduction"":4,""candidate.activateSuperWeapon"":1,""candidate.orderUnits"":1604,""candidate.pauseProduction"":18,""candidate.placeBuilding"":8,""candidate.queueForProduction"":69,""candidate.resumeProduction"":17,""candidate.setUnitDebugText"":196,""candidate.unqueueFromProduction"":18}}","{""kind"":""unified-intent-d1-telemetry-v1"",""complete"":true,""updates"":13660,""budgetMode"":""separated_lanes_unbounded_d1"",""commandCeiling"":null,""commandCeilingEnforced"":false,""rollingUpdates"":900,""referenceCommandCeiling"":115,""referenceExceededUpdates"":5849,""budgetDenialUpdates"":0,""budgetDeniedUnitIdOccurrences"":0,""budgetDeniedDebugCalls"":0,""maxRollingCommandCalls"":269,""maxPendingUnitIds"":0,""maxForwardedChunkSize"":11,""counters"":{""gameplayNonorderCalls"":131,""productionBatches"":106,""proposedCalls"":1620,""proposedUnitIds"":2263,""forwardedOrderCalls"":1604,""forwardedUnitIds"":2249,""sameUnitConflicts"":0,""duplicateSuppressions"":14,""invalidUnitIds"":0,""invalidTargets"":0,""invalidTiles"":0,""supersededPending"":0,""expiredPending"":0,""revokedPending"":0,""deferredUnitIds"":0,""pendingUnitIds"":0,""debugProposals"":196,""debugCoalesced"":0,""debugForwarded"":196,""debugDropped"":0},""telemetrySha256"":""d1be527f60b54eca943eec4e9956f65026a9e6d1fb5fbebc8cb99fe6e5a9209d""}"
"134","disabled","10292","{""sha256"":""62ac458ff05a44898d4c3301c81b5a7f181e128d6e1e17517a2a06430ecb2196"",""bySideAndMethod"":{""baseline.orderUnits"":81,""baseline.pauseProduction"":10,""baseline.placeBuilding"":8,""baseline.queueForProduction"":43,""baseline.resumeProduction"":10,""baseline.sellObject"":1,""baseline.setUnitDebugText"":119,""baseline.toggleRepairWrench"":6,""baseline.unqueueFromProduction"":7,""candidate.orderUnits"":1202,""candidate.pauseProduction"":13,""candidate.placeBuilding"":7,""candidate.queueForProduction"":94,""candidate.resumeProduction"":11,""candidate.setUnitDebugText"":438,""candidate.unqueueFromProduction"":13}}",""
"134","separated_lanes_v2","24000","{""sha256"":""23ef9453eba69a349673c56cee0d1700477888aa11cd35db1600a08e42943830"",""bySideAndMethod"":{""baseline.orderUnits"":211,""baseline.pauseProduction"":9,""baseline.placeBuilding"":14,""baseline.queueForProduction"":49,""baseline.resumeProduction"":9,""baseline.sayAll"":1,""baseline.sellObject"":6,""baseline.setUnitDebugText"":175,""baseline.toggleRepairWrench"":9,""baseline.unqueueFromProduction"":6,""candidate.orderUnits"":2090,""candidate.pauseProduction"":32,""candidate.placeBuilding"":14,""candidate.queueForProduction"":138,""candidate.resumeProduction"":30,""candidate.setUnitDebugText"":202,""candidate.toggleRepairWrench"":2,""candidate.unqueueFromProduction"":17}}","{""kind"":""unified-intent-d1-telemetry-v1"",""complete"":true,""updates"":24000,""budgetMode"":""separated_lanes_v2"",""commandCeiling"":115,""commandCeilingEnforced"":true,""rollingUpdates"":900,""referenceCommandCeiling"":115,""referenceExceededUpdates"":0,""budgetDenialUpdates"":3336,""budgetDeniedUnitIdOccurrences"":20059,""budgetDeniedDebugCalls"":343,""maxRollingCommandCalls"":115,""maxPendingUnitIds"":27,""maxForwardedChunkSize"":30,""counters"":{""gameplayNonorderCalls"":233,""productionBatches"":199,""proposedCalls"":2852,""proposedUnitIds"":6400,""forwardedOrderCalls"":2090,""forwardedUnitIds"":5842,""sameUnitConflicts"":481,""duplicateSuppressions"":61,""invalidUnitIds"":4,""invalidTargets"":12,""invalidTiles"":0,""supersededPending"":481,""expiredPending"":0,""revokedPending"":0,""deferredUnitIds"":20059,""pendingUnitIds"":20059,""debugProposals"":545,""debugCoalesced"":0,""debugForwarded"":202,""debugDropped"":343},""telemetrySha256"":""e22ee8ea29c0b523ad16f2dadd0901d41469b3258863d751d6d61cb02e83dc17""}"
"134","separated_lanes_unbounded_d1","10292","{""sha256"":""7b1d44f88fdc87e07deb739eb1786bafe0c102b7484df7180df6581f24d4c49b"",""bySideAndMethod"":{""baseline.orderUnits"":81,""baseline.pauseProduction"":10,""baseline.placeBuilding"":8,""baseline.queueForProduction"":43,""baseline.resumeProduction"":10,""baseline.sellObject"":1,""baseline.setUnitDebugText"":119,""baseline.toggleRepairWrench"":6,""baseline.unqueueFromProduction"":7,""candidate.orderUnits"":1180,""candidate.pauseProduction"":13,""candidate.placeBuilding"":7,""candidate.queueForProduction"":94,""candidate.resumeProduction"":11,""candidate.setUnitDebugText"":438,""candidate.unqueueFromProduction"":13}}","{""kind"":""unified-intent-d1-telemetry-v1"",""complete"":true,""updates"":10292,""budgetMode"":""separated_lanes_unbounded_d1"",""commandCeiling"":null,""commandCeilingEnforced"":false,""rollingUpdates"":900,""referenceCommandCeiling"":115,""referenceExceededUpdates"":6129,""budgetDenialUpdates"":0,""budgetDeniedUnitIdOccurrences"":0,""budgetDeniedDebugCalls"":0,""maxRollingCommandCalls"":307,""maxPendingUnitIds"":0,""maxForwardedChunkSize"":27,""counters"":{""gameplayNonorderCalls"":138,""productionBatches"":121,""proposedCalls"":1202,""proposedUnitIds"":2763,""forwardedOrderCalls"":1180,""forwardedUnitIds"":2760,""sameUnitConflicts"":0,""duplicateSuppressions"":3,""invalidUnitIds"":0,""invalidTargets"":0,""invalidTiles"":0,""supersededPending"":0,""expiredPending"":0,""revokedPending"":0,""deferredUnitIds"":0,""pendingUnitIds"":0,""debugProposals"":438,""debugCoalesced"":0,""debugForwarded"":438,""debugDropped"":0},""telemetrySha256"":""50bb03c6302ac666ef4397d668eee7825349fc044a67d66f8ba65b475a05641f""}"
"135","disabled","13401","{""sha256"":""741734886c95977bd7bf48d3c3cabc1852920283a9658cce002bbac066d8f1be"",""bySideAndMethod"":{""baseline.orderUnits"":110,""baseline.pauseProduction"":8,""baseline.placeBuilding"":9,""baseline.queueForProduction"":38,""baseline.quitGame"":14,""baseline.resumeProduction"":7,""baseline.sayAll"":1,""baseline.setUnitDebugText"":129,""baseline.toggleRepairWrench"":11,""baseline.unqueueFromProduction"":3,""candidate.orderUnits"":1710,""candidate.pauseProduction"":15,""candidate.placeBuilding"":8,""candidate.queueForProduction"":102,""candidate.resumeProduction"":13,""candidate.setUnitDebugText"":411,""candidate.unqueueFromProduction"":15}}",""
"135","separated_lanes_v2","24000","{""sha256"":""500c7db77b6f2abed47605f9342bdc568c42cda66f036d3790eb8cf6279ec764"",""bySideAndMethod"":{""baseline.orderUnits"":125,""baseline.pauseProduction"":13,""baseline.placeBuilding"":9,""baseline.queueForProduction"":38,""baseline.resumeProduction"":10,""baseline.sayAll"":3,""baseline.setUnitDebugText"":123,""baseline.toggleRepairWrench"":1,""baseline.unqueueFromProduction"":4,""candidate.orderUnits"":2323,""candidate.pauseProduction"":27,""candidate.placeBuilding"":10,""candidate.queueForProduction"":149,""candidate.resumeProduction"":26,""candidate.setUnitDebugText"":189,""candidate.unqueueFromProduction"":21}}","{""kind"":""unified-intent-d1-telemetry-v1"",""complete"":true,""updates"":24000,""budgetMode"":""separated_lanes_v2"",""commandCeiling"":115,""commandCeilingEnforced"":true,""rollingUpdates"":900,""referenceCommandCeiling"":115,""referenceExceededUpdates"":0,""budgetDenialUpdates"":4477,""budgetDeniedUnitIdOccurrences"":26082,""budgetDeniedDebugCalls"":433,""maxRollingCommandCalls"":115,""maxPendingUnitIds"":30,""maxForwardedChunkSize"":28,""counters"":{""gameplayNonorderCalls"":233,""productionBatches"":205,""proposedCalls"":4041,""proposedUnitIds"":14354,""forwardedOrderCalls"":2323,""forwardedUnitIds"":6695,""sameUnitConflicts"":691,""duplicateSuppressions"":107,""invalidUnitIds"":6,""invalidTargets"":10,""invalidTiles"":0,""supersededPending"":691,""expiredPending"":0,""revokedPending"":6842,""deferredUnitIds"":26082,""pendingUnitIds"":26082,""debugProposals"":622,""debugCoalesced"":0,""debugForwarded"":189,""debugDropped"":433},""telemetrySha256"":""9f1034a58d4490d6f3aa4d91f70b41ad4cae8d0fb06fdad1c1471d357398e5f0""}"
"135","separated_lanes_unbounded_d1","13401","{""sha256"":""37b16abd266b39cb6bd374e246854f25b73fac32fa11f896e83bb0e5d0b507ef"",""bySideAndMethod"":{""baseline.orderUnits"":110,""baseline.pauseProduction"":8,""baseline.placeBuilding"":9,""baseline.queueForProduction"":38,""baseline.quitGame"":14,""baseline.resumeProduction"":7,""baseline.sayAll"":1,""baseline.setUnitDebugText"":129,""baseline.toggleRepairWrench"":11,""baseline.unqueueFromProduction"":3,""candidate.orderUnits"":1490,""candidate.pauseProduction"":15,""candidate.placeBuilding"":8,""candidate.queueForProduction"":102,""candidate.resumeProduction"":13,""candidate.setUnitDebugText"":411,""candidate.unqueueFromProduction"":15}}","{""kind"":""unified-intent-d1-telemetry-v1"",""complete"":true,""updates"":13401,""budgetMode"":""separated_lanes_unbounded_d1"",""commandCeiling"":null,""commandCeilingEnforced"":false,""rollingUpdates"":900,""referenceCommandCeiling"":115,""referenceExceededUpdates"":7056,""budgetDenialUpdates"":0,""budgetDeniedUnitIdOccurrences"":0,""budgetDeniedDebugCalls"":0,""maxRollingCommandCalls"":245,""maxPendingUnitIds"":0,""maxForwardedChunkSize"":26,""counters"":{""gameplayNonorderCalls"":153,""productionBatches"":134,""proposedCalls"":1710,""proposedUnitIds"":3476,""forwardedOrderCalls"":1490,""forwardedUnitIds"":3473,""sameUnitConflicts"":0,""duplicateSuppressions"":3,""invalidUnitIds"":0,""invalidTargets"":0,""invalidTiles"":0,""supersededPending"":0,""expiredPending"":0,""revokedPending"":0,""deferredUnitIds"":0,""pendingUnitIds"":0,""debugProposals"":411,""debugCoalesced"":0,""debugForwarded"":411,""debugDropped"":0},""telemetrySha256"":""15101b04a20549be22202941dfdfdfbe64a2c94090f0c2f9e48bf3c6bb06d9d4""}"
"136","disabled","7894","{""sha256"":""c109731de93f2fce2045cf777f8757ef82c73b9e6f54b0e26c227f33bd149d4a"",""bySideAndMethod"":{""baseline.orderUnits"":66,""baseline.pauseProduction"":6,""baseline.placeBuilding"":8,""baseline.queueForProduction"":38,""baseline.resumeProduction"":6,""baseline.sellObject"":1,""baseline.setUnitDebugText"":78,""baseline.toggleRepairWrench"":23,""baseline.unqueueFromProduction"":4,""candidate.orderUnits"":888,""candidate.pauseProduction"":4,""candidate.placeBuilding"":6,""candidate.queueForProduction"":41,""candidate.resumeProduction"":3,""candidate.setUnitDebugText"":41,""candidate.unqueueFromProduction"":11}}",""
"136","separated_lanes_v2","18730","{""sha256"":""3d3a6264677d970e0cac808f7d1c0d6aa04b958c453eba938313aaf87e0348e4"",""bySideAndMethod"":{""baseline.activateSuperWeapon"":4,""baseline.orderUnits"":991,""baseline.pauseProduction"":13,""baseline.placeBuilding"":14,""baseline.queueForProduction"":50,""baseline.resumeProduction"":13,""baseline.setUnitDebugText"":230,""baseline.toggleRepairWrench"":4,""baseline.unqueueFromProduction"":5,""candidate.orderUnits"":1304,""candidate.pauseProduction"":9,""candidate.placeBuilding"":11,""candidate.queueForProduction"":55,""candidate.resumeProduction"":5,""candidate.setUnitDebugText"":59,""candidate.toggleRepairWrench"":12,""candidate.unqueueFromProduction"":19}}","{""kind"":""unified-intent-d1-telemetry-v1"",""complete"":true,""updates"":18730,""budgetMode"":""separated_lanes_v2"",""commandCeiling"":115,""commandCeilingEnforced"":true,""rollingUpdates"":900,""referenceCommandCeiling"":115,""referenceExceededUpdates"":0,""budgetDenialUpdates"":1528,""budgetDeniedUnitIdOccurrences"":4600,""budgetDeniedDebugCalls"":16,""maxRollingCommandCalls"":115,""maxPendingUnitIds"":9,""maxForwardedChunkSize"":7,""counters"":{""gameplayNonorderCalls"":111,""productionBatches"":79,""proposedCalls"":1444,""proposedUnitIds"":1694,""forwardedOrderCalls"":1304,""forwardedUnitIds"":1539,""sameUnitConflicts"":109,""duplicateSuppressions"":45,""invalidUnitIds"":0,""invalidTargets"":1,""invalidTiles"":0,""supersededPending"":109,""expiredPending"":0,""revokedPending"":0,""deferredUnitIds"":4600,""pendingUnitIds"":4600,""debugProposals"":75,""debugCoalesced"":0,""debugForwarded"":59,""debugDropped"":16},""telemetrySha256"":""1c36be4144a0e907bd71d8c4044d49f3af45e403bd03544bd6e16c9fcf852f92""}"
"136","separated_lanes_unbounded_d1","8338","{""sha256"":""e5619b23db2a3d0dfdc5dbec8cd017f75599e35c331bf957a18b2ebd3487c9ee"",""bySideAndMethod"":{""baseline.orderUnits"":71,""baseline.pauseProduction"":7,""baseline.placeBuilding"":8,""baseline.queueForProduction"":39,""baseline.resumeProduction"":6,""baseline.sellObject"":1,""baseline.setUnitDebugText"":83,""baseline.toggleRepairWrench"":13,""baseline.unqueueFromProduction"":5,""candidate.orderUnits"":876,""candidate.pauseProduction"":6,""candidate.placeBuilding"":6,""candidate.queueForProduction"":45,""candidate.resumeProduction"":6,""candidate.setUnitDebugText"":42,""candidate.unqueueFromProduction"":14}}","{""kind"":""unified-intent-d1-telemetry-v1"",""complete"":true,""updates"":8338,""budgetMode"":""separated_lanes_unbounded_d1"",""commandCeiling"":null,""commandCeilingEnforced"":false,""rollingUpdates"":900,""referenceCommandCeiling"":115,""referenceExceededUpdates"":3432,""budgetDenialUpdates"":0,""budgetDeniedUnitIdOccurrences"":0,""budgetDeniedDebugCalls"":0,""maxRollingCommandCalls"":165,""maxPendingUnitIds"":0,""maxForwardedChunkSize"":7,""counters"":{""gameplayNonorderCalls"":77,""productionBatches"":64,""proposedCalls"":908,""proposedUnitIds"":1076,""forwardedOrderCalls"":876,""forwardedUnitIds"":1070,""sameUnitConflicts"":0,""duplicateSuppressions"":6,""invalidUnitIds"":0,""invalidTargets"":0,""invalidTiles"":0,""supersededPending"":0,""expiredPending"":0,""revokedPending"":0,""deferredUnitIds"":0,""pendingUnitIds"":0,""debugProposals"":42,""debugCoalesced"":0,""debugForwarded"":42,""debugDropped"":0},""telemetrySha256"":""ca26e014345e0eebdbea7d2e033c0f6d88071a9888199c177a0c78fa8860031a""}"
"137","disabled","17884","{""sha256"":""89e7ac279b4f5eed0b38bb5df72681e2ccadeae8e700f0a0b906eecbf2d163cd"",""bySideAndMethod"":{""baseline.activateSuperWeapon"":3,""baseline.orderUnits"":883,""baseline.pauseProduction"":10,""baseline.placeBuilding"":14,""baseline.queueForProduction"":46,""baseline.resumeProduction"":10,""baseline.setUnitDebugText"":208,""baseline.toggleRepairWrench"":5,""baseline.unqueueFromProduction"":5,""candidate.orderUnits"":1332,""candidate.pauseProduction"":14,""candidate.placeBuilding"":8,""candidate.queueForProduction"":57,""candidate.resumeProduction"":10,""candidate.setUnitDebugText"":55,""candidate.toggleRepairWrench"":15,""candidate.unqueueFromProduction"":22}}",""
"137","separated_lanes_v2","18761","{""sha256"":""a3d6c2b8db23f9372dd1860cad0e7ceacb2264726ea644ce73a51f3562128024"",""bySideAndMethod"":{""baseline.activateSuperWeapon"":4,""baseline.orderUnits"":793,""baseline.pauseProduction"":10,""baseline.placeBuilding"":16,""baseline.queueForProduction"":48,""baseline.resumeProduction"":10,""baseline.setUnitDebugText"":199,""baseline.toggleRepairWrench"":4,""baseline.unqueueFromProduction"":5,""candidate.orderUnits"":1157,""candidate.pauseProduction"":12,""candidate.placeBuilding"":8,""candidate.queueForProduction"":54,""candidate.resumeProduction"":10,""candidate.setUnitDebugText"":58,""candidate.toggleRepairWrench"":8,""candidate.unqueueFromProduction"":18}}","{""kind"":""unified-intent-d1-telemetry-v1"",""complete"":true,""updates"":18761,""budgetMode"":""separated_lanes_v2"",""commandCeiling"":115,""commandCeilingEnforced"":true,""rollingUpdates"":900,""referenceCommandCeiling"":115,""referenceExceededUpdates"":0,""budgetDenialUpdates"":1467,""budgetDeniedUnitIdOccurrences"":4648,""budgetDeniedDebugCalls"":17,""maxRollingCommandCalls"":115,""maxPendingUnitIds"":10,""maxForwardedChunkSize"":7,""counters"":{""gameplayNonorderCalls"":110,""productionBatches"":86,""proposedCalls"":1294,""proposedUnitIds"":1541,""forwardedOrderCalls"":1157,""forwardedUnitIds"":1377,""sameUnitConflicts"":117,""duplicateSuppressions"":46,""invalidUnitIds"":0,""invalidTargets"":1,""invalidTiles"":0,""supersededPending"":117,""expiredPending"":0,""revokedPending"":0,""deferredUnitIds"":4648,""pendingUnitIds"":4648,""debugProposals"":75,""debugCoalesced"":0,""debugForwarded"":58,""debugDropped"":17},""telemetrySha256"":""b392e4f5d00fc3ae1361be929c4c25c0794e54c3651cc9f6234c5ca628fca3b0""}"
"137","separated_lanes_unbounded_d1","19403","{""sha256"":""fe691027485faeca339618cc5263e6a4636e43df1fda739b1ea794ac898e3367"",""bySideAndMethod"":{""baseline.activateSuperWeapon"":4,""baseline.orderUnits"":1029,""baseline.pauseProduction"":17,""baseline.placeBuilding"":13,""baseline.queueForProduction"":52,""baseline.resumeProduction"":14,""baseline.setUnitDebugText"":229,""baseline.toggleRepairWrench"":7,""baseline.unqueueFromProduction"":5,""candidate.orderUnits"":1436,""candidate.pauseProduction"":11,""candidate.placeBuilding"":8,""candidate.queueForProduction"":54,""candidate.resumeProduction"":7,""candidate.setUnitDebugText"":57,""candidate.toggleRepairWrench"":9,""candidate.unqueueFromProduction"":18}}","{""kind"":""unified-intent-d1-telemetry-v1"",""complete"":true,""updates"":19403,""budgetMode"":""separated_lanes_unbounded_d1"",""commandCeiling"":null,""commandCeilingEnforced"":false,""rollingUpdates"":900,""referenceCommandCeiling"":115,""referenceExceededUpdates"":3504,""budgetDenialUpdates"":0,""budgetDeniedUnitIdOccurrences"":0,""budgetDeniedDebugCalls"":0,""maxRollingCommandCalls"":162,""maxPendingUnitIds"":0,""maxForwardedChunkSize"":7,""counters"":{""gameplayNonorderCalls"":107,""productionBatches"":82,""proposedCalls"":1467,""proposedUnitIds"":1654,""forwardedOrderCalls"":1436,""forwardedUnitIds"":1647,""sameUnitConflicts"":0,""duplicateSuppressions"":7,""invalidUnitIds"":0,""invalidTargets"":0,""invalidTiles"":0,""supersededPending"":0,""expiredPending"":0,""revokedPending"":0,""deferredUnitIds"":0,""pendingUnitIds"":0,""debugProposals"":57,""debugCoalesced"":0,""debugForwarded"":57,""debugDropped"":0},""telemetrySha256"":""68b17e3e575ab4da447d8e59cc0a3769d213b387c801fa91e1a7dd494f640c65""}"
"138","disabled","24000","{""sha256"":""184f9f9e1d4112b1e2ecce65fcaee8f5a55f81fff04ea2fcc1ec1c363f55d2d8"",""bySideAndMethod"":{""baseline.orderUnits"":418,""baseline.pauseProduction"":5,""baseline.placeBuilding"":19,""baseline.queueForProduction"":64,""baseline.resumeProduction"":5,""baseline.sellObject"":3,""baseline.setUnitDebugText"":265,""baseline.unqueueFromProduction"":9,""candidate.orderUnits"":1785,""candidate.pauseProduction"":60,""candidate.placeBuilding"":10,""candidate.queueForProduction"":96,""candidate.resumeProduction"":56,""candidate.setUnitDebugText"":194,""candidate.toggleRepairWrench"":7,""candidate.unqueueFromProduction"":28}}",""
"138","separated_lanes_v2","24000","{""sha256"":""533dc4c9a925577c835accaff69097377c86c02ff022182b949c5db9cd98657d"",""bySideAndMethod"":{""baseline.orderUnits"":427,""baseline.pauseProduction"":6,""baseline.placeBuilding"":17,""baseline.queueForProduction"":71,""baseline.resumeProduction"":5,""baseline.sellObject"":5,""baseline.setUnitDebugText"":277,""baseline.toggleRepairWrench"":1,""baseline.unqueueFromProduction"":9,""candidate.orderUnits"":1662,""candidate.pauseProduction"":17,""candidate.placeBuilding"":8,""candidate.queueForProduction"":77,""candidate.quitGame"":22,""candidate.resumeProduction"":16,""candidate.setUnitDebugText"":107,""candidate.toggleRepairWrench"":27,""candidate.unqueueFromProduction"":24}}","{""kind"":""unified-intent-d1-telemetry-v1"",""complete"":true,""updates"":24000,""budgetMode"":""separated_lanes_v2"",""commandCeiling"":115,""commandCeilingEnforced"":true,""rollingUpdates"":900,""referenceCommandCeiling"":115,""referenceExceededUpdates"":0,""budgetDenialUpdates"":1415,""budgetDeniedUnitIdOccurrences"":7448,""budgetDeniedDebugCalls"":101,""maxRollingCommandCalls"":115,""maxPendingUnitIds"":14,""maxForwardedChunkSize"":13,""counters"":{""gameplayNonorderCalls"":191,""productionBatches"":118,""proposedCalls"":1863,""proposedUnitIds"":2928,""forwardedOrderCalls"":1662,""forwardedUnitIds"":2641,""sameUnitConflicts"":189,""duplicateSuppressions"":38,""invalidUnitIds"":8,""invalidTargets"":52,""invalidTiles"":0,""supersededPending"":200,""expiredPending"":0,""revokedPending"":0,""deferredUnitIds"":7448,""pendingUnitIds"":7448,""debugProposals"":208,""debugCoalesced"":0,""debugForwarded"":107,""debugDropped"":101},""telemetrySha256"":""cca56e019b6792776206467da040017c8dd4e04e6029aa79ba54a7d09499b5ad""}"
"138","separated_lanes_unbounded_d1","24000","{""sha256"":""6a0a3327f87cc72d7f392dba9fbf14316e9e532cf4617193008f485d067b3bbe"",""bySideAndMethod"":{""baseline.orderUnits"":418,""baseline.pauseProduction"":5,""baseline.placeBuilding"":19,""baseline.queueForProduction"":64,""baseline.resumeProduction"":5,""baseline.sellObject"":3,""baseline.setUnitDebugText"":265,""baseline.unqueueFromProduction"":9,""candidate.orderUnits"":1610,""candidate.pauseProduction"":60,""candidate.placeBuilding"":10,""candidate.queueForProduction"":96,""candidate.resumeProduction"":56,""candidate.setUnitDebugText"":194,""candidate.toggleRepairWrench"":7,""candidate.unqueueFromProduction"":28}}","{""kind"":""unified-intent-d1-telemetry-v1"",""complete"":true,""updates"":24000,""budgetMode"":""separated_lanes_unbounded_d1"",""commandCeiling"":null,""commandCeilingEnforced"":false,""rollingUpdates"":900,""referenceCommandCeiling"":115,""referenceExceededUpdates"":3792,""budgetDenialUpdates"":0,""budgetDeniedUnitIdOccurrences"":0,""budgetDeniedDebugCalls"":0,""maxRollingCommandCalls"":209,""maxPendingUnitIds"":0,""maxForwardedChunkSize"":12,""counters"":{""gameplayNonorderCalls"":257,""productionBatches"":193,""proposedCalls"":1785,""proposedUnitIds"":2562,""forwardedOrderCalls"":1610,""forwardedUnitIds"":2559,""sameUnitConflicts"":0,""duplicateSuppressions"":3,""invalidUnitIds"":0,""invalidTargets"":0,""invalidTiles"":0,""supersededPending"":0,""expiredPending"":0,""revokedPending"":0,""deferredUnitIds"":0,""pendingUnitIds"":0,""debugProposals"":194,""debugCoalesced"":0,""debugForwarded"":194,""debugDropped"":0},""telemetrySha256"":""70c0c3cf9b02fd8748b0388128b331bde4d468b0a996c04c3092ecf3b8cc1150""}"
"139","disabled","24000","{""sha256"":""535c2faca9faba162573e5bd2f87d7f8162034a47d2096edaf1c848bbf27b797"",""bySideAndMethod"":{""baseline.orderUnits"":361,""baseline.pauseProduction"":6,""baseline.placeBuilding"":18,""baseline.queueForProduction"":60,""baseline.resumeProduction"":6,""baseline.sellObject"":4,""baseline.setUnitDebugText"":278,""baseline.unqueueFromProduction"":9,""candidate.orderUnits"":1774,""candidate.pauseProduction"":62,""candidate.placeBuilding"":9,""candidate.queueForProduction"":107,""candidate.resumeProduction"":60,""candidate.setUnitDebugText"":165,""candidate.toggleRepairWrench"":6,""candidate.unqueueFromProduction"":41}}",""
"139","separated_lanes_v2","13881","{""sha256"":""3ddb64a38f2f75f4db989579a7e67cb1bfe5ac83b0ee55448b3e174a923e0915"",""bySideAndMethod"":{""baseline.orderUnits"":222,""baseline.pauseProduction"":4,""baseline.placeBuilding"":12,""baseline.queueForProduction"":45,""baseline.resumeProduction"":4,""baseline.sellObject"":2,""baseline.setUnitDebugText"":167,""baseline.unqueueFromProduction"":6,""candidate.orderUnits"":1066,""candidate.pauseProduction"":16,""candidate.placeBuilding"":8,""candidate.queueForProduction"":61,""candidate.quitGame"":53,""candidate.resumeProduction"":15,""candidate.setUnitDebugText"":83,""candidate.toggleRepairWrench"":24,""candidate.unqueueFromProduction"":12}}","{""kind"":""unified-intent-d1-telemetry-v1"",""complete"":true,""updates"":13881,""budgetMode"":""separated_lanes_v2"",""commandCeiling"":115,""commandCeilingEnforced"":true,""rollingUpdates"":900,""referenceCommandCeiling"":115,""referenceExceededUpdates"":0,""budgetDenialUpdates"":1578,""budgetDeniedUnitIdOccurrences"":8045,""budgetDeniedDebugCalls"":54,""maxRollingCommandCalls"":115,""maxPendingUnitIds"":14,""maxForwardedChunkSize"":12,""counters"":{""gameplayNonorderCalls"":189,""productionBatches"":89,""proposedCalls"":1209,""proposedUnitIds"":1687,""forwardedOrderCalls"":1066,""forwardedUnitIds"":1396,""sameUnitConflicts"":198,""duplicateSuppressions"":35,""invalidUnitIds"":11,""invalidTargets"":43,""invalidTiles"":0,""supersededPending"":198,""expiredPending"":4,""revokedPending"":0,""deferredUnitIds"":8045,""pendingUnitIds"":8045,""debugProposals"":137,""debugCoalesced"":0,""debugForwarded"":83,""debugDropped"":54},""telemetrySha256"":""57392358e5ccf080ebfedaf898a7480db81a886f6fe5d1ba333d3c799fe68a73""}"
"139","separated_lanes_unbounded_d1","24000","{""sha256"":""ae1bc8349a2226b310e4871ac92be13f38a8f6803c062af75aaefcfdf28dab00"",""bySideAndMethod"":{""baseline.orderUnits"":361,""baseline.pauseProduction"":6,""baseline.placeBuilding"":18,""baseline.queueForProduction"":60,""baseline.resumeProduction"":6,""baseline.sellObject"":4,""baseline.setUnitDebugText"":278,""baseline.unqueueFromProduction"":9,""candidate.orderUnits"":1583,""candidate.pauseProduction"":62,""candidate.placeBuilding"":9,""candidate.queueForProduction"":107,""candidate.resumeProduction"":60,""candidate.setUnitDebugText"":165,""candidate.toggleRepairWrench"":6,""candidate.unqueueFromProduction"":41}}","{""kind"":""unified-intent-d1-telemetry-v1"",""complete"":true,""updates"":24000,""budgetMode"":""separated_lanes_unbounded_d1"",""commandCeiling"":null,""commandCeilingEnforced"":false,""rollingUpdates"":900,""referenceCommandCeiling"":115,""referenceExceededUpdates"":2868,""budgetDenialUpdates"":0,""budgetDeniedUnitIdOccurrences"":0,""budgetDeniedDebugCalls"":0,""maxRollingCommandCalls"":209,""maxPendingUnitIds"":0,""maxForwardedChunkSize"":12,""counters"":{""gameplayNonorderCalls"":285,""productionBatches"":214,""proposedCalls"":1774,""proposedUnitIds"":2560,""forwardedOrderCalls"":1583,""forwardedUnitIds"":2557,""sameUnitConflicts"":0,""duplicateSuppressions"":3,""invalidUnitIds"":0,""invalidTargets"":0,""invalidTiles"":0,""supersededPending"":0,""expiredPending"":0,""revokedPending"":0,""deferredUnitIds"":0,""pendingUnitIds"":0,""debugProposals"":165,""debugCoalesced"":0,""debugForwarded"":165,""debugDropped"":0},""telemetrySha256"":""427c1677f51c78cddeaf3a34770e55912b2e371d23757b57947f096283ab0e1d""}"
"140","disabled","19880","{""sha256"":""1511565bda0b0edc957825134c8ac2d534bdb019dc0d5fb934e23c5f5bae1bc2"",""bySideAndMethod"":{""baseline.orderUnits"":77,""baseline.pauseProduction"":10,""baseline.placeBuilding"":8,""baseline.queueForProduction"":40,""baseline.quitGame"":18,""baseline.resumeProduction"":10,""baseline.sellObject"":1,""baseline.setUnitDebugText"":108,""baseline.toggleRepairWrench"":21,""baseline.unqueueFromProduction"":12,""candidate.activateSuperWeapon"":2,""candidate.orderUnits"":3564,""candidate.pauseProduction"":26,""candidate.placeBuilding"":10,""candidate.queueForProduction"":85,""candidate.resumeProduction"":25,""candidate.setUnitDebugText"":287,""candidate.unqueueFromProduction"":20}}",""
"140","separated_lanes_v2","15442","{""sha256"":""1de599c5014b2319e2b0d0144e21da47fea71fc7fce38a39a3a8bb5856a6cf4a"",""bySideAndMethod"":{""baseline.orderUnits"":119,""baseline.pauseProduction"":12,""baseline.placeBuilding"":9,""baseline.queueForProduction"":32,""baseline.quitGame"":6,""baseline.resumeProduction"":8,""baseline.sellObject"":5,""baseline.setUnitDebugText"":120,""baseline.toggleRepairWrench"":6,""baseline.unqueueFromProduction"":4,""candidate.activateSuperWeapon"":1,""candidate.orderUnits"":1420,""candidate.pauseProduction"":19,""candidate.placeBuilding"":8,""candidate.queueForProduction"":74,""candidate.resumeProduction"":17,""candidate.setUnitDebugText"":159,""candidate.unqueueFromProduction"":19}}","{""kind"":""unified-intent-d1-telemetry-v1"",""complete"":true,""updates"":15442,""budgetMode"":""separated_lanes_v2"",""commandCeiling"":115,""commandCeilingEnforced"":true,""rollingUpdates"":900,""referenceCommandCeiling"":115,""referenceExceededUpdates"":0,""budgetDenialUpdates"":2410,""budgetDeniedUnitIdOccurrences"":8857,""budgetDeniedDebugCalls"":114,""maxRollingCommandCalls"":115,""maxPendingUnitIds"":15,""maxForwardedChunkSize"":16,""counters"":{""gameplayNonorderCalls"":138,""productionBatches"":115,""proposedCalls"":1676,""proposedUnitIds"":2276,""forwardedOrderCalls"":1420,""forwardedUnitIds"":2051,""sameUnitConflicts"":138,""duplicateSuppressions"":79,""invalidUnitIds"":3,""invalidTargets"":0,""invalidTiles"":0,""supersededPending"":138,""expiredPending"":4,""revokedPending"":0,""deferredUnitIds"":8857,""pendingUnitIds"":8857,""debugProposals"":273,""debugCoalesced"":0,""debugForwarded"":159,""debugDropped"":114},""telemetrySha256"":""6d11e2e53178bf6d7a1aeaaaa25036bce65b52c3bace6875aae50dff97bd7b27""}"
"140","separated_lanes_unbounded_d1","16336","{""sha256"":""39d289d2b966123b51f0b5094f2ac7c3da9c1a12a6304fd5c0a96626911089bf"",""bySideAndMethod"":{""baseline.orderUnits"":51,""baseline.pauseProduction"":17,""baseline.placeBuilding"":10,""baseline.queueForProduction"":33,""baseline.quitGame"":20,""baseline.resumeProduction"":16,""baseline.sellObject"":1,""baseline.setUnitDebugText"":95,""baseline.toggleRepairWrench"":10,""baseline.unqueueFromProduction"":4,""candidate.activateSuperWeapon"":1,""candidate.orderUnits"":1734,""candidate.pauseProduction"":25,""candidate.placeBuilding"":8,""candidate.queueForProduction"":79,""candidate.resumeProduction"":23,""candidate.setUnitDebugText"":220,""candidate.unqueueFromProduction"":23}}","{""kind"":""unified-intent-d1-telemetry-v1"",""complete"":true,""updates"":16336,""budgetMode"":""separated_lanes_unbounded_d1"",""commandCeiling"":null,""commandCeilingEnforced"":false,""rollingUpdates"":900,""referenceCommandCeiling"":115,""referenceExceededUpdates"":5369,""budgetDenialUpdates"":0,""budgetDeniedUnitIdOccurrences"":0,""budgetDeniedDebugCalls"":0,""maxRollingCommandCalls"":259,""maxPendingUnitIds"":0,""maxForwardedChunkSize"":11,""counters"":{""gameplayNonorderCalls"":159,""productionBatches"":130,""proposedCalls"":1889,""proposedUnitIds"":2611,""forwardedOrderCalls"":1734,""forwardedUnitIds"":2585,""sameUnitConflicts"":0,""duplicateSuppressions"":26,""invalidUnitIds"":0,""invalidTargets"":0,""invalidTiles"":0,""supersededPending"":0,""expiredPending"":0,""revokedPending"":0,""deferredUnitIds"":0,""pendingUnitIds"":0,""debugProposals"":220,""debugCoalesced"":0,""debugForwarded"":220,""debugDropped"":0},""telemetrySha256"":""75bcf45f9bcb3be555ef72f919de5bd2ec9e6ce74075196765567d041978be15""}"
"141","disabled","24000","{""sha256"":""1265c2988311695a1da0232a4f68a4278dc818c48b0b1dc376369adf057ee856"",""bySideAndMethod"":{""baseline.activateSuperWeapon"":1,""baseline.orderUnits"":428,""baseline.pauseProduction"":11,""baseline.placeBuilding"":10,""baseline.queueForProduction"":36,""baseline.resumeProduction"":11,""baseline.sayAll"":1,""baseline.sellObject"":5,""baseline.setUnitDebugText"":178,""baseline.toggleRepairWrench"":7,""baseline.unqueueFromProduction"":6,""candidate.activateSuperWeapon"":3,""candidate.orderUnits"":2457,""candidate.pauseProduction"":33,""candidate.placeBuilding"":15,""candidate.queueForProduction"":86,""candidate.resumeProduction"":27,""candidate.setUnitDebugText"":280,""candidate.toggleRepairWrench"":17,""candidate.unqueueFromProduction"":22}}",""
"141","separated_lanes_v2","15004","{""sha256"":""1f5f08b9911c52661c7bf11678ebede13ed050935c3948d1f298b2947c08884f"",""bySideAndMethod"":{""baseline.orderUnits"":118,""baseline.pauseProduction"":10,""baseline.placeBuilding"":9,""baseline.queueForProduction"":35,""baseline.quitGame"":13,""baseline.resumeProduction"":8,""baseline.sayAll"":1,""baseline.sellObject"":3,""baseline.setUnitDebugText"":118,""baseline.toggleRepairWrench"":9,""baseline.unqueueFromProduction"":6,""candidate.activateSuperWeapon"":1,""candidate.orderUnits"":1440,""candidate.pauseProduction"":26,""candidate.placeBuilding"":8,""candidate.queueForProduction"":70,""candidate.resumeProduction"":24,""candidate.setUnitDebugText"":123,""candidate.unqueueFromProduction"":15}}","{""kind"":""unified-intent-d1-telemetry-v1"",""complete"":true,""updates"":15004,""budgetMode"":""separated_lanes_v2"",""commandCeiling"":115,""commandCeilingEnforced"":true,""rollingUpdates"":900,""referenceCommandCeiling"":115,""referenceExceededUpdates"":0,""budgetDenialUpdates"":2995,""budgetDeniedUnitIdOccurrences"":11159,""budgetDeniedDebugCalls"":296,""maxRollingCommandCalls"":115,""maxPendingUnitIds"":13,""maxForwardedChunkSize"":12,""counters"":{""gameplayNonorderCalls"":144,""productionBatches"":114,""proposedCalls"":1725,""proposedUnitIds"":2458,""forwardedOrderCalls"":1440,""forwardedUnitIds"":2181,""sameUnitConflicts"":174,""duplicateSuppressions"":95,""invalidUnitIds"":5,""invalidTargets"":1,""invalidTiles"":0,""supersededPending"":174,""expiredPending"":0,""revokedPending"":0,""deferredUnitIds"":11159,""pendingUnitIds"":11159,""debugProposals"":419,""debugCoalesced"":0,""debugForwarded"":123,""debugDropped"":296},""telemetrySha256"":""b64952c2376a31b562708090c115cd9ac47a743a17f4e715ebae6863a9ed9456""}"
"141","separated_lanes_unbounded_d1","20707","{""sha256"":""1e2350c7a58d8c26a6d257af2f383ccf8911cc4467666717ef0640455ca7a1f4"",""bySideAndMethod"":{""baseline.orderUnits"":113,""baseline.pauseProduction"":12,""baseline.placeBuilding"":8,""baseline.queueForProduction"":32,""baseline.resumeProduction"":10,""baseline.sayAll"":2,""baseline.sellObject"":4,""baseline.setUnitDebugText"":175,""baseline.toggleRepairWrench"":9,""baseline.unqueueFromProduction"":4,""candidate.activateSuperWeapon"":3,""candidate.orderUnits"":3017,""candidate.pauseProduction"":25,""candidate.placeBuilding"":10,""candidate.queueForProduction"":91,""candidate.resumeProduction"":25,""candidate.setUnitDebugText"":256,""candidate.toggleRepairWrench"":12,""candidate.unqueueFromProduction"":24}}","{""kind"":""unified-intent-d1-telemetry-v1"",""complete"":true,""updates"":20707,""budgetMode"":""separated_lanes_unbounded_d1"",""commandCeiling"":null,""commandCeilingEnforced"":false,""rollingUpdates"":900,""referenceCommandCeiling"":115,""referenceExceededUpdates"":8672,""budgetDenialUpdates"":0,""budgetDeniedUnitIdOccurrences"":0,""budgetDeniedDebugCalls"":0,""maxRollingCommandCalls"":485,""maxPendingUnitIds"":0,""maxForwardedChunkSize"":41,""counters"":{""gameplayNonorderCalls"":190,""productionBatches"":143,""proposedCalls"":3441,""proposedUnitIds"":15542,""forwardedOrderCalls"":3017,""forwardedUnitIds"":14935,""sameUnitConflicts"":588,""duplicateSuppressions"":19,""invalidUnitIds"":0,""invalidTargets"":0,""invalidTiles"":0,""supersededPending"":0,""expiredPending"":0,""revokedPending"":0,""deferredUnitIds"":0,""pendingUnitIds"":0,""debugProposals"":256,""debugCoalesced"":0,""debugForwarded"":256,""debugDropped"":0},""telemetrySha256"":""edb2a8445ac5be0db27db04b9b7412fa784987e175cb1b94501215aaeda12d1d""}"
"142","disabled","24000","{""sha256"":""7767ddb84c1969ff1abec2b0d0ea684816e39977314e81820fc74932d509cebe"",""bySideAndMethod"":{""baseline.orderUnits"":309,""baseline.pauseProduction"":10,""baseline.placeBuilding"":13,""baseline.queueForProduction"":64,""baseline.resumeProduction"":8,""baseline.sayAll"":1,""baseline.sellObject"":6,""baseline.setUnitDebugText"":224,""baseline.toggleRepairWrench"":5,""baseline.unqueueFromProduction"":12,""candidate.orderUnits"":2543,""candidate.pauseProduction"":30,""candidate.placeBuilding"":11,""candidate.queueForProduction"":125,""candidate.resumeProduction"":28,""candidate.setUnitDebugText"":649,""candidate.toggleRepairWrench"":17,""candidate.unqueueFromProduction"":24}}",""
"142","separated_lanes_v2","24000","{""sha256"":""c4eb4b78fc2124c24f88a7c2ea91dcd35d442f1195df210834b69baf630788d6"",""bySideAndMethod"":{""baseline.orderUnits"":366,""baseline.pauseProduction"":14,""baseline.placeBuilding"":15,""baseline.queueForProduction"":66,""baseline.resumeProduction"":12,""baseline.sayAll"":2,""baseline.sellObject"":5,""baseline.setUnitDebugText"":395,""baseline.unqueueFromProduction"":10,""candidate.orderUnits"":1968,""candidate.pauseProduction"":35,""candidate.placeBuilding"":8,""candidate.queueForProduction"":156,""candidate.resumeProduction"":34,""candidate.setUnitDebugText"":325,""candidate.toggleRepairWrench"":1,""candidate.unqueueFromProduction"":13}}","{""kind"":""unified-intent-d1-telemetry-v1"",""complete"":true,""updates"":24000,""budgetMode"":""separated_lanes_v2"",""commandCeiling"":115,""commandCeilingEnforced"":true,""rollingUpdates"":900,""referenceCommandCeiling"":115,""referenceExceededUpdates"":0,""budgetDenialUpdates"":3286,""budgetDeniedUnitIdOccurrences"":24058,""budgetDeniedDebugCalls"":357,""maxRollingCommandCalls"":115,""maxPendingUnitIds"":30,""maxForwardedChunkSize"":27,""counters"":{""gameplayNonorderCalls"":247,""productionBatches"":212,""proposedCalls"":2721,""proposedUnitIds"":4884,""forwardedOrderCalls"":1968,""forwardedUnitIds"":4032,""sameUnitConflicts"":595,""duplicateSuppressions"":114,""invalidUnitIds"":17,""invalidTargets"":117,""invalidTiles"":0,""supersededPending"":595,""expiredPending"":0,""revokedPending"":0,""deferredUnitIds"":24058,""pendingUnitIds"":24058,""debugProposals"":682,""debugCoalesced"":0,""debugForwarded"":325,""debugDropped"":357},""telemetrySha256"":""84278aef1f85f56578aba3d3b34f54698549c0a4f4753572592bfb8cee504e8a""}"
"142","separated_lanes_unbounded_d1","24000","{""sha256"":""35285d9f16168bbe8c246feb0e2e9cbb8eefe2f5818580f00e6751011596d109"",""bySideAndMethod"":{""baseline.orderUnits"":309,""baseline.pauseProduction"":10,""baseline.placeBuilding"":13,""baseline.queueForProduction"":64,""baseline.resumeProduction"":8,""baseline.sayAll"":1,""baseline.sellObject"":6,""baseline.setUnitDebugText"":224,""baseline.toggleRepairWrench"":5,""baseline.unqueueFromProduction"":12,""candidate.orderUnits"":2100,""candidate.pauseProduction"":30,""candidate.placeBuilding"":11,""candidate.queueForProduction"":125,""candidate.resumeProduction"":28,""candidate.setUnitDebugText"":649,""candidate.toggleRepairWrench"":17,""candidate.unqueueFromProduction"":24}}","{""kind"":""unified-intent-d1-telemetry-v1"",""complete"":true,""updates"":24000,""budgetMode"":""separated_lanes_unbounded_d1"",""commandCeiling"":null,""commandCeilingEnforced"":false,""rollingUpdates"":900,""referenceCommandCeiling"":115,""referenceExceededUpdates"":7848,""budgetDenialUpdates"":0,""budgetDeniedUnitIdOccurrences"":0,""budgetDeniedDebugCalls"":0,""maxRollingCommandCalls"":398,""maxPendingUnitIds"":0,""maxForwardedChunkSize"":20,""counters"":{""gameplayNonorderCalls"":235,""productionBatches"":190,""proposedCalls"":2543,""proposedUnitIds"":4088,""forwardedOrderCalls"":2100,""forwardedUnitIds"":4085,""sameUnitConflicts"":0,""duplicateSuppressions"":3,""invalidUnitIds"":0,""invalidTargets"":0,""invalidTiles"":0,""supersededPending"":0,""expiredPending"":0,""revokedPending"":0,""deferredUnitIds"":0,""pendingUnitIds"":0,""debugProposals"":649,""debugCoalesced"":0,""debugForwarded"":649,""debugDropped"":0},""telemetrySha256"":""1cabd5dd3864894a63d37484c3ced883c545df7ffece4c42294ead4a4cefbe25""}"
"143","disabled","11724","{""sha256"":""b1dfe292a8fda0284c271c8160ef2e216d02f2c1f2a668712e7814c09f84db2b"",""bySideAndMethod"":{""baseline.orderUnits"":118,""baseline.pauseProduction"":8,""baseline.placeBuilding"":8,""baseline.queueForProduction"":33,""baseline.resumeProduction"":6,""baseline.sayAll"":1,""baseline.setUnitDebugText"":100,""baseline.toggleRepairWrench"":11,""baseline.unqueueFromProduction"":3,""candidate.orderUnits"":1402,""candidate.pauseProduction"":10,""candidate.placeBuilding"":7,""candidate.queueForProduction"":92,""candidate.resumeProduction"":9,""candidate.setUnitDebugText"":340,""candidate.unqueueFromProduction"":10}}",""
"143","separated_lanes_v2","24000","{""sha256"":""d07ba990cf3860050cd17d339c5dcb39ce0cd26d125a22c3bf13dfee71dc7509"",""bySideAndMethod"":{""baseline.orderUnits"":236,""baseline.pauseProduction"":14,""baseline.placeBuilding"":13,""baseline.queueForProduction"":49,""baseline.resumeProduction"":13,""baseline.sayAll"":1,""baseline.sellObject"":5,""baseline.setUnitDebugText"":218,""baseline.toggleRepairWrench"":9,""baseline.unqueueFromProduction"":7,""candidate.orderUnits"":2175,""candidate.pauseProduction"":30,""candidate.placeBuilding"":13,""candidate.queueForProduction"":136,""candidate.resumeProduction"":28,""candidate.setUnitDebugText"":220,""candidate.toggleRepairWrench"":1,""candidate.unqueueFromProduction"":14}}","{""kind"":""unified-intent-d1-telemetry-v1"",""complete"":true,""updates"":24000,""budgetMode"":""separated_lanes_v2"",""commandCeiling"":115,""commandCeilingEnforced"":true,""rollingUpdates"":900,""referenceCommandCeiling"":115,""referenceExceededUpdates"":0,""budgetDenialUpdates"":2582,""budgetDeniedUnitIdOccurrences"":12673,""budgetDeniedDebugCalls"":463,""maxRollingCommandCalls"":115,""maxPendingUnitIds"":22,""maxForwardedChunkSize"":25,""counters"":{""gameplayNonorderCalls"":222,""productionBatches"":190,""proposedCalls"":2744,""proposedUnitIds"":5814,""forwardedOrderCalls"":2175,""forwardedUnitIds"":4538,""sameUnitConflicts"":304,""duplicateSuppressions"":78,""invalidUnitIds"":3,""invalidTargets"":18,""invalidTiles"":0,""supersededPending"":315,""expiredPending"":0,""revokedPending"":868,""deferredUnitIds"":12673,""pendingUnitIds"":12673,""debugProposals"":683,""debugCoalesced"":0,""debugForwarded"":220,""debugDropped"":463},""telemetrySha256"":""43eb23c6bb9e056a5e2ddb6e52fb6a02541f60016ece73af7f0ac118c47cd831""}"
"143","separated_lanes_unbounded_d1","11724","{""sha256"":""fd4d5ac20ec5f44a7f888e432c56134d323c9df128a6c6fcd125a10531c70300"",""bySideAndMethod"":{""baseline.orderUnits"":118,""baseline.pauseProduction"":8,""baseline.placeBuilding"":8,""baseline.queueForProduction"":33,""baseline.resumeProduction"":6,""baseline.sayAll"":1,""baseline.setUnitDebugText"":100,""baseline.toggleRepairWrench"":11,""baseline.unqueueFromProduction"":3,""candidate.orderUnits"":1172,""candidate.pauseProduction"":10,""candidate.placeBuilding"":7,""candidate.queueForProduction"":92,""candidate.resumeProduction"":9,""candidate.setUnitDebugText"":340,""candidate.unqueueFromProduction"":10}}","{""kind"":""unified-intent-d1-telemetry-v1"",""complete"":true,""updates"":11724,""budgetMode"":""separated_lanes_unbounded_d1"",""commandCeiling"":null,""commandCeilingEnforced"":false,""rollingUpdates"":900,""referenceCommandCeiling"":115,""referenceExceededUpdates"":6169,""budgetDenialUpdates"":0,""budgetDeniedUnitIdOccurrences"":0,""budgetDeniedDebugCalls"":0,""maxRollingCommandCalls"":202,""maxPendingUnitIds"":0,""maxForwardedChunkSize"":24,""counters"":{""gameplayNonorderCalls"":128,""productionBatches"":115,""proposedCalls"":1402,""proposedUnitIds"":2580,""forwardedOrderCalls"":1172,""forwardedUnitIds"":2577,""sameUnitConflicts"":0,""duplicateSuppressions"":3,""invalidUnitIds"":0,""invalidTargets"":0,""invalidTiles"":0,""supersededPending"":0,""expiredPending"":0,""revokedPending"":0,""deferredUnitIds"":0,""pendingUnitIds"":0,""debugProposals"":340,""debugCoalesced"":0,""debugForwarded"":340,""debugDropped"":0},""telemetrySha256"":""70e3bef0e4cd2d024b0886def999fe0a6dba2ccab453f8210bdc789ddbf471ba""}"
"144","disabled","13247","{""sha256"":""a33495cb1f54685cd28c67d3fbba719adb995817c73ed11147eb572f75f4881b"",""bySideAndMethod"":{""baseline.activateSuperWeapon"":2,""baseline.orderUnits"":265,""baseline.pauseProduction"":7,""baseline.placeBuilding"":8,""baseline.queueForProduction"":40,""baseline.resumeProduction"":6,""baseline.setUnitDebugText"":241,""baseline.unqueueFromProduction"":6,""candidate.orderUnits"":499,""candidate.pauseProduction"":12,""candidate.placeBuilding"":10,""candidate.queueForProduction"":56,""candidate.quitGame"":27,""candidate.resumeProduction"":11,""candidate.setUnitDebugText"":108,""candidate.toggleRepairWrench"":19,""candidate.unqueueFromProduction"":23}}",""
"144","separated_lanes_v2","19730","{""sha256"":""50a3b0b6210c2254eb8518dd691623eef1d5fd3afa67df89f3a0a8a3a90a6f9c"",""bySideAndMethod"":{""baseline.activateSuperWeapon"":4,""baseline.orderUnits"":1142,""baseline.pauseProduction"":8,""baseline.placeBuilding"":14,""baseline.queueForProduction"":50,""baseline.resumeProduction"":8,""baseline.setUnitDebugText"":283,""baseline.unqueueFromProduction"":7,""candidate.orderUnits"":1431,""candidate.pauseProduction"":17,""candidate.placeBuilding"":8,""candidate.queueForProduction"":59,""candidate.quitGame"":30,""candidate.resumeProduction"":13,""candidate.setUnitDebugText"":46,""candidate.toggleRepairWrench"":10,""candidate.unqueueFromProduction"":23}}","{""kind"":""unified-intent-d1-telemetry-v1"",""complete"":true,""updates"":19730,""budgetMode"":""separated_lanes_v2"",""commandCeiling"":115,""commandCeilingEnforced"":true,""rollingUpdates"":900,""referenceCommandCeiling"":115,""referenceExceededUpdates"":0,""budgetDenialUpdates"":2174,""budgetDeniedUnitIdOccurrences"":6575,""budgetDeniedDebugCalls"":53,""maxRollingCommandCalls"":115,""maxPendingUnitIds"":9,""maxForwardedChunkSize"":7,""counters"":{""gameplayNonorderCalls"":160,""productionBatches"":101,""proposedCalls"":1637,""proposedUnitIds"":2018,""forwardedOrderCalls"":1431,""forwardedUnitIds"":1755,""sameUnitConflicts"":190,""duplicateSuppressions"":63,""invalidUnitIds"":0,""invalidTargets"":10,""invalidTiles"":0,""supersededPending"":190,""expiredPending"":0,""revokedPending"":0,""deferredUnitIds"":6575,""pendingUnitIds"":6575,""debugProposals"":99,""debugCoalesced"":0,""debugForwarded"":46,""debugDropped"":53},""telemetrySha256"":""352ad31264655f79c1d779619bd5ab87477cfece543e273b7bf113e4e7d4b9a3""}"
"144","separated_lanes_unbounded_d1","13247","{""sha256"":""e6c6d5ddd93b21a9a16fde324d3c7d670824a658951e48d733019a691a2927e9"",""bySideAndMethod"":{""baseline.activateSuperWeapon"":2,""baseline.orderUnits"":265,""baseline.pauseProduction"":7,""baseline.placeBuilding"":8,""baseline.queueForProduction"":40,""baseline.resumeProduction"":6,""baseline.setUnitDebugText"":241,""baseline.unqueueFromProduction"":6,""candidate.orderUnits"":499,""candidate.pauseProduction"":12,""candidate.placeBuilding"":10,""candidate.queueForProduction"":56,""candidate.quitGame"":27,""candidate.resumeProduction"":11,""candidate.setUnitDebugText"":108,""candidate.toggleRepairWrench"":19,""candidate.unqueueFromProduction"":23}}","{""kind"":""unified-intent-d1-telemetry-v1"",""complete"":true,""updates"":13247,""budgetMode"":""separated_lanes_unbounded_d1"",""commandCeiling"":null,""commandCeilingEnforced"":false,""rollingUpdates"":900,""referenceCommandCeiling"":115,""referenceExceededUpdates"":1644,""budgetDenialUpdates"":0,""budgetDeniedUnitIdOccurrences"":0,""budgetDeniedDebugCalls"":0,""maxRollingCommandCalls"":177,""maxPendingUnitIds"":0,""maxForwardedChunkSize"":7,""counters"":{""gameplayNonorderCalls"":158,""productionBatches"":96,""proposedCalls"":499,""proposedUnitIds"":718,""forwardedOrderCalls"":499,""forwardedUnitIds"":718,""sameUnitConflicts"":0,""duplicateSuppressions"":0,""invalidUnitIds"":0,""invalidTargets"":0,""invalidTiles"":0,""supersededPending"":0,""expiredPending"":0,""revokedPending"":0,""deferredUnitIds"":0,""pendingUnitIds"":0,""debugProposals"":108,""debugCoalesced"":0,""debugForwarded"":108,""debugDropped"":0},""telemetrySha256"":""f506448c733578b2f3d5a7ec977e10d0803ea0e1cc2719989e7eab47072a4ab1""}"
"145","disabled","12085","{""sha256"":""ea6038538688381da1441741c988526d878994bfaa002f0802135e02f9113044"",""bySideAndMethod"":{""baseline.activateSuperWeapon"":2,""baseline.orderUnits"":223,""baseline.pauseProduction"":6,""baseline.placeBuilding"":8,""baseline.queueForProduction"":39,""baseline.resumeProduction"":6,""baseline.setUnitDebugText"":200,""baseline.unqueueFromProduction"":5,""candidate.orderUnits"":479,""candidate.pauseProduction"":10,""candidate.placeBuilding"":9,""candidate.queueForProduction"":46,""candidate.resumeProduction"":10,""candidate.setUnitDebugText"":106,""candidate.toggleRepairWrench"":11,""candidate.unqueueFromProduction"":16}}",""
"145","separated_lanes_v2","19356","{""sha256"":""0757c2c473bf5d7ab26588d114609ac87eb87c56e34f3ffad80a89529cb81544"",""bySideAndMethod"":{""baseline.activateSuperWeapon"":4,""baseline.orderUnits"":1110,""baseline.pauseProduction"":8,""baseline.placeBuilding"":15,""baseline.queueForProduction"":61,""baseline.resumeProduction"":8,""baseline.setUnitDebugText"":311,""baseline.unqueueFromProduction"":10,""candidate.activateSuperWeapon"":2,""candidate.orderUnits"":1486,""candidate.pauseProduction"":15,""candidate.placeBuilding"":8,""candidate.queueForProduction"":54,""candidate.quitGame"":1,""candidate.resumeProduction"":12,""candidate.setUnitDebugText"":74,""candidate.toggleRepairWrench"":10,""candidate.unqueueFromProduction"":18}}","{""kind"":""unified-intent-d1-telemetry-v1"",""complete"":true,""updates"":19356,""budgetMode"":""separated_lanes_v2"",""commandCeiling"":115,""commandCeilingEnforced"":true,""rollingUpdates"":900,""referenceCommandCeiling"":115,""referenceExceededUpdates"":0,""budgetDenialUpdates"":2174,""budgetDeniedUnitIdOccurrences"":6575,""budgetDeniedDebugCalls"":53,""maxRollingCommandCalls"":115,""maxPendingUnitIds"":9,""maxForwardedChunkSize"":7,""counters"":{""gameplayNonorderCalls"":120,""productionBatches"":89,""proposedCalls"":1694,""proposedUnitIds"":2093,""forwardedOrderCalls"":1486,""forwardedUnitIds"":1830,""sameUnitConflicts"":190,""duplicateSuppressions"":63,""invalidUnitIds"":0,""invalidTargets"":10,""invalidTiles"":0,""supersededPending"":190,""expiredPending"":0,""revokedPending"":0,""deferredUnitIds"":6575,""pendingUnitIds"":6575,""debugProposals"":127,""debugCoalesced"":0,""debugForwarded"":74,""debugDropped"":53},""telemetrySha256"":""f002853b4a641c0a741285f2d0ef0fb43e69e0bea98428a1b58e2d860254b981""}"
"145","separated_lanes_unbounded_d1","12085","{""sha256"":""f6aa93a8f6848236a7fd6f6030d2a64bb2011cb64895eaa7a5184998c138d5c4"",""bySideAndMethod"":{""baseline.activateSuperWeapon"":2,""baseline.orderUnits"":223,""baseline.pauseProduction"":6,""baseline.placeBuilding"":8,""baseline.queueForProduction"":39,""baseline.resumeProduction"":6,""baseline.setUnitDebugText"":200,""baseline.unqueueFromProduction"":5,""candidate.orderUnits"":479,""candidate.pauseProduction"":10,""candidate.placeBuilding"":9,""candidate.queueForProduction"":46,""candidate.resumeProduction"":10,""candidate.setUnitDebugText"":106,""candidate.toggleRepairWrench"":11,""candidate.unqueueFromProduction"":16}}","{""kind"":""unified-intent-d1-telemetry-v1"",""complete"":true,""updates"":12085,""budgetMode"":""separated_lanes_unbounded_d1"",""commandCeiling"":null,""commandCeilingEnforced"":false,""rollingUpdates"":900,""referenceCommandCeiling"":115,""referenceExceededUpdates"":1644,""budgetDenialUpdates"":0,""budgetDeniedUnitIdOccurrences"":0,""budgetDeniedDebugCalls"":0,""maxRollingCommandCalls"":177,""maxPendingUnitIds"":0,""maxForwardedChunkSize"":7,""counters"":{""gameplayNonorderCalls"":102,""productionBatches"":76,""proposedCalls"":479,""proposedUnitIds"":698,""forwardedOrderCalls"":479,""forwardedUnitIds"":698,""sameUnitConflicts"":0,""duplicateSuppressions"":0,""invalidUnitIds"":0,""invalidTargets"":0,""invalidTiles"":0,""supersededPending"":0,""expiredPending"":0,""revokedPending"":0,""deferredUnitIds"":0,""pendingUnitIds"":0,""debugProposals"":106,""debugCoalesced"":0,""debugForwarded"":106,""debugDropped"":0},""telemetrySha256"":""bb45b8432c519929a14d3e6ffcb0321a1f6a577c7f56cfccd8c68de0c91fe415""}"
"146","disabled","24000","{""sha256"":""0501d8cec97c1f0ba1b9cb85bbdfa454c0ecf7229e93ac455ae5d196bbdf7e21"",""bySideAndMethod"":{""baseline.orderUnits"":267,""baseline.pauseProduction"":8,""baseline.placeBuilding"":14,""baseline.queueForProduction"":67,""baseline.resumeProduction"":7,""baseline.sayAll"":1,""baseline.sellObject"":3,""baseline.setUnitDebugText"":346,""baseline.unqueueFromProduction"":12,""candidate.orderUnits"":908,""candidate.pauseProduction"":20,""candidate.placeBuilding"":9,""candidate.queueForProduction"":79,""candidate.resumeProduction"":16,""candidate.setUnitDebugText"":243,""candidate.toggleRepairWrench"":14,""candidate.unqueueFromProduction"":16}}",""
"146","separated_lanes_v2","24000","{""sha256"":""aa5166994c8c4f93cc3d7ce2fb75ca9e5aa7392e8da232e13d3296a3d2e8395f"",""bySideAndMethod"":{""baseline.orderUnits"":313,""baseline.pauseProduction"":10,""baseline.placeBuilding"":17,""baseline.queueForProduction"":78,""baseline.resumeProduction"":9,""baseline.sellObject"":6,""baseline.setUnitDebugText"":362,""baseline.unqueueFromProduction"":16,""candidate.orderUnits"":721,""candidate.pauseProduction"":22,""candidate.placeBuilding"":7,""candidate.queueForProduction"":77,""candidate.resumeProduction"":19,""candidate.setUnitDebugText"":126,""candidate.toggleRepairWrench"":7,""candidate.unqueueFromProduction"":18}}","{""kind"":""unified-intent-d1-telemetry-v1"",""complete"":true,""updates"":24000,""budgetMode"":""separated_lanes_v2"",""commandCeiling"":115,""commandCeilingEnforced"":true,""rollingUpdates"":900,""referenceCommandCeiling"":115,""referenceExceededUpdates"":0,""budgetDenialUpdates"":899,""budgetDeniedUnitIdOccurrences"":4172,""budgetDeniedDebugCalls"":73,""maxRollingCommandCalls"":115,""maxPendingUnitIds"":14,""maxForwardedChunkSize"":10,""counters"":{""gameplayNonorderCalls"":150,""productionBatches"":126,""proposedCalls"":776,""proposedUnitIds"":2033,""forwardedOrderCalls"":721,""forwardedUnitIds"":1907,""sameUnitConflicts"":88,""duplicateSuppressions"":19,""invalidUnitIds"":1,""invalidTargets"":18,""invalidTiles"":0,""supersededPending"":88,""expiredPending"":0,""revokedPending"":0,""deferredUnitIds"":4172,""pendingUnitIds"":4172,""debugProposals"":199,""debugCoalesced"":0,""debugForwarded"":126,""debugDropped"":73},""telemetrySha256"":""05c5e01c6efaef3edd6bb7a74af90068f68349708059486fea67bc2a6d2d38bd""}"
"146","separated_lanes_unbounded_d1","24000","{""sha256"":""4aa05379509d8e1ad7c4edaa3e471c07608198d470aff8ab6a2f68910fc3be2a"",""bySideAndMethod"":{""baseline.orderUnits"":267,""baseline.pauseProduction"":8,""baseline.placeBuilding"":14,""baseline.queueForProduction"":67,""baseline.resumeProduction"":7,""baseline.sayAll"":1,""baseline.sellObject"":3,""baseline.setUnitDebugText"":346,""baseline.unqueueFromProduction"":12,""candidate.orderUnits"":905,""candidate.pauseProduction"":20,""candidate.placeBuilding"":9,""candidate.queueForProduction"":79,""candidate.resumeProduction"":16,""candidate.setUnitDebugText"":243,""candidate.toggleRepairWrench"":14,""candidate.unqueueFromProduction"":16}}","{""kind"":""unified-intent-d1-telemetry-v1"",""complete"":true,""updates"":24000,""budgetMode"":""separated_lanes_unbounded_d1"",""commandCeiling"":null,""commandCeilingEnforced"":false,""rollingUpdates"":900,""referenceCommandCeiling"":115,""referenceExceededUpdates"":2304,""budgetDenialUpdates"":0,""budgetDeniedUnitIdOccurrences"":0,""budgetDeniedDebugCalls"":0,""maxRollingCommandCalls"":213,""maxPendingUnitIds"":0,""maxForwardedChunkSize"":11,""counters"":{""gameplayNonorderCalls"":154,""productionBatches"":119,""proposedCalls"":908,""proposedUnitIds"":2913,""forwardedOrderCalls"":905,""forwardedUnitIds"":2910,""sameUnitConflicts"":0,""duplicateSuppressions"":3,""invalidUnitIds"":0,""invalidTargets"":0,""invalidTiles"":0,""supersededPending"":0,""expiredPending"":0,""revokedPending"":0,""deferredUnitIds"":0,""pendingUnitIds"":0,""debugProposals"":243,""debugCoalesced"":0,""debugForwarded"":243,""debugDropped"":0},""telemetrySha256"":""99e434a7dc5c11177be6777d17396e06f9016e4c2bd8600948821b09adfd194b""}"
"147","disabled","24000","{""sha256"":""5ec0111ab8c686d6ab272131c9d9a92ef4ba0d15b7bea4e8b710e33a7cc4df77"",""bySideAndMethod"":{""baseline.orderUnits"":213,""baseline.pauseProduction"":8,""baseline.placeBuilding"":20,""baseline.queueForProduction"":73,""baseline.resumeProduction"":8,""baseline.sellObject"":4,""baseline.setUnitDebugText"":326,""baseline.toggleRepairWrench"":5,""baseline.unqueueFromProduction"":10,""candidate.orderUnits"":916,""candidate.pauseProduction"":32,""candidate.placeBuilding"":14,""candidate.queueForProduction"":86,""candidate.resumeProduction"":30,""candidate.setUnitDebugText"":374,""candidate.toggleRepairWrench"":12,""candidate.unqueueFromProduction"":19}}",""
"147","separated_lanes_v2","24000","{""sha256"":""7cbf92b06c2d3bb73c2e59d8f26a1a8ff7beb848153d7afcbc2000d75cacefdf"",""bySideAndMethod"":{""baseline.orderUnits"":250,""baseline.pauseProduction"":7,""baseline.placeBuilding"":14,""baseline.queueForProduction"":70,""baseline.resumeProduction"":6,""baseline.sellObject"":6,""baseline.setUnitDebugText"":403,""baseline.unqueueFromProduction"":12,""candidate.orderUnits"":787,""candidate.pauseProduction"":24,""candidate.placeBuilding"":10,""candidate.queueForProduction"":80,""candidate.resumeProduction"":19,""candidate.setUnitDebugText"":163,""candidate.toggleRepairWrench"":7,""candidate.unqueueFromProduction"":18}}","{""kind"":""unified-intent-d1-telemetry-v1"",""complete"":true,""updates"":24000,""budgetMode"":""separated_lanes_v2"",""commandCeiling"":115,""commandCeilingEnforced"":true,""rollingUpdates"":900,""referenceCommandCeiling"":115,""referenceExceededUpdates"":0,""budgetDenialUpdates"":899,""budgetDeniedUnitIdOccurrences"":4172,""budgetDeniedDebugCalls"":73,""maxRollingCommandCalls"":115,""maxPendingUnitIds"":14,""maxForwardedChunkSize"":10,""counters"":{""gameplayNonorderCalls"":158,""productionBatches"":131,""proposedCalls"":842,""proposedUnitIds"":2198,""forwardedOrderCalls"":787,""forwardedUnitIds"":2072,""sameUnitConflicts"":88,""duplicateSuppressions"":19,""invalidUnitIds"":1,""invalidTargets"":18,""invalidTiles"":0,""supersededPending"":88,""expiredPending"":0,""revokedPending"":0,""deferredUnitIds"":4172,""pendingUnitIds"":4172,""debugProposals"":236,""debugCoalesced"":0,""debugForwarded"":163,""debugDropped"":73},""telemetrySha256"":""6431d9c169e432333a994f2d43d0258d023e52bcc07d3f01f618d3923568e3c2""}"
"147","separated_lanes_unbounded_d1","24000","{""sha256"":""49a02c8d3f0b301126b59643fb2deabc2bea3676c48e865773f7abf9d2b5a926"",""bySideAndMethod"":{""baseline.orderUnits"":213,""baseline.pauseProduction"":8,""baseline.placeBuilding"":20,""baseline.queueForProduction"":73,""baseline.resumeProduction"":8,""baseline.sellObject"":4,""baseline.setUnitDebugText"":326,""baseline.toggleRepairWrench"":5,""baseline.unqueueFromProduction"":10,""candidate.orderUnits"":913,""candidate.pauseProduction"":32,""candidate.placeBuilding"":14,""candidate.queueForProduction"":86,""candidate.resumeProduction"":30,""candidate.setUnitDebugText"":374,""candidate.toggleRepairWrench"":12,""candidate.unqueueFromProduction"":19}}","{""kind"":""unified-intent-d1-telemetry-v1"",""complete"":true,""updates"":24000,""budgetMode"":""separated_lanes_unbounded_d1"",""commandCeiling"":null,""commandCeilingEnforced"":false,""rollingUpdates"":900,""referenceCommandCeiling"":115,""referenceExceededUpdates"":3108,""budgetDenialUpdates"":0,""budgetDeniedUnitIdOccurrences"":0,""budgetDeniedDebugCalls"":0,""maxRollingCommandCalls"":213,""maxPendingUnitIds"":0,""maxForwardedChunkSize"":11,""counters"":{""gameplayNonorderCalls"":193,""productionBatches"":156,""proposedCalls"":916,""proposedUnitIds"":2948,""forwardedOrderCalls"":913,""forwardedUnitIds"":2945,""sameUnitConflicts"":0,""duplicateSuppressions"":3,""invalidUnitIds"":0,""invalidTargets"":0,""invalidTiles"":0,""supersededPending"":0,""expiredPending"":0,""revokedPending"":0,""deferredUnitIds"":0,""pendingUnitIds"":0,""debugProposals"":374,""debugCoalesced"":0,""debugForwarded"":374,""debugDropped"":0},""telemetrySha256"":""1c9664c6f5258c6ccb620a89f5d4d4266ee4f36dc6eda045479d58766aacd1cf""}"
"148","disabled","24000","{""sha256"":""3cc60bb5696f7b4fb5a92a0db85e7ac315b4232f08309161850de0180d07d0ae"",""bySideAndMethod"":{""baseline.activateSuperWeapon"":2,""baseline.orderUnits"":389,""baseline.pauseProduction"":9,""baseline.placeBuilding"":12,""baseline.queueForProduction"":45,""baseline.resumeProduction"":7,""baseline.sellObject"":3,""baseline.setUnitDebugText"":121,""baseline.toggleRepairWrench"":5,""baseline.unqueueFromProduction"":7,""candidate.orderUnits"":2359,""candidate.pauseProduction"":15,""candidate.placeBuilding"":9,""candidate.queueForProduction"":72,""candidate.resumeProduction"":12,""candidate.setUnitDebugText"":396,""candidate.toggleRepairWrench"":10,""candidate.unqueueFromProduction"":18}}",""
"148","separated_lanes_v2","24000","{""sha256"":""656c2d93f25bfcb2b62d4d669270c334062a7d5db6f74d25262509d7c5908b4c"",""bySideAndMethod"":{""baseline.activateSuperWeapon"":3,""baseline.orderUnits"":1099,""baseline.pauseProduction"":14,""baseline.placeBuilding"":15,""baseline.queueForProduction"":53,""baseline.resumeProduction"":12,""baseline.sellObject"":1,""baseline.setUnitDebugText"":192,""baseline.toggleRepairWrench"":8,""baseline.unqueueFromProduction"":6,""candidate.orderUnits"":1260,""candidate.pauseProduction"":12,""candidate.placeBuilding"":8,""candidate.queueForProduction"":68,""candidate.resumeProduction"":10,""candidate.setUnitDebugText"":69,""candidate.toggleRepairWrench"":10,""candidate.unqueueFromProduction"":16}}","{""kind"":""unified-intent-d1-telemetry-v1"",""complete"":true,""updates"":24000,""budgetMode"":""separated_lanes_v2"",""commandCeiling"":115,""commandCeilingEnforced"":true,""rollingUpdates"":900,""referenceCommandCeiling"":115,""referenceExceededUpdates"":0,""budgetDenialUpdates"":2406,""budgetDeniedUnitIdOccurrences"":12890,""budgetDeniedDebugCalls"":327,""maxRollingCommandCalls"":115,""maxPendingUnitIds"":16,""maxForwardedChunkSize"":15,""counters"":{""gameplayNonorderCalls"":124,""productionBatches"":100,""proposedCalls"":1470,""proposedUnitIds"":2135,""forwardedOrderCalls"":1260,""forwardedUnitIds"":1777,""sameUnitConflicts"":256,""duplicateSuppressions"":51,""invalidUnitIds"":8,""invalidTargets"":43,""invalidTiles"":0,""supersededPending"":256,""expiredPending"":0,""revokedPending"":0,""deferredUnitIds"":12890,""pendingUnitIds"":12890,""debugProposals"":396,""debugCoalesced"":0,""debugForwarded"":69,""debugDropped"":327},""telemetrySha256"":""7789684a1df3e1bde9260ca3044d50911023aeea9289377a7f27be6c2416ba93""}"
"148","separated_lanes_unbounded_d1","12214","{""sha256"":""ea2fe4feb4b7baa1a82c6ab5d5de8362cd8d29ef8610aca052956e60bc9d2c04"",""bySideAndMethod"":{""baseline.activateSuperWeapon"":1,""baseline.orderUnits"":125,""baseline.pauseProduction"":6,""baseline.placeBuilding"":11,""baseline.queueForProduction"":37,""baseline.resumeProduction"":5,""baseline.sayAll"":1,""baseline.sellObject"":1,""baseline.setUnitDebugText"":102,""baseline.toggleRepairWrench"":19,""baseline.unqueueFromProduction"":4,""candidate.orderUnits"":1479,""candidate.pauseProduction"":13,""candidate.placeBuilding"":8,""candidate.queueForProduction"":67,""candidate.resumeProduction"":11,""candidate.setUnitDebugText"":401,""candidate.toggleRepairWrench"":8,""candidate.unqueueFromProduction"":16}}","{""kind"":""unified-intent-d1-telemetry-v1"",""complete"":true,""updates"":12214,""budgetMode"":""separated_lanes_unbounded_d1"",""commandCeiling"":null,""commandCeilingEnforced"":false,""rollingUpdates"":900,""referenceCommandCeiling"":115,""referenceExceededUpdates"":5123,""budgetDenialUpdates"":0,""budgetDeniedUnitIdOccurrences"":0,""budgetDeniedDebugCalls"":0,""maxRollingCommandCalls"":362,""maxPendingUnitIds"":0,""maxForwardedChunkSize"":14,""counters"":{""gameplayNonorderCalls"":123,""productionBatches"":101,""proposedCalls"":1494,""proposedUnitIds"":2194,""forwardedOrderCalls"":1479,""forwardedUnitIds"":2173,""sameUnitConflicts"":0,""duplicateSuppressions"":21,""invalidUnitIds"":0,""invalidTargets"":0,""invalidTiles"":0,""supersededPending"":0,""expiredPending"":0,""revokedPending"":0,""deferredUnitIds"":0,""pendingUnitIds"":0,""debugProposals"":401,""debugCoalesced"":0,""debugForwarded"":401,""debugDropped"":0},""telemetrySha256"":""6dc9465ade9cd8c6ffd5a3d13d9a707fe70db771b056dca28d47a6050ce287cd""}"
"149","disabled","24000","{""sha256"":""0aae11d57c2e0512d0eccd44807a8d5b4d46b7359c35da38a6d3961a3313b25b"",""bySideAndMethod"":{""baseline.activateSuperWeapon"":1,""baseline.orderUnits"":303,""baseline.pauseProduction"":8,""baseline.placeBuilding"":13,""baseline.queueForProduction"":43,""baseline.resumeProduction"":8,""baseline.sayAll"":2,""baseline.sellObject"":2,""baseline.setUnitDebugText"":141,""baseline.toggleRepairWrench"":20,""baseline.unqueueFromProduction"":3,""candidate.activateSuperWeapon"":3,""candidate.orderUnits"":2468,""candidate.pauseProduction"":16,""candidate.placeBuilding"":9,""candidate.queueForProduction"":71,""candidate.resumeProduction"":11,""candidate.setUnitDebugText"":433,""candidate.toggleRepairWrench"":12,""candidate.unqueueFromProduction"":16}}",""
"149","separated_lanes_v2","15843","{""sha256"":""0506d8270826539599b58f3f3bce015d791f5472b086ebd4a740ba268cb9fe14"",""bySideAndMethod"":{""baseline.activateSuperWeapon"":1,""baseline.orderUnits"":117,""baseline.pauseProduction"":6,""baseline.placeBuilding"":10,""baseline.queueForProduction"":35,""baseline.resumeProduction"":4,""baseline.sayAll"":1,""baseline.sellObject"":4,""baseline.setUnitDebugText"":95,""baseline.toggleRepairWrench"":12,""baseline.unqueueFromProduction"":2,""candidate.orderUnits"":1518,""candidate.pauseProduction"":14,""candidate.placeBuilding"":8,""candidate.queueForProduction"":78,""candidate.resumeProduction"":13,""candidate.setUnitDebugText"":117,""candidate.toggleRepairWrench"":14,""candidate.unqueueFromProduction"":23}}","{""kind"":""unified-intent-d1-telemetry-v1"",""complete"":true,""updates"":15843,""budgetMode"":""separated_lanes_v2"",""commandCeiling"":115,""commandCeilingEnforced"":true,""rollingUpdates"":900,""referenceCommandCeiling"":115,""referenceExceededUpdates"":0,""budgetDenialUpdates"":2880,""budgetDeniedUnitIdOccurrences"":12746,""budgetDeniedDebugCalls"":392,""maxRollingCommandCalls"":115,""maxPendingUnitIds"":16,""maxForwardedChunkSize"":13,""counters"":{""gameplayNonorderCalls"":150,""productionBatches"":119,""proposedCalls"":1935,""proposedUnitIds"":2899,""forwardedOrderCalls"":1518,""forwardedUnitIds"":2544,""sameUnitConflicts"":247,""duplicateSuppressions"":79,""invalidUnitIds"":4,""invalidTargets"":23,""invalidTiles"":0,""supersededPending"":247,""expiredPending"":0,""revokedPending"":0,""deferredUnitIds"":12746,""pendingUnitIds"":12746,""debugProposals"":509,""debugCoalesced"":0,""debugForwarded"":117,""debugDropped"":392},""telemetrySha256"":""c6e241e4eeda56299e302be35179a8f9dffad056423a0d866d71e79f1ef5eb27""}"
"149","separated_lanes_unbounded_d1","16972","{""sha256"":""2e86ca3feba8dbf857e4bb55835b47572c7d65a9780990126601a3557cee20d8"",""bySideAndMethod"":{""baseline.orderUnits"":84,""baseline.pauseProduction"":5,""baseline.placeBuilding"":10,""baseline.queueForProduction"":34,""baseline.resumeProduction"":3,""baseline.sellObject"":1,""baseline.setUnitDebugText"":73,""baseline.toggleRepairWrench"":11,""baseline.unqueueFromProduction"":2,""candidate.activateSuperWeapon"":1,""candidate.orderUnits"":1819,""candidate.pauseProduction"":17,""candidate.placeBuilding"":9,""candidate.queueForProduction"":77,""candidate.resumeProduction"":17,""candidate.setUnitDebugText"":558,""candidate.unqueueFromProduction"":15}}","{""kind"":""unified-intent-d1-telemetry-v1"",""complete"":true,""updates"":16972,""budgetMode"":""separated_lanes_unbounded_d1"",""commandCeiling"":null,""commandCeilingEnforced"":false,""rollingUpdates"":900,""referenceCommandCeiling"":115,""referenceExceededUpdates"":8712,""budgetDenialUpdates"":0,""budgetDeniedUnitIdOccurrences"":0,""budgetDeniedDebugCalls"":0,""maxRollingCommandCalls"":326,""maxPendingUnitIds"":0,""maxForwardedChunkSize"":17,""counters"":{""gameplayNonorderCalls"":136,""productionBatches"":119,""proposedCalls"":1976,""proposedUnitIds"":3272,""forwardedOrderCalls"":1819,""forwardedUnitIds"":3241,""sameUnitConflicts"":0,""duplicateSuppressions"":31,""invalidUnitIds"":0,""invalidTargets"":0,""invalidTiles"":0,""supersededPending"":0,""expiredPending"":0,""revokedPending"":0,""deferredUnitIds"":0,""pendingUnitIds"":0,""debugProposals"":558,""debugCoalesced"":0,""debugForwarded"":558,""debugDropped"":0},""telemetrySha256"":""3b7a488e9eacf192652ba64edc5d9d0b389fa5b13f09c0d522892ca77cbabfc0""}"
"150","disabled","24000","{""sha256"":""83ccdbb5c8bb9a85bbe8e3c4ef06e2ac767e11f1c7066e69e19274e20d5b631d"",""bySideAndMethod"":{""baseline.orderUnits"":174,""baseline.pauseProduction"":5,""baseline.placeBuilding"":15,""baseline.queueForProduction"":73,""baseline.resumeProduction"":5,""baseline.sellObject"":5,""baseline.setUnitDebugText"":640,""baseline.unqueueFromProduction"":9,""candidate.orderUnits"":1013,""candidate.pauseProduction"":54,""candidate.placeBuilding"":11,""candidate.queueForProduction"":149,""candidate.resumeProduction"":52,""candidate.setUnitDebugText"":407,""candidate.unqueueFromProduction"":29}}",""
"150","separated_lanes_v2","24000","{""sha256"":""914ff619a85ad36302b2a8c7c8a9d7db4bdb84a7522d41d2714de3b46dbf81fd"",""bySideAndMethod"":{""baseline.orderUnits"":267,""baseline.pauseProduction"":7,""baseline.placeBuilding"":15,""baseline.queueForProduction"":65,""baseline.resumeProduction"":7,""baseline.sayAll"":2,""baseline.sellObject"":6,""baseline.setUnitDebugText"":361,""baseline.toggleRepairWrench"":8,""baseline.unqueueFromProduction"":6,""candidate.orderUnits"":961,""candidate.pauseProduction"":15,""candidate.placeBuilding"":15,""candidate.queueForProduction"":106,""candidate.resumeProduction"":14,""candidate.setUnitDebugText"":149,""candidate.toggleRepairWrench"":4,""candidate.unqueueFromProduction"":9}}","{""kind"":""unified-intent-d1-telemetry-v1"",""complete"":true,""updates"":24000,""budgetMode"":""separated_lanes_v2"",""commandCeiling"":115,""commandCeilingEnforced"":true,""rollingUpdates"":900,""referenceCommandCeiling"":115,""referenceExceededUpdates"":0,""budgetDenialUpdates"":1686,""budgetDeniedUnitIdOccurrences"":12460,""budgetDeniedDebugCalls"":382,""maxRollingCommandCalls"":115,""maxPendingUnitIds"":35,""maxForwardedChunkSize"":24,""counters"":{""gameplayNonorderCalls"":163,""productionBatches"":136,""proposedCalls"":1074,""proposedUnitIds"":2998,""forwardedOrderCalls"":961,""forwardedUnitIds"":2597,""sameUnitConflicts"":354,""duplicateSuppressions"":15,""invalidUnitIds"":3,""invalidTargets"":29,""invalidTiles"":0,""supersededPending"":354,""expiredPending"":0,""revokedPending"":0,""deferredUnitIds"":12460,""pendingUnitIds"":12460,""debugProposals"":531,""debugCoalesced"":0,""debugForwarded"":149,""debugDropped"":382},""telemetrySha256"":""27eedfbdfbf3f13fc8ce9d5631d9595184257cf5fa564f41771b2ce3a5ad83fc""}"
"150","separated_lanes_unbounded_d1","24000","{""sha256"":""0e93e60b8b7f103b2a7de9e5a8e0dd65a1549b71da9b416f66f1b5974a105691"",""bySideAndMethod"":{""baseline.orderUnits"":174,""baseline.pauseProduction"":5,""baseline.placeBuilding"":15,""baseline.queueForProduction"":73,""baseline.resumeProduction"":5,""baseline.sellObject"":5,""baseline.setUnitDebugText"":640,""baseline.unqueueFromProduction"":9,""candidate.orderUnits"":1013,""candidate.pauseProduction"":54,""candidate.placeBuilding"":11,""candidate.queueForProduction"":149,""candidate.resumeProduction"":52,""candidate.setUnitDebugText"":407,""candidate.unqueueFromProduction"":29}}","{""kind"":""unified-intent-d1-telemetry-v1"",""complete"":true,""updates"":24000,""budgetMode"":""separated_lanes_unbounded_d1"",""commandCeiling"":null,""commandCeilingEnforced"":false,""rollingUpdates"":900,""referenceCommandCeiling"":115,""referenceExceededUpdates"":2460,""budgetDenialUpdates"":0,""budgetDeniedUnitIdOccurrences"":0,""budgetDeniedDebugCalls"":0,""maxRollingCommandCalls"":177,""maxPendingUnitIds"":0,""maxForwardedChunkSize"":14,""counters"":{""gameplayNonorderCalls"":295,""productionBatches"":237,""proposedCalls"":1013,""proposedUnitIds"":2719,""forwardedOrderCalls"":1013,""forwardedUnitIds"":2719,""sameUnitConflicts"":0,""duplicateSuppressions"":0,""invalidUnitIds"":0,""invalidTargets"":0,""invalidTiles"":0,""supersededPending"":0,""expiredPending"":0,""revokedPending"":0,""deferredUnitIds"":0,""pendingUnitIds"":0,""debugProposals"":407,""debugCoalesced"":0,""debugForwarded"":407,""debugDropped"":0},""telemetrySha256"":""bee6d7e9cea42f2ffbf83fb18e121950192729e782968f3da4fea2d02ef39111""}"
"151","disabled","24000","{""sha256"":""7c28bdbfc8987eeed6b4d5da4961f488ee7fc9942daac2ca22f65e63d41462b4"",""bySideAndMethod"":{""baseline.orderUnits"":326,""baseline.pauseProduction"":5,""baseline.placeBuilding"":15,""baseline.queueForProduction"":60,""baseline.resumeProduction"":5,""baseline.sellObject"":5,""baseline.setUnitDebugText"":464,""baseline.unqueueFromProduction"":8,""candidate.orderUnits"":1003,""candidate.pauseProduction"":41,""candidate.placeBuilding"":12,""candidate.queueForProduction"":145,""candidate.resumeProduction"":36,""candidate.setUnitDebugText"":418,""candidate.toggleRepairWrench"":2,""candidate.unqueueFromProduction"":20}}",""
"151","separated_lanes_v2","24000","{""sha256"":""77af4d2a0116bc00f38f2411f6c9f04fc985f911a9610c0570ae961f7128dd2f"",""bySideAndMethod"":{""baseline.orderUnits"":303,""baseline.pauseProduction"":5,""baseline.placeBuilding"":16,""baseline.queueForProduction"":61,""baseline.resumeProduction"":5,""baseline.sayAll"":1,""baseline.sellObject"":6,""baseline.setUnitDebugText"":332,""baseline.toggleRepairWrench"":8,""baseline.unqueueFromProduction"":5,""candidate.orderUnits"":949,""candidate.pauseProduction"":16,""candidate.placeBuilding"":15,""candidate.queueForProduction"":106,""candidate.resumeProduction"":15,""candidate.setUnitDebugText"":133,""candidate.toggleRepairWrench"":3,""candidate.unqueueFromProduction"":9}}","{""kind"":""unified-intent-d1-telemetry-v1"",""complete"":true,""updates"":24000,""budgetMode"":""separated_lanes_v2"",""commandCeiling"":115,""commandCeilingEnforced"":true,""rollingUpdates"":900,""referenceCommandCeiling"":115,""referenceExceededUpdates"":0,""budgetDenialUpdates"":1609,""budgetDeniedUnitIdOccurrences"":12959,""budgetDeniedDebugCalls"":308,""maxRollingCommandCalls"":115,""maxPendingUnitIds"":29,""maxForwardedChunkSize"":25,""counters"":{""gameplayNonorderCalls"":164,""productionBatches"":138,""proposedCalls"":1078,""proposedUnitIds"":3315,""forwardedOrderCalls"":949,""forwardedUnitIds"":2847,""sameUnitConflicts"":418,""duplicateSuppressions"":15,""invalidUnitIds"":7,""invalidTargets"":28,""invalidTiles"":0,""supersededPending"":437,""expiredPending"":0,""revokedPending"":0,""deferredUnitIds"":12959,""pendingUnitIds"":12959,""debugProposals"":441,""debugCoalesced"":0,""debugForwarded"":133,""debugDropped"":308},""telemetrySha256"":""6e2812dda6d17f0fed457597c1eee327533529f9f56bb212610ca545cd55b68f""}"
"151","separated_lanes_unbounded_d1","24000","{""sha256"":""1b24642e6ba6b22b9c65a8bd63532978abe27808029aa494418ca7de93d42804"",""bySideAndMethod"":{""baseline.orderUnits"":326,""baseline.pauseProduction"":5,""baseline.placeBuilding"":15,""baseline.queueForProduction"":60,""baseline.resumeProduction"":5,""baseline.sellObject"":5,""baseline.setUnitDebugText"":464,""baseline.unqueueFromProduction"":8,""candidate.orderUnits"":1000,""candidate.pauseProduction"":41,""candidate.placeBuilding"":12,""candidate.queueForProduction"":145,""candidate.resumeProduction"":36,""candidate.setUnitDebugText"":418,""candidate.toggleRepairWrench"":2,""candidate.unqueueFromProduction"":20}}","{""kind"":""unified-intent-d1-telemetry-v1"",""complete"":true,""updates"":24000,""budgetMode"":""separated_lanes_unbounded_d1"",""commandCeiling"":null,""commandCeilingEnforced"":false,""rollingUpdates"":900,""referenceCommandCeiling"":115,""referenceExceededUpdates"":3696,""budgetDenialUpdates"":0,""budgetDeniedUnitIdOccurrences"":0,""budgetDeniedDebugCalls"":0,""maxRollingCommandCalls"":198,""maxPendingUnitIds"":0,""maxForwardedChunkSize"":26,""counters"":{""gameplayNonorderCalls"":256,""productionBatches"":205,""proposedCalls"":1003,""proposedUnitIds"":2840,""forwardedOrderCalls"":1000,""forwardedUnitIds"":2837,""sameUnitConflicts"":0,""duplicateSuppressions"":3,""invalidUnitIds"":0,""invalidTargets"":0,""invalidTiles"":0,""supersededPending"":0,""expiredPending"":0,""revokedPending"":0,""deferredUnitIds"":0,""pendingUnitIds"":0,""debugProposals"":418,""debugCoalesced"":0,""debugForwarded"":418,""debugDropped"":0},""telemetrySha256"":""8e51fbae25ac33ce6bd1ab40f38d6a3d903758b26594a22d86044170ed5aca64""}"
"152","disabled","24000","{""sha256"":""3a4bebaaec6c84d8539b976ea47c8061a6910be16e3f8e5f92d0f8a5fc30bc01"",""bySideAndMethod"":{""baseline.activateSuperWeapon"":5,""baseline.orderUnits"":2363,""baseline.pauseProduction"":14,""baseline.placeBuilding"":16,""baseline.queueForProduction"":67,""baseline.resumeProduction"":14,""baseline.setUnitDebugText"":371,""baseline.toggleRepairWrench"":11,""baseline.unqueueFromProduction"":12,""candidate.activateSuperWeapon"":3,""candidate.orderUnits"":742,""candidate.pauseProduction"":12,""candidate.placeBuilding"":7,""candidate.queueForProduction"":49,""candidate.resumeProduction"":9,""candidate.setUnitDebugText"":153,""candidate.toggleRepairWrench"":7,""candidate.unqueueFromProduction"":15}}",""
"152","separated_lanes_v2","7810","{""sha256"":""a5617d5e310691e8932cc2329a254720c67eace6054d1f4b37c69233374ae72e"",""bySideAndMethod"":{""baseline.orderUnits"":60,""baseline.pauseProduction"":5,""baseline.placeBuilding"":7,""baseline.queueForProduction"":34,""baseline.resumeProduction"":4,""baseline.sellObject"":1,""baseline.setUnitDebugText"":109,""baseline.toggleRepairWrench"":7,""baseline.unqueueFromProduction"":2,""candidate.orderUnits"":650,""candidate.pauseProduction"":5,""candidate.placeBuilding"":6,""candidate.queueForProduction"":41,""candidate.resumeProduction"":4,""candidate.setUnitDebugText"":49,""candidate.unqueueFromProduction"":13}}","{""kind"":""unified-intent-d1-telemetry-v1"",""complete"":true,""updates"":7810,""budgetMode"":""separated_lanes_v2"",""commandCeiling"":115,""commandCeilingEnforced"":true,""rollingUpdates"":900,""referenceCommandCeiling"":115,""referenceExceededUpdates"":0,""budgetDenialUpdates"":925,""budgetDeniedUnitIdOccurrences"":3904,""budgetDeniedDebugCalls"":26,""maxRollingCommandCalls"":115,""maxPendingUnitIds"":10,""maxForwardedChunkSize"":8,""counters"":{""gameplayNonorderCalls"":69,""productionBatches"":59,""proposedCalls"":740,""proposedUnitIds"":1298,""forwardedOrderCalls"":650,""forwardedUnitIds"":1162,""sameUnitConflicts"":97,""duplicateSuppressions"":24,""invalidUnitIds"":1,""invalidTargets"":14,""invalidTiles"":0,""supersededPending"":97,""expiredPending"":0,""revokedPending"":0,""deferredUnitIds"":3904,""pendingUnitIds"":3904,""debugProposals"":75,""debugCoalesced"":0,""debugForwarded"":49,""debugDropped"":26},""telemetrySha256"":""9e1db7f56396ad0cee392f87a4904ad4f6ccdaee13432077b91622aa43bc7a6e""}"
"152","separated_lanes_unbounded_d1","10960","{""sha256"":""1783cb719a70c859646600292d0795a976fdc0d648da8c584d1565fc289af21b"",""bySideAndMethod"":{""baseline.orderUnits"":107,""baseline.pauseProduction"":8,""baseline.placeBuilding"":8,""baseline.queueForProduction"":45,""baseline.quitGame"":27,""baseline.resumeProduction"":8,""baseline.sayAll"":1,""baseline.sellObject"":1,""baseline.setUnitDebugText"":159,""baseline.toggleRepairWrench"":18,""baseline.unqueueFromProduction"":6,""candidate.orderUnits"":815,""candidate.pauseProduction"":9,""candidate.placeBuilding"":7,""candidate.queueForProduction"":45,""candidate.resumeProduction"":8,""candidate.setUnitDebugText"":142,""candidate.toggleRepairWrench"":3,""candidate.unqueueFromProduction"":13}}","{""kind"":""unified-intent-d1-telemetry-v1"",""complete"":true,""updates"":10960,""budgetMode"":""separated_lanes_unbounded_d1"",""commandCeiling"":null,""commandCeilingEnforced"":false,""rollingUpdates"":900,""referenceCommandCeiling"":115,""referenceExceededUpdates"":1704,""budgetDenialUpdates"":0,""budgetDeniedUnitIdOccurrences"":0,""budgetDeniedDebugCalls"":0,""maxRollingCommandCalls"":174,""maxPendingUnitIds"":0,""maxForwardedChunkSize"":7,""counters"":{""gameplayNonorderCalls"":85,""productionBatches"":68,""proposedCalls"":819,""proposedUnitIds"":1804,""forwardedOrderCalls"":815,""forwardedUnitIds"":1800,""sameUnitConflicts"":0,""duplicateSuppressions"":4,""invalidUnitIds"":0,""invalidTargets"":0,""invalidTiles"":0,""supersededPending"":0,""expiredPending"":0,""revokedPending"":0,""deferredUnitIds"":0,""pendingUnitIds"":0,""debugProposals"":142,""debugCoalesced"":0,""debugForwarded"":142,""debugDropped"":0},""telemetrySha256"":""031dfb8f682c9f62ca27e1ea3f76def50b382e5c0fa185eb33890137ac7cbba6""}"
"153","disabled","24000","{""sha256"":""dd3ec84761f3498743c5af67f4cd96e6172ae837346638a3f9ae1238b1b9ba65"",""bySideAndMethod"":{""baseline.activateSuperWeapon"":5,""baseline.orderUnits"":1680,""baseline.pauseProduction"":18,""baseline.placeBuilding"":16,""baseline.queueForProduction"":80,""baseline.resumeProduction"":16,""baseline.setUnitDebugText"":389,""baseline.toggleRepairWrench"":8,""baseline.unqueueFromProduction"":16,""candidate.activateSuperWeapon"":3,""candidate.orderUnits"":765,""candidate.pauseProduction"":21,""candidate.placeBuilding"":10,""candidate.queueForProduction"":57,""candidate.resumeProduction"":18,""candidate.setUnitDebugText"":198,""candidate.toggleRepairWrench"":18,""candidate.unqueueFromProduction"":18}}",""
"153","separated_lanes_v2","7474","{""sha256"":""1b4d4d5c36ccc8b2ac3778b3c12ef4ccc28728c10c6e48fe4b254f5a6816b1b9"",""bySideAndMethod"":{""baseline.orderUnits"":58,""baseline.pauseProduction"":7,""baseline.placeBuilding"":8,""baseline.queueForProduction"":38,""baseline.resumeProduction"":7,""baseline.sellObject"":1,""baseline.setUnitDebugText"":109,""baseline.toggleRepairWrench"":10,""baseline.unqueueFromProduction"":3,""candidate.orderUnits"":613,""candidate.pauseProduction"":5,""candidate.placeBuilding"":6,""candidate.queueForProduction"":40,""candidate.resumeProduction"":4,""candidate.setUnitDebugText"":49,""candidate.unqueueFromProduction"":12}}","{""kind"":""unified-intent-d1-telemetry-v1"",""complete"":true,""updates"":7474,""budgetMode"":""separated_lanes_v2"",""commandCeiling"":115,""commandCeilingEnforced"":true,""rollingUpdates"":900,""referenceCommandCeiling"":115,""referenceExceededUpdates"":0,""budgetDenialUpdates"":925,""budgetDeniedUnitIdOccurrences"":3904,""budgetDeniedDebugCalls"":26,""maxRollingCommandCalls"":115,""maxPendingUnitIds"":10,""maxForwardedChunkSize"":8,""counters"":{""gameplayNonorderCalls"":67,""productionBatches"":57,""proposedCalls"":698,""proposedUnitIds"":1191,""forwardedOrderCalls"":613,""forwardedUnitIds"":1064,""sameUnitConflicts"":97,""duplicateSuppressions"":15,""invalidUnitIds"":1,""invalidTargets"":14,""invalidTiles"":0,""supersededPending"":97,""expiredPending"":0,""revokedPending"":0,""deferredUnitIds"":3904,""pendingUnitIds"":3904,""debugProposals"":75,""debugCoalesced"":0,""debugForwarded"":49,""debugDropped"":26},""telemetrySha256"":""1d9a023924b84830755219ab947df6e48fa4bf520834c2aa35c423ac03901a96""}"
"153","separated_lanes_unbounded_d1","23557","{""sha256"":""95e24f30496cf835e5d8cc4e7e44d41c10e05b5ea7f8e55a1505cc1409a3d98a"",""bySideAndMethod"":{""baseline.activateSuperWeapon"":5,""baseline.orderUnits"":1305,""baseline.pauseProduction"":16,""baseline.placeBuilding"":16,""baseline.queueForProduction"":73,""baseline.resumeProduction"":15,""baseline.setUnitDebugText"":337,""baseline.toggleRepairWrench"":26,""baseline.unqueueFromProduction"":16,""candidate.activateSuperWeapon"":3,""candidate.orderUnits"":778,""candidate.pauseProduction"":17,""candidate.placeBuilding"":9,""candidate.queueForProduction"":55,""candidate.resumeProduction"":16,""candidate.setUnitDebugText"":196,""candidate.toggleRepairWrench"":19,""candidate.unqueueFromProduction"":16}}","{""kind"":""unified-intent-d1-telemetry-v1"",""complete"":true,""updates"":23557,""budgetMode"":""separated_lanes_unbounded_d1"",""commandCeiling"":null,""commandCeilingEnforced"":false,""rollingUpdates"":900,""referenceCommandCeiling"":115,""referenceExceededUpdates"":1704,""budgetDenialUpdates"":0,""budgetDeniedUnitIdOccurrences"":0,""budgetDeniedDebugCalls"":0,""maxRollingCommandCalls"":174,""maxPendingUnitIds"":0,""maxForwardedChunkSize"":7,""counters"":{""gameplayNonorderCalls"":135,""productionBatches"":94,""proposedCalls"":783,""proposedUnitIds"":1715,""forwardedOrderCalls"":778,""forwardedUnitIds"":1710,""sameUnitConflicts"":0,""duplicateSuppressions"":5,""invalidUnitIds"":0,""invalidTargets"":0,""invalidTiles"":0,""supersededPending"":0,""expiredPending"":0,""revokedPending"":0,""deferredUnitIds"":0,""pendingUnitIds"":0,""debugProposals"":196,""debugCoalesced"":0,""debugForwarded"":196,""debugDropped"":0},""telemetrySha256"":""632418b8daa9eaee22d014eb2a9c0645d9aa2282be137fc4f48209b50c226f6e""}"
"154","disabled","24000","{""sha256"":""a11dacf05209cea84df226a8268f9d6f1ba5adefceb50e5773bc8fada7f9e66c"",""bySideAndMethod"":{""baseline.orderUnits"":376,""baseline.pauseProduction"":6,""baseline.placeBuilding"":19,""baseline.queueForProduction"":65,""baseline.resumeProduction"":6,""baseline.sellObject"":3,""baseline.setUnitDebugText"":198,""baseline.toggleRepairWrench"":16,""baseline.unqueueFromProduction"":10,""candidate.orderUnits"":974,""candidate.pauseProduction"":23,""candidate.placeBuilding"":10,""candidate.queueForProduction"":76,""candidate.resumeProduction"":22,""candidate.setUnitDebugText"":205,""candidate.toggleRepairWrench"":1,""candidate.unqueueFromProduction"":11}}",""
"154","separated_lanes_v2","24000","{""sha256"":""fb631c019a1b8fefe77f2f820f5814265449f45a80179c205e2fbcb09ddf811f"",""bySideAndMethod"":{""baseline.orderUnits"":411,""baseline.pauseProduction"":9,""baseline.placeBuilding"":19,""baseline.queueForProduction"":68,""baseline.resumeProduction"":9,""baseline.sellObject"":3,""baseline.setUnitDebugText"":227,""baseline.toggleRepairWrench"":3,""baseline.unqueueFromProduction"":11,""candidate.orderUnits"":1813,""candidate.pauseProduction"":50,""candidate.placeBuilding"":9,""candidate.queueForProduction"":90,""candidate.resumeProduction"":46,""candidate.setUnitDebugText"":108,""candidate.toggleRepairWrench"":5,""candidate.unqueueFromProduction"":18}}","{""kind"":""unified-intent-d1-telemetry-v1"",""complete"":true,""updates"":24000,""budgetMode"":""separated_lanes_v2"",""commandCeiling"":115,""commandCeilingEnforced"":true,""rollingUpdates"":900,""referenceCommandCeiling"":115,""referenceExceededUpdates"":0,""budgetDenialUpdates"":1384,""budgetDeniedUnitIdOccurrences"":6200,""budgetDeniedDebugCalls"":58,""maxRollingCommandCalls"":115,""maxPendingUnitIds"":17,""maxForwardedChunkSize"":15,""counters"":{""gameplayNonorderCalls"":218,""productionBatches"":167,""proposedCalls"":2150,""proposedUnitIds"":3229,""forwardedOrderCalls"":1813,""forwardedUnitIds"":3004,""sameUnitConflicts"":170,""duplicateSuppressions"":29,""invalidUnitIds"":0,""invalidTargets"":26,""invalidTiles"":0,""supersededPending"":179,""expiredPending"":0,""revokedPending"":0,""deferredUnitIds"":6200,""pendingUnitIds"":6200,""debugProposals"":166,""debugCoalesced"":0,""debugForwarded"":108,""debugDropped"":58},""telemetrySha256"":""58451ab17c91b1455d8dbdcf611c56a9af9fa9389af0e1fb140036f69e3c711a""}"
"154","separated_lanes_unbounded_d1","24000","{""sha256"":""c33b30a981837687413b4e1d36952978c757fca5e0a666413f0ad06fa970ef28"",""bySideAndMethod"":{""baseline.orderUnits"":376,""baseline.pauseProduction"":6,""baseline.placeBuilding"":19,""baseline.queueForProduction"":65,""baseline.resumeProduction"":6,""baseline.sellObject"":3,""baseline.setUnitDebugText"":198,""baseline.toggleRepairWrench"":16,""baseline.unqueueFromProduction"":10,""candidate.orderUnits"":966,""candidate.pauseProduction"":23,""candidate.placeBuilding"":10,""candidate.queueForProduction"":76,""candidate.resumeProduction"":22,""candidate.setUnitDebugText"":205,""candidate.toggleRepairWrench"":1,""candidate.unqueueFromProduction"":11}}","{""kind"":""unified-intent-d1-telemetry-v1"",""complete"":true,""updates"":24000,""budgetMode"":""separated_lanes_unbounded_d1"",""commandCeiling"":null,""commandCeilingEnforced"":false,""rollingUpdates"":900,""referenceCommandCeiling"":115,""referenceExceededUpdates"":2544,""budgetDenialUpdates"":0,""budgetDeniedUnitIdOccurrences"":0,""budgetDeniedDebugCalls"":0,""maxRollingCommandCalls"":209,""maxPendingUnitIds"":0,""maxForwardedChunkSize"":13,""counters"":{""gameplayNonorderCalls"":143,""productionBatches"":124,""proposedCalls"":974,""proposedUnitIds"":2189,""forwardedOrderCalls"":966,""forwardedUnitIds"":2186,""sameUnitConflicts"":0,""duplicateSuppressions"":3,""invalidUnitIds"":0,""invalidTargets"":0,""invalidTiles"":0,""supersededPending"":0,""expiredPending"":0,""revokedPending"":0,""deferredUnitIds"":0,""pendingUnitIds"":0,""debugProposals"":205,""debugCoalesced"":0,""debugForwarded"":205,""debugDropped"":0},""telemetrySha256"":""c031832e8b200ab2e435d465805f28595733daa13cd608d73e64b5516733b941""}"
"155","disabled","24000","{""sha256"":""d45963c4c1a4e2f10a685fe2755fe5e65121203833559decab4c89ee81ae7ad7"",""bySideAndMethod"":{""baseline.orderUnits"":375,""baseline.pauseProduction"":7,""baseline.placeBuilding"":22,""baseline.queueForProduction"":59,""baseline.resumeProduction"":6,""baseline.sellObject"":5,""baseline.setUnitDebugText"":202,""baseline.toggleRepairWrench"":5,""baseline.unqueueFromProduction"":7,""candidate.orderUnits"":887,""candidate.pauseProduction"":31,""candidate.placeBuilding"":10,""candidate.queueForProduction"":71,""candidate.resumeProduction"":29,""candidate.setUnitDebugText"":150,""candidate.toggleRepairWrench"":6,""candidate.unqueueFromProduction"":10}}",""
"155","separated_lanes_v2","24000","{""sha256"":""365660d8104fe20dbd13b9444f126d0ad03bafc326473b1d6e37affabcfd31d8"",""bySideAndMethod"":{""baseline.orderUnits"":404,""baseline.pauseProduction"":7,""baseline.placeBuilding"":21,""baseline.queueForProduction"":61,""baseline.resumeProduction"":7,""baseline.sellObject"":5,""baseline.setUnitDebugText"":217,""baseline.toggleRepairWrench"":1,""baseline.unqueueFromProduction"":7,""candidate.orderUnits"":1906,""candidate.pauseProduction"":42,""candidate.placeBuilding"":9,""candidate.queueForProduction"":81,""candidate.resumeProduction"":39,""candidate.setUnitDebugText"":109,""candidate.toggleRepairWrench"":2,""candidate.unqueueFromProduction"":14}}","{""kind"":""unified-intent-d1-telemetry-v1"",""complete"":true,""updates"":24000,""budgetMode"":""separated_lanes_v2"",""commandCeiling"":115,""commandCeilingEnforced"":true,""rollingUpdates"":900,""referenceCommandCeiling"":115,""referenceExceededUpdates"":0,""budgetDenialUpdates"":1817,""budgetDeniedUnitIdOccurrences"":7040,""budgetDeniedDebugCalls"":101,""maxRollingCommandCalls"":115,""maxPendingUnitIds"":14,""maxForwardedChunkSize"":15,""counters"":{""gameplayNonorderCalls"":187,""productionBatches"":144,""proposedCalls"":2109,""proposedUnitIds"":3105,""forwardedOrderCalls"":1906,""forwardedUnitIds"":2831,""sameUnitConflicts"":209,""duplicateSuppressions"":40,""invalidUnitIds"":2,""invalidTargets"":23,""invalidTiles"":0,""supersededPending"":209,""expiredPending"":0,""revokedPending"":0,""deferredUnitIds"":7040,""pendingUnitIds"":7040,""debugProposals"":210,""debugCoalesced"":0,""debugForwarded"":109,""debugDropped"":101},""telemetrySha256"":""2d1e014bc91af96c579b38b5dc6835698bf54240eebbd560608fa3ff0c1593d5""}"
"155","separated_lanes_unbounded_d1","24000","{""sha256"":""79423211093bf5e9693b02589bb8594f72f081d0e4edfcc9fd28f85cd0c98f24"",""bySideAndMethod"":{""baseline.orderUnits"":375,""baseline.pauseProduction"":7,""baseline.placeBuilding"":22,""baseline.queueForProduction"":59,""baseline.resumeProduction"":6,""baseline.sellObject"":5,""baseline.setUnitDebugText"":202,""baseline.toggleRepairWrench"":5,""baseline.unqueueFromProduction"":7,""candidate.orderUnits"":879,""candidate.pauseProduction"":31,""candidate.placeBuilding"":10,""candidate.queueForProduction"":71,""candidate.resumeProduction"":29,""candidate.setUnitDebugText"":150,""candidate.toggleRepairWrench"":6,""candidate.unqueueFromProduction"":10}}","{""kind"":""unified-intent-d1-telemetry-v1"",""complete"":true,""updates"":24000,""budgetMode"":""separated_lanes_unbounded_d1"",""commandCeiling"":null,""commandCeilingEnforced"":false,""rollingUpdates"":900,""referenceCommandCeiling"":115,""referenceExceededUpdates"":2580,""budgetDenialUpdates"":0,""budgetDeniedUnitIdOccurrences"":0,""budgetDeniedDebugCalls"":0,""maxRollingCommandCalls"":209,""maxPendingUnitIds"":0,""maxForwardedChunkSize"":11,""counters"":{""gameplayNonorderCalls"":157,""productionBatches"":135,""proposedCalls"":887,""proposedUnitIds"":2003,""forwardedOrderCalls"":879,""forwardedUnitIds"":2000,""sameUnitConflicts"":0,""duplicateSuppressions"":3,""invalidUnitIds"":0,""invalidTargets"":0,""invalidTiles"":0,""supersededPending"":0,""expiredPending"":0,""revokedPending"":0,""deferredUnitIds"":0,""pendingUnitIds"":0,""debugProposals"":150,""debugCoalesced"":0,""debugForwarded"":150,""debugDropped"":0},""telemetrySha256"":""d23082bf4ec6abba40b9fa938315d6fb44ca2a95cc60b06678a28ebfedf6baa4""}"
"156","disabled","9928","{""sha256"":""66572325a81ba0cfc5bb4eb302c54c6b70d3e4a4d1f368388f444474daa60ead"",""bySideAndMethod"":{""baseline.orderUnits"":77,""baseline.pauseProduction"":7,""baseline.placeBuilding"":9,""baseline.queueForProduction"":33,""baseline.resumeProduction"":5,""baseline.setUnitDebugText"":74,""baseline.toggleRepairWrench"":8,""baseline.unqueueFromProduction"":3,""candidate.orderUnits"":1199,""candidate.pauseProduction"":12,""candidate.placeBuilding"":6,""candidate.queueForProduction"":62,""candidate.resumeProduction"":11,""candidate.setUnitDebugText"":180,""candidate.unqueueFromProduction"":15}}",""
"156","separated_lanes_v2","24000","{""sha256"":""8bfba77d34b14ab113d9b03febe946fa8e9a5a53759ad7780771f38a410850c0"",""bySideAndMethod"":{""baseline.activateSuperWeapon"":4,""baseline.orderUnits"":1255,""baseline.pauseProduction"":11,""baseline.placeBuilding"":15,""baseline.queueForProduction"":61,""baseline.resumeProduction"":9,""baseline.setUnitDebugText"":230,""baseline.toggleRepairWrench"":11,""baseline.unqueueFromProduction"":11,""candidate.activateSuperWeapon"":3,""candidate.orderUnits"":1910,""candidate.pauseProduction"":21,""candidate.placeBuilding"":9,""candidate.queueForProduction"":81,""candidate.resumeProduction"":15,""candidate.setUnitDebugText"":99,""candidate.toggleRepairWrench"":14,""candidate.unqueueFromProduction"":19}}","{""kind"":""unified-intent-d1-telemetry-v1"",""complete"":true,""updates"":24000,""budgetMode"":""separated_lanes_v2"",""commandCeiling"":115,""commandCeilingEnforced"":true,""rollingUpdates"":900,""referenceCommandCeiling"":115,""referenceExceededUpdates"":0,""budgetDenialUpdates"":3457,""budgetDeniedUnitIdOccurrences"":18730,""budgetDeniedDebugCalls"":136,""maxRollingCommandCalls"":115,""maxPendingUnitIds"":19,""maxForwardedChunkSize"":10,""counters"":{""gameplayNonorderCalls"":162,""productionBatches"":123,""proposedCalls"":2437,""proposedUnitIds"":3265,""forwardedOrderCalls"":1910,""forwardedUnitIds"":2820,""sameUnitConflicts"":307,""duplicateSuppressions"":87,""invalidUnitIds"":11,""invalidTargets"":33,""invalidTiles"":0,""supersededPending"":315,""expiredPending"":7,""revokedPending"":0,""deferredUnitIds"":18730,""pendingUnitIds"":18730,""debugProposals"":235,""debugCoalesced"":0,""debugForwarded"":99,""debugDropped"":136},""telemetrySha256"":""ec7629c002a197a7a80b07f17b0ba5a146131fea2f8a02cc1dc31c89064dca9b""}"
"156","separated_lanes_unbounded_d1","19949","{""sha256"":""a1d3ebed34b843663d9dbfab3a59b8e40827bf63a7ec246f6769bb0dc05ef555"",""bySideAndMethod"":{""baseline.orderUnits"":136,""baseline.pauseProduction"":5,""baseline.placeBuilding"":10,""baseline.queueForProduction"":37,""baseline.resumeProduction"":5,""baseline.sayAll"":1,""baseline.sellObject"":1,""baseline.setUnitDebugText"":89,""baseline.toggleRepairWrench"":10,""baseline.unqueueFromProduction"":2,""candidate.activateSuperWeapon"":2,""candidate.orderUnits"":2750,""candidate.pauseProduction"":18,""candidate.placeBuilding"":10,""candidate.queueForProduction"":87,""candidate.resumeProduction"":17,""candidate.setUnitDebugText"":339,""candidate.unqueueFromProduction"":15}}","{""kind"":""unified-intent-d1-telemetry-v1"",""complete"":true,""updates"":19949,""budgetMode"":""separated_lanes_unbounded_d1"",""commandCeiling"":null,""commandCeilingEnforced"":false,""rollingUpdates"":900,""referenceCommandCeiling"":115,""referenceExceededUpdates"":9174,""budgetDenialUpdates"":0,""budgetDeniedUnitIdOccurrences"":0,""budgetDeniedDebugCalls"":0,""maxRollingCommandCalls"":482,""maxPendingUnitIds"":0,""maxForwardedChunkSize"":20,""counters"":{""gameplayNonorderCalls"":149,""productionBatches"":127,""proposedCalls"":3040,""proposedUnitIds"":8563,""forwardedOrderCalls"":2750,""forwardedUnitIds"":8431,""sameUnitConflicts"":105,""duplicateSuppressions"":27,""invalidUnitIds"":0,""invalidTargets"":0,""invalidTiles"":0,""supersededPending"":0,""expiredPending"":0,""revokedPending"":0,""deferredUnitIds"":0,""pendingUnitIds"":0,""debugProposals"":339,""debugCoalesced"":0,""debugForwarded"":339,""debugDropped"":0},""telemetrySha256"":""2957cbe3a787fa090ae85dfec7fd02a7c5341f08213ad95df7f721b61fe84ae6""}"
"157","disabled","16834","{""sha256"":""31401201a91a8b145ec0aee3a47f9b66359aa3cecaf7c42d25dbd17e3b08d081"",""bySideAndMethod"":{""baseline.activateSuperWeapon"":1,""baseline.orderUnits"":213,""baseline.pauseProduction"":7,""baseline.placeBuilding"":10,""baseline.queueForProduction"":39,""baseline.resumeProduction"":5,""baseline.sayAll"":1,""baseline.sellObject"":1,""baseline.setUnitDebugText"":96,""baseline.toggleRepairWrench"":10,""baseline.unqueueFromProduction"":6,""candidate.activateSuperWeapon"":1,""candidate.orderUnits"":1938,""candidate.pauseProduction"":12,""candidate.placeBuilding"":9,""candidate.queueForProduction"":70,""candidate.resumeProduction"":11,""candidate.setUnitDebugText"":189,""candidate.toggleRepairWrench"":10,""candidate.unqueueFromProduction"":17}}",""
"157","separated_lanes_v2","24000","{""sha256"":""ea9355fb3da490c9003cc0267f53db1457c1cac2f6022c88046224e7fa7036e0"",""bySideAndMethod"":{""baseline.activateSuperWeapon"":1,""baseline.orderUnits"":266,""baseline.pauseProduction"":16,""baseline.placeBuilding"":15,""baseline.queueForProduction"":63,""baseline.resumeProduction"":13,""baseline.sellObject"":4,""baseline.setUnitDebugText"":208,""baseline.toggleRepairWrench"":8,""baseline.unqueueFromProduction"":10,""candidate.activateSuperWeapon"":3,""candidate.orderUnits"":2439,""candidate.pauseProduction"":29,""candidate.placeBuilding"":12,""candidate.queueForProduction"":109,""candidate.resumeProduction"":29,""candidate.setUnitDebugText"":170,""candidate.toggleRepairWrench"":4,""candidate.unqueueFromProduction"":18}}","{""kind"":""unified-intent-d1-telemetry-v1"",""complete"":true,""updates"":24000,""budgetMode"":""separated_lanes_v2"",""commandCeiling"":115,""commandCeilingEnforced"":true,""rollingUpdates"":900,""referenceCommandCeiling"":115,""referenceExceededUpdates"":0,""budgetDenialUpdates"":4853,""budgetDeniedUnitIdOccurrences"":21530,""budgetDeniedDebugCalls"":290,""maxRollingCommandCalls"":115,""maxPendingUnitIds"":17,""maxForwardedChunkSize"":12,""counters"":{""gameplayNonorderCalls"":204,""productionBatches"":171,""proposedCalls"":3031,""proposedUnitIds"":4477,""forwardedOrderCalls"":2439,""forwardedUnitIds"":3955,""sameUnitConflicts"":381,""duplicateSuppressions"":120,""invalidUnitIds"":8,""invalidTargets"":8,""invalidTiles"":0,""supersededPending"":381,""expiredPending"":5,""revokedPending"":0,""deferredUnitIds"":21530,""pendingUnitIds"":21530,""debugProposals"":460,""debugCoalesced"":0,""debugForwarded"":170,""debugDropped"":290},""telemetrySha256"":""4d4fafdf5ebcb8d2eb1a646a5ebc3bea77d61371375c639a9ef9e43588f99390""}"
"157","separated_lanes_unbounded_d1","24000","{""sha256"":""596958972d7e6dc1ab1b67a63d77ffc7fc66a818dc300e760ac41272441059e7"",""bySideAndMethod"":{""baseline.orderUnits"":212,""baseline.pauseProduction"":12,""baseline.placeBuilding"":14,""baseline.queueForProduction"":59,""baseline.resumeProduction"":12,""baseline.sellObject"":1,""baseline.setUnitDebugText"":224,""baseline.toggleRepairWrench"":12,""baseline.unqueueFromProduction"":10,""candidate.activateSuperWeapon"":3,""candidate.orderUnits"":2904,""candidate.pauseProduction"":26,""candidate.placeBuilding"":13,""candidate.queueForProduction"":117,""candidate.resumeProduction"":26,""candidate.setUnitDebugText"":486,""candidate.unqueueFromProduction"":17}}","{""kind"":""unified-intent-d1-telemetry-v1"",""complete"":true,""updates"":24000,""budgetMode"":""separated_lanes_unbounded_d1"",""commandCeiling"":null,""commandCeilingEnforced"":false,""rollingUpdates"":900,""referenceCommandCeiling"":115,""referenceExceededUpdates"":13921,""budgetDenialUpdates"":0,""budgetDeniedUnitIdOccurrences"":0,""budgetDeniedDebugCalls"":0,""maxRollingCommandCalls"":263,""maxPendingUnitIds"":0,""maxForwardedChunkSize"":16,""counters"":{""gameplayNonorderCalls"":202,""productionBatches"":175,""proposedCalls"":3257,""proposedUnitIds"":5033,""forwardedOrderCalls"":2904,""forwardedUnitIds"":5007,""sameUnitConflicts"":0,""duplicateSuppressions"":26,""invalidUnitIds"":0,""invalidTargets"":0,""invalidTiles"":0,""supersededPending"":0,""expiredPending"":0,""revokedPending"":0,""deferredUnitIds"":0,""pendingUnitIds"":0,""debugProposals"":486,""debugCoalesced"":0,""debugForwarded"":486,""debugDropped"":0},""telemetrySha256"":""6be91eac3b1a6dd6263583caa904df98d43590fbd4729374c4dc6384ed7717eb""}"
"158","disabled","24000","{""sha256"":""d20247aeaf5d7dc69a8e7a1a9b50292f9462293c26ab5ac155f60dce6716d3f2"",""bySideAndMethod"":{""baseline.orderUnits"":209,""baseline.pauseProduction"":5,""baseline.placeBuilding"":13,""baseline.queueForProduction"":65,""baseline.resumeProduction"":4,""baseline.sellObject"":7,""baseline.setUnitDebugText"":403,""baseline.unqueueFromProduction"":8,""candidate.orderUnits"":884,""candidate.pauseProduction"":27,""candidate.placeBuilding"":15,""candidate.queueForProduction"":114,""candidate.resumeProduction"":24,""candidate.setUnitDebugText"":676,""candidate.toggleRepairWrench"":4,""candidate.unqueueFromProduction"":14}}",""
"158","separated_lanes_v2","24000","{""sha256"":""cfae36c2b2843877c0b96f81f26592d6d042f79650d29c2043816762bf112f42"",""bySideAndMethod"":{""baseline.orderUnits"":341,""baseline.pauseProduction"":5,""baseline.placeBuilding"":16,""baseline.queueForProduction"":65,""baseline.resumeProduction"":4,""baseline.sayAll"":2,""baseline.sellObject"":6,""baseline.setUnitDebugText"":350,""baseline.toggleRepairWrench"":12,""baseline.unqueueFromProduction"":4,""candidate.orderUnits"":818,""candidate.pauseProduction"":22,""candidate.placeBuilding"":16,""candidate.queueForProduction"":115,""candidate.resumeProduction"":21,""candidate.setUnitDebugText"":219,""candidate.toggleRepairWrench"":5,""candidate.unqueueFromProduction"":11}}","{""kind"":""unified-intent-d1-telemetry-v1"",""complete"":true,""updates"":24000,""budgetMode"":""separated_lanes_v2"",""commandCeiling"":115,""commandCeilingEnforced"":true,""rollingUpdates"":900,""referenceCommandCeiling"":115,""referenceExceededUpdates"":0,""budgetDenialUpdates"":1340,""budgetDeniedUnitIdOccurrences"":10066,""budgetDeniedDebugCalls"":280,""maxRollingCommandCalls"":115,""maxPendingUnitIds"":30,""maxForwardedChunkSize"":26,""counters"":{""gameplayNonorderCalls"":190,""productionBatches"":156,""proposedCalls"":912,""proposedUnitIds"":2752,""forwardedOrderCalls"":818,""forwardedUnitIds"":2414,""sameUnitConflicts"":254,""duplicateSuppressions"":32,""invalidUnitIds"":3,""invalidTargets"":49,""invalidTiles"":0,""supersededPending"":254,""expiredPending"":0,""revokedPending"":0,""deferredUnitIds"":10066,""pendingUnitIds"":10066,""debugProposals"":499,""debugCoalesced"":0,""debugForwarded"":219,""debugDropped"":280},""telemetrySha256"":""713f645a26108d1f054513fd2a08b62327999d29b384af5ee4d224213dec7885""}"
"158","separated_lanes_unbounded_d1","24000","{""sha256"":""276cc0e012b5c5cf3273ceb66a93c63d4d607e216432968d0f24cb0282bc6cba"",""bySideAndMethod"":{""baseline.orderUnits"":209,""baseline.pauseProduction"":5,""baseline.placeBuilding"":13,""baseline.queueForProduction"":65,""baseline.resumeProduction"":4,""baseline.sellObject"":7,""baseline.setUnitDebugText"":403,""baseline.unqueueFromProduction"":8,""candidate.orderUnits"":881,""candidate.pauseProduction"":27,""candidate.placeBuilding"":15,""candidate.queueForProduction"":114,""candidate.resumeProduction"":24,""candidate.setUnitDebugText"":676,""candidate.toggleRepairWrench"":4,""candidate.unqueueFromProduction"":14}}","{""kind"":""unified-intent-d1-telemetry-v1"",""complete"":true,""updates"":24000,""budgetMode"":""separated_lanes_unbounded_d1"",""commandCeiling"":null,""commandCeilingEnforced"":false,""rollingUpdates"":900,""referenceCommandCeiling"":115,""referenceExceededUpdates"":5052,""budgetDenialUpdates"":0,""budgetDeniedUnitIdOccurrences"":0,""budgetDeniedDebugCalls"":0,""maxRollingCommandCalls"":372,""maxPendingUnitIds"":0,""maxForwardedChunkSize"":22,""counters"":{""gameplayNonorderCalls"":198,""productionBatches"":163,""proposedCalls"":884,""proposedUnitIds"":2373,""forwardedOrderCalls"":881,""forwardedUnitIds"":2370,""sameUnitConflicts"":0,""duplicateSuppressions"":3,""invalidUnitIds"":0,""invalidTargets"":0,""invalidTiles"":0,""supersededPending"":0,""expiredPending"":0,""revokedPending"":0,""deferredUnitIds"":0,""pendingUnitIds"":0,""debugProposals"":676,""debugCoalesced"":0,""debugForwarded"":676,""debugDropped"":0},""telemetrySha256"":""922e5b08494070edcf20bfb5abdc0bf445ee093fa27f01694cbc16e31c1ebab5""}"
"159","disabled","24000","{""sha256"":""52b6a05d040d1769e7d72e7d4c9d16f7c0a598e5c5a65888255007b55a2e8072"",""bySideAndMethod"":{""baseline.orderUnits"":229,""baseline.pauseProduction"":11,""baseline.placeBuilding"":13,""baseline.queueForProduction"":59,""baseline.resumeProduction"":11,""baseline.sayAll"":2,""baseline.sellObject"":3,""baseline.setUnitDebugText"":430,""baseline.unqueueFromProduction"":9,""candidate.orderUnits"":1222,""candidate.pauseProduction"":35,""candidate.placeBuilding"":10,""candidate.queueForProduction"":134,""candidate.resumeProduction"":33,""candidate.setUnitDebugText"":902,""candidate.toggleRepairWrench"":3,""candidate.unqueueFromProduction"":17}}",""
"159","separated_lanes_v2","24000","{""sha256"":""3ded9188a3a353c14ad910395fc2bf59496b30853e1a5f041ff70368f8ea51fd"",""bySideAndMethod"":{""baseline.orderUnits"":301,""baseline.pauseProduction"":5,""baseline.placeBuilding"":16,""baseline.queueForProduction"":67,""baseline.resumeProduction"":4,""baseline.sayAll"":2,""baseline.sellObject"":5,""baseline.setUnitDebugText"":290,""baseline.toggleRepairWrench"":7,""baseline.unqueueFromProduction"":5,""candidate.orderUnits"":938,""candidate.pauseProduction"":29,""candidate.placeBuilding"":15,""candidate.queueForProduction"":111,""candidate.resumeProduction"":27,""candidate.setUnitDebugText"":156,""candidate.toggleRepairWrench"":6,""candidate.unqueueFromProduction"":10}}","{""kind"":""unified-intent-d1-telemetry-v1"",""complete"":true,""updates"":24000,""budgetMode"":""separated_lanes_v2"",""commandCeiling"":115,""commandCeilingEnforced"":true,""rollingUpdates"":900,""referenceCommandCeiling"":115,""referenceExceededUpdates"":0,""budgetDenialUpdates"":1839,""budgetDeniedUnitIdOccurrences"":13534,""budgetDeniedDebugCalls"":377,""maxRollingCommandCalls"":115,""maxPendingUnitIds"":26,""maxForwardedChunkSize"":25,""counters"":{""gameplayNonorderCalls"":198,""productionBatches"":165,""proposedCalls"":1094,""proposedUnitIds"":3160,""forwardedOrderCalls"":938,""forwardedUnitIds"":2700,""sameUnitConflicts"":431,""duplicateSuppressions"":15,""invalidUnitIds"":3,""invalidTargets"":11,""invalidTiles"":0,""supersededPending"":432,""expiredPending"":0,""revokedPending"":0,""deferredUnitIds"":13534,""pendingUnitIds"":13534,""debugProposals"":533,""debugCoalesced"":0,""debugForwarded"":156,""debugDropped"":377},""telemetrySha256"":""3b8727f07e9e738bef7bdf65231713ef19c84901fd9e8d7faf4928827e2df64a""}"
"159","separated_lanes_unbounded_d1","24000","{""sha256"":""c35858d80d0ec4a70af181bb614144c582deebd85015c67c558209a6ebc5d344"",""bySideAndMethod"":{""baseline.orderUnits"":229,""baseline.pauseProduction"":11,""baseline.placeBuilding"":13,""baseline.queueForProduction"":59,""baseline.resumeProduction"":11,""baseline.sayAll"":2,""baseline.sellObject"":3,""baseline.setUnitDebugText"":430,""baseline.unqueueFromProduction"":9,""candidate.orderUnits"":1219,""candidate.pauseProduction"":35,""candidate.placeBuilding"":10,""candidate.queueForProduction"":134,""candidate.resumeProduction"":33,""candidate.setUnitDebugText"":902,""candidate.toggleRepairWrench"":3,""candidate.unqueueFromProduction"":17}}","{""kind"":""unified-intent-d1-telemetry-v1"",""complete"":true,""updates"":24000,""budgetMode"":""separated_lanes_unbounded_d1"",""commandCeiling"":null,""commandCeilingEnforced"":false,""rollingUpdates"":900,""referenceCommandCeiling"":115,""referenceExceededUpdates"":4944,""budgetDenialUpdates"":0,""budgetDeniedUnitIdOccurrences"":0,""budgetDeniedDebugCalls"":0,""maxRollingCommandCalls"":517,""maxPendingUnitIds"":0,""maxForwardedChunkSize"":22,""counters"":{""gameplayNonorderCalls"":232,""productionBatches"":194,""proposedCalls"":1222,""proposedUnitIds"":3229,""forwardedOrderCalls"":1219,""forwardedUnitIds"":3226,""sameUnitConflicts"":0,""duplicateSuppressions"":3,""invalidUnitIds"":0,""invalidTargets"":0,""invalidTiles"":0,""supersededPending"":0,""expiredPending"":0,""revokedPending"":0,""deferredUnitIds"":0,""pendingUnitIds"":0,""debugProposals"":902,""debugCoalesced"":0,""debugForwarded"":902,""debugDropped"":0},""telemetrySha256"":""7cbc29d89e097b238291a628bb83e75e3cb2ffdfec184438bda1cfecea2b24db""}"
"160","disabled","21997","{""sha256"":""66948a3007ab61cd6b4f4b8872fa01bcc3b2ef1839d469729a40a4c2d46bd484"",""bySideAndMethod"":{""baseline.activateSuperWeapon"":4,""baseline.orderUnits"":1571,""baseline.pauseProduction"":14,""baseline.placeBuilding"":16,""baseline.queueForProduction"":80,""baseline.resumeProduction"":13,""baseline.setUnitDebugText"":396,""baseline.toggleRepairWrench"":9,""baseline.unqueueFromProduction"":18,""candidate.activateSuperWeapon"":3,""candidate.orderUnits"":745,""candidate.pauseProduction"":18,""candidate.placeBuilding"":8,""candidate.queueForProduction"":54,""candidate.resumeProduction"":16,""candidate.setUnitDebugText"":189,""candidate.toggleRepairWrench"":8,""candidate.unqueueFromProduction"":18}}",""
"160","separated_lanes_v2","19409","{""sha256"":""6f2569a93d9574b24551ea20021288676fc6c03e4713e756d43b7120d56970a8"",""bySideAndMethod"":{""baseline.activateSuperWeapon"":4,""baseline.orderUnits"":846,""baseline.pauseProduction"":10,""baseline.placeBuilding"":13,""baseline.queueForProduction"":50,""baseline.resumeProduction"":10,""baseline.setUnitDebugText"":323,""baseline.toggleRepairWrench"":2,""baseline.unqueueFromProduction"":6,""candidate.orderUnits"":981,""candidate.pauseProduction"":15,""candidate.placeBuilding"":8,""candidate.queueForProduction"":60,""candidate.resumeProduction"":12,""candidate.setUnitDebugText"":80,""candidate.toggleRepairWrench"":10,""candidate.unqueueFromProduction"":24}}","{""kind"":""unified-intent-d1-telemetry-v1"",""complete"":true,""updates"":19409,""budgetMode"":""separated_lanes_v2"",""commandCeiling"":115,""commandCeilingEnforced"":true,""rollingUpdates"":900,""referenceCommandCeiling"":115,""referenceExceededUpdates"":0,""budgetDenialUpdates"":1468,""budgetDeniedUnitIdOccurrences"":5136,""budgetDeniedDebugCalls"":46,""maxRollingCommandCalls"":115,""maxPendingUnitIds"":10,""maxForwardedChunkSize"":6,""counters"":{""gameplayNonorderCalls"":129,""productionBatches"":102,""proposedCalls"":1117,""proposedUnitIds"":1954,""forwardedOrderCalls"":981,""forwardedUnitIds"":1767,""sameUnitConflicts"":170,""duplicateSuppressions"":17,""invalidUnitIds"":0,""invalidTargets"":0,""invalidTiles"":0,""supersededPending"":170,""expiredPending"":0,""revokedPending"":0,""deferredUnitIds"":5136,""pendingUnitIds"":5136,""debugProposals"":126,""debugCoalesced"":0,""debugForwarded"":80,""debugDropped"":46},""telemetrySha256"":""90cac12aa9c5a81b6f859c289f02b50b9620d5dcd6afb79810366f45092004d8""}"
"160","separated_lanes_unbounded_d1","23524","{""sha256"":""03409890fba88f114f5db4c950d5a17593f56c2ae1f7dd2c8d084a09e05b11c6"",""bySideAndMethod"":{""baseline.activateSuperWeapon"":5,""baseline.orderUnits"":1937,""baseline.pauseProduction"":17,""baseline.placeBuilding"":18,""baseline.queueForProduction"":86,""baseline.resumeProduction"":17,""baseline.sellObject"":1,""baseline.setUnitDebugText"":466,""baseline.toggleRepairWrench"":14,""baseline.unqueueFromProduction"":21,""candidate.activateSuperWeapon"":3,""candidate.orderUnits"":726,""candidate.pauseProduction"":18,""candidate.placeBuilding"":8,""candidate.queueForProduction"":55,""candidate.resumeProduction"":17,""candidate.setUnitDebugText"":186,""candidate.toggleRepairWrench"":8,""candidate.unqueueFromProduction"":18}}","{""kind"":""unified-intent-d1-telemetry-v1"",""complete"":true,""updates"":23524,""budgetMode"":""separated_lanes_unbounded_d1"",""commandCeiling"":null,""commandCeilingEnforced"":false,""rollingUpdates"":900,""referenceCommandCeiling"":115,""referenceExceededUpdates"":1440,""budgetDenialUpdates"":0,""budgetDeniedUnitIdOccurrences"":0,""budgetDeniedDebugCalls"":0,""maxRollingCommandCalls"":174,""maxPendingUnitIds"":0,""maxForwardedChunkSize"":7,""counters"":{""gameplayNonorderCalls"":127,""productionBatches"":94,""proposedCalls"":732,""proposedUnitIds"":1715,""forwardedOrderCalls"":726,""forwardedUnitIds"":1706,""sameUnitConflicts"":0,""duplicateSuppressions"":9,""invalidUnitIds"":0,""invalidTargets"":0,""invalidTiles"":0,""supersededPending"":0,""expiredPending"":0,""revokedPending"":0,""deferredUnitIds"":0,""pendingUnitIds"":0,""debugProposals"":186,""debugCoalesced"":0,""debugForwarded"":186,""debugDropped"":0},""telemetrySha256"":""8d4cc6d66142ba080005e3d7fa4ee327b3cdba1f7c83793c7dc1d3486b856daf""}"
"161","disabled","20032","{""sha256"":""4b2585293dd47d1cdfa9439cd502943f25c02b1feefd8130b4d7fc8ac9d15dc8"",""bySideAndMethod"":{""baseline.activateSuperWeapon"":4,""baseline.orderUnits"":660,""baseline.pauseProduction"":9,""baseline.placeBuilding"":15,""baseline.queueForProduction"":63,""baseline.resumeProduction"":9,""baseline.sellObject"":1,""baseline.setUnitDebugText"":305,""baseline.toggleRepairWrench"":5,""baseline.unqueueFromProduction"":11,""candidate.orderUnits"":676,""candidate.pauseProduction"":17,""candidate.placeBuilding"":9,""candidate.queueForProduction"":65,""candidate.resumeProduction"":13,""candidate.setUnitDebugText"":136,""candidate.toggleRepairWrench"":10,""candidate.unqueueFromProduction"":27}}",""
"161","separated_lanes_v2","23512","{""sha256"":""ba1be4491d8ba5f845915fee6fc4f327e43639193928fe265ec6bac9b0e4a687"",""bySideAndMethod"":{""baseline.activateSuperWeapon"":5,""baseline.orderUnits"":866,""baseline.pauseProduction"":14,""baseline.placeBuilding"":16,""baseline.queueForProduction"":70,""baseline.resumeProduction"":14,""baseline.setUnitDebugText"":360,""baseline.unqueueFromProduction"":14,""candidate.activateSuperWeapon"":3,""candidate.orderUnits"":1174,""candidate.pauseProduction"":24,""candidate.placeBuilding"":10,""candidate.queueForProduction"":64,""candidate.resumeProduction"":23,""candidate.setUnitDebugText"":141,""candidate.toggleRepairWrench"":9,""candidate.unqueueFromProduction"":25}}","{""kind"":""unified-intent-d1-telemetry-v1"",""complete"":true,""updates"":23512,""budgetMode"":""separated_lanes_v2"",""commandCeiling"":115,""commandCeilingEnforced"":true,""rollingUpdates"":900,""referenceCommandCeiling"":115,""referenceExceededUpdates"":0,""budgetDenialUpdates"":1672,""budgetDeniedUnitIdOccurrences"":5988,""budgetDeniedDebugCalls"":46,""maxRollingCommandCalls"":115,""maxPendingUnitIds"":10,""maxForwardedChunkSize"":6,""counters"":{""gameplayNonorderCalls"":158,""productionBatches"":125,""proposedCalls"":1320,""proposedUnitIds"":2220,""forwardedOrderCalls"":1174,""forwardedUnitIds"":2001,""sameUnitConflicts"":200,""duplicateSuppressions"":19,""invalidUnitIds"":0,""invalidTargets"":0,""invalidTiles"":0,""supersededPending"":200,""expiredPending"":0,""revokedPending"":0,""deferredUnitIds"":5988,""pendingUnitIds"":5988,""debugProposals"":187,""debugCoalesced"":0,""debugForwarded"":141,""debugDropped"":46},""telemetrySha256"":""205a60a0afa785458bcc0160b500557e9a9001928825e19a7cf9f20398e1ac39""}"
"161","separated_lanes_unbounded_d1","20021","{""sha256"":""a623216397ebac2d4e993a669f8a3ff7b36cf6f15f572d8f8a6b0489de07dd61"",""bySideAndMethod"":{""baseline.activateSuperWeapon"":4,""baseline.orderUnits"":676,""baseline.pauseProduction"":9,""baseline.placeBuilding"":15,""baseline.queueForProduction"":63,""baseline.resumeProduction"":9,""baseline.sellObject"":1,""baseline.setUnitDebugText"":301,""baseline.toggleRepairWrench"":5,""baseline.unqueueFromProduction"":11,""candidate.orderUnits"":671,""candidate.pauseProduction"":17,""candidate.placeBuilding"":9,""candidate.queueForProduction"":65,""candidate.resumeProduction"":13,""candidate.setUnitDebugText"":136,""candidate.toggleRepairWrench"":10,""candidate.unqueueFromProduction"":27}}","{""kind"":""unified-intent-d1-telemetry-v1"",""complete"":true,""updates"":20021,""budgetMode"":""separated_lanes_unbounded_d1"",""commandCeiling"":null,""commandCeilingEnforced"":false,""rollingUpdates"":900,""referenceCommandCeiling"":115,""referenceExceededUpdates"":1440,""budgetDenialUpdates"":0,""budgetDeniedUnitIdOccurrences"":0,""budgetDeniedDebugCalls"":0,""maxRollingCommandCalls"":174,""maxPendingUnitIds"":0,""maxForwardedChunkSize"":7,""counters"":{""gameplayNonorderCalls"":141,""productionBatches"":112,""proposedCalls"":675,""proposedUnitIds"":1484,""forwardedOrderCalls"":671,""forwardedUnitIds"":1480,""sameUnitConflicts"":0,""duplicateSuppressions"":4,""invalidUnitIds"":0,""invalidTargets"":0,""invalidTiles"":0,""supersededPending"":0,""expiredPending"":0,""revokedPending"":0,""deferredUnitIds"":0,""pendingUnitIds"":0,""debugProposals"":136,""debugCoalesced"":0,""debugForwarded"":136,""debugDropped"":0},""telemetrySha256"":""3442d9f344c73fc0ad0b09244b6bb9ce96f386f5c264b04aa267bbacec46e13c""}"
"162","disabled","24000","{""sha256"":""2d5bdc954085f6edca99574624a6bddde379cf977b1121cfd3790069265e1af8"",""bySideAndMethod"":{""baseline.orderUnits"":353,""baseline.pauseProduction"":4,""baseline.placeBuilding"":22,""baseline.queueForProduction"":60,""baseline.resumeProduction"":4,""baseline.sellObject"":1,""baseline.setUnitDebugText"":157,""baseline.toggleRepairWrench"":6,""baseline.unqueueFromProduction"":10,""candidate.orderUnits"":939,""candidate.pauseProduction"":35,""candidate.placeBuilding"":13,""candidate.queueForProduction"":73,""candidate.resumeProduction"":33,""candidate.setUnitDebugText"":171,""candidate.toggleRepairWrench"":1,""candidate.unqueueFromProduction"":10}}",""
"162","separated_lanes_v2","10344","{""sha256"":""4234945b32d3985eee7dcadf0e00d5b0aee3a23443eb991778ff469ed0e73fd5"",""bySideAndMethod"":{""baseline.orderUnits"":97,""baseline.pauseProduction"":7,""baseline.placeBuilding"":8,""baseline.queueForProduction"":33,""baseline.resumeProduction"":4,""baseline.sayAll"":1,""baseline.setUnitDebugText"":101,""baseline.toggleRepairWrench"":5,""baseline.unqueueFromProduction"":3,""candidate.orderUnits"":983,""candidate.pauseProduction"":10,""candidate.placeBuilding"":7,""candidate.queueForProduction"":70,""candidate.resumeProduction"":9,""candidate.setUnitDebugText"":70,""candidate.unqueueFromProduction"":13}}","{""kind"":""unified-intent-d1-telemetry-v1"",""complete"":true,""updates"":10344,""budgetMode"":""separated_lanes_v2"",""commandCeiling"":115,""commandCeilingEnforced"":true,""rollingUpdates"":900,""referenceCommandCeiling"":115,""referenceExceededUpdates"":0,""budgetDenialUpdates"":1832,""budgetDeniedUnitIdOccurrences"":9779,""budgetDeniedDebugCalls"":64,""maxRollingCommandCalls"":115,""maxPendingUnitIds"":17,""maxForwardedChunkSize"":15,""counters"":{""gameplayNonorderCalls"":109,""productionBatches"":97,""proposedCalls"":1161,""proposedUnitIds"":2336,""forwardedOrderCalls"":983,""forwardedUnitIds"":2014,""sameUnitConflicts"":257,""duplicateSuppressions"":52,""invalidUnitIds"":2,""invalidTargets"":11,""invalidTiles"":0,""supersededPending"":257,""expiredPending"":0,""revokedPending"":0,""deferredUnitIds"":9779,""pendingUnitIds"":9779,""debugProposals"":134,""debugCoalesced"":0,""debugForwarded"":70,""debugDropped"":64},""telemetrySha256"":""6e512e5cd1400db2bc210d03a278de5d00f93b262e5dd9187dc142fe45a33d2e""}"
"162","separated_lanes_unbounded_d1","24000","{""sha256"":""a8dd481ec4019c0fbbad6c7161c4c13af99b98e5af7c74e041343c4dade449cc"",""bySideAndMethod"":{""baseline.orderUnits"":353,""baseline.pauseProduction"":4,""baseline.placeBuilding"":22,""baseline.queueForProduction"":60,""baseline.resumeProduction"":4,""baseline.sellObject"":1,""baseline.setUnitDebugText"":157,""baseline.toggleRepairWrench"":6,""baseline.unqueueFromProduction"":10,""candidate.orderUnits"":931,""candidate.pauseProduction"":35,""candidate.placeBuilding"":13,""candidate.queueForProduction"":73,""candidate.resumeProduction"":33,""candidate.setUnitDebugText"":171,""candidate.toggleRepairWrench"":1,""candidate.unqueueFromProduction"":10}}","{""kind"":""unified-intent-d1-telemetry-v1"",""complete"":true,""updates"":24000,""budgetMode"":""separated_lanes_unbounded_d1"",""commandCeiling"":null,""commandCeilingEnforced"":false,""rollingUpdates"":900,""referenceCommandCeiling"":115,""referenceExceededUpdates"":2712,""budgetDenialUpdates"":0,""budgetDeniedUnitIdOccurrences"":0,""budgetDeniedDebugCalls"":0,""maxRollingCommandCalls"":209,""maxPendingUnitIds"":0,""maxForwardedChunkSize"":13,""counters"":{""gameplayNonorderCalls"":165,""productionBatches"":145,""proposedCalls"":939,""proposedUnitIds"":2115,""forwardedOrderCalls"":931,""forwardedUnitIds"":2112,""sameUnitConflicts"":0,""duplicateSuppressions"":3,""invalidUnitIds"":0,""invalidTargets"":0,""invalidTiles"":0,""supersededPending"":0,""expiredPending"":0,""revokedPending"":0,""deferredUnitIds"":0,""pendingUnitIds"":0,""debugProposals"":171,""debugCoalesced"":0,""debugForwarded"":171,""debugDropped"":0},""telemetrySha256"":""751a43da8bb84e8e01e000e8df307f6a3b7ba5ebe4bf2332ae6b80b4ef4ecbb3""}"
"163","disabled","24000","{""sha256"":""39a34a078640e0304d72541f6d772ee3421910d30436874752f486acdeb318eb"",""bySideAndMethod"":{""baseline.orderUnits"":366,""baseline.pauseProduction"":4,""baseline.placeBuilding"":18,""baseline.queueForProduction"":54,""baseline.resumeProduction"":4,""baseline.sayAll"":1,""baseline.sellObject"":2,""baseline.setUnitDebugText"":214,""baseline.toggleRepairWrench"":5,""baseline.unqueueFromProduction"":7,""candidate.orderUnits"":1005,""candidate.pauseProduction"":28,""candidate.placeBuilding"":9,""candidate.queueForProduction"":77,""candidate.resumeProduction"":27,""candidate.setUnitDebugText"":209,""candidate.unqueueFromProduction"":12}}",""
"163","separated_lanes_v2","24000","{""sha256"":""adfaceb21612b6ec9220c671a49cde93a627b676ea03a40f5811bd7ee56179b8"",""bySideAndMethod"":{""baseline.orderUnits"":331,""baseline.pauseProduction"":9,""baseline.placeBuilding"":22,""baseline.queueForProduction"":65,""baseline.resumeProduction"":7,""baseline.sellObject"":5,""baseline.setUnitDebugText"":184,""baseline.toggleRepairWrench"":5,""baseline.unqueueFromProduction"":10,""candidate.orderUnits"":1824,""candidate.pauseProduction"":43,""candidate.placeBuilding"":8,""candidate.queueForProduction"":86,""candidate.resumeProduction"":41,""candidate.setUnitDebugText"":117,""candidate.toggleRepairWrench"":3,""candidate.unqueueFromProduction"":13}}","{""kind"":""unified-intent-d1-telemetry-v1"",""complete"":true,""updates"":24000,""budgetMode"":""separated_lanes_v2"",""commandCeiling"":115,""commandCeilingEnforced"":true,""rollingUpdates"":900,""referenceCommandCeiling"":115,""referenceExceededUpdates"":0,""budgetDenialUpdates"":1583,""budgetDeniedUnitIdOccurrences"":7457,""budgetDeniedDebugCalls"":58,""maxRollingCommandCalls"":115,""maxPendingUnitIds"":14,""maxForwardedChunkSize"":12,""counters"":{""gameplayNonorderCalls"":194,""productionBatches"":152,""proposedCalls"":2201,""proposedUnitIds"":3238,""forwardedOrderCalls"":1824,""forwardedUnitIds"":2959,""sameUnitConflicts"":217,""duplicateSuppressions"":48,""invalidUnitIds"":1,""invalidTargets"":13,""invalidTiles"":0,""supersededPending"":217,""expiredPending"":0,""revokedPending"":0,""deferredUnitIds"":7457,""pendingUnitIds"":7457,""debugProposals"":175,""debugCoalesced"":0,""debugForwarded"":117,""debugDropped"":58},""telemetrySha256"":""5bdc081d6fec0c3c4fb6fd66306e4e68a4440e257297c4a401dafbec612240b7""}"
"163","separated_lanes_unbounded_d1","24000","{""sha256"":""912cb612c7c60b1be33a1a38b05eb1665f722f6b3bdbae68a4f62a2379951195"",""bySideAndMethod"":{""baseline.orderUnits"":366,""baseline.pauseProduction"":4,""baseline.placeBuilding"":18,""baseline.queueForProduction"":54,""baseline.resumeProduction"":4,""baseline.sayAll"":1,""baseline.sellObject"":2,""baseline.setUnitDebugText"":214,""baseline.toggleRepairWrench"":5,""baseline.unqueueFromProduction"":7,""candidate.orderUnits"":997,""candidate.pauseProduction"":28,""candidate.placeBuilding"":9,""candidate.queueForProduction"":77,""candidate.resumeProduction"":27,""candidate.setUnitDebugText"":209,""candidate.unqueueFromProduction"":12}}","{""kind"":""unified-intent-d1-telemetry-v1"",""complete"":true,""updates"":24000,""budgetMode"":""separated_lanes_unbounded_d1"",""commandCeiling"":null,""commandCeilingEnforced"":false,""rollingUpdates"":900,""referenceCommandCeiling"":115,""referenceExceededUpdates"":2496,""budgetDenialUpdates"":0,""budgetDeniedUnitIdOccurrences"":0,""budgetDeniedDebugCalls"":0,""maxRollingCommandCalls"":209,""maxPendingUnitIds"":0,""maxForwardedChunkSize"":12,""counters"":{""gameplayNonorderCalls"":153,""productionBatches"":140,""proposedCalls"":1005,""proposedUnitIds"":2241,""forwardedOrderCalls"":997,""forwardedUnitIds"":2238,""sameUnitConflicts"":0,""duplicateSuppressions"":3,""invalidUnitIds"":0,""invalidTargets"":0,""invalidTiles"":0,""supersededPending"":0,""expiredPending"":0,""revokedPending"":0,""deferredUnitIds"":0,""pendingUnitIds"":0,""debugProposals"":209,""debugCoalesced"":0,""debugForwarded"":209,""debugDropped"":0},""telemetrySha256"":""489fd17117727bfa71a43505abdbf458cd6927409479c17045b058e1f1967d94""}"
"164","disabled","16204","{""sha256"":""089de9c452f51f20ec057b7cdcd0e09c8f6a6e2fe4ad520d7f3105abadeada68"",""bySideAndMethod"":{""baseline.orderUnits"":98,""baseline.pauseProduction"":8,""baseline.placeBuilding"":10,""baseline.queueForProduction"":35,""baseline.resumeProduction"":8,""baseline.sayAll"":1,""baseline.sellObject"":1,""baseline.setUnitDebugText"":84,""baseline.toggleRepairWrench"":14,""baseline.unqueueFromProduction"":3,""candidate.activateSuperWeapon"":2,""candidate.orderUnits"":1973,""candidate.pauseProduction"":18,""candidate.placeBuilding"":9,""candidate.queueForProduction"":65,""candidate.resumeProduction"":17,""candidate.setUnitDebugText"":340,""candidate.unqueueFromProduction"":6}}",""
"164","separated_lanes_v2","20165","{""sha256"":""a9e354a5a6617303b57cd778c88e4be8a5c384018f5456a6dd8f8c5baa111e92"",""bySideAndMethod"":{""baseline.activateSuperWeapon"":3,""baseline.orderUnits"":811,""baseline.pauseProduction"":8,""baseline.placeBuilding"":14,""baseline.queueForProduction"":52,""baseline.resumeProduction"":8,""baseline.setUnitDebugText"":179,""baseline.toggleRepairWrench"":22,""baseline.unqueueFromProduction"":9,""candidate.activateSuperWeapon"":2,""candidate.orderUnits"":1574,""candidate.pauseProduction"":19,""candidate.placeBuilding"":10,""candidate.queueForProduction"":62,""candidate.resumeProduction"":15,""candidate.setUnitDebugText"":94,""candidate.toggleRepairWrench"":11,""candidate.unqueueFromProduction"":9}}","{""kind"":""unified-intent-d1-telemetry-v1"",""complete"":true,""updates"":20165,""budgetMode"":""separated_lanes_v2"",""commandCeiling"":115,""commandCeilingEnforced"":true,""rollingUpdates"":900,""referenceCommandCeiling"":115,""referenceExceededUpdates"":0,""budgetDenialUpdates"":2375,""budgetDeniedUnitIdOccurrences"":9323,""budgetDeniedDebugCalls"":70,""maxRollingCommandCalls"":115,""maxPendingUnitIds"":12,""maxForwardedChunkSize"":10,""counters"":{""gameplayNonorderCalls"":128,""productionBatches"":97,""proposedCalls"":1965,""proposedUnitIds"":2477,""forwardedOrderCalls"":1574,""forwardedUnitIds"":2202,""sameUnitConflicts"":190,""duplicateSuppressions"":70,""invalidUnitIds"":8,""invalidTargets"":7,""invalidTiles"":0,""supersededPending"":190,""expiredPending"":0,""revokedPending"":0,""deferredUnitIds"":9323,""pendingUnitIds"":9323,""debugProposals"":164,""debugCoalesced"":0,""debugForwarded"":94,""debugDropped"":70},""telemetrySha256"":""7f33230782c8ffdcc05032579ec82310891c9aeb50e9e189c360f80a0077ba3a""}"
"164","separated_lanes_unbounded_d1","13054","{""sha256"":""4edc9bddf6404f460873da8b7790a2eca6a9da1ac558d0bc43fa3ec8b0f5abd8"",""bySideAndMethod"":{""baseline.activateSuperWeapon"":1,""baseline.orderUnits"":129,""baseline.pauseProduction"":6,""baseline.placeBuilding"":10,""baseline.queueForProduction"":36,""baseline.resumeProduction"":4,""baseline.sayAll"":1,""baseline.sellObject"":1,""baseline.setUnitDebugText"":104,""baseline.toggleRepairWrench"":17,""baseline.unqueueFromProduction"":3,""candidate.activateSuperWeapon"":1,""candidate.orderUnits"":1376,""candidate.pauseProduction"":16,""candidate.placeBuilding"":8,""candidate.queueForProduction"":56,""candidate.resumeProduction"":14,""candidate.setUnitDebugText"":154,""candidate.toggleRepairWrench"":5,""candidate.unqueueFromProduction"":7}}","{""kind"":""unified-intent-d1-telemetry-v1"",""complete"":true,""updates"":13054,""budgetMode"":""separated_lanes_unbounded_d1"",""commandCeiling"":null,""commandCeilingEnforced"":false,""rollingUpdates"":900,""referenceCommandCeiling"":115,""referenceExceededUpdates"":5436,""budgetDenialUpdates"":0,""budgetDeniedUnitIdOccurrences"":0,""budgetDeniedDebugCalls"":0,""maxRollingCommandCalls"":198,""maxPendingUnitIds"":0,""maxForwardedChunkSize"":16,""counters"":{""gameplayNonorderCalls"":107,""productionBatches"":84,""proposedCalls"":1467,""proposedUnitIds"":2086,""forwardedOrderCalls"":1376,""forwardedUnitIds"":2071,""sameUnitConflicts"":0,""duplicateSuppressions"":15,""invalidUnitIds"":0,""invalidTargets"":0,""invalidTiles"":0,""supersededPending"":0,""expiredPending"":0,""revokedPending"":0,""deferredUnitIds"":0,""pendingUnitIds"":0,""debugProposals"":154,""debugCoalesced"":0,""debugForwarded"":154,""debugDropped"":0},""telemetrySha256"":""2cd567b54d06a1ca02596826d115aaf2ed0760cb54369a11e52c51ec0c924b4f""}"
"165","disabled","9904","{""sha256"":""05927a7750222847776b2ce76ee27e5533852dbea60a6618f9f4db0ca51682d5"",""bySideAndMethod"":{""baseline.orderUnits"":62,""baseline.pauseProduction"":5,""baseline.placeBuilding"":9,""baseline.queueForProduction"":35,""baseline.resumeProduction"":3,""baseline.setUnitDebugText"":82,""baseline.toggleRepairWrench"":7,""baseline.unqueueFromProduction"":3,""candidate.orderUnits"":1266,""candidate.pauseProduction"":9,""candidate.placeBuilding"":7,""candidate.queueForProduction"":52,""candidate.resumeProduction"":8,""candidate.setUnitDebugText"":162,""candidate.unqueueFromProduction"":6}}",""
"165","separated_lanes_v2","23350","{""sha256"":""0e9cd403a23956cec9ff5f578bf6b41e1f5801db427ac67abf1f59206dfb93f8"",""bySideAndMethod"":{""baseline.activateSuperWeapon"":4,""baseline.orderUnits"":1446,""baseline.pauseProduction"":9,""baseline.placeBuilding"":16,""baseline.queueForProduction"":61,""baseline.resumeProduction"":9,""baseline.setUnitDebugText"":198,""baseline.toggleRepairWrench"":16,""baseline.unqueueFromProduction"":12,""candidate.activateSuperWeapon"":3,""candidate.orderUnits"":1662,""candidate.pauseProduction"":18,""candidate.placeBuilding"":10,""candidate.queueForProduction"":66,""candidate.resumeProduction"":14,""candidate.setUnitDebugText"":99,""candidate.toggleRepairWrench"":14,""candidate.unqueueFromProduction"":11}}","{""kind"":""unified-intent-d1-telemetry-v1"",""complete"":true,""updates"":23350,""budgetMode"":""separated_lanes_v2"",""commandCeiling"":115,""commandCeilingEnforced"":true,""rollingUpdates"":900,""referenceCommandCeiling"":115,""referenceExceededUpdates"":0,""budgetDenialUpdates"":2648,""budgetDeniedUnitIdOccurrences"":10882,""budgetDeniedDebugCalls"":62,""maxRollingCommandCalls"":115,""maxPendingUnitIds"":14,""maxForwardedChunkSize"":9,""counters"":{""gameplayNonorderCalls"":136,""productionBatches"":101,""proposedCalls"":2010,""proposedUnitIds"":2598,""forwardedOrderCalls"":1662,""forwardedUnitIds"":2335,""sameUnitConflicts"":182,""duplicateSuppressions"":75,""invalidUnitIds"":5,""invalidTargets"":1,""invalidTiles"":0,""supersededPending"":182,""expiredPending"":0,""revokedPending"":0,""deferredUnitIds"":10882,""pendingUnitIds"":10882,""debugProposals"":161,""debugCoalesced"":0,""debugForwarded"":99,""debugDropped"":62},""telemetrySha256"":""d7edc01ccf80903f1bdee4f9569db3aa981d9c80ee2d8a058bc205754b6d9db3""}"
"165","separated_lanes_unbounded_d1","11362","{""sha256"":""7af4427a347ff807aa53ef9a1a75ea7c4638df05d6ee6bb401641c955a45c8dd"",""bySideAndMethod"":{""baseline.orderUnits"":64,""baseline.pauseProduction"":6,""baseline.placeBuilding"":10,""baseline.queueForProduction"":38,""baseline.resumeProduction"":4,""baseline.sellObject"":1,""baseline.setUnitDebugText"":78,""baseline.toggleRepairWrench"":12,""baseline.unqueueFromProduction"":3,""candidate.orderUnits"":1347,""candidate.pauseProduction"":10,""candidate.placeBuilding"":7,""candidate.queueForProduction"":52,""candidate.resumeProduction"":9,""candidate.setUnitDebugText"":144,""candidate.unqueueFromProduction"":6}}","{""kind"":""unified-intent-d1-telemetry-v1"",""complete"":true,""updates"":11362,""budgetMode"":""separated_lanes_unbounded_d1"",""commandCeiling"":null,""commandCeilingEnforced"":false,""rollingUpdates"":900,""referenceCommandCeiling"":115,""referenceExceededUpdates"":6611,""budgetDenialUpdates"":0,""budgetDeniedUnitIdOccurrences"":0,""budgetDeniedDebugCalls"":0,""maxRollingCommandCalls"":194,""maxPendingUnitIds"":0,""maxForwardedChunkSize"":11,""counters"":{""gameplayNonorderCalls"":84,""productionBatches"":71,""proposedCalls"":1391,""proposedUnitIds"":2101,""forwardedOrderCalls"":1347,""forwardedUnitIds"":2067,""sameUnitConflicts"":0,""duplicateSuppressions"":34,""invalidUnitIds"":0,""invalidTargets"":0,""invalidTiles"":0,""supersededPending"":0,""expiredPending"":0,""revokedPending"":0,""deferredUnitIds"":0,""pendingUnitIds"":0,""debugProposals"":144,""debugCoalesced"":0,""debugForwarded"":144,""debugDropped"":0},""telemetrySha256"":""ae45b0681467c4b6d08f5faac9d5fd11755d0ca5e538724f1a97e1afed8c888a""}"
"166","disabled","24000","{""sha256"":""b82c965f5269845b8adf98f95c00924adfb218a6c2c931c7ec04b4719041e75c"",""bySideAndMethod"":{""baseline.orderUnits"":284,""baseline.pauseProduction"":8,""baseline.placeBuilding"":21,""baseline.queueForProduction"":66,""baseline.resumeProduction"":7,""baseline.sellObject"":7,""baseline.setUnitDebugText"":591,""baseline.unqueueFromProduction"":9,""candidate.orderUnits"":1015,""candidate.pauseProduction"":51,""candidate.placeBuilding"":12,""candidate.queueForProduction"":154,""candidate.resumeProduction"":49,""candidate.setUnitDebugText"":466,""candidate.toggleRepairWrench"":23,""candidate.unqueueFromProduction"":38}}",""
"166","separated_lanes_v2","24000","{""sha256"":""3768f73874025ac0cf8f30bbca83d60963173bbcfac06fbc26fb7a30f6db15b2"",""bySideAndMethod"":{""baseline.orderUnits"":417,""baseline.pauseProduction"":3,""baseline.placeBuilding"":15,""baseline.queueForProduction"":64,""baseline.resumeProduction"":2,""baseline.sayAll"":1,""baseline.sellObject"":6,""baseline.setUnitDebugText"":485,""baseline.toggleRepairWrench"":2,""baseline.unqueueFromProduction"":7,""candidate.orderUnits"":866,""candidate.pauseProduction"":17,""candidate.placeBuilding"":14,""candidate.queueForProduction"":113,""candidate.resumeProduction"":17,""candidate.setUnitDebugText"":295,""candidate.toggleRepairWrench"":9,""candidate.unqueueFromProduction"":9}}","{""kind"":""unified-intent-d1-telemetry-v1"",""complete"":true,""updates"":24000,""budgetMode"":""separated_lanes_v2"",""commandCeiling"":115,""commandCeilingEnforced"":true,""rollingUpdates"":900,""referenceCommandCeiling"":115,""referenceExceededUpdates"":0,""budgetDenialUpdates"":1514,""budgetDeniedUnitIdOccurrences"":13636,""budgetDeniedDebugCalls"":262,""maxRollingCommandCalls"":115,""maxPendingUnitIds"":30,""maxForwardedChunkSize"":26,""counters"":{""gameplayNonorderCalls"":179,""productionBatches"":147,""proposedCalls"":983,""proposedUnitIds"":3419,""forwardedOrderCalls"":866,""forwardedUnitIds"":2907,""sameUnitConflicts"":377,""duplicateSuppressions"":69,""invalidUnitIds"":3,""invalidTargets"":47,""invalidTiles"":0,""supersededPending"":377,""expiredPending"":16,""revokedPending"":0,""deferredUnitIds"":13636,""pendingUnitIds"":13636,""debugProposals"":557,""debugCoalesced"":0,""debugForwarded"":295,""debugDropped"":262},""telemetrySha256"":""c72bb28e085fee5a1cb93decb20100931bcee86d7da863857abbb11df7623410""}"
"166","separated_lanes_unbounded_d1","24000","{""sha256"":""40c36d02109902d306846d4774b52a78c267abfda0152225982472a8fc093368"",""bySideAndMethod"":{""baseline.orderUnits"":284,""baseline.pauseProduction"":8,""baseline.placeBuilding"":21,""baseline.queueForProduction"":66,""baseline.resumeProduction"":7,""baseline.sellObject"":7,""baseline.setUnitDebugText"":591,""baseline.unqueueFromProduction"":9,""candidate.orderUnits"":1015,""candidate.pauseProduction"":51,""candidate.placeBuilding"":12,""candidate.queueForProduction"":154,""candidate.resumeProduction"":49,""candidate.setUnitDebugText"":466,""candidate.toggleRepairWrench"":23,""candidate.unqueueFromProduction"":38}}","{""kind"":""unified-intent-d1-telemetry-v1"",""complete"":true,""updates"":24000,""budgetMode"":""separated_lanes_unbounded_d1"",""commandCeiling"":null,""commandCeilingEnforced"":false,""rollingUpdates"":900,""referenceCommandCeiling"":115,""referenceExceededUpdates"":3408,""budgetDenialUpdates"":0,""budgetDeniedUnitIdOccurrences"":0,""budgetDeniedDebugCalls"":0,""maxRollingCommandCalls"":177,""maxPendingUnitIds"":0,""maxForwardedChunkSize"":14,""counters"":{""gameplayNonorderCalls"":327,""productionBatches"":247,""proposedCalls"":1015,""proposedUnitIds"":2666,""forwardedOrderCalls"":1015,""forwardedUnitIds"":2666,""sameUnitConflicts"":0,""duplicateSuppressions"":0,""invalidUnitIds"":0,""invalidTargets"":0,""invalidTiles"":0,""supersededPending"":0,""expiredPending"":0,""revokedPending"":0,""deferredUnitIds"":0,""pendingUnitIds"":0,""debugProposals"":466,""debugCoalesced"":0,""debugForwarded"":466,""debugDropped"":0},""telemetrySha256"":""b6a252dbbc0a7629ae0a6b1a4df485a244ce6ada367ffe1b42c9f889842b5a9a""}"
"167","disabled","24000","{""sha256"":""4478eb1fbf742f55bd523f4e4c6479fc392badcbc4d1901e3fc16de8d169870f"",""bySideAndMethod"":{""baseline.orderUnits"":239,""baseline.pauseProduction"":3,""baseline.placeBuilding"":15,""baseline.queueForProduction"":71,""baseline.resumeProduction"":2,""baseline.sellObject"":5,""baseline.setUnitDebugText"":638,""baseline.toggleRepairWrench"":13,""baseline.unqueueFromProduction"":9,""candidate.orderUnits"":1643,""candidate.pauseProduction"":55,""candidate.placeBuilding"":12,""candidate.queueForProduction"":147,""candidate.resumeProduction"":54,""candidate.setUnitDebugText"":516,""candidate.toggleRepairWrench"":8,""candidate.unqueueFromProduction"":30}}",""
"167","separated_lanes_v2","24000","{""sha256"":""2608884ac07c56b9db0fa3214948b653c5dce2b35510580a0615f909a1605e68"",""bySideAndMethod"":{""baseline.orderUnits"":342,""baseline.pauseProduction"":9,""baseline.placeBuilding"":17,""baseline.queueForProduction"":65,""baseline.resumeProduction"":9,""baseline.sellObject"":8,""baseline.setUnitDebugText"":727,""baseline.unqueueFromProduction"":8,""candidate.orderUnits"":1074,""candidate.pauseProduction"":41,""candidate.placeBuilding"":11,""candidate.queueForProduction"":166,""candidate.resumeProduction"":40,""candidate.setUnitDebugText"":481,""candidate.toggleRepairWrench"":30,""candidate.unqueueFromProduction"":21}}","{""kind"":""unified-intent-d1-telemetry-v1"",""complete"":true,""updates"":24000,""budgetMode"":""separated_lanes_v2"",""commandCeiling"":115,""commandCeilingEnforced"":true,""rollingUpdates"":900,""referenceCommandCeiling"":115,""referenceExceededUpdates"":0,""budgetDenialUpdates"":1178,""budgetDeniedUnitIdOccurrences"":6837,""budgetDeniedDebugCalls"":99,""maxRollingCommandCalls"":115,""maxPendingUnitIds"":20,""maxForwardedChunkSize"":17,""counters"":{""gameplayNonorderCalls"":309,""productionBatches"":230,""proposedCalls"":1129,""proposedUnitIds"":3284,""forwardedOrderCalls"":1074,""forwardedUnitIds"":3128,""sameUnitConflicts"":136,""duplicateSuppressions"":11,""invalidUnitIds"":2,""invalidTargets"":1,""invalidTiles"":0,""supersededPending"":136,""expiredPending"":0,""revokedPending"":0,""deferredUnitIds"":6837,""pendingUnitIds"":6837,""debugProposals"":580,""debugCoalesced"":0,""debugForwarded"":481,""debugDropped"":99},""telemetrySha256"":""b8dabd8f53dee28d3002ced966f0177abde44999fe4a6f22bae8f36744c35d7e""}"
"167","separated_lanes_unbounded_d1","24000","{""sha256"":""89b6b9e969c2a20a2920f10ed8d1fbbf7d012d57ebd51ac53f8f1dd6a6b09210"",""bySideAndMethod"":{""baseline.orderUnits"":239,""baseline.pauseProduction"":3,""baseline.placeBuilding"":15,""baseline.queueForProduction"":71,""baseline.resumeProduction"":2,""baseline.sellObject"":5,""baseline.setUnitDebugText"":638,""baseline.toggleRepairWrench"":13,""baseline.unqueueFromProduction"":9,""candidate.orderUnits"":1607,""candidate.pauseProduction"":55,""candidate.placeBuilding"":12,""candidate.queueForProduction"":147,""candidate.resumeProduction"":54,""candidate.setUnitDebugText"":516,""candidate.toggleRepairWrench"":8,""candidate.unqueueFromProduction"":30}}","{""kind"":""unified-intent-d1-telemetry-v1"",""complete"":true,""updates"":24000,""budgetMode"":""separated_lanes_unbounded_d1"",""commandCeiling"":null,""commandCeilingEnforced"":false,""rollingUpdates"":900,""referenceCommandCeiling"":115,""referenceExceededUpdates"":3650,""budgetDenialUpdates"":0,""budgetDeniedUnitIdOccurrences"":0,""budgetDeniedDebugCalls"":0,""maxRollingCommandCalls"":588,""maxPendingUnitIds"":0,""maxForwardedChunkSize"":20,""counters"":{""gameplayNonorderCalls"":306,""productionBatches"":230,""proposedCalls"":1645,""proposedUnitIds"":6645,""forwardedOrderCalls"":1607,""forwardedUnitIds"":6444,""sameUnitConflicts"":198,""duplicateSuppressions"":3,""invalidUnitIds"":0,""invalidTargets"":0,""invalidTiles"":0,""supersededPending"":0,""expiredPending"":0,""revokedPending"":0,""deferredUnitIds"":0,""pendingUnitIds"":0,""debugProposals"":516,""debugCoalesced"":0,""debugForwarded"":516,""debugDropped"":0},""telemetrySha256"":""b64936628056cd86472a015216d324fd24c1d3f59f2e964b2ca006823f8e302c""}"
"168","disabled","9443","{""sha256"":""ca4079e9810aa20f1d7b0a54d2287f1b9c7477ddc208dc4b41e27b7ad43d52f0"",""bySideAndMethod"":{""baseline.orderUnits"":71,""baseline.pauseProduction"":3,""baseline.placeBuilding"":9,""baseline.queueForProduction"":33,""baseline.resumeProduction"":3,""baseline.sellObject"":1,""baseline.setUnitDebugText"":137,""baseline.toggleRepairWrench"":4,""baseline.unqueueFromProduction"":2,""candidate.orderUnits"":597,""candidate.pauseProduction"":3,""candidate.placeBuilding"":6,""candidate.queueForProduction"":44,""candidate.resumeProduction"":3,""candidate.setUnitDebugText"":85,""candidate.unqueueFromProduction"":9}}",""
"168","separated_lanes_v2","18136","{""sha256"":""8401aa27ca62bdbea3467f0b99024bcdc22a888ab6eea7fe987139e24b4d45c7"",""bySideAndMethod"":{""baseline.activateSuperWeapon"":1,""baseline.orderUnits"":283,""baseline.pauseProduction"":9,""baseline.placeBuilding"":12,""baseline.queueForProduction"":43,""baseline.resumeProduction"":7,""baseline.sayAll"":2,""baseline.sellObject"":4,""baseline.setUnitDebugText"":187,""baseline.toggleRepairWrench"":1,""baseline.unqueueFromProduction"":4,""candidate.orderUnits"":752,""candidate.pauseProduction"":4,""candidate.placeBuilding"":6,""candidate.queueForProduction"":53,""candidate.resumeProduction"":4,""candidate.setUnitDebugText"":123,""candidate.toggleRepairWrench"":3,""candidate.unqueueFromProduction"":10}}","{""kind"":""unified-intent-d1-telemetry-v1"",""complete"":true,""updates"":18136,""budgetMode"":""separated_lanes_v2"",""commandCeiling"":115,""commandCeilingEnforced"":true,""rollingUpdates"":900,""referenceCommandCeiling"":115,""referenceExceededUpdates"":0,""budgetDenialUpdates"":194,""budgetDeniedUnitIdOccurrences"":432,""budgetDeniedDebugCalls"":8,""maxRollingCommandCalls"":115,""maxPendingUnitIds"":4,""maxForwardedChunkSize"":7,""counters"":{""gameplayNonorderCalls"":80,""productionBatches"":68,""proposedCalls"":764,""proposedUnitIds"":1356,""forwardedOrderCalls"":752,""forwardedUnitIds"":1346,""sameUnitConflicts"":2,""duplicateSuppressions"":8,""invalidUnitIds"":0,""invalidTargets"":0,""invalidTiles"":0,""supersededPending"":2,""expiredPending"":0,""revokedPending"":0,""deferredUnitIds"":432,""pendingUnitIds"":432,""debugProposals"":131,""debugCoalesced"":0,""debugForwarded"":123,""debugDropped"":8},""telemetrySha256"":""e35faf4ccda1aea450029f00f859898453c124ef8b47ce9a90d19063ba13b249""}"
"168","separated_lanes_unbounded_d1","9916","{""sha256"":""8fd97b8c46d51a7ebb03a41afdccdec749164a5e9b0657563b571228deff1125"",""bySideAndMethod"":{""baseline.orderUnits"":79,""baseline.pauseProduction"":3,""baseline.placeBuilding"":10,""baseline.queueForProduction"":37,""baseline.resumeProduction"":3,""baseline.sellObject"":1,""baseline.setUnitDebugText"":139,""baseline.toggleRepairWrench"":6,""baseline.unqueueFromProduction"":2,""candidate.orderUnits"":573,""candidate.pauseProduction"":3,""candidate.placeBuilding"":6,""candidate.queueForProduction"":46,""candidate.resumeProduction"":3,""candidate.setUnitDebugText"":87,""candidate.unqueueFromProduction"":9}}","{""kind"":""unified-intent-d1-telemetry-v1"",""complete"":true,""updates"":9916,""budgetMode"":""separated_lanes_unbounded_d1"",""commandCeiling"":null,""commandCeilingEnforced"":false,""rollingUpdates"":900,""referenceCommandCeiling"":115,""referenceExceededUpdates"":180,""budgetDenialUpdates"":0,""budgetDeniedUnitIdOccurrences"":0,""budgetDeniedDebugCalls"":0,""maxRollingCommandCalls"":123,""maxPendingUnitIds"":0,""maxForwardedChunkSize"":9,""counters"":{""gameplayNonorderCalls"":67,""productionBatches"":58,""proposedCalls"":582,""proposedUnitIds"":1415,""forwardedOrderCalls"":573,""forwardedUnitIds"":1398,""sameUnitConflicts"":0,""duplicateSuppressions"":17,""invalidUnitIds"":0,""invalidTargets"":0,""invalidTiles"":0,""supersededPending"":0,""expiredPending"":0,""revokedPending"":0,""deferredUnitIds"":0,""pendingUnitIds"":0,""debugProposals"":87,""debugCoalesced"":0,""debugForwarded"":87,""debugDropped"":0},""telemetrySha256"":""2930da99f068f376f87b0546759f4a21af0d82e8b80a8ce30fcb906fd51ae214""}"
"169","disabled","13385","{""sha256"":""530b1498c14997a1dc1b08e74eb432825b1aedb8ff1028eb20129f8cf4bf2653"",""bySideAndMethod"":{""baseline.activateSuperWeapon"":2,""baseline.orderUnits"":268,""baseline.pauseProduction"":5,""baseline.placeBuilding"":12,""baseline.queueForProduction"":41,""baseline.resumeProduction"":5,""baseline.setUnitDebugText"":185,""baseline.unqueueFromProduction"":4,""candidate.orderUnits"":369,""candidate.pauseProduction"":12,""candidate.placeBuilding"":8,""candidate.queueForProduction"":41,""candidate.quitGame"":3,""candidate.resumeProduction"":11,""candidate.setUnitDebugText"":86,""candidate.toggleRepairWrench"":22,""candidate.unqueueFromProduction"":12}}",""
"169","separated_lanes_v2","20308","{""sha256"":""ecce38215e68d3014538ac55d89084ba80e1431b5b3b4ead260dff88863da788"",""bySideAndMethod"":{""baseline.activateSuperWeapon"":4,""baseline.orderUnits"":726,""baseline.pauseProduction"":7,""baseline.placeBuilding"":16,""baseline.queueForProduction"":57,""baseline.resumeProduction"":7,""baseline.setUnitDebugText"":249,""baseline.toggleRepairWrench"":3,""baseline.unqueueFromProduction"":10,""candidate.activateSuperWeapon"":1,""candidate.orderUnits"":656,""candidate.pauseProduction"":5,""candidate.placeBuilding"":7,""candidate.queueForProduction"":47,""candidate.resumeProduction"":5,""candidate.setUnitDebugText"":102,""candidate.toggleRepairWrench"":7,""candidate.unqueueFromProduction"":11}}","{""kind"":""unified-intent-d1-telemetry-v1"",""complete"":true,""updates"":20308,""budgetMode"":""separated_lanes_v2"",""commandCeiling"":115,""commandCeilingEnforced"":true,""rollingUpdates"":900,""referenceCommandCeiling"":115,""referenceExceededUpdates"":0,""budgetDenialUpdates"":26,""budgetDeniedUnitIdOccurrences"":24,""budgetDeniedDebugCalls"":8,""maxRollingCommandCalls"":115,""maxPendingUnitIds"":1,""maxForwardedChunkSize"":8,""counters"":{""gameplayNonorderCalls"":83,""productionBatches"":65,""proposedCalls"":660,""proposedUnitIds"":1214,""forwardedOrderCalls"":656,""forwardedUnitIds"":1204,""sameUnitConflicts"":0,""duplicateSuppressions"":10,""invalidUnitIds"":0,""invalidTargets"":0,""invalidTiles"":0,""supersededPending"":0,""expiredPending"":0,""revokedPending"":0,""deferredUnitIds"":24,""pendingUnitIds"":24,""debugProposals"":110,""debugCoalesced"":0,""debugForwarded"":102,""debugDropped"":8},""telemetrySha256"":""141fe78c0b6700e9131f0b498e34e336f58cca41a20f2f713220bd2e424a12f9""}"
"169","separated_lanes_unbounded_d1","14390","{""sha256"":""133a230cbbd4e8a9505388079155cd5836f380220ae50af7ca5a5f27965069ea"",""bySideAndMethod"":{""baseline.activateSuperWeapon"":2,""baseline.orderUnits"":322,""baseline.pauseProduction"":10,""baseline.placeBuilding"":13,""baseline.queueForProduction"":48,""baseline.resumeProduction"":8,""baseline.setUnitDebugText"":223,""baseline.unqueueFromProduction"":8,""candidate.activateSuperWeapon"":1,""candidate.orderUnits"":361,""candidate.pauseProduction"":11,""candidate.placeBuilding"":10,""candidate.queueForProduction"":45,""candidate.resumeProduction"":10,""candidate.setUnitDebugText"":82,""candidate.toggleRepairWrench"":20,""candidate.unqueueFromProduction"":14}}","{""kind"":""unified-intent-d1-telemetry-v1"",""complete"":true,""updates"":14390,""budgetMode"":""separated_lanes_unbounded_d1"",""commandCeiling"":null,""commandCeilingEnforced"":false,""rollingUpdates"":900,""referenceCommandCeiling"":115,""referenceExceededUpdates"":180,""budgetDenialUpdates"":0,""budgetDeniedUnitIdOccurrences"":0,""budgetDeniedDebugCalls"":0,""maxRollingCommandCalls"":123,""maxPendingUnitIds"":0,""maxForwardedChunkSize"":7,""counters"":{""gameplayNonorderCalls"":111,""productionBatches"":74,""proposedCalls"":361,""proposedUnitIds"":659,""forwardedOrderCalls"":361,""forwardedUnitIds"":655,""sameUnitConflicts"":0,""duplicateSuppressions"":4,""invalidUnitIds"":0,""invalidTargets"":0,""invalidTiles"":0,""supersededPending"":0,""expiredPending"":0,""revokedPending"":0,""deferredUnitIds"":0,""pendingUnitIds"":0,""debugProposals"":82,""debugCoalesced"":0,""debugForwarded"":82,""debugDropped"":0},""telemetrySha256"":""71439a3255e2798b7022412ff00297b3bff844ed4d46a1979d6613b7f40eb2a8""}"
"170","disabled","24000","{""sha256"":""4f9cc99ba8ea369c7522fa1e986002625ed6c947c035b5490a30481f835726b1"",""bySideAndMethod"":{""baseline.orderUnits"":225,""baseline.pauseProduction"":11,""baseline.placeBuilding"":20,""baseline.queueForProduction"":78,""baseline.resumeProduction"":11,""baseline.sellObject"":1,""baseline.setUnitDebugText"":399,""baseline.toggleRepairWrench"":1,""baseline.unqueueFromProduction"":13,""candidate.orderUnits"":1588,""candidate.pauseProduction"":4,""candidate.placeBuilding"":6,""candidate.queueForProduction"":122,""candidate.resumeProduction"":3,""candidate.setUnitDebugText"":478,""candidate.toggleRepairWrench"":8,""candidate.unqueueFromProduction"":4}}",""
"170","separated_lanes_v2","24000","{""sha256"":""a3b3d30c409a422fb3793d01cf2b3f2ba22874ead43b012d1bcce4b5c7204db7"",""bySideAndMethod"":{""baseline.orderUnits"":218,""baseline.pauseProduction"":6,""baseline.placeBuilding"":16,""baseline.queueForProduction"":83,""baseline.resumeProduction"":6,""baseline.sellObject"":2,""baseline.setUnitDebugText"":372,""baseline.toggleRepairWrench"":2,""baseline.unqueueFromProduction"":18,""candidate.orderUnits"":1503,""candidate.pauseProduction"":4,""candidate.placeBuilding"":6,""candidate.queueForProduction"":122,""candidate.resumeProduction"":4,""candidate.setUnitDebugText"":324,""candidate.toggleRepairWrench"":7,""candidate.unqueueFromProduction"":5}}","{""kind"":""unified-intent-d1-telemetry-v1"",""complete"":true,""updates"":24000,""budgetMode"":""separated_lanes_v2"",""commandCeiling"":115,""commandCeilingEnforced"":true,""rollingUpdates"":900,""referenceCommandCeiling"":115,""referenceExceededUpdates"":0,""budgetDenialUpdates"":1011,""budgetDeniedUnitIdOccurrences"":4460,""budgetDeniedDebugCalls"":198,""maxRollingCommandCalls"":115,""maxPendingUnitIds"":17,""maxForwardedChunkSize"":15,""counters"":{""gameplayNonorderCalls"":148,""productionBatches"":131,""proposedCalls"":1549,""proposedUnitIds"":3646,""forwardedOrderCalls"":1503,""forwardedUnitIds"":3536,""sameUnitConflicts"":95,""duplicateSuppressions"":3,""invalidUnitIds"":3,""invalidTargets"":9,""invalidTiles"":0,""supersededPending"":95,""expiredPending"":0,""revokedPending"":0,""deferredUnitIds"":4460,""pendingUnitIds"":4460,""debugProposals"":522,""debugCoalesced"":0,""debugForwarded"":324,""debugDropped"":198},""telemetrySha256"":""5fd432ee338b18bac8d8dbb5e82fa298c3ade8cc82f62c0396258cb0cf667041""}"
"170","separated_lanes_unbounded_d1","24000","{""sha256"":""d4d50d71740a1be9dcd5ed525dae400df6789885ea70f26e540e78d6adb6c010"",""bySideAndMethod"":{""baseline.orderUnits"":225,""baseline.pauseProduction"":11,""baseline.placeBuilding"":20,""baseline.queueForProduction"":78,""baseline.resumeProduction"":11,""baseline.sellObject"":1,""baseline.setUnitDebugText"":399,""baseline.toggleRepairWrench"":1,""baseline.unqueueFromProduction"":13,""candidate.orderUnits"":1585,""candidate.pauseProduction"":4,""candidate.placeBuilding"":6,""candidate.queueForProduction"":122,""candidate.resumeProduction"":3,""candidate.setUnitDebugText"":478,""candidate.toggleRepairWrench"":8,""candidate.unqueueFromProduction"":4}}","{""kind"":""unified-intent-d1-telemetry-v1"",""complete"":true,""updates"":24000,""budgetMode"":""separated_lanes_unbounded_d1"",""commandCeiling"":null,""commandCeilingEnforced"":false,""rollingUpdates"":900,""referenceCommandCeiling"":115,""referenceExceededUpdates"":2208,""budgetDenialUpdates"":0,""budgetDeniedUnitIdOccurrences"":0,""budgetDeniedDebugCalls"":0,""maxRollingCommandCalls"":322,""maxPendingUnitIds"":0,""maxForwardedChunkSize"":15,""counters"":{""gameplayNonorderCalls"":147,""productionBatches"":128,""proposedCalls"":1588,""proposedUnitIds"":4036,""forwardedOrderCalls"":1585,""forwardedUnitIds"":4033,""sameUnitConflicts"":0,""duplicateSuppressions"":3,""invalidUnitIds"":0,""invalidTargets"":0,""invalidTiles"":0,""supersededPending"":0,""expiredPending"":0,""revokedPending"":0,""deferredUnitIds"":0,""pendingUnitIds"":0,""debugProposals"":478,""debugCoalesced"":0,""debugForwarded"":478,""debugDropped"":0},""telemetrySha256"":""909e37cf80362193b32a6bddc8f35c541e6c52fd43cef18193344cff2a7b638a""}"
"171","disabled","24000","{""sha256"":""6b83949aeda837079013d13d4b73a14ce434bed44edc17e9d9c928e52db13666"",""bySideAndMethod"":{""baseline.orderUnits"":238,""baseline.pauseProduction"":6,""baseline.placeBuilding"":16,""baseline.queueForProduction"":55,""baseline.resumeProduction"":5,""baseline.sellObject"":1,""baseline.setUnitDebugText"":427,""baseline.unqueueFromProduction"":7,""candidate.orderUnits"":718,""candidate.pauseProduction"":12,""candidate.placeBuilding"":11,""candidate.queueForProduction"":86,""candidate.resumeProduction"":12,""candidate.setUnitDebugText"":361,""candidate.toggleRepairWrench"":17,""candidate.unqueueFromProduction"":8}}",""
"171","separated_lanes_v2","23506","{""sha256"":""3bd020707c4d621d49903beec4a7cfd619fa079bebcdf34fdcf9c4b9b28c60d9"",""bySideAndMethod"":{""baseline.orderUnits"":314,""baseline.pauseProduction"":10,""baseline.placeBuilding"":17,""baseline.queueForProduction"":76,""baseline.resumeProduction"":9,""baseline.sellObject"":5,""baseline.setUnitDebugText"":422,""baseline.unqueueFromProduction"":14,""candidate.orderUnits"":1350,""candidate.pauseProduction"":5,""candidate.placeBuilding"":6,""candidate.queueForProduction"":104,""candidate.resumeProduction"":4,""candidate.setUnitDebugText"":231,""candidate.toggleRepairWrench"":14,""candidate.unqueueFromProduction"":5}}","{""kind"":""unified-intent-d1-telemetry-v1"",""complete"":true,""updates"":23506,""budgetMode"":""separated_lanes_v2"",""commandCeiling"":115,""commandCeilingEnforced"":true,""rollingUpdates"":900,""referenceCommandCeiling"":115,""referenceExceededUpdates"":0,""budgetDenialUpdates"":550,""budgetDeniedUnitIdOccurrences"":2801,""budgetDeniedDebugCalls"":185,""maxRollingCommandCalls"":115,""maxPendingUnitIds"":17,""maxForwardedChunkSize"":11,""counters"":{""gameplayNonorderCalls"":138,""productionBatches"":114,""proposedCalls"":1380,""proposedUnitIds"":2984,""forwardedOrderCalls"":1350,""forwardedUnitIds"":2920,""sameUnitConflicts"":54,""duplicateSuppressions"":3,""invalidUnitIds"":2,""invalidTargets"":5,""invalidTiles"":0,""supersededPending"":54,""expiredPending"":0,""revokedPending"":0,""deferredUnitIds"":2801,""pendingUnitIds"":2801,""debugProposals"":416,""debugCoalesced"":0,""debugForwarded"":231,""debugDropped"":185},""telemetrySha256"":""0b65aeb1f02cb8d6101effc46e5c96eca2d8c5090416548484cd2b34e8681af6""}"
"171","separated_lanes_unbounded_d1","24000","{""sha256"":""7d609967fa9b2d63a1261e5dde0a2f92605e6be5603768c1de8b3ecd08e4e212"",""bySideAndMethod"":{""baseline.orderUnits"":238,""baseline.pauseProduction"":6,""baseline.placeBuilding"":16,""baseline.queueForProduction"":55,""baseline.resumeProduction"":5,""baseline.sellObject"":1,""baseline.setUnitDebugText"":427,""baseline.unqueueFromProduction"":7,""candidate.orderUnits"":718,""candidate.pauseProduction"":12,""candidate.placeBuilding"":11,""candidate.queueForProduction"":86,""candidate.resumeProduction"":12,""candidate.setUnitDebugText"":361,""candidate.toggleRepairWrench"":17,""candidate.unqueueFromProduction"":8}}","{""kind"":""unified-intent-d1-telemetry-v1"",""complete"":true,""updates"":24000,""budgetMode"":""separated_lanes_unbounded_d1"",""commandCeiling"":null,""commandCeilingEnforced"":false,""rollingUpdates"":900,""referenceCommandCeiling"":115,""referenceExceededUpdates"":1620,""budgetDenialUpdates"":0,""budgetDeniedUnitIdOccurrences"":0,""budgetDeniedDebugCalls"":0,""maxRollingCommandCalls"":322,""maxPendingUnitIds"":0,""maxForwardedChunkSize"":15,""counters"":{""gameplayNonorderCalls"":146,""productionBatches"":110,""proposedCalls"":718,""proposedUnitIds"":1830,""forwardedOrderCalls"":718,""forwardedUnitIds"":1830,""sameUnitConflicts"":0,""duplicateSuppressions"":0,""invalidUnitIds"":0,""invalidTargets"":0,""invalidTiles"":0,""supersededPending"":0,""expiredPending"":0,""revokedPending"":0,""deferredUnitIds"":0,""pendingUnitIds"":0,""debugProposals"":361,""debugCoalesced"":0,""debugForwarded"":361,""debugDropped"":0},""telemetrySha256"":""3b5911c2ff8634392a3ab01e91075df8ec4913fe524afbd55cc80a2ef39c0a57""}"
"172","disabled","24000","{""sha256"":""e9fe3ee1387353a8afee697f54aa5eaee7e51775e09e4c24954636655e7f1a69"",""bySideAndMethod"":{""baseline.activateSuperWeapon"":3,""baseline.orderUnits"":171,""baseline.pauseProduction"":13,""baseline.placeBuilding"":12,""baseline.queueForProduction"":53,""baseline.quitGame"":530,""baseline.resumeProduction"":13,""baseline.setUnitDebugText"":195,""baseline.toggleRepairWrench"":35,""baseline.unqueueFromProduction"":8,""candidate.orderUnits"":1896,""candidate.pauseProduction"":5,""candidate.placeBuilding"":6,""candidate.queueForProduction"":88,""candidate.resumeProduction"":5,""candidate.setUnitDebugText"":321,""candidate.toggleRepairWrench"":3,""candidate.unqueueFromProduction"":13}}",""
"172","separated_lanes_v2","19771","{""sha256"":""e3df148bc66c8cd98b092542fb235eab3088be08c99748be976c81f14344745a"",""bySideAndMethod"":{""baseline.activateSuperWeapon"":4,""baseline.orderUnits"":269,""baseline.pauseProduction"":17,""baseline.placeBuilding"":13,""baseline.queueForProduction"":47,""baseline.resumeProduction"":17,""baseline.setUnitDebugText"":197,""baseline.toggleRepairWrench"":21,""baseline.unqueueFromProduction"":7,""candidate.orderUnits"":1123,""candidate.pauseProduction"":5,""candidate.placeBuilding"":6,""candidate.queueForProduction"":72,""candidate.resumeProduction"":5,""candidate.setUnitDebugText"":260,""candidate.toggleRepairWrench"":17,""candidate.unqueueFromProduction"":10}}","{""kind"":""unified-intent-d1-telemetry-v1"",""complete"":true,""updates"":19771,""budgetMode"":""separated_lanes_v2"",""commandCeiling"":115,""commandCeilingEnforced"":true,""rollingUpdates"":900,""referenceCommandCeiling"":115,""referenceExceededUpdates"":0,""budgetDenialUpdates"":356,""budgetDeniedUnitIdOccurrences"":1056,""budgetDeniedDebugCalls"":50,""maxRollingCommandCalls"":115,""maxPendingUnitIds"":7,""maxForwardedChunkSize"":9,""counters"":{""gameplayNonorderCalls"":115,""productionBatches"":86,""proposedCalls"":1206,""proposedUnitIds"":1944,""forwardedOrderCalls"":1123,""forwardedUnitIds"":1899,""sameUnitConflicts"":24,""duplicateSuppressions"":21,""invalidUnitIds"":0,""invalidTargets"":0,""invalidTiles"":0,""supersededPending"":24,""expiredPending"":0,""revokedPending"":0,""deferredUnitIds"":1056,""pendingUnitIds"":1056,""debugProposals"":310,""debugCoalesced"":0,""debugForwarded"":260,""debugDropped"":50},""telemetrySha256"":""5e8cdd2c11f5ee25f8a5f64c9c93272524a6ad5a4984a43e8156889c4054efa2""}"
"172","separated_lanes_unbounded_d1","14401","{""sha256"":""9f3a5d8a1cefa6e597aac5cea0fa041111479da741638d469306b5be06899943"",""bySideAndMethod"":{""baseline.activateSuperWeapon"":2,""baseline.orderUnits"":224,""baseline.pauseProduction"":12,""baseline.placeBuilding"":10,""baseline.queueForProduction"":42,""baseline.resumeProduction"":12,""baseline.setUnitDebugText"":172,""baseline.toggleRepairWrench"":13,""baseline.unqueueFromProduction"":6,""candidate.orderUnits"":828,""candidate.pauseProduction"":5,""candidate.placeBuilding"":6,""candidate.queueForProduction"":55,""candidate.resumeProduction"":5,""candidate.setUnitDebugText"":243,""candidate.toggleRepairWrench"":5,""candidate.unqueueFromProduction"":12}}","{""kind"":""unified-intent-d1-telemetry-v1"",""complete"":true,""updates"":14401,""budgetMode"":""separated_lanes_unbounded_d1"",""commandCeiling"":null,""commandCeilingEnforced"":false,""rollingUpdates"":900,""referenceCommandCeiling"":115,""referenceExceededUpdates"":1860,""budgetDenialUpdates"":0,""budgetDeniedUnitIdOccurrences"":0,""budgetDeniedDebugCalls"":0,""maxRollingCommandCalls"":148,""maxPendingUnitIds"":0,""maxForwardedChunkSize"":9,""counters"":{""gameplayNonorderCalls"":88,""productionBatches"":70,""proposedCalls"":880,""proposedUnitIds"":1551,""forwardedOrderCalls"":828,""forwardedUnitIds"":1546,""sameUnitConflicts"":0,""duplicateSuppressions"":5,""invalidUnitIds"":0,""invalidTargets"":0,""invalidTiles"":0,""supersededPending"":0,""expiredPending"":0,""revokedPending"":0,""deferredUnitIds"":0,""pendingUnitIds"":0,""debugProposals"":243,""debugCoalesced"":0,""debugForwarded"":243,""debugDropped"":0},""telemetrySha256"":""5c0ce0e737b6ba539b45e0f9ee4f35a7fc55d3dd6e0db8a6a2205ec9ba84eb31""}"
"173","disabled","24000","{""sha256"":""186eb98b055367adfed5fa6bf5d4bf740b322d2a2b3b2994f71fc36dfd7246c3"",""bySideAndMethod"":{""baseline.activateSuperWeapon"":5,""baseline.orderUnits"":393,""baseline.pauseProduction"":8,""baseline.placeBuilding"":17,""baseline.queueForProduction"":58,""baseline.resumeProduction"":8,""baseline.setUnitDebugText"":239,""baseline.toggleRepairWrench"":27,""baseline.unqueueFromProduction"":5,""candidate.orderUnits"":2031,""candidate.pauseProduction"":5,""candidate.placeBuilding"":6,""candidate.queueForProduction"":83,""candidate.resumeProduction"":5,""candidate.setUnitDebugText"":351,""candidate.toggleRepairWrench"":8,""candidate.unqueueFromProduction"":10}}",""
"173","separated_lanes_v2","24000","{""sha256"":""bb9ddb36ec0dc4b084247d46d85377f2bae151fc2764ce2595dd5bb554aa4fc7"",""bySideAndMethod"":{""baseline.activateSuperWeapon"":5,""baseline.orderUnits"":324,""baseline.pauseProduction"":14,""baseline.placeBuilding"":16,""baseline.queueForProduction"":51,""baseline.resumeProduction"":11,""baseline.setUnitDebugText"":297,""baseline.toggleRepairWrench"":14,""baseline.unqueueFromProduction"":7,""candidate.orderUnits"":1627,""candidate.pauseProduction"":5,""candidate.placeBuilding"":6,""candidate.queueForProduction"":87,""candidate.resumeProduction"":5,""candidate.setUnitDebugText"":303,""candidate.toggleRepairWrench"":1,""candidate.unqueueFromProduction"":9}}","{""kind"":""unified-intent-d1-telemetry-v1"",""complete"":true,""updates"":24000,""budgetMode"":""separated_lanes_v2"",""commandCeiling"":115,""commandCeilingEnforced"":true,""rollingUpdates"":900,""referenceCommandCeiling"":115,""referenceExceededUpdates"":0,""budgetDenialUpdates"":470,""budgetDeniedUnitIdOccurrences"":2920,""budgetDeniedDebugCalls"":67,""maxRollingCommandCalls"":115,""maxPendingUnitIds"":14,""maxForwardedChunkSize"":9,""counters"":{""gameplayNonorderCalls"":113,""productionBatches"":99,""proposedCalls"":1724,""proposedUnitIds"":3603,""forwardedOrderCalls"":1627,""forwardedUnitIds"":3474,""sameUnitConflicts"":97,""duplicateSuppressions"":27,""invalidUnitIds"":2,""invalidTargets"":3,""invalidTiles"":0,""supersededPending"":100,""expiredPending"":0,""revokedPending"":0,""deferredUnitIds"":2920,""pendingUnitIds"":2920,""debugProposals"":370,""debugCoalesced"":0,""debugForwarded"":303,""debugDropped"":67},""telemetrySha256"":""c7e9596702f7f91e81484efc5d6ad02fd95cb8ebfa129e62d551da324549621d""}"
"173","separated_lanes_unbounded_d1","16925","{""sha256"":""1f81aca77d88b55cd8482ef560f80f55a1afcedfb372ac710a7af601531a670a"",""bySideAndMethod"":{""baseline.activateSuperWeapon"":3,""baseline.orderUnits"":235,""baseline.pauseProduction"":6,""baseline.placeBuilding"":13,""baseline.queueForProduction"":38,""baseline.resumeProduction"":6,""baseline.setUnitDebugText"":142,""baseline.toggleRepairWrench"":14,""baseline.unqueueFromProduction"":3,""candidate.orderUnits"":996,""candidate.pauseProduction"":5,""candidate.placeBuilding"":6,""candidate.queueForProduction"":60,""candidate.resumeProduction"":5,""candidate.setUnitDebugText"":260,""candidate.toggleRepairWrench"":8,""candidate.unqueueFromProduction"":9}}","{""kind"":""unified-intent-d1-telemetry-v1"",""complete"":true,""updates"":16925,""budgetMode"":""separated_lanes_unbounded_d1"",""commandCeiling"":null,""commandCeilingEnforced"":false,""rollingUpdates"":900,""referenceCommandCeiling"":115,""referenceExceededUpdates"":2508,""budgetDenialUpdates"":0,""budgetDeniedUnitIdOccurrences"":0,""budgetDeniedDebugCalls"":0,""maxRollingCommandCalls"":170,""maxPendingUnitIds"":0,""maxForwardedChunkSize"":9,""counters"":{""gameplayNonorderCalls"":93,""productionBatches"":72,""proposedCalls"":1047,""proposedUnitIds"":2098,""forwardedOrderCalls"":996,""forwardedUnitIds"":2067,""sameUnitConflicts"":0,""duplicateSuppressions"":31,""invalidUnitIds"":0,""invalidTargets"":0,""invalidTiles"":0,""supersededPending"":0,""expiredPending"":0,""revokedPending"":0,""deferredUnitIds"":0,""pendingUnitIds"":0,""debugProposals"":260,""debugCoalesced"":0,""debugForwarded"":260,""debugDropped"":0},""telemetrySha256"":""0fae5275a0b8d8dc6a4fcd52b5bfa618f6ce65d8d098d79c85f1eeb2aaec6e96""}"
"174","disabled","8997","{""sha256"":""dc3487ab9e028b57a77e9633f86bb74873b5e53235b333bc838096a3d92feaa5"",""bySideAndMethod"":{""baseline.orderUnits"":69,""baseline.pauseProduction"":3,""baseline.placeBuilding"":6,""baseline.queueForProduction"":38,""baseline.quitGame"":32,""baseline.resumeProduction"":3,""baseline.sayAll"":1,""baseline.sellObject"":1,""baseline.setUnitDebugText"":146,""baseline.toggleRepairWrench"":18,""baseline.unqueueFromProduction"":5,""candidate.orderUnits"":575,""candidate.pauseProduction"":4,""candidate.placeBuilding"":6,""candidate.queueForProduction"":65,""candidate.resumeProduction"":4,""candidate.setUnitDebugText"":197,""candidate.unqueueFromProduction"":3}}",""
"174","separated_lanes_v2","24000","{""sha256"":""5d69a064a631870f8f6faac6e26b7dae47077c28dc10bf2902ead2034d1c9898"",""bySideAndMethod"":{""baseline.orderUnits"":392,""baseline.pauseProduction"":18,""baseline.placeBuilding"":16,""baseline.queueForProduction"":87,""baseline.resumeProduction"":18,""baseline.sayAll"":3,""baseline.sellObject"":4,""baseline.setUnitDebugText"":259,""baseline.toggleRepairWrench"":47,""baseline.unqueueFromProduction"":14,""candidate.orderUnits"":1151,""candidate.pauseProduction"":1,""candidate.placeBuilding"":6,""candidate.queueForProduction"":151,""candidate.resumeProduction"":1,""candidate.setUnitDebugText"":280,""candidate.unqueueFromProduction"":2}}","{""kind"":""unified-intent-d1-telemetry-v1"",""complete"":true,""updates"":24000,""budgetMode"":""separated_lanes_v2"",""commandCeiling"":115,""commandCeilingEnforced"":true,""rollingUpdates"":900,""referenceCommandCeiling"":115,""referenceExceededUpdates"":0,""budgetDenialUpdates"":1154,""budgetDeniedUnitIdOccurrences"":8280,""budgetDeniedDebugCalls"":127,""maxRollingCommandCalls"":115,""maxPendingUnitIds"":20,""maxForwardedChunkSize"":21,""counters"":{""gameplayNonorderCalls"":161,""productionBatches"":154,""proposedCalls"":1230,""proposedUnitIds"":3600,""forwardedOrderCalls"":1151,""forwardedUnitIds"":3350,""sameUnitConflicts"":206,""duplicateSuppressions"":14,""invalidUnitIds"":4,""invalidTargets"":26,""invalidTiles"":0,""supersededPending"":213,""expiredPending"":0,""revokedPending"":0,""deferredUnitIds"":8280,""pendingUnitIds"":8280,""debugProposals"":407,""debugCoalesced"":0,""debugForwarded"":280,""debugDropped"":127},""telemetrySha256"":""e83793b35aedea688b7b92c451919a35398884734fc5447b80f109298943493e""}"
"174","separated_lanes_unbounded_d1","8997","{""sha256"":""a2148363be412033bf6ca3856c15b4a5ed82e667477b95973394067384f936c4"",""bySideAndMethod"":{""baseline.orderUnits"":69,""baseline.pauseProduction"":3,""baseline.placeBuilding"":6,""baseline.queueForProduction"":38,""baseline.quitGame"":32,""baseline.resumeProduction"":3,""baseline.sayAll"":1,""baseline.sellObject"":1,""baseline.setUnitDebugText"":146,""baseline.toggleRepairWrench"":18,""baseline.unqueueFromProduction"":5,""candidate.orderUnits"":572,""candidate.pauseProduction"":4,""candidate.placeBuilding"":6,""candidate.queueForProduction"":65,""candidate.resumeProduction"":4,""candidate.setUnitDebugText"":197,""candidate.unqueueFromProduction"":3}}","{""kind"":""unified-intent-d1-telemetry-v1"",""complete"":true,""updates"":8997,""budgetMode"":""separated_lanes_unbounded_d1"",""commandCeiling"":null,""commandCeilingEnforced"":false,""rollingUpdates"":900,""referenceCommandCeiling"":115,""referenceExceededUpdates"":1596,""budgetDenialUpdates"":0,""budgetDeniedUnitIdOccurrences"":0,""budgetDeniedDebugCalls"":0,""maxRollingCommandCalls"":233,""maxPendingUnitIds"":0,""maxForwardedChunkSize"":21,""counters"":{""gameplayNonorderCalls"":82,""productionBatches"":72,""proposedCalls"":575,""proposedUnitIds"":2039,""forwardedOrderCalls"":572,""forwardedUnitIds"":2036,""sameUnitConflicts"":0,""duplicateSuppressions"":3,""invalidUnitIds"":0,""invalidTargets"":0,""invalidTiles"":0,""supersededPending"":0,""expiredPending"":0,""revokedPending"":0,""deferredUnitIds"":0,""pendingUnitIds"":0,""debugProposals"":197,""debugCoalesced"":0,""debugForwarded"":197,""debugDropped"":0},""telemetrySha256"":""a1c3df8d8038e535519038fcfb375343ce31e56c8ed5652bd6496d35329cf57f""}"
"175","disabled","10053","{""sha256"":""3ea389bf3c22ba4bfa7795176f9082ebae216ff4f5c4034d6582e1c10d111dae"",""bySideAndMethod"":{""baseline.orderUnits"":72,""baseline.pauseProduction"":8,""baseline.placeBuilding"":7,""baseline.queueForProduction"":39,""baseline.quitGame"":25,""baseline.resumeProduction"":8,""baseline.sayAll"":1,""baseline.sellObject"":1,""baseline.setUnitDebugText"":144,""baseline.toggleRepairWrench"":16,""baseline.unqueueFromProduction"":5,""candidate.orderUnits"":636,""candidate.pauseProduction"":4,""candidate.placeBuilding"":6,""candidate.queueForProduction"":72,""candidate.resumeProduction"":4,""candidate.setUnitDebugText"":204,""candidate.unqueueFromProduction"":3}}",""
"175","separated_lanes_v2","24000","{""sha256"":""6f21080f2a5f5df1f26cd422711afebe20f7b6e538c94df23c7a6e79b999edd0"",""bySideAndMethod"":{""baseline.orderUnits"":372,""baseline.pauseProduction"":19,""baseline.placeBuilding"":17,""baseline.queueForProduction"":81,""baseline.resumeProduction"":16,""baseline.sayAll"":2,""baseline.sellObject"":6,""baseline.setUnitDebugText"":256,""baseline.toggleRepairWrench"":18,""baseline.unqueueFromProduction"":8,""candidate.orderUnits"":1129,""candidate.pauseProduction"":1,""candidate.placeBuilding"":6,""candidate.queueForProduction"":150,""candidate.resumeProduction"":1,""candidate.setUnitDebugText"":221,""candidate.unqueueFromProduction"":2}}","{""kind"":""unified-intent-d1-telemetry-v1"",""complete"":true,""updates"":24000,""budgetMode"":""separated_lanes_v2"",""commandCeiling"":115,""commandCeilingEnforced"":true,""rollingUpdates"":900,""referenceCommandCeiling"":115,""referenceExceededUpdates"":0,""budgetDenialUpdates"":938,""budgetDeniedUnitIdOccurrences"":7722,""budgetDeniedDebugCalls"":126,""maxRollingCommandCalls"":115,""maxPendingUnitIds"":20,""maxForwardedChunkSize"":21,""counters"":{""gameplayNonorderCalls"":160,""productionBatches"":153,""proposedCalls"":1203,""proposedUnitIds"":3213,""forwardedOrderCalls"":1129,""forwardedUnitIds"":2969,""sameUnitConflicts"":204,""duplicateSuppressions"":14,""invalidUnitIds"":2,""invalidTargets"":24,""invalidTiles"":0,""supersededPending"":211,""expiredPending"":0,""revokedPending"":0,""deferredUnitIds"":7722,""pendingUnitIds"":7722,""debugProposals"":347,""debugCoalesced"":0,""debugForwarded"":221,""debugDropped"":126},""telemetrySha256"":""a3164967c71774a39c4a6e37ee25d9d3eb231748a140a0bb8d2ee32c54bfd185""}"
"175","separated_lanes_unbounded_d1","10053","{""sha256"":""3119e5adfb4ce80c3b715f3c912b606f684c1d02574c9338e7726978d2dfadf5"",""bySideAndMethod"":{""baseline.orderUnits"":72,""baseline.pauseProduction"":8,""baseline.placeBuilding"":7,""baseline.queueForProduction"":39,""baseline.quitGame"":25,""baseline.resumeProduction"":8,""baseline.sayAll"":1,""baseline.sellObject"":1,""baseline.setUnitDebugText"":144,""baseline.toggleRepairWrench"":16,""baseline.unqueueFromProduction"":5,""candidate.orderUnits"":633,""candidate.pauseProduction"":4,""candidate.placeBuilding"":6,""candidate.queueForProduction"":72,""candidate.resumeProduction"":4,""candidate.setUnitDebugText"":204,""candidate.unqueueFromProduction"":3}}","{""kind"":""unified-intent-d1-telemetry-v1"",""complete"":true,""updates"":10053,""budgetMode"":""separated_lanes_unbounded_d1"",""commandCeiling"":null,""commandCeilingEnforced"":false,""rollingUpdates"":900,""referenceCommandCeiling"":115,""referenceExceededUpdates"":1596,""budgetDenialUpdates"":0,""budgetDeniedUnitIdOccurrences"":0,""budgetDeniedDebugCalls"":0,""maxRollingCommandCalls"":233,""maxPendingUnitIds"":0,""maxForwardedChunkSize"":17,""counters"":{""gameplayNonorderCalls"":89,""productionBatches"":79,""proposedCalls"":636,""proposedUnitIds"":2136,""forwardedOrderCalls"":633,""forwardedUnitIds"":2133,""sameUnitConflicts"":0,""duplicateSuppressions"":3,""invalidUnitIds"":0,""invalidTargets"":0,""invalidTiles"":0,""supersededPending"":0,""expiredPending"":0,""revokedPending"":0,""deferredUnitIds"":0,""pendingUnitIds"":0,""debugProposals"":204,""debugCoalesced"":0,""debugForwarded"":204,""debugDropped"":0},""telemetrySha256"":""a79576ea26eb5af72c825c557b9fed3492ca117cfaa3de04a5caf08e69090930""}"
"176","disabled","15857","{""sha256"":""3ba7fd0cb942ff2374cadd7a3269e01353149c331d0e9ac5717766382453536c"",""bySideAndMethod"":{""baseline.activateSuperWeapon"":2,""baseline.orderUnits"":230,""baseline.pauseProduction"":10,""baseline.placeBuilding"":13,""baseline.queueForProduction"":44,""baseline.resumeProduction"":7,""baseline.setUnitDebugText"":193,""baseline.toggleRepairWrench"":1,""baseline.unqueueFromProduction"":7,""candidate.orderUnits"":551,""candidate.pauseProduction"":15,""candidate.placeBuilding"":10,""candidate.queueForProduction"":66,""candidate.resumeProduction"":10,""candidate.setUnitDebugText"":130,""candidate.toggleRepairWrench"":21,""candidate.unqueueFromProduction"":29}}",""
"176","separated_lanes_v2","17007","{""sha256"":""8ad6638781c5d41b38bdf79f780b8a18878d10c2a0d8b1aefd3f5e370f8fa928"",""bySideAndMethod"":{""baseline.activateSuperWeapon"":3,""baseline.orderUnits"":345,""baseline.pauseProduction"":10,""baseline.placeBuilding"":13,""baseline.queueForProduction"":46,""baseline.resumeProduction"":10,""baseline.setUnitDebugText"":164,""baseline.unqueueFromProduction"":7,""candidate.orderUnits"":640,""candidate.pauseProduction"":28,""candidate.placeBuilding"":7,""candidate.queueForProduction"":67,""candidate.quitGame"":158,""candidate.resumeProduction"":26,""candidate.setUnitDebugText"":77,""candidate.toggleRepairWrench"":26,""candidate.unqueueFromProduction"":24}}","{""kind"":""unified-intent-d1-telemetry-v1"",""complete"":true,""updates"":17007,""budgetMode"":""separated_lanes_v2"",""commandCeiling"":115,""commandCeilingEnforced"":true,""rollingUpdates"":900,""referenceCommandCeiling"":115,""referenceExceededUpdates"":0,""budgetDenialUpdates"":410,""budgetDeniedUnitIdOccurrences"":1455,""budgetDeniedDebugCalls"":67,""maxRollingCommandCalls"":115,""maxPendingUnitIds"":9,""maxForwardedChunkSize"":8,""counters"":{""gameplayNonorderCalls"":336,""productionBatches"":122,""proposedCalls"":707,""proposedUnitIds"":987,""forwardedOrderCalls"":640,""forwardedUnitIds"":923,""sameUnitConflicts"":38,""duplicateSuppressions"":10,""invalidUnitIds"":3,""invalidTargets"":13,""invalidTiles"":0,""supersededPending"":38,""expiredPending"":0,""revokedPending"":0,""deferredUnitIds"":1455,""pendingUnitIds"":1455,""debugProposals"":144,""debugCoalesced"":0,""debugForwarded"":77,""debugDropped"":67},""telemetrySha256"":""376af72bad37abb0a5283f57fc0ef6827ec3657cee889b135511517fe98c7119""}"
"176","separated_lanes_unbounded_d1","22559","{""sha256"":""6b745272d30404973dd1de006c76c1a9419dd44a8b63d6318814ff34d4c36dd5"",""bySideAndMethod"":{""baseline.activateSuperWeapon"":4,""baseline.orderUnits"":1138,""baseline.pauseProduction"":8,""baseline.placeBuilding"":18,""baseline.queueForProduction"":49,""baseline.resumeProduction"":8,""baseline.setUnitDebugText"":310,""baseline.toggleRepairWrench"":4,""baseline.unqueueFromProduction"":7,""candidate.orderUnits"":1055,""candidate.pauseProduction"":13,""candidate.placeBuilding"":8,""candidate.queueForProduction"":66,""candidate.resumeProduction"":10,""candidate.setUnitDebugText"":200,""candidate.toggleRepairWrench"":14,""candidate.unqueueFromProduction"":29}}","{""kind"":""unified-intent-d1-telemetry-v1"",""complete"":true,""updates"":22559,""budgetMode"":""separated_lanes_unbounded_d1"",""commandCeiling"":null,""commandCeilingEnforced"":false,""rollingUpdates"":900,""referenceCommandCeiling"":115,""referenceExceededUpdates"":4812,""budgetDenialUpdates"":0,""budgetDeniedUnitIdOccurrences"":0,""budgetDeniedDebugCalls"":0,""maxRollingCommandCalls"":213,""maxPendingUnitIds"":0,""maxForwardedChunkSize"":8,""counters"":{""gameplayNonorderCalls"":140,""productionBatches"":107,""proposedCalls"":1109,""proposedUnitIds"":1673,""forwardedOrderCalls"":1055,""forwardedUnitIds"":1657,""sameUnitConflicts"":0,""duplicateSuppressions"":16,""invalidUnitIds"":0,""invalidTargets"":0,""invalidTiles"":0,""supersededPending"":0,""expiredPending"":0,""revokedPending"":0,""deferredUnitIds"":0,""pendingUnitIds"":0,""debugProposals"":200,""debugCoalesced"":0,""debugForwarded"":200,""debugDropped"":0},""telemetrySha256"":""38b563a2c9805f0be90ca16dc9c3beb77ae2ae9cc31f225b94cd24009969dbc2""}"
"177","disabled","18443","{""sha256"":""9a66b1d3503d07ae36072e64fff30073ee428d096827fec4ab9eee677f2797ea"",""bySideAndMethod"":{""baseline.activateSuperWeapon"":3,""baseline.orderUnits"":429,""baseline.pauseProduction"":10,""baseline.placeBuilding"":14,""baseline.queueForProduction"":44,""baseline.resumeProduction"":10,""baseline.setUnitDebugText"":179,""baseline.unqueueFromProduction"":5,""candidate.orderUnits"":783,""candidate.pauseProduction"":21,""candidate.placeBuilding"":8,""candidate.queueForProduction"":58,""candidate.resumeProduction"":16,""candidate.setUnitDebugText"":132,""candidate.toggleRepairWrench"":12,""candidate.unqueueFromProduction"":18}}",""
"177","separated_lanes_v2","18046","{""sha256"":""9c079c67bba4e5a581d6bff0935fe2035eafed92a134ef29e507b73ad72144dc"",""bySideAndMethod"":{""baseline.activateSuperWeapon"":3,""baseline.orderUnits"":400,""baseline.pauseProduction"":10,""baseline.placeBuilding"":13,""baseline.queueForProduction"":40,""baseline.resumeProduction"":10,""baseline.setUnitDebugText"":187,""baseline.toggleRepairWrench"":1,""baseline.unqueueFromProduction"":4,""candidate.orderUnits"":611,""candidate.pauseProduction"":33,""candidate.placeBuilding"":8,""candidate.queueForProduction"":61,""candidate.resumeProduction"":29,""candidate.setUnitDebugText"":80,""candidate.toggleRepairWrench"":14,""candidate.unqueueFromProduction"":22}}","{""kind"":""unified-intent-d1-telemetry-v1"",""complete"":true,""updates"":18046,""budgetMode"":""separated_lanes_v2"",""commandCeiling"":115,""commandCeilingEnforced"":true,""rollingUpdates"":900,""referenceCommandCeiling"":115,""referenceExceededUpdates"":0,""budgetDenialUpdates"":410,""budgetDeniedUnitIdOccurrences"":1455,""budgetDeniedDebugCalls"":67,""maxRollingCommandCalls"":115,""maxPendingUnitIds"":9,""maxForwardedChunkSize"":8,""counters"":{""gameplayNonorderCalls"":167,""productionBatches"":120,""proposedCalls"":677,""proposedUnitIds"":979,""forwardedOrderCalls"":611,""forwardedUnitIds"":915,""sameUnitConflicts"":38,""duplicateSuppressions"":10,""invalidUnitIds"":3,""invalidTargets"":13,""invalidTiles"":0,""supersededPending"":38,""expiredPending"":0,""revokedPending"":0,""deferredUnitIds"":1455,""pendingUnitIds"":1455,""debugProposals"":147,""debugCoalesced"":0,""debugForwarded"":80,""debugDropped"":67},""telemetrySha256"":""5ea29e235b94e9958cc72f5415e2b9008c1d43e59e4752909f4e3b014d64eec4""}"
"177","separated_lanes_unbounded_d1","20400","{""sha256"":""8d699733cd697ae318cb31c101004fcfc662686a389765cabfaa210b6af425a1"",""bySideAndMethod"":{""baseline.activateSuperWeapon"":4,""baseline.orderUnits"":657,""baseline.pauseProduction"":8,""baseline.placeBuilding"":19,""baseline.queueForProduction"":49,""baseline.resumeProduction"":8,""baseline.setUnitDebugText"":303,""baseline.toggleRepairWrench"":5,""baseline.unqueueFromProduction"":7,""candidate.orderUnits"":1058,""candidate.pauseProduction"":14,""candidate.placeBuilding"":7,""candidate.queueForProduction"":65,""candidate.quitGame"":1,""candidate.resumeProduction"":10,""candidate.setUnitDebugText"":191,""candidate.toggleRepairWrench"":9,""candidate.unqueueFromProduction"":26}}","{""kind"":""unified-intent-d1-telemetry-v1"",""complete"":true,""updates"":20400,""budgetMode"":""separated_lanes_unbounded_d1"",""commandCeiling"":null,""commandCeilingEnforced"":false,""rollingUpdates"":900,""referenceCommandCeiling"":115,""referenceExceededUpdates"":4812,""budgetDenialUpdates"":0,""budgetDeniedUnitIdOccurrences"":0,""budgetDeniedDebugCalls"":0,""maxRollingCommandCalls"":213,""maxPendingUnitIds"":0,""maxForwardedChunkSize"":8,""counters"":{""gameplayNonorderCalls"":132,""productionBatches"":100,""proposedCalls"":1135,""proposedUnitIds"":1634,""forwardedOrderCalls"":1058,""forwardedUnitIds"":1619,""sameUnitConflicts"":0,""duplicateSuppressions"":15,""invalidUnitIds"":0,""invalidTargets"":0,""invalidTiles"":0,""supersededPending"":0,""expiredPending"":0,""revokedPending"":0,""deferredUnitIds"":0,""pendingUnitIds"":0,""debugProposals"":191,""debugCoalesced"":0,""debugForwarded"":191,""debugDropped"":0},""telemetrySha256"":""1460d49955ee3f501ae1eb0f44a8eabca6be70e43351176845fabbadab8e4bd3""}"
"178","disabled","23870","{""sha256"":""998dc4600971f0b7cc80568d1e9e4d6f4ce92c87896c8e74a03d108be4cfb79c"",""bySideAndMethod"":{""baseline.orderUnits"":359,""baseline.pauseProduction"":6,""baseline.placeBuilding"":14,""baseline.queueForProduction"":85,""baseline.resumeProduction"":6,""baseline.sellObject"":5,""baseline.setUnitDebugText"":355,""baseline.unqueueFromProduction"":15,""candidate.orderUnits"":766,""candidate.pauseProduction"":9,""candidate.placeBuilding"":11,""candidate.queueForProduction"":71,""candidate.quitGame"":69,""candidate.resumeProduction"":9,""candidate.setUnitDebugText"":135,""candidate.toggleRepairWrench"":17,""candidate.unqueueFromProduction"":10}}",""
"178","separated_lanes_v2","24000","{""sha256"":""8a0585594ae34a45c79596ac90fff8ed86ebda45c8941d7bfd4eee66baa6014b"",""bySideAndMethod"":{""baseline.orderUnits"":310,""baseline.pauseProduction"":9,""baseline.placeBuilding"":17,""baseline.queueForProduction"":61,""baseline.resumeProduction"":9,""baseline.sellObject"":3,""baseline.setUnitDebugText"":236,""baseline.toggleRepairWrench"":6,""baseline.unqueueFromProduction"":8,""candidate.orderUnits"":799,""candidate.pauseProduction"":8,""candidate.placeBuilding"":15,""candidate.queueForProduction"":75,""candidate.resumeProduction"":7,""candidate.setUnitDebugText"":80,""candidate.toggleRepairWrench"":9,""candidate.unqueueFromProduction"":11}}","{""kind"":""unified-intent-d1-telemetry-v1"",""complete"":true,""updates"":24000,""budgetMode"":""separated_lanes_v2"",""commandCeiling"":115,""commandCeilingEnforced"":true,""rollingUpdates"":900,""referenceCommandCeiling"":115,""referenceExceededUpdates"":0,""budgetDenialUpdates"":315,""budgetDeniedUnitIdOccurrences"":2312,""budgetDeniedDebugCalls"":0,""maxRollingCommandCalls"":115,""maxPendingUnitIds"":13,""maxForwardedChunkSize"":12,""counters"":{""gameplayNonorderCalls"":125,""productionBatches"":98,""proposedCalls"":816,""proposedUnitIds"":2618,""forwardedOrderCalls"":799,""forwardedUnitIds"":2558,""sameUnitConflicts"":43,""duplicateSuppressions"":4,""invalidUnitIds"":2,""invalidTargets"":11,""invalidTiles"":0,""supersededPending"":43,""expiredPending"":0,""revokedPending"":0,""deferredUnitIds"":2312,""pendingUnitIds"":2312,""debugProposals"":80,""debugCoalesced"":0,""debugForwarded"":80,""debugDropped"":0},""telemetrySha256"":""fc2f745867b20fbe4381d842c202af7b200146eab79403fb43cc062bae88dd99""}"
"178","separated_lanes_unbounded_d1","23870","{""sha256"":""7f47b8eeb1aafb89238455bdfdd255a8372e517a87d24f16d7b745b6f77fc0df"",""bySideAndMethod"":{""baseline.orderUnits"":359,""baseline.pauseProduction"":6,""baseline.placeBuilding"":14,""baseline.queueForProduction"":85,""baseline.resumeProduction"":6,""baseline.sellObject"":5,""baseline.setUnitDebugText"":355,""baseline.unqueueFromProduction"":15,""candidate.orderUnits"":763,""candidate.pauseProduction"":9,""candidate.placeBuilding"":11,""candidate.queueForProduction"":71,""candidate.quitGame"":69,""candidate.resumeProduction"":9,""candidate.setUnitDebugText"":135,""candidate.toggleRepairWrench"":17,""candidate.unqueueFromProduction"":10}}","{""kind"":""unified-intent-d1-telemetry-v1"",""complete"":true,""updates"":23870,""budgetMode"":""separated_lanes_unbounded_d1"",""commandCeiling"":null,""commandCeilingEnforced"":false,""rollingUpdates"":900,""referenceCommandCeiling"":115,""referenceExceededUpdates"":864,""budgetDenialUpdates"":0,""budgetDeniedUnitIdOccurrences"":0,""budgetDeniedDebugCalls"":0,""maxRollingCommandCalls"":129,""maxPendingUnitIds"":0,""maxForwardedChunkSize"":14,""counters"":{""gameplayNonorderCalls"":196,""productionBatches"":92,""proposedCalls"":766,""proposedUnitIds"":2516,""forwardedOrderCalls"":763,""forwardedUnitIds"":2513,""sameUnitConflicts"":0,""duplicateSuppressions"":3,""invalidUnitIds"":0,""invalidTargets"":0,""invalidTiles"":0,""supersededPending"":0,""expiredPending"":0,""revokedPending"":0,""deferredUnitIds"":0,""pendingUnitIds"":0,""debugProposals"":135,""debugCoalesced"":0,""debugForwarded"":135,""debugDropped"":0},""telemetrySha256"":""db5e35119a65fd501ef532ac1b4d7a9750cd44675d638d6f68a8079935ccd98a""}"
"179","disabled","24000","{""sha256"":""3207ceac9a1a2a18fa5889d9aa7ab8d7e851100a4bd0a1cd91f906d5988e98ab"",""bySideAndMethod"":{""baseline.orderUnits"":316,""baseline.pauseProduction"":9,""baseline.placeBuilding"":14,""baseline.queueForProduction"":65,""baseline.resumeProduction"":9,""baseline.sellObject"":7,""baseline.setUnitDebugText"":266,""baseline.unqueueFromProduction"":12,""candidate.orderUnits"":889,""candidate.pauseProduction"":9,""candidate.placeBuilding"":10,""candidate.queueForProduction"":79,""candidate.resumeProduction"":9,""candidate.setUnitDebugText"":145,""candidate.toggleRepairWrench"":16,""candidate.unqueueFromProduction"":11}}",""
"179","separated_lanes_v2","24000","{""sha256"":""baba6475d6959e693fd500d198ba7422200d87a4a305aa9135e68d5fc8f21e34"",""bySideAndMethod"":{""baseline.orderUnits"":342,""baseline.pauseProduction"":11,""baseline.placeBuilding"":18,""baseline.queueForProduction"":82,""baseline.resumeProduction"":11,""baseline.sellObject"":2,""baseline.setUnitDebugText"":303,""baseline.unqueueFromProduction"":23,""candidate.orderUnits"":749,""candidate.pauseProduction"":12,""candidate.placeBuilding"":14,""candidate.queueForProduction"":74,""candidate.resumeProduction"":11,""candidate.setUnitDebugText"":76,""candidate.toggleRepairWrench"":5,""candidate.unqueueFromProduction"":11}}","{""kind"":""unified-intent-d1-telemetry-v1"",""complete"":true,""updates"":24000,""budgetMode"":""separated_lanes_v2"",""commandCeiling"":115,""commandCeilingEnforced"":true,""rollingUpdates"":900,""referenceCommandCeiling"":115,""referenceExceededUpdates"":0,""budgetDenialUpdates"":234,""budgetDeniedUnitIdOccurrences"":2071,""budgetDeniedDebugCalls"":0,""maxRollingCommandCalls"":115,""maxPendingUnitIds"":16,""maxForwardedChunkSize"":13,""counters"":{""gameplayNonorderCalls"":127,""productionBatches"":105,""proposedCalls"":765,""proposedUnitIds"":2732,""forwardedOrderCalls"":749,""forwardedUnitIds"":2644,""sameUnitConflicts"":45,""duplicateSuppressions"":3,""invalidUnitIds"":1,""invalidTargets"":39,""invalidTiles"":0,""supersededPending"":45,""expiredPending"":0,""revokedPending"":0,""deferredUnitIds"":2071,""pendingUnitIds"":2071,""debugProposals"":76,""debugCoalesced"":0,""debugForwarded"":76,""debugDropped"":0},""telemetrySha256"":""2177bd78ce734457817aea60539c958d297fa8191ef20b6276bfd661e6b3ce27""}"
"179","separated_lanes_unbounded_d1","24000","{""sha256"":""42f9d082ee67eca8a318ad0f2588f76b8f4fecfcb186d489e233c1e9d4a60c11"",""bySideAndMethod"":{""baseline.orderUnits"":316,""baseline.pauseProduction"":9,""baseline.placeBuilding"":14,""baseline.queueForProduction"":65,""baseline.resumeProduction"":9,""baseline.sellObject"":7,""baseline.setUnitDebugText"":266,""baseline.unqueueFromProduction"":12,""candidate.orderUnits"":886,""candidate.pauseProduction"":9,""candidate.placeBuilding"":10,""candidate.queueForProduction"":79,""candidate.resumeProduction"":9,""candidate.setUnitDebugText"":145,""candidate.toggleRepairWrench"":16,""candidate.unqueueFromProduction"":11}}","{""kind"":""unified-intent-d1-telemetry-v1"",""complete"":true,""updates"":24000,""budgetMode"":""separated_lanes_unbounded_d1"",""commandCeiling"":null,""commandCeilingEnforced"":false,""rollingUpdates"":900,""referenceCommandCeiling"":115,""referenceExceededUpdates"":816,""budgetDenialUpdates"":0,""budgetDeniedUnitIdOccurrences"":0,""budgetDeniedDebugCalls"":0,""maxRollingCommandCalls"":127,""maxPendingUnitIds"":0,""maxForwardedChunkSize"":13,""counters"":{""gameplayNonorderCalls"":134,""productionBatches"":104,""proposedCalls"":889,""proposedUnitIds"":2929,""forwardedOrderCalls"":886,""forwardedUnitIds"":2926,""sameUnitConflicts"":0,""duplicateSuppressions"":3,""invalidUnitIds"":0,""invalidTargets"":0,""invalidTiles"":0,""supersededPending"":0,""expiredPending"":0,""revokedPending"":0,""deferredUnitIds"":0,""pendingUnitIds"":0,""debugProposals"":145,""debugCoalesced"":0,""debugForwarded"":145,""debugDropped"":0},""telemetrySha256"":""a810f9bcac6bd851b0fc5566f92e908d587d7bb8d2f328549b35d1e6a1a19991""}"
"180","disabled","18447","{""sha256"":""e70be8f42fd32378cbe4ce22ed540d57ae18bada6b78d1b8a08e46799461d532"",""bySideAndMethod"":{""baseline.orderUnits"":65,""baseline.pauseProduction"":6,""baseline.placeBuilding"":8,""baseline.queueForProduction"":32,""baseline.quitGame"":938,""baseline.resumeProduction"":5,""baseline.sellObject"":1,""baseline.setUnitDebugText"":110,""baseline.toggleRepairWrench"":11,""baseline.unqueueFromProduction"":5,""candidate.activateSuperWeapon"":2,""candidate.orderUnits"":514,""candidate.pauseProduction"":3,""candidate.placeBuilding"":8,""candidate.queueForProduction"":50,""candidate.resumeProduction"":3,""candidate.setUnitDebugText"":108,""candidate.unqueueFromProduction"":16}}",""
"180","separated_lanes_v2","18627","{""sha256"":""038b42ec6ead7b4879c0d6bdfb09a4746a529e8175ce643875f0d71e2455f411"",""bySideAndMethod"":{""baseline.orderUnits"":70,""baseline.pauseProduction"":6,""baseline.placeBuilding"":9,""baseline.queueForProduction"":35,""baseline.quitGame"":904,""baseline.resumeProduction"":5,""baseline.sellObject"":1,""baseline.setUnitDebugText"":114,""baseline.toggleRepairWrench"":18,""baseline.unqueueFromProduction"":5,""candidate.activateSuperWeapon"":2,""candidate.orderUnits"":516,""candidate.pauseProduction"":4,""candidate.placeBuilding"":8,""candidate.queueForProduction"":49,""candidate.resumeProduction"":4,""candidate.setUnitDebugText"":135,""candidate.unqueueFromProduction"":14}}","{""kind"":""unified-intent-d1-telemetry-v1"",""complete"":true,""updates"":18627,""budgetMode"":""separated_lanes_v2"",""commandCeiling"":115,""commandCeilingEnforced"":true,""rollingUpdates"":900,""referenceCommandCeiling"":115,""referenceExceededUpdates"":0,""budgetDenialUpdates"":259,""budgetDeniedUnitIdOccurrences"":4863,""budgetDeniedDebugCalls"":10,""maxRollingCommandCalls"":115,""maxPendingUnitIds"":29,""maxForwardedChunkSize"":35,""counters"":{""gameplayNonorderCalls"":81,""productionBatches"":67,""proposedCalls"":611,""proposedUnitIds"":3553,""forwardedOrderCalls"":516,""forwardedUnitIds"":2409,""sameUnitConflicts"":806,""duplicateSuppressions"":36,""invalidUnitIds"":3,""invalidTargets"":0,""invalidTiles"":0,""supersededPending"":544,""expiredPending"":0,""revokedPending"":298,""deferredUnitIds"":4863,""pendingUnitIds"":4863,""debugProposals"":145,""debugCoalesced"":0,""debugForwarded"":135,""debugDropped"":10},""telemetrySha256"":""e5298cfb84f2ec43d52cd64dfaf08a3f44f45060e46bcb4ba88ff2814dda5549""}"
"180","separated_lanes_unbounded_d1","18648","{""sha256"":""8bf31d7c24b3d544e18fea1225ebc3a691c9206e56921d8462b0902dce187d34"",""bySideAndMethod"":{""baseline.orderUnits"":70,""baseline.pauseProduction"":6,""baseline.placeBuilding"":9,""baseline.queueForProduction"":35,""baseline.quitGame"":906,""baseline.resumeProduction"":5,""baseline.sellObject"":1,""baseline.setUnitDebugText"":114,""baseline.toggleRepairWrench"":19,""baseline.unqueueFromProduction"":5,""candidate.activateSuperWeapon"":2,""candidate.orderUnits"":581,""candidate.pauseProduction"":4,""candidate.placeBuilding"":8,""candidate.queueForProduction"":49,""candidate.resumeProduction"":4,""candidate.setUnitDebugText"":145,""candidate.unqueueFromProduction"":14}}","{""kind"":""unified-intent-d1-telemetry-v1"",""complete"":true,""updates"":18648,""budgetMode"":""separated_lanes_unbounded_d1"",""commandCeiling"":null,""commandCeilingEnforced"":false,""rollingUpdates"":900,""referenceCommandCeiling"":115,""referenceExceededUpdates"":297,""budgetDenialUpdates"":0,""budgetDeniedUnitIdOccurrences"":0,""budgetDeniedDebugCalls"":0,""maxRollingCommandCalls"":190,""maxPendingUnitIds"":0,""maxForwardedChunkSize"":35,""counters"":{""gameplayNonorderCalls"":81,""productionBatches"":67,""proposedCalls"":616,""proposedUnitIds"":3568,""forwardedOrderCalls"":581,""forwardedUnitIds"":3400,""sameUnitConflicts"":132,""duplicateSuppressions"":36,""invalidUnitIds"":0,""invalidTargets"":0,""invalidTiles"":0,""supersededPending"":0,""expiredPending"":0,""revokedPending"":0,""deferredUnitIds"":0,""pendingUnitIds"":0,""debugProposals"":145,""debugCoalesced"":0,""debugForwarded"":145,""debugDropped"":0},""telemetrySha256"":""fe3ba28a605308629a9731908f4673eea90fae0e1c69f2f527732d8d6093d002""}"
"181","disabled","18450","{""sha256"":""b754402f5943925a53fd984cba2305f07f84447e999c0517aec0bcef035c52b8"",""bySideAndMethod"":{""baseline.orderUnits"":63,""baseline.pauseProduction"":6,""baseline.placeBuilding"":8,""baseline.queueForProduction"":33,""baseline.quitGame"":919,""baseline.resumeProduction"":5,""baseline.sellObject"":1,""baseline.setUnitDebugText"":113,""baseline.toggleRepairWrench"":14,""baseline.unqueueFromProduction"":5,""candidate.activateSuperWeapon"":2,""candidate.orderUnits"":536,""candidate.pauseProduction"":3,""candidate.placeBuilding"":8,""candidate.queueForProduction"":50,""candidate.resumeProduction"":3,""candidate.setUnitDebugText"":114,""candidate.unqueueFromProduction"":16}}",""
"181","separated_lanes_v2","20660","{""sha256"":""53181e4b629caf5e9eb80c6c76394428a2fe3b4187555f88f0a3f3b7ced7348e"",""bySideAndMethod"":{""baseline.orderUnits"":98,""baseline.pauseProduction"":6,""baseline.placeBuilding"":9,""baseline.queueForProduction"":37,""baseline.quitGame"":1038,""baseline.resumeProduction"":5,""baseline.sellObject"":1,""baseline.setUnitDebugText"":116,""baseline.toggleRepairWrench"":21,""baseline.unqueueFromProduction"":5,""candidate.activateSuperWeapon"":2,""candidate.orderUnits"":847,""candidate.pauseProduction"":5,""candidate.placeBuilding"":8,""candidate.queueForProduction"":65,""candidate.resumeProduction"":5,""candidate.setUnitDebugText"":66,""candidate.unqueueFromProduction"":14}}","{""kind"":""unified-intent-d1-telemetry-v1"",""complete"":true,""updates"":20660,""budgetMode"":""separated_lanes_v2"",""commandCeiling"":115,""commandCeilingEnforced"":true,""rollingUpdates"":900,""referenceCommandCeiling"":115,""referenceExceededUpdates"":0,""budgetDenialUpdates"":1299,""budgetDeniedUnitIdOccurrences"":23492,""budgetDeniedDebugCalls"":89,""maxRollingCommandCalls"":115,""maxPendingUnitIds"":32,""maxForwardedChunkSize"":28,""counters"":{""gameplayNonorderCalls"":99,""productionBatches"":84,""proposedCalls"":1285,""proposedUnitIds"":10730,""forwardedOrderCalls"":847,""forwardedUnitIds"":5981,""sameUnitConflicts"":3064,""duplicateSuppressions"":35,""invalidUnitIds"":6,""invalidTargets"":20,""invalidTiles"":0,""supersededPending"":2242,""expiredPending"":0,""revokedPending"":1623,""deferredUnitIds"":23492,""pendingUnitIds"":23492,""debugProposals"":155,""debugCoalesced"":0,""debugForwarded"":66,""debugDropped"":89},""telemetrySha256"":""9a6c4c9e2676a831c29ae4506b309d94053ab9c83987e4b047bb5e555bca5cb5""}"
"181","separated_lanes_unbounded_d1","20277","{""sha256"":""55f12d446c565bb3d7f5cf6741a80f50ac4dc3a841549eaaf307a41467e601e3"",""bySideAndMethod"":{""baseline.orderUnits"":95,""baseline.pauseProduction"":6,""baseline.placeBuilding"":9,""baseline.queueForProduction"":37,""baseline.quitGame"":1006,""baseline.resumeProduction"":5,""baseline.sellObject"":1,""baseline.setUnitDebugText"":116,""baseline.toggleRepairWrench"":78,""baseline.unqueueFromProduction"":5,""candidate.activateSuperWeapon"":2,""candidate.orderUnits"":1097,""candidate.pauseProduction"":5,""candidate.placeBuilding"":8,""candidate.queueForProduction"":62,""candidate.resumeProduction"":5,""candidate.setUnitDebugText"":179,""candidate.unqueueFromProduction"":14}}","{""kind"":""unified-intent-d1-telemetry-v1"",""complete"":true,""updates"":20277,""budgetMode"":""separated_lanes_unbounded_d1"",""commandCeiling"":null,""commandCeilingEnforced"":false,""rollingUpdates"":900,""referenceCommandCeiling"":115,""referenceExceededUpdates"":2602,""budgetDenialUpdates"":0,""budgetDeniedUnitIdOccurrences"":0,""budgetDeniedDebugCalls"":0,""maxRollingCommandCalls"":327,""maxPendingUnitIds"":0,""maxForwardedChunkSize"":30,""counters"":{""gameplayNonorderCalls"":96,""productionBatches"":81,""proposedCalls"":1226,""proposedUnitIds"":9945,""forwardedOrderCalls"":1097,""forwardedUnitIds"":9282,""sameUnitConflicts"":628,""duplicateSuppressions"":35,""invalidUnitIds"":0,""invalidTargets"":0,""invalidTiles"":0,""supersededPending"":0,""expiredPending"":0,""revokedPending"":0,""deferredUnitIds"":0,""pendingUnitIds"":0,""debugProposals"":179,""debugCoalesced"":0,""debugForwarded"":179,""debugDropped"":0},""telemetrySha256"":""a7fc661a48693acc8ad7e53d8e63ca67c9de88c0143648503237ff09f25b1257""}"
"182","disabled","24000","{""sha256"":""19e22a8fc9fd09cbd57015a9509b7446a4fda798b15aeb7301ed0d291b2c909e"",""bySideAndMethod"":{""baseline.orderUnits"":260,""baseline.pauseProduction"":4,""baseline.placeBuilding"":18,""baseline.queueForProduction"":59,""baseline.resumeProduction"":3,""baseline.sellObject"":6,""baseline.setUnitDebugText"":273,""baseline.toggleRepairWrench"":18,""baseline.unqueueFromProduction"":8,""candidate.orderUnits"":779,""candidate.pauseProduction"":19,""candidate.placeBuilding"":10,""candidate.queueForProduction"":73,""candidate.resumeProduction"":17,""candidate.setUnitDebugText"":145,""candidate.unqueueFromProduction"":12}}",""
"182","separated_lanes_v2","24000","{""sha256"":""a8677a72d2e98ede2fd37a0303cf8b3b00527867a4803fe89ca4ca55b68ab0ab"",""bySideAndMethod"":{""baseline.orderUnits"":253,""baseline.pauseProduction"":7,""baseline.placeBuilding"":19,""baseline.queueForProduction"":53,""baseline.resumeProduction"":7,""baseline.sayAll"":1,""baseline.sellObject"":6,""baseline.setUnitDebugText"":303,""baseline.toggleRepairWrench"":10,""baseline.unqueueFromProduction"":5,""candidate.orderUnits"":733,""candidate.pauseProduction"":21,""candidate.placeBuilding"":11,""candidate.queueForProduction"":73,""candidate.resumeProduction"":19,""candidate.setUnitDebugText"":123,""candidate.unqueueFromProduction"":11}}","{""kind"":""unified-intent-d1-telemetry-v1"",""complete"":true,""updates"":24000,""budgetMode"":""separated_lanes_v2"",""commandCeiling"":115,""commandCeilingEnforced"":true,""rollingUpdates"":900,""referenceCommandCeiling"":115,""referenceExceededUpdates"":0,""budgetDenialUpdates"":1001,""budgetDeniedUnitIdOccurrences"":7216,""budgetDeniedDebugCalls"":24,""maxRollingCommandCalls"":115,""maxPendingUnitIds"":22,""maxForwardedChunkSize"":17,""counters"":{""gameplayNonorderCalls"":135,""productionBatches"":118,""proposedCalls"":809,""proposedUnitIds"":1977,""forwardedOrderCalls"":733,""forwardedUnitIds"":1757,""sameUnitConflicts"":196,""duplicateSuppressions"":15,""invalidUnitIds"":7,""invalidTargets"":2,""invalidTiles"":0,""supersededPending"":196,""expiredPending"":0,""revokedPending"":0,""deferredUnitIds"":7216,""pendingUnitIds"":7216,""debugProposals"":147,""debugCoalesced"":0,""debugForwarded"":123,""debugDropped"":24},""telemetrySha256"":""e041244f07e07bd4754ae2880846a24f0ea3c093b8e429da2125e0ffde91882e""}"
"182","separated_lanes_unbounded_d1","24000","{""sha256"":""180c065c7083455f01db272a5d1c0324343a79889ecac5550b6c30a8093f12e8"",""bySideAndMethod"":{""baseline.orderUnits"":260,""baseline.pauseProduction"":4,""baseline.placeBuilding"":18,""baseline.queueForProduction"":59,""baseline.resumeProduction"":3,""baseline.sellObject"":6,""baseline.setUnitDebugText"":273,""baseline.toggleRepairWrench"":18,""baseline.unqueueFromProduction"":8,""candidate.orderUnits"":776,""candidate.pauseProduction"":19,""candidate.placeBuilding"":10,""candidate.queueForProduction"":73,""candidate.resumeProduction"":17,""candidate.setUnitDebugText"":145,""candidate.unqueueFromProduction"":12}}","{""kind"":""unified-intent-d1-telemetry-v1"",""complete"":true,""updates"":24000,""budgetMode"":""separated_lanes_unbounded_d1"",""commandCeiling"":null,""commandCeilingEnforced"":false,""rollingUpdates"":900,""referenceCommandCeiling"":115,""referenceExceededUpdates"":2700,""budgetDenialUpdates"":0,""budgetDeniedUnitIdOccurrences"":0,""budgetDeniedDebugCalls"":0,""maxRollingCommandCalls"":173,""maxPendingUnitIds"":0,""maxForwardedChunkSize"":17,""counters"":{""gameplayNonorderCalls"":131,""productionBatches"":116,""proposedCalls"":779,""proposedUnitIds"":1935,""forwardedOrderCalls"":776,""forwardedUnitIds"":1932,""sameUnitConflicts"":0,""duplicateSuppressions"":3,""invalidUnitIds"":0,""invalidTargets"":0,""invalidTiles"":0,""supersededPending"":0,""expiredPending"":0,""revokedPending"":0,""deferredUnitIds"":0,""pendingUnitIds"":0,""debugProposals"":145,""debugCoalesced"":0,""debugForwarded"":145,""debugDropped"":0},""telemetrySha256"":""2b31c0c7907bd7370498008a99716eaa1f2b58a25f8fc0b14ca6a24ee0e170c3""}"
"183","disabled","24000","{""sha256"":""087d4719a9dde11c343ad7a3afb7fc1a2b61414cfce5eb58ef9a6d2340acaf21"",""bySideAndMethod"":{""baseline.orderUnits"":192,""baseline.pauseProduction"":4,""baseline.placeBuilding"":16,""baseline.queueForProduction"":67,""baseline.resumeProduction"":3,""baseline.sellObject"":6,""baseline.setUnitDebugText"":239,""baseline.toggleRepairWrench"":14,""baseline.unqueueFromProduction"":10,""candidate.orderUnits"":882,""candidate.pauseProduction"":19,""candidate.placeBuilding"":11,""candidate.queueForProduction"":78,""candidate.resumeProduction"":18,""candidate.setUnitDebugText"":126,""candidate.toggleRepairWrench"":7,""candidate.unqueueFromProduction"":15}}",""
"183","separated_lanes_v2","24000","{""sha256"":""af73cf8ce7592315361c70056424257f103771ef14dcf59bc7ddcc8a532bab6c"",""bySideAndMethod"":{""baseline.orderUnits"":299,""baseline.pauseProduction"":10,""baseline.placeBuilding"":17,""baseline.queueForProduction"":61,""baseline.resumeProduction"":9,""baseline.sayAll"":1,""baseline.sellObject"":4,""baseline.setUnitDebugText"":271,""baseline.toggleRepairWrench"":7,""baseline.unqueueFromProduction"":11,""candidate.orderUnits"":839,""candidate.pauseProduction"":20,""candidate.placeBuilding"":10,""candidate.queueForProduction"":75,""candidate.resumeProduction"":18,""candidate.setUnitDebugText"":116,""candidate.unqueueFromProduction"":12}}","{""kind"":""unified-intent-d1-telemetry-v1"",""complete"":true,""updates"":24000,""budgetMode"":""separated_lanes_v2"",""commandCeiling"":115,""commandCeilingEnforced"":true,""rollingUpdates"":900,""referenceCommandCeiling"":115,""referenceExceededUpdates"":0,""budgetDenialUpdates"":964,""budgetDeniedUnitIdOccurrences"":6948,""budgetDeniedDebugCalls"":22,""maxRollingCommandCalls"":115,""maxPendingUnitIds"":22,""maxForwardedChunkSize"":17,""counters"":{""gameplayNonorderCalls"":135,""productionBatches"":118,""proposedCalls"":912,""proposedUnitIds"":2267,""forwardedOrderCalls"":839,""forwardedUnitIds"":2055,""sameUnitConflicts"":190,""duplicateSuppressions"":15,""invalidUnitIds"":6,""invalidTargets"":1,""invalidTiles"":0,""supersededPending"":190,""expiredPending"":0,""revokedPending"":0,""deferredUnitIds"":6948,""pendingUnitIds"":6948,""debugProposals"":138,""debugCoalesced"":0,""debugForwarded"":116,""debugDropped"":22},""telemetrySha256"":""5d73b5d07d123e489b0d486cbcc0132a89950107c166b618b75ca43d8761724d""}"
"183","separated_lanes_unbounded_d1","24000","{""sha256"":""32c6cd1ab6c2faec0bf069873a8bd74e0322a4bfecfddee6f83c958cd0582d38"",""bySideAndMethod"":{""baseline.orderUnits"":192,""baseline.pauseProduction"":4,""baseline.placeBuilding"":16,""baseline.queueForProduction"":67,""baseline.resumeProduction"":3,""baseline.sellObject"":6,""baseline.setUnitDebugText"":239,""baseline.toggleRepairWrench"":14,""baseline.unqueueFromProduction"":10,""candidate.orderUnits"":879,""candidate.pauseProduction"":19,""candidate.placeBuilding"":11,""candidate.queueForProduction"":78,""candidate.resumeProduction"":18,""candidate.setUnitDebugText"":126,""candidate.toggleRepairWrench"":7,""candidate.unqueueFromProduction"":15}}","{""kind"":""unified-intent-d1-telemetry-v1"",""complete"":true,""updates"":24000,""budgetMode"":""separated_lanes_unbounded_d1"",""commandCeiling"":null,""commandCeilingEnforced"":false,""rollingUpdates"":900,""referenceCommandCeiling"":115,""referenceExceededUpdates"":2700,""budgetDenialUpdates"":0,""budgetDeniedUnitIdOccurrences"":0,""budgetDeniedDebugCalls"":0,""maxRollingCommandCalls"":173,""maxPendingUnitIds"":0,""maxForwardedChunkSize"":17,""counters"":{""gameplayNonorderCalls"":148,""productionBatches"":125,""proposedCalls"":882,""proposedUnitIds"":2211,""forwardedOrderCalls"":879,""forwardedUnitIds"":2208,""sameUnitConflicts"":0,""duplicateSuppressions"":3,""invalidUnitIds"":0,""invalidTargets"":0,""invalidTiles"":0,""supersededPending"":0,""expiredPending"":0,""revokedPending"":0,""deferredUnitIds"":0,""pendingUnitIds"":0,""debugProposals"":126,""debugCoalesced"":0,""debugForwarded"":126,""debugDropped"":0},""telemetrySha256"":""66e385ae9afe8eea30bef87bf78fccbc75f9c364a8ccb911ea4f2b4a38edaaa3""}"
"184","disabled","15319","{""sha256"":""5960c488e32c12967671cb01f2af2699b1e72f8112cb3e865561d2430be9a571"",""bySideAndMethod"":{""baseline.activateSuperWeapon"":3,""baseline.orderUnits"":180,""baseline.pauseProduction"":12,""baseline.placeBuilding"":12,""baseline.queueForProduction"":42,""baseline.resumeProduction"":9,""baseline.setUnitDebugText"":145,""baseline.toggleRepairWrench"":8,""baseline.unqueueFromProduction"":5,""candidate.orderUnits"":951,""candidate.pauseProduction"":2,""candidate.placeBuilding"":6,""candidate.queueForProduction"":54,""candidate.resumeProduction"":2,""candidate.setUnitDebugText"":116,""candidate.toggleRepairWrench"":3,""candidate.unqueueFromProduction"":5}}",""
"184","separated_lanes_v2","23191","{""sha256"":""9232d14d1906b55e24ea00ca119fc93985fd9384b89743c2336398b91b9beb7d"",""bySideAndMethod"":{""baseline.activateSuperWeapon"":5,""baseline.orderUnits"":320,""baseline.pauseProduction"":19,""baseline.placeBuilding"":15,""baseline.queueForProduction"":54,""baseline.resumeProduction"":19,""baseline.setUnitDebugText"":235,""baseline.toggleRepairWrench"":10,""baseline.unqueueFromProduction"":7,""candidate.orderUnits"":1713,""candidate.pauseProduction"":2,""candidate.placeBuilding"":6,""candidate.queueForProduction"":76,""candidate.resumeProduction"":2,""candidate.setUnitDebugText"":172,""candidate.toggleRepairWrench"":12,""candidate.unqueueFromProduction"":5}}","{""kind"":""unified-intent-d1-telemetry-v1"",""complete"":true,""updates"":23191,""budgetMode"":""separated_lanes_v2"",""commandCeiling"":115,""commandCeilingEnforced"":true,""rollingUpdates"":900,""referenceCommandCeiling"":115,""referenceExceededUpdates"":0,""budgetDenialUpdates"":1303,""budgetDeniedUnitIdOccurrences"":6181,""budgetDeniedDebugCalls"":37,""maxRollingCommandCalls"":115,""maxPendingUnitIds"":14,""maxForwardedChunkSize"":8,""counters"":{""gameplayNonorderCalls"":103,""productionBatches"":83,""proposedCalls"":1794,""proposedUnitIds"":3903,""forwardedOrderCalls"":1713,""forwardedUnitIds"":3706,""sameUnitConflicts"":171,""duplicateSuppressions"":21,""invalidUnitIds"":2,""invalidTargets"":3,""invalidTiles"":0,""supersededPending"":171,""expiredPending"":0,""revokedPending"":0,""deferredUnitIds"":6181,""pendingUnitIds"":6181,""debugProposals"":209,""debugCoalesced"":0,""debugForwarded"":172,""debugDropped"":37},""telemetrySha256"":""12d72916b22f83321a2c1c2f8de1816757c5d5763219871392e421a43d0fe003""}"
"184","separated_lanes_unbounded_d1","22529","{""sha256"":""90108fcd722b068a6e73d77a96a06771d2f61e588743f94d434fafafe63a2891"",""bySideAndMethod"":{""baseline.activateSuperWeapon"":5,""baseline.orderUnits"":318,""baseline.pauseProduction"":21,""baseline.placeBuilding"":14,""baseline.queueForProduction"":53,""baseline.resumeProduction"":19,""baseline.setUnitDebugText"":247,""baseline.toggleRepairWrench"":10,""baseline.unqueueFromProduction"":7,""candidate.orderUnits"":1786,""candidate.pauseProduction"":2,""candidate.placeBuilding"":6,""candidate.queueForProduction"":77,""candidate.resumeProduction"":2,""candidate.setUnitDebugText"":207,""candidate.toggleRepairWrench"":8,""candidate.unqueueFromProduction"":6}}","{""kind"":""unified-intent-d1-telemetry-v1"",""complete"":true,""updates"":22529,""budgetMode"":""separated_lanes_unbounded_d1"",""commandCeiling"":null,""commandCeilingEnforced"":false,""rollingUpdates"":900,""referenceCommandCeiling"":115,""referenceExceededUpdates"":5796,""budgetDenialUpdates"":0,""budgetDeniedUnitIdOccurrences"":0,""budgetDeniedDebugCalls"":0,""maxRollingCommandCalls"":165,""maxPendingUnitIds"":0,""maxForwardedChunkSize"":9,""counters"":{""gameplayNonorderCalls"":101,""productionBatches"":85,""proposedCalls"":1806,""proposedUnitIds"":3853,""forwardedOrderCalls"":1786,""forwardedUnitIds"":3831,""sameUnitConflicts"":0,""duplicateSuppressions"":22,""invalidUnitIds"":0,""invalidTargets"":0,""invalidTiles"":0,""supersededPending"":0,""expiredPending"":0,""revokedPending"":0,""deferredUnitIds"":0,""pendingUnitIds"":0,""debugProposals"":207,""debugCoalesced"":0,""debugForwarded"":207,""debugDropped"":0},""telemetrySha256"":""d288ccefab8f2a5cc1e7d8bcaa4208da8c1111df30d391029bf0aa07809a57c4""}"
"185","disabled","12735","{""sha256"":""dc3f975d3ec6d6aab64ca556aeb3490c56bfc44f1eae845bd5a68831763e0392"",""bySideAndMethod"":{""baseline.activateSuperWeapon"":2,""baseline.orderUnits"":162,""baseline.pauseProduction"":8,""baseline.placeBuilding"":11,""baseline.queueForProduction"":39,""baseline.resumeProduction"":8,""baseline.setUnitDebugText"":195,""baseline.toggleRepairWrench"":7,""baseline.unqueueFromProduction"":6,""candidate.orderUnits"":578,""candidate.pauseProduction"":2,""candidate.placeBuilding"":6,""candidate.queueForProduction"":48,""candidate.resumeProduction"":2,""candidate.setUnitDebugText"":87,""candidate.toggleRepairWrench"":11,""candidate.unqueueFromProduction"":5}}",""
"185","separated_lanes_v2","13032","{""sha256"":""9e5e50282ca1f1b8b0f7ded79c50e5138cb0596f59bdcb8c8de92acf17f1de5b"",""bySideAndMethod"":{""baseline.activateSuperWeapon"":2,""baseline.orderUnits"":153,""baseline.pauseProduction"":6,""baseline.placeBuilding"":12,""baseline.queueForProduction"":37,""baseline.resumeProduction"":6,""baseline.setUnitDebugText"":200,""baseline.toggleRepairWrench"":6,""baseline.unqueueFromProduction"":4,""candidate.orderUnits"":561,""candidate.pauseProduction"":2,""candidate.placeBuilding"":6,""candidate.queueForProduction"":45,""candidate.resumeProduction"":2,""candidate.setUnitDebugText"":83,""candidate.toggleRepairWrench"":4,""candidate.unqueueFromProduction"":5}}","{""kind"":""unified-intent-d1-telemetry-v1"",""complete"":true,""updates"":13032,""budgetMode"":""separated_lanes_v2"",""commandCeiling"":115,""commandCeilingEnforced"":true,""rollingUpdates"":900,""referenceCommandCeiling"":115,""referenceExceededUpdates"":0,""budgetDenialUpdates"":0,""budgetDeniedUnitIdOccurrences"":0,""budgetDeniedDebugCalls"":0,""maxRollingCommandCalls"":87,""maxPendingUnitIds"":0,""maxForwardedChunkSize"":6,""counters"":{""gameplayNonorderCalls"":64,""productionBatches"":52,""proposedCalls"":568,""proposedUnitIds"":1354,""forwardedOrderCalls"":561,""forwardedUnitIds"":1345,""sameUnitConflicts"":0,""duplicateSuppressions"":9,""invalidUnitIds"":0,""invalidTargets"":0,""invalidTiles"":0,""supersededPending"":0,""expiredPending"":0,""revokedPending"":0,""deferredUnitIds"":0,""pendingUnitIds"":0,""debugProposals"":83,""debugCoalesced"":0,""debugForwarded"":83,""debugDropped"":0},""telemetrySha256"":""05952fd9e5246026599484248927d6898522974c063489285c29dd46a745d401""}"
"185","separated_lanes_unbounded_d1","13032","{""sha256"":""9e5e50282ca1f1b8b0f7ded79c50e5138cb0596f59bdcb8c8de92acf17f1de5b"",""bySideAndMethod"":{""baseline.activateSuperWeapon"":2,""baseline.orderUnits"":153,""baseline.pauseProduction"":6,""baseline.placeBuilding"":12,""baseline.queueForProduction"":37,""baseline.resumeProduction"":6,""baseline.setUnitDebugText"":200,""baseline.toggleRepairWrench"":6,""baseline.unqueueFromProduction"":4,""candidate.orderUnits"":561,""candidate.pauseProduction"":2,""candidate.placeBuilding"":6,""candidate.queueForProduction"":45,""candidate.resumeProduction"":2,""candidate.setUnitDebugText"":83,""candidate.toggleRepairWrench"":4,""candidate.unqueueFromProduction"":5}}","{""kind"":""unified-intent-d1-telemetry-v1"",""complete"":true,""updates"":13032,""budgetMode"":""separated_lanes_unbounded_d1"",""commandCeiling"":null,""commandCeilingEnforced"":false,""rollingUpdates"":900,""referenceCommandCeiling"":115,""referenceExceededUpdates"":0,""budgetDenialUpdates"":0,""budgetDeniedUnitIdOccurrences"":0,""budgetDeniedDebugCalls"":0,""maxRollingCommandCalls"":87,""maxPendingUnitIds"":0,""maxForwardedChunkSize"":6,""counters"":{""gameplayNonorderCalls"":64,""productionBatches"":52,""proposedCalls"":568,""proposedUnitIds"":1354,""forwardedOrderCalls"":561,""forwardedUnitIds"":1345,""sameUnitConflicts"":0,""duplicateSuppressions"":9,""invalidUnitIds"":0,""invalidTargets"":0,""invalidTiles"":0,""supersededPending"":0,""expiredPending"":0,""revokedPending"":0,""deferredUnitIds"":0,""pendingUnitIds"":0,""debugProposals"":83,""debugCoalesced"":0,""debugForwarded"":83,""debugDropped"":0},""telemetrySha256"":""8b3ce76853206ae5591125e5c6c1ba9ecba00969bcec829a17ebab7f2be22b36""}"
"186","disabled","24000","{""sha256"":""b4b55d6619da024510482c42abd2e989a04eba8b922df405f6a0fbac7a0857da"",""bySideAndMethod"":{""baseline.orderUnits"":323,""baseline.pauseProduction"":7,""baseline.placeBuilding"":15,""baseline.queueForProduction"":78,""baseline.resumeProduction"":6,""baseline.sellObject"":8,""baseline.setUnitDebugText"":482,""baseline.toggleRepairWrench"":18,""baseline.unqueueFromProduction"":10,""candidate.orderUnits"":2224,""candidate.pauseProduction"":4,""candidate.placeBuilding"":6,""candidate.queueForProduction"":153,""candidate.resumeProduction"":4,""candidate.setUnitDebugText"":248,""candidate.unqueueFromProduction"":4}}",""
"186","separated_lanes_v2","24000","{""sha256"":""30cd436c98471298ecd03977d8c74dd0dd0f4b036a2eedabbff7c0cf8aeaebc6"",""bySideAndMethod"":{""baseline.orderUnits"":262,""baseline.pauseProduction"":14,""baseline.placeBuilding"":18,""baseline.queueForProduction"":83,""baseline.resumeProduction"":14,""baseline.sellObject"":2,""baseline.setUnitDebugText"":480,""baseline.toggleRepairWrench"":12,""baseline.unqueueFromProduction"":16,""candidate.orderUnits"":2083,""candidate.pauseProduction"":4,""candidate.placeBuilding"":6,""candidate.queueForProduction"":153,""candidate.resumeProduction"":4,""candidate.setUnitDebugText"":241,""candidate.unqueueFromProduction"":4}}","{""kind"":""unified-intent-d1-telemetry-v1"",""complete"":true,""updates"":24000,""budgetMode"":""separated_lanes_v2"",""commandCeiling"":115,""commandCeilingEnforced"":true,""rollingUpdates"":900,""referenceCommandCeiling"":115,""referenceExceededUpdates"":0,""budgetDenialUpdates"":1533,""budgetDeniedUnitIdOccurrences"":9473,""budgetDeniedDebugCalls"":42,""maxRollingCommandCalls"":115,""maxPendingUnitIds"":16,""maxForwardedChunkSize"":12,""counters"":{""gameplayNonorderCalls"":171,""productionBatches"":162,""proposedCalls"":2199,""proposedUnitIds"":5774,""forwardedOrderCalls"":2083,""forwardedUnitIds"":5401,""sameUnitConflicts"":324,""duplicateSuppressions"":23,""invalidUnitIds"":6,""invalidTargets"":20,""invalidTiles"":0,""supersededPending"":340,""expiredPending"":0,""revokedPending"":0,""deferredUnitIds"":9473,""pendingUnitIds"":9473,""debugProposals"":283,""debugCoalesced"":0,""debugForwarded"":241,""debugDropped"":42},""telemetrySha256"":""839ccfae9f7a31308782f3b68c924544efe3288e9f258b56d0ce94900a1c3cc6""}"
"186","separated_lanes_unbounded_d1","24000","{""sha256"":""bd8e309fcd32f6a9a6142abd4aa603e7c8fc629f413d57d3ed44ed0b51ec01c5"",""bySideAndMethod"":{""baseline.orderUnits"":323,""baseline.pauseProduction"":7,""baseline.placeBuilding"":15,""baseline.queueForProduction"":78,""baseline.resumeProduction"":6,""baseline.sellObject"":8,""baseline.setUnitDebugText"":482,""baseline.toggleRepairWrench"":18,""baseline.unqueueFromProduction"":10,""candidate.orderUnits"":2221,""candidate.pauseProduction"":4,""candidate.placeBuilding"":6,""candidate.queueForProduction"":153,""candidate.resumeProduction"":4,""candidate.setUnitDebugText"":248,""candidate.unqueueFromProduction"":4}}","{""kind"":""unified-intent-d1-telemetry-v1"",""complete"":true,""updates"":24000,""budgetMode"":""separated_lanes_unbounded_d1"",""commandCeiling"":null,""commandCeilingEnforced"":false,""rollingUpdates"":900,""referenceCommandCeiling"":115,""referenceExceededUpdates"":4248,""budgetDenialUpdates"":0,""budgetDeniedUnitIdOccurrences"":0,""budgetDeniedDebugCalls"":0,""maxRollingCommandCalls"":169,""maxPendingUnitIds"":0,""maxForwardedChunkSize"":13,""counters"":{""gameplayNonorderCalls"":171,""productionBatches"":162,""proposedCalls"":2224,""proposedUnitIds"":6147,""forwardedOrderCalls"":2221,""forwardedUnitIds"":6144,""sameUnitConflicts"":0,""duplicateSuppressions"":3,""invalidUnitIds"":0,""invalidTargets"":0,""invalidTiles"":0,""supersededPending"":0,""expiredPending"":0,""revokedPending"":0,""deferredUnitIds"":0,""pendingUnitIds"":0,""debugProposals"":248,""debugCoalesced"":0,""debugForwarded"":248,""debugDropped"":0},""telemetrySha256"":""ad6d091958e11456e29956cc5a0a3f425def9d1a469395a34b8b7af7cadc40d6""}"
"187","disabled","24000","{""sha256"":""fb1c9e8a8a5e8c602f2febe2e470774b55c1230a9b087437819d88558acabb69"",""bySideAndMethod"":{""baseline.orderUnits"":255,""baseline.pauseProduction"":12,""baseline.placeBuilding"":16,""baseline.queueForProduction"":78,""baseline.resumeProduction"":11,""baseline.sellObject"":7,""baseline.setUnitDebugText"":473,""baseline.toggleRepairWrench"":8,""baseline.unqueueFromProduction"":10,""candidate.orderUnits"":2660,""candidate.pauseProduction"":4,""candidate.placeBuilding"":6,""candidate.queueForProduction"":153,""candidate.resumeProduction"":4,""candidate.setUnitDebugText"":228,""candidate.unqueueFromProduction"":4}}",""
"187","separated_lanes_v2","24000","{""sha256"":""ab18cec6fdf0dd5cfddf58261f3bc1f23e616f1716140377fefb346fb550b51a"",""bySideAndMethod"":{""baseline.orderUnits"":329,""baseline.pauseProduction"":9,""baseline.placeBuilding"":18,""baseline.queueForProduction"":68,""baseline.resumeProduction"":9,""baseline.sellObject"":4,""baseline.setUnitDebugText"":371,""baseline.toggleRepairWrench"":3,""baseline.unqueueFromProduction"":10,""candidate.orderUnits"":1807,""candidate.pauseProduction"":4,""candidate.placeBuilding"":6,""candidate.queueForProduction"":152,""candidate.resumeProduction"":4,""candidate.setUnitDebugText"":314,""candidate.toggleRepairWrench"":1,""candidate.unqueueFromProduction"":4}}","{""kind"":""unified-intent-d1-telemetry-v1"",""complete"":true,""updates"":24000,""budgetMode"":""separated_lanes_v2"",""commandCeiling"":115,""commandCeilingEnforced"":true,""rollingUpdates"":900,""referenceCommandCeiling"":115,""referenceExceededUpdates"":0,""budgetDenialUpdates"":1266,""budgetDeniedUnitIdOccurrences"":8817,""budgetDeniedDebugCalls"":37,""maxRollingCommandCalls"":115,""maxPendingUnitIds"":16,""maxForwardedChunkSize"":13,""counters"":{""gameplayNonorderCalls"":171,""productionBatches"":161,""proposedCalls"":1905,""proposedUnitIds"":5407,""forwardedOrderCalls"":1807,""forwardedUnitIds"":5061,""sameUnitConflicts"":294,""duplicateSuppressions"":21,""invalidUnitIds"":7,""invalidTargets"":24,""invalidTiles"":0,""supersededPending"":310,""expiredPending"":0,""revokedPending"":0,""deferredUnitIds"":8817,""pendingUnitIds"":8817,""debugProposals"":351,""debugCoalesced"":0,""debugForwarded"":314,""debugDropped"":37},""telemetrySha256"":""93e73b6af0e2a6b32828826d6ae129b2290f606d6e0136c6c9991e5671844107""}"
"187","separated_lanes_unbounded_d1","24000","{""sha256"":""460d14445e713edcb03571580df6d8c3ade744750b9c1e71d83782529a031d63"",""bySideAndMethod"":{""baseline.orderUnits"":255,""baseline.pauseProduction"":12,""baseline.placeBuilding"":16,""baseline.queueForProduction"":78,""baseline.resumeProduction"":11,""baseline.sellObject"":7,""baseline.setUnitDebugText"":473,""baseline.toggleRepairWrench"":8,""baseline.unqueueFromProduction"":10,""candidate.orderUnits"":2657,""candidate.pauseProduction"":4,""candidate.placeBuilding"":6,""candidate.queueForProduction"":153,""candidate.resumeProduction"":4,""candidate.setUnitDebugText"":228,""candidate.unqueueFromProduction"":4}}","{""kind"":""unified-intent-d1-telemetry-v1"",""complete"":true,""updates"":24000,""budgetMode"":""separated_lanes_unbounded_d1"",""commandCeiling"":null,""commandCeilingEnforced"":false,""rollingUpdates"":900,""referenceCommandCeiling"":115,""referenceExceededUpdates"":7617,""budgetDenialUpdates"":0,""budgetDeniedUnitIdOccurrences"":0,""budgetDeniedDebugCalls"":0,""maxRollingCommandCalls"":295,""maxPendingUnitIds"":0,""maxForwardedChunkSize"":12,""counters"":{""gameplayNonorderCalls"":171,""productionBatches"":162,""proposedCalls"":2660,""proposedUnitIds"":9788,""forwardedOrderCalls"":2657,""forwardedUnitIds"":9785,""sameUnitConflicts"":0,""duplicateSuppressions"":3,""invalidUnitIds"":0,""invalidTargets"":0,""invalidTiles"":0,""supersededPending"":0,""expiredPending"":0,""revokedPending"":0,""deferredUnitIds"":0,""pendingUnitIds"":0,""debugProposals"":228,""debugCoalesced"":0,""debugForwarded"":228,""debugDropped"":0},""telemetrySha256"":""d95e1a96f41b954ffc9583d63558fb41d1e89aa487ad24ecb9bebc84aceb03f4""}"
"188","disabled","24000","{""sha256"":""12cf5784912ccfa8fcd8c28ce37cae75a6e6a61b3af5814efcaa4a6151c9bc61"",""bySideAndMethod"":{""baseline.activateSuperWeapon"":5,""baseline.orderUnits"":1626,""baseline.pauseProduction"":20,""baseline.placeBuilding"":21,""baseline.queueForProduction"":77,""baseline.resumeProduction"":17,""baseline.setUnitDebugText"":352,""baseline.toggleRepairWrench"":10,""baseline.unqueueFromProduction"":15,""candidate.activateSuperWeapon"":3,""candidate.orderUnits"":725,""candidate.pauseProduction"":22,""candidate.placeBuilding"":10,""candidate.queueForProduction"":67,""candidate.resumeProduction"":20,""candidate.setUnitDebugText"":138,""candidate.toggleRepairWrench"":8,""candidate.unqueueFromProduction"":13}}",""
"188","separated_lanes_v2","24000","{""sha256"":""6da036344527c8fba495e2404f1a447c73d3e173f056dcc2605176e2f4e4db07"",""bySideAndMethod"":{""baseline.activateSuperWeapon"":5,""baseline.orderUnits"":1476,""baseline.pauseProduction"":17,""baseline.placeBuilding"":22,""baseline.queueForProduction"":79,""baseline.resumeProduction"":17,""baseline.sellObject"":1,""baseline.setUnitDebugText"":379,""baseline.toggleRepairWrench"":16,""baseline.unqueueFromProduction"":16,""candidate.activateSuperWeapon"":3,""candidate.orderUnits"":732,""candidate.pauseProduction"":17,""candidate.placeBuilding"":10,""candidate.queueForProduction"":63,""candidate.resumeProduction"":15,""candidate.setUnitDebugText"":188,""candidate.toggleRepairWrench"":8,""candidate.unqueueFromProduction"":12}}","{""kind"":""unified-intent-d1-telemetry-v1"",""complete"":true,""updates"":24000,""budgetMode"":""separated_lanes_v2"",""commandCeiling"":115,""commandCeilingEnforced"":true,""rollingUpdates"":900,""referenceCommandCeiling"":115,""referenceExceededUpdates"":0,""budgetDenialUpdates"":410,""budgetDeniedUnitIdOccurrences"":1584,""budgetDeniedDebugCalls"":10,""maxRollingCommandCalls"":115,""maxPendingUnitIds"":8,""maxForwardedChunkSize"":8,""counters"":{""gameplayNonorderCalls"":128,""productionBatches"":100,""proposedCalls"":780,""proposedUnitIds"":2180,""forwardedOrderCalls"":732,""forwardedUnitIds"":2076,""sameUnitConflicts"":87,""duplicateSuppressions"":17,""invalidUnitIds"":0,""invalidTargets"":0,""invalidTiles"":0,""supersededPending"":87,""expiredPending"":0,""revokedPending"":0,""deferredUnitIds"":1584,""pendingUnitIds"":1584,""debugProposals"":198,""debugCoalesced"":0,""debugForwarded"":188,""debugDropped"":10},""telemetrySha256"":""5a62c1a7b4ceb255f328bce2ba862fd547be57506ae1e8d491b102dde92b26e7""}"
"188","separated_lanes_unbounded_d1","24000","{""sha256"":""20e73449a8dec4851934104a09be8c1e104a7ae344476b7b769d373908bc0ba8"",""bySideAndMethod"":{""baseline.activateSuperWeapon"":4,""baseline.orderUnits"":557,""baseline.pauseProduction"":25,""baseline.placeBuilding"":24,""baseline.queueForProduction"":98,""baseline.resumeProduction"":24,""baseline.setUnitDebugText"":446,""baseline.toggleRepairWrench"":10,""baseline.unqueueFromProduction"":21,""candidate.activateSuperWeapon"":3,""candidate.orderUnits"":1226,""candidate.pauseProduction"":29,""candidate.placeBuilding"":21,""candidate.queueForProduction"":99,""candidate.resumeProduction"":25,""candidate.setUnitDebugText"":263,""candidate.toggleRepairWrench"":33,""candidate.unqueueFromProduction"":20}}","{""kind"":""unified-intent-d1-telemetry-v1"",""complete"":true,""updates"":24000,""budgetMode"":""separated_lanes_unbounded_d1"",""commandCeiling"":null,""commandCeilingEnforced"":false,""rollingUpdates"":900,""referenceCommandCeiling"":115,""referenceExceededUpdates"":1992,""budgetDenialUpdates"":0,""budgetDeniedUnitIdOccurrences"":0,""budgetDeniedDebugCalls"":0,""maxRollingCommandCalls"":173,""maxPendingUnitIds"":0,""maxForwardedChunkSize"":11,""counters"":{""gameplayNonorderCalls"":230,""productionBatches"":158,""proposedCalls"":1234,""proposedUnitIds"":3016,""forwardedOrderCalls"":1226,""forwardedUnitIds"":2998,""sameUnitConflicts"":0,""duplicateSuppressions"":18,""invalidUnitIds"":0,""invalidTargets"":0,""invalidTiles"":0,""supersededPending"":0,""expiredPending"":0,""revokedPending"":0,""deferredUnitIds"":0,""pendingUnitIds"":0,""debugProposals"":263,""debugCoalesced"":0,""debugForwarded"":263,""debugDropped"":0},""telemetrySha256"":""b589eb2163533ba64b194ce0a85a577d068cb091dcd18178fc4da8d0853c5828""}"
"189","disabled","10780","{""sha256"":""4ec5cb020e0312767074d4873cbaaa98e7146f2db0f74761198f4ac58db0d760"",""bySideAndMethod"":{""baseline.orderUnits"":120,""baseline.pauseProduction"":10,""baseline.placeBuilding"":9,""baseline.queueForProduction"":39,""baseline.quitGame"":24,""baseline.resumeProduction"":9,""baseline.sayAll"":1,""baseline.setUnitDebugText"":152,""baseline.toggleRepairWrench"":17,""baseline.unqueueFromProduction"":4,""candidate.orderUnits"":759,""candidate.pauseProduction"":10,""candidate.placeBuilding"":7,""candidate.queueForProduction"":56,""candidate.resumeProduction"":10,""candidate.setUnitDebugText"":81,""candidate.unqueueFromProduction"":8}}",""
"189","separated_lanes_v2","24000","{""sha256"":""5e271b4a4b1917abed30fcc7dfac985e8f0e508b5d9032ac572fe2518577216f"",""bySideAndMethod"":{""baseline.activateSuperWeapon"":3,""baseline.orderUnits"":648,""baseline.pauseProduction"":22,""baseline.placeBuilding"":17,""baseline.queueForProduction"":84,""baseline.resumeProduction"":20,""baseline.setUnitDebugText"":435,""baseline.toggleRepairWrench"":10,""baseline.unqueueFromProduction"":17,""candidate.activateSuperWeapon"":3,""candidate.orderUnits"":1115,""candidate.pauseProduction"":25,""candidate.placeBuilding"":15,""candidate.queueForProduction"":76,""candidate.resumeProduction"":22,""candidate.setUnitDebugText"":171,""candidate.toggleRepairWrench"":32,""candidate.unqueueFromProduction"":15}}","{""kind"":""unified-intent-d1-telemetry-v1"",""complete"":true,""updates"":24000,""budgetMode"":""separated_lanes_v2"",""commandCeiling"":115,""commandCeilingEnforced"":true,""rollingUpdates"":900,""referenceCommandCeiling"":115,""referenceExceededUpdates"":0,""budgetDenialUpdates"":782,""budgetDeniedUnitIdOccurrences"":3112,""budgetDeniedDebugCalls"":12,""maxRollingCommandCalls"":115,""maxPendingUnitIds"":11,""maxForwardedChunkSize"":8,""counters"":{""gameplayNonorderCalls"":188,""productionBatches"":125,""proposedCalls"":1204,""proposedUnitIds"":3141,""forwardedOrderCalls"":1115,""forwardedUnitIds"":2982,""sameUnitConflicts"":123,""duplicateSuppressions"":19,""invalidUnitIds"":5,""invalidTargets"":12,""invalidTiles"":0,""supersededPending"":123,""expiredPending"":0,""revokedPending"":0,""deferredUnitIds"":3112,""pendingUnitIds"":3112,""debugProposals"":183,""debugCoalesced"":0,""debugForwarded"":171,""debugDropped"":12},""telemetrySha256"":""8b6f7c64e6d246fd8c84e7b8cd77b2375c8ac74e1b8d06bc03377d0e9456d59c""}"
"189","separated_lanes_unbounded_d1","21134","{""sha256"":""965a46e2e3996f408793d28eab3af2c22fe01e0d228478c6e3224bbbf8696000"",""bySideAndMethod"":{""baseline.activateSuperWeapon"":3,""baseline.orderUnits"":884,""baseline.pauseProduction"":13,""baseline.placeBuilding"":16,""baseline.queueForProduction"":65,""baseline.resumeProduction"":13,""baseline.setUnitDebugText"":207,""baseline.toggleRepairWrench"":18,""baseline.unqueueFromProduction"":12,""candidate.orderUnits"":734,""candidate.pauseProduction"":18,""candidate.placeBuilding"":9,""candidate.queueForProduction"":68,""candidate.resumeProduction"":15,""candidate.setUnitDebugText"":95,""candidate.toggleRepairWrench"":15,""candidate.unqueueFromProduction"":14}}","{""kind"":""unified-intent-d1-telemetry-v1"",""complete"":true,""updates"":21134,""budgetMode"":""separated_lanes_unbounded_d1"",""commandCeiling"":null,""commandCeilingEnforced"":false,""rollingUpdates"":900,""referenceCommandCeiling"":115,""referenceExceededUpdates"":984,""budgetDenialUpdates"":0,""budgetDeniedUnitIdOccurrences"":0,""budgetDeniedDebugCalls"":0,""maxRollingCommandCalls"":161,""maxPendingUnitIds"":0,""maxForwardedChunkSize"":7,""counters"":{""gameplayNonorderCalls"":139,""productionBatches"":107,""proposedCalls"":739,""proposedUnitIds"":2136,""forwardedOrderCalls"":734,""forwardedUnitIds"":2127,""sameUnitConflicts"":0,""duplicateSuppressions"":9,""invalidUnitIds"":0,""invalidTargets"":0,""invalidTiles"":0,""supersededPending"":0,""expiredPending"":0,""revokedPending"":0,""deferredUnitIds"":0,""pendingUnitIds"":0,""debugProposals"":95,""debugCoalesced"":0,""debugForwarded"":95,""debugDropped"":0},""telemetrySha256"":""fb065def97c544c7818ef2b7bf8d70c7021de0dbba25f6535da2213a31889dee""}"
"190","disabled","24000","{""sha256"":""1f55f8d79638af45792f23d5952b6cb6948ebabdd68d96e3c04b64006d6c3438"",""bySideAndMethod"":{""baseline.orderUnits"":335,""baseline.pauseProduction"":7,""baseline.placeBuilding"":12,""baseline.queueForProduction"":76,""baseline.resumeProduction"":7,""baseline.setUnitDebugText"":233,""baseline.toggleRepairWrench"":36,""baseline.unqueueFromProduction"":9,""candidate.orderUnits"":1442,""candidate.pauseProduction"":16,""candidate.placeBuilding"":12,""candidate.queueForProduction"":144,""candidate.resumeProduction"":15,""candidate.setUnitDebugText"":247,""candidate.unqueueFromProduction"":9}}",""
"190","separated_lanes_v2","24000","{""sha256"":""4726e1d9501ee826972ccaba491b8c969703228dd27b787f17e04351c18d5d9c"",""bySideAndMethod"":{""baseline.orderUnits"":325,""baseline.pauseProduction"":9,""baseline.placeBuilding"":17,""baseline.queueForProduction"":72,""baseline.resumeProduction"":8,""baseline.setUnitDebugText"":184,""baseline.toggleRepairWrench"":31,""baseline.unqueueFromProduction"":9,""candidate.orderUnits"":1157,""candidate.pauseProduction"":24,""candidate.placeBuilding"":13,""candidate.queueForProduction"":138,""candidate.resumeProduction"":23,""candidate.setUnitDebugText"":323,""candidate.unqueueFromProduction"":9}}","{""kind"":""unified-intent-d1-telemetry-v1"",""complete"":true,""updates"":24000,""budgetMode"":""separated_lanes_v2"",""commandCeiling"":115,""commandCeilingEnforced"":true,""rollingUpdates"":900,""referenceCommandCeiling"":115,""referenceExceededUpdates"":0,""budgetDenialUpdates"":76,""budgetDeniedUnitIdOccurrences"":204,""budgetDeniedDebugCalls"":8,""maxRollingCommandCalls"":115,""maxPendingUnitIds"":9,""maxForwardedChunkSize"":19,""counters"":{""gameplayNonorderCalls"":207,""productionBatches"":186,""proposedCalls"":1165,""proposedUnitIds"":3360,""forwardedOrderCalls"":1157,""forwardedUnitIds"":3353,""sameUnitConflicts"":1,""duplicateSuppressions"":6,""invalidUnitIds"":0,""invalidTargets"":0,""invalidTiles"":0,""supersededPending"":1,""expiredPending"":0,""revokedPending"":0,""deferredUnitIds"":204,""pendingUnitIds"":204,""debugProposals"":331,""debugCoalesced"":0,""debugForwarded"":323,""debugDropped"":8},""telemetrySha256"":""3d6a18dc7505dc9521604d46458f309c36133c8b9954a49f068710c43c5379b0""}"
"190","separated_lanes_unbounded_d1","24000","{""sha256"":""a42ed7272c315fedb81cfc4045f44fbdbff41f8757baf5224750c4f5fed9b254"",""bySideAndMethod"":{""baseline.orderUnits"":335,""baseline.pauseProduction"":7,""baseline.placeBuilding"":12,""baseline.queueForProduction"":76,""baseline.resumeProduction"":7,""baseline.setUnitDebugText"":233,""baseline.toggleRepairWrench"":36,""baseline.unqueueFromProduction"":9,""candidate.orderUnits"":1436,""candidate.pauseProduction"":16,""candidate.placeBuilding"":12,""candidate.queueForProduction"":144,""candidate.resumeProduction"":15,""candidate.setUnitDebugText"":247,""candidate.unqueueFromProduction"":9}}","{""kind"":""unified-intent-d1-telemetry-v1"",""complete"":true,""updates"":24000,""budgetMode"":""separated_lanes_unbounded_d1"",""commandCeiling"":null,""commandCeilingEnforced"":false,""rollingUpdates"":900,""referenceCommandCeiling"":115,""referenceExceededUpdates"":2398,""budgetDenialUpdates"":0,""budgetDeniedUnitIdOccurrences"":0,""budgetDeniedDebugCalls"":0,""maxRollingCommandCalls"":210,""maxPendingUnitIds"":0,""maxForwardedChunkSize"":14,""counters"":{""gameplayNonorderCalls"":196,""productionBatches"":176,""proposedCalls"":1442,""proposedUnitIds"":4438,""forwardedOrderCalls"":1436,""forwardedUnitIds"":4432,""sameUnitConflicts"":0,""duplicateSuppressions"":6,""invalidUnitIds"":0,""invalidTargets"":0,""invalidTiles"":0,""supersededPending"":0,""expiredPending"":0,""revokedPending"":0,""deferredUnitIds"":0,""pendingUnitIds"":0,""debugProposals"":247,""debugCoalesced"":0,""debugForwarded"":247,""debugDropped"":0},""telemetrySha256"":""8e52177972548801300c5abfb4ff63ade5dff8864248899cb4173d993cb9749d""}"
"191","disabled","24000","{""sha256"":""0e69415992679bad10da046692dbf9817b08a4526f56458b3b70bcbfcf36f293"",""bySideAndMethod"":{""baseline.orderUnits"":321,""baseline.pauseProduction"":8,""baseline.placeBuilding"":13,""baseline.queueForProduction"":68,""baseline.resumeProduction"":7,""baseline.setUnitDebugText"":199,""baseline.toggleRepairWrench"":32,""baseline.unqueueFromProduction"":12,""candidate.orderUnits"":1397,""candidate.pauseProduction"":15,""candidate.placeBuilding"":12,""candidate.queueForProduction"":144,""candidate.resumeProduction"":14,""candidate.setUnitDebugText"":201,""candidate.unqueueFromProduction"":9}}",""
"191","separated_lanes_v2","24000","{""sha256"":""7d06a94633a01a057ffe4dc6eb093a95eceb9b15869cc99c56bcf268f8fd24b7"",""bySideAndMethod"":{""baseline.orderUnits"":348,""baseline.pauseProduction"":8,""baseline.placeBuilding"":16,""baseline.queueForProduction"":64,""baseline.resumeProduction"":8,""baseline.sellObject"":1,""baseline.setUnitDebugText"":223,""baseline.toggleRepairWrench"":16,""baseline.unqueueFromProduction"":10,""candidate.orderUnits"":1081,""candidate.pauseProduction"":24,""candidate.placeBuilding"":15,""candidate.queueForProduction"":144,""candidate.resumeProduction"":23,""candidate.setUnitDebugText"":296,""candidate.toggleRepairWrench"":1,""candidate.unqueueFromProduction"":12}}","{""kind"":""unified-intent-d1-telemetry-v1"",""complete"":true,""updates"":24000,""budgetMode"":""separated_lanes_v2"",""commandCeiling"":115,""commandCeilingEnforced"":true,""rollingUpdates"":900,""referenceCommandCeiling"":115,""referenceExceededUpdates"":0,""budgetDenialUpdates"":52,""budgetDeniedUnitIdOccurrences"":144,""budgetDeniedDebugCalls"":6,""maxRollingCommandCalls"":115,""maxPendingUnitIds"":9,""maxForwardedChunkSize"":15,""counters"":{""gameplayNonorderCalls"":219,""productionBatches"":189,""proposedCalls"":1088,""proposedUnitIds"":3075,""forwardedOrderCalls"":1081,""forwardedUnitIds"":3068,""sameUnitConflicts"":1,""duplicateSuppressions"":6,""invalidUnitIds"":0,""invalidTargets"":0,""invalidTiles"":0,""supersededPending"":1,""expiredPending"":0,""revokedPending"":0,""deferredUnitIds"":144,""pendingUnitIds"":144,""debugProposals"":302,""debugCoalesced"":0,""debugForwarded"":296,""debugDropped"":6},""telemetrySha256"":""6639a2043ede2ad49cca7ef2342cd3611130032a2e840af20856cdbb82ab3278""}"
"191","separated_lanes_unbounded_d1","24000","{""sha256"":""ae7cbfd6018affef4c770fca1e8b528526bc8f361a4105d26a38e047ef42b1da"",""bySideAndMethod"":{""baseline.orderUnits"":321,""baseline.pauseProduction"":8,""baseline.placeBuilding"":13,""baseline.queueForProduction"":68,""baseline.resumeProduction"":7,""baseline.setUnitDebugText"":199,""baseline.toggleRepairWrench"":32,""baseline.unqueueFromProduction"":12,""candidate.orderUnits"":1391,""candidate.pauseProduction"":15,""candidate.placeBuilding"":12,""candidate.queueForProduction"":144,""candidate.resumeProduction"":14,""candidate.setUnitDebugText"":201,""candidate.unqueueFromProduction"":9}}","{""kind"":""unified-intent-d1-telemetry-v1"",""complete"":true,""updates"":24000,""budgetMode"":""separated_lanes_unbounded_d1"",""commandCeiling"":null,""commandCeilingEnforced"":false,""rollingUpdates"":900,""referenceCommandCeiling"":115,""referenceExceededUpdates"":1920,""budgetDenialUpdates"":0,""budgetDeniedUnitIdOccurrences"":0,""budgetDeniedDebugCalls"":0,""maxRollingCommandCalls"":146,""maxPendingUnitIds"":0,""maxForwardedChunkSize"":12,""counters"":{""gameplayNonorderCalls"":194,""productionBatches"":175,""proposedCalls"":1397,""proposedUnitIds"":3263,""forwardedOrderCalls"":1391,""forwardedUnitIds"":3257,""sameUnitConflicts"":0,""duplicateSuppressions"":6,""invalidUnitIds"":0,""invalidTargets"":0,""invalidTiles"":0,""supersededPending"":0,""expiredPending"":0,""revokedPending"":0,""deferredUnitIds"":0,""pendingUnitIds"":0,""debugProposals"":201,""debugCoalesced"":0,""debugForwarded"":201,""debugDropped"":0},""telemetrySha256"":""5b3590df21117e770b63156d9700cfeec646ab94c19ae79121a9e05c4c147057""}"
"192","disabled","21106","{""sha256"":""f5ccaba845a488fff27a1f1aa4af0c2dadc718d8a09228be59d463489a838dcb"",""bySideAndMethod"":{""baseline.activateSuperWeapon"":4,""baseline.orderUnits"":1077,""baseline.pauseProduction"":12,""baseline.placeBuilding"":14,""baseline.queueForProduction"":55,""baseline.resumeProduction"":12,""baseline.setUnitDebugText"":223,""baseline.toggleRepairWrench"":5,""baseline.unqueueFromProduction"":7,""candidate.orderUnits"":444,""candidate.pauseProduction"":16,""candidate.placeBuilding"":7,""candidate.queueForProduction"":76,""candidate.resumeProduction"":14,""candidate.setUnitDebugText"":191,""candidate.toggleRepairWrench"":12,""candidate.unqueueFromProduction"":39}}",""
"192","separated_lanes_v2","19952","{""sha256"":""239c7f5c56ea90e0719a2d405621ccbd72ec2e3a1eb11d223f955b28b6b0bac7"",""bySideAndMethod"":{""baseline.activateSuperWeapon"":4,""baseline.orderUnits"":1244,""baseline.pauseProduction"":9,""baseline.placeBuilding"":14,""baseline.queueForProduction"":50,""baseline.resumeProduction"":9,""baseline.setUnitDebugText"":199,""baseline.toggleRepairWrench"":6,""baseline.unqueueFromProduction"":8,""candidate.orderUnits"":410,""candidate.pauseProduction"":8,""candidate.placeBuilding"":8,""candidate.queueForProduction"":59,""candidate.resumeProduction"":7,""candidate.setUnitDebugText"":68,""candidate.toggleRepairWrench"":10,""candidate.unqueueFromProduction"":25}}","{""kind"":""unified-intent-d1-telemetry-v1"",""complete"":true,""updates"":19952,""budgetMode"":""separated_lanes_v2"",""commandCeiling"":115,""commandCeilingEnforced"":true,""rollingUpdates"":900,""referenceCommandCeiling"":115,""referenceExceededUpdates"":0,""budgetDenialUpdates"":355,""budgetDeniedUnitIdOccurrences"":1491,""budgetDeniedDebugCalls"":28,""maxRollingCommandCalls"":115,""maxPendingUnitIds"":8,""maxForwardedChunkSize"":7,""counters"":{""gameplayNonorderCalls"":117,""productionBatches"":91,""proposedCalls"":445,""proposedUnitIds"":899,""forwardedOrderCalls"":410,""forwardedUnitIds"":794,""sameUnitConflicts"":96,""duplicateSuppressions"":8,""invalidUnitIds"":1,""invalidTargets"":0,""invalidTiles"":0,""supersededPending"":96,""expiredPending"":0,""revokedPending"":0,""deferredUnitIds"":1491,""pendingUnitIds"":1491,""debugProposals"":96,""debugCoalesced"":0,""debugForwarded"":68,""debugDropped"":28},""telemetrySha256"":""e7659bf5e7c5c9fb452282e6415060bee7a84634765822e6fdb892a031f7c71e""}"
"192","separated_lanes_unbounded_d1","6527","{""sha256"":""3ce879e87bdaf397b828815e8ba3f10c8449f36bccc09ca24bf67867affd2900"",""bySideAndMethod"":{""baseline.orderUnits"":50,""baseline.pauseProduction"":1,""baseline.placeBuilding"":6,""baseline.queueForProduction"":37,""baseline.resumeProduction"":1,""baseline.setUnitDebugText"":93,""baseline.toggleRepairWrench"":8,""baseline.unqueueFromProduction"":3,""candidate.orderUnits"":412,""candidate.pauseProduction"":4,""candidate.placeBuilding"":6,""candidate.queueForProduction"":31,""candidate.resumeProduction"":3,""candidate.setUnitDebugText"":140,""candidate.unqueueFromProduction"":3}}","{""kind"":""unified-intent-d1-telemetry-v1"",""complete"":true,""updates"":6527,""budgetMode"":""separated_lanes_unbounded_d1"",""commandCeiling"":null,""commandCeilingEnforced"":false,""rollingUpdates"":900,""referenceCommandCeiling"":115,""referenceExceededUpdates"":1572,""budgetDenialUpdates"":0,""budgetDeniedUnitIdOccurrences"":0,""budgetDeniedDebugCalls"":0,""maxRollingCommandCalls"":192,""maxPendingUnitIds"":0,""maxForwardedChunkSize"":10,""counters"":{""gameplayNonorderCalls"":47,""productionBatches"":38,""proposedCalls"":419,""proposedUnitIds"":1060,""forwardedOrderCalls"":412,""forwardedUnitIds"":1050,""sameUnitConflicts"":0,""duplicateSuppressions"":10,""invalidUnitIds"":0,""invalidTargets"":0,""invalidTiles"":0,""supersededPending"":0,""expiredPending"":0,""revokedPending"":0,""deferredUnitIds"":0,""pendingUnitIds"":0,""debugProposals"":140,""debugCoalesced"":0,""debugForwarded"":140,""debugDropped"":0},""telemetrySha256"":""d39bd7b820830f83a0ccf31446e1e17ee5aaf52296f907cf81220d4100bc79e5""}"
"193","disabled","19961","{""sha256"":""9d32707daaca8b5fd177246b78c02dc0a2ff9500f7ae6572d40b2e92059168a5"",""bySideAndMethod"":{""baseline.activateSuperWeapon"":1,""baseline.orderUnits"":124,""baseline.pauseProduction"":10,""baseline.placeBuilding"":10,""baseline.queueForProduction"":43,""baseline.quitGame"":792,""baseline.resumeProduction"":7,""baseline.sayAll"":1,""baseline.setUnitDebugText"":123,""baseline.toggleRepairWrench"":16,""baseline.unqueueFromProduction"":2,""candidate.activateSuperWeapon"":2,""candidate.orderUnits"":1037,""candidate.pauseProduction"":20,""candidate.placeBuilding"":9,""candidate.queueForProduction"":82,""candidate.resumeProduction"":18,""candidate.setUnitDebugText"":278,""candidate.toggleRepairWrench"":13,""candidate.unqueueFromProduction"":41}}",""
"193","separated_lanes_v2","18003","{""sha256"":""90294b55c87078298d83d39754f24dcfd76d037d4d96351f2ec02263213cf237"",""bySideAndMethod"":{""baseline.activateSuperWeapon"":3,""baseline.orderUnits"":419,""baseline.pauseProduction"":8,""baseline.placeBuilding"":14,""baseline.queueForProduction"":46,""baseline.resumeProduction"":8,""baseline.setUnitDebugText"":190,""baseline.toggleRepairWrench"":4,""baseline.unqueueFromProduction"":5,""candidate.orderUnits"":411,""candidate.pauseProduction"":10,""candidate.placeBuilding"":8,""candidate.queueForProduction"":59,""candidate.resumeProduction"":8,""candidate.setUnitDebugText"":65,""candidate.toggleRepairWrench"":11,""candidate.unqueueFromProduction"":25}}","{""kind"":""unified-intent-d1-telemetry-v1"",""complete"":true,""updates"":18003,""budgetMode"":""separated_lanes_v2"",""commandCeiling"":115,""commandCeilingEnforced"":true,""rollingUpdates"":900,""referenceCommandCeiling"":115,""referenceExceededUpdates"":0,""budgetDenialUpdates"":355,""budgetDeniedUnitIdOccurrences"":1491,""budgetDeniedDebugCalls"":28,""maxRollingCommandCalls"":115,""maxPendingUnitIds"":8,""maxForwardedChunkSize"":7,""counters"":{""gameplayNonorderCalls"":121,""productionBatches"":93,""proposedCalls"":446,""proposedUnitIds"":904,""forwardedOrderCalls"":411,""forwardedUnitIds"":799,""sameUnitConflicts"":96,""duplicateSuppressions"":8,""invalidUnitIds"":1,""invalidTargets"":0,""invalidTiles"":0,""supersededPending"":96,""expiredPending"":0,""revokedPending"":0,""deferredUnitIds"":1491,""pendingUnitIds"":1491,""debugProposals"":93,""debugCoalesced"":0,""debugForwarded"":65,""debugDropped"":28},""telemetrySha256"":""c71c63c38df42724b058fb65ff82f2175fde9ee176c20a77d98fecf5a5b4f970""}"
"193","separated_lanes_unbounded_d1","7974","{""sha256"":""73bf80dc949a37b194f3973589fd045e852a5bae9fbf44a122b5db7c3abe6c62"",""bySideAndMethod"":{""baseline.orderUnits"":62,""baseline.pauseProduction"":2,""baseline.placeBuilding"":7,""baseline.queueForProduction"":39,""baseline.resumeProduction"":1,""baseline.setUnitDebugText"":107,""baseline.toggleRepairWrench"":14,""baseline.unqueueFromProduction"":2,""candidate.orderUnits"":480,""candidate.pauseProduction"":5,""candidate.placeBuilding"":6,""candidate.queueForProduction"":40,""candidate.resumeProduction"":4,""candidate.setUnitDebugText"":140,""candidate.unqueueFromProduction"":12}}","{""kind"":""unified-intent-d1-telemetry-v1"",""complete"":true,""updates"":7974,""budgetMode"":""separated_lanes_unbounded_d1"",""commandCeiling"":null,""commandCeilingEnforced"":false,""rollingUpdates"":900,""referenceCommandCeiling"":115,""referenceExceededUpdates"":1632,""budgetDenialUpdates"":0,""budgetDeniedUnitIdOccurrences"":0,""budgetDeniedDebugCalls"":0,""maxRollingCommandCalls"":192,""maxPendingUnitIds"":0,""maxForwardedChunkSize"":10,""counters"":{""gameplayNonorderCalls"":67,""productionBatches"":57,""proposedCalls"":487,""proposedUnitIds"":1193,""forwardedOrderCalls"":480,""forwardedUnitIds"":1182,""sameUnitConflicts"":0,""duplicateSuppressions"":11,""invalidUnitIds"":0,""invalidTargets"":0,""invalidTiles"":0,""supersededPending"":0,""expiredPending"":0,""revokedPending"":0,""deferredUnitIds"":0,""pendingUnitIds"":0,""debugProposals"":140,""debugCoalesced"":0,""debugForwarded"":140,""debugDropped"":0},""telemetrySha256"":""b3582e325f58d9f3da3b5afe94bb68c38970fca5867182c449911caf0a5ab9e4""}"
"194","disabled","7110","{""sha256"":""d617ff1bde5a07f7f3e3a85357427a07d150261c8118e80b749bfe95df37b9c9"",""bySideAndMethod"":{""baseline.orderUnits"":50,""baseline.pauseProduction"":4,""baseline.placeBuilding"":7,""baseline.queueForProduction"":34,""baseline.resumeProduction"":2,""baseline.setUnitDebugText"":93,""baseline.toggleRepairWrench"":8,""baseline.unqueueFromProduction"":2,""candidate.orderUnits"":437,""candidate.pauseProduction"":4,""candidate.placeBuilding"":6,""candidate.queueForProduction"":51,""candidate.resumeProduction"":3,""candidate.setUnitDebugText"":191,""candidate.unqueueFromProduction"":4}}",""
"194","separated_lanes_v2","24000","{""sha256"":""8154381108b1b99e805ead0d68633caa90e0dd6051cdd886d1fdf82f9afeb041"",""bySideAndMethod"":{""baseline.orderUnits"":521,""baseline.pauseProduction"":5,""baseline.placeBuilding"":19,""baseline.queueForProduction"":77,""baseline.resumeProduction"":5,""baseline.sellObject"":5,""baseline.setUnitDebugText"":480,""baseline.unqueueFromProduction"":13,""candidate.orderUnits"":409,""candidate.pauseProduction"":21,""candidate.placeBuilding"":9,""candidate.queueForProduction"":76,""candidate.resumeProduction"":21,""candidate.setUnitDebugText"":169,""candidate.toggleRepairWrench"":14,""candidate.unqueueFromProduction"":24}}","{""kind"":""unified-intent-d1-telemetry-v1"",""complete"":true,""updates"":24000,""budgetMode"":""separated_lanes_v2"",""commandCeiling"":115,""commandCeilingEnforced"":true,""rollingUpdates"":900,""referenceCommandCeiling"":115,""referenceExceededUpdates"":0,""budgetDenialUpdates"":193,""budgetDeniedUnitIdOccurrences"":1363,""budgetDeniedDebugCalls"":75,""maxRollingCommandCalls"":115,""maxPendingUnitIds"":13,""maxForwardedChunkSize"":15,""counters"":{""gameplayNonorderCalls"":165,""productionBatches"":130,""proposedCalls"":422,""proposedUnitIds"":1415,""forwardedOrderCalls"":409,""forwardedUnitIds"":1364,""sameUnitConflicts"":47,""duplicateSuppressions"":3,""invalidUnitIds"":1,""invalidTargets"":0,""invalidTiles"":0,""supersededPending"":47,""expiredPending"":0,""revokedPending"":0,""deferredUnitIds"":1363,""pendingUnitIds"":1363,""debugProposals"":244,""debugCoalesced"":0,""debugForwarded"":169,""debugDropped"":75},""telemetrySha256"":""dc2d1bcec76b0aa9c6626717c021098a64edcec43bb99e86a0b8fa8bd4db1222""}"
"194","separated_lanes_unbounded_d1","7110","{""sha256"":""5ef2fba5dae82477d1d1b60d4b6076b231fa8d5f93c9dc409735173f6b50adac"",""bySideAndMethod"":{""baseline.orderUnits"":50,""baseline.pauseProduction"":4,""baseline.placeBuilding"":7,""baseline.queueForProduction"":34,""baseline.resumeProduction"":2,""baseline.setUnitDebugText"":93,""baseline.toggleRepairWrench"":8,""baseline.unqueueFromProduction"":2,""candidate.orderUnits"":426,""candidate.pauseProduction"":4,""candidate.placeBuilding"":6,""candidate.queueForProduction"":51,""candidate.resumeProduction"":3,""candidate.setUnitDebugText"":191,""candidate.unqueueFromProduction"":4}}","{""kind"":""unified-intent-d1-telemetry-v1"",""complete"":true,""updates"":7110,""budgetMode"":""separated_lanes_unbounded_d1"",""commandCeiling"":null,""commandCeilingEnforced"":false,""rollingUpdates"":900,""referenceCommandCeiling"":115,""referenceExceededUpdates"":1788,""budgetDenialUpdates"":0,""budgetDeniedUnitIdOccurrences"":0,""budgetDeniedDebugCalls"":0,""maxRollingCommandCalls"":222,""maxPendingUnitIds"":0,""maxForwardedChunkSize"":20,""counters"":{""gameplayNonorderCalls"":68,""productionBatches"":58,""proposedCalls"":437,""proposedUnitIds"":1828,""forwardedOrderCalls"":426,""forwardedUnitIds"":1825,""sameUnitConflicts"":0,""duplicateSuppressions"":3,""invalidUnitIds"":0,""invalidTargets"":0,""invalidTiles"":0,""supersededPending"":0,""expiredPending"":0,""revokedPending"":0,""deferredUnitIds"":0,""pendingUnitIds"":0,""debugProposals"":191,""debugCoalesced"":0,""debugForwarded"":191,""debugDropped"":0},""telemetrySha256"":""c0ea74b8e6f628a66682a8d4f623a9aeae73a68d257231c6fa567bb6bf3e89f7""}"
"195","disabled","7176","{""sha256"":""22abdca0ac2154e322a7bbffdad01f5a9aba0963ffcdf9dfa6fdd188f49cf45c"",""bySideAndMethod"":{""baseline.orderUnits"":52,""baseline.pauseProduction"":6,""baseline.placeBuilding"":7,""baseline.queueForProduction"":34,""baseline.resumeProduction"":4,""baseline.setUnitDebugText"":101,""baseline.toggleRepairWrench"":8,""baseline.unqueueFromProduction"":2,""candidate.orderUnits"":441,""candidate.pauseProduction"":4,""candidate.placeBuilding"":6,""candidate.queueForProduction"":51,""candidate.resumeProduction"":3,""candidate.setUnitDebugText"":192,""candidate.unqueueFromProduction"":4}}",""
"195","separated_lanes_v2","24000","{""sha256"":""6db86b147815a3460f1104d0945e617757aa7221ae70f60f56e104f2292e36f1"",""bySideAndMethod"":{""baseline.orderUnits"":257,""baseline.pauseProduction"":3,""baseline.placeBuilding"":15,""baseline.queueForProduction"":57,""baseline.resumeProduction"":3,""baseline.sayAll"":1,""baseline.sellObject"":3,""baseline.setUnitDebugText"":529,""baseline.unqueueFromProduction"":8,""candidate.orderUnits"":459,""candidate.pauseProduction"":22,""candidate.placeBuilding"":10,""candidate.queueForProduction"":82,""candidate.resumeProduction"":18,""candidate.setUnitDebugText"":200,""candidate.toggleRepairWrench"":11,""candidate.unqueueFromProduction"":16}}","{""kind"":""unified-intent-d1-telemetry-v1"",""complete"":true,""updates"":24000,""budgetMode"":""separated_lanes_v2"",""commandCeiling"":115,""commandCeilingEnforced"":true,""rollingUpdates"":900,""referenceCommandCeiling"":115,""referenceExceededUpdates"":0,""budgetDenialUpdates"":255,""budgetDeniedUnitIdOccurrences"":1903,""budgetDeniedDebugCalls"":98,""maxRollingCommandCalls"":115,""maxPendingUnitIds"":14,""maxForwardedChunkSize"":15,""counters"":{""gameplayNonorderCalls"":159,""productionBatches"":131,""proposedCalls"":478,""proposedUnitIds"":1592,""forwardedOrderCalls"":459,""forwardedUnitIds"":1522,""sameUnitConflicts"":63,""duplicateSuppressions"":6,""invalidUnitIds"":1,""invalidTargets"":0,""invalidTiles"":0,""supersededPending"":63,""expiredPending"":0,""revokedPending"":0,""deferredUnitIds"":1903,""pendingUnitIds"":1903,""debugProposals"":298,""debugCoalesced"":0,""debugForwarded"":200,""debugDropped"":98},""telemetrySha256"":""cf9684f0bae8b1c752ec9b978af8ffcc7c4c51343fdd9b6c82b0711fd63fb2f6""}"
"195","separated_lanes_unbounded_d1","7176","{""sha256"":""e8e072930735e8c3ef6203c74476a2ea08faea2557737bcb26bf8c6e6532d707"",""bySideAndMethod"":{""baseline.orderUnits"":52,""baseline.pauseProduction"":6,""baseline.placeBuilding"":7,""baseline.queueForProduction"":34,""baseline.resumeProduction"":4,""baseline.setUnitDebugText"":101,""baseline.toggleRepairWrench"":8,""baseline.unqueueFromProduction"":2,""candidate.orderUnits"":430,""candidate.pauseProduction"":4,""candidate.placeBuilding"":6,""candidate.queueForProduction"":51,""candidate.resumeProduction"":3,""candidate.setUnitDebugText"":192,""candidate.unqueueFromProduction"":4}}","{""kind"":""unified-intent-d1-telemetry-v1"",""complete"":true,""updates"":7176,""budgetMode"":""separated_lanes_unbounded_d1"",""commandCeiling"":null,""commandCeilingEnforced"":false,""rollingUpdates"":900,""referenceCommandCeiling"":115,""referenceExceededUpdates"":1668,""budgetDenialUpdates"":0,""budgetDeniedUnitIdOccurrences"":0,""budgetDeniedDebugCalls"":0,""maxRollingCommandCalls"":222,""maxPendingUnitIds"":0,""maxForwardedChunkSize"":21,""counters"":{""gameplayNonorderCalls"":68,""productionBatches"":58,""proposedCalls"":441,""proposedUnitIds"":1834,""forwardedOrderCalls"":430,""forwardedUnitIds"":1831,""sameUnitConflicts"":0,""duplicateSuppressions"":3,""invalidUnitIds"":0,""invalidTargets"":0,""invalidTiles"":0,""supersededPending"":0,""expiredPending"":0,""revokedPending"":0,""deferredUnitIds"":0,""pendingUnitIds"":0,""debugProposals"":192,""debugCoalesced"":0,""debugForwarded"":192,""debugDropped"":0},""telemetrySha256"":""d007a7ef6e340d22d78ad25e02a85a7abbb5156ef6ed8596a35914f723e8645d""}"
"196","disabled","11836","{""sha256"":""362a3983f87e61b122c9b4b142e5f5251098272a6b26a612b94e8784a5796da1"",""bySideAndMethod"":{""baseline.activateSuperWeapon"":1,""baseline.orderUnits"":128,""baseline.pauseProduction"":7,""baseline.placeBuilding"":11,""baseline.queueForProduction"":38,""baseline.resumeProduction"":5,""baseline.sayAll"":1,""baseline.sellObject"":1,""baseline.setUnitDebugText"":113,""baseline.toggleRepairWrench"":6,""baseline.unqueueFromProduction"":5,""candidate.orderUnits"":800,""candidate.pauseProduction"":9,""candidate.placeBuilding"":8,""candidate.queueForProduction"":64,""candidate.resumeProduction"":8,""candidate.setUnitDebugText"":138,""candidate.toggleRepairWrench"":16,""candidate.unqueueFromProduction"":14}}",""
"196","separated_lanes_v2","11440","{""sha256"":""d7f1a0c5ac417109a37e40d7f12b0a2cc2b404b36df375968ab9f0c6f9343293"",""bySideAndMethod"":{""baseline.activateSuperWeapon"":1,""baseline.orderUnits"":107,""baseline.pauseProduction"":6,""baseline.placeBuilding"":9,""baseline.queueForProduction"":35,""baseline.resumeProduction"":4,""baseline.sayAll"":1,""baseline.setUnitDebugText"":107,""baseline.toggleRepairWrench"":8,""baseline.unqueueFromProduction"":3,""candidate.orderUnits"":666,""candidate.pauseProduction"":9,""candidate.placeBuilding"":8,""candidate.queueForProduction"":61,""candidate.resumeProduction"":7,""candidate.setUnitDebugText"":141,""candidate.toggleRepairWrench"":12,""candidate.unqueueFromProduction"":11}}","{""kind"":""unified-intent-d1-telemetry-v1"",""complete"":true,""updates"":11440,""budgetMode"":""separated_lanes_v2"",""commandCeiling"":115,""commandCeilingEnforced"":true,""rollingUpdates"":900,""referenceCommandCeiling"":115,""referenceExceededUpdates"":0,""budgetDenialUpdates"":331,""budgetDeniedUnitIdOccurrences"":1548,""budgetDeniedDebugCalls"":58,""maxRollingCommandCalls"":115,""maxPendingUnitIds"":15,""maxForwardedChunkSize"":13,""counters"":{""gameplayNonorderCalls"":108,""productionBatches"":81,""proposedCalls"":688,""proposedUnitIds"":1885,""forwardedOrderCalls"":666,""forwardedUnitIds"":1827,""sameUnitConflicts"":37,""duplicateSuppressions"":21,""invalidUnitIds"":0,""invalidTargets"":0,""invalidTiles"":0,""supersededPending"":37,""expiredPending"":0,""revokedPending"":0,""deferredUnitIds"":1548,""pendingUnitIds"":1548,""debugProposals"":199,""debugCoalesced"":0,""debugForwarded"":141,""debugDropped"":58},""telemetrySha256"":""3fbaaccac0e65398eeda86915ce9e9a1a44fe04e737a5cc0d174a6f7f366ed7b""}"
"196","separated_lanes_unbounded_d1","11938","{""sha256"":""7be243ad128af2e25a20cf99bfa05dbbc91dcbee59217e2ca1330e7e540b29d9"",""bySideAndMethod"":{""baseline.activateSuperWeapon"":1,""baseline.orderUnits"":123,""baseline.pauseProduction"":6,""baseline.placeBuilding"":10,""baseline.queueForProduction"":37,""baseline.resumeProduction"":4,""baseline.sayAll"":1,""baseline.sellObject"":1,""baseline.setUnitDebugText"":112,""baseline.toggleRepairWrench"":7,""baseline.unqueueFromProduction"":3,""candidate.orderUnits"":723,""candidate.pauseProduction"":9,""candidate.placeBuilding"":8,""candidate.queueForProduction"":65,""candidate.resumeProduction"":7,""candidate.setUnitDebugText"":188,""candidate.toggleRepairWrench"":12,""candidate.unqueueFromProduction"":16}}","{""kind"":""unified-intent-d1-telemetry-v1"",""complete"":true,""updates"":11938,""budgetMode"":""separated_lanes_unbounded_d1"",""commandCeiling"":null,""commandCeilingEnforced"":false,""rollingUpdates"":900,""referenceCommandCeiling"":115,""referenceExceededUpdates"":2388,""budgetDenialUpdates"":0,""budgetDeniedUnitIdOccurrences"":0,""budgetDeniedDebugCalls"":0,""maxRollingCommandCalls"":181,""maxPendingUnitIds"":0,""maxForwardedChunkSize"":13,""counters"":{""gameplayNonorderCalls"":117,""productionBatches"":92,""proposedCalls"":732,""proposedUnitIds"":2032,""forwardedOrderCalls"":723,""forwardedUnitIds"":2010,""sameUnitConflicts"":0,""duplicateSuppressions"":22,""invalidUnitIds"":0,""invalidTargets"":0,""invalidTiles"":0,""supersededPending"":0,""expiredPending"":0,""revokedPending"":0,""deferredUnitIds"":0,""pendingUnitIds"":0,""debugProposals"":188,""debugCoalesced"":0,""debugForwarded"":188,""debugDropped"":0},""telemetrySha256"":""09c71e0a746c8c6e8095bd3f6b3976846cd739cdb3005b18e9145e3546ccccbb""}"
"197","disabled","11296","{""sha256"":""fce9802e929bb8123d8dfc76fb351682889625e3deccf510d41b92dac6167e52"",""bySideAndMethod"":{""baseline.activateSuperWeapon"":1,""baseline.orderUnits"":108,""baseline.pauseProduction"":6,""baseline.placeBuilding"":11,""baseline.queueForProduction"":36,""baseline.resumeProduction"":4,""baseline.sayAll"":1,""baseline.setUnitDebugText"":104,""baseline.toggleRepairWrench"":10,""baseline.unqueueFromProduction"":4,""candidate.orderUnits"":836,""candidate.pauseProduction"":10,""candidate.placeBuilding"":8,""candidate.queueForProduction"":65,""candidate.resumeProduction"":8,""candidate.setUnitDebugText"":137,""candidate.toggleRepairWrench"":11,""candidate.unqueueFromProduction"":15}}",""
"197","separated_lanes_v2","24000","{""sha256"":""86f3390b9a368da58d0d8ce8a7e70b6c86090cd88456d53f1ddd8b84e96df93f"",""bySideAndMethod"":{""baseline.activateSuperWeapon"":5,""baseline.orderUnits"":1800,""baseline.pauseProduction"":6,""baseline.placeBuilding"":16,""baseline.queueForProduction"":47,""baseline.resumeProduction"":6,""baseline.setUnitDebugText"":213,""baseline.toggleRepairWrench"":5,""baseline.unqueueFromProduction"":5,""candidate.orderUnits"":624,""candidate.pauseProduction"":11,""candidate.placeBuilding"":8,""candidate.queueForProduction"":62,""candidate.resumeProduction"":8,""candidate.setUnitDebugText"":130,""candidate.toggleRepairWrench"":15,""candidate.unqueueFromProduction"":10}}","{""kind"":""unified-intent-d1-telemetry-v1"",""complete"":true,""updates"":24000,""budgetMode"":""separated_lanes_v2"",""commandCeiling"":115,""commandCeilingEnforced"":true,""rollingUpdates"":900,""referenceCommandCeiling"":115,""referenceExceededUpdates"":0,""budgetDenialUpdates"":498,""budgetDeniedUnitIdOccurrences"":2892,""budgetDeniedDebugCalls"":67,""maxRollingCommandCalls"":115,""maxPendingUnitIds"":15,""maxForwardedChunkSize"":15,""counters"":{""gameplayNonorderCalls"":114,""productionBatches"":84,""proposedCalls"":651,""proposedUnitIds"":1816,""forwardedOrderCalls"":624,""forwardedUnitIds"":1754,""sameUnitConflicts"":42,""duplicateSuppressions"":20,""invalidUnitIds"":0,""invalidTargets"":0,""invalidTiles"":0,""supersededPending"":42,""expiredPending"":0,""revokedPending"":0,""deferredUnitIds"":2892,""pendingUnitIds"":2892,""debugProposals"":197,""debugCoalesced"":0,""debugForwarded"":130,""debugDropped"":67},""telemetrySha256"":""a60cd362e4add25418d9c4915de9c2079a1fdbd83c5be00b729b5a68bd3ba7f5""}"
"197","separated_lanes_unbounded_d1","12598","{""sha256"":""69e9d21ab5ab1b052e82914d1ff7c2cf1efea8124253c31cc6ee2a467f6ed4e8"",""bySideAndMethod"":{""baseline.activateSuperWeapon"":1,""baseline.orderUnits"":161,""baseline.pauseProduction"":6,""baseline.placeBuilding"":10,""baseline.queueForProduction"":37,""baseline.resumeProduction"":4,""baseline.sayAll"":1,""baseline.sellObject"":1,""baseline.setUnitDebugText"":118,""baseline.toggleRepairWrench"":8,""baseline.unqueueFromProduction"":4,""candidate.orderUnits"":683,""candidate.pauseProduction"":9,""candidate.placeBuilding"":8,""candidate.queueForProduction"":65,""candidate.resumeProduction"":7,""candidate.setUnitDebugText"":187,""candidate.toggleRepairWrench"":13,""candidate.unqueueFromProduction"":16}}","{""kind"":""unified-intent-d1-telemetry-v1"",""complete"":true,""updates"":12598,""budgetMode"":""separated_lanes_unbounded_d1"",""commandCeiling"":null,""commandCeilingEnforced"":false,""rollingUpdates"":900,""referenceCommandCeiling"":115,""referenceExceededUpdates"":1896,""budgetDenialUpdates"":0,""budgetDeniedUnitIdOccurrences"":0,""budgetDeniedDebugCalls"":0,""maxRollingCommandCalls"":178,""maxPendingUnitIds"":0,""maxForwardedChunkSize"":13,""counters"":{""gameplayNonorderCalls"":118,""productionBatches"":92,""proposedCalls"":693,""proposedUnitIds"":1947,""forwardedOrderCalls"":683,""forwardedUnitIds"":1925,""sameUnitConflicts"":0,""duplicateSuppressions"":22,""invalidUnitIds"":0,""invalidTargets"":0,""invalidTiles"":0,""supersededPending"":0,""expiredPending"":0,""revokedPending"":0,""deferredUnitIds"":0,""pendingUnitIds"":0,""debugProposals"":187,""debugCoalesced"":0,""debugForwarded"":187,""debugDropped"":0},""telemetrySha256"":""101219934ddfdb2aa1e4d5ebe7773ce6bdfc04499baf61cf8674848a9556af4e""}"
"198","disabled","24000","{""sha256"":""ab2d3e21cc212bd624cd626db83d706da731cbe309be93e824f06a653e685711"",""bySideAndMethod"":{""baseline.orderUnits"":365,""baseline.pauseProduction"":12,""baseline.placeBuilding"":15,""baseline.queueForProduction"":63,""baseline.resumeProduction"":12,""baseline.sayAll"":1,""baseline.sellObject"":6,""baseline.setUnitDebugText"":444,""baseline.toggleRepairWrench"":22,""baseline.unqueueFromProduction"":9,""candidate.orderUnits"":851,""candidate.pauseProduction"":32,""candidate.placeBuilding"":13,""candidate.queueForProduction"":130,""candidate.resumeProduction"":30,""candidate.setUnitDebugText"":362,""candidate.toggleRepairWrench"":1,""candidate.unqueueFromProduction"":22}}",""
"198","separated_lanes_v2","24000","{""sha256"":""48b4cb938f17b7447a9fdfe0303931f6b8b87a8f110e0687ce2b0d63079fb52a"",""bySideAndMethod"":{""baseline.orderUnits"":337,""baseline.pauseProduction"":7,""baseline.placeBuilding"":14,""baseline.queueForProduction"":69,""baseline.resumeProduction"":7,""baseline.sellObject"":5,""baseline.setUnitDebugText"":419,""baseline.toggleRepairWrench"":28,""baseline.unqueueFromProduction"":10,""candidate.orderUnits"":1328,""candidate.pauseProduction"":44,""candidate.placeBuilding"":11,""candidate.queueForProduction"":146,""candidate.resumeProduction"":42,""candidate.setUnitDebugText"":424,""candidate.toggleRepairWrench"":35,""candidate.unqueueFromProduction"":21}}","{""kind"":""unified-intent-d1-telemetry-v1"",""complete"":true,""updates"":24000,""budgetMode"":""separated_lanes_v2"",""commandCeiling"":115,""commandCeilingEnforced"":true,""rollingUpdates"":900,""referenceCommandCeiling"":115,""referenceExceededUpdates"":0,""budgetDenialUpdates"":1543,""budgetDeniedUnitIdOccurrences"":15314,""budgetDeniedDebugCalls"":371,""maxRollingCommandCalls"":115,""maxPendingUnitIds"":32,""maxForwardedChunkSize"":27,""counters"":{""gameplayNonorderCalls"":299,""productionBatches"":227,""proposedCalls"":2374,""proposedUnitIds"":11782,""forwardedOrderCalls"":1328,""forwardedUnitIds"":5382,""sameUnitConflicts"":377,""duplicateSuppressions"":7,""invalidUnitIds"":8,""invalidTargets"":91,""invalidTiles"":0,""supersededPending"":327,""expiredPending"":0,""revokedPending"":5912,""deferredUnitIds"":15314,""pendingUnitIds"":15314,""debugProposals"":795,""debugCoalesced"":0,""debugForwarded"":424,""debugDropped"":371},""telemetrySha256"":""5b3a3892f736389024f11310b73569033138c2214a88b600873d7bb1c7c11598""}"
"198","separated_lanes_unbounded_d1","24000","{""sha256"":""cf505928f5604fb727aaa4fdc7ac62a02ddcb5ddc0cb5d58a68137cb46c05fb2"",""bySideAndMethod"":{""baseline.orderUnits"":365,""baseline.pauseProduction"":12,""baseline.placeBuilding"":15,""baseline.queueForProduction"":63,""baseline.resumeProduction"":12,""baseline.sayAll"":1,""baseline.sellObject"":6,""baseline.setUnitDebugText"":444,""baseline.toggleRepairWrench"":22,""baseline.unqueueFromProduction"":9,""candidate.orderUnits"":848,""candidate.pauseProduction"":32,""candidate.placeBuilding"":13,""candidate.queueForProduction"":130,""candidate.resumeProduction"":30,""candidate.setUnitDebugText"":362,""candidate.toggleRepairWrench"":1,""candidate.unqueueFromProduction"":22}}","{""kind"":""unified-intent-d1-telemetry-v1"",""complete"":true,""updates"":24000,""budgetMode"":""separated_lanes_unbounded_d1"",""commandCeiling"":null,""commandCeilingEnforced"":false,""rollingUpdates"":900,""referenceCommandCeiling"":115,""referenceExceededUpdates"":1968,""budgetDenialUpdates"":0,""budgetDeniedUnitIdOccurrences"":0,""budgetDeniedDebugCalls"":0,""maxRollingCommandCalls"":152,""maxPendingUnitIds"":0,""maxForwardedChunkSize"":28,""counters"":{""gameplayNonorderCalls"":228,""productionBatches"":193,""proposedCalls"":851,""proposedUnitIds"":2662,""forwardedOrderCalls"":848,""forwardedUnitIds"":2659,""sameUnitConflicts"":0,""duplicateSuppressions"":3,""invalidUnitIds"":0,""invalidTargets"":0,""invalidTiles"":0,""supersededPending"":0,""expiredPending"":0,""revokedPending"":0,""deferredUnitIds"":0,""pendingUnitIds"":0,""debugProposals"":362,""debugCoalesced"":0,""debugForwarded"":362,""debugDropped"":0},""telemetrySha256"":""d61d7077e3d55809af9ac7e1c65007ca051d6c71ef4ddfa5e18304bba38cd016""}"
"199","disabled","24000","{""sha256"":""d784e711f66f306446a1c5ee9374a1e61c5094575758889dc7d5cb7f1ad435d4"",""bySideAndMethod"":{""baseline.orderUnits"":141,""baseline.pauseProduction"":9,""baseline.placeBuilding"":10,""baseline.queueForProduction"":51,""baseline.resumeProduction"":7,""baseline.sayAll"":3,""baseline.sellObject"":3,""baseline.setUnitDebugText"":294,""baseline.toggleRepairWrench"":1,""baseline.unqueueFromProduction"":8,""candidate.orderUnits"":971,""candidate.pauseProduction"":28,""candidate.placeBuilding"":11,""candidate.queueForProduction"":138,""candidate.resumeProduction"":26,""candidate.setUnitDebugText"":465,""candidate.unqueueFromProduction"":13}}",""
"199","separated_lanes_v2","17944","{""sha256"":""de305cfebcc0bbbcefcde7312b338d682ae0984a4fc771c2e64583e582694d04"",""bySideAndMethod"":{""baseline.orderUnits"":216,""baseline.pauseProduction"":2,""baseline.placeBuilding"":5,""baseline.queueForProduction"":33,""baseline.quitGame"":10,""baseline.resumeProduction"":1,""baseline.sayAll"":4,""baseline.sellObject"":1,""baseline.setUnitDebugText"":363,""baseline.toggleRepairWrench"":4,""baseline.unqueueFromProduction"":4,""candidate.orderUnits"":613,""candidate.pauseProduction"":27,""candidate.placeBuilding"":11,""candidate.queueForProduction"":131,""candidate.resumeProduction"":27,""candidate.setUnitDebugText"":400,""candidate.toggleRepairWrench"":8,""candidate.unqueueFromProduction"":18}}","{""kind"":""unified-intent-d1-telemetry-v1"",""complete"":true,""updates"":17944,""budgetMode"":""separated_lanes_v2"",""commandCeiling"":115,""commandCeilingEnforced"":true,""rollingUpdates"":900,""referenceCommandCeiling"":115,""referenceExceededUpdates"":0,""budgetDenialUpdates"":875,""budgetDeniedUnitIdOccurrences"":11471,""budgetDeniedDebugCalls"":495,""maxRollingCommandCalls"":115,""maxPendingUnitIds"":33,""maxForwardedChunkSize"":49,""counters"":{""gameplayNonorderCalls"":222,""productionBatches"":182,""proposedCalls"":683,""proposedUnitIds"":3061,""forwardedOrderCalls"":613,""forwardedUnitIds"":2639,""sameUnitConflicts"":389,""duplicateSuppressions"":9,""invalidUnitIds"":5,""invalidTargets"":19,""invalidTiles"":0,""supersededPending"":389,""expiredPending"":0,""revokedPending"":0,""deferredUnitIds"":11471,""pendingUnitIds"":11471,""debugProposals"":895,""debugCoalesced"":0,""debugForwarded"":400,""debugDropped"":495},""telemetrySha256"":""f503c06246ac4547737493dd48facb27af8c0608b3a614735963704d41fc7031""}"
"199","separated_lanes_unbounded_d1","24000","{""sha256"":""cdbc9974e6e302ff6fec13edfc63aabe0bab7b68dd8e194fc961ea2237329b13"",""bySideAndMethod"":{""baseline.orderUnits"":141,""baseline.pauseProduction"":9,""baseline.placeBuilding"":10,""baseline.queueForProduction"":51,""baseline.resumeProduction"":7,""baseline.sayAll"":3,""baseline.sellObject"":3,""baseline.setUnitDebugText"":294,""baseline.toggleRepairWrench"":1,""baseline.unqueueFromProduction"":8,""candidate.orderUnits"":965,""candidate.pauseProduction"":28,""candidate.placeBuilding"":11,""candidate.queueForProduction"":138,""candidate.resumeProduction"":26,""candidate.setUnitDebugText"":465,""candidate.unqueueFromProduction"":13}}","{""kind"":""unified-intent-d1-telemetry-v1"",""complete"":true,""updates"":24000,""budgetMode"":""separated_lanes_unbounded_d1"",""commandCeiling"":null,""commandCeilingEnforced"":false,""rollingUpdates"":900,""referenceCommandCeiling"":115,""referenceExceededUpdates"":2894,""budgetDenialUpdates"":0,""budgetDeniedUnitIdOccurrences"":0,""budgetDeniedDebugCalls"":0,""maxRollingCommandCalls"":192,""maxPendingUnitIds"":0,""maxForwardedChunkSize"":27,""counters"":{""gameplayNonorderCalls"":216,""productionBatches"":189,""proposedCalls"":971,""proposedUnitIds"":3914,""forwardedOrderCalls"":965,""forwardedUnitIds"":3908,""sameUnitConflicts"":0,""duplicateSuppressions"":6,""invalidUnitIds"":0,""invalidTargets"":0,""invalidTiles"":0,""supersededPending"":0,""expiredPending"":0,""revokedPending"":0,""deferredUnitIds"":0,""pendingUnitIds"":0,""debugProposals"":465,""debugCoalesced"":0,""debugForwarded"":465,""debugDropped"":0},""telemetrySha256"":""3a420f17968408ac18a32a4e477f32e3684aa1636017d5b7197397c47486e2ba""}"
