"group","id","arm","episodes","observedUpdates","publicCalls","publicCallsPerObservedUpdate","budgetDiagnostics"
"overall","overall","disabled","200","3503065","{""baseline.activateSuperWeapon"":81,""baseline.orderUnits"":96513,""baseline.pauseProduction"":643,""baseline.placeBuilding"":1868,""baseline.queueForProduction"":12809,""baseline.quitGame"":6986,""baseline.resumeProduction"":584,""baseline.sayAll"":28,""baseline.sellObject"":166,""baseline.setUnitDebugText"":31767,""baseline.toggleRepairWrench"":1780,""baseline.unqueueFromProduction"":3283,""candidate.activateSuperWeapon"":68,""candidate.orderUnits"":313259,""candidate.pauseProduction"":3467,""candidate.placeBuilding"":1753,""candidate.queueForProduction"":15917,""candidate.quitGame"":541,""candidate.resumeProduction"":3154,""candidate.sellObject"":30,""candidate.setUnitDebugText"":46594,""candidate.toggleRepairWrench"":1337,""candidate.unqueueFromProduction"":3330}","{""baseline.activateSuperWeapon"":0.00002312260834440697,""baseline.orderUnits"":0.027551016038811726,""baseline.pauseProduction"":0.0001835535452525146,""baseline.placeBuilding"":0.0005332473134241015,""baseline.queueForProduction"":0.0036565122257223317,""baseline.quitGame"":0.0019942536036299642,""baseline.resumeProduction"":0.00016671115152016878,""baseline.sayAll"":0.000007993000415350557,""baseline.sellObject"":0.00004738707389100688,""baseline.setUnitDebugText"":0.009068344435515756,""baseline.toggleRepairWrench"":0.0005081264549758568,""baseline.unqueueFromProduction"":0.0009371792986998528,""candidate.activateSuperWeapon"":0.000019411572437279925,""candidate.orderUnits"":0.08942426132543929,""candidate.pauseProduction"":0.000989704730000728,""candidate.placeBuilding"":0.0005004189188610545,""candidate.queueForProduction"":0.004543735271826244,""candidate.quitGame"":0.00015443618659659469,""candidate.resumeProduction"":0.0009003544039291306,""candidate.sellObject"":0.000008563929016447026,""candidate.setUnitDebugText"":0.013300923619744423,""candidate.toggleRepairWrench"":0.00038166576983298913,""candidate.unqueueFromProduction"":0.0009505961208256199}",""
"overall","overall","separated_lanes_v2","200","3765375","{""baseline.activateSuperWeapon"":114,""baseline.orderUnits"":110388,""baseline.pauseProduction"":755,""baseline.placeBuilding"":1983,""baseline.queueForProduction"":13419,""baseline.quitGame"":7623,""baseline.resumeProduction"":695,""baseline.sayAll"":38,""baseline.sellObject"":193,""baseline.setUnitDebugText"":34155,""baseline.toggleRepairWrench"":1734,""baseline.unqueueFromProduction"":3465,""candidate.activateSuperWeapon"":85,""candidate.orderUnits"":234996,""candidate.pauseProduction"":3394,""candidate.placeBuilding"":1807,""candidate.queueForProduction"":16173,""candidate.quitGame"":728,""candidate.resumeProduction"":3070,""candidate.sellObject"":37,""candidate.setUnitDebugText"":27069,""candidate.toggleRepairWrench"":1494,""candidate.unqueueFromProduction"":3097}","{""baseline.activateSuperWeapon"":0.000030275868937356836,""baseline.orderUnits"":0.029316601932078478,""baseline.pauseProduction"":0.00020051123726056501,""baseline.placeBuilding"":0.0005266407728313913,""baseline.queueForProduction"":0.003563788467284135,""baseline.quitGame"":0.0020244995518374663,""baseline.resumeProduction"":0.00018457656939879826,""baseline.sayAll"":0.00001009195631245228,""baseline.sellObject"":0.00005125651495534973,""baseline.setUnitDebugText"":0.009070809680310725,""baseline.toggleRepairWrench"":0.00046051190120505924,""baseline.unqueueFromProduction"":0.0009202270690170302,""candidate.activateSuperWeapon"":0.00002257411280416957,""candidate.orderUnits"":0.06240972014739568,""candidate.pauseProduction"":0.0009013710453806062,""candidate.placeBuilding"":0.00047989908043687547,""candidate.queueForProduction"":0.004295189722139229,""candidate.quitGame"":0.00019334063672276998,""candidate.resumeProduction"":0.0008153238389270657,""candidate.sellObject"":0.000009826378514756167,""candidate.setUnitDebugText"":0.007188925405836072,""candidate.toggleRepairWrench"":0.00039677322975799226,""candidate.unqueueFromProduction"":0.0008224944394648608}","{""counters"":{""debugCoalesced"":0,""debugDropped"":21209,""debugForwarded"":27069,""debugProposals"":48278,""deferredUnitIds"":2785087,""duplicateSuppressions"":49301,""expiredPending"":171,""forwardedOrderCalls"":234996,""forwardedUnitIds"":747692,""gameplayNonorderCalls"":29885,""invalidTargets"":9362,""invalidTiles"":0,""invalidUnitIds"":1078,""pendingUnitIds"":2785087,""productionBatches"":23125,""proposedCalls"":345482,""proposedUnitIds"":1407169,""revokedPending"":143266,""sameUnitConflicts"":456095,""supersededPending"":432138},""countersPerObservedUpdate"":{""debugCoalesced"":0,""debugDropped"":0.005632639511336852,""debugForwarded"":0.007188925405836072,""debugProposals"":0.012821564917172925,""deferredUnitIds"":0.7396572718520732,""duplicateSuppressions"":0.013093251004216048,""expiredPending"":0.000045413803406035256,""forwardedOrderCalls"":0.06240972014739568,""forwardedUnitIds"":0.19857039471500182,""gameplayNonorderCalls"":0.007936792484148325,""invalidTargets"":0.002486339342031006,""invalidTiles"":0,""invalidUnitIds"":0.0002862928659164094,""pendingUnitIds"":0.7396572718520732,""productionBatches"":0.006141486571722604,""proposedCalls"":0.09175234870364837,""proposedUnitIds"":0.37371284400624105,""revokedPending"":0.03804826876473127,""sameUnitConflicts"":0.12112870564020847,""supersededPending"":0.11476625834080272},""referenceExceededUpdates"":0,""budgetDenialUpdates"":378388,""budgetDeniedUnitIdOccurrences"":2785087,""budgetDeniedDebugCalls"":21209,""maxRollingCommandCalls"":115,""maxPendingUnitIds"":56}"
"overall","overall","separated_lanes_unbounded_d1","200","3481604","{""baseline.activateSuperWeapon"":77,""baseline.orderUnits"":92968,""baseline.pauseProduction"":661,""baseline.placeBuilding"":1875,""baseline.queueForProduction"":12911,""baseline.quitGame"":5132,""baseline.resumeProduction"":602,""baseline.sayAll"":27,""baseline.sellObject"":166,""baseline.setUnitDebugText"":32136,""baseline.toggleRepairWrench"":2113,""baseline.unqueueFromProduction"":3345,""candidate.activateSuperWeapon"":62,""candidate.orderUnits"":293686,""candidate.pauseProduction"":3453,""candidate.placeBuilding"":1747,""candidate.queueForProduction"":15934,""candidate.quitGame"":608,""candidate.resumeProduction"":3150,""candidate.sellObject"":30,""candidate.setUnitDebugText"":46356,""candidate.toggleRepairWrench"":1353,""candidate.unqueueFromProduction"":3268}","{""baseline.activateSuperWeapon"":0.000022116242973066437,""baseline.orderUnits"":0.02670263476259793,""baseline.pauseProduction"":0.0001898550208467132,""baseline.placeBuilding"":0.0005385448775909036,""baseline.queueForProduction"":0.003708348221107283,""baseline.quitGame"":0.0014740332329581424,""baseline.resumeProduction"":0.0001729088086985194,""baseline.sayAll"":0.00000775504623730901,""baseline.sellObject"":0.00004767917316271466,""baseline.setUnitDebugText"":0.009230228366006014,""baseline.toggleRepairWrench"":0.0006069041740531089,""baseline.unqueueFromProduction"":0.0009607640616221719,""candidate.activateSuperWeapon"":0.00001780788395233921,""candidate.orderUnits"":0.08435364849075311,""candidate.pauseProduction"":0.000991784246571408,""candidate.placeBuilding"":0.0005017802139473644,""candidate.queueForProduction"":0.004576626175751177,""candidate.quitGame"":0.00017463215230681032,""candidate.resumeProduction"":0.0009047553943527178,""candidate.sellObject"":0.000008616718041454456,""candidate.setUnitDebugText"":0.013314552717655425,""candidate.toggleRepairWrench"":0.000388613983669596,""candidate.unqueueFromProduction"":0.0009386478186491055}","{""counters"":{""debugCoalesced"":0,""debugDropped"":0,""debugForwarded"":46356,""debugProposals"":46356,""deferredUnitIds"":0,""duplicateSuppressions"":4319,""expiredPending"":0,""forwardedOrderCalls"":293686,""forwardedUnitIds"":1235063,""gameplayNonorderCalls"":29605,""invalidTargets"":4844,""invalidTiles"":0,""invalidUnitIds"":0,""pendingUnitIds"":0,""productionBatches"":23000,""proposedCalls"":310370,""proposedUnitIds"":1257655,""revokedPending"":0,""sameUnitConflicts"":13429,""supersededPending"":0},""countersPerObservedUpdate"":{""debugCoalesced"":0,""debugDropped"":0,""debugForwarded"":0.013314552717655425,""debugProposals"":0.013314552717655425,""deferredUnitIds"":0,""duplicateSuppressions"":0.0012405201740347265,""expiredPending"":0,""forwardedOrderCalls"":0.08435364849075311,""forwardedUnitIds"":0.3547396544810955,""gameplayNonorderCalls"":0.008503264587241972,""invalidTargets"":0.0013913127397601796,""invalidTiles"":0,""invalidUnitIds"":0,""pendingUnitIds"":0,""productionBatches"":0.006606150498448416,""proposedCalls"":0.08914569261754066,""proposedUnitIds"":0.3612286176141801,""revokedPending"":0,""sameUnitConflicts"":0.00385713021928973,""supersededPending"":0},""referenceExceededUpdates"":871747,""budgetDenialUpdates"":0,""budgetDeniedUnitIdOccurrences"":0,""budgetDeniedDebugCalls"":0,""maxRollingCommandCalls"":1296,""maxPendingUnitIds"":0}"
"opponents","pinned_supalosa","disabled","120","1943412","{""baseline.orderUnits"":67165,""baseline.placeBuilding"":824,""baseline.queueForProduction"":8605,""baseline.quitGame"":3646,""baseline.setUnitDebugText"":12448,""baseline.toggleRepairWrench"":1102,""baseline.unqueueFromProduction"":2693,""candidate.activateSuperWeapon"":35,""candidate.orderUnits"":190152,""candidate.pauseProduction"":1913,""candidate.placeBuilding"":1044,""candidate.queueForProduction"":9305,""candidate.quitGame"":407,""candidate.resumeProduction"":1743,""candidate.sellObject"":10,""candidate.setUnitDebugText"":27700,""candidate.toggleRepairWrench"":791,""candidate.unqueueFromProduction"":2031}","{""baseline.orderUnits"":0.03456035055870808,""baseline.placeBuilding"":0.00042399655862987364,""baseline.queueForProduction"":0.004427779595885998,""baseline.quitGame"":0.0018760818601511156,""baseline.setUnitDebugText"":0.006405229565321198,""baseline.toggleRepairWrench"":0.0005670439412744184,""baseline.unqueueFromProduction"":0.0013857071995027302,""candidate.activateSuperWeapon"":0.000018009562563162107,""candidate.orderUnits"":0.09784440972886861,""candidate.pauseProduction"":0.0009843512338094033,""candidate.placeBuilding"":0.0005371995233126069,""candidate.queueForProduction"":0.00478797084714924,""candidate.quitGame"":0.00020942548466305652,""candidate.resumeProduction"":0.0008968762156454731,""candidate.sellObject"":0.000005145589303760603,""candidate.setUnitDebugText"":0.014253282371416869,""candidate.toggleRepairWrench"":0.00040701611392746366,""candidate.unqueueFromProduction"":0.0010450691875937784}",""
"opponents","pinned_supalosa","separated_lanes_v2","120","2081764","{""baseline.orderUnits"":74356,""baseline.placeBuilding"":848,""baseline.queueForProduction"":8938,""baseline.quitGame"":5567,""baseline.setUnitDebugText"":13261,""baseline.toggleRepairWrench"":1128,""baseline.unqueueFromProduction"":2813,""candidate.activateSuperWeapon"":51,""candidate.orderUnits"":132800,""candidate.pauseProduction"":1924,""candidate.placeBuilding"":1078,""candidate.queueForProduction"":9209,""candidate.quitGame"":111,""candidate.resumeProduction"":1742,""candidate.sellObject"":10,""candidate.setUnitDebugText"":15332,""candidate.toggleRepairWrench"":803,""candidate.unqueueFromProduction"":1801}","{""baseline.orderUnits"":0.035717785493456514,""baseline.placeBuilding"":0.00040734684623232987,""baseline.queueForProduction"":0.004293474188236515,""baseline.quitGame"":0.002674174402093609,""baseline.setUnitDebugText"":0.006370078452696847,""baseline.toggleRepairWrench"":0.0005418481633845143,""baseline.unqueueFromProduction"":0.0013512578755324812,""candidate.activateSuperWeapon"":0.000024498454195576445,""candidate.orderUnits"":0.06379205327789317,""candidate.pauseProduction"":0.0009242161935742956,""candidate.placeBuilding"":0.00051783007103591,""candidate.queueForProduction"":0.004423652248765951,""candidate.quitGame"":0.00005332016501390167,""candidate.resumeProduction"":0.0008367903374253757,""candidate.sellObject"":0.000004803618469720872,""candidate.setUnitDebugText"":0.00736490783777604,""candidate.toggleRepairWrench"":0.000385730563118586,""candidate.unqueueFromProduction"":0.000865131686396729}","{""counters"":{""debugCoalesced"":0,""debugDropped"":11303,""debugForwarded"":15332,""debugProposals"":26635,""deferredUnitIds"":1671779,""duplicateSuppressions"":36479,""expiredPending"":128,""forwardedOrderCalls"":132800,""forwardedUnitIds"":438479,""gameplayNonorderCalls"":16729,""invalidTargets"":6189,""invalidTiles"":0,""invalidUnitIds"":574,""pendingUnitIds"":1671779,""productionBatches"":13061,""proposedCalls"":201096,""proposedUnitIds"":860368,""revokedPending"":117435,""sameUnitConflicts"":260917,""supersededPending"":244579},""countersPerObservedUpdate"":{""debugCoalesced"":0,""debugDropped"":0.005429529956325501,""debugForwarded"":0.00736490783777604,""debugProposals"":0.01279443779410154,""deferredUnitIds"":0.8030588481691489,""duplicateSuppressions"":0.017523119815694765,""expiredPending"":0.00006148631641242716,""forwardedOrderCalls"":0.06379205327789317,""forwardedUnitIds"":0.21062858229847378,""gameplayNonorderCalls"":0.008035973337996046,""invalidTargets"":0.0029729594709102473,""invalidTiles"":0,""invalidUnitIds"":0.000275727700161978,""pendingUnitIds"":0.8030588481691489,""productionBatches"":0.00627400608330243,""proposedCalls"":0.09659884597869883,""proposedUnitIds"":0.41328796155568065,""revokedPending"":0.05641129349916705,""sameUnitConflicts"":0.12533457202641607,""supersededPending"":0.1174864201705861},""referenceExceededUpdates"":0,""budgetDenialUpdates"":212206,""budgetDeniedUnitIdOccurrences"":1671779,""budgetDeniedDebugCalls"":11303,""maxRollingCommandCalls"":115,""maxPendingUnitIds"":56}"
"opponents","pinned_supalosa","separated_lanes_unbounded_d1","120","1947421","{""baseline.orderUnits"":66829,""baseline.placeBuilding"":825,""baseline.queueForProduction"":8683,""baseline.quitGame"":3065,""baseline.setUnitDebugText"":12507,""baseline.toggleRepairWrench"":1363,""baseline.unqueueFromProduction"":2758,""candidate.activateSuperWeapon"":34,""candidate.orderUnits"":175857,""candidate.pauseProduction"":1923,""candidate.placeBuilding"":1033,""candidate.queueForProduction"":9245,""candidate.quitGame"":450,""candidate.resumeProduction"":1746,""candidate.sellObject"":10,""candidate.setUnitDebugText"":26967,""candidate.toggleRepairWrench"":825,""candidate.unqueueFromProduction"":1942}","{""baseline.orderUnits"":0.034316668044557394,""baseline.placeBuilding"":0.00042363721044396665,""baseline.queueForProduction"":0.0044587174524666215,""baseline.quitGame"":0.001573876424255464,""baseline.setUnitDebugText"":0.006422340110330535,""baseline.toggleRepairWrench"":0.0006999000216183352,""baseline.unqueueFromProduction"":0.001416232032005406,""candidate.activateSuperWeapon"":0.000017458988066781657,""candidate.orderUnits"":0.09030250777823594,""candidate.pauseProduction"":0.0009874598250712095,""candidate.placeBuilding"":0.0005304451374407486,""candidate.queueForProduction"":0.0047473042552175415,""candidate.quitGame"":0.00023107484206034545,""candidate.resumeProduction"":0.0008965703871941403,""candidate.sellObject"":0.000005134996490229899,""candidate.setUnitDebugText"":0.013847545035202968,""candidate.toggleRepairWrench"":0.00042363721044396665,""candidate.unqueueFromProduction"":0.0009972163184026465}","{""counters"":{""debugCoalesced"":0,""debugDropped"":0,""debugForwarded"":26967,""debugProposals"":26967,""deferredUnitIds"":0,""duplicateSuppressions"":3623,""expiredPending"":0,""forwardedOrderCalls"":175857,""forwardedUnitIds"":786415,""gameplayNonorderCalls"":17208,""invalidTargets"":4844,""invalidTiles"":0,""invalidUnitIds"":0,""pendingUnitIds"":0,""productionBatches"":13142,""proposedCalls"":184961,""proposedUnitIds"":801893,""revokedPending"":0,""sameUnitConflicts"":7011,""supersededPending"":0},""countersPerObservedUpdate"":{""debugCoalesced"":0,""debugDropped"":0,""debugForwarded"":0.013847545035202968,""debugProposals"":0.013847545035202968,""deferredUnitIds"":0,""duplicateSuppressions"":0.0018604092284102924,""expiredPending"":0,""forwardedOrderCalls"":0.09030250777823594,""forwardedUnitIds"":0.40382382648641457,""gameplayNonorderCalls"":0.00883630196038761,""invalidTargets"":0.002487392299867363,""invalidTiles"":0,""invalidUnitIds"":0,""pendingUnitIds"":0,""productionBatches"":0.006748412387460133,""proposedCalls"":0.09497740858294124,""proposedUnitIds"":0.41177177405399246,""revokedPending"":0,""sameUnitConflicts"":0.0036001460393001823,""supersededPending"":0},""referenceExceededUpdates"":522064,""budgetDenialUpdates"":0,""budgetDeniedUnitIdOccurrences"":0,""budgetDeniedDebugCalls"":0,""maxRollingCommandCalls"":1031,""maxPendingUnitIds"":0}"
"opponents","ra2web_advanced","disabled","80","1559653","{""baseline.activateSuperWeapon"":81,""baseline.orderUnits"":29348,""baseline.pauseProduction"":643,""baseline.placeBuilding"":1044,""baseline.queueForProduction"":4204,""baseline.quitGame"":3340,""baseline.resumeProduction"":584,""baseline.sayAll"":28,""baseline.sellObject"":166,""baseline.setUnitDebugText"":19319,""baseline.toggleRepairWrench"":678,""baseline.unqueueFromProduction"":590,""candidate.activateSuperWeapon"":33,""candidate.orderUnits"":123107,""candidate.pauseProduction"":1554,""candidate.placeBuilding"":709,""candidate.queueForProduction"":6612,""candidate.quitGame"":134,""candidate.resumeProduction"":1411,""candidate.sellObject"":20,""candidate.setUnitDebugText"":18894,""candidate.toggleRepairWrench"":546,""candidate.unqueueFromProduction"":1299}","{""baseline.activateSuperWeapon"":0.00005193462904889742,""baseline.orderUnits"":0.018817006090457302,""baseline.pauseProduction"":0.0004122711910918647,""baseline.placeBuilding"":0.0006693796632969,""baseline.queueForProduction"":0.002695471364463762,""baseline.quitGame"":0.0021415019879421895,""baseline.resumeProduction"":0.0003744422637599517,""baseline.sayAll"":0.00001795271127616207,""baseline.sellObject"":0.00010643393113724656,""baseline.setUnitDebugText"":0.012386729612291964,""baseline.toggleRepairWrench"":0.00043471208018706724,""baseline.unqueueFromProduction"":0.00037828927331912934,""candidate.activateSuperWeapon"":0.000021158552575476725,""candidate.orderUnits"":0.07893230096694585,""candidate.pauseProduction"":0.0009963754758269949,""candidate.placeBuilding"":0.0004545882962428181,""candidate.queueForProduction"":0.0042394045342137,""candidate.quitGame"":0.00008591654682163276,""candidate.resumeProduction"":0.0009046884146665957,""candidate.sellObject"":0.000012823365197258621,""candidate.setUnitDebugText"":0.01211423310185022,""candidate.toggleRepairWrench"":0.00035007786988516034,""candidate.unqueueFromProduction"":0.0008328775695619474}",""
"opponents","ra2web_advanced","separated_lanes_v2","80","1683611","{""baseline.activateSuperWeapon"":114,""baseline.orderUnits"":36032,""baseline.pauseProduction"":755,""baseline.placeBuilding"":1135,""baseline.queueForProduction"":4481,""baseline.quitGame"":2056,""baseline.resumeProduction"":695,""baseline.sayAll"":38,""baseline.sellObject"":193,""baseline.setUnitDebugText"":20894,""baseline.toggleRepairWrench"":606,""baseline.unqueueFromProduction"":652,""candidate.activateSuperWeapon"":34,""candidate.orderUnits"":102196,""candidate.pauseProduction"":1470,""candidate.placeBuilding"":729,""candidate.queueForProduction"":6964,""candidate.quitGame"":617,""candidate.resumeProduction"":1328,""candidate.sellObject"":27,""candidate.setUnitDebugText"":11737,""candidate.toggleRepairWrench"":691,""candidate.unqueueFromProduction"":1296}","{""baseline.activateSuperWeapon"":0.00006771160321475685,""baseline.orderUnits"":0.021401618307316832,""baseline.pauseProduction"":0.00044844088093983706,""baseline.placeBuilding"":0.0006741462249890266,""baseline.queueForProduction"":0.002661541175485311,""baseline.quitGame"":0.001221184703592457,""baseline.resumeProduction"":0.00041280319503733345,""baseline.sayAll"":0.00002257053440491895,""baseline.sellObject"":0.00011463455631971993,""baseline.setUnitDebugText"":0.012410230154115173,""baseline.toggleRepairWrench"":0.00035994062761528646,""baseline.unqueueFromProduction"":0.0003872628534738725,""candidate.activateSuperWeapon"":0.000020194688678085377,""candidate.orderUnits"":0.060700482474870976,""candidate.pauseProduction"":0.0008731233046113384,""candidate.placeBuilding"":0.00043299788371541884,""candidate.queueForProduction"":0.004136347410417252,""candidate.quitGame"":0.00036647420336407877,""candidate.resumeProduction"":0.0007887807813087465,""candidate.sellObject"":0.000016036958656126623,""candidate.setUnitDebugText"":0.006971325323961414,""candidate.toggleRepairWrench"":0.0004104273493104999,""candidate.unqueueFromProduction"":0.0007697740154940779}","{""counters"":{""debugCoalesced"":0,""debugDropped"":9906,""debugForwarded"":11737,""debugProposals"":21643,""deferredUnitIds"":1113308,""duplicateSuppressions"":12822,""expiredPending"":43,""forwardedOrderCalls"":102196,""forwardedUnitIds"":309213,""gameplayNonorderCalls"":13156,""invalidTargets"":3173,""invalidTiles"":0,""invalidUnitIds"":504,""pendingUnitIds"":1113308,""productionBatches"":10064,""proposedCalls"":144386,""proposedUnitIds"":546801,""revokedPending"":25831,""sameUnitConflicts"":195178,""supersededPending"":187559},""countersPerObservedUpdate"":{""debugCoalesced"":0,""debugDropped"":0.005883781942503346,""debugForwarded"":0.006971325323961414,""debugProposals"":0.01285510726646476,""deferredUnitIds"":0.6612620136124081,""duplicateSuppressions"":0.007615773477365021,""expiredPending"":0.000025540341563460918,""forwardedOrderCalls"":0.060700482474870976,""forwardedUnitIds"":0.18366059618284747,""gameplayNonorderCalls"":0.007814156595555625,""invalidTargets"":0.0018846396228107325,""invalidTiles"":0,""invalidUnitIds"":0.0002993565615810303,""pendingUnitIds"":0.6612620136124081,""productionBatches"":0.005977627848713272,""proposedCalls"":0.08575971527864809,""proposedUnitIds"":0.32477870481958127,""revokedPending"":0.015342617742459512,""sameUnitConflicts"":0.11592820431798082,""supersededPending"":0.11140281216979457},""referenceExceededUpdates"":0,""budgetDenialUpdates"":166182,""budgetDeniedUnitIdOccurrences"":1113308,""budgetDeniedDebugCalls"":9906,""maxRollingCommandCalls"":115,""maxPendingUnitIds"":37}"
"opponents","ra2web_advanced","separated_lanes_unbounded_d1","80","1534183","{""baseline.activateSuperWeapon"":77,""baseline.orderUnits"":26139,""baseline.pauseProduction"":661,""baseline.placeBuilding"":1050,""baseline.queueForProduction"":4228,""baseline.quitGame"":2067,""baseline.resumeProduction"":602,""baseline.sayAll"":27,""baseline.sellObject"":166,""baseline.setUnitDebugText"":19629,""baseline.toggleRepairWrench"":750,""baseline.unqueueFromProduction"":587,""candidate.activateSuperWeapon"":28,""candidate.orderUnits"":117829,""candidate.pauseProduction"":1530,""candidate.placeBuilding"":714,""candidate.queueForProduction"":6689,""candidate.quitGame"":158,""candidate.resumeProduction"":1404,""candidate.sellObject"":20,""candidate.setUnitDebugText"":19389,""candidate.toggleRepairWrench"":528,""candidate.unqueueFromProduction"":1326}","{""baseline.activateSuperWeapon"":0.00005018957973071009,""baseline.orderUnits"":0.017037732786766638,""baseline.pauseProduction"":0.00043084821041557624,""baseline.placeBuilding"":0.0006844033599642285,""baseline.queueForProduction"":0.0027558641961226266,""baseline.quitGame"":0.001347296900043867,""baseline.resumeProduction"":0.00039239125971282434,""baseline.sayAll"":0.000017598943541937303,""baseline.sellObject"":0.00010820091214672565,""baseline.setUnitDebugText"":0.01279443195498842,""baseline.toggleRepairWrench"":0.0004888595428315918,""baseline.unqueueFromProduction"":0.00038261406885619254,""candidate.activateSuperWeapon"":0.00001825075626571276,""candidate.orderUnits"":0.07680244142973817,""candidate.pauseProduction"":0.0009972734673764473,""candidate.placeBuilding"":0.00046539428477567537,""candidate.queueForProduction"":0.004359975309334023,""candidate.quitGame"":0.000102986410356522,""candidate.resumeProduction"":0.0009151450641807398,""candidate.sellObject"":0.000013036254475509114,""candidate.setUnitDebugText"":0.012637996901282311,""candidate.toggleRepairWrench"":0.00034415711815344064,""candidate.unqueueFromProduction"":0.0008643036717262543}","{""counters"":{""debugCoalesced"":0,""debugDropped"":0,""debugForwarded"":19389,""debugProposals"":19389,""deferredUnitIds"":0,""duplicateSuppressions"":696,""expiredPending"":0,""forwardedOrderCalls"":117829,""forwardedUnitIds"":448648,""gameplayNonorderCalls"":12397,""invalidTargets"":0,""invalidTiles"":0,""invalidUnitIds"":0,""pendingUnitIds"":0,""productionBatches"":9858,""proposedCalls"":125409,""proposedUnitIds"":455762,""revokedPending"":0,""sameUnitConflicts"":6418,""supersededPending"":0},""countersPerObservedUpdate"":{""debugCoalesced"":0,""debugDropped"":0,""debugForwarded"":0.012637996901282311,""debugProposals"":0.012637996901282311,""deferredUnitIds"":0,""duplicateSuppressions"":0.0004536616557477172,""expiredPending"":0,""forwardedOrderCalls"":0.07680244142973817,""forwardedUnitIds"":0.29243447489641067,""gameplayNonorderCalls"":0.008080522336644325,""invalidTargets"":0,""invalidTiles"":0,""invalidUnitIds"":0,""pendingUnitIds"":0,""productionBatches"":0.006425569830978442,""proposedCalls"":0.08174318187595613,""proposedUnitIds"":0.29707147061334926,""revokedPending"":0,""sameUnitConflicts"":0.004183334061190875,""supersededPending"":0},""referenceExceededUpdates"":349683,""budgetDenialUpdates"":0,""budgetDeniedUnitIdOccurrences"":0,""budgetDeniedDebugCalls"":0,""maxRollingCommandCalls"":1296,""maxPendingUnitIds"":0}"
"strata","pinned_supalosa__hfo-bvb","disabled","8","128042","{""baseline.orderUnits"":5889,""baseline.placeBuilding"":50,""baseline.queueForProduction"":483,""baseline.setUnitDebugText"":600,""baseline.toggleRepairWrench"":24,""baseline.unqueueFromProduction"":111,""candidate.activateSuperWeapon"":1,""candidate.orderUnits"":5360,""candidate.pauseProduction"":87,""candidate.placeBuilding"":73,""candidate.queueForProduction"":562,""candidate.resumeProduction"":82,""candidate.setUnitDebugText"":1509,""candidate.toggleRepairWrench"":75,""candidate.unqueueFromProduction"":146}","{""baseline.orderUnits"":0.04599272113837647,""baseline.placeBuilding"":0.00039049686821511693,""baseline.queueForProduction"":0.0037721997469580292,""baseline.setUnitDebugText"":0.004685962418581403,""baseline.toggleRepairWrench"":0.00018743849674325612,""baseline.unqueueFromProduction"":0.0008669030474375596,""candidate.activateSuperWeapon"":0.000007809937364302339,""candidate.orderUnits"":0.041861264272660535,""candidate.pauseProduction"":0.0006794645506943035,""candidate.placeBuilding"":0.0005701254275940707,""candidate.queueForProduction"":0.004389184798737914,""candidate.resumeProduction"":0.0006404148638727917,""candidate.setUnitDebugText"":0.01178519548273223,""candidate.toggleRepairWrench"":0.0005857453023226754,""candidate.unqueueFromProduction"":0.0011402508551881414}",""
"strata","pinned_supalosa__hfo-bvb","separated_lanes_v2","8","120591","{""baseline.orderUnits"":4821,""baseline.placeBuilding"":50,""baseline.queueForProduction"":447,""baseline.setUnitDebugText"":601,""baseline.toggleRepairWrench"":21,""baseline.unqueueFromProduction"":91,""candidate.activateSuperWeapon"":3,""candidate.orderUnits"":5159,""candidate.pauseProduction"":48,""candidate.placeBuilding"":65,""candidate.queueForProduction"":506,""candidate.resumeProduction"":44,""candidate.setUnitDebugText"":955,""candidate.toggleRepairWrench"":45,""candidate.unqueueFromProduction"":88}","{""baseline.orderUnits"":0.039978107818991464,""baseline.placeBuilding"":0.0004146246403131245,""baseline.queueForProduction"":0.003706744284399333,""baseline.setUnitDebugText"":0.004983788176563757,""baseline.toggleRepairWrench"":0.0001741423489315123,""baseline.unqueueFromProduction"":0.0007546168453698867,""candidate.activateSuperWeapon"":0.000024877478418787472,""candidate.orderUnits"":0.04278097038750819,""candidate.pauseProduction"":0.00039803965470059955,""candidate.placeBuilding"":0.0005390120324070619,""candidate.queueForProduction"":0.00419600135996882,""candidate.resumeProduction"":0.0003648696834755496,""candidate.setUnitDebugText"":0.00791933062998068,""candidate.toggleRepairWrench"":0.0003731621762818121,""candidate.unqueueFromProduction"":0.0007297393669510991}","{""counters"":{""debugCoalesced"":0,""debugDropped"":418,""debugForwarded"":955,""debugProposals"":1373,""deferredUnitIds"":18045,""duplicateSuppressions"":72,""expiredPending"":0,""forwardedOrderCalls"":5159,""forwardedUnitIds"":13788,""gameplayNonorderCalls"":799,""invalidTargets"":8,""invalidTiles"":0,""invalidUnitIds"":2,""pendingUnitIds"":18045,""productionBatches"":659,""proposedCalls"":5410,""proposedUnitIds"":14231,""revokedPending"":0,""sameUnitConflicts"":361,""supersededPending"":361},""countersPerObservedUpdate"":{""debugCoalesced"":0,""debugDropped"":0.003466261993017721,""debugForwarded"":0.00791933062998068,""debugProposals"":0.0113855926229984,""deferredUnitIds"":0.14963803268900663,""duplicateSuppressions"":0.0005970594820508994,""expiredPending"":0,""forwardedOrderCalls"":0.04278097038750819,""forwardedUnitIds"":0.11433689081274721,""gameplayNonorderCalls"":0.00662570175220373,""invalidTargets"":0.00006633994245009992,""invalidTiles"":0,""invalidUnitIds"":0.00001658498561252498,""pendingUnitIds"":0.14963803268900663,""productionBatches"":0.005464752759326981,""proposedCalls"":0.044862386081880076,""proposedUnitIds"":0.1180104651259215,""revokedPending"":0,""sameUnitConflicts"":0.002993589903060759,""supersededPending"":0.002993589903060759},""referenceExceededUpdates"":0,""budgetDenialUpdates"":3951,""budgetDeniedUnitIdOccurrences"":18045,""budgetDeniedDebugCalls"":418,""maxRollingCommandCalls"":115,""maxPendingUnitIds"":18}"
"strata","pinned_supalosa__hfo-bvb","separated_lanes_unbounded_d1","8","123669","{""baseline.orderUnits"":5435,""baseline.placeBuilding"":50,""baseline.queueForProduction"":471,""baseline.setUnitDebugText"":628,""baseline.toggleRepairWrench"":34,""baseline.unqueueFromProduction"":102,""candidate.activateSuperWeapon"":1,""candidate.orderUnits"":5169,""candidate.pauseProduction"":95,""candidate.placeBuilding"":68,""candidate.queueForProduction"":571,""candidate.resumeProduction"":89,""candidate.setUnitDebugText"":1694,""candidate.toggleRepairWrench"":55,""candidate.unqueueFromProduction"":126}","{""baseline.orderUnits"":0.04394795785524262,""baseline.placeBuilding"":0.00040430504006662947,""baseline.queueForProduction"":0.0038085534774276496,""baseline.setUnitDebugText"":0.005078071303236866,""baseline.toggleRepairWrench"":0.00027492742724530804,""baseline.unqueueFromProduction"":0.0008247822817359241,""candidate.activateSuperWeapon"":0.00000808610080133259,""candidate.orderUnits"":0.04179705504208815,""candidate.pauseProduction"":0.000768179576126596,""candidate.placeBuilding"":0.0005498548544906161,""candidate.queueForProduction"":0.0046171635575609086,""candidate.resumeProduction"":0.0007196629713186005,""candidate.setUnitDebugText"":0.013697854757457406,""candidate.toggleRepairWrench"":0.0004447355440732924,""candidate.unqueueFromProduction"":0.0010188487009679063}","{""counters"":{""debugCoalesced"":0,""debugDropped"":0,""debugForwarded"":1694,""debugProposals"":1694,""deferredUnitIds"":0,""duplicateSuppressions"":24,""expiredPending"":0,""forwardedOrderCalls"":5169,""forwardedUnitIds"":14053,""gameplayNonorderCalls"":1005,""invalidTargets"":0,""invalidTiles"":0,""invalidUnitIds"":0,""pendingUnitIds"":0,""productionBatches"":817,""proposedCalls"":5195,""proposedUnitIds"":14077,""revokedPending"":0,""sameUnitConflicts"":0,""supersededPending"":0},""countersPerObservedUpdate"":{""debugCoalesced"":0,""debugDropped"":0,""debugForwarded"":0.013697854757457406,""debugProposals"":0.013697854757457406,""deferredUnitIds"":0,""duplicateSuppressions"":0.00019406641923198215,""expiredPending"":0,""forwardedOrderCalls"":0.04179705504208815,""forwardedUnitIds"":0.11363397456112688,""gameplayNonorderCalls"":0.008126531305339253,""invalidTargets"":0,""invalidTiles"":0,""invalidUnitIds"":0,""pendingUnitIds"":0,""productionBatches"":0.0066063443546887255,""proposedCalls"":0.0420072936629228,""proposedUnitIds"":0.11382804098035885,""revokedPending"":0,""sameUnitConflicts"":0,""supersededPending"":0},""referenceExceededUpdates"":15910,""budgetDenialUpdates"":0,""budgetDeniedUnitIdOccurrences"":0,""budgetDeniedDebugCalls"":0,""maxRollingCommandCalls"":197,""maxPendingUnitIds"":0}"
"strata","pinned_supalosa__hfo-corners","disabled","8","129716","{""baseline.orderUnits"":3987,""baseline.placeBuilding"":50,""baseline.queueForProduction"":556,""baseline.quitGame"":70,""baseline.setUnitDebugText"":1011,""baseline.toggleRepairWrench"":67,""baseline.unqueueFromProduction"":178,""candidate.activateSuperWeapon"":2,""candidate.orderUnits"":13850,""candidate.pauseProduction"":192,""candidate.placeBuilding"":62,""candidate.queueForProduction"":675,""candidate.resumeProduction"":179,""candidate.setUnitDebugText"":2609,""candidate.toggleRepairWrench"":28,""candidate.unqueueFromProduction"":172}","{""baseline.orderUnits"":0.03073637793333128,""baseline.placeBuilding"":0.00038545746091461346,""baseline.queueForProduction"":0.004286286965370502,""baseline.quitGame"":0.0005396404452804589,""baseline.setUnitDebugText"":0.0077939498596934845,""baseline.toggleRepairWrench"":0.0005165129976255821,""baseline.unqueueFromProduction"":0.001372228560856024,""candidate.activateSuperWeapon"":0.000015418298436584538,""candidate.orderUnits"":0.10677171667334794,""candidate.pauseProduction"":0.0014801566499121157,""candidate.placeBuilding"":0.0004779672515341207,""candidate.queueForProduction"":0.0052036757223472814,""candidate.resumeProduction"":0.001379937710074316,""candidate.setUnitDebugText"":0.02011317031052453,""candidate.toggleRepairWrench"":0.00021585617811218353,""candidate.unqueueFromProduction"":0.0013259736655462703}",""
"strata","pinned_supalosa__hfo-corners","separated_lanes_v2","8","161377","{""baseline.orderUnits"":5194,""baseline.placeBuilding"":59,""baseline.queueForProduction"":636,""baseline.quitGame"":5,""baseline.setUnitDebugText"":951,""baseline.toggleRepairWrench"":43,""baseline.unqueueFromProduction"":254,""candidate.activateSuperWeapon"":2,""candidate.orderUnits"":8152,""candidate.pauseProduction"":150,""candidate.placeBuilding"":63,""candidate.queueForProduction"":568,""candidate.resumeProduction"":134,""candidate.setUnitDebugText"":939,""candidate.toggleRepairWrench"":45,""candidate.unqueueFromProduction"":132}","{""baseline.orderUnits"":0.0321855035104135,""baseline.placeBuilding"":0.00036560352466584456,""baseline.queueForProduction"":0.0039410820624996125,""baseline.quitGame"":0.00003098334954795293,""baseline.setUnitDebugText"":0.005893033084020647,""baseline.toggleRepairWrench"":0.0002664568061123952,""baseline.unqueueFromProduction"":0.0015739541570360088,""candidate.activateSuperWeapon"":0.000012393339819181173,""candidate.orderUnits"":0.05051525310298246,""candidate.pauseProduction"":0.0009295004864385879,""candidate.placeBuilding"":0.0003903902043042069,""candidate.queueForProduction"":0.003519708508647453,""candidate.resumeProduction"":0.0008303537678851385,""candidate.setUnitDebugText"":0.005818673045105561,""candidate.toggleRepairWrench"":0.00027885014593157637,""candidate.unqueueFromProduction"":0.0008179604280659573}","{""counters"":{""debugCoalesced"":0,""debugDropped"":462,""debugForwarded"":939,""debugProposals"":1401,""deferredUnitIds"":48124,""duplicateSuppressions"":213,""expiredPending"":3,""forwardedOrderCalls"":8152,""forwardedUnitIds"":15238,""gameplayNonorderCalls"":1094,""invalidTargets"":6,""invalidTiles"":0,""invalidUnitIds"":15,""pendingUnitIds"":48124,""productionBatches"":858,""proposedCalls"":10655,""proposedUnitIds"":22815,""revokedPending"":6204,""sameUnitConflicts"":1135,""supersededPending"":951},""countersPerObservedUpdate"":{""debugCoalesced"":0,""debugDropped"":0.0028628614982308506,""debugForwarded"":0.005818673045105561,""debugProposals"":0.008681534543336412,""deferredUnitIds"":0.2982085427291374,""duplicateSuppressions"":0.0013198906907427948,""expiredPending"":0.000018590009728771757,""forwardedOrderCalls"":0.05051525310298246,""forwardedUnitIds"":0.09442485608234134,""gameplayNonorderCalls"":0.006779156881092101,""invalidTargets"":0.000037180019457543513,""invalidTiles"":0,""invalidUnitIds"":0.0000929500486438588,""pendingUnitIds"":0.2982085427291374,""productionBatches"":0.005316742782428723,""proposedCalls"":0.06602551788668769,""proposedUnitIds"":0.14137702398730922,""revokedPending"":0.038444140119099995,""sameUnitConflicts"":0.007033220347385315,""supersededPending"":0.005893033084020647},""referenceExceededUpdates"":0,""budgetDenialUpdates"":9572,""budgetDeniedUnitIdOccurrences"":48124,""budgetDeniedDebugCalls"":462,""maxRollingCommandCalls"":115,""maxPendingUnitIds"":43}"
"strata","pinned_supalosa__hfo-corners","separated_lanes_unbounded_d1","8","124101","{""baseline.orderUnits"":3802,""baseline.placeBuilding"":49,""baseline.queueForProduction"":569,""baseline.quitGame"":14,""baseline.setUnitDebugText"":751,""baseline.toggleRepairWrench"":64,""baseline.unqueueFromProduction"":204,""candidate.activateSuperWeapon"":1,""candidate.orderUnits"":11630,""candidate.pauseProduction"":182,""candidate.placeBuilding"":60,""candidate.queueForProduction"":650,""candidate.resumeProduction"":168,""candidate.setUnitDebugText"":2553,""candidate.toggleRepairWrench"":33,""candidate.unqueueFromProduction"":163}","{""baseline.orderUnits"":0.030636336532340592,""baseline.placeBuilding"":0.00039483968702911336,""baseline.queueForProduction"":0.004584975141215622,""baseline.quitGame"":0.00011281133915117526,""baseline.setUnitDebugText"":0.006051522550180901,""baseline.toggleRepairWrench"":0.0005157089789768011,""baseline.unqueueFromProduction"":0.0016438223704885538,""candidate.activateSuperWeapon"":0.000008057952796512518,""candidate.orderUnits"":0.09371399102344058,""candidate.pauseProduction"":0.0014665474089652782,""candidate.placeBuilding"":0.0004834771677907511,""candidate.queueForProduction"":0.005237669317733137,""candidate.resumeProduction"":0.001353736069814103,""candidate.setUnitDebugText"":0.020571953489496458,""candidate.toggleRepairWrench"":0.0002659124422849131,""candidate.unqueueFromProduction"":0.0013134463058315404}","{""counters"":{""debugCoalesced"":0,""debugDropped"":0,""debugForwarded"":2553,""debugProposals"":2553,""deferredUnitIds"":0,""duplicateSuppressions"":41,""expiredPending"":0,""forwardedOrderCalls"":11630,""forwardedUnitIds"":37262,""gameplayNonorderCalls"":1257,""invalidTargets"":0,""invalidTiles"":0,""invalidUnitIds"":0,""pendingUnitIds"":0,""productionBatches"":1008,""proposedCalls"":12582,""proposedUnitIds"":37482,""revokedPending"":0,""sameUnitConflicts"":179,""supersededPending"":0},""countersPerObservedUpdate"":{""debugCoalesced"":0,""debugDropped"":0,""debugForwarded"":0.020571953489496458,""debugProposals"":0.020571953489496458,""deferredUnitIds"":0,""duplicateSuppressions"":0.00033037606465701326,""expiredPending"":0,""forwardedOrderCalls"":0.09371399102344058,""forwardedUnitIds"":0.30025543710364944,""gameplayNonorderCalls"":0.010128846665216235,""invalidTargets"":0,""invalidTiles"":0,""invalidUnitIds"":0,""pendingUnitIds"":0,""productionBatches"":0.008122416418884618,""proposedCalls"":0.1013851620857205,""proposedUnitIds"":0.3020281867188822,""revokedPending"":0,""sameUnitConflicts"":0.0014423735505757406,""supersededPending"":0},""referenceExceededUpdates"":36918,""budgetDenialUpdates"":0,""budgetDeniedUnitIdOccurrences"":0,""budgetDeniedDebugCalls"":0,""maxRollingCommandCalls"":867,""maxPendingUnitIds"":0}"
"strata","pinned_supalosa__hfo-corners-b","disabled","8","140034","{""baseline.orderUnits"":4573,""baseline.placeBuilding"":50,""baseline.queueForProduction"":591,""baseline.quitGame"":764,""baseline.setUnitDebugText"":1008,""baseline.toggleRepairWrench"":48,""baseline.unqueueFromProduction"":210,""candidate.activateSuperWeapon"":3,""candidate.orderUnits"":12222,""candidate.pauseProduction"":214,""candidate.placeBuilding"":65,""candidate.queueForProduction"":636,""candidate.resumeProduction"":197,""candidate.setUnitDebugText"":2231,""candidate.toggleRepairWrench"":41,""candidate.unqueueFromProduction"":167}","{""baseline.orderUnits"":0.032656354885242156,""baseline.placeBuilding"":0.0003570561435080052,""baseline.queueForProduction"":0.004220403616264621,""baseline.quitGame"":0.005455817872802319,""baseline.setUnitDebugText"":0.007198251853121384,""baseline.toggleRepairWrench"":0.000342773897767685,""baseline.unqueueFromProduction"":0.0014996358027336218,""candidate.activateSuperWeapon"":0.000021423368610480313,""candidate.orderUnits"":0.08727880371909678,""candidate.pauseProduction"":0.0015282002942142623,""candidate.placeBuilding"":0.0004641729865604068,""candidate.queueForProduction"":0.004541754145421826,""candidate.resumeProduction"":0.0014068012054215405,""candidate.setUnitDebugText"":0.015931845123327192,""candidate.toggleRepairWrench"":0.00029278603767656425,""candidate.unqueueFromProduction"":0.0011925675193167375}",""
"strata","pinned_supalosa__hfo-corners-b","separated_lanes_v2","8","147532","{""baseline.orderUnits"":4575,""baseline.placeBuilding"":55,""baseline.queueForProduction"":562,""baseline.quitGame"":1421,""baseline.setUnitDebugText"":995,""baseline.toggleRepairWrench"":70,""baseline.unqueueFromProduction"":171,""candidate.activateSuperWeapon"":3,""candidate.orderUnits"":11271,""candidate.pauseProduction"":236,""candidate.placeBuilding"":68,""candidate.queueForProduction"":639,""candidate.resumeProduction"":219,""candidate.setUnitDebugText"":1176,""candidate.toggleRepairWrench"":41,""candidate.unqueueFromProduction"":148}","{""baseline.orderUnits"":0.031010221511265354,""baseline.placeBuilding"":0.0003728004771846108,""baseline.queueForProduction"":0.0038093430577772957,""baseline.quitGame"":0.009631808692351489,""baseline.setUnitDebugText"":0.0067442995417943226,""baseline.toggleRepairWrench"":0.00047447333459859557,""baseline.unqueueFromProduction"":0.0011590705745194263,""candidate.activateSuperWeapon"":0.000020334571482796953,""candidate.orderUnits"":0.07639698506086814,""candidate.pauseProduction"":0.0015996529566466935,""candidate.placeBuilding"":0.00046091695361006425,""candidate.queueForProduction"":0.004331263725835751,""candidate.resumeProduction"":0.0014844237182441776,""candidate.setUnitDebugText"":0.007971152021256405,""candidate.toggleRepairWrench"":0.0002779058102648917,""candidate.unqueueFromProduction"":0.0010031721931513164}","{""counters"":{""debugCoalesced"":0,""debugDropped"":1112,""debugForwarded"":1176,""debugProposals"":2288,""deferredUnitIds"":63387,""duplicateSuppressions"":326,""expiredPending"":11,""forwardedOrderCalls"":11271,""forwardedUnitIds"":20429,""gameplayNonorderCalls"":1354,""invalidTargets"":32,""invalidTiles"":0,""invalidUnitIds"":22,""pendingUnitIds"":63387,""productionBatches"":1055,""proposedCalls"":13494,""proposedUnitIds"":24094,""revokedPending"":1624,""sameUnitConflicts"":1647,""supersededPending"":1498},""countersPerObservedUpdate"":{""debugCoalesced"":0,""debugDropped"":0.007537347829623404,""debugForwarded"":0.007971152021256405,""debugProposals"":0.01550849985087981,""deferredUnitIds"":0.4296491608600168,""duplicateSuppressions"":0.002209690101130602,""expiredPending"":0.00007456009543692216,""forwardedOrderCalls"":0.07639698506086814,""forwardedUnitIds"":0.13847165360735297,""gameplayNonorderCalls"":0.009177669929235691,""invalidTargets"":0.00021690209581650083,""invalidTiles"":0,""invalidUnitIds"":0.00014912019087384433,""pendingUnitIds"":0.4296491608600168,""productionBatches"":0.007150990971450262,""proposedCalls"":0.0914649025296207,""proposedUnitIds"":0.1633137217688366,""revokedPending"":0.011007781362687418,""sameUnitConflicts"":0.011163679744055527,""supersededPending"":0.010153729360409945},""referenceExceededUpdates"":0,""budgetDenialUpdates"":13730,""budgetDeniedUnitIdOccurrences"":63387,""budgetDeniedDebugCalls"":1112,""maxRollingCommandCalls"":115,""maxPendingUnitIds"":26}"
"strata","pinned_supalosa__hfo-corners-b","separated_lanes_unbounded_d1","8","122866","{""baseline.orderUnits"":3873,""baseline.placeBuilding"":49,""baseline.queueForProduction"":566,""baseline.quitGame"":738,""baseline.setUnitDebugText"":868,""baseline.toggleRepairWrench"":52,""baseline.unqueueFromProduction"":196,""candidate.orderUnits"":10528,""candidate.pauseProduction"":194,""candidate.placeBuilding"":60,""candidate.queueForProduction"":607,""candidate.resumeProduction"":182,""candidate.setUnitDebugText"":2018,""candidate.toggleRepairWrench"":32,""candidate.unqueueFromProduction"":160}","{""baseline.orderUnits"":0.0315221460778409,""baseline.placeBuilding"":0.00039880845799488877,""baseline.queueForProduction"":0.004606644637247082,""baseline.quitGame"":0.006006543714290365,""baseline.setUnitDebugText"":0.007064606970195172,""baseline.toggleRepairWrench"":0.0004232253023619227,""baseline.unqueueFromProduction"":0.001595233831979555,""candidate.orderUnits"":0.08568684583204467,""candidate.pauseProduction"":0.0015789559357348656,""candidate.placeBuilding"":0.0004883368873406801,""candidate.queueForProduction"":0.004940341510263214,""candidate.resumeProduction"":0.0014812885582667296,""candidate.setUnitDebugText"":0.016424397310891542,""candidate.toggleRepairWrench"":0.0002604463399150294,""candidate.unqueueFromProduction"":0.001302231699575147}","{""counters"":{""debugCoalesced"":0,""debugDropped"":0,""debugForwarded"":2018,""debugProposals"":2018,""deferredUnitIds"":0,""duplicateSuppressions"":49,""expiredPending"":0,""forwardedOrderCalls"":10528,""forwardedUnitIds"":17349,""gameplayNonorderCalls"":1235,""invalidTargets"":0,""invalidTiles"":0,""invalidUnitIds"":0,""pendingUnitIds"":0,""productionBatches"":948,""proposedCalls"":11611,""proposedUnitIds"":17398,""revokedPending"":0,""sameUnitConflicts"":0,""supersededPending"":0},""countersPerObservedUpdate"":{""debugCoalesced"":0,""debugDropped"":0,""debugForwarded"":0.016424397310891542,""debugProposals"":0.016424397310891542,""deferredUnitIds"":0,""duplicateSuppressions"":0.00039880845799488877,""expiredPending"":0,""forwardedOrderCalls"":0.08568684583204467,""forwardedUnitIds"":0.14120261097455764,""gameplayNonorderCalls"":0.010051600931095665,""invalidTargets"":0,""invalidTiles"":0,""invalidUnitIds"":0,""pendingUnitIds"":0,""productionBatches"":0.007715722819982745,""proposedCalls"":0.09450132664854394,""proposedUnitIds"":0.14160141943255253,""revokedPending"":0,""sameUnitConflicts"":0,""supersededPending"":0},""referenceExceededUpdates"":34201,""budgetDenialUpdates"":0,""budgetDeniedUnitIdOccurrences"":0,""budgetDeniedDebugCalls"":0,""maxRollingCommandCalls"":431,""maxPendingUnitIds"":0}"
"strata","pinned_supalosa__hfo-corners-b-golden","disabled","8","84675","{""baseline.orderUnits"":2765,""baseline.placeBuilding"":48,""baseline.queueForProduction"":476,""baseline.quitGame"":351,""baseline.setUnitDebugText"":685,""baseline.toggleRepairWrench"":47,""baseline.unqueueFromProduction"":149,""candidate.orderUnits"":7795,""candidate.pauseProduction"":128,""candidate.placeBuilding"":52,""candidate.queueForProduction"":475,""candidate.resumeProduction"":119,""candidate.setUnitDebugText"":1248,""candidate.toggleRepairWrench"":31,""candidate.unqueueFromProduction"":110}","{""baseline.orderUnits"":0.03265426631237083,""baseline.placeBuilding"":0.000566873339238264,""baseline.queueForProduction"":0.005621493947446117,""baseline.quitGame"":0.004145261293179805,""baseline.setUnitDebugText"":0.008089754945379392,""baseline.toggleRepairWrench"":0.0005550634780041334,""baseline.unqueueFromProduction"":0.0017596693238854445,""candidate.orderUnits"":0.09205786832004724,""candidate.pauseProduction"":0.001511662237968704,""candidate.placeBuilding"":0.000614112784174786,""candidate.queueForProduction"":0.005609684086211987,""candidate.resumeProduction"":0.0014053734868615293,""candidate.setUnitDebugText"":0.014738706820194862,""candidate.toggleRepairWrench"":0.0003661056982580455,""candidate.unqueueFromProduction"":0.0012990847357543548}",""
"strata","pinned_supalosa__hfo-corners-b-golden","separated_lanes_v2","8","115405","{""baseline.orderUnits"":4323,""baseline.placeBuilding"":48,""baseline.queueForProduction"":564,""baseline.quitGame"":64,""baseline.setUnitDebugText"":1112,""baseline.toggleRepairWrench"":39,""baseline.unqueueFromProduction"":186,""candidate.activateSuperWeapon"":2,""candidate.orderUnits"":7784,""candidate.pauseProduction"":145,""candidate.placeBuilding"":65,""candidate.queueForProduction"":471,""candidate.quitGame"":28,""candidate.resumeProduction"":132,""candidate.setUnitDebugText"":899,""candidate.toggleRepairWrench"":54,""candidate.unqueueFromProduction"":100}","{""baseline.orderUnits"":0.037459382175815605,""baseline.placeBuilding"":0.00041592651964819546,""baseline.queueForProduction"":0.004887136605866297,""baseline.quitGame"":0.0005545686928642606,""baseline.setUnitDebugText"":0.009635631038516529,""baseline.toggleRepairWrench"":0.00033794029721415884,""baseline.unqueueFromProduction"":0.0016117152636367575,""candidate.activateSuperWeapon"":0.000017330271652008144,""candidate.orderUnits"":0.0674494172696157,""candidate.pauseProduction"":0.0012564446947705905,""candidate.placeBuilding"":0.0005632338286902647,""candidate.queueForProduction"":0.0040812789740479185,""candidate.quitGame"":0.00024262380312811403,""candidate.resumeProduction"":0.0011437979290325375,""candidate.setUnitDebugText"":0.007789957107577661,""candidate.toggleRepairWrench"":0.0004679173346042199,""candidate.unqueueFromProduction"":0.0008665135826004072}","{""counters"":{""debugCoalesced"":0,""debugDropped"":348,""debugForwarded"":899,""debugProposals"":1247,""deferredUnitIds"":40864,""duplicateSuppressions"":196,""expiredPending"":1,""forwardedOrderCalls"":7784,""forwardedUnitIds"":15867,""gameplayNonorderCalls"":997,""invalidTargets"":22,""invalidTiles"":0,""invalidUnitIds"":7,""pendingUnitIds"":40864,""productionBatches"":719,""proposedCalls"":8585,""proposedUnitIds"":16786,""revokedPending"":0,""sameUnitConflicts"":693,""supersededPending"":679},""countersPerObservedUpdate"":{""debugCoalesced"":0,""debugDropped"":0.003015467267449417,""debugForwarded"":0.007789957107577661,""debugProposals"":0.010805424375027078,""deferredUnitIds"":0.35409211039383043,""duplicateSuppressions"":0.0016983666218967981,""expiredPending"":0.000008665135826004072,""forwardedOrderCalls"":0.0674494172696157,""forwardedUnitIds"":0.13748971015120662,""gameplayNonorderCalls"":0.008639140418526061,""invalidTargets"":0.0001906329881720896,""invalidTiles"":0,""invalidUnitIds"":0.00006065595078202851,""pendingUnitIds"":0.35409211039383043,""productionBatches"":0.006230232658896928,""proposedCalls"":0.07439019106624496,""proposedUnitIds"":0.14545296997530435,""revokedPending"":0,""sameUnitConflicts"":0.006004939127420822,""supersededPending"":0.005883627225856765},""referenceExceededUpdates"":0,""budgetDenialUpdates"":7984,""budgetDeniedUnitIdOccurrences"":40864,""budgetDeniedDebugCalls"":348,""maxRollingCommandCalls"":115,""maxPendingUnitIds"":20}"
"strata","pinned_supalosa__hfo-corners-b-golden","separated_lanes_unbounded_d1","8","96667","{""baseline.orderUnits"":3203,""baseline.placeBuilding"":49,""baseline.queueForProduction"":503,""baseline.quitGame"":68,""baseline.setUnitDebugText"":818,""baseline.toggleRepairWrench"":46,""baseline.unqueueFromProduction"":170,""candidate.orderUnits"":7502,""candidate.pauseProduction"":131,""candidate.placeBuilding"":51,""candidate.queueForProduction"":469,""candidate.resumeProduction"":119,""candidate.setUnitDebugText"":1203,""candidate.toggleRepairWrench"":26,""candidate.unqueueFromProduction"":105}","{""baseline.orderUnits"":0.03313436850217758,""baseline.placeBuilding"":0.0005068948038110214,""baseline.queueForProduction"":0.005203430332998852,""baseline.quitGame"":0.0007034458501867235,""baseline.setUnitDebugText"":0.008462039786069703,""baseline.toggleRepairWrench"":0.00047586042806748943,""baseline.unqueueFromProduction"":0.0017586146254668087,""candidate.orderUnits"":0.07760662894265882,""candidate.pauseProduction"":0.0013551677408008937,""candidate.placeBuilding"":0.0005275843876400427,""candidate.queueForProduction"":0.00485170740790549,""candidate.resumeProduction"":0.001231030237826766,""candidate.setUnitDebugText"":0.0124447846731563,""candidate.toggleRepairWrench"":0.0002689645897772766,""candidate.unqueueFromProduction"":0.0010862031510236172}","{""counters"":{""debugCoalesced"":0,""debugDropped"":0,""debugForwarded"":1203,""debugProposals"":1203,""deferredUnitIds"":0,""duplicateSuppressions"":40,""expiredPending"":0,""forwardedOrderCalls"":7502,""forwardedUnitIds"":12247,""gameplayNonorderCalls"":901,""invalidTargets"":0,""invalidTiles"":0,""invalidUnitIds"":0,""pendingUnitIds"":0,""productionBatches"":684,""proposedCalls"":7820,""proposedUnitIds"":12287,""revokedPending"":0,""sameUnitConflicts"":0,""supersededPending"":0},""countersPerObservedUpdate"":{""debugCoalesced"":0,""debugDropped"":0,""debugForwarded"":0.0124447846731563,""debugProposals"":0.0124447846731563,""deferredUnitIds"":0,""duplicateSuppressions"":0.0004137916765804256,""expiredPending"":0,""forwardedOrderCalls"":0.07760662894265882,""forwardedUnitIds"":0.1266926665770118,""gameplayNonorderCalls"":0.009320657514974085,""invalidTargets"":0,""invalidTiles"":0,""invalidUnitIds"":0,""pendingUnitIds"":0,""productionBatches"":0.007075837669525278,""proposedCalls"":0.0808962727714732,""proposedUnitIds"":0.12710645825359224,""revokedPending"":0,""sameUnitConflicts"":0,""supersededPending"":0},""referenceExceededUpdates"":27254,""budgetDenialUpdates"":0,""budgetDeniedUnitIdOccurrences"":0,""budgetDeniedDebugCalls"":0,""maxRollingCommandCalls"":212,""maxPendingUnitIds"":0}"
"strata","pinned_supalosa__hfo-golden","disabled","8","106650","{""baseline.orderUnits"":2933,""baseline.placeBuilding"":52,""baseline.queueForProduction"":494,""baseline.quitGame"":1127,""baseline.setUnitDebugText"":625,""baseline.toggleRepairWrench"":90,""baseline.unqueueFromProduction"":121,""candidate.orderUnits"":10167,""candidate.pauseProduction"":153,""candidate.placeBuilding"":63,""candidate.queueForProduction"":534,""candidate.resumeProduction"":138,""candidate.setUnitDebugText"":2007,""candidate.toggleRepairWrench"":69,""candidate.unqueueFromProduction"":120}","{""baseline.orderUnits"":0.027501172058134085,""baseline.placeBuilding"":0.0004875761837787154,""baseline.queueForProduction"":0.004631973745897797,""baseline.quitGame"":0.01056727613689639,""baseline.setUnitDebugText"":0.005860290670417253,""baseline.toggleRepairWrench"":0.0008438818565400844,""baseline.unqueueFromProduction"":0.0011345522737927802,""candidate.orderUnits"":0.09533052039381153,""candidate.pauseProduction"":0.0014345991561181435,""candidate.placeBuilding"":0.000590717299578059,""candidate.queueForProduction"":0.005007032348804501,""candidate.resumeProduction"":0.0012939521800281295,""candidate.setUnitDebugText"":0.01881856540084388,""candidate.toggleRepairWrench"":0.0006469760900140647,""candidate.unqueueFromProduction"":0.0011251758087201125}",""
"strata","pinned_supalosa__hfo-golden","separated_lanes_v2","8","111170","{""baseline.orderUnits"":4463,""baseline.placeBuilding"":56,""baseline.queueForProduction"":557,""baseline.quitGame"":60,""baseline.setUnitDebugText"":883,""baseline.toggleRepairWrench"":81,""baseline.unqueueFromProduction"":162,""candidate.activateSuperWeapon"":1,""candidate.orderUnits"":9628,""candidate.pauseProduction"":185,""candidate.placeBuilding"":63,""candidate.queueForProduction"":537,""candidate.resumeProduction"":168,""candidate.setUnitDebugText"":768,""candidate.toggleRepairWrench"":82,""candidate.unqueueFromProduction"":132}","{""baseline.orderUnits"":0.040145722766933525,""baseline.placeBuilding"":0.0005037330214986058,""baseline.queueForProduction"":0.005010344517405775,""baseline.quitGame"":0.000539713951605649,""baseline.setUnitDebugText"":0.007942790321129801,""baseline.toggleRepairWrench"":0.0007286138346676262,""baseline.unqueueFromProduction"":0.0014572276693352523,""candidate.activateSuperWeapon"":0.000008995232526760817,""candidate.orderUnits"":0.08660609876765314,""candidate.pauseProduction"":0.0016641180174507512,""candidate.placeBuilding"":0.0005666996491859315,""candidate.queueForProduction"":0.004830439866870559,""candidate.resumeProduction"":0.0015111990644958173,""candidate.setUnitDebugText"":0.006908338580552308,""candidate.toggleRepairWrench"":0.000737609067194387,""candidate.unqueueFromProduction"":0.0011873706935324278}","{""counters"":{""debugCoalesced"":0,""debugDropped"":963,""debugForwarded"":768,""debugProposals"":1731,""deferredUnitIds"":61088,""duplicateSuppressions"":384,""expiredPending"":11,""forwardedOrderCalls"":9628,""forwardedUnitIds"":14473,""gameplayNonorderCalls"":1168,""invalidTargets"":28,""invalidTiles"":0,""invalidUnitIds"":16,""pendingUnitIds"":61088,""productionBatches"":841,""proposedCalls"":11417,""proposedUnitIds"":15931,""revokedPending"":0,""sameUnitConflicts"":1019,""supersededPending"":1019},""countersPerObservedUpdate"":{""debugCoalesced"":0,""debugDropped"":0.008662408923270666,""debugForwarded"":0.006908338580552308,""debugProposals"":0.015570747503822974,""deferredUnitIds"":0.5495007645947648,""duplicateSuppressions"":0.003454169290276154,""expiredPending"":0.00009894755779436899,""forwardedOrderCalls"":0.08660609876765314,""forwardedUnitIds"":0.1301880003598093,""gameplayNonorderCalls"":0.010506431591256634,""invalidTargets"":0.0002518665107493029,""invalidTiles"":0,""invalidUnitIds"":0.00014392372042817307,""pendingUnitIds"":0.5495007645947648,""productionBatches"":0.007564990555005847,""proposedCalls"":0.10269856975802824,""proposedUnitIds"":0.14330304938382657,""revokedPending"":0,""sameUnitConflicts"":0.009166141944769272,""supersededPending"":0.009166141944769272},""referenceExceededUpdates"":0,""budgetDenialUpdates"":14671,""budgetDeniedUnitIdOccurrences"":61088,""budgetDeniedDebugCalls"":963,""maxRollingCommandCalls"":115,""maxPendingUnitIds"":27}"
"strata","pinned_supalosa__hfo-golden","separated_lanes_unbounded_d1","8","116610","{""baseline.orderUnits"":3543,""baseline.placeBuilding"":49,""baseline.queueForProduction"":500,""baseline.quitGame"":1111,""baseline.setUnitDebugText"":762,""baseline.toggleRepairWrench"":82,""baseline.unqueueFromProduction"":117,""candidate.activateSuperWeapon"":1,""candidate.orderUnits"":10291,""candidate.pauseProduction"":186,""candidate.placeBuilding"":65,""candidate.queueForProduction"":572,""candidate.resumeProduction"":171,""candidate.setUnitDebugText"":2147,""candidate.toggleRepairWrench"":77,""candidate.unqueueFromProduction"":149}","{""baseline.orderUnits"":0.030383329045536405,""baseline.placeBuilding"":0.000420204099133865,""baseline.queueForProduction"":0.004287796929937398,""baseline.quitGame"":0.009527484778320898,""baseline.setUnitDebugText"":0.006534602521224595,""baseline.toggleRepairWrench"":0.0007031986965097333,""baseline.unqueueFromProduction"":0.001003344481605351,""candidate.activateSuperWeapon"":0.000008575593859874796,""candidate.orderUnits"":0.08825143641197153,""candidate.pauseProduction"":0.0015950604579367121,""candidate.placeBuilding"":0.0005574136008918618,""candidate.queueForProduction"":0.004905239687848384,""candidate.resumeProduction"":0.0014664265500385903,""candidate.setUnitDebugText"":0.01841180001715119,""candidate.toggleRepairWrench"":0.0006603207272103594,""candidate.unqueueFromProduction"":0.0012777634851213447}","{""counters"":{""debugCoalesced"":0,""debugDropped"":0,""debugForwarded"":2147,""debugProposals"":2147,""deferredUnitIds"":0,""duplicateSuppressions"":61,""expiredPending"":0,""forwardedOrderCalls"":10291,""forwardedUnitIds"":16224,""gameplayNonorderCalls"":1221,""invalidTargets"":0,""invalidTiles"":0,""invalidUnitIds"":0,""pendingUnitIds"":0,""productionBatches"":888,""proposedCalls"":10796,""proposedUnitIds"":16285,""revokedPending"":0,""sameUnitConflicts"":0,""supersededPending"":0},""countersPerObservedUpdate"":{""debugCoalesced"":0,""debugDropped"":0,""debugForwarded"":0.01841180001715119,""debugProposals"":0.01841180001715119,""deferredUnitIds"":0,""duplicateSuppressions"":0.0005231112254523625,""expiredPending"":0,""forwardedOrderCalls"":0.08825143641197153,""forwardedUnitIds"":0.1391304347826087,""gameplayNonorderCalls"":0.010470800102907126,""invalidTargets"":0,""invalidTiles"":0,""invalidUnitIds"":0,""pendingUnitIds"":0,""productionBatches"":0.007615127347568819,""proposedCalls"":0.0925821113112083,""proposedUnitIds"":0.13965354600806107,""revokedPending"":0,""sameUnitConflicts"":0,""supersededPending"":0},""referenceExceededUpdates"":31046,""budgetDenialUpdates"":0,""budgetDeniedUnitIdOccurrences"":0,""budgetDeniedDebugCalls"":0,""maxRollingCommandCalls"":522,""maxPendingUnitIds"":0}"
"strata","pinned_supalosa__hfo-le","disabled","8","102623","{""baseline.orderUnits"":2880,""baseline.placeBuilding"":63,""baseline.queueForProduction"":554,""baseline.quitGame"":126,""baseline.setUnitDebugText"":615,""baseline.toggleRepairWrench"":79,""baseline.unqueueFromProduction"":196,""candidate.orderUnits"":24797,""candidate.pauseProduction"":71,""candidate.placeBuilding"":48,""candidate.queueForProduction"":521,""candidate.resumeProduction"":65,""candidate.sellObject"":10,""candidate.setUnitDebugText"":1273,""candidate.toggleRepairWrench"":12,""candidate.unqueueFromProduction"":82}","{""baseline.orderUnits"":0.028063884314432436,""baseline.placeBuilding"":0.0006138974693782096,""baseline.queueForProduction"":0.005398399968817906,""baseline.quitGame"":0.001227794938756419,""baseline.setUnitDebugText"":0.0059928086296444265,""baseline.toggleRepairWrench"":0.0007698079377917231,""baseline.unqueueFromProduction"":0.001909903238065541,""candidate.orderUnits"":0.24163199282811845,""candidate.pauseProduction"":0.0006918527035849663,""candidate.placeBuilding"":0.0004677314052405406,""candidate.queueForProduction"":0.005076834627715035,""candidate.resumeProduction"":0.0006333862779298987,""candidate.sellObject"":0.00009744404275844596,""candidate.setUnitDebugText"":0.01240462664315017,""candidate.toggleRepairWrench"":0.00011693285131013515,""candidate.unqueueFromProduction"":0.0007990411506192569}",""
"strata","pinned_supalosa__hfo-le","separated_lanes_v2","8","141875","{""baseline.orderUnits"":3875,""baseline.placeBuilding"":72,""baseline.queueForProduction"":585,""baseline.quitGame"":29,""baseline.setUnitDebugText"":736,""baseline.toggleRepairWrench"":93,""baseline.unqueueFromProduction"":140,""candidate.activateSuperWeapon"":2,""candidate.orderUnits"":14253,""candidate.pauseProduction"":161,""candidate.placeBuilding"":53,""candidate.queueForProduction"":699,""candidate.resumeProduction"":152,""candidate.sellObject"":10,""candidate.setUnitDebugText"":551,""candidate.toggleRepairWrench"":6,""candidate.unqueueFromProduction"":152}","{""baseline.orderUnits"":0.027312775330396475,""baseline.placeBuilding"":0.000507488986784141,""baseline.queueForProduction"":0.004123348017621146,""baseline.quitGame"":0.00020440528634361235,""baseline.setUnitDebugText"":0.0051876651982378855,""baseline.toggleRepairWrench"":0.0006555066079295155,""baseline.unqueueFromProduction"":0.000986784140969163,""candidate.activateSuperWeapon"":0.00001409691629955947,""candidate.orderUnits"":0.10046167400881058,""candidate.pauseProduction"":0.0011348017621145374,""candidate.placeBuilding"":0.000373568281938326,""candidate.queueForProduction"":0.004926872246696036,""candidate.resumeProduction"":0.0010713656387665198,""candidate.sellObject"":0.00007048458149779735,""candidate.setUnitDebugText"":0.0038837004405286343,""candidate.toggleRepairWrench"":0.00004229074889867841,""candidate.unqueueFromProduction"":0.0010713656387665198}","{""counters"":{""debugCoalesced"":0,""debugDropped"":1043,""debugForwarded"":551,""debugProposals"":1594,""deferredUnitIds"":537781,""duplicateSuppressions"":24952,""expiredPending"":1,""forwardedOrderCalls"":14253,""forwardedUnitIds"":118722,""gameplayNonorderCalls"":1235,""invalidTargets"":1942,""invalidTiles"":0,""invalidUnitIds"":224,""pendingUnitIds"":537781,""productionBatches"":1015,""proposedCalls"":35249,""proposedUnitIds"":316963,""revokedPending"":12109,""sameUnitConflicts"":159012,""supersededPending"":152883},""countersPerObservedUpdate"":{""debugCoalesced"":0,""debugDropped"":0.0073515418502202645,""debugForwarded"":0.0038837004405286343,""debugProposals"":0.011235242290748898,""deferredUnitIds"":3.790526872246696,""duplicateSuppressions"":0.17587312775330396,""expiredPending"":0.000007048458149779735,""forwardedOrderCalls"":0.10046167400881058,""forwardedUnitIds"":0.8368070484581498,""gameplayNonorderCalls"":0.008704845814977973,""invalidTargets"":0.013688105726872247,""invalidTiles"":0,""invalidUnitIds"":0.0015788546255506607,""pendingUnitIds"":3.790526872246696,""productionBatches"":0.007154185022026431,""proposedCalls"":0.2484511013215859,""proposedUnitIds"":2.234100440528634,""revokedPending"":0.08534977973568282,""sameUnitConflicts"":1.1207894273127754,""supersededPending"":1.0775894273127753},""referenceExceededUpdates"":0,""budgetDenialUpdates"":44923,""budgetDeniedUnitIdOccurrences"":537781,""budgetDeniedDebugCalls"":1043,""maxRollingCommandCalls"":115,""maxPendingUnitIds"":34}"
"strata","pinned_supalosa__hfo-le","separated_lanes_unbounded_d1","8","120544","{""baseline.orderUnits"":3005,""baseline.placeBuilding"":65,""baseline.queueForProduction"":560,""baseline.quitGame"":504,""baseline.setUnitDebugText"":650,""baseline.toggleRepairWrench"":92,""baseline.unqueueFromProduction"":183,""candidate.activateSuperWeapon"":5,""candidate.orderUnits"":26732,""candidate.pauseProduction"":100,""candidate.placeBuilding"":59,""candidate.queueForProduction"":594,""candidate.resumeProduction"":95,""candidate.sellObject"":10,""candidate.setUnitDebugText"":1493,""candidate.toggleRepairWrench"":12,""candidate.unqueueFromProduction"":95}","{""baseline.orderUnits"":0.024928656756039287,""baseline.placeBuilding"":0.0005392221927263074,""baseline.queueForProduction"":0.004645606583488187,""baseline.quitGame"":0.004181045925139368,""baseline.setUnitDebugText"":0.0053922219272630745,""baseline.toggleRepairWrench"":0.0007632067958587735,""baseline.unqueueFromProduction"":0.001518117865675604,""candidate.activateSuperWeapon"":0.000041478630209715954,""candidate.orderUnits"":0.22176134855322538,""candidate.pauseProduction"":0.0008295726041943191,""candidate.placeBuilding"":0.0004894478364746483,""candidate.queueForProduction"":0.004927661268914255,""candidate.resumeProduction"":0.0007880939739846032,""candidate.sellObject"":0.00008295726041943191,""candidate.setUnitDebugText"":0.012385518980621185,""candidate.toggleRepairWrench"":0.00009954871250331828,""candidate.unqueueFromProduction"":0.0007880939739846032}","{""counters"":{""debugCoalesced"":0,""debugDropped"":0,""debugForwarded"":1493,""debugProposals"":1493,""deferredUnitIds"":0,""duplicateSuppressions"":54,""expiredPending"":0,""forwardedOrderCalls"":26732,""forwardedUnitIds"":316252,""gameplayNonorderCalls"":970,""invalidTargets"":0,""invalidTiles"":0,""invalidUnitIds"":0,""pendingUnitIds"":0,""productionBatches"":800,""proposedCalls"":28834,""proposedUnitIds"":319409,""revokedPending"":0,""sameUnitConflicts"":3103,""supersededPending"":0},""countersPerObservedUpdate"":{""debugCoalesced"":0,""debugDropped"":0,""debugForwarded"":0.012385518980621185,""debugProposals"":0.012385518980621185,""deferredUnitIds"":0,""duplicateSuppressions"":0.0004479692062649323,""expiredPending"":0,""forwardedOrderCalls"":0.22176134855322538,""forwardedUnitIds"":2.623539952216618,""gameplayNonorderCalls"":0.008046854260684895,""invalidTargets"":0,""invalidTiles"":0,""invalidUnitIds"":0,""pendingUnitIds"":0,""productionBatches"":0.006636580833554553,""proposedCalls"":0.23919896469338997,""proposedUnitIds"":2.649729559331033,""revokedPending"":0,""sameUnitConflicts"":0.02574163790814972,""supersededPending"":0},""referenceExceededUpdates"":83039,""budgetDenialUpdates"":0,""budgetDeniedUnitIdOccurrences"":0,""budgetDeniedDebugCalls"":0,""maxRollingCommandCalls"":562,""maxPendingUnitIds"":0}"
"strata","pinned_supalosa__hfo-lvl","disabled","8","151643","{""baseline.orderUnits"":4123,""baseline.placeBuilding"":47,""baseline.queueForProduction"":507,""baseline.quitGame"":193,""baseline.setUnitDebugText"":895,""baseline.toggleRepairWrench"":39,""baseline.unqueueFromProduction"":146,""candidate.activateSuperWeapon"":6,""candidate.orderUnits"":6367,""candidate.pauseProduction"":151,""candidate.placeBuilding"":68,""candidate.queueForProduction"":567,""candidate.quitGame"":122,""candidate.resumeProduction"":141,""candidate.setUnitDebugText"":1798,""candidate.toggleRepairWrench"":40,""candidate.unqueueFromProduction"":163}","{""baseline.orderUnits"":0.02718885804158451,""baseline.placeBuilding"":0.0003099384739157099,""baseline.queueForProduction"":0.0033433788569205303,""baseline.quitGame"":0.001272726073738979,""baseline.setUnitDebugText"":0.005902019875628944,""baseline.toggleRepairWrench"":0.00025718298899388695,""baseline.unqueueFromProduction"":0.0009627875998232692,""candidate.activateSuperWeapon"":0.00003956661369136722,""candidate.orderUnits"":0.041986771562155856,""candidate.pauseProduction"":0.0009957597778994084,""candidate.placeBuilding"":0.0004484216218354952,""candidate.queueForProduction"":0.003739044993834203,""candidate.quitGame"":0.0008045211450578002,""candidate.resumeProduction"":0.0009298154217471298,""candidate.setUnitDebugText"":0.011856795236179711,""candidate.toggleRepairWrench"":0.00026377742460911483,""candidate.unqueueFromProduction"":0.001074893005282143}",""
"strata","pinned_supalosa__hfo-lvl","separated_lanes_v2","8","136000","{""baseline.orderUnits"":3820,""baseline.placeBuilding"":43,""baseline.queueForProduction"":490,""baseline.quitGame"":1377,""baseline.setUnitDebugText"":901,""baseline.toggleRepairWrench"":34,""baseline.unqueueFromProduction"":134,""candidate.activateSuperWeapon"":4,""candidate.orderUnits"":5446,""candidate.pauseProduction"":174,""candidate.placeBuilding"":68,""candidate.queueForProduction"":490,""candidate.resumeProduction"":163,""candidate.setUnitDebugText"":1335,""candidate.toggleRepairWrench"":35,""candidate.unqueueFromProduction"":131}","{""baseline.orderUnits"":0.028088235294117646,""baseline.placeBuilding"":0.0003161764705882353,""baseline.queueForProduction"":0.0036029411764705883,""baseline.quitGame"":0.010125,""baseline.setUnitDebugText"":0.006625,""baseline.toggleRepairWrench"":0.00025,""baseline.unqueueFromProduction"":0.0009852941176470588,""candidate.activateSuperWeapon"":0.000029411764705882354,""candidate.orderUnits"":0.04004411764705882,""candidate.pauseProduction"":0.0012794117647058824,""candidate.placeBuilding"":0.0005,""candidate.queueForProduction"":0.0036029411764705883,""candidate.resumeProduction"":0.001198529411764706,""candidate.setUnitDebugText"":0.009816176470588236,""candidate.toggleRepairWrench"":0.0002573529411764706,""candidate.unqueueFromProduction"":0.000963235294117647}","{""counters"":{""debugCoalesced"":0,""debugDropped"":400,""debugForwarded"":1335,""debugProposals"":1735,""deferredUnitIds"":37109,""duplicateSuppressions"":58,""expiredPending"":0,""forwardedOrderCalls"":5446,""forwardedUnitIds"":28059,""gameplayNonorderCalls"":1065,""invalidTargets"":21,""invalidTiles"":0,""invalidUnitIds"":7,""pendingUnitIds"":37109,""productionBatches"":793,""proposedCalls"":6067,""proposedUnitIds"":32005,""revokedPending"":775,""sameUnitConflicts"":3081,""supersededPending"":1889},""countersPerObservedUpdate"":{""debugCoalesced"":0,""debugDropped"":0.0029411764705882353,""debugForwarded"":0.009816176470588236,""debugProposals"":0.012757352941176471,""deferredUnitIds"":0.27286029411764706,""duplicateSuppressions"":0.0004264705882352941,""expiredPending"":0,""forwardedOrderCalls"":0.04004411764705882,""forwardedUnitIds"":0.20631617647058823,""gameplayNonorderCalls"":0.007830882352941177,""invalidTargets"":0.00015441176470588235,""invalidTiles"":0,""invalidUnitIds"":0.00005147058823529412,""pendingUnitIds"":0.27286029411764706,""productionBatches"":0.005830882352941176,""proposedCalls"":0.04461029411764706,""proposedUnitIds"":0.23533088235294117,""revokedPending"":0.005698529411764706,""sameUnitConflicts"":0.02265441176470588,""supersededPending"":0.013889705882352941},""referenceExceededUpdates"":0,""budgetDenialUpdates"":4095,""budgetDeniedUnitIdOccurrences"":37109,""budgetDeniedDebugCalls"":400,""maxRollingCommandCalls"":115,""maxPendingUnitIds"":25}"
"strata","pinned_supalosa__hfo-lvl","separated_lanes_unbounded_d1","8","139072","{""baseline.orderUnits"":3987,""baseline.placeBuilding"":47,""baseline.queueForProduction"":498,""baseline.quitGame"":193,""baseline.setUnitDebugText"":859,""baseline.toggleRepairWrench"":37,""baseline.unqueueFromProduction"":138,""candidate.activateSuperWeapon"":4,""candidate.orderUnits"":5722,""candidate.pauseProduction"":144,""candidate.placeBuilding"":65,""candidate.queueForProduction"":534,""candidate.quitGame"":122,""candidate.resumeProduction"":133,""candidate.setUnitDebugText"":1744,""candidate.toggleRepairWrench"":47,""candidate.unqueueFromProduction"":144}","{""baseline.orderUnits"":0.028668603313391626,""baseline.placeBuilding"":0.00033795444086516334,""baseline.queueForProduction"":0.00358087896916705,""baseline.quitGame"":0.001387770363552692,""baseline.setUnitDebugText"":0.006176656695812241,""baseline.toggleRepairWrench"":0.00026604924068108604,""baseline.unqueueFromProduction"":0.000992291762540267,""candidate.activateSuperWeapon"":0.000028762080073630926,""candidate.orderUnits"":0.04114415554532904,""candidate.pauseProduction"":0.0010354348826507134,""candidate.placeBuilding"":0.0004673838011965025,""candidate.queueForProduction"":0.0038397376898297287,""candidate.quitGame"":0.0008772434422457432,""candidate.resumeProduction"":0.0009563391624482282,""candidate.setUnitDebugText"":0.012540266912103084,""candidate.toggleRepairWrench"":0.00033795444086516334,""candidate.unqueueFromProduction"":0.0010354348826507134}","{""counters"":{""debugCoalesced"":0,""debugDropped"":0,""debugForwarded"":1744,""debugProposals"":1744,""deferredUnitIds"":0,""duplicateSuppressions"":32,""expiredPending"":0,""forwardedOrderCalls"":5722,""forwardedUnitIds"":22309,""gameplayNonorderCalls"":1193,""invalidTargets"":0,""invalidTiles"":0,""invalidUnitIds"":0,""pendingUnitIds"":0,""productionBatches"":836,""proposedCalls"":5894,""proposedUnitIds"":22674,""revokedPending"":0,""sameUnitConflicts"":333,""supersededPending"":0},""countersPerObservedUpdate"":{""debugCoalesced"":0,""debugDropped"":0,""debugForwarded"":0.012540266912103084,""debugProposals"":0.012540266912103084,""deferredUnitIds"":0,""duplicateSuppressions"":0.0002300966405890474,""expiredPending"":0,""forwardedOrderCalls"":0.04114415554532904,""forwardedUnitIds"":0.16041331109065807,""gameplayNonorderCalls"":0.008578290381960424,""invalidTargets"":0,""invalidTiles"":0,""invalidUnitIds"":0,""pendingUnitIds"":0,""productionBatches"":0.006011274735388863,""proposedCalls"":0.04238092498849517,""proposedUnitIds"":0.1630378508973769,""revokedPending"":0,""sameUnitConflicts"":0.0023944431661297744,""supersededPending"":0},""referenceExceededUpdates"":14188,""budgetDenialUpdates"":0,""budgetDeniedUnitIdOccurrences"":0,""budgetDeniedDebugCalls"":0,""maxRollingCommandCalls"":183,""maxPendingUnitIds"":0}"
"strata","pinned_supalosa__hfo-original","disabled","8","121348","{""baseline.orderUnits"":3782,""baseline.placeBuilding"":51,""baseline.queueForProduction"":601,""baseline.quitGame"":750,""baseline.setUnitDebugText"":945,""baseline.toggleRepairWrench"":62,""baseline.unqueueFromProduction"":208,""candidate.activateSuperWeapon"":3,""candidate.orderUnits"":12732,""candidate.pauseProduction"":194,""candidate.placeBuilding"":70,""candidate.queueForProduction"":600,""candidate.resumeProduction"":177,""candidate.setUnitDebugText"":1621,""candidate.toggleRepairWrench"":74,""candidate.unqueueFromProduction"":166}","{""baseline.orderUnits"":0.031166562283679995,""baseline.placeBuilding"":0.0004202788673896562,""baseline.queueForProduction"":0.0049526980255134,""baseline.quitGame"":0.00618057157925965,""baseline.setUnitDebugText"":0.0077875201898671585,""baseline.toggleRepairWrench"":0.000510927250552131,""baseline.unqueueFromProduction"":0.0017140785179813429,""candidate.activateSuperWeapon"":0.000024722286317038598,""candidate.orderUnits"":0.10492138312951181,""candidate.pauseProduction"":0.0015987078485018296,""candidate.placeBuilding"":0.0005768533473975673,""candidate.queueForProduction"":0.00494445726340772,""candidate.resumeProduction"":0.0014586148927052773,""candidate.setUnitDebugText"":0.013358275373306524,""candidate.toggleRepairWrench"":0.0006098163958202854,""candidate.unqueueFromProduction"":0.0013679665095428025}",""
"strata","pinned_supalosa__hfo-original","separated_lanes_v2","8","137900","{""baseline.orderUnits"":4859,""baseline.placeBuilding"":55,""baseline.queueForProduction"":581,""baseline.quitGame"":1091,""baseline.setUnitDebugText"":920,""baseline.toggleRepairWrench"":70,""baseline.unqueueFromProduction"":200,""candidate.activateSuperWeapon"":8,""candidate.orderUnits"":11435,""candidate.pauseProduction"":210,""candidate.placeBuilding"":73,""candidate.queueForProduction"":644,""candidate.resumeProduction"":192,""candidate.setUnitDebugText"":1016,""candidate.toggleRepairWrench"":72,""candidate.unqueueFromProduction"":136}","{""baseline.orderUnits"":0.0352356780275562,""baseline.placeBuilding"":0.00039883973894126176,""baseline.queueForProduction"":0.004213197969543147,""baseline.quitGame"":0.00791153009427121,""baseline.setUnitDebugText"":0.006671501087744743,""baseline.toggleRepairWrench"":0.0005076142131979696,""baseline.unqueueFromProduction"":0.0014503263234227702,""candidate.activateSuperWeapon"":0.000058013052936910804,""candidate.orderUnits"":0.08292240754169689,""candidate.pauseProduction"":0.0015228426395939086,""candidate.placeBuilding"":0.0005293691080493111,""candidate.queueForProduction"":0.0046700507614213195,""candidate.resumeProduction"":0.0013923132704858592,""candidate.setUnitDebugText"":0.007367657722987672,""candidate.toggleRepairWrench"":0.0005221174764321973,""candidate.unqueueFromProduction"":0.0009862218999274837}","{""counters"":{""debugCoalesced"":0,""debugDropped"":970,""debugForwarded"":1016,""debugProposals"":1986,""deferredUnitIds"":80996,""duplicateSuppressions"":377,""expiredPending"":5,""forwardedOrderCalls"":11435,""forwardedUnitIds"":25757,""gameplayNonorderCalls"":1335,""invalidTargets"":25,""invalidTiles"":0,""invalidUnitIds"":26,""pendingUnitIds"":80996,""productionBatches"":1001,""proposedCalls"":16204,""proposedUnitIds"":45278,""revokedPending"":15665,""sameUnitConflicts"":3422,""supersededPending"":2386},""countersPerObservedUpdate"":{""debugCoalesced"":0,""debugDropped"":0.007034082668600435,""debugForwarded"":0.007367657722987672,""debugProposals"":0.014401740391588107,""deferredUnitIds"":0.5873531544597534,""duplicateSuppressions"":0.002733865119651922,""expiredPending"":0.00003625815808556925,""forwardedOrderCalls"":0.08292240754169689,""forwardedUnitIds"":0.18678027556200144,""gameplayNonorderCalls"":0.00968092820884699,""invalidTargets"":0.00018129079042784627,""invalidTiles"":0,""invalidUnitIds"":0.0001885424220449601,""pendingUnitIds"":0.5873531544597534,""productionBatches"":0.0072588832487309645,""proposedCalls"":0.11750543872371283,""proposedUnitIds"":0.3283393763596809,""revokedPending"":0.11359680928208847,""sameUnitConflicts"":0.024815083393763596,""supersededPending"":0.017302393038433648},""referenceExceededUpdates"":0,""budgetDenialUpdates"":15589,""budgetDeniedUnitIdOccurrences"":80996,""budgetDeniedDebugCalls"":970,""maxRollingCommandCalls"":115,""maxPendingUnitIds"":44}"
"strata","pinned_supalosa__hfo-original","separated_lanes_unbounded_d1","8","108835","{""baseline.orderUnits"":3814,""baseline.placeBuilding"":50,""baseline.queueForProduction"":620,""baseline.quitGame"":32,""baseline.setUnitDebugText"":1002,""baseline.toggleRepairWrench"":61,""baseline.unqueueFromProduction"":234,""candidate.activateSuperWeapon"":3,""candidate.orderUnits"":9577,""candidate.pauseProduction"":175,""candidate.placeBuilding"":65,""candidate.queueForProduction"":564,""candidate.resumeProduction"":155,""candidate.setUnitDebugText"":1527,""candidate.toggleRepairWrench"":77,""candidate.unqueueFromProduction"":144}","{""baseline.orderUnits"":0.03504387375384757,""baseline.placeBuilding"":0.00045941103505306197,""baseline.queueForProduction"":0.005696696834657969,""baseline.quitGame"":0.00029402306243395967,""baseline.setUnitDebugText"":0.009206597142463363,""baseline.toggleRepairWrench"":0.0005604814627647356,""baseline.unqueueFromProduction"":0.00215004364404833,""candidate.activateSuperWeapon"":0.000027564662103183717,""candidate.orderUnits"":0.0879955896540635,""candidate.pauseProduction"":0.001607938622685717,""candidate.placeBuilding"":0.0005972343455689805,""candidate.queueForProduction"":0.005182156475398539,""candidate.resumeProduction"":0.0014241742086644922,""candidate.setUnitDebugText"":0.014030413010520514,""candidate.toggleRepairWrench"":0.0007074929939817154,""candidate.unqueueFromProduction"":0.0013231037809528184}","{""counters"":{""debugCoalesced"":0,""debugDropped"":0,""debugForwarded"":1527,""debugProposals"":1527,""deferredUnitIds"":0,""duplicateSuppressions"":53,""expiredPending"":0,""forwardedOrderCalls"":9577,""forwardedUnitIds"":16384,""gameplayNonorderCalls"":1183,""invalidTargets"":0,""invalidTiles"":0,""invalidUnitIds"":0,""pendingUnitIds"":0,""productionBatches"":878,""proposedCalls"":10539,""proposedUnitIds"":16437,""revokedPending"":0,""sameUnitConflicts"":0,""supersededPending"":0},""countersPerObservedUpdate"":{""debugCoalesced"":0,""debugDropped"":0,""debugForwarded"":0.014030413010520514,""debugProposals"":0.014030413010520514,""deferredUnitIds"":0,""duplicateSuppressions"":0.0004869756971562457,""expiredPending"":0,""forwardedOrderCalls"":0.0879955896540635,""forwardedUnitIds"":0.15053980796618735,""gameplayNonorderCalls"":0.010869665089355445,""invalidTargets"":0,""invalidTiles"":0,""invalidUnitIds"":0,""pendingUnitIds"":0,""productionBatches"":0.008067257775531769,""proposedCalls"":0.09683465796848441,""proposedUnitIds"":0.1510267836633436,""revokedPending"":0,""sameUnitConflicts"":0,""supersededPending"":0},""referenceExceededUpdates"":30664,""budgetDenialUpdates"":0,""budgetDeniedUnitIdOccurrences"":0,""budgetDeniedDebugCalls"":0,""maxRollingCommandCalls"":239,""maxPendingUnitIds"":0}"
"strata","pinned_supalosa__hfo-rvr","disabled","8","165581","{""baseline.orderUnits"":5051,""baseline.placeBuilding"":74,""baseline.queueForProduction"":796,""baseline.quitGame"":21,""baseline.setUnitDebugText"":1037,""baseline.toggleRepairWrench"":108,""baseline.unqueueFromProduction"":361,""candidate.activateSuperWeapon"":6,""candidate.orderUnits"":15342,""candidate.pauseProduction"":115,""candidate.placeBuilding"":86,""candidate.queueForProduction"":876,""candidate.quitGame"":21,""candidate.resumeProduction"":110,""candidate.setUnitDebugText"":2591,""candidate.toggleRepairWrench"":23,""candidate.unqueueFromProduction"":133}","{""baseline.orderUnits"":0.030504707665734595,""baseline.placeBuilding"":0.0004469111794227599,""baseline.queueForProduction"":0.0048073148489259036,""baseline.quitGame"":0.00012682614551186427,""baseline.setUnitDebugText"":0.006262795852181108,""baseline.toggleRepairWrench"":0.0006522487483467306,""baseline.unqueueFromProduction"":0.002180201834751572,""candidate.activateSuperWeapon"":0.000036236041574818366,""candidate.orderUnits"":0.09265555830681056,""candidate.pauseProduction"":0.0006945241301840187,""candidate.placeBuilding"":0.0005193832625723965,""candidate.queueForProduction"":0.005290462069923481,""candidate.quitGame"":0.00012682614551186427,""candidate.resumeProduction"":0.0006643274288716701,""candidate.setUnitDebugText"":0.015647930620059064,""candidate.toggleRepairWrench"":0.00013890482603680373,""candidate.unqueueFromProduction"":0.0008032322549084737}",""
"strata","pinned_supalosa__hfo-rvr","separated_lanes_v2","8","182044","{""baseline.orderUnits"":5515,""baseline.placeBuilding"":75,""baseline.queueForProduction"":873,""baseline.quitGame"":460,""baseline.setUnitDebugText"":1302,""baseline.toggleRepairWrench"":140,""baseline.unqueueFromProduction"":437,""candidate.activateSuperWeapon"":7,""candidate.orderUnits"":9169,""candidate.pauseProduction"":95,""candidate.placeBuilding"":83,""candidate.queueForProduction"":811,""candidate.quitGame"":39,""candidate.resumeProduction"":85,""candidate.setUnitDebugText"":1709,""candidate.toggleRepairWrench"":55,""candidate.unqueueFromProduction"":104}","{""baseline.orderUnits"":0.030294873766781655,""baseline.placeBuilding"":0.0004119883105183362,""baseline.queueForProduction"":0.004795543934433434,""baseline.quitGame"":0.0025268616378457953,""baseline.setUnitDebugText"":0.007152117070598317,""baseline.toggleRepairWrench"":0.0007690448463008943,""baseline.unqueueFromProduction"":0.002400518555953506,""candidate.activateSuperWeapon"":0.000038452242315044715,""candidate.orderUnits"":0.050366944255235,""candidate.pauseProduction"":0.0005218518599898926,""candidate.placeBuilding"":0.00045593373030695873,""candidate.queueForProduction"":0.004454966931071609,""candidate.quitGame"":0.00021423392146953482,""candidate.resumeProduction"":0.0004669200852541144,""candidate.setUnitDebugText"":0.009387840302344488,""candidate.toggleRepairWrench"":0.00030212476104677987,""candidate.unqueueFromProduction"":0.0005712904572520929}","{""counters"":{""debugCoalesced"":0,""debugDropped"":530,""debugForwarded"":1709,""debugProposals"":2239,""deferredUnitIds"":42172,""duplicateSuppressions"":135,""expiredPending"":0,""forwardedOrderCalls"":9169,""forwardedUnitIds"":25964,""gameplayNonorderCalls"":1279,""invalidTargets"":42,""invalidTiles"":0,""invalidUnitIds"":19,""pendingUnitIds"":42172,""productionBatches"":1042,""proposedCalls"":11194,""proposedUnitIds"":33260,""revokedPending"":5680,""sameUnitConflicts"":1415,""supersededPending"":1368},""countersPerObservedUpdate"":{""debugCoalesced"":0,""debugDropped"":0.0029113840609962427,""debugForwarded"":0.009387840302344488,""debugProposals"":0.01229922436334073,""deferredUnitIds"":0.23165828041572367,""duplicateSuppressions"":0.0007415789589330052,""expiredPending"":0,""forwardedOrderCalls"":0.050366944255235,""forwardedUnitIds"":0.14262485992397442,""gameplayNonorderCalls"":0.007025773988706027,""invalidTargets"":0.0002307134538902683,""invalidTiles"":0,""invalidUnitIds"":0.00010437037199797851,""pendingUnitIds"":0.23165828041572367,""productionBatches"":0.005723890927468085,""proposedCalls"":0.06149062863923008,""proposedUnitIds"":0.18270308277119818,""revokedPending"":0.031201248049921998,""sameUnitConflicts"":0.00777284612511261,""supersededPending"":0.007514666783854452},""referenceExceededUpdates"":0,""budgetDenialUpdates"":6647,""budgetDeniedUnitIdOccurrences"":42172,""budgetDeniedDebugCalls"":530,""maxRollingCommandCalls"":115,""maxPendingUnitIds"":26}"
"strata","pinned_supalosa__hfo-rvr","separated_lanes_unbounded_d1","8","173248","{""baseline.orderUnits"":4449,""baseline.placeBuilding"":78,""baseline.queueForProduction"":861,""baseline.setUnitDebugText"":1134,""baseline.toggleRepairWrench"":150,""baseline.unqueueFromProduction"":413,""candidate.activateSuperWeapon"":6,""candidate.orderUnits"":15189,""candidate.pauseProduction"":97,""candidate.placeBuilding"":83,""candidate.queueForProduction"":869,""candidate.quitGame"":39,""candidate.resumeProduction"":91,""candidate.setUnitDebugText"":2337,""candidate.toggleRepairWrench"":32,""candidate.unqueueFromProduction"":92}","{""baseline.orderUnits"":0.025679950129294422,""baseline.placeBuilding"":0.00045022164758034725,""baseline.queueForProduction"":0.004969754340598449,""baseline.setUnitDebugText"":0.006545530107129664,""baseline.toggleRepairWrench"":0.000865810860731437,""baseline.unqueueFromProduction"":0.0023838659032138897,""candidate.activateSuperWeapon"":0.000034632434429257484,""candidate.orderUnits"":0.08767200775766532,""candidate.pauseProduction"":0.0005598910232729959,""candidate.placeBuilding"":0.0004790820096047285,""candidate.queueForProduction"":0.005015930919837459,""candidate.quitGame"":0.00022511082379017363,""candidate.resumeProduction"":0.0005252585888437384,""candidate.setUnitDebugText"":0.013489333210195789,""candidate.toggleRepairWrench"":0.0001847063169560399,""candidate.unqueueFromProduction"":0.0005310306612486147}","{""counters"":{""debugCoalesced"":0,""debugDropped"":0,""debugForwarded"":2337,""debugProposals"":2337,""deferredUnitIds"":0,""duplicateSuppressions"":65,""expiredPending"":0,""forwardedOrderCalls"":15189,""forwardedUnitIds"":65625,""gameplayNonorderCalls"":1309,""invalidTargets"":0,""invalidTiles"":0,""invalidUnitIds"":0,""pendingUnitIds"":0,""productionBatches"":1099,""proposedCalls"":15618,""proposedUnitIds"":66977,""revokedPending"":0,""sameUnitConflicts"":1287,""supersededPending"":0},""countersPerObservedUpdate"":{""debugCoalesced"":0,""debugDropped"":0,""debugForwarded"":0.013489333210195789,""debugProposals"":0.013489333210195789,""deferredUnitIds"":0,""duplicateSuppressions"":0.000375184706316956,""expiredPending"":0,""forwardedOrderCalls"":0.08767200775766532,""forwardedUnitIds"":0.3787922515700037,""gameplayNonorderCalls"":0.0075556427779830074,""invalidTargets"":0,""invalidTiles"":0,""invalidUnitIds"":0,""pendingUnitIds"":0,""productionBatches"":0.006343507572958995,""proposedCalls"":0.09014822681935722,""proposedUnitIds"":0.3865960934613964,""revokedPending"":0,""sameUnitConflicts"":0.00742865718507573,""supersededPending"":0},""referenceExceededUpdates"":38367,""budgetDenialUpdates"":0,""budgetDeniedUnitIdOccurrences"":0,""budgetDeniedDebugCalls"":0,""maxRollingCommandCalls"":564,""maxPendingUnitIds"":0}"
"strata","pinned_supalosa__hfo-tvt","disabled","8","146419","{""baseline.orderUnits"":4628,""baseline.placeBuilding"":55,""baseline.queueForProduction"":555,""baseline.quitGame"":21,""baseline.setUnitDebugText"":747,""baseline.toggleRepairWrench"":63,""baseline.unqueueFromProduction"":182,""candidate.activateSuperWeapon"":1,""candidate.orderUnits"":6250,""candidate.pauseProduction"":155,""candidate.placeBuilding"":61,""candidate.queueForProduction"":685,""candidate.resumeProduction"":137,""candidate.setUnitDebugText"":2097,""candidate.toggleRepairWrench"":26,""candidate.unqueueFromProduction"":194}","{""baseline.orderUnits"":0.031607919737192576,""baseline.placeBuilding"":0.00037563430975488154,""baseline.queueForProduction"":0.0037904916711628957,""baseline.quitGame"":0.00014342400917913658,""baseline.setUnitDebugText"":0.005101796897943573,""baseline.toggleRepairWrench"":0.0004302720275374098,""baseline.unqueueFromProduction"":0.001243008079552517,""candidate.activateSuperWeapon"":0.000006829714722816028,""candidate.orderUnits"":0.042685717017600176,""candidate.pauseProduction"":0.0010586057820364844,""candidate.placeBuilding"":0.0004166125980917777,""candidate.queueForProduction"":0.004678354585128979,""candidate.resumeProduction"":0.0009356709170257958,""candidate.setUnitDebugText"":0.01432191177374521,""candidate.toggleRepairWrench"":0.00017757258279321673,""candidate.unqueueFromProduction"":0.0013249646562263095}",""
"strata","pinned_supalosa__hfo-tvt","separated_lanes_v2","8","167999","{""baseline.orderUnits"":5669,""baseline.placeBuilding"":61,""baseline.queueForProduction"":569,""baseline.setUnitDebugText"":778,""baseline.toggleRepairWrench"":72,""baseline.unqueueFromProduction"":188,""candidate.activateSuperWeapon"":5,""candidate.orderUnits"":7329,""candidate.pauseProduction"":152,""candidate.placeBuilding"":72,""candidate.queueForProduction"":700,""candidate.resumeProduction"":138,""candidate.setUnitDebugText"":1808,""candidate.toggleRepairWrench"":26,""candidate.unqueueFromProduction"":170}","{""baseline.orderUnits"":0.03374424847766951,""baseline.placeBuilding"":0.00036309739938928206,""baseline.queueForProduction"":0.003386924922172156,""baseline.setUnitDebugText"":0.004630979946309204,""baseline.toggleRepairWrench"":0.0004285739796070215,""baseline.unqueueFromProduction"":0.0011190542800850005,""candidate.activateSuperWeapon"":0.000029762081917154267,""candidate.orderUnits"":0.04362525967416473,""candidate.pauseProduction"":0.0009047672902814898,""candidate.placeBuilding"":0.0004285739796070215,""candidate.queueForProduction"":0.004166691468401598,""candidate.resumeProduction"":0.0008214334609134578,""candidate.setUnitDebugText"":0.010761968821242984,""candidate.toggleRepairWrench"":0.0001547628259692022,""candidate.unqueueFromProduction"":0.0010119107851832452}","{""counters"":{""debugCoalesced"":0,""debugDropped"":1102,""debugForwarded"":1808,""debugProposals"":2910,""deferredUnitIds"":83635,""duplicateSuppressions"":94,""expiredPending"":18,""forwardedOrderCalls"":7329,""forwardedUnitIds"":34710,""gameplayNonorderCalls"":1263,""invalidTargets"":2,""invalidTiles"":0,""invalidUnitIds"":13,""pendingUnitIds"":83635,""productionBatches"":1045,""proposedCalls"":10036,""proposedUnitIds"":54899,""revokedPending"":13352,""sameUnitConflicts"":6678,""supersededPending"":5553},""countersPerObservedUpdate"":{""debugCoalesced"":0,""debugDropped"":0.006559562854540801,""debugForwarded"":0.010761968821242984,""debugProposals"":0.017321531675783784,""deferredUnitIds"":0.49783034422823946,""duplicateSuppressions"":0.0005595271400425003,""expiredPending"":0.00010714349490175537,""forwardedOrderCalls"":0.04362525967416473,""forwardedUnitIds"":0.20660837266888493,""gameplayNonorderCalls"":0.007517901892273168,""invalidTargets"":0.000011904832766861708,""invalidTiles"":0,""invalidUnitIds"":0.0000773814129846011,""pendingUnitIds"":0.49783034422823946,""productionBatches"":0.006220275120685242,""proposedCalls"":0.05973845082411205,""proposedUnitIds"":0.3267817070339704,""revokedPending"":0.07947666355156877,""sameUnitConflicts"":0.03975023660855124,""supersededPending"":0.03305376817719153},""referenceExceededUpdates"":0,""budgetDenialUpdates"":6808,""budgetDeniedUnitIdOccurrences"":83635,""budgetDeniedDebugCalls"":1102,""maxRollingCommandCalls"":115,""maxPendingUnitIds"":26}"
"strata","pinned_supalosa__hfo-tvt","separated_lanes_unbounded_d1","8","148528","{""baseline.orderUnits"":4772,""baseline.placeBuilding"":56,""baseline.queueForProduction"":566,""baseline.setUnitDebugText"":756,""baseline.toggleRepairWrench"":66,""baseline.unqueueFromProduction"":185,""candidate.activateSuperWeapon"":2,""candidate.orderUnits"":7259,""candidate.pauseProduction"":160,""candidate.placeBuilding"":63,""candidate.queueForProduction"":680,""candidate.resumeProduction"":143,""candidate.setUnitDebugText"":2608,""candidate.toggleRepairWrench"":25,""candidate.unqueueFromProduction"":186}","{""baseline.orderUnits"":0.03212862221264677,""baseline.placeBuilding"":0.00037703328665302167,""baseline.queueForProduction"":0.003810729290100183,""baseline.setUnitDebugText"":0.0050899493698157924,""baseline.toggleRepairWrench"":0.0004443606592696327,""baseline.unqueueFromProduction"":0.0012455563934073036,""candidate.activateSuperWeapon"":0.000013465474523322202,""candidate.orderUnits"":0.04887293978239793,""candidate.pauseProduction"":0.0010772379618657763,""candidate.placeBuilding"":0.00042416244748464933,""candidate.queueForProduction"":0.004578261337929549,""candidate.resumeProduction"":0.0009627814284175375,""candidate.setUnitDebugText"":0.01755897877841215,""candidate.toggleRepairWrench"":0.0001683184315415275,""candidate.unqueueFromProduction"":0.0012522891306689648}","{""counters"":{""debugCoalesced"":0,""debugDropped"":0,""debugForwarded"":2608,""debugProposals"":2608,""deferredUnitIds"":0,""duplicateSuppressions"":64,""expiredPending"":0,""forwardedOrderCalls"":7259,""forwardedUnitIds"":32572,""gameplayNonorderCalls"":1259,""invalidTargets"":0,""invalidTiles"":0,""invalidUnitIds"":0,""pendingUnitIds"":0,""productionBatches"":1038,""proposedCalls"":7522,""proposedUnitIds"":33303,""revokedPending"":0,""sameUnitConflicts"":667,""supersededPending"":0},""countersPerObservedUpdate"":{""debugCoalesced"":0,""debugDropped"":0,""debugForwarded"":0.01755897877841215,""debugProposals"":0.01755897877841215,""deferredUnitIds"":0,""duplicateSuppressions"":0.00043089518474631047,""expiredPending"":0,""forwardedOrderCalls"":0.04887293978239793,""forwardedUnitIds"":0.21929871808682538,""gameplayNonorderCalls"":0.008476516212431326,""invalidTargets"":0,""invalidTiles"":0,""invalidUnitIds"":0,""pendingUnitIds"":0,""productionBatches"":0.006988581277604222,""proposedCalls"":0.050643649682214804,""proposedUnitIds"":0.22422034902509966,""revokedPending"":0,""sameUnitConflicts"":0.0044907357535279545,""supersededPending"":0},""referenceExceededUpdates"":18316,""budgetDenialUpdates"":0,""budgetDeniedUnitIdOccurrences"":0,""budgetDeniedDebugCalls"":0,""maxRollingCommandCalls"":864,""maxPendingUnitIds"":0}"
"strata","pinned_supalosa__pacific-heights","disabled","8","110204","{""baseline.orderUnits"":4212,""baseline.placeBuilding"":45,""baseline.queueForProduction"":537,""baseline.setUnitDebugText"":1234,""baseline.toggleRepairWrench"":28,""baseline.unqueueFromProduction"":150,""candidate.orderUnits"":12537,""candidate.pauseProduction"":90,""candidate.placeBuilding"":43,""candidate.queueForProduction"":792,""candidate.resumeProduction"":84,""candidate.setUnitDebugText"":2006,""candidate.toggleRepairWrench"":37,""candidate.unqueueFromProduction"":96}","{""baseline.orderUnits"":0.03822002831113208,""baseline.placeBuilding"":0.0004083336358026932,""baseline.queueForProduction"":0.004872781387245472,""baseline.setUnitDebugText"":0.011197415701789408,""baseline.toggleRepairWrench"":0.0002540742622772313,""baseline.unqueueFromProduction"":0.0013611121193423106,""candidate.orderUnits"":0.11376175093463033,""candidate.pauseProduction"":0.0008166672716053864,""candidate.placeBuilding"":0.0003901854742114624,""candidate.queueForProduction"":0.0071866719901274,""candidate.resumeProduction"":0.000762222786831694,""candidate.setUnitDebugText"":0.0182026060760045,""candidate.toggleRepairWrench"":0.00033574098943776995,""candidate.unqueueFromProduction"":0.0008711117563790788}",""
"strata","pinned_supalosa__pacific-heights","separated_lanes_v2","8","125223","{""baseline.orderUnits"":5485,""baseline.placeBuilding"":47,""baseline.queueForProduction"":575,""baseline.quitGame"":873,""baseline.setUnitDebugText"":1129,""baseline.toggleRepairWrench"":41,""baseline.unqueueFromProduction"":118,""candidate.activateSuperWeapon"":3,""candidate.orderUnits"":9284,""candidate.pauseProduction"":38,""candidate.placeBuilding"":62,""candidate.queueForProduction"":826,""candidate.resumeProduction"":35,""candidate.setUnitDebugText"":960,""candidate.toggleRepairWrench"":43,""candidate.unqueueFromProduction"":93}","{""baseline.orderUnits"":0.04380185748624454,""baseline.placeBuilding"":0.0003753304105475831,""baseline.queueForProduction"":0.004591808214145963,""baseline.quitGame"":0.006971562732085958,""baseline.setUnitDebugText"":0.0090159156065579,""baseline.toggleRepairWrench"":0.00032741589005214696,""baseline.unqueueFromProduction"":0.0009423189030769108,""candidate.activateSuperWeapon"":0.00002395726024771807,""candidate.orderUnits"":0.07413973471327152,""candidate.pauseProduction"":0.0003034586298044289,""candidate.placeBuilding"":0.0004951167117861735,""candidate.queueForProduction"":0.006596232321538375,""candidate.resumeProduction"":0.00027950136955671084,""candidate.setUnitDebugText"":0.007666323279269783,""candidate.toggleRepairWrench"":0.00034338739688395903,""candidate.unqueueFromProduction"":0.0007426750676792602}","{""counters"":{""debugCoalesced"":0,""debugDropped"":1639,""debugForwarded"":960,""debugProposals"":2599,""deferredUnitIds"":185663,""duplicateSuppressions"":674,""expiredPending"":31,""forwardedOrderCalls"":9284,""forwardedUnitIds"":24243,""gameplayNonorderCalls"":1100,""invalidTargets"":301,""invalidTiles"":0,""invalidUnitIds"":50,""pendingUnitIds"":185663,""productionBatches"":967,""proposedCalls"":13384,""proposedUnitIds"":39508,""revokedPending"":10713,""sameUnitConflicts"":3488,""supersededPending"":3438},""countersPerObservedUpdate"":{""debugCoalesced"":0,""debugDropped"":0.013088649848669972,""debugForwarded"":0.007666323279269783,""debugProposals"":0.020754973127939755,""deferredUnitIds"":1.4826589364573601,""duplicateSuppressions"":0.00538239780232066,""expiredPending"":0.00024755835589308675,""forwardedOrderCalls"":0.07413973471327152,""forwardedUnitIds"":0.19359862006180972,""gameplayNonorderCalls"":0.008784328757496625,""invalidTargets"":0.0024037117781877133,""invalidTiles"":0,""invalidUnitIds"":0.0003992876707953012,""pendingUnitIds"":1.4826589364573601,""productionBatches"":0.0077222235531811245,""proposedCalls"":0.10688132371848622,""proposedUnitIds"":0.3155011459556152,""revokedPending"":0.08555137634460123,""sameUnitConflicts"":0.027854307914680212,""supersededPending"":0.02745502024388491},""referenceExceededUpdates"":0,""budgetDenialUpdates"":28844,""budgetDeniedUnitIdOccurrences"":185663,""budgetDeniedDebugCalls"":1639,""maxRollingCommandCalls"":115,""maxPendingUnitIds"":40}"
"strata","pinned_supalosa__pacific-heights","separated_lanes_unbounded_d1","8","114705","{""baseline.orderUnits"":4402,""baseline.placeBuilding"":45,""baseline.queueForProduction"":543,""baseline.quitGame"":5,""baseline.setUnitDebugText"":1234,""baseline.toggleRepairWrench"":37,""baseline.unqueueFromProduction"":152,""candidate.orderUnits"":12351,""candidate.pauseProduction"":90,""candidate.placeBuilding"":43,""candidate.queueForProduction"":805,""candidate.resumeProduction"":84,""candidate.setUnitDebugText"":2027,""candidate.toggleRepairWrench"":37,""candidate.unqueueFromProduction"":96}","{""baseline.orderUnits"":0.038376705461836885,""baseline.placeBuilding"":0.00039231071008238524,""baseline.queueForProduction"":0.0047338825683274485,""baseline.quitGame"":0.000043590078898042804,""baseline.setUnitDebugText"":0.010758031472036965,""baseline.toggleRepairWrench"":0.00032256658384551673,""baseline.unqueueFromProduction"":0.0013251383985005013,""candidate.orderUnits"":0.10767621289394534,""candidate.pauseProduction"":0.0007846214201647705,""candidate.placeBuilding"":0.00037487467852316813,""candidate.queueForProduction"":0.007018002702584892,""candidate.resumeProduction"":0.0007323133254871191,""candidate.setUnitDebugText"":0.017671417985266554,""candidate.toggleRepairWrench"":0.00032256658384551673,""candidate.unqueueFromProduction"":0.0008369295148424219}","{""counters"":{""debugCoalesced"":0,""debugDropped"":0,""debugForwarded"":2027,""debugProposals"":2027,""deferredUnitIds"":0,""duplicateSuppressions"":58,""expiredPending"":0,""forwardedOrderCalls"":12351,""forwardedUnitIds"":22616,""gameplayNonorderCalls"":1155,""invalidTargets"":0,""invalidTiles"":0,""invalidUnitIds"":0,""pendingUnitIds"":0,""productionBatches"":969,""proposedCalls"":12658,""proposedUnitIds"":22674,""revokedPending"":0,""sameUnitConflicts"":0,""supersededPending"":0},""countersPerObservedUpdate"":{""debugCoalesced"":0,""debugDropped"":0,""debugForwarded"":0.017671417985266554,""debugProposals"":0.017671417985266554,""deferredUnitIds"":0,""duplicateSuppressions"":0.0005056449152172966,""expiredPending"":0,""forwardedOrderCalls"":0.10767621289394534,""forwardedUnitIds"":0.19716664487162722,""gameplayNonorderCalls"":0.010069308225447889,""invalidTargets"":0,""invalidTiles"":0,""invalidUnitIds"":0,""pendingUnitIds"":0,""productionBatches"":0.008447757290440696,""proposedCalls"":0.11035264373828517,""proposedUnitIds"":0.1976722897868445,""revokedPending"":0,""sameUnitConflicts"":0,""supersededPending"":0},""referenceExceededUpdates"":54322,""budgetDenialUpdates"":0,""budgetDeniedUnitIdOccurrences"":0,""budgetDeniedDebugCalls"":0,""maxRollingCommandCalls"":272,""maxPendingUnitIds"":0}"
"strata","pinned_supalosa__peak","disabled","8","150357","{""baseline.orderUnits"":6850,""baseline.placeBuilding"":58,""baseline.queueForProduction"":637,""baseline.quitGame"":99,""baseline.setUnitDebugText"":1109,""baseline.toggleRepairWrench"":84,""baseline.unqueueFromProduction"":188,""candidate.activateSuperWeapon"":13,""candidate.orderUnits"":29293,""candidate.pauseProduction"":119,""candidate.placeBuilding"":92,""candidate.queueForProduction"":745,""candidate.resumeProduction"":109,""candidate.setUnitDebugText"":3556,""candidate.toggleRepairWrench"":53,""candidate.unqueueFromProduction"":160}","{""baseline.orderUnits"":0.04555823806008367,""baseline.placeBuilding"":0.00038574858503428506,""baseline.queueForProduction"":0.0042365835977041305,""baseline.quitGame"":0.0006584329296274866,""baseline.setUnitDebugText"":0.007375778979362451,""baseline.toggleRepairWrench"":0.0005586703645324129,""baseline.unqueueFromProduction"":0.001250357482524924,""candidate.activateSuperWeapon"":0.00008646088974906389,""candidate.orderUnits"":0.19482298795533298,""candidate.pauseProduction"":0.0007914496830875849,""candidate.placeBuilding"":0.0006118770659164521,""candidate.queueForProduction"":0.004954874066388662,""candidate.resumeProduction"":0.0007249413063575357,""candidate.setUnitDebugText"":0.02365037876520548,""candidate.toggleRepairWrench"":0.0003524943966692605,""candidate.unqueueFromProduction"":0.0010641340276807865}",""
"strata","pinned_supalosa__peak","separated_lanes_v2","8","130273","{""baseline.orderUnits"":6015,""baseline.placeBuilding"":48,""baseline.queueForProduction"":582,""baseline.quitGame"":122,""baseline.setUnitDebugText"":1056,""baseline.toggleRepairWrench"":77,""baseline.unqueueFromProduction"":155,""candidate.activateSuperWeapon"":11,""candidate.orderUnits"":7907,""candidate.pauseProduction"":96,""candidate.placeBuilding"":76,""candidate.queueForProduction"":645,""candidate.resumeProduction"":87,""candidate.setUnitDebugText"":1156,""candidate.toggleRepairWrench"":36,""candidate.unqueueFromProduction"":113}","{""baseline.orderUnits"":0.04617226900432169,""baseline.placeBuilding"":0.00036845700951079654,""baseline.queueForProduction"":0.004467541240318409,""baseline.quitGame"":0.0009364948991732746,""baseline.setUnitDebugText"":0.008106054209237525,""baseline.toggleRepairWrench"":0.0005910664527569028,""baseline.unqueueFromProduction"":0.0011898090932119473,""candidate.activateSuperWeapon"":0.00008443806467955755,""candidate.orderUnits"":0.06069561612920559,""candidate.pauseProduction"":0.0007369140190215931,""candidate.placeBuilding"":0.0005833902650587612,""candidate.queueForProduction"":0.004951141065301329,""candidate.resumeProduction"":0.0006678283297383188,""candidate.setUnitDebugText"":0.008873672979051684,""candidate.toggleRepairWrench"":0.00027634275713309743,""candidate.unqueueFromProduction"":0.0008674092098900002}","{""counters"":{""debugCoalesced"":0,""debugDropped"":1650,""debugForwarded"":1156,""debugProposals"":2806,""deferredUnitIds"":339339,""duplicateSuppressions"":8258,""expiredPending"":44,""forwardedOrderCalls"":7907,""forwardedUnitIds"":46844,""gameplayNonorderCalls"":1064,""invalidTargets"":1270,""invalidTiles"":0,""invalidUnitIds"":109,""pendingUnitIds"":339339,""productionBatches"":890,""proposedCalls"":22235,""proposedUnitIds"":128987,""revokedPending"":1536,""sameUnitConflicts"":70851,""supersededPending"":67854},""countersPerObservedUpdate"":{""debugCoalesced"":0,""debugDropped"":0.012665709701933632,""debugForwarded"":0.008873672979051684,""debugProposals"":0.021539382680985316,""deferredUnitIds"":2.604829857299671,""duplicateSuppressions"":0.06338995801125329,""expiredPending"":0.0003377522587182302,""forwardedOrderCalls"":0.06069561612920559,""forwardedUnitIds"":0.3595833365317449,""gameplayNonorderCalls"":0.008167463710822657,""invalidTargets"":0.009748758376639825,""invalidTiles"":0,""invalidUnitIds"":0.0008367044590974339,""pendingUnitIds"":2.604829857299671,""productionBatches"":0.006831807051346019,""proposedCalls"":0.17068003346817837,""proposedUnitIds"":0.99012842262019,""revokedPending"":0.01179062430434549,""sameUnitConflicts"":0.5438655746010301,""supersededPending"":0.5208600400696998},""referenceExceededUpdates"":0,""budgetDenialUpdates"":29583,""budgetDeniedUnitIdOccurrences"":339339,""budgetDeniedDebugCalls"":1650,""maxRollingCommandCalls"":115,""maxPendingUnitIds"":56}"
"strata","pinned_supalosa__peak","separated_lanes_unbounded_d1","8","148684","{""baseline.orderUnits"":6780,""baseline.placeBuilding"":57,""baseline.queueForProduction"":612,""baseline.quitGame"":99,""baseline.setUnitDebugText"":1100,""baseline.toggleRepairWrench"":101,""baseline.unqueueFromProduction"":175,""candidate.activateSuperWeapon"":11,""candidate.orderUnits"":21227,""candidate.pauseProduction"":122,""candidate.placeBuilding"":90,""candidate.queueForProduction"":679,""candidate.quitGame"":25,""candidate.resumeProduction"":111,""candidate.setUnitDebugText"":2987,""candidate.toggleRepairWrench"":86,""candidate.unqueueFromProduction"":160}","{""baseline.orderUnits"":0.0456000645664631,""baseline.placeBuilding"":0.00038336337467380485,""baseline.queueForProduction"":0.004116112022813484,""baseline.quitGame"":0.00066584165074924,""baseline.setUnitDebugText"":0.0073982405638804444,""baseline.toggleRepairWrench"":0.0006792929972290226,""baseline.unqueueFromProduction"":0.0011769928169809798,""candidate.activateSuperWeapon"":0.00007398240563880444,""candidate.orderUnits"":0.1427658658631729,""candidate.pauseProduction"":0.0008205321352667402,""candidate.placeBuilding"":0.0006053105915902182,""candidate.queueForProduction"":0.004566732129886201,""candidate.quitGame"":0.00016814183099728283,""candidate.resumeProduction"":0.0007465497296279358,""candidate.setUnitDebugText"":0.020089585967555352,""candidate.toggleRepairWrench"":0.0005784078986306529,""candidate.unqueueFromProduction"":0.00107610771838261}","{""counters"":{""debugCoalesced"":0,""debugDropped"":0,""debugForwarded"":2987,""debugProposals"":2987,""deferredUnitIds"":0,""duplicateSuppressions"":3068,""expiredPending"":0,""forwardedOrderCalls"":21227,""forwardedUnitIds"":110800,""gameplayNonorderCalls"":1284,""invalidTargets"":0,""invalidTiles"":0,""invalidUnitIds"":0,""pendingUnitIds"":0,""productionBatches"":1010,""proposedCalls"":21909,""proposedUnitIds"":114603,""revokedPending"":0,""sameUnitConflicts"":735,""supersededPending"":0},""countersPerObservedUpdate"":{""debugCoalesced"":0,""debugDropped"":0,""debugForwarded"":0.020089585967555352,""debugProposals"":0.020089585967555352,""deferredUnitIds"":0,""duplicateSuppressions"":0.020634365499986547,""expiredPending"":0,""forwardedOrderCalls"":0.1427658658631729,""forwardedUnitIds"":0.7452045949799575,""gameplayNonorderCalls"":0.008635764440020446,""invalidTargets"":0,""invalidTiles"":0,""invalidUnitIds"":0,""pendingUnitIds"":0,""productionBatches"":0.006792929972290226,""proposedCalls"":0.14735277501277877,""proposedUnitIds"":0.7707823303112642,""revokedPending"":0,""sameUnitConflicts"":0.004943369831320115,""supersededPending"":0},""referenceExceededUpdates"":62897,""budgetDenialUpdates"":0,""budgetDeniedUnitIdOccurrences"":0,""budgetDeniedDebugCalls"":0,""maxRollingCommandCalls"":1031,""maxPendingUnitIds"":0}"
"strata","pinned_supalosa__south-pacific","disabled","8","157897","{""baseline.orderUnits"":6438,""baseline.placeBuilding"":81,""baseline.queueForProduction"":702,""baseline.quitGame"":1,""baseline.setUnitDebugText"":720,""baseline.toggleRepairWrench"":259,""baseline.unqueueFromProduction"":198,""candidate.orderUnits"":14332,""candidate.pauseProduction"":39,""candidate.placeBuilding"":110,""candidate.queueForProduction"":699,""candidate.quitGame"":1,""candidate.resumeProduction"":29,""candidate.setUnitDebugText"":1646,""candidate.toggleRepairWrench"":155,""candidate.unqueueFromProduction"":139}","{""baseline.orderUnits"":0.04077341558104334,""baseline.placeBuilding"":0.0005129926471053915,""baseline.queueForProduction"":0.0044459362749133926,""baseline.quitGame"":0.000006333242556856685,""baseline.setUnitDebugText"":0.004559934640936813,""baseline.toggleRepairWrench"":0.0016403098222258815,""baseline.unqueueFromProduction"":0.0012539820262576237,""candidate.orderUnits"":0.09076803232487,""candidate.pauseProduction"":0.0002469964597174107,""candidate.placeBuilding"":0.0006966566812542353,""candidate.queueForProduction"":0.0044269365472428225,""candidate.quitGame"":0.000006333242556856685,""candidate.resumeProduction"":0.00018366403414884388,""candidate.setUnitDebugText"":0.010424517248586104,""candidate.toggleRepairWrench"":0.0009816525963127862,""candidate.unqueueFromProduction"":0.0008803207154030792}",""
"strata","pinned_supalosa__south-pacific","separated_lanes_v2","8","158110","{""baseline.orderUnits"":6528,""baseline.placeBuilding"":77,""baseline.queueForProduction"":687,""baseline.setUnitDebugText"":734,""baseline.toggleRepairWrench"":269,""baseline.unqueueFromProduction"":192,""candidate.orderUnits"":10461,""candidate.pauseProduction"":55,""candidate.placeBuilding"":110,""candidate.queueForProduction"":710,""candidate.quitGame"":1,""candidate.resumeProduction"":42,""candidate.setUnitDebugText"":901,""candidate.toggleRepairWrench"":155,""candidate.unqueueFromProduction"":135}","{""baseline.orderUnits"":0.04128771108721776,""baseline.placeBuilding"":0.0004870027196255771,""baseline.queueForProduction"":0.004345076212763266,""baseline.setUnitDebugText"":0.004642337613054203,""baseline.toggleRepairWrench"":0.0017013471633672758,""baseline.unqueueFromProduction"":0.0012143444437416988,""candidate.orderUnits"":0.06616279805198912,""candidate.pauseProduction"":0.0003478590854468408,""candidate.placeBuilding"":0.0006957181708936816,""candidate.queueForProduction"":0.004490544557586491,""candidate.quitGame"":0.0000063247106444880145,""candidate.resumeProduction"":0.0002656378470684966,""candidate.setUnitDebugText"":0.005698564290683702,""candidate.toggleRepairWrench"":0.0009803301498956423,""candidate.unqueueFromProduction"":0.000853835937005882}","{""counters"":{""debugCoalesced"":0,""debugDropped"":366,""debugForwarded"":901,""debugProposals"":1267,""deferredUnitIds"":77556,""duplicateSuppressions"":111,""expiredPending"":3,""forwardedOrderCalls"":10461,""forwardedUnitIds"":22952,""gameplayNonorderCalls"":1208,""invalidTargets"":22,""invalidTiles"":0,""invalidUnitIds"":3,""pendingUnitIds"":77556,""productionBatches"":876,""proposedCalls"":17062,""proposedUnitIds"":68008,""revokedPending"":40393,""sameUnitConflicts"":4510,""supersededPending"":2419},""countersPerObservedUpdate"":{""debugCoalesced"":0,""debugDropped"":0.0023148440958826134,""debugForwarded"":0.005698564290683702,""debugProposals"":0.008013408386566315,""deferredUnitIds"":0.49051925874391245,""duplicateSuppressions"":0.0007020428815381697,""expiredPending"":0.000018974131933464043,""forwardedOrderCalls"":0.06616279805198912,""forwardedUnitIds"":0.1451647587122889,""gameplayNonorderCalls"":0.007640250458541522,""invalidTargets"":0.00013914363417873632,""invalidTiles"":0,""invalidUnitIds"":0.000018974131933464043,""pendingUnitIds"":0.49051925874391245,""productionBatches"":0.005540446524571501,""proposedCalls"":0.1079122130162545,""proposedUnitIds"":0.4301309215103409,""revokedPending"":0.25547403706280436,""sameUnitConflicts"":0.028524445006640947,""supersededPending"":0.015299475049016508},""referenceExceededUpdates"":0,""budgetDenialUpdates"":8485,""budgetDeniedUnitIdOccurrences"":77556,""budgetDeniedDebugCalls"":366,""maxRollingCommandCalls"":115,""maxPendingUnitIds"":54}"
"strata","pinned_supalosa__south-pacific","separated_lanes_unbounded_d1","8","158110","{""baseline.orderUnits"":6524,""baseline.placeBuilding"":81,""baseline.queueForProduction"":690,""baseline.setUnitDebugText"":710,""baseline.toggleRepairWrench"":332,""baseline.unqueueFromProduction"":192,""candidate.orderUnits"":13272,""candidate.pauseProduction"":40,""candidate.placeBuilding"":109,""candidate.queueForProduction"":695,""candidate.quitGame"":1,""candidate.resumeProduction"":27,""candidate.setUnitDebugText"":1286,""candidate.toggleRepairWrench"":155,""candidate.unqueueFromProduction"":132}","{""baseline.orderUnits"":0.04126241224463981,""baseline.placeBuilding"":0.0005123015622035292,""baseline.queueForProduction"":0.00436405034469673,""baseline.setUnitDebugText"":0.004490544557586491,""baseline.toggleRepairWrench"":0.002099803933970021,""baseline.unqueueFromProduction"":0.0012143444437416988,""candidate.orderUnits"":0.08394155967364493,""candidate.pauseProduction"":0.0002529884257795206,""candidate.placeBuilding"":0.0006893934602491936,""candidate.queueForProduction"":0.0043956738979191706,""candidate.quitGame"":0.0000063247106444880145,""candidate.resumeProduction"":0.0001707671874011764,""candidate.setUnitDebugText"":0.008133577888811586,""candidate.toggleRepairWrench"":0.0009803301498956423,""candidate.unqueueFromProduction"":0.0008348618050724179}","{""counters"":{""debugCoalesced"":0,""debugDropped"":0,""debugForwarded"":1286,""debugProposals"":1286,""deferredUnitIds"":0,""duplicateSuppressions"":8,""expiredPending"":0,""forwardedOrderCalls"":13272,""forwardedUnitIds"":46477,""gameplayNonorderCalls"":1159,""invalidTargets"":0,""invalidTiles"":0,""invalidUnitIds"":0,""pendingUnitIds"":0,""productionBatches"":842,""proposedCalls"":13760,""proposedUnitIds"":46499,""revokedPending"":0,""sameUnitConflicts"":14,""supersededPending"":0},""countersPerObservedUpdate"":{""debugCoalesced"":0,""debugDropped"":0,""debugForwarded"":0.008133577888811586,""debugProposals"":0.008133577888811586,""deferredUnitIds"":0,""duplicateSuppressions"":0.000050597685155904116,""expiredPending"":0,""forwardedOrderCalls"":0.08394155967364493,""forwardedUnitIds"":0.29395357662386945,""gameplayNonorderCalls"":0.007330339636961609,""invalidTargets"":0,""invalidTiles"":0,""invalidUnitIds"":0,""pendingUnitIds"":0,""productionBatches"":0.0053254063626589085,""proposedCalls"":0.08702801846815508,""proposedUnitIds"":0.29409272025804817,""revokedPending"":0,""sameUnitConflicts"":0.0000885459490228322,""supersededPending"":0},""referenceExceededUpdates"":22228,""budgetDenialUpdates"":0,""budgetDeniedUnitIdOccurrences"":0,""budgetDeniedDebugCalls"":0,""maxRollingCommandCalls"":646,""maxPendingUnitIds"":0}"
"strata","pinned_supalosa__south-pacific-2","disabled","8","170705","{""baseline.orderUnits"":5819,""baseline.placeBuilding"":60,""baseline.queueForProduction"":734,""baseline.quitGame"":123,""baseline.setUnitDebugText"":670,""baseline.toggleRepairWrench"":79,""baseline.unqueueFromProduction"":224,""candidate.orderUnits"":16168,""candidate.pauseProduction"":106,""candidate.placeBuilding"":106,""candidate.queueForProduction"":562,""candidate.quitGame"":10,""candidate.resumeProduction"":93,""candidate.setUnitDebugText"":849,""candidate.toggleRepairWrench"":59,""candidate.unqueueFromProduction"":114}","{""baseline.orderUnits"":0.03408804663015143,""baseline.placeBuilding"":0.0003514835534987259,""baseline.queueForProduction"":0.004299815471134413,""baseline.quitGame"":0.0007205412846723881,""baseline.setUnitDebugText"":0.003924899680735772,""baseline.toggleRepairWrench"":0.0004627866787733224,""baseline.unqueueFromProduction"":0.0013122052663952432,""candidate.orderUnits"":0.09471310154945667,""candidate.pauseProduction"":0.000620954277847749,""candidate.placeBuilding"":0.000620954277847749,""candidate.queueForProduction"":0.003292229284438066,""candidate.quitGame"":0.00005858059224978764,""candidate.resumeProduction"":0.0005447995079230251,""candidate.setUnitDebugText"":0.004973492282006971,""candidate.toggleRepairWrench"":0.0003456254942737471,""candidate.unqueueFromProduction"":0.0006678187516475792}",""
"strata","pinned_supalosa__south-pacific-2","separated_lanes_v2","8","186235","{""baseline.orderUnits"":6470,""baseline.placeBuilding"":62,""baseline.queueForProduction"":843,""baseline.quitGame"":65,""baseline.setUnitDebugText"":748,""baseline.toggleRepairWrench"":48,""baseline.unqueueFromProduction"":308,""candidate.orderUnits"":12685,""candidate.pauseProduction"":111,""candidate.placeBuilding"":112,""candidate.queueForProduction"":574,""candidate.resumeProduction"":96,""candidate.setUnitDebugText"":503,""candidate.toggleRepairWrench"":45,""candidate.unqueueFromProduction"":105}","{""baseline.orderUnits"":0.03474105297070905,""baseline.placeBuilding"":0.0003329127178027761,""baseline.queueForProduction"":0.004526539050124842,""baseline.quitGame"":0.00034902139769645875,""baseline.setUnitDebugText"":0.004016430853491557,""baseline.toggleRepairWrench"":0.0002577388782989234,""baseline.unqueueFromProduction"":0.0016538244690847586,""candidate.orderUnits"":0.06811286815045507,""candidate.pauseProduction"":0.0005960211560662604,""candidate.placeBuilding"":0.0006013907160308213,""candidate.queueForProduction"":0.003082127419657959,""candidate.resumeProduction"":0.0005154777565978468,""candidate.setUnitDebugText"":0.0027008886621741348,""candidate.toggleRepairWrench"":0.0002416301984052407,""candidate.unqueueFromProduction"":0.0005638037962788949}","{""counters"":{""debugCoalesced"":0,""debugDropped"":217,""debugForwarded"":503,""debugProposals"":720,""deferredUnitIds"":51094,""duplicateSuppressions"":575,""expiredPending"":0,""forwardedOrderCalls"":12685,""forwardedUnitIds"":25673,""gameplayNonorderCalls"":1043,""invalidTargets"":2468,""invalidTiles"":0,""invalidUnitIds"":59,""pendingUnitIds"":51094,""productionBatches"":777,""proposedCalls"":17106,""proposedUnitIds"":41724,""revokedPending"":9384,""sameUnitConflicts"":3542,""supersededPending"":2218},""countersPerObservedUpdate"":{""debugCoalesced"":0,""debugDropped"":0.0011651945123097162,""debugForwarded"":0.0027008886621741348,""debugProposals"":0.003866083174483851,""deferredUnitIds"":0.27435229682927487,""duplicateSuppressions"":0.0030874969796225197,""expiredPending"":0,""forwardedOrderCalls"":0.06811286815045507,""forwardedUnitIds"":0.1378527129701721,""gameplayNonorderCalls"":0.005600451043037023,""invalidTargets"":0.013252073992536311,""invalidTiles"":0,""invalidUnitIds"":0.00031680403790909336,""pendingUnitIds"":0.27435229682927487,""productionBatches"":0.004172148092463823,""proposedCalls"":0.09185169275377883,""proposedUnitIds"":0.22403951996133917,""revokedPending"":0.050387950707439524,""sameUnitConflicts"":0.019018981394474724,""supersededPending"":0.011909684001396085},""referenceExceededUpdates"":0,""budgetDenialUpdates"":15770,""budgetDeniedUnitIdOccurrences"":51094,""budgetDeniedDebugCalls"":217,""maxRollingCommandCalls"":115,""maxPendingUnitIds"":26}"
"strata","pinned_supalosa__south-pacific-2","separated_lanes_unbounded_d1","8","175136","{""baseline.orderUnits"":6013,""baseline.placeBuilding"":60,""baseline.queueForProduction"":742,""baseline.quitGame"":301,""baseline.setUnitDebugText"":683,""baseline.toggleRepairWrench"":183,""baseline.unqueueFromProduction"":226,""candidate.orderUnits"":16559,""candidate.pauseProduction"":111,""candidate.placeBuilding"":107,""candidate.queueForProduction"":583,""candidate.quitGame"":10,""candidate.resumeProduction"":98,""candidate.setUnitDebugText"":696,""candidate.toggleRepairWrench"":59,""candidate.unqueueFromProduction"":121}","{""baseline.orderUnits"":0.034333318107071076,""baseline.placeBuilding"":0.00034259090078567515,""baseline.queueForProduction"":0.0042367074730495155,""baseline.quitGame"":0.0017186643522748037,""baseline.setUnitDebugText"":0.0038998264206102687,""baseline.toggleRepairWrench"":0.001044902247396309,""baseline.unqueueFromProduction"":0.0012904257262927096,""candidate.orderUnits"":0.0945493787684999,""candidate.pauseProduction"":0.000633793166453499,""candidate.placeBuilding"":0.0006109537730677873,""candidate.queueForProduction"":0.0033288415859674767,""candidate.quitGame"":0.00005709848346427919,""candidate.resumeProduction"":0.000559565137949936,""candidate.setUnitDebugText"":0.0039740544491138315,""candidate.toggleRepairWrench"":0.0003368810524392472,""candidate.unqueueFromProduction"":0.0006908916499177781}","{""counters"":{""debugCoalesced"":0,""debugDropped"":0,""debugForwarded"":696,""debugProposals"":696,""deferredUnitIds"":0,""duplicateSuppressions"":4,""expiredPending"":0,""forwardedOrderCalls"":16559,""forwardedUnitIds"":50422,""gameplayNonorderCalls"":1089,""invalidTargets"":4844,""invalidTiles"":0,""invalidUnitIds"":0,""pendingUnitIds"":0,""productionBatches"":793,""proposedCalls"":17294,""proposedUnitIds"":55963,""revokedPending"":0,""sameUnitConflicts"":693,""supersededPending"":0},""countersPerObservedUpdate"":{""debugCoalesced"":0,""debugDropped"":0,""debugForwarded"":0.0039740544491138315,""debugProposals"":0.0039740544491138315,""deferredUnitIds"":0,""duplicateSuppressions"":0.000022839393385711677,""expiredPending"":0,""forwardedOrderCalls"":0.0945493787684999,""forwardedUnitIds"":0.2879019733235885,""gameplayNonorderCalls"":0.006218024849260003,""invalidTargets"":0.02765850539009684,""invalidTiles"":0,""invalidUnitIds"":0,""pendingUnitIds"":0,""productionBatches"":0.00452790973871734,""proposedCalls"":0.09874611730312442,""proposedUnitIds"":0.31954024301114564,""revokedPending"":0,""sameUnitConflicts"":0.0039569249040745475,""supersededPending"":0},""referenceExceededUpdates"":45658,""budgetDenialUpdates"":0,""budgetDeniedUnitIdOccurrences"":0,""budgetDeniedDebugCalls"":0,""maxRollingCommandCalls"":611,""maxPendingUnitIds"":0}"
"strata","pinned_supalosa__tour-of-egypt","disabled","8","77518","{""baseline.orderUnits"":3235,""baseline.placeBuilding"":40,""baseline.queueForProduction"":382,""baseline.setUnitDebugText"":547,""baseline.toggleRepairWrench"":25,""baseline.unqueueFromProduction"":71,""candidate.orderUnits"":2940,""candidate.pauseProduction"":99,""candidate.placeBuilding"":45,""candidate.queueForProduction"":376,""candidate.quitGame"":253,""candidate.resumeProduction"":83,""candidate.setUnitDebugText"":659,""candidate.toggleRepairWrench"":68,""candidate.unqueueFromProduction"":69}","{""baseline.orderUnits"":0.04173224283392244,""baseline.placeBuilding"":0.0005160091849634923,""baseline.queueForProduction"":0.004927887716401352,""baseline.setUnitDebugText"":0.007056425604375758,""baseline.toggleRepairWrench"":0.0003225057406021827,""baseline.unqueueFromProduction"":0.0009159163033101989,""candidate.orderUnits"":0.03792667509481669,""candidate.pauseProduction"":0.0012771227327846436,""candidate.placeBuilding"":0.0005805103330839289,""candidate.queueForProduction"":0.0048504863386568285,""candidate.quitGame"":0.003263758094894089,""candidate.resumeProduction"":0.0010707190587992466,""candidate.setUnitDebugText"":0.008501251322273537,""candidate.toggleRepairWrench"":0.000877215614437937,""candidate.unqueueFromProduction"":0.0008901158440620243}",""
"strata","pinned_supalosa__tour-of-egypt","separated_lanes_v2","8","60030","{""baseline.orderUnits"":2744,""baseline.placeBuilding"":40,""baseline.queueForProduction"":387,""baseline.setUnitDebugText"":415,""baseline.toggleRepairWrench"":30,""baseline.unqueueFromProduction"":77,""candidate.orderUnits"":2837,""candidate.pauseProduction"":68,""candidate.placeBuilding"":45,""candidate.queueForProduction"":389,""candidate.quitGame"":43,""candidate.resumeProduction"":55,""candidate.setUnitDebugText"":656,""candidate.toggleRepairWrench"":63,""candidate.unqueueFromProduction"":62}","{""baseline.orderUnits"":0.04571047809428619,""baseline.placeBuilding"":0.0006663334999167084,""baseline.queueForProduction"":0.006446776611694153,""baseline.setUnitDebugText"":0.006913210061635849,""baseline.toggleRepairWrench"":0.0004997501249375312,""baseline.unqueueFromProduction"":0.0012826919873396635,""candidate.orderUnits"":0.04725970348159254,""candidate.pauseProduction"":0.001132766949858404,""candidate.placeBuilding"":0.0007496251874062968,""candidate.queueForProduction"":0.006480093286689989,""candidate.quitGame"":0.0007163085124104614,""candidate.resumeProduction"":0.000916208562385474,""candidate.setUnitDebugText"":0.010927869398634016,""candidate.toggleRepairWrench"":0.0010494752623688155,""candidate.unqueueFromProduction"":0.001032816924870898}","{""counters"":{""debugCoalesced"":0,""debugDropped"":83,""debugForwarded"":656,""debugProposals"":739,""deferredUnitIds"":4926,""duplicateSuppressions"":54,""expiredPending"":0,""forwardedOrderCalls"":2837,""forwardedUnitIds"":5760,""gameplayNonorderCalls"":725,""invalidTargets"":0,""invalidTiles"":0,""invalidUnitIds"":2,""pendingUnitIds"":4926,""productionBatches"":523,""proposedCalls"":2998,""proposedUnitIds"":5879,""revokedPending"":0,""sameUnitConflicts"":63,""supersededPending"":63},""countersPerObservedUpdate"":{""debugCoalesced"":0,""debugDropped"":0.0013826420123271698,""debugForwarded"":0.010927869398634016,""debugProposals"":0.012310511410961187,""deferredUnitIds"":0.08205897051474263,""duplicateSuppressions"":0.0008995502248875562,""expiredPending"":0,""forwardedOrderCalls"":0.04725970348159254,""forwardedUnitIds"":0.095952023988006,""gameplayNonorderCalls"":0.012077294685990338,""invalidTargets"":0,""invalidTiles"":0,""invalidUnitIds"":0.000033316674995835414,""pendingUnitIds"":0.08205897051474263,""productionBatches"":0.008712310511410961,""proposedCalls"":0.049941695818757285,""proposedUnitIds"":0.0979343661502582,""revokedPending"":0,""sameUnitConflicts"":0.0010494752623688155,""supersededPending"":0.0010494752623688155},""referenceExceededUpdates"":0,""budgetDenialUpdates"":1554,""budgetDeniedUnitIdOccurrences"":4926,""budgetDeniedDebugCalls"":83,""maxRollingCommandCalls"":115,""maxPendingUnitIds"":11}"
"strata","pinned_supalosa__tour-of-egypt","separated_lanes_unbounded_d1","8","76646","{""baseline.orderUnits"":3227,""baseline.placeBuilding"":40,""baseline.queueForProduction"":382,""baseline.setUnitDebugText"":552,""baseline.toggleRepairWrench"":26,""baseline.unqueueFromProduction"":71,""candidate.orderUnits"":2849,""candidate.pauseProduction"":96,""candidate.placeBuilding"":45,""candidate.queueForProduction"":373,""candidate.quitGame"":253,""candidate.resumeProduction"":80,""candidate.setUnitDebugText"":647,""candidate.toggleRepairWrench"":72,""candidate.unqueueFromProduction"":69}","{""baseline.orderUnits"":0.04210265375883934,""baseline.placeBuilding"":0.0005218798110795084,""baseline.queueForProduction"":0.004983952195809305,""baseline.setUnitDebugText"":0.0072019413928972155,""baseline.toggleRepairWrench"":0.00033922187720168044,""baseline.unqueueFromProduction"":0.0009263366646661274,""candidate.orderUnits"":0.03717088954413798,""candidate.pauseProduction"":0.0012525115465908201,""candidate.placeBuilding"":0.000587114787464447,""candidate.queueForProduction"":0.004866529238316416,""candidate.quitGame"":0.0033008898050778906,""candidate.resumeProduction"":0.0010437596221590168,""candidate.setUnitDebugText"":0.008441405944211049,""candidate.toggleRepairWrench"":0.0009393836599431151,""candidate.unqueueFromProduction"":0.0009002426741121519}","{""counters"":{""debugCoalesced"":0,""debugDropped"":0,""debugForwarded"":647,""debugProposals"":647,""deferredUnitIds"":0,""duplicateSuppressions"":2,""expiredPending"":0,""forwardedOrderCalls"":2849,""forwardedUnitIds"":5823,""gameplayNonorderCalls"":988,""invalidTargets"":0,""invalidTiles"":0,""invalidUnitIds"":0,""pendingUnitIds"":0,""productionBatches"":532,""proposedCalls"":2929,""proposedUnitIds"":5825,""revokedPending"":0,""sameUnitConflicts"":0,""supersededPending"":0},""countersPerObservedUpdate"":{""debugCoalesced"":0,""debugDropped"":0,""debugForwarded"":0.008441405944211049,""debugProposals"":0.008441405944211049,""deferredUnitIds"":0,""duplicateSuppressions"":0.000026093990553975418,""expiredPending"":0,""forwardedOrderCalls"":0.03717088954413798,""forwardedUnitIds"":0.07597265349789943,""gameplayNonorderCalls"":0.012890431333663858,""invalidTargets"":0,""invalidTiles"":0,""invalidUnitIds"":0,""pendingUnitIds"":0,""productionBatches"":0.006941001487357461,""proposedCalls"":0.038214649166297,""proposedUnitIds"":0.07599874748845341,""revokedPending"":0,""sameUnitConflicts"":0,""supersededPending"":0},""referenceExceededUpdates"":7056,""budgetDenialUpdates"":0,""budgetDeniedUnitIdOccurrences"":0,""budgetDeniedDebugCalls"":0,""maxRollingCommandCalls"":149,""maxPendingUnitIds"":0}"
"strata","ra2web_advanced__hfo-bvb","disabled","8","137878","{""baseline.activateSuperWeapon"":10,""baseline.orderUnits"":1507,""baseline.pauseProduction"":57,""baseline.placeBuilding"":99,""baseline.queueForProduction"":395,""baseline.quitGame"":587,""baseline.resumeProduction"":56,""baseline.sayAll"":2,""baseline.sellObject"":5,""baseline.setUnitDebugText"":1872,""baseline.toggleRepairWrench"":101,""baseline.unqueueFromProduction"":49,""candidate.orderUnits"":8410,""candidate.pauseProduction"":49,""candidate.placeBuilding"":55,""candidate.queueForProduction"":601,""candidate.quitGame"":3,""candidate.resumeProduction"":47,""candidate.setUnitDebugText"":2083,""candidate.toggleRepairWrench"":58,""candidate.unqueueFromProduction"":62}","{""baseline.activateSuperWeapon"":0.00007252788697254094,""baseline.orderUnits"":0.01092995256676192,""baseline.pauseProduction"":0.00041340895574348336,""baseline.placeBuilding"":0.0007180260810281553,""baseline.queueForProduction"":0.0028648515354153673,""baseline.quitGame"":0.004257386965288153,""baseline.resumeProduction"":0.0004061561670462293,""baseline.sayAll"":0.000014505577394508188,""baseline.sellObject"":0.00003626394348627047,""baseline.setUnitDebugText"":0.013577220441259665,""baseline.toggleRepairWrench"":0.0007325316584226635,""baseline.unqueueFromProduction"":0.0003553866461654506,""candidate.orderUnits"":0.06099595294390693,""candidate.pauseProduction"":0.0003553866461654506,""candidate.placeBuilding"":0.0003989033783489752,""candidate.queueForProduction"":0.004358926007049711,""candidate.quitGame"":0.000021758366091762283,""candidate.resumeProduction"":0.0003408810687709424,""candidate.setUnitDebugText"":0.015107558856380278,""candidate.toggleRepairWrench"":0.0004206617444407375,""candidate.unqueueFromProduction"":0.00044967289922975384}",""
"strata","ra2web_advanced__hfo-bvb","separated_lanes_v2","8","177721","{""baseline.activateSuperWeapon"":14,""baseline.orderUnits"":2898,""baseline.pauseProduction"":100,""baseline.placeBuilding"":123,""baseline.queueForProduction"":525,""baseline.resumeProduction"":91,""baseline.sayAll"":7,""baseline.sellObject"":21,""baseline.setUnitDebugText"":2239,""baseline.toggleRepairWrench"":106,""baseline.unqueueFromProduction"":82,""candidate.activateSuperWeapon"":1,""candidate.orderUnits"":9291,""candidate.pauseProduction"":30,""candidate.placeBuilding"":49,""candidate.queueForProduction"":786,""candidate.resumeProduction"":29,""candidate.setUnitDebugText"":1844,""candidate.toggleRepairWrench"":49,""candidate.unqueueFromProduction"":54}","{""baseline.activateSuperWeapon"":0.00007877515881634697,""baseline.orderUnits"":0.01630645787498382,""baseline.pauseProduction"":0.0005626797058310498,""baseline.placeBuilding"":0.0006920960381721912,""baseline.queueForProduction"":0.0029540684556130115,""baseline.resumeProduction"":0.0005120385323062553,""baseline.sayAll"":0.000039387579408173486,""baseline.sellObject"":0.00011816273822452045,""baseline.setUnitDebugText"":0.012598398613557205,""baseline.toggleRepairWrench"":0.0005964404881809127,""baseline.unqueueFromProduction"":0.0004613973587814608,""candidate.activateSuperWeapon"":0.000005626797058310498,""candidate.orderUnits"":0.05227857146876284,""candidate.pauseProduction"":0.00016880391174931494,""candidate.placeBuilding"":0.0002757130558572144,""candidate.queueForProduction"":0.004422662487832052,""candidate.resumeProduction"":0.00016317711469100444,""candidate.setUnitDebugText"":0.010375813775524559,""candidate.toggleRepairWrench"":0.0002757130558572144,""candidate.unqueueFromProduction"":0.0003038470411487669}","{""counters"":{""debugCoalesced"":0,""debugDropped"":769,""debugForwarded"":1844,""debugProposals"":2613,""deferredUnitIds"":27695,""duplicateSuppressions"":100,""expiredPending"":0,""forwardedOrderCalls"":9291,""forwardedUnitIds"":20698,""gameplayNonorderCalls"":998,""invalidTargets"":67,""invalidTiles"":0,""invalidUnitIds"":13,""pendingUnitIds"":27695,""productionBatches"":870,""proposedCalls"":9716,""proposedUnitIds"":21560,""revokedPending"":0,""sameUnitConflicts"":682,""supersededPending"":699},""countersPerObservedUpdate"":{""debugCoalesced"":0,""debugDropped"":0.0043270069378407725,""debugForwarded"":0.010375813775524559,""debugProposals"":0.01470282071336533,""deferredUnitIds"":0.15583414452990924,""duplicateSuppressions"":0.0005626797058310498,""expiredPending"":0,""forwardedOrderCalls"":0.05227857146876284,""forwardedUnitIds"":0.11646344551291068,""gameplayNonorderCalls"":0.005615543464193877,""invalidTargets"":0.0003769954029068034,""invalidTiles"":0,""invalidUnitIds"":0.00007314836175803648,""pendingUnitIds"":0.15583414452990924,""productionBatches"":0.004895313440730133,""proposedCalls"":0.0546699602185448,""proposedUnitIds"":0.12131374457717434,""revokedPending"":0,""sameUnitConflicts"":0.0038374755937677597,""supersededPending"":0.003933131143759038},""referenceExceededUpdates"":0,""budgetDenialUpdates"":4699,""budgetDeniedUnitIdOccurrences"":27695,""budgetDeniedDebugCalls"":769,""maxRollingCommandCalls"":115,""maxPendingUnitIds"":20}"
"strata","ra2web_advanced__hfo-bvb","separated_lanes_unbounded_d1","8","122682","{""baseline.activateSuperWeapon"":7,""baseline.orderUnits"":1464,""baseline.pauseProduction"":59,""baseline.placeBuilding"":95,""baseline.queueForProduction"":375,""baseline.quitGame"":57,""baseline.resumeProduction"":56,""baseline.sayAll"":2,""baseline.sellObject"":5,""baseline.setUnitDebugText"":1792,""baseline.toggleRepairWrench"":68,""baseline.unqueueFromProduction"":49,""candidate.activateSuperWeapon"":1,""candidate.orderUnits"":6266,""candidate.pauseProduction"":48,""candidate.placeBuilding"":57,""candidate.queueForProduction"":551,""candidate.resumeProduction"":46,""candidate.setUnitDebugText"":1912,""candidate.toggleRepairWrench"":58,""candidate.unqueueFromProduction"":62}","{""baseline.activateSuperWeapon"":0.00005705808513066301,""baseline.orderUnits"":0.011933290947327237,""baseline.pauseProduction"":0.00048091814610130254,""baseline.placeBuilding"":0.0007743597267732838,""baseline.queueForProduction"":0.0030566831319998045,""baseline.quitGame"":0.00046461583606397026,""baseline.resumeProduction"":0.0004564646810453041,""baseline.sayAll"":0.00001630231003733229,""baseline.sellObject"":0.000040755775093330724,""baseline.setUnitDebugText"":0.014606869793449731,""baseline.toggleRepairWrench"":0.0005542785412692979,""baseline.unqueueFromProduction"":0.0003994065959146411,""candidate.activateSuperWeapon"":0.000008151155018666146,""candidate.orderUnits"":0.05107513734696206,""candidate.pauseProduction"":0.00039125544089597497,""candidate.placeBuilding"":0.00046461583606397026,""candidate.queueForProduction"":0.004491286415285046,""candidate.resumeProduction"":0.0003749531308586427,""candidate.setUnitDebugText"":0.01558500839568967,""candidate.toggleRepairWrench"":0.00047276699108263643,""candidate.unqueueFromProduction"":0.000505371611157301}","{""counters"":{""debugCoalesced"":0,""debugDropped"":0,""debugForwarded"":1912,""debugProposals"":1912,""deferredUnitIds"":0,""duplicateSuppressions"":66,""expiredPending"":0,""forwardedOrderCalls"":6266,""forwardedUnitIds"":15698,""gameplayNonorderCalls"":823,""invalidTargets"":0,""invalidTiles"":0,""invalidUnitIds"":0,""pendingUnitIds"":0,""productionBatches"":663,""proposedCalls"":6387,""proposedUnitIds"":15764,""revokedPending"":0,""sameUnitConflicts"":0,""supersededPending"":0},""countersPerObservedUpdate"":{""debugCoalesced"":0,""debugDropped"":0,""debugForwarded"":0.01558500839568967,""debugProposals"":0.01558500839568967,""deferredUnitIds"":0,""duplicateSuppressions"":0.0005379762312319656,""expiredPending"":0,""forwardedOrderCalls"":0.05107513734696206,""forwardedUnitIds"":0.12795683148302114,""gameplayNonorderCalls"":0.006708400580362237,""invalidTargets"":0,""invalidTiles"":0,""invalidUnitIds"":0,""pendingUnitIds"":0,""productionBatches"":0.005404215777375654,""proposedCalls"":0.05206142710422067,""proposedUnitIds"":0.12849480771425312,""revokedPending"":0,""sameUnitConflicts"":0,""supersededPending"":0},""referenceExceededUpdates"":11748,""budgetDenialUpdates"":0,""budgetDeniedUnitIdOccurrences"":0,""budgetDeniedDebugCalls"":0,""maxRollingCommandCalls"":322,""maxPendingUnitIds"":0}"
"strata","ra2web_advanced__hfo-corners","disabled","8","169332","{""baseline.activateSuperWeapon"":7,""baseline.orderUnits"":2160,""baseline.pauseProduction"":56,""baseline.placeBuilding"":105,""baseline.queueForProduction"":440,""baseline.resumeProduction"":52,""baseline.sayAll"":3,""baseline.sellObject"":22,""baseline.setUnitDebugText"":2479,""baseline.toggleRepairWrench"":30,""baseline.unqueueFromProduction"":60,""candidate.activateSuperWeapon"":3,""candidate.orderUnits"":9645,""candidate.pauseProduction"":200,""candidate.placeBuilding"":83,""candidate.queueForProduction"":704,""candidate.quitGame"":27,""candidate.resumeProduction"":178,""candidate.setUnitDebugText"":2485,""candidate.toggleRepairWrench"":80,""candidate.unqueueFromProduction"":157}","{""baseline.activateSuperWeapon"":0.00004133890818037937,""baseline.orderUnits"":0.012756005952802778,""baseline.pauseProduction"":0.000330711265443035,""baseline.placeBuilding"":0.0006200836227056906,""baseline.queueForProduction"":0.0025984456570524177,""baseline.resumeProduction"":0.0003070890321971039,""baseline.sayAll"":0.000017716674934448304,""baseline.sellObject"":0.0001299222828526209,""baseline.setUnitDebugText"":0.014639879054165781,""baseline.toggleRepairWrench"":0.00017716674934448303,""baseline.unqueueFromProduction"":0.00035433349868896607,""candidate.activateSuperWeapon"":0.000017716674934448304,""candidate.orderUnits"":0.056959109914251294,""candidate.pauseProduction"":0.0011811116622965534,""candidate.placeBuilding"":0.0004901613398530698,""candidate.queueForProduction"":0.0041575130512838685,""candidate.quitGame"":0.00015945007441003472,""candidate.resumeProduction"":0.0010511893794439326,""candidate.setUnitDebugText"":0.014675312404034677,""candidate.toggleRepairWrench"":0.0004724446649186214,""candidate.unqueueFromProduction"":0.0009271726549027945}",""
"strata","ra2web_advanced__hfo-corners","separated_lanes_v2","8","174929","{""baseline.activateSuperWeapon"":12,""baseline.orderUnits"":4601,""baseline.pauseProduction"":65,""baseline.placeBuilding"":116,""baseline.queueForProduction"":473,""baseline.resumeProduction"":59,""baseline.sayAll"":4,""baseline.sellObject"":29,""baseline.setUnitDebugText"":2339,""baseline.toggleRepairWrench"":36,""baseline.unqueueFromProduction"":64,""candidate.activateSuperWeapon"":2,""candidate.orderUnits"":9113,""candidate.pauseProduction"":135,""candidate.placeBuilding"":79,""candidate.queueForProduction"":628,""candidate.quitGame"":31,""candidate.resumeProduction"":115,""candidate.setUnitDebugText"":877,""candidate.toggleRepairWrench"":65,""candidate.unqueueFromProduction"":134}","{""baseline.activateSuperWeapon"":0.00006859926027131008,""baseline.orderUnits"":0.026302099709024803,""baseline.pauseProduction"":0.00037157932646959623,""baseline.placeBuilding"":0.0006631261826226641,""baseline.queueForProduction"":0.0027039541756941387,""baseline.resumeProduction"":0.0003372796963339412,""baseline.sayAll"":0.00002286642009043669,""baseline.sellObject"":0.00016578154565566601,""baseline.setUnitDebugText"":0.013371139147882856,""baseline.toggleRepairWrench"":0.00020579778081393022,""baseline.unqueueFromProduction"":0.00036586272144698706,""candidate.activateSuperWeapon"":0.000011433210045218346,""candidate.orderUnits"":0.052095421571037394,""candidate.pauseProduction"":0.0007717416780522383,""candidate.placeBuilding"":0.00045161179678612464,""candidate.queueForProduction"":0.0035900279541985604,""candidate.quitGame"":0.00017721475570088436,""candidate.resumeProduction"":0.0006574095776000549,""candidate.setUnitDebugText"":0.0050134626048282446,""candidate.toggleRepairWrench"":0.00037157932646959623,""candidate.unqueueFromProduction"":0.0007660250730296291}","{""counters"":{""debugCoalesced"":0,""debugDropped"":1661,""debugForwarded"":877,""debugProposals"":2538,""deferredUnitIds"":72549,""duplicateSuppressions"":324,""expiredPending"":0,""forwardedOrderCalls"":9113,""forwardedUnitIds"":17329,""gameplayNonorderCalls"":1189,""invalidTargets"":179,""invalidTiles"":0,""invalidUnitIds"":24,""pendingUnitIds"":72549,""productionBatches"":940,""proposedCalls"":10506,""proposedUnitIds"":19689,""revokedPending"":0,""sameUnitConflicts"":1831,""supersededPending"":1850},""countersPerObservedUpdate"":{""debugCoalesced"":0,""debugDropped"":0.009495280942553835,""debugForwarded"":0.0050134626048282446,""debugProposals"":0.01450874354738208,""deferredUnitIds"":0.4147339777852729,""duplicateSuppressions"":0.001852180027325372,""expiredPending"":0,""forwardedOrderCalls"":0.052095421571037394,""forwardedUnitIds"":0.09906304843679435,""gameplayNonorderCalls"":0.006797043371882306,""invalidTargets"":0.0010232722990470419,""invalidTiles"":0,""invalidUnitIds"":0.00013719852054262015,""pendingUnitIds"":0.4147339777852729,""productionBatches"":0.005373608721252622,""proposedCalls"":0.06005865236753197,""proposedUnitIds"":0.112554236290152,""revokedPending"":0,""sameUnitConflicts"":0.010467103796397396,""supersededPending"":0.01057571929182697},""referenceExceededUpdates"":0,""budgetDenialUpdates"":14727,""budgetDeniedUnitIdOccurrences"":72549,""budgetDeniedDebugCalls"":1661,""maxRollingCommandCalls"":115,""maxPendingUnitIds"":35}"
"strata","ra2web_advanced__hfo-corners","separated_lanes_unbounded_d1","8","150518","{""baseline.activateSuperWeapon"":5,""baseline.orderUnits"":1677,""baseline.pauseProduction"":50,""baseline.placeBuilding"":101,""baseline.queueForProduction"":423,""baseline.resumeProduction"":45,""baseline.sayAll"":2,""baseline.sellObject"":19,""baseline.setUnitDebugText"":2392,""baseline.toggleRepairWrench"":35,""baseline.unqueueFromProduction"":56,""candidate.activateSuperWeapon"":1,""candidate.orderUnits"":8107,""candidate.pauseProduction"":199,""candidate.placeBuilding"":82,""candidate.queueForProduction"":705,""candidate.quitGame"":27,""candidate.resumeProduction"":183,""candidate.setUnitDebugText"":2615,""candidate.toggleRepairWrench"":66,""candidate.unqueueFromProduction"":154}","{""baseline.activateSuperWeapon"":0.0000332186183712247,""baseline.orderUnits"":0.011141524601708766,""baseline.pauseProduction"":0.000332186183712247,""baseline.placeBuilding"":0.000671016091098739,""baseline.queueForProduction"":0.00281029511420561,""baseline.resumeProduction"":0.00029896756534102234,""baseline.sayAll"":0.000013287447348489881,""baseline.sellObject"":0.00012623074981065388,""baseline.setUnitDebugText"":0.0158917870287939,""baseline.toggleRepairWrench"":0.00023253032859857294,""baseline.unqueueFromProduction"":0.0003720485257577167,""candidate.activateSuperWeapon"":0.0000066437236742449405,""candidate.orderUnits"":0.053860667827103734,""candidate.pauseProduction"":0.0013221010111747432,""candidate.placeBuilding"":0.0005447853412880851,""candidate.queueForProduction"":0.004683825190342683,""candidate.quitGame"":0.0001793805392046134,""candidate.resumeProduction"":0.0012158014323868241,""candidate.setUnitDebugText"":0.01737333740815052,""candidate.toggleRepairWrench"":0.0004384857625001661,""candidate.unqueueFromProduction"":0.001023133445833721}","{""counters"":{""debugCoalesced"":0,""debugDropped"":0,""debugForwarded"":2615,""debugProposals"":2615,""deferredUnitIds"":0,""duplicateSuppressions"":61,""expiredPending"":0,""forwardedOrderCalls"":8107,""forwardedUnitIds"":18241,""gameplayNonorderCalls"":1417,""invalidTargets"":0,""invalidTiles"":0,""invalidUnitIds"":0,""pendingUnitIds"":0,""productionBatches"":1109,""proposedCalls"":8288,""proposedUnitIds"":18302,""revokedPending"":0,""sameUnitConflicts"":0,""supersededPending"":0},""countersPerObservedUpdate"":{""debugCoalesced"":0,""debugDropped"":0,""debugForwarded"":0.01737333740815052,""debugProposals"":0.01737333740815052,""deferredUnitIds"":0,""duplicateSuppressions"":0.0004052671441289414,""expiredPending"":0,""forwardedOrderCalls"":0.053860667827103734,""forwardedUnitIds"":0.12118816354190197,""gameplayNonorderCalls"":0.009414156446405081,""invalidTargets"":0,""invalidTiles"":0,""invalidUnitIds"":0,""pendingUnitIds"":0,""productionBatches"":0.007367889554737639,""proposedCalls"":0.05506318181214207,""proposedUnitIds"":0.1215934306860309,""revokedPending"":0,""sameUnitConflicts"":0,""supersededPending"":0},""referenceExceededUpdates"":28691,""budgetDenialUpdates"":0,""budgetDeniedUnitIdOccurrences"":0,""budgetDeniedDebugCalls"":0,""maxRollingCommandCalls"":362,""maxPendingUnitIds"":0}"
"strata","ra2web_advanced__hfo-corners-b","disabled","8","170762","{""baseline.activateSuperWeapon"":11,""baseline.orderUnits"":5522,""baseline.pauseProduction"":75,""baseline.placeBuilding"":118,""baseline.queueForProduction"":467,""baseline.resumeProduction"":67,""baseline.sayAll"":3,""baseline.sellObject"":19,""baseline.setUnitDebugText"":2163,""baseline.toggleRepairWrench"":58,""baseline.unqueueFromProduction"":71,""candidate.activateSuperWeapon"":7,""candidate.orderUnits"":8611,""candidate.pauseProduction"":173,""candidate.placeBuilding"":77,""candidate.queueForProduction"":633,""candidate.resumeProduction"":157,""candidate.setUnitDebugText"":2653,""candidate.toggleRepairWrench"":49,""candidate.unqueueFromProduction"":117}","{""baseline.activateSuperWeapon"":0.00006441714198709315,""baseline.orderUnits"":0.03233740527752076,""baseline.pauseProduction"":0.0004392077862756351,""baseline.placeBuilding"":0.0006910202504069993,""baseline.queueForProduction"":0.0027348004825429547,""baseline.resumeProduction"":0.00039235895573956734,""baseline.sayAll"":0.000017568311451025403,""baseline.sellObject"":0.00011126597252316089,""baseline.setUnitDebugText"":0.012666752556189317,""baseline.toggleRepairWrench"":0.00033965402138649115,""baseline.unqueueFromProduction"":0.00041578337100760124,""candidate.activateSuperWeapon"":0.000040992726719059275,""candidate.orderUnits"":0.050426909968259916,""candidate.pauseProduction"":0.0010131059603424649,""candidate.placeBuilding"":0.00045091999390965205,""candidate.queueForProduction"":0.00370691371616636,""candidate.resumeProduction"":0.0009194082992703295,""candidate.setUnitDebugText"":0.015536243426523466,""candidate.toggleRepairWrench"":0.0002869490870334149,""candidate.unqueueFromProduction"":0.0006851641465899907}",""
"strata","ra2web_advanced__hfo-corners-b","separated_lanes_v2","8","159284","{""baseline.activateSuperWeapon"":5,""baseline.orderUnits"":3096,""baseline.pauseProduction"":65,""baseline.placeBuilding"":117,""baseline.queueForProduction"":457,""baseline.resumeProduction"":57,""baseline.sayAll"":4,""baseline.sellObject"":25,""baseline.setUnitDebugText"":1740,""baseline.toggleRepairWrench"":59,""baseline.unqueueFromProduction"":53,""candidate.activateSuperWeapon"":6,""candidate.orderUnits"":11087,""candidate.pauseProduction"":203,""candidate.placeBuilding"":82,""candidate.queueForProduction"":668,""candidate.resumeProduction"":185,""candidate.setUnitDebugText"":959,""candidate.toggleRepairWrench"":36,""candidate.unqueueFromProduction"":115}","{""baseline.activateSuperWeapon"":0.00003139047236382813,""baseline.orderUnits"":0.01943698048768238,""baseline.pauseProduction"":0.0004080761407297657,""baseline.placeBuilding"":0.0007345370533135782,""baseline.queueForProduction"":0.002869089174053891,""baseline.resumeProduction"":0.00035785138494764067,""baseline.sayAll"":0.000025112377891062503,""baseline.sellObject"":0.00015695236181914065,""baseline.setUnitDebugText"":0.01092388438261219,""baseline.toggleRepairWrench"":0.0003704075738931719,""baseline.unqueueFromProduction"":0.00033273900705657817,""candidate.activateSuperWeapon"":0.000037668566836593755,""candidate.orderUnits"":0.06960523341955249,""candidate.pauseProduction"":0.0012744531779714221,""candidate.placeBuilding"":0.0005148037467667813,""candidate.queueForProduction"":0.0041937671078074385,""candidate.resumeProduction"":0.0011614474774616409,""candidate.setUnitDebugText"":0.006020692599382236,""candidate.toggleRepairWrench"":0.00022601140101956253,""candidate.unqueueFromProduction"":0.000721980864368047}","{""counters"":{""debugCoalesced"":0,""debugDropped"":1294,""debugForwarded"":959,""debugProposals"":2253,""deferredUnitIds"":84908,""duplicateSuppressions"":362,""expiredPending"":12,""forwardedOrderCalls"":11087,""forwardedUnitIds"":19950,""gameplayNonorderCalls"":1295,""invalidTargets"":178,""invalidTiles"":0,""invalidUnitIds"":29,""pendingUnitIds"":84908,""productionBatches"":1042,""proposedCalls"":13171,""proposedUnitIds"":22477,""revokedPending"":0,""sameUnitConflicts"":1946,""supersededPending"":1964},""countersPerObservedUpdate"":{""debugCoalesced"":0,""debugDropped"":0.00812385424775872,""debugForwarded"":0.006020692599382236,""debugProposals"":0.014144546847140956,""deferredUnitIds"":0.5330604454935838,""duplicateSuppressions"":0.0022726701991411568,""expiredPending"":0.00007533713367318751,""forwardedOrderCalls"":0.06960523341955249,""forwardedUnitIds"":0.12524798473167426,""gameplayNonorderCalls"":0.008130132342231486,""invalidTargets"":0.0011175008161522814,""invalidTiles"":0,""invalidUnitIds"":0.00018206473971020315,""pendingUnitIds"":0.5330604454935838,""productionBatches"":0.006541774440621782,""proposedCalls"":0.08268878230079606,""proposedUnitIds"":0.141112729464353,""revokedPending"":0,""sameUnitConflicts"":0.012217171844001909,""supersededPending"":0.01233017754451169},""referenceExceededUpdates"":0,""budgetDenialUpdates"":16540,""budgetDeniedUnitIdOccurrences"":84908,""budgetDeniedDebugCalls"":1294,""maxRollingCommandCalls"":115,""maxPendingUnitIds"":30}"
"strata","ra2web_advanced__hfo-corners-b","separated_lanes_unbounded_d1","8","174466","{""baseline.activateSuperWeapon"":5,""baseline.orderUnits"":2949,""baseline.pauseProduction"":70,""baseline.placeBuilding"":115,""baseline.queueForProduction"":462,""baseline.quitGame"":27,""baseline.resumeProduction"":67,""baseline.sayAll"":4,""baseline.sellObject"":21,""baseline.setUnitDebugText"":2042,""baseline.toggleRepairWrench"":87,""baseline.unqueueFromProduction"":68,""candidate.activateSuperWeapon"":8,""candidate.orderUnits"":11192,""candidate.pauseProduction"":186,""candidate.placeBuilding"":84,""candidate.queueForProduction"":699,""candidate.resumeProduction"":175,""candidate.setUnitDebugText"":3096,""candidate.toggleRepairWrench"":36,""candidate.unqueueFromProduction"":113}","{""baseline.activateSuperWeapon"":0.000028658879093920877,""baseline.orderUnits"":0.016903006889594535,""baseline.pauseProduction"":0.0004012243073148923,""baseline.placeBuilding"":0.0006591542191601802,""baseline.queueForProduction"":0.0026480804282782893,""baseline.quitGame"":0.00015475794710717274,""baseline.resumeProduction"":0.00038402897985853976,""baseline.sayAll"":0.000022927103275136702,""baseline.sellObject"":0.00012036729219446769,""baseline.setUnitDebugText"":0.011704286221957287,""baseline.toggleRepairWrench"":0.0004986644962342233,""baseline.unqueueFromProduction"":0.00038976075567732395,""candidate.activateSuperWeapon"":0.000045854206550273404,""candidate.orderUnits"":0.0641500349638325,""candidate.pauseProduction"":0.0010661103022938567,""candidate.placeBuilding"":0.00048146916877787074,""candidate.queueForProduction"":0.004006511297330139,""candidate.resumeProduction"":0.0010030607682872308,""candidate.setUnitDebugText"":0.01774557793495581,""candidate.toggleRepairWrench"":0.00020634392947623033,""candidate.unqueueFromProduction"":0.0006476906675226119}","{""counters"":{""debugCoalesced"":0,""debugDropped"":0,""debugForwarded"":3096,""debugProposals"":3096,""deferredUnitIds"":0,""duplicateSuppressions"":74,""expiredPending"":0,""forwardedOrderCalls"":11192,""forwardedUnitIds"":26730,""gameplayNonorderCalls"":1301,""invalidTargets"":0,""invalidTiles"":0,""invalidUnitIds"":0,""pendingUnitIds"":0,""productionBatches"":1080,""proposedCalls"":11866,""proposedUnitIds"":26909,""revokedPending"":0,""sameUnitConflicts"":105,""supersededPending"":0},""countersPerObservedUpdate"":{""debugCoalesced"":0,""debugDropped"":0,""debugForwarded"":0.01774557793495581,""debugProposals"":0.01774557793495581,""deferredUnitIds"":0,""duplicateSuppressions"":0.000424151410590029,""expiredPending"":0,""forwardedOrderCalls"":0.0641500349638325,""forwardedUnitIds"":0.15321036763610102,""gameplayNonorderCalls"":0.0074570403402382125,""invalidTargets"":0,""invalidTiles"":0,""invalidUnitIds"":0,""pendingUnitIds"":0,""productionBatches"":0.00619031788428691,""proposedCalls"":0.06801325186569303,""proposedUnitIds"":0.15423635550766338,""revokedPending"":0,""sameUnitConflicts"":0.0006018364609723384,""supersededPending"":0},""referenceExceededUpdates"":41623,""budgetDenialUpdates"":0,""budgetDeniedUnitIdOccurrences"":0,""budgetDeniedDebugCalls"":0,""maxRollingCommandCalls"":517,""maxPendingUnitIds"":0}"
"strata","ra2web_advanced__hfo-corners-b-golden","disabled","8","164137","{""baseline.activateSuperWeapon"":8,""baseline.orderUnits"":3633,""baseline.pauseProduction"":55,""baseline.placeBuilding"":126,""baseline.queueForProduction"":464,""baseline.resumeProduction"":50,""baseline.sayAll"":2,""baseline.sellObject"":17,""baseline.setUnitDebugText"":2467,""baseline.toggleRepairWrench"":59,""baseline.unqueueFromProduction"":70,""candidate.activateSuperWeapon"":5,""candidate.orderUnits"":9262,""candidate.pauseProduction"":231,""candidate.placeBuilding"":79,""candidate.queueForProduction"":687,""candidate.resumeProduction"":217,""candidate.setUnitDebugText"":2189,""candidate.toggleRepairWrench"":50,""candidate.unqueueFromProduction"":147}","{""baseline.activateSuperWeapon"":0.0000487397722634141,""baseline.orderUnits"":0.022133949079122927,""baseline.pauseProduction"":0.00033508593431097195,""baseline.placeBuilding"":0.0007676514131487721,""baseline.queueForProduction"":0.0028269067912780176,""baseline.resumeProduction"":0.0003046235766463381,""baseline.sayAll"":0.000012184943065853525,""baseline.sellObject"":0.00010357201605975496,""baseline.setUnitDebugText"":0.015030127271730323,""baseline.toggleRepairWrench"":0.00035945582044267897,""baseline.unqueueFromProduction"":0.00042647300730487336,""candidate.activateSuperWeapon"":0.00003046235766463381,""candidate.orderUnits"":0.056428471337967676,""candidate.pauseProduction"":0.001407360924106082,""candidate.placeBuilding"":0.0004813052511012142,""candidate.queueForProduction"":0.004185527943120685,""candidate.resumeProduction"":0.0013220663226451075,""candidate.setUnitDebugText"":0.013336420185576682,""candidate.toggleRepairWrench"":0.0003046235766463381,""candidate.unqueueFromProduction"":0.000895593315340234}",""
"strata","ra2web_advanced__hfo-corners-b-golden","separated_lanes_v2","8","168780","{""baseline.activateSuperWeapon"":16,""baseline.orderUnits"":5156,""baseline.pauseProduction"":69,""baseline.placeBuilding"":121,""baseline.queueForProduction"":460,""baseline.resumeProduction"":63,""baseline.sayAll"":2,""baseline.sellObject"":19,""baseline.setUnitDebugText"":2557,""baseline.toggleRepairWrench"":52,""baseline.unqueueFromProduction"":69,""candidate.activateSuperWeapon"":8,""candidate.orderUnits"":10138,""candidate.pauseProduction"":187,""candidate.placeBuilding"":78,""candidate.queueForProduction"":687,""candidate.resumeProduction"":171,""candidate.setUnitDebugText"":1377,""candidate.toggleRepairWrench"":86,""candidate.unqueueFromProduction"":125}","{""baseline.activateSuperWeapon"":0.00009479796184382036,""baseline.orderUnits"":0.03054864320417111,""baseline.pauseProduction"":0.0004088162104514753,""baseline.placeBuilding"":0.0007169095864438914,""baseline.queueForProduction"":0.0027254414030098355,""baseline.resumeProduction"":0.0003732669747600427,""baseline.sayAll"":0.000011849745230477546,""baseline.sellObject"":0.00011257257968953668,""baseline.setUnitDebugText"":0.01514989927716554,""baseline.toggleRepairWrench"":0.0003080933759924162,""baseline.unqueueFromProduction"":0.0004088162104514753,""candidate.activateSuperWeapon"":0.00004739898092191018,""candidate.orderUnits"":0.06006635857329067,""candidate.pauseProduction"":0.0011079511790496504,""candidate.placeBuilding"":0.00046214006398862423,""candidate.queueForProduction"":0.004070387486669037,""candidate.resumeProduction"":0.00101315321720583,""candidate.setUnitDebugText"":0.008158549591183789,""candidate.toggleRepairWrench"":0.0005095390449105344,""candidate.unqueueFromProduction"":0.0007406090769048466}","{""counters"":{""debugCoalesced"":0,""debugDropped"":707,""debugForwarded"":1377,""debugProposals"":2084,""deferredUnitIds"":69038,""duplicateSuppressions"":361,""expiredPending"":16,""forwardedOrderCalls"":10138,""forwardedUnitIds"":19313,""gameplayNonorderCalls"":1342,""invalidTargets"":80,""invalidTiles"":0,""invalidUnitIds"":21,""pendingUnitIds"":69038,""productionBatches"":1051,""proposedCalls"":11886,""proposedUnitIds"":21526,""revokedPending"":0,""sameUnitConflicts"":1729,""supersededPending"":1729},""countersPerObservedUpdate"":{""debugCoalesced"":0,""debugDropped"":0.004188884938973812,""debugForwarded"":0.008158549591183789,""debugProposals"":0.012347434530157601,""deferredUnitIds"":0.40904135561085436,""duplicateSuppressions"":0.002138879014101197,""expiredPending"":0.00009479796184382036,""forwardedOrderCalls"":0.06006635857329067,""forwardedUnitIds"":0.11442706481810641,""gameplayNonorderCalls"":0.007951179049650432,""invalidTargets"":0.0004739898092191018,""invalidTiles"":0,""invalidUnitIds"":0.00012442232492001422,""pendingUnitIds"":0.40904135561085436,""productionBatches"":0.0062270411186159495,""proposedCalls"":0.07042303590472805,""proposedUnitIds"":0.12753880791562983,""revokedPending"":0,""sameUnitConflicts"":0.010244104751747838,""supersededPending"":0.010244104751747838},""referenceExceededUpdates"":0,""budgetDenialUpdates"":14270,""budgetDeniedUnitIdOccurrences"":69038,""budgetDeniedDebugCalls"":707,""maxRollingCommandCalls"":115,""maxPendingUnitIds"":30}"
"strata","ra2web_advanced__hfo-corners-b-golden","separated_lanes_unbounded_d1","8","163961","{""baseline.activateSuperWeapon"":10,""baseline.orderUnits"":4048,""baseline.pauseProduction"":57,""baseline.placeBuilding"":129,""baseline.queueForProduction"":474,""baseline.resumeProduction"":51,""baseline.sayAll"":2,""baseline.sellObject"":19,""baseline.setUnitDebugText"":2549,""baseline.toggleRepairWrench"":72,""baseline.unqueueFromProduction"":73,""candidate.activateSuperWeapon"":4,""candidate.orderUnits"":8670,""candidate.pauseProduction"":230,""candidate.placeBuilding"":78,""candidate.queueForProduction"":679,""candidate.resumeProduction"":216,""candidate.setUnitDebugText"":1982,""candidate.toggleRepairWrench"":55,""candidate.unqueueFromProduction"":148}","{""baseline.activateSuperWeapon"":0.00006099011350260123,""baseline.orderUnits"":0.024688797945852978,""baseline.pauseProduction"":0.000347643646964827,""baseline.placeBuilding"":0.0007867724641835559,""baseline.queueForProduction"":0.002890931380023298,""baseline.resumeProduction"":0.0003110495788632663,""baseline.sayAll"":0.000012198022700520246,""baseline.sellObject"":0.00011588121565494233,""baseline.setUnitDebugText"":0.015546379931813053,""baseline.toggleRepairWrench"":0.00043912881721872883,""baseline.unqueueFromProduction"":0.00044522782856898894,""candidate.activateSuperWeapon"":0.000024396045401040493,""candidate.orderUnits"":0.052878428406755267,""candidate.pauseProduction"":0.0014027726105598282,""candidate.placeBuilding"":0.00047572288532028956,""candidate.queueForProduction"":0.0041412287068266235,""candidate.resumeProduction"":0.0013173864516561864,""candidate.setUnitDebugText"":0.012088240496215564,""candidate.toggleRepairWrench"":0.0003354456242643068,""candidate.unqueueFromProduction"":0.0009026536798384982}","{""counters"":{""debugCoalesced"":0,""debugDropped"":0,""debugForwarded"":1982,""debugProposals"":1982,""deferredUnitIds"":0,""duplicateSuppressions"":71,""expiredPending"":0,""forwardedOrderCalls"":8670,""forwardedUnitIds"":20784,""gameplayNonorderCalls"":1410,""invalidTargets"":0,""invalidTiles"":0,""invalidUnitIds"":0,""pendingUnitIds"":0,""productionBatches"":1123,""proposedCalls"":8869,""proposedUnitIds"":21053,""revokedPending"":0,""sameUnitConflicts"":198,""supersededPending"":0},""countersPerObservedUpdate"":{""debugCoalesced"":0,""debugDropped"":0,""debugForwarded"":0.012088240496215564,""debugProposals"":0.012088240496215564,""deferredUnitIds"":0,""duplicateSuppressions"":0.0004330298058684687,""expiredPending"":0,""forwardedOrderCalls"":0.052878428406755267,""forwardedUnitIds"":0.1267618519038064,""gameplayNonorderCalls"":0.008599606003866772,""invalidTargets"":0,""invalidTiles"":0,""invalidUnitIds"":0,""pendingUnitIds"":0,""productionBatches"":0.006849189746342118,""proposedCalls"":0.05409213166545703,""proposedUnitIds"":0.12840248595702636,""revokedPending"":0,""sameUnitConflicts"":0.0012076042473515042,""supersededPending"":0},""referenceExceededUpdates"":27193,""budgetDenialUpdates"":0,""budgetDeniedUnitIdOccurrences"":0,""budgetDeniedDebugCalls"":0,""maxRollingCommandCalls"":588,""maxPendingUnitIds"":0}"
"strata","ra2web_advanced__hfo-golden","disabled","8","153382","{""baseline.activateSuperWeapon"":4,""baseline.orderUnits"":2660,""baseline.pauseProduction"":66,""baseline.placeBuilding"":98,""baseline.queueForProduction"":381,""baseline.quitGame"":18,""baseline.resumeProduction"":62,""baseline.sayAll"":3,""baseline.sellObject"":20,""baseline.setUnitDebugText"":1439,""baseline.toggleRepairWrench"":72,""baseline.unqueueFromProduction"":60,""candidate.activateSuperWeapon"":5,""candidate.orderUnits"":15745,""candidate.pauseProduction"":239,""candidate.placeBuilding"":76,""candidate.queueForProduction"":689,""candidate.resumeProduction"":218,""candidate.setUnitDebugText"":2011,""candidate.toggleRepairWrench"":62,""candidate.unqueueFromProduction"":178}","{""baseline.activateSuperWeapon"":0.000026078679375676416,""baseline.orderUnits"":0.017342321784824817,""baseline.pauseProduction"":0.00043029820969866085,""baseline.placeBuilding"":0.0006389276447040722,""baseline.queueForProduction"":0.002483994210533179,""baseline.quitGame"":0.00011735405719054387,""baseline.resumeProduction"":0.00040421953032298446,""baseline.sayAll"":0.00001955900953175731,""baseline.sellObject"":0.00013039339687838207,""baseline.setUnitDebugText"":0.009381804905399591,""baseline.toggleRepairWrench"":0.0004694162287621755,""baseline.unqueueFromProduction"":0.0003911801906351462,""candidate.activateSuperWeapon"":0.00003259834921959552,""candidate.orderUnits"":0.10265220169250629,""candidate.pauseProduction"":0.0015582010926966658,""candidate.placeBuilding"":0.0004954949081378519,""candidate.queueForProduction"":0.004492052522460262,""candidate.resumeProduction"":0.0014212880259743647,""candidate.setUnitDebugText"":0.013111056056121319,""candidate.toggleRepairWrench"":0.00040421953032298446,""candidate.unqueueFromProduction"":0.0011605012322176006}",""
"strata","ra2web_advanced__hfo-golden","separated_lanes_v2","8","153818","{""baseline.activateSuperWeapon"":8,""baseline.orderUnits"":3272,""baseline.pauseProduction"":83,""baseline.placeBuilding"":105,""baseline.queueForProduction"":396,""baseline.quitGame"":19,""baseline.resumeProduction"":73,""baseline.sayAll"":4,""baseline.sellObject"":25,""baseline.setUnitDebugText"":1724,""baseline.toggleRepairWrench"":33,""baseline.unqueueFromProduction"":52,""candidate.activateSuperWeapon"":2,""candidate.orderUnits"":12192,""candidate.pauseProduction"":164,""candidate.placeBuilding"":72,""candidate.queueForProduction"":683,""candidate.quitGame"":75,""candidate.resumeProduction"":149,""candidate.setUnitDebugText"":1134,""candidate.toggleRepairWrench"":73,""candidate.unqueueFromProduction"":134}","{""baseline.activateSuperWeapon"":0.00005200951774174674,""baseline.orderUnits"":0.021271892756374415,""baseline.pauseProduction"":0.0005395987465706225,""baseline.placeBuilding"":0.000682624920360426,""baseline.queueForProduction"":0.0025744711282164635,""baseline.quitGame"":0.00012352260463664852,""baseline.resumeProduction"":0.000474586849393439,""baseline.sayAll"":0.00002600475887087337,""baseline.sellObject"":0.00016252974294295855,""baseline.setUnitDebugText"":0.011208051073346423,""baseline.toggleRepairWrench"":0.0002145392606847053,""baseline.unqueueFromProduction"":0.0003380618653213538,""candidate.activateSuperWeapon"":0.000013002379435436686,""candidate.orderUnits"":0.07926250503842203,""candidate.pauseProduction"":0.0010661951137058083,""candidate.placeBuilding"":0.00046808565967572065,""candidate.queueForProduction"":0.004440312577201628,""candidate.quitGame"":0.0004875892288288757,""candidate.resumeProduction"":0.000968677267940033,""candidate.setUnitDebugText"":0.0073723491398926,""candidate.toggleRepairWrench"":0.000474586849393439,""candidate.unqueueFromProduction"":0.0008711594221742579}","{""counters"":{""debugCoalesced"":0,""debugDropped"":1418,""debugForwarded"":1134,""debugProposals"":2552,""deferredUnitIds"":81488,""duplicateSuppressions"":530,""expiredPending"":8,""forwardedOrderCalls"":12192,""forwardedUnitIds"":19755,""gameplayNonorderCalls"":1352,""invalidTargets"":233,""invalidTiles"":0,""invalidUnitIds"":47,""pendingUnitIds"":81488,""productionBatches"":1003,""proposedCalls"":14676,""proposedUnitIds"":23282,""revokedPending"":868,""sameUnitConflicts"":1824,""supersededPending"":1846},""countersPerObservedUpdate"":{""debugCoalesced"":0,""debugDropped"":0.009218687019724609,""debugForwarded"":0.0073723491398926,""debugProposals"":0.01659103615961721,""deferredUnitIds"":0.5297689477174323,""duplicateSuppressions"":0.0034456305503907216,""expiredPending"":0.00005200951774174674,""forwardedOrderCalls"":0.07926250503842203,""forwardedUnitIds"":0.12843100287352585,""gameplayNonorderCalls"":0.008789608498355198,""invalidTargets"":0.0015147772042283737,""invalidTiles"":0,""invalidUnitIds"":0.0003055559167327621,""pendingUnitIds"":0.5297689477174323,""productionBatches"":0.006520693286871497,""proposedCalls"":0.0954114602972344,""proposedUnitIds"":0.15136069900791846,""revokedPending"":0.005643032674979521,""sameUnitConflicts"":0.011858170045118256,""supersededPending"":0.01200119621890806},""referenceExceededUpdates"":0,""budgetDenialUpdates"":17261,""budgetDeniedUnitIdOccurrences"":81488,""budgetDeniedDebugCalls"":1418,""maxRollingCommandCalls"":115,""maxPendingUnitIds"":30}"
"strata","ra2web_advanced__hfo-golden","separated_lanes_unbounded_d1","8","148508","{""baseline.activateSuperWeapon"":4,""baseline.orderUnits"":2470,""baseline.pauseProduction"":82,""baseline.placeBuilding"":97,""baseline.queueForProduction"":377,""baseline.quitGame"":20,""baseline.resumeProduction"":71,""baseline.sayAll"":4,""baseline.sellObject"":19,""baseline.setUnitDebugText"":1449,""baseline.toggleRepairWrench"":55,""baseline.unqueueFromProduction"":51,""candidate.activateSuperWeapon"":4,""candidate.orderUnits"":13528,""candidate.pauseProduction"":229,""candidate.placeBuilding"":69,""candidate.queueForProduction"":689,""candidate.resumeProduction"":214,""candidate.setUnitDebugText"":1923,""candidate.toggleRepairWrench"":51,""candidate.unqueueFromProduction"":182}","{""baseline.activateSuperWeapon"":0.000026934575915102215,""baseline.orderUnits"":0.01663210062757562,""baseline.pauseProduction"":0.0005521588062595954,""baseline.placeBuilding"":0.0006531634659412287,""baseline.queueForProduction"":0.002538583779998384,""baseline.quitGame"":0.00013467287957551107,""baseline.resumeProduction"":0.00047808872249306434,""baseline.sayAll"":0.000026934575915102215,""baseline.sellObject"":0.00012793923559673552,""baseline.setUnitDebugText"":0.009757050125245779,""baseline.toggleRepairWrench"":0.0003703504188326555,""baseline.unqueueFromProduction"":0.00034341584291755327,""candidate.activateSuperWeapon"":0.000026934575915102215,""candidate.orderUnits"":0.0910927357448757,""candidate.pauseProduction"":0.001542004471139602,""candidate.placeBuilding"":0.0004646214345355132,""candidate.queueForProduction"":0.004639480701376357,""candidate.resumeProduction"":0.0014409998114579686,""candidate.setUnitDebugText"":0.012948797371185391,""candidate.toggleRepairWrench"":0.00034341584291755327,""candidate.unqueueFromProduction"":0.0012255232041371508}","{""counters"":{""debugCoalesced"":0,""debugDropped"":0,""debugForwarded"":1923,""debugProposals"":1923,""deferredUnitIds"":0,""duplicateSuppressions"":70,""expiredPending"":0,""forwardedOrderCalls"":13528,""forwardedUnitIds"":32015,""gameplayNonorderCalls"":1438,""invalidTargets"":0,""invalidTiles"":0,""invalidUnitIds"":0,""pendingUnitIds"":0,""productionBatches"":1131,""proposedCalls"":15209,""proposedUnitIds"":32673,""revokedPending"":0,""sameUnitConflicts"":588,""supersededPending"":0},""countersPerObservedUpdate"":{""debugCoalesced"":0,""debugDropped"":0,""debugForwarded"":0.012948797371185391,""debugProposals"":0.012948797371185391,""deferredUnitIds"":0,""duplicateSuppressions"":0.0004713550785142888,""expiredPending"":0,""forwardedOrderCalls"":0.0910927357448757,""forwardedUnitIds"":0.21557761198049938,""gameplayNonorderCalls"":0.009682980041479246,""invalidTargets"":0,""invalidTiles"":0,""invalidUnitIds"":0,""pendingUnitIds"":0,""productionBatches"":0.007615751339995151,""proposedCalls"":0.1024119912731974,""proposedUnitIds"":0.22000834971853367,""revokedPending"":0,""sameUnitConflicts"":0.003959382659520026,""supersededPending"":0},""referenceExceededUpdates"":41654,""budgetDenialUpdates"":0,""budgetDeniedUnitIdOccurrences"":0,""budgetDeniedDebugCalls"":0,""maxRollingCommandCalls"":485,""maxPendingUnitIds"":0}"
"strata","ra2web_advanced__hfo-le","disabled","8","172424","{""baseline.activateSuperWeapon"":14,""baseline.orderUnits"":4429,""baseline.pauseProduction"":68,""baseline.placeBuilding"":104,""baseline.queueForProduction"":402,""baseline.quitGame"":3,""baseline.resumeProduction"":64,""baseline.sayAll"":5,""baseline.sellObject"":18,""baseline.setUnitDebugText"":1951,""baseline.toggleRepairWrench"":35,""baseline.unqueueFromProduction"":53,""candidate.orderUnits"":36915,""candidate.pauseProduction"":175,""candidate.placeBuilding"":62,""candidate.queueForProduction"":658,""candidate.quitGame"":35,""candidate.resumeProduction"":161,""candidate.sellObject"":20,""candidate.setUnitDebugText"":1016,""candidate.toggleRepairWrench"":51,""candidate.unqueueFromProduction"":160}","{""baseline.activateSuperWeapon"":0.00008119519324455992,""baseline.orderUnits"":0.025686679348582563,""baseline.pauseProduction"":0.0003943766529021482,""baseline.placeBuilding"":0.0006031642926738737,""baseline.queueForProduction"":0.002331461977450935,""baseline.quitGame"":0.000017398969980977126,""baseline.resumeProduction"":0.00037117802626084533,""baseline.sayAll"":0.000028998283301628544,""baseline.sellObject"":0.00010439381988586276,""baseline.setUnitDebugText"":0.011315130144295457,""baseline.toggleRepairWrench"":0.0002029879831113998,""baseline.unqueueFromProduction"":0.00030738180299726256,""candidate.orderUnits"":0.21409432561592354,""candidate.pauseProduction"":0.001014939915556999,""candidate.placeBuilding"":0.00035957871294019396,""candidate.queueForProduction"":0.0038161740824943164,""candidate.quitGame"":0.0002029879831113998,""candidate.resumeProduction"":0.000933744722312439,""candidate.sellObject"":0.00011599313320651418,""candidate.setUnitDebugText"":0.00589245116689092,""candidate.toggleRepairWrench"":0.00029578248967661113,""candidate.unqueueFromProduction"":0.0009279450656521134}",""
"strata","ra2web_advanced__hfo-le","separated_lanes_v2","8","180178","{""baseline.activateSuperWeapon"":18,""baseline.orderUnits"":4335,""baseline.pauseProduction"":65,""baseline.placeBuilding"":99,""baseline.queueForProduction"":404,""baseline.quitGame"":4,""baseline.resumeProduction"":61,""baseline.sayAll"":5,""baseline.sellObject"":16,""baseline.setUnitDebugText"":2151,""baseline.toggleRepairWrench"":40,""baseline.unqueueFromProduction"":64,""candidate.activateSuperWeapon"":3,""candidate.orderUnits"":17588,""candidate.pauseProduction"":207,""candidate.placeBuilding"":60,""candidate.queueForProduction"":669,""candidate.quitGame"":67,""candidate.resumeProduction"":183,""candidate.sellObject"":27,""candidate.setUnitDebugText"":374,""candidate.toggleRepairWrench"":72,""candidate.unqueueFromProduction"":168}","{""baseline.activateSuperWeapon"":0.00009990120880462653,""baseline.orderUnits"":0.02405954112044756,""baseline.pauseProduction"":0.00036075436512781803,""baseline.placeBuilding"":0.000549456648425446,""baseline.queueForProduction"":0.0022422271309482846,""baseline.quitGame"":0.00002220026862325034,""baseline.resumeProduction"":0.0003385540965045677,""baseline.sayAll"":0.000027750335779062927,""baseline.sellObject"":0.00008880107449300136,""baseline.setUnitDebugText"":0.011938194452152872,""baseline.toggleRepairWrench"":0.00022200268623250342,""baseline.unqueueFromProduction"":0.00035520429797200544,""candidate.activateSuperWeapon"":0.000016650201467437756,""candidate.orderUnits"":0.09761458113643175,""candidate.pauseProduction"":0.001148863901253205,""candidate.placeBuilding"":0.0003330040293487551,""candidate.queueForProduction"":0.0037129949272386195,""candidate.quitGame"":0.0003718544994394432,""candidate.resumeProduction"":0.001015662289513703,""candidate.sellObject"":0.0001498518132069398,""candidate.setUnitDebugText"":0.002075725116273907,""candidate.toggleRepairWrench"":0.00039960483521850614,""candidate.unqueueFromProduction"":0.0009324112821765143}","{""counters"":{""debugCoalesced"":0,""debugDropped"":1071,""debugForwarded"":374,""debugProposals"":1445,""deferredUnitIds"":567699,""duplicateSuppressions"":10387,""expiredPending"":7,""forwardedOrderCalls"":17588,""forwardedUnitIds"":124523,""gameplayNonorderCalls"":1456,""invalidTargets"":2047,""invalidTiles"":0,""invalidUnitIds"":264,""pendingUnitIds"":567699,""productionBatches"":1042,""proposedCalls"":45207,""proposedUnitIds"":323935,""revokedPending"":8576,""sameUnitConflicts"":178129,""supersededPending"":171749},""countersPerObservedUpdate"":{""debugCoalesced"":0,""debugDropped"":0.0059441219238752785,""debugForwarded"":0.002075725116273907,""debugProposals"":0.008019847040149186,""deferredUnitIds"":3.150767574287649,""duplicateSuppressions"":0.05764854754742532,""expiredPending"":0.0000388504700906881,""forwardedOrderCalls"":0.09761458113643175,""forwardedUnitIds"":0.6911110124432506,""gameplayNonorderCalls"":0.008080897778863123,""invalidTargets"":0.011360987467948362,""invalidTiles"":0,""invalidUnitIds"":0.0014652177291345225,""pendingUnitIds"":3.150767574287649,""productionBatches"":0.005783169976356714,""proposedCalls"":0.25090188591281953,""proposedUnitIds"":1.7978610041181498,""revokedPending"":0.04759737592824873,""sameUnitConflicts"":0.9886279123977401,""supersededPending"":0.9532184839436557},""referenceExceededUpdates"":0,""budgetDenialUpdates"":66003,""budgetDeniedUnitIdOccurrences"":567699,""budgetDeniedDebugCalls"":1071,""maxRollingCommandCalls"":115,""maxPendingUnitIds"":37}"
"strata","ra2web_advanced__hfo-le","separated_lanes_unbounded_d1","8","173559","{""baseline.activateSuperWeapon"":14,""baseline.orderUnits"":4087,""baseline.pauseProduction"":72,""baseline.placeBuilding"":104,""baseline.queueForProduction"":404,""baseline.quitGame"":3,""baseline.resumeProduction"":65,""baseline.sayAll"":5,""baseline.sellObject"":18,""baseline.setUnitDebugText"":2000,""baseline.toggleRepairWrench"":35,""baseline.unqueueFromProduction"":56,""candidate.orderUnits"":33449,""candidate.pauseProduction"":171,""candidate.placeBuilding"":56,""candidate.queueForProduction"":656,""candidate.quitGame"":41,""candidate.resumeProduction"":156,""candidate.sellObject"":20,""candidate.setUnitDebugText"":1022,""candidate.toggleRepairWrench"":51,""candidate.unqueueFromProduction"":158}","{""baseline.activateSuperWeapon"":0.00008066421216992492,""baseline.orderUnits"":0.02354818822417737,""baseline.pauseProduction"":0.0004148445197310425,""baseline.placeBuilding"":0.000599219861833728,""baseline.queueForProduction"":0.0023277386940464048,""baseline.quitGame"":0.00001728518832212677,""baseline.resumeProduction"":0.00037451241364608003,""baseline.sayAll"":0.000028808647203544615,""baseline.sellObject"":0.00010371112993276062,""baseline.setUnitDebugText"":0.011523458881417847,""baseline.toggleRepairWrench"":0.0002016605304248123,""baseline.unqueueFromProduction"":0.0003226568486796997,""candidate.orderUnits"":0.19272408806227276,""candidate.pauseProduction"":0.000985255734361226,""candidate.placeBuilding"":0.0003226568486796997,""candidate.queueForProduction"":0.0037796945131050538,""candidate.quitGame"":0.00023623090706906586,""candidate.resumeProduction"":0.000898829792750592,""candidate.sellObject"":0.00011523458881417846,""candidate.setUnitDebugText"":0.0058884874884045195,""candidate.toggleRepairWrench"":0.0002938482014761551,""candidate.unqueueFromProduction"":0.0009103532516320099}","{""counters"":{""debugCoalesced"":0,""debugDropped"":0,""debugForwarded"":1022,""debugProposals"":1022,""deferredUnitIds"":0,""duplicateSuppressions"":24,""expiredPending"":0,""forwardedOrderCalls"":33449,""forwardedUnitIds"":230763,""gameplayNonorderCalls"":1309,""invalidTargets"":0,""invalidTiles"":0,""invalidUnitIds"":0,""pendingUnitIds"":0,""productionBatches"":958,""proposedCalls"":36883,""proposedUnitIds"":235202,""revokedPending"":0,""sameUnitConflicts"":4415,""supersededPending"":0},""countersPerObservedUpdate"":{""debugCoalesced"":0,""debugDropped"":0,""debugForwarded"":0.0058884874884045195,""debugProposals"":0.0058884874884045195,""deferredUnitIds"":0,""duplicateSuppressions"":0.00013828150657701417,""expiredPending"":0,""forwardedOrderCalls"":0.19272408806227276,""forwardedUnitIds"":1.3295939709263132,""gameplayNonorderCalls"":0.007542103837887981,""invalidTargets"":0,""invalidTiles"":0,""invalidUnitIds"":0,""pendingUnitIds"":0,""productionBatches"":0.005519736804199148,""proposedCalls"":0.2125098669616672,""proposedUnitIds"":1.35517028791362,""revokedPending"":0,""sameUnitConflicts"":0.025438035480729895,""supersededPending"":0},""referenceExceededUpdates"":96818,""budgetDenialUpdates"":0,""budgetDeniedUnitIdOccurrences"":0,""budgetDeniedDebugCalls"":0,""maxRollingCommandCalls"":1296,""maxPendingUnitIds"":0}"
"strata","ra2web_advanced__hfo-lvl","disabled","8","167067","{""baseline.activateSuperWeapon"":5,""baseline.orderUnits"":1914,""baseline.pauseProduction"":55,""baseline.placeBuilding"":105,""baseline.queueForProduction"":429,""baseline.quitGame"":1857,""baseline.resumeProduction"":48,""baseline.sellObject"":26,""baseline.setUnitDebugText"":1728,""baseline.toggleRepairWrench"":58,""baseline.unqueueFromProduction"":67,""candidate.activateSuperWeapon"":4,""candidate.orderUnits"":5700,""candidate.pauseProduction"":98,""candidate.placeBuilding"":76,""candidate.queueForProduction"":525,""candidate.quitGame"":69,""candidate.resumeProduction"":85,""candidate.setUnitDebugText"":1035,""candidate.toggleRepairWrench"":73,""candidate.unqueueFromProduction"":127}","{""baseline.activateSuperWeapon"":0.000029928112673358594,""baseline.orderUnits"":0.01145648153136167,""baseline.pauseProduction"":0.00032920923940694453,""baseline.placeBuilding"":0.0006284903661405304,""baseline.queueForProduction"":0.0025678320673741674,""baseline.quitGame"":0.011115301046885382,""baseline.resumeProduction"":0.0002873098816642425,""baseline.sellObject"":0.00015562618590146468,""baseline.setUnitDebugText"":0.01034315573991273,""baseline.toggleRepairWrench"":0.00034716610701095965,""baseline.unqueueFromProduction"":0.00040103670982300513,""candidate.activateSuperWeapon"":0.000023942490138686875,""candidate.orderUnits"":0.03411804844762879,""candidate.pauseProduction"":0.0005865910083978285,""candidate.placeBuilding"":0.0004549073126350506,""candidate.queueForProduction"":0.003142451830702652,""candidate.quitGame"":0.0004130079548923486,""candidate.resumeProduction"":0.000508777915447096,""candidate.setUnitDebugText"":0.006195119323385229,""candidate.toggleRepairWrench"":0.00043695044503103543,""candidate.unqueueFromProduction"":0.0007601740619033083}",""
"strata","ra2web_advanced__hfo-lvl","separated_lanes_v2","8","170340","{""baseline.activateSuperWeapon"":6,""baseline.orderUnits"":2117,""baseline.pauseProduction"":69,""baseline.placeBuilding"":115,""baseline.queueForProduction"":415,""baseline.quitGame"":1942,""baseline.resumeProduction"":66,""baseline.sayAll"":2,""baseline.sellObject"":17,""baseline.setUnitDebugText"":1694,""baseline.toggleRepairWrench"":63,""baseline.unqueueFromProduction"":68,""candidate.activateSuperWeapon"":4,""candidate.orderUnits"":5734,""candidate.pauseProduction"":131,""candidate.placeBuilding"":81,""candidate.queueForProduction"":539,""candidate.quitGame"":158,""candidate.resumeProduction"":119,""candidate.setUnitDebugText"":753,""candidate.toggleRepairWrench"":54,""candidate.unqueueFromProduction"":119}","{""baseline.activateSuperWeapon"":0.00003522367030644593,""baseline.orderUnits"":0.012428085006457673,""baseline.pauseProduction"":0.0004050722085241282,""baseline.placeBuilding"":0.0006751203475402137,""baseline.queueForProduction"":0.00243630386286251,""baseline.quitGame"":0.011400727955853,""baseline.resumeProduction"":0.00038746037337090527,""baseline.sayAll"":0.000011741223435481978,""baseline.sellObject"":0.0000998003992015968,""baseline.setUnitDebugText"":0.009944816249853234,""baseline.toggleRepairWrench"":0.00036984853821768227,""baseline.unqueueFromProduction"":0.0003992015968063872,""candidate.activateSuperWeapon"":0.000023482446870963955,""candidate.orderUnits"":0.03366208758952683,""candidate.pauseProduction"":0.0007690501350240695,""candidate.placeBuilding"":0.0004755195491370201,""candidate.queueForProduction"":0.003164259715862393,""candidate.quitGame"":0.0009275566514030762,""candidate.resumeProduction"":0.0006986027944111777,""candidate.setUnitDebugText"":0.0044205706234589645,""candidate.toggleRepairWrench"":0.00031701303275801337,""candidate.unqueueFromProduction"":0.0006986027944111777}","{""counters"":{""debugCoalesced"":0,""debugDropped"":279,""debugForwarded"":753,""debugProposals"":1032,""deferredUnitIds"":49812,""duplicateSuppressions"":128,""expiredPending"":0,""forwardedOrderCalls"":5734,""forwardedUnitIds"":19242,""gameplayNonorderCalls"":1205,""invalidTargets"":99,""invalidTiles"":0,""invalidUnitIds"":31,""pendingUnitIds"":49812,""productionBatches"":832,""proposedCalls"":6582,""proposedUnitIds"":25843,""revokedPending"":1921,""sameUnitConflicts"":4420,""supersededPending"":3336},""countersPerObservedUpdate"":{""debugCoalesced"":0,""debugDropped"":0.0016379006692497358,""debugForwarded"":0.0044205706234589645,""debugProposals"":0.0060584712927087,""deferredUnitIds"":0.2924269108841141,""duplicateSuppressions"":0.0007514382998708466,""expiredPending"":0,""forwardedOrderCalls"":0.03366208758952683,""forwardedUnitIds"":0.1129623106727721,""gameplayNonorderCalls"":0.007074087119877891,""invalidTargets"":0.0005811905600563578,""invalidTiles"":0,""invalidUnitIds"":0.00018198896324997065,""pendingUnitIds"":0.2924269108841141,""productionBatches"":0.004884348949160502,""proposedCalls"":0.03864036632617119,""proposedUnitIds"":0.15171421862158038,""revokedPending"":0.011277445109780439,""sameUnitConflicts"":0.02594810379241517,""supersededPending"":0.01958436069038394},""referenceExceededUpdates"":0,""budgetDenialUpdates"":4892,""budgetDeniedUnitIdOccurrences"":49812,""budgetDeniedDebugCalls"":279,""maxRollingCommandCalls"":115,""maxPendingUnitIds"":32}"
"strata","ra2web_advanced__hfo-lvl","separated_lanes_unbounded_d1","8","177754","{""baseline.activateSuperWeapon"":8,""baseline.orderUnits"":3087,""baseline.pauseProduction"":51,""baseline.placeBuilding"":117,""baseline.queueForProduction"":446,""baseline.quitGame"":1912,""baseline.resumeProduction"":47,""baseline.sellObject"":26,""baseline.setUnitDebugText"":1976,""baseline.toggleRepairWrench"":138,""baseline.unqueueFromProduction"":69,""candidate.activateSuperWeapon"":4,""candidate.orderUnits"":7095,""candidate.pauseProduction"":92,""candidate.placeBuilding"":73,""candidate.queueForProduction"":543,""candidate.quitGame"":70,""candidate.resumeProduction"":82,""candidate.setUnitDebugText"":1266,""candidate.toggleRepairWrench"":63,""candidate.unqueueFromProduction"":131}","{""baseline.activateSuperWeapon"":0.0000450060195551155,""baseline.orderUnits"":0.017366697795830194,""baseline.pauseProduction"":0.00028691337466386126,""baseline.placeBuilding"":0.0006582130359935642,""baseline.queueForProduction"":0.0025090855901976888,""baseline.quitGame"":0.010756438673672604,""baseline.resumeProduction"":0.00026441036488630354,""baseline.sellObject"":0.00014626956355412535,""baseline.setUnitDebugText"":0.011116486830113528,""baseline.toggleRepairWrench"":0.0007763538373257423,""baseline.unqueueFromProduction"":0.00038817691866287115,""candidate.activateSuperWeapon"":0.00002250300977755775,""candidate.orderUnits"":0.03991471359294305,""candidate.pauseProduction"":0.0005175692248838282,""candidate.placeBuilding"":0.0004106799284404289,""candidate.queueForProduction"":0.0030547835773034643,""candidate.quitGame"":0.0003938026711072606,""candidate.resumeProduction"":0.00046131170043993387,""candidate.setUnitDebugText"":0.007122202594597027,""candidate.toggleRepairWrench"":0.00035442240399653454,""candidate.unqueueFromProduction"":0.0007369735702150163}","{""counters"":{""debugCoalesced"":0,""debugDropped"":0,""debugForwarded"":1266,""debugProposals"":1266,""deferredUnitIds"":0,""duplicateSuppressions"":114,""expiredPending"":0,""forwardedOrderCalls"":7095,""forwardedUnitIds"":25537,""gameplayNonorderCalls"":1058,""invalidTargets"":0,""invalidTiles"":0,""invalidUnitIds"":0,""pendingUnitIds"":0,""productionBatches"":792,""proposedCalls"":7402,""proposedUnitIds"":26411,""revokedPending"":0,""sameUnitConflicts"":760,""supersededPending"":0},""countersPerObservedUpdate"":{""debugCoalesced"":0,""debugDropped"":0,""debugForwarded"":0.007122202594597027,""debugProposals"":0.007122202594597027,""deferredUnitIds"":0,""duplicateSuppressions"":0.0006413357786603959,""expiredPending"":0,""forwardedOrderCalls"":0.03991471359294305,""forwardedUnitIds"":0.14366484017237305,""gameplayNonorderCalls"":0.005952046086164025,""invalidTargets"":0,""invalidTiles"":0,""invalidUnitIds"":0,""pendingUnitIds"":0,""productionBatches"":0.0044555959359564344,""proposedCalls"":0.04164181959337061,""proposedUnitIds"":0.14858174780876943,""revokedPending"":0,""sameUnitConflicts"":0.004275571857735972,""supersededPending"":0},""referenceExceededUpdates"":19603,""budgetDenialUpdates"":0,""budgetDeniedUnitIdOccurrences"":0,""budgetDeniedDebugCalls"":0,""maxRollingCommandCalls"":327,""maxPendingUnitIds"":0}"
"strata","ra2web_advanced__hfo-original","disabled","8","139352","{""baseline.activateSuperWeapon"":5,""baseline.orderUnits"":2156,""baseline.pauseProduction"":61,""baseline.placeBuilding"":95,""baseline.queueForProduction"":375,""baseline.quitGame"":59,""baseline.resumeProduction"":58,""baseline.sayAll"":2,""baseline.sellObject"":14,""baseline.setUnitDebugText"":1494,""baseline.toggleRepairWrench"":53,""baseline.unqueueFromProduction"":50,""candidate.activateSuperWeapon"":4,""candidate.orderUnits"":12266,""candidate.pauseProduction"":191,""candidate.placeBuilding"":68,""candidate.queueForProduction"":639,""candidate.resumeProduction"":167,""candidate.setUnitDebugText"":2122,""candidate.toggleRepairWrench"":48,""candidate.unqueueFromProduction"":142}","{""baseline.activateSuperWeapon"":0.000035880360525862564,""baseline.orderUnits"":0.015471611458751937,""baseline.pauseProduction"":0.0004377403984155233,""baseline.placeBuilding"":0.0006817268499913887,""baseline.queueForProduction"":0.0026910270394396923,""baseline.quitGame"":0.00042338825420517825,""baseline.resumeProduction"":0.00041621218210000576,""baseline.sayAll"":0.000014352144210345025,""baseline.sellObject"":0.00010046500947241518,""baseline.setUnitDebugText"":0.010721051725127734,""baseline.toggleRepairWrench"":0.00038033182157414316,""baseline.unqueueFromProduction"":0.00035880360525862565,""candidate.activateSuperWeapon"":0.00002870428842069005,""candidate.orderUnits"":0.08802170044204605,""candidate.pauseProduction"":0.00137062977208795,""candidate.placeBuilding"":0.00048797290315173085,""candidate.queueForProduction"":0.004585510075205235,""candidate.resumeProduction"":0.0011984040415638096,""candidate.setUnitDebugText"":0.015227625007176072,""candidate.toggleRepairWrench"":0.0003444514610482806,""candidate.unqueueFromProduction"":0.0010190022389344967}",""
"strata","ra2web_advanced__hfo-original","separated_lanes_v2","8","154999","{""baseline.activateSuperWeapon"":7,""baseline.orderUnits"":1795,""baseline.pauseProduction"":89,""baseline.placeBuilding"":98,""baseline.queueForProduction"":396,""baseline.quitGame"":81,""baseline.resumeProduction"":81,""baseline.sayAll"":4,""baseline.sellObject"":19,""baseline.setUnitDebugText"":1443,""baseline.toggleRepairWrench"":58,""baseline.unqueueFromProduction"":55,""candidate.activateSuperWeapon"":2,""candidate.orderUnits"":11884,""candidate.pauseProduction"":159,""candidate.placeBuilding"":78,""candidate.queueForProduction"":781,""candidate.quitGame"":286,""candidate.resumeProduction"":144,""candidate.setUnitDebugText"":1034,""candidate.toggleRepairWrench"":82,""candidate.unqueueFromProduction"":231}","{""baseline.activateSuperWeapon"":0.00004516158168762379,""baseline.orderUnits"":0.0115807198756121,""baseline.pauseProduction"":0.0005741972528855025,""baseline.placeBuilding"":0.0006322621436267331,""baseline.queueForProduction"":0.002554855192614146,""baseline.quitGame"":0.0005225840166710753,""baseline.resumeProduction"":0.0005225840166710753,""baseline.sayAll"":0.000025806618107213596,""baseline.sellObject"":0.00012258143600926458,""baseline.setUnitDebugText"":0.009309737482177304,""baseline.toggleRepairWrench"":0.00037419596255459714,""baseline.unqueueFromProduction"":0.00035484099897418694,""candidate.activateSuperWeapon"":0.000012903309053606798,""candidate.orderUnits"":0.0766714623965316,""candidate.pauseProduction"":0.0010258130697617404,""candidate.placeBuilding"":0.0005032290530906651,""candidate.queueForProduction"":0.005038742185433455,""candidate.quitGame"":0.001845173194665772,""candidate.resumeProduction"":0.0009290382518596894,""candidate.setUnitDebugText"":0.006671010780714714,""candidate.toggleRepairWrench"":0.0005290356711978787,""candidate.unqueueFromProduction"":0.0014903321956915851}","{""counters"":{""debugCoalesced"":0,""debugDropped"":1335,""debugForwarded"":1034,""debugProposals"":2369,""deferredUnitIds"":93131,""duplicateSuppressions"":426,""expiredPending"":0,""forwardedOrderCalls"":11884,""forwardedUnitIds"":25330,""gameplayNonorderCalls"":1763,""invalidTargets"":121,""invalidTiles"":0,""invalidUnitIds"":38,""pendingUnitIds"":93131,""productionBatches"":1207,""proposedCalls"":15752,""proposedUnitIds"":36941,""revokedPending"":8554,""sameUnitConflicts"":2469,""supersededPending"":2256},""countersPerObservedUpdate"":{""debugCoalesced"":0,""debugDropped"":0.008612958793282537,""debugForwarded"":0.006671010780714714,""debugProposals"":0.015283969573997252,""deferredUnitIds"":0.6008490377357273,""duplicateSuppressions"":0.002748404828418248,""expiredPending"":0,""forwardedOrderCalls"":0.0766714623965316,""forwardedUnitIds"":0.16342040916393008,""gameplayNonorderCalls"":0.011374266930754391,""invalidTargets"":0.0007806501977432113,""invalidTiles"":0,""invalidUnitIds"":0.00024516287201852916,""pendingUnitIds"":0.6008490377357273,""productionBatches"":0.007787147013851702,""proposedCalls"":0.10162646210620714,""proposedUnitIds"":0.23833056987464435,""revokedPending"":0.05518745282227627,""sameUnitConflicts"":0.01592913502667759,""supersededPending"":0.014554932612468468},""referenceExceededUpdates"":0,""budgetDenialUpdates"":17963,""budgetDeniedUnitIdOccurrences"":93131,""budgetDeniedDebugCalls"":1335,""maxRollingCommandCalls"":115,""maxPendingUnitIds"":30}"
"strata","ra2web_advanced__hfo-original","separated_lanes_unbounded_d1","8","144717","{""baseline.activateSuperWeapon"":8,""baseline.orderUnits"":2207,""baseline.pauseProduction"":75,""baseline.placeBuilding"":98,""baseline.queueForProduction"":382,""baseline.quitGame"":48,""baseline.resumeProduction"":72,""baseline.sayAll"":2,""baseline.sellObject"":13,""baseline.setUnitDebugText"":1580,""baseline.toggleRepairWrench"":46,""baseline.unqueueFromProduction"":47,""candidate.activateSuperWeapon"":3,""candidate.orderUnits"":12543,""candidate.pauseProduction"":190,""candidate.placeBuilding"":73,""candidate.queueForProduction"":713,""candidate.quitGame"":20,""candidate.resumeProduction"":168,""candidate.setUnitDebugText"":2136,""candidate.toggleRepairWrench"":62,""candidate.unqueueFromProduction"":217}","{""baseline.activateSuperWeapon"":0.00005528030570009052,""baseline.orderUnits"":0.015250454335012473,""baseline.pauseProduction"":0.0005182528659383487,""baseline.placeBuilding"":0.0006771837448261089,""baseline.queueForProduction"":0.0026396345971793226,""baseline.quitGame"":0.0003316818342005431,""baseline.resumeProduction"":0.0004975227513008147,""baseline.sayAll"":0.00001382007642502263,""baseline.sellObject"":0.0000898304967626471,""baseline.setUnitDebugText"":0.010917860375767878,""baseline.toggleRepairWrench"":0.0003178617577755205,""baseline.unqueueFromProduction"":0.0003247717959880318,""candidate.activateSuperWeapon"":0.000020730114637533945,""candidate.orderUnits"":0.08667260929952943,""candidate.pauseProduction"":0.0013129072603771498,""candidate.placeBuilding"":0.000504432789513326,""candidate.queueForProduction"":0.004926857245520568,""candidate.quitGame"":0.0001382007642502263,""candidate.resumeProduction"":0.001160886419701901,""candidate.setUnitDebugText"":0.01475984162192417,""candidate.toggleRepairWrench"":0.00042842236917570154,""candidate.unqueueFromProduction"":0.0014994782921149553}","{""counters"":{""debugCoalesced"":0,""debugDropped"":0,""debugForwarded"":2136,""debugProposals"":2136,""deferredUnitIds"":0,""duplicateSuppressions"":60,""expiredPending"":0,""forwardedOrderCalls"":12543,""forwardedUnitIds"":28571,""gameplayNonorderCalls"":1446,""invalidTargets"":0,""invalidTiles"":0,""invalidUnitIds"":0,""pendingUnitIds"":0,""productionBatches"":1148,""proposedCalls"":13404,""proposedUnitIds"":28983,""revokedPending"":0,""sameUnitConflicts"":352,""supersededPending"":0},""countersPerObservedUpdate"":{""debugCoalesced"":0,""debugDropped"":0,""debugForwarded"":0.01475984162192417,""debugProposals"":0.01475984162192417,""deferredUnitIds"":0,""duplicateSuppressions"":0.0004146022927506789,""expiredPending"":0,""forwardedOrderCalls"":0.08667260929952943,""forwardedUnitIds"":0.1974267017696608,""gameplayNonorderCalls"":0.009991915255291361,""invalidTargets"":0,""invalidTiles"":0,""invalidUnitIds"":0,""pendingUnitIds"":0,""productionBatches"":0.00793272386796299,""proposedCalls"":0.09262215220050167,""proposedUnitIds"":0.20027363751321545,""revokedPending"":0,""sameUnitConflicts"":0.0024323334508039827,""supersededPending"":0},""referenceExceededUpdates"":41592,""budgetDenialUpdates"":0,""budgetDeniedUnitIdOccurrences"":0,""budgetDeniedDebugCalls"":0,""maxRollingCommandCalls"":755,""maxPendingUnitIds"":0}"
"strata","ra2web_advanced__hfo-rvr","disabled","8","158834","{""baseline.activateSuperWeapon"":10,""baseline.orderUnits"":3322,""baseline.pauseProduction"":84,""baseline.placeBuilding"":109,""baseline.queueForProduction"":497,""baseline.quitGame"":24,""baseline.resumeProduction"":74,""baseline.sayAll"":1,""baseline.sellObject"":15,""baseline.setUnitDebugText"":2231,""baseline.toggleRepairWrench"":136,""baseline.unqueueFromProduction"":71,""candidate.activateSuperWeapon"":3,""candidate.orderUnits"":10736,""candidate.pauseProduction"":75,""candidate.placeBuilding"":65,""candidate.queueForProduction"":819,""candidate.resumeProduction"":71,""candidate.setUnitDebugText"":1346,""candidate.toggleRepairWrench"":22,""candidate.unqueueFromProduction"":57}","{""baseline.activateSuperWeapon"":0.00006295881234496392,""baseline.orderUnits"":0.020914917460997016,""baseline.pauseProduction"":0.000528854023697697,""baseline.placeBuilding"":0.0006862510545601068,""baseline.queueForProduction"":0.003129052973544707,""baseline.quitGame"":0.00015110114962791341,""baseline.resumeProduction"":0.00046589521135273303,""baseline.sayAll"":0.000006295881234496392,""baseline.sellObject"":0.00009443821851744588,""baseline.setUnitDebugText"":0.014046111034161451,""baseline.toggleRepairWrench"":0.0008562398478915093,""baseline.unqueueFromProduction"":0.0004470075676492439,""candidate.activateSuperWeapon"":0.000018887643703489177,""candidate.orderUnits"":0.06759258093355328,""candidate.pauseProduction"":0.00047219109258722945,""candidate.placeBuilding"":0.0004092322802422655,""candidate.queueForProduction"":0.005156326731052545,""candidate.resumeProduction"":0.0004470075676492439,""candidate.setUnitDebugText"":0.008474256141632145,""candidate.toggleRepairWrench"":0.00013850938715892063,""candidate.unqueueFromProduction"":0.0003588652303662944}",""
"strata","ra2web_advanced__hfo-rvr","separated_lanes_v2","8","180223","{""baseline.activateSuperWeapon"":15,""baseline.orderUnits"":3861,""baseline.pauseProduction"":104,""baseline.placeBuilding"":135,""baseline.queueForProduction"":541,""baseline.resumeProduction"":101,""baseline.sellObject"":8,""baseline.setUnitDebugText"":2507,""baseline.toggleRepairWrench"":104,""baseline.unqueueFromProduction"":89,""candidate.activateSuperWeapon"":6,""candidate.orderUnits"":10249,""candidate.pauseProduction"":102,""candidate.placeBuilding"":77,""candidate.queueForProduction"":847,""candidate.resumeProduction"":95,""candidate.setUnitDebugText"":1788,""candidate.toggleRepairWrench"":58,""candidate.unqueueFromProduction"":66}","{""baseline.activateSuperWeapon"":0.00008323022033813664,""baseline.orderUnits"":0.021423458715036373,""baseline.pauseProduction"":0.0005770628610110807,""baseline.placeBuilding"":0.0007490719830432297,""baseline.queueForProduction"":0.003001836613528795,""baseline.resumeProduction"":0.0005604168169434534,""baseline.sellObject"":0.00004438945084700621,""baseline.setUnitDebugText"":0.01391054415918057,""baseline.toggleRepairWrench"":0.0005770628610110807,""baseline.unqueueFromProduction"":0.0004938326406729441,""candidate.activateSuperWeapon"":0.000033292088135254654,""candidate.orderUnits"":0.05686843521637083,""candidate.pauseProduction"":0.0005659654982993292,""candidate.placeBuilding"":0.0004272484644024348,""candidate.queueForProduction"":0.0046997331084267825,""candidate.resumeProduction"":0.0005271247288081987,""candidate.setUnitDebugText"":0.009921042264305888,""candidate.toggleRepairWrench"":0.000321823518640795,""candidate.unqueueFromProduction"":0.0003662129694878012}","{""counters"":{""debugCoalesced"":0,""debugDropped"":152,""debugForwarded"":1788,""debugProposals"":1940,""deferredUnitIds"":29515,""duplicateSuppressions"":122,""expiredPending"":0,""forwardedOrderCalls"":10249,""forwardedUnitIds"":26992,""gameplayNonorderCalls"":1251,""invalidTargets"":59,""invalidTiles"":0,""invalidUnitIds"":20,""pendingUnitIds"":29515,""productionBatches"":1058,""proposedCalls"":10703,""proposedUnitIds"":28194,""revokedPending"":0,""sameUnitConflicts"":1001,""supersededPending"":1033},""countersPerObservedUpdate"":{""debugCoalesced"":0,""debugDropped"":0.000843399566093118,""debugForwarded"":0.009921042264305888,""debugProposals"":0.010764441830399006,""deferredUnitIds"":0.16376933021867354,""duplicateSuppressions"":0.0006769391254168447,""expiredPending"":0,""forwardedOrderCalls"":0.05686843521637083,""forwardedUnitIds"":0.14977000715779895,""gameplayNonorderCalls"":0.006941400376200596,""invalidTargets"":0.0003273721999966708,""invalidTiles"":0,""invalidUnitIds"":0.00011097362711751552,""pendingUnitIds"":0.16376933021867354,""productionBatches"":0.0058705048745165715,""proposedCalls"":0.05938753655193843,""proposedUnitIds"":0.15643952214756163,""revokedPending"":0,""sameUnitConflicts"":0.005554230037231652,""supersededPending"":0.005731787840619677},""referenceExceededUpdates"":0,""budgetDenialUpdates"":5422,""budgetDeniedUnitIdOccurrences"":29515,""budgetDeniedDebugCalls"":152,""maxRollingCommandCalls"":115,""maxPendingUnitIds"":16}"
"strata","ra2web_advanced__hfo-rvr","separated_lanes_unbounded_d1","8","176695","{""baseline.activateSuperWeapon"":14,""baseline.orderUnits"":3146,""baseline.pauseProduction"":99,""baseline.placeBuilding"":122,""baseline.queueForProduction"":553,""baseline.resumeProduction"":93,""baseline.sellObject"":15,""baseline.setUnitDebugText"":2487,""baseline.toggleRepairWrench"":138,""baseline.unqueueFromProduction"":85,""candidate.activateSuperWeapon"":3,""candidate.orderUnits"":12012,""candidate.pauseProduction"":90,""candidate.placeBuilding"":78,""candidate.queueForProduction"":883,""candidate.resumeProduction"":81,""candidate.setUnitDebugText"":1572,""candidate.toggleRepairWrench"":60,""candidate.unqueueFromProduction"":71}","{""baseline.activateSuperWeapon"":0.00007923257590763746,""baseline.orderUnits"":0.017804691700387672,""baseline.pauseProduction"":0.0005602875010611506,""baseline.placeBuilding"":0.0006904553043379835,""baseline.queueForProduction"":0.0031296867483516792,""baseline.resumeProduction"":0.0005263306828150202,""baseline.sellObject"":0.00008489204561532585,""baseline.setUnitDebugText"":0.014075101163021025,""baseline.toggleRepairWrench"":0.0007810068196609978,""baseline.unqueueFromProduction"":0.0004810549251535131,""candidate.activateSuperWeapon"":0.000016978409123065167,""candidate.orderUnits"":0.06798155012875294,""candidate.pauseProduction"":0.0005093522736919551,""candidate.placeBuilding"":0.0004414386371996944,""candidate.queueForProduction"":0.004997311751888848,""candidate.resumeProduction"":0.00045841704632275956,""candidate.setUnitDebugText"":0.008896686380486149,""candidate.toggleRepairWrench"":0.0003395681824613034,""candidate.unqueueFromProduction"":0.0004018223492458757}","{""counters"":{""debugCoalesced"":0,""debugDropped"":0,""debugForwarded"":1572,""debugProposals"":1572,""deferredUnitIds"":0,""duplicateSuppressions"":76,""expiredPending"":0,""forwardedOrderCalls"":12012,""forwardedUnitIds"":33919,""gameplayNonorderCalls"":1266,""invalidTargets"":0,""invalidTiles"":0,""invalidUnitIds"":0,""pendingUnitIds"":0,""productionBatches"":1077,""proposedCalls"":12070,""proposedUnitIds"":33995,""revokedPending"":0,""sameUnitConflicts"":0,""supersededPending"":0},""countersPerObservedUpdate"":{""debugCoalesced"":0,""debugDropped"":0,""debugForwarded"":0.008896686380486149,""debugProposals"":0.008896686380486149,""deferredUnitIds"":0,""duplicateSuppressions"":0.0004301196977843176,""expiredPending"":0,""forwardedOrderCalls"":0.06798155012875294,""forwardedUnitIds"":0.1919635530150825,""gameplayNonorderCalls"":0.0071648886499335014,""invalidTargets"":0,""invalidTiles"":0,""invalidUnitIds"":0,""pendingUnitIds"":0,""productionBatches"":0.006095248875180395,""proposedCalls"":0.06830979937179886,""proposedUnitIds"":0.1923936727128668,""revokedPending"":0,""sameUnitConflicts"":0,""supersededPending"":0},""referenceExceededUpdates"":24955,""budgetDenialUpdates"":0,""budgetDeniedUnitIdOccurrences"":0,""budgetDeniedDebugCalls"":0,""maxRollingCommandCalls"":295,""maxPendingUnitIds"":0}"
"strata","ra2web_advanced__hfo-tvt","disabled","8","126485","{""baseline.activateSuperWeapon"":7,""baseline.orderUnits"":2045,""baseline.pauseProduction"":66,""baseline.placeBuilding"":85,""baseline.queueForProduction"":354,""baseline.quitGame"":792,""baseline.resumeProduction"":53,""baseline.sayAll"":7,""baseline.sellObject"":10,""baseline.setUnitDebugText"":1495,""baseline.toggleRepairWrench"":76,""baseline.unqueueFromProduction"":39,""candidate.activateSuperWeapon"":2,""candidate.orderUnits"":5817,""candidate.pauseProduction"":123,""candidate.placeBuilding"":68,""candidate.queueForProduction"":657,""candidate.resumeProduction"":110,""candidate.setUnitDebugText"":1954,""candidate.toggleRepairWrench"":53,""candidate.unqueueFromProduction"":152}","{""baseline.activateSuperWeapon"":0.00005534253073486975,""baseline.orderUnits"":0.016167925050401235,""baseline.pauseProduction"":0.000521801004071629,""baseline.placeBuilding"":0.000672016444637704,""baseline.queueForProduction"":0.0027987508400205557,""baseline.quitGame"":0.006261612048859549,""baseline.resumeProduction"":0.00041902201842115665,""baseline.sayAll"":0.00005534253073486975,""baseline.sellObject"":0.00007906075819267107,""baseline.setUnitDebugText"":0.011819583349804324,""baseline.toggleRepairWrench"":0.0006008617622643001,""baseline.unqueueFromProduction"":0.0003083369569514172,""candidate.activateSuperWeapon"":0.000015812151638534212,""candidate.orderUnits"":0.04598964304067676,""candidate.pauseProduction"":0.0009724473257698541,""candidate.placeBuilding"":0.0005376131557101632,""candidate.queueForProduction"":0.005194291813258489,""candidate.resumeProduction"":0.0008696683401193818,""candidate.setUnitDebugText"":0.015448472150847927,""candidate.toggleRepairWrench"":0.00041902201842115665,""candidate.unqueueFromProduction"":0.0012017235245286003}",""
"strata","ra2web_advanced__hfo-tvt","separated_lanes_v2","8","163339","{""baseline.activateSuperWeapon"":13,""baseline.orderUnits"":4901,""baseline.pauseProduction"":46,""baseline.placeBuilding"":106,""baseline.queueForProduction"":414,""baseline.quitGame"":10,""baseline.resumeProduction"":43,""baseline.sayAll"":6,""baseline.sellObject"":14,""baseline.setUnitDebugText"":2500,""baseline.toggleRepairWrench"":55,""baseline.unqueueFromProduction"":56,""candidate.orderUnits"":4920,""candidate.pauseProduction"":152,""candidate.placeBuilding"":73,""candidate.queueForProduction"":676,""candidate.resumeProduction"":138,""candidate.setUnitDebugText"":1597,""candidate.toggleRepairWrench"":116,""candidate.unqueueFromProduction"":150}","{""baseline.activateSuperWeapon"":0.00007958907548105474,""baseline.orderUnits"":0.030005081456357635,""baseline.pauseProduction"":0.0002816228824714245,""baseline.placeBuilding"":0.0006489570769993694,""baseline.queueForProduction"":0.0025346059422428203,""baseline.quitGame"":0.0000612223657546575,""baseline.resumeProduction"":0.00026325617274502723,""baseline.sayAll"":0.000036733419452794494,""baseline.sellObject"":0.00008571131205652048,""baseline.setUnitDebugText"":0.015305591438664373,""baseline.toggleRepairWrench"":0.0003367230116506162,""baseline.unqueueFromProduction"":0.00034284524822608193,""candidate.orderUnits"":0.030121403951291485,""candidate.pauseProduction"":0.0009305799594707939,""candidate.placeBuilding"":0.0004469232700089997,""candidate.queueForProduction"":0.004138631925014846,""candidate.resumeProduction"":0.0008448686474142734,""candidate.setUnitDebugText"":0.009777211811018802,""candidate.toggleRepairWrench"":0.0007101794427540269,""candidate.unqueueFromProduction"":0.0009183354863198624}","{""counters"":{""debugCoalesced"":0,""debugDropped"":1220,""debugForwarded"":1597,""debugProposals"":2817,""deferredUnitIds"":37473,""duplicateSuppressions"":82,""expiredPending"":0,""forwardedOrderCalls"":4920,""forwardedUnitIds"":16081,""gameplayNonorderCalls"":1305,""invalidTargets"":110,""invalidTiles"":0,""invalidUnitIds"":17,""pendingUnitIds"":37473,""productionBatches"":1019,""proposedCalls"":6187,""proposedUnitIds"":23354,""revokedPending"":5912,""sameUnitConflicts"":1147,""supersededPending"":1097},""countersPerObservedUpdate"":{""debugCoalesced"":0,""debugDropped"":0.007469128622068214,""debugForwarded"":0.009777211811018802,""debugProposals"":0.017246340433087017,""deferredUnitIds"":0.229418571192428,""duplicateSuppressions"":0.0005020233991881914,""expiredPending"":0,""forwardedOrderCalls"":0.030121403951291485,""forwardedUnitIds"":0.09845168637006471,""gameplayNonorderCalls"":0.007989518730982803,""invalidTargets"":0.0006734460233012324,""invalidTiles"":0,""invalidUnitIds"":0.00010407802178291773,""pendingUnitIds"":0.229418571192428,""productionBatches"":0.006238559070399599,""proposedCalls"":0.03787827769240659,""proposedUnitIds"":0.1429787129834271,""revokedPending"":0.03619466263415351,""sameUnitConflicts"":0.007022205352059214,""supersededPending"":0.006716093523285927},""referenceExceededUpdates"":0,""budgetDenialUpdates"":4405,""budgetDeniedUnitIdOccurrences"":37473,""budgetDeniedDebugCalls"":1220,""maxRollingCommandCalls"":115,""maxPendingUnitIds"":33}"
"strata","ra2web_advanced__hfo-tvt","separated_lanes_unbounded_d1","8","101323","{""baseline.activateSuperWeapon"":2,""baseline.orderUnits"":1004,""baseline.pauseProduction"":46,""baseline.placeBuilding"":72,""baseline.queueForProduction"":332,""baseline.resumeProduction"":35,""baseline.sayAll"":6,""baseline.sellObject"":11,""baseline.setUnitDebugText"":1362,""baseline.toggleRepairWrench"":76,""baseline.unqueueFromProduction"":33,""candidate.orderUnits"":4967,""candidate.pauseProduction"":95,""candidate.placeBuilding"":64,""candidate.queueForProduction"":571,""candidate.resumeProduction"":83,""candidate.setUnitDebugText"":1865,""candidate.toggleRepairWrench"":26,""candidate.unqueueFromProduction"":90}","{""baseline.activateSuperWeapon"":0.000019738854949024407,""baseline.orderUnits"":0.009908905184410252,""baseline.pauseProduction"":0.00045399366382756136,""baseline.placeBuilding"":0.0007105987781648787,""baseline.queueForProduction"":0.0032766499215380516,""baseline.resumeProduction"":0.00034542996160792715,""baseline.sayAll"":0.00005921656484707322,""baseline.sellObject"":0.00010856370221963424,""baseline.setUnitDebugText"":0.013442160220285621,""baseline.toggleRepairWrench"":0.0007500764880629274,""baseline.unqueueFromProduction"":0.0003256911066589027,""candidate.orderUnits"":0.049021446265902116,""candidate.pauseProduction"":0.0009375956100786593,""candidate.placeBuilding"":0.000631643358368781,""candidate.queueForProduction"":0.005635443087946468,""candidate.resumeProduction"":0.0008191624803845129,""candidate.setUnitDebugText"":0.01840648223996526,""candidate.toggleRepairWrench"":0.0002566051143373173,""candidate.unqueueFromProduction"":0.0008882484727060983}","{""counters"":{""debugCoalesced"":0,""debugDropped"":0,""debugForwarded"":1865,""debugProposals"":1865,""deferredUnitIds"":0,""duplicateSuppressions"":80,""expiredPending"":0,""forwardedOrderCalls"":4967,""forwardedUnitIds"":16390,""gameplayNonorderCalls"":929,""invalidTargets"":0,""invalidTiles"":0,""invalidUnitIds"":0,""pendingUnitIds"":0,""productionBatches"":777,""proposedCalls"":5031,""proposedUnitIds"":16470,""revokedPending"":0,""sameUnitConflicts"":0,""supersededPending"":0},""countersPerObservedUpdate"":{""debugCoalesced"":0,""debugDropped"":0,""debugForwarded"":0.01840648223996526,""debugProposals"":0.01840648223996526,""deferredUnitIds"":0,""duplicateSuppressions"":0.0007895541979609763,""expiredPending"":0,""forwardedOrderCalls"":0.049021446265902116,""forwardedUnitIds"":0.161759916307255,""gameplayNonorderCalls"":0.009168698123821838,""invalidTargets"":0,""invalidTiles"":0,""invalidUnitIds"":0,""pendingUnitIds"":0,""productionBatches"":0.007668545147695982,""proposedCalls"":0.049653089624270896,""proposedUnitIds"":0.16254947050521598,""revokedPending"":0,""sameUnitConflicts"":0,""supersededPending"":0},""referenceExceededUpdates"":15806,""budgetDenialUpdates"":0,""budgetDeniedUnitIdOccurrences"":0,""budgetDeniedDebugCalls"":0,""maxRollingCommandCalls"":222,""maxPendingUnitIds"":0}"
"maps","hfo-bvb","disabled","16","265920","{""baseline.activateSuperWeapon"":10,""baseline.orderUnits"":7396,""baseline.pauseProduction"":57,""baseline.placeBuilding"":149,""baseline.queueForProduction"":878,""baseline.quitGame"":587,""baseline.resumeProduction"":56,""baseline.sayAll"":2,""baseline.sellObject"":5,""baseline.setUnitDebugText"":2472,""baseline.toggleRepairWrench"":125,""baseline.unqueueFromProduction"":160,""candidate.activateSuperWeapon"":1,""candidate.orderUnits"":13770,""candidate.pauseProduction"":136,""candidate.placeBuilding"":128,""candidate.queueForProduction"":1163,""candidate.quitGame"":3,""candidate.resumeProduction"":129,""candidate.setUnitDebugText"":3592,""candidate.toggleRepairWrench"":133,""candidate.unqueueFromProduction"":208}","{""baseline.activateSuperWeapon"":0.00003760529482551143,""baseline.orderUnits"":0.027812876052948254,""baseline.pauseProduction"":0.00021435018050541517,""baseline.placeBuilding"":0.0005603188929001203,""baseline.queueForProduction"":0.0033017448856799037,""baseline.quitGame"":0.002207430806257521,""baseline.resumeProduction"":0.00021058965102286402,""baseline.sayAll"":0.000007521058965102286,""baseline.sellObject"":0.000018802647412755717,""baseline.setUnitDebugText"":0.009296028880866426,""baseline.toggleRepairWrench"":0.0004700661853188929,""baseline.unqueueFromProduction"":0.0006016847172081829,""candidate.activateSuperWeapon"":0.000003760529482551143,""candidate.orderUnits"":0.05178249097472924,""candidate.pauseProduction"":0.0005114320096269555,""candidate.placeBuilding"":0.0004813477737665463,""candidate.queueForProduction"":0.0043734957882069795,""candidate.quitGame"":0.000011281588447653429,""candidate.resumeProduction"":0.0004851083032490975,""candidate.setUnitDebugText"":0.013507821901323706,""candidate.toggleRepairWrench"":0.000500150421179302,""candidate.unqueueFromProduction"":0.0007821901323706378}",""
"maps","hfo-bvb","separated_lanes_v2","16","298312","{""baseline.activateSuperWeapon"":14,""baseline.orderUnits"":7719,""baseline.pauseProduction"":100,""baseline.placeBuilding"":173,""baseline.queueForProduction"":972,""baseline.resumeProduction"":91,""baseline.sayAll"":7,""baseline.sellObject"":21,""baseline.setUnitDebugText"":2840,""baseline.toggleRepairWrench"":127,""baseline.unqueueFromProduction"":173,""candidate.activateSuperWeapon"":4,""candidate.orderUnits"":14450,""candidate.pauseProduction"":78,""candidate.placeBuilding"":114,""candidate.queueForProduction"":1292,""candidate.resumeProduction"":73,""candidate.setUnitDebugText"":2799,""candidate.toggleRepairWrench"":94,""candidate.unqueueFromProduction"":142}","{""baseline.activateSuperWeapon"":0.00004693073024216257,""baseline.orderUnits"":0.025875593338518063,""baseline.pauseProduction"":0.0003352195017297326,""baseline.placeBuilding"":0.0005799297379924374,""baseline.queueForProduction"":0.003258333556813001,""baseline.resumeProduction"":0.0003050497465740567,""baseline.sayAll"":0.000023465365121081285,""baseline.sellObject"":0.00007039609536324385,""baseline.setUnitDebugText"":0.009520233849124407,""baseline.toggleRepairWrench"":0.00042572876719676044,""baseline.unqueueFromProduction"":0.0005799297379924374,""candidate.activateSuperWeapon"":0.000013408780069189305,""candidate.orderUnits"":0.04843921799994636,""candidate.pauseProduction"":0.00026147121134919145,""candidate.placeBuilding"":0.0003821502319718952,""candidate.queueForProduction"":0.004331035962348145,""candidate.resumeProduction"":0.0002447102362627048,""candidate.setUnitDebugText"":0.009382793853415216,""candidate.toggleRepairWrench"":0.00031510633162594865,""candidate.unqueueFromProduction"":0.00047601169245622033}","{""counters"":{""debugCoalesced"":0,""debugDropped"":1187,""debugForwarded"":2799,""debugProposals"":3986,""deferredUnitIds"":45740,""duplicateSuppressions"":172,""expiredPending"":0,""forwardedOrderCalls"":14450,""forwardedUnitIds"":34486,""gameplayNonorderCalls"":1797,""invalidTargets"":75,""invalidTiles"":0,""invalidUnitIds"":15,""pendingUnitIds"":45740,""productionBatches"":1529,""proposedCalls"":15126,""proposedUnitIds"":35791,""revokedPending"":0,""sameUnitConflicts"":1043,""supersededPending"":1060},""countersPerObservedUpdate"":{""debugCoalesced"":0,""debugDropped"":0.003979055485531927,""debugForwarded"":0.009382793853415216,""debugProposals"":0.013361849338947143,""deferredUnitIds"":0.1533294000911797,""duplicateSuppressions"":0.0005765775429751401,""expiredPending"":0,""forwardedOrderCalls"":0.04843921799994636,""forwardedUnitIds"":0.11560379736651559,""gameplayNonorderCalls"":0.006023894446083295,""invalidTargets"":0.0002514146262972995,""invalidTiles"":0,""invalidUnitIds"":0.000050282925259459894,""pendingUnitIds"":0.1533294000911797,""productionBatches"":0.005125506181447612,""proposedCalls"":0.050705301831639356,""proposedUnitIds"":0.1199784118640886,""revokedPending"":0,""sameUnitConflicts"":0.003496339403041111,""supersededPending"":0.003553326718335166},""referenceExceededUpdates"":0,""budgetDenialUpdates"":8650,""budgetDeniedUnitIdOccurrences"":45740,""budgetDeniedDebugCalls"":1187,""maxRollingCommandCalls"":115,""maxPendingUnitIds"":20}"
"maps","hfo-bvb","separated_lanes_unbounded_d1","16","246351","{""baseline.activateSuperWeapon"":7,""baseline.orderUnits"":6899,""baseline.pauseProduction"":59,""baseline.placeBuilding"":145,""baseline.queueForProduction"":846,""baseline.quitGame"":57,""baseline.resumeProduction"":56,""baseline.sayAll"":2,""baseline.sellObject"":5,""baseline.setUnitDebugText"":2420,""baseline.toggleRepairWrench"":102,""baseline.unqueueFromProduction"":151,""candidate.activateSuperWeapon"":2,""candidate.orderUnits"":11435,""candidate.pauseProduction"":143,""candidate.placeBuilding"":125,""candidate.queueForProduction"":1122,""candidate.resumeProduction"":135,""candidate.setUnitDebugText"":3606,""candidate.toggleRepairWrench"":113,""candidate.unqueueFromProduction"":188}","{""baseline.activateSuperWeapon"":0.00002841474156792544,""baseline.orderUnits"":0.02800475743958823,""baseline.pauseProduction"":0.00023949567892965728,""baseline.placeBuilding"":0.0005885910753355984,""baseline.queueForProduction"":0.0034341244809235603,""baseline.quitGame"":0.00023137718133882143,""baseline.resumeProduction"":0.00022731793254340352,""baseline.sayAll"":0.00000811849759083584,""baseline.sellObject"":0.0000202962439770896,""baseline.setUnitDebugText"":0.009823382084911366,""baseline.toggleRepairWrench"":0.0004140433771326278,""baseline.unqueueFromProduction"":0.0006129465681081059,""candidate.activateSuperWeapon"":0.00000811849759083584,""candidate.orderUnits"":0.04641750997560391,""candidate.pauseProduction"":0.0005804725777447626,""candidate.placeBuilding"":0.00050740609942724,""candidate.queueForProduction"":0.004554477148458906,""candidate.resumeProduction"":0.0005479985873814192,""candidate.setUnitDebugText"":0.014637651156277019,""candidate.toggleRepairWrench"":0.00045869511388222495,""candidate.unqueueFromProduction"":0.0007631387735385689}","{""counters"":{""debugCoalesced"":0,""debugDropped"":0,""debugForwarded"":3606,""debugProposals"":3606,""deferredUnitIds"":0,""duplicateSuppressions"":90,""expiredPending"":0,""forwardedOrderCalls"":11435,""forwardedUnitIds"":29751,""gameplayNonorderCalls"":1828,""invalidTargets"":0,""invalidTiles"":0,""invalidUnitIds"":0,""pendingUnitIds"":0,""productionBatches"":1480,""proposedCalls"":11582,""proposedUnitIds"":29841,""revokedPending"":0,""sameUnitConflicts"":0,""supersededPending"":0},""countersPerObservedUpdate"":{""debugCoalesced"":0,""debugDropped"":0,""debugForwarded"":0.014637651156277019,""debugProposals"":0.014637651156277019,""deferredUnitIds"":0,""duplicateSuppressions"":0.0003653323915876128,""expiredPending"":0,""forwardedOrderCalls"":0.04641750997560391,""forwardedUnitIds"":0.12076671091247854,""gameplayNonorderCalls"":0.0074203067980239575,""invalidTargets"":0,""invalidTiles"":0,""invalidUnitIds"":0,""pendingUnitIds"":0,""productionBatches"":0.0060076882172185216,""proposedCalls"":0.04701421954853035,""proposedUnitIds"":0.12113204330406616,""revokedPending"":0,""sameUnitConflicts"":0,""supersededPending"":0},""referenceExceededUpdates"":27658,""budgetDenialUpdates"":0,""budgetDeniedUnitIdOccurrences"":0,""budgetDeniedDebugCalls"":0,""maxRollingCommandCalls"":322,""maxPendingUnitIds"":0}"
"maps","hfo-corners","disabled","16","299048","{""baseline.activateSuperWeapon"":7,""baseline.orderUnits"":6147,""baseline.pauseProduction"":56,""baseline.placeBuilding"":155,""baseline.queueForProduction"":996,""baseline.quitGame"":70,""baseline.resumeProduction"":52,""baseline.sayAll"":3,""baseline.sellObject"":22,""baseline.setUnitDebugText"":3490,""baseline.toggleRepairWrench"":97,""baseline.unqueueFromProduction"":238,""candidate.activateSuperWeapon"":5,""candidate.orderUnits"":23495,""candidate.pauseProduction"":392,""candidate.placeBuilding"":145,""candidate.queueForProduction"":1379,""candidate.quitGame"":27,""candidate.resumeProduction"":357,""candidate.setUnitDebugText"":5094,""candidate.toggleRepairWrench"":108,""candidate.unqueueFromProduction"":329}","{""baseline.activateSuperWeapon"":0.000023407613493485994,""baseline.orderUnits"":0.02055522859206549,""baseline.pauseProduction"":0.00018726090794788795,""baseline.placeBuilding"":0.0005183114416414756,""baseline.queueForProduction"":0.003330569005644579,""baseline.quitGame"":0.00023407613493485994,""baseline.resumeProduction"":0.0001738851288087531,""baseline.sayAll"":0.00001003183435435114,""baseline.sellObject"":0.0000735667852652417,""baseline.setUnitDebugText"":0.011670367298895161,""baseline.toggleRepairWrench"":0.0003243626441240202,""baseline.unqueueFromProduction"":0.0007958588587785239,""candidate.activateSuperWeapon"":0.00001671972392391857,""candidate.orderUnits"":0.07856598271849335,""candidate.pauseProduction"":0.0013108263556352157,""candidate.placeBuilding"":0.0004848719937936385,""candidate.queueForProduction"":0.004611299858216741,""candidate.quitGame"":0.00009028650918916027,""candidate.resumeProduction"":0.0011937882881677857,""candidate.setUnitDebugText"":0.01703405473368824,""candidate.toggleRepairWrench"":0.0003611460367566411,""candidate.unqueueFromProduction"":0.0011001578341938419}",""
"maps","hfo-corners","separated_lanes_v2","16","336306","{""baseline.activateSuperWeapon"":12,""baseline.orderUnits"":9795,""baseline.pauseProduction"":65,""baseline.placeBuilding"":175,""baseline.queueForProduction"":1109,""baseline.quitGame"":5,""baseline.resumeProduction"":59,""baseline.sayAll"":4,""baseline.sellObject"":29,""baseline.setUnitDebugText"":3290,""baseline.toggleRepairWrench"":79,""baseline.unqueueFromProduction"":318,""candidate.activateSuperWeapon"":4,""candidate.orderUnits"":17265,""candidate.pauseProduction"":285,""candidate.placeBuilding"":142,""candidate.queueForProduction"":1196,""candidate.quitGame"":31,""candidate.resumeProduction"":249,""candidate.setUnitDebugText"":1816,""candidate.toggleRepairWrench"":110,""candidate.unqueueFromProduction"":266}","{""baseline.activateSuperWeapon"":0.0000356817897985763,""baseline.orderUnits"":0.0291252609230879,""baseline.pauseProduction"":0.00019327636140895494,""baseline.placeBuilding"":0.000520359434562571,""baseline.queueForProduction"":0.0032975920738850927,""baseline.quitGame"":0.000014867412416073457,""baseline.resumeProduction"":0.0001754354665096668,""baseline.sayAll"":0.000011893929932858766,""baseline.sellObject"":0.00008623099201322605,""baseline.setUnitDebugText"":0.009782757369776334,""baseline.toggleRepairWrench"":0.00023490511617396063,""baseline.unqueueFromProduction"":0.0009455674296622718,""candidate.activateSuperWeapon"":0.000011893929932858766,""candidate.orderUnits"":0.05133717507270165,""candidate.pauseProduction"":0.000847442507716187,""candidate.placeBuilding"":0.00042223451261648616,""candidate.queueForProduction"":0.003556285049924771,""candidate.quitGame"":0.00009217795697965543,""candidate.resumeProduction"":0.0007403971383204581,""candidate.setUnitDebugText"":0.00539984418951788,""candidate.toggleRepairWrench"":0.00032708307315361607,""candidate.unqueueFromProduction"":0.0007909463405351079}","{""counters"":{""debugCoalesced"":0,""debugDropped"":2123,""debugForwarded"":1816,""debugProposals"":3939,""deferredUnitIds"":120673,""duplicateSuppressions"":537,""expiredPending"":3,""forwardedOrderCalls"":17265,""forwardedUnitIds"":32567,""gameplayNonorderCalls"":2283,""invalidTargets"":185,""invalidTiles"":0,""invalidUnitIds"":39,""pendingUnitIds"":120673,""productionBatches"":1798,""proposedCalls"":21161,""proposedUnitIds"":42504,""revokedPending"":6204,""sameUnitConflicts"":2966,""supersededPending"":2801},""countersPerObservedUpdate"":{""debugCoalesced"":0,""debugDropped"":0.0063127033118647894,""debugForwarded"":0.00539984418951788,""debugProposals"":0.01171254750138267,""deferredUnitIds"":0.35881905169696643,""duplicateSuppressions"":0.0015967600934862893,""expiredPending"":0.000008920447449644074,""forwardedOrderCalls"":0.05133717507270165,""forwardedUnitIds"":0.09683740403085285,""gameplayNonorderCalls"":0.00678846050917914,""invalidTargets"":0.0005500942593947179,""invalidTiles"":0,""invalidUnitIds"":0.00011596581684537296,""pendingUnitIds"":0.35881905169696643,""productionBatches"":0.005346321504820015,""proposedCalls"":0.06292186282730608,""proposedUnitIds"":0.12638489946655723,""revokedPending"":0.018447485325863947,""sameUnitConflicts"":0.008819349045214775,""supersededPending"":0.00832872443548435},""referenceExceededUpdates"":0,""budgetDenialUpdates"":24299,""budgetDeniedUnitIdOccurrences"":120673,""budgetDeniedDebugCalls"":2123,""maxRollingCommandCalls"":115,""maxPendingUnitIds"":43}"
"maps","hfo-corners","separated_lanes_unbounded_d1","16","274619","{""baseline.activateSuperWeapon"":5,""baseline.orderUnits"":5479,""baseline.pauseProduction"":50,""baseline.placeBuilding"":150,""baseline.queueForProduction"":992,""baseline.quitGame"":14,""baseline.resumeProduction"":45,""baseline.sayAll"":2,""baseline.sellObject"":19,""baseline.setUnitDebugText"":3143,""baseline.toggleRepairWrench"":99,""baseline.unqueueFromProduction"":260,""candidate.activateSuperWeapon"":2,""candidate.orderUnits"":19737,""candidate.pauseProduction"":381,""candidate.placeBuilding"":142,""candidate.queueForProduction"":1355,""candidate.quitGame"":27,""candidate.resumeProduction"":351,""candidate.setUnitDebugText"":5168,""candidate.toggleRepairWrench"":99,""candidate.unqueueFromProduction"":317}","{""baseline.activateSuperWeapon"":0.00001820704321259636,""baseline.orderUnits"":0.01995127795236309,""baseline.pauseProduction"":0.00018207043212596362,""baseline.placeBuilding"":0.0005462112963778909,""baseline.queueForProduction"":0.003612277373379118,""baseline.quitGame"":0.00005097972099526981,""baseline.resumeProduction"":0.00016386338891336724,""baseline.sayAll"":0.000007282817285038544,""baseline.sellObject"":0.00006918676420786618,""baseline.setUnitDebugText"":0.011444947363438072,""baseline.toggleRepairWrench"":0.00036049945560940797,""baseline.unqueueFromProduction"":0.0009467662470550107,""candidate.activateSuperWeapon"":0.000007282817285038544,""candidate.orderUnits"":0.07187048237740287,""candidate.pauseProduction"":0.0013873766927998427,""candidate.placeBuilding"":0.0005170800272377366,""candidate.queueForProduction"":0.0049341087106136135,""candidate.quitGame"":0.00009831803334802035,""candidate.resumeProduction"":0.0012781344335242644,""candidate.setUnitDebugText"":0.018818799864539597,""candidate.toggleRepairWrench"":0.00036049945560940797,""candidate.unqueueFromProduction"":0.0011543265396786093}","{""counters"":{""debugCoalesced"":0,""debugDropped"":0,""debugForwarded"":5168,""debugProposals"":5168,""deferredUnitIds"":0,""duplicateSuppressions"":102,""expiredPending"":0,""forwardedOrderCalls"":19737,""forwardedUnitIds"":55503,""gameplayNonorderCalls"":2674,""invalidTargets"":0,""invalidTiles"":0,""invalidUnitIds"":0,""pendingUnitIds"":0,""productionBatches"":2117,""proposedCalls"":20870,""proposedUnitIds"":55784,""revokedPending"":0,""sameUnitConflicts"":179,""supersededPending"":0},""countersPerObservedUpdate"":{""debugCoalesced"":0,""debugDropped"":0,""debugForwarded"":0.018818799864539597,""debugProposals"":0.018818799864539597,""deferredUnitIds"":0,""duplicateSuppressions"":0.00037142368153696576,""expiredPending"":0,""forwardedOrderCalls"":0.07187048237740287,""forwardedUnitIds"":0.20210910388574715,""gameplayNonorderCalls"":0.009737126710096534,""invalidTargets"":0,""invalidTiles"":0,""invalidUnitIds"":0,""pendingUnitIds"":0,""productionBatches"":0.007708862096213299,""proposedCalls"":0.07599619836937721,""proposedUnitIds"":0.2031323397142951,""revokedPending"":0,""sameUnitConflicts"":0.0006518121470109497,""supersededPending"":0},""referenceExceededUpdates"":65609,""budgetDenialUpdates"":0,""budgetDeniedUnitIdOccurrences"":0,""budgetDeniedDebugCalls"":0,""maxRollingCommandCalls"":867,""maxPendingUnitIds"":0}"
"maps","hfo-corners-b","disabled","16","310796","{""baseline.activateSuperWeapon"":11,""baseline.orderUnits"":10095,""baseline.pauseProduction"":75,""baseline.placeBuilding"":168,""baseline.queueForProduction"":1058,""baseline.quitGame"":764,""baseline.resumeProduction"":67,""baseline.sayAll"":3,""baseline.sellObject"":19,""baseline.setUnitDebugText"":3171,""baseline.toggleRepairWrench"":106,""baseline.unqueueFromProduction"":281,""candidate.activateSuperWeapon"":10,""candidate.orderUnits"":20833,""candidate.pauseProduction"":387,""candidate.placeBuilding"":142,""candidate.queueForProduction"":1269,""candidate.resumeProduction"":354,""candidate.setUnitDebugText"":4884,""candidate.toggleRepairWrench"":90,""candidate.unqueueFromProduction"":284}","{""baseline.activateSuperWeapon"":0.00003539299090078379,""baseline.orderUnits"":0.032481113013037494,""baseline.pauseProduction"":0.0002413158470507986,""baseline.placeBuilding"":0.0005405474973937889,""baseline.queueForProduction"":0.0034041622157299323,""baseline.quitGame"":0.0024582040952908016,""baseline.resumeProduction"":0.00021557549003204676,""baseline.sayAll"":0.000009652633882031944,""baseline.sellObject"":0.00006113334791953564,""baseline.setUnitDebugText"":0.010202834013307764,""baseline.toggleRepairWrench"":0.000341059730498462,""baseline.unqueueFromProduction"":0.0009041300402836587,""candidate.activateSuperWeapon"":0.000032175446273439816,""candidate.orderUnits"":0.06703110722145716,""candidate.pauseProduction"":0.0012451897707821207,""candidate.placeBuilding"":0.0004568913370828453,""candidate.queueForProduction"":0.004083064132099512,""candidate.resumeProduction"":0.0011390107980797694,""candidate.setUnitDebugText"":0.015714487959948006,""candidate.toggleRepairWrench"":0.0002895790164609583,""candidate.unqueueFromProduction"":0.0009137826741656906}",""
"maps","hfo-corners-b","separated_lanes_v2","16","306816","{""baseline.activateSuperWeapon"":5,""baseline.orderUnits"":7671,""baseline.pauseProduction"":65,""baseline.placeBuilding"":172,""baseline.queueForProduction"":1019,""baseline.quitGame"":1421,""baseline.resumeProduction"":57,""baseline.sayAll"":4,""baseline.sellObject"":25,""baseline.setUnitDebugText"":2735,""baseline.toggleRepairWrench"":129,""baseline.unqueueFromProduction"":224,""candidate.activateSuperWeapon"":9,""candidate.orderUnits"":22358,""candidate.pauseProduction"":439,""candidate.placeBuilding"":150,""candidate.queueForProduction"":1307,""candidate.resumeProduction"":404,""candidate.setUnitDebugText"":2135,""candidate.toggleRepairWrench"":77,""candidate.unqueueFromProduction"":263}","{""baseline.activateSuperWeapon"":0.000016296412181894035,""baseline.orderUnits"":0.025001955569461828,""baseline.pauseProduction"":0.00021185335836462245,""baseline.placeBuilding"":0.0005605965790571548,""baseline.queueForProduction"":0.0033212088026700042,""baseline.quitGame"":0.004631440342094285,""baseline.resumeProduction"":0.000185779098873592,""baseline.sayAll"":0.000013037129745515227,""baseline.sellObject"":0.00008148206090947017,""baseline.setUnitDebugText"":0.008914137463496037,""baseline.toggleRepairWrench"":0.0004204474342928661,""baseline.unqueueFromProduction"":0.0007300792657488527,""candidate.activateSuperWeapon"":0.00002933354192740926,""candidate.orderUnits"":0.07287103671255736,""candidate.pauseProduction"":0.0014308249895702962,""candidate.placeBuilding"":0.000488892365456821,""candidate.queueForProduction"":0.004259882144347101,""candidate.resumeProduction"":0.001316750104297038,""candidate.setUnitDebugText"":0.006958568001668753,""candidate.toggleRepairWrench"":0.00025096474760116815,""candidate.unqueueFromProduction"":0.0008571912807676261}","{""counters"":{""debugCoalesced"":0,""debugDropped"":2406,""debugForwarded"":2135,""debugProposals"":4541,""deferredUnitIds"":148295,""duplicateSuppressions"":688,""expiredPending"":23,""forwardedOrderCalls"":22358,""forwardedUnitIds"":40379,""gameplayNonorderCalls"":2649,""invalidTargets"":210,""invalidTiles"":0,""invalidUnitIds"":51,""pendingUnitIds"":148295,""productionBatches"":2097,""proposedCalls"":26665,""proposedUnitIds"":46571,""revokedPending"":1624,""sameUnitConflicts"":3593,""supersededPending"":3462},""countersPerObservedUpdate"":{""debugCoalesced"":0,""debugDropped"":0.007841833541927409,""debugForwarded"":0.006958568001668753,""debugProposals"":0.014800401543596162,""deferredUnitIds"":0.48333528890279515,""duplicateSuppressions"":0.002242386316228619,""expiredPending"":0.00007496349603671255,""forwardedOrderCalls"":0.07287103671255736,""forwardedUnitIds"":0.13160656549853983,""gameplayNonorderCalls"":0.00863383917396746,""invalidTargets"":0.0006844493116395494,""invalidTiles"":0,""invalidUnitIds"":0.00016622340425531914,""pendingUnitIds"":0.48333528890279515,""productionBatches"":0.006834715269086358,""proposedCalls"":0.08690876616604089,""proposedUnitIds"":0.15178804234459742,""revokedPending"":0.005293074676679182,""sameUnitConflicts"":0.011710601793909052,""supersededPending"":0.01128363579474343},""referenceExceededUpdates"":0,""budgetDenialUpdates"":30270,""budgetDeniedUnitIdOccurrences"":148295,""budgetDeniedDebugCalls"":2406,""maxRollingCommandCalls"":115,""maxPendingUnitIds"":30}"
"maps","hfo-corners-b","separated_lanes_unbounded_d1","16","297332","{""baseline.activateSuperWeapon"":5,""baseline.orderUnits"":6822,""baseline.pauseProduction"":70,""baseline.placeBuilding"":164,""baseline.queueForProduction"":1028,""baseline.quitGame"":765,""baseline.resumeProduction"":67,""baseline.sayAll"":4,""baseline.sellObject"":21,""baseline.setUnitDebugText"":2910,""baseline.toggleRepairWrench"":139,""baseline.unqueueFromProduction"":264,""candidate.activateSuperWeapon"":8,""candidate.orderUnits"":21720,""candidate.pauseProduction"":380,""candidate.placeBuilding"":144,""candidate.queueForProduction"":1306,""candidate.resumeProduction"":357,""candidate.setUnitDebugText"":5114,""candidate.toggleRepairWrench"":68,""candidate.unqueueFromProduction"":273}","{""baseline.activateSuperWeapon"":0.00001681621890681124,""baseline.orderUnits"":0.022944049076453258,""baseline.pauseProduction"":0.00023542706469535738,""baseline.placeBuilding"":0.0005515719801434088,""baseline.queueForProduction"":0.003457414607240391,""baseline.quitGame"":0.00257288149274212,""baseline.resumeProduction"":0.00022533733335127065,""baseline.sayAll"":0.000013452975125448993,""baseline.sellObject"":0.00007062811940860722,""baseline.setUnitDebugText"":0.009787039403764143,""baseline.toggleRepairWrench"":0.0004674908856093525,""baseline.unqueueFromProduction"":0.0008878963582796335,""candidate.activateSuperWeapon"":0.000026905950250897986,""candidate.orderUnits"":0.07304965493118803,""candidate.pauseProduction"":0.0012780326369176544,""candidate.placeBuilding"":0.00048430710451616375,""candidate.queueForProduction"":0.004392396378459096,""candidate.resumeProduction"":0.0012006780299463227,""candidate.setUnitDebugText"":0.01719962869788654,""candidate.toggleRepairWrench"":0.0002287005771326329,""candidate.unqueueFromProduction"":0.0009181655523118938}","{""counters"":{""debugCoalesced"":0,""debugDropped"":0,""debugForwarded"":5114,""debugProposals"":5114,""deferredUnitIds"":0,""duplicateSuppressions"":123,""expiredPending"":0,""forwardedOrderCalls"":21720,""forwardedUnitIds"":44079,""gameplayNonorderCalls"":2536,""invalidTargets"":0,""invalidTiles"":0,""invalidUnitIds"":0,""pendingUnitIds"":0,""productionBatches"":2028,""proposedCalls"":23477,""proposedUnitIds"":44307,""revokedPending"":0,""sameUnitConflicts"":105,""supersededPending"":0},""countersPerObservedUpdate"":{""debugCoalesced"":0,""debugDropped"":0,""debugForwarded"":0.01719962869788654,""debugProposals"":0.01719962869788654,""deferredUnitIds"":0,""duplicateSuppressions"":0.0004136789851075565,""expiredPending"":0,""forwardedOrderCalls"":0.07304965493118803,""forwardedUnitIds"":0.14824842263866655,""gameplayNonorderCalls"":0.008529186229534661,""invalidTargets"":0,""invalidTiles"":0,""invalidUnitIds"":0,""pendingUnitIds"":0,""productionBatches"":0.006820658388602639,""proposedCalls"":0.0789588742550415,""proposedUnitIds"":0.14901524222081713,""revokedPending"":0,""sameUnitConflicts"":0.00035314059704303605,""supersededPending"":0},""referenceExceededUpdates"":75824,""budgetDenialUpdates"":0,""budgetDeniedUnitIdOccurrences"":0,""budgetDeniedDebugCalls"":0,""maxRollingCommandCalls"":517,""maxPendingUnitIds"":0}"
"maps","hfo-corners-b-golden","disabled","16","248812","{""baseline.activateSuperWeapon"":8,""baseline.orderUnits"":6398,""baseline.pauseProduction"":55,""baseline.placeBuilding"":174,""baseline.queueForProduction"":940,""baseline.quitGame"":351,""baseline.resumeProduction"":50,""baseline.sayAll"":2,""baseline.sellObject"":17,""baseline.setUnitDebugText"":3152,""baseline.toggleRepairWrench"":106,""baseline.unqueueFromProduction"":219,""candidate.activateSuperWeapon"":5,""candidate.orderUnits"":17057,""candidate.pauseProduction"":359,""candidate.placeBuilding"":131,""candidate.queueForProduction"":1162,""candidate.resumeProduction"":336,""candidate.setUnitDebugText"":3437,""candidate.toggleRepairWrench"":81,""candidate.unqueueFromProduction"":257}","{""baseline.activateSuperWeapon"":0.00003215279005835731,""baseline.orderUnits"":0.02571419384917126,""baseline.pauseProduction"":0.00022105043165120654,""baseline.placeBuilding"":0.0006993231837692716,""baseline.queueForProduction"":0.0037779528318569846,""baseline.quitGame"":0.0014107036638104271,""baseline.resumeProduction"":0.0002009549378647332,""baseline.sayAll"":0.000008038197514589328,""baseline.sellObject"":0.00006832467887400929,""baseline.setUnitDebugText"":0.012668199282992782,""baseline.toggleRepairWrench"":0.0004260244682732344,""baseline.unqueueFromProduction"":0.0008801826278475314,""candidate.activateSuperWeapon"":0.000020095493786473322,""candidate.orderUnits"":0.06855376750317509,""candidate.pauseProduction"":0.0014428564538687845,""candidate.placeBuilding"":0.0005265019372056011,""candidate.queueForProduction"":0.0046701927559764,""candidate.resumeProduction"":0.0013504171824510072,""candidate.setUnitDebugText"":0.01381364242882176,""candidate.toggleRepairWrench"":0.0003255469993408678,""candidate.unqueueFromProduction"":0.0010329083806247287}",""
"maps","hfo-corners-b-golden","separated_lanes_v2","16","284185","{""baseline.activateSuperWeapon"":16,""baseline.orderUnits"":9479,""baseline.pauseProduction"":69,""baseline.placeBuilding"":169,""baseline.queueForProduction"":1024,""baseline.quitGame"":64,""baseline.resumeProduction"":63,""baseline.sayAll"":2,""baseline.sellObject"":19,""baseline.setUnitDebugText"":3669,""baseline.toggleRepairWrench"":91,""baseline.unqueueFromProduction"":255,""candidate.activateSuperWeapon"":10,""candidate.orderUnits"":17922,""candidate.pauseProduction"":332,""candidate.placeBuilding"":143,""candidate.queueForProduction"":1158,""candidate.quitGame"":28,""candidate.resumeProduction"":303,""candidate.setUnitDebugText"":2276,""candidate.toggleRepairWrench"":140,""candidate.unqueueFromProduction"":225}","{""baseline.activateSuperWeapon"":0.000056301352991889084,""baseline.orderUnits"":0.03335503281313229,""baseline.pauseProduction"":0.00024279958477752168,""baseline.placeBuilding"":0.0005946830409768285,""baseline.queueForProduction"":0.0036032865914809014,""baseline.quitGame"":0.00022520541196755634,""baseline.resumeProduction"":0.00022168657740556327,""baseline.sayAll"":0.0000070376691239861355,""baseline.sellObject"":0.00006685785667786829,""baseline.setUnitDebugText"":0.012910604007952567,""baseline.toggleRepairWrench"":0.00032021394514136916,""baseline.unqueueFromProduction"":0.0008973028133082323,""candidate.activateSuperWeapon"":0.00003518834561993068,""candidate.orderUnits"":0.06306455302003976,""candidate.pauseProduction"":0.0011682530745816986,""candidate.placeBuilding"":0.0005031933423650087,""candidate.queueForProduction"":0.004074810422787973,""candidate.quitGame"":0.0000985273677358059,""candidate.resumeProduction"":0.0010662068722838995,""candidate.setUnitDebugText"":0.008008867463096222,""candidate.toggleRepairWrench"":0.0004926368386790295,""candidate.unqueueFromProduction"":0.0007917377764484403}","{""counters"":{""debugCoalesced"":0,""debugDropped"":1055,""debugForwarded"":2276,""debugProposals"":3331,""deferredUnitIds"":109902,""duplicateSuppressions"":557,""expiredPending"":17,""forwardedOrderCalls"":17922,""forwardedUnitIds"":35180,""gameplayNonorderCalls"":2339,""invalidTargets"":102,""invalidTiles"":0,""invalidUnitIds"":28,""pendingUnitIds"":109902,""productionBatches"":1770,""proposedCalls"":20471,""proposedUnitIds"":38312,""revokedPending"":0,""sameUnitConflicts"":2422,""supersededPending"":2408},""countersPerObservedUpdate"":{""debugCoalesced"":0,""debugDropped"":0.0037123704629026867,""debugForwarded"":0.008008867463096222,""debugProposals"":0.011721237925998908,""deferredUnitIds"":0.3867269560321622,""duplicateSuppressions"":0.0019599908510301387,""expiredPending"":0.000059820187553882154,""forwardedOrderCalls"":0.06306455302003976,""forwardedUnitIds"":0.12379259989091612,""gameplayNonorderCalls"":0.008230554040501785,""invalidTargets"":0.0003589211253232929,""invalidTiles"":0,""invalidUnitIds"":0.0000985273677358059,""pendingUnitIds"":0.3867269560321622,""productionBatches"":0.00622833717472773,""proposedCalls"":0.07203406231856009,""proposedUnitIds"":0.13481358973907842,""revokedPending"":0,""sameUnitConflicts"":0.008522617309147211,""supersededPending"":0.008473353625279307},""referenceExceededUpdates"":0,""budgetDenialUpdates"":22254,""budgetDeniedUnitIdOccurrences"":109902,""budgetDeniedDebugCalls"":1055,""maxRollingCommandCalls"":115,""maxPendingUnitIds"":30}"
"maps","hfo-corners-b-golden","separated_lanes_unbounded_d1","16","260628","{""baseline.activateSuperWeapon"":10,""baseline.orderUnits"":7251,""baseline.pauseProduction"":57,""baseline.placeBuilding"":178,""baseline.queueForProduction"":977,""baseline.quitGame"":68,""baseline.resumeProduction"":51,""baseline.sayAll"":2,""baseline.sellObject"":19,""baseline.setUnitDebugText"":3367,""baseline.toggleRepairWrench"":118,""baseline.unqueueFromProduction"":243,""candidate.activateSuperWeapon"":4,""candidate.orderUnits"":16172,""candidate.pauseProduction"":361,""candidate.placeBuilding"":129,""candidate.queueForProduction"":1148,""candidate.resumeProduction"":335,""candidate.setUnitDebugText"":3185,""candidate.toggleRepairWrench"":81,""candidate.unqueueFromProduction"":253}","{""baseline.activateSuperWeapon"":0.00003836886290037908,""baseline.orderUnits"":0.027821262489064875,""baseline.pauseProduction"":0.0002187025185321608,""baseline.placeBuilding"":0.0006829657596267477,""baseline.queueForProduction"":0.0037486379053670365,""baseline.quitGame"":0.0002609082677225778,""baseline.resumeProduction"":0.00019568120079193333,""baseline.sayAll"":0.000007673772580075817,""baseline.sellObject"":0.00007290083951072026,""baseline.setUnitDebugText"":0.012918796138557637,""baseline.toggleRepairWrench"":0.0004527525822244732,""baseline.unqueueFromProduction"":0.0009323633684792117,""candidate.activateSuperWeapon"":0.000015347545160151635,""candidate.orderUnits"":0.06205012508249306,""candidate.pauseProduction"":0.001385115950703685,""candidate.placeBuilding"":0.0004949583314148902,""candidate.queueForProduction"":0.004404745460963519,""candidate.resumeProduction"":0.0012853569071626994,""candidate.setUnitDebugText"":0.012220482833770738,""candidate.toggleRepairWrench"":0.00031078778949307056,""candidate.unqueueFromProduction"":0.0009707322313795908}","{""counters"":{""debugCoalesced"":0,""debugDropped"":0,""debugForwarded"":3185,""debugProposals"":3185,""deferredUnitIds"":0,""duplicateSuppressions"":111,""expiredPending"":0,""forwardedOrderCalls"":16172,""forwardedUnitIds"":33031,""gameplayNonorderCalls"":2311,""invalidTargets"":0,""invalidTiles"":0,""invalidUnitIds"":0,""pendingUnitIds"":0,""productionBatches"":1807,""proposedCalls"":16689,""proposedUnitIds"":33340,""revokedPending"":0,""sameUnitConflicts"":198,""supersededPending"":0},""countersPerObservedUpdate"":{""debugCoalesced"":0,""debugDropped"":0,""debugForwarded"":0.012220482833770738,""debugProposals"":0.012220482833770738,""deferredUnitIds"":0,""duplicateSuppressions"":0.00042589437819420784,""expiredPending"":0,""forwardedOrderCalls"":0.06205012508249306,""forwardedUnitIds"":0.12673619104624215,""gameplayNonorderCalls"":0.008867044216277606,""invalidTargets"":0,""invalidTiles"":0,""invalidUnitIds"":0,""pendingUnitIds"":0,""productionBatches"":0.0069332535260985,""proposedCalls"":0.06403379529444266,""proposedUnitIds"":0.12792178890986386,""revokedPending"":0,""sameUnitConflicts"":0.0007597034854275058,""supersededPending"":0},""referenceExceededUpdates"":54447,""budgetDenialUpdates"":0,""budgetDeniedUnitIdOccurrences"":0,""budgetDeniedDebugCalls"":0,""maxRollingCommandCalls"":588,""maxPendingUnitIds"":0}"
"maps","hfo-golden","disabled","16","260032","{""baseline.activateSuperWeapon"":4,""baseline.orderUnits"":5593,""baseline.pauseProduction"":66,""baseline.placeBuilding"":150,""baseline.queueForProduction"":875,""baseline.quitGame"":1145,""baseline.resumeProduction"":62,""baseline.sayAll"":3,""baseline.sellObject"":20,""baseline.setUnitDebugText"":2064,""baseline.toggleRepairWrench"":162,""baseline.unqueueFromProduction"":181,""candidate.activateSuperWeapon"":5,""candidate.orderUnits"":25912,""candidate.pauseProduction"":392,""candidate.placeBuilding"":139,""candidate.queueForProduction"":1223,""candidate.resumeProduction"":356,""candidate.setUnitDebugText"":4018,""candidate.toggleRepairWrench"":131,""candidate.unqueueFromProduction"":298}","{""baseline.activateSuperWeapon"":0.000015382722126507506,""baseline.orderUnits"":0.02150889121338912,""baseline.pauseProduction"":0.00025381491508737387,""baseline.placeBuilding"":0.0005768520797440315,""baseline.queueForProduction"":0.003364970465173517,""baseline.quitGame"":0.004403304208712774,""baseline.resumeProduction"":0.00023843219296086634,""baseline.sayAll"":0.00001153704159488063,""baseline.sellObject"":0.00007691361063253754,""baseline.setUnitDebugText"":0.007937484617277873,""baseline.toggleRepairWrench"":0.000623000246123554,""baseline.unqueueFromProduction"":0.0006960681762244647,""candidate.activateSuperWeapon"":0.000019228402658134384,""candidate.orderUnits"":0.09964927393551563,""candidate.pauseProduction"":0.0015075067683977357,""candidate.placeBuilding"":0.0005345495938961359,""candidate.queueForProduction"":0.00470326729017967,""candidate.resumeProduction"":0.001369062269259168,""candidate.setUnitDebugText"":0.01545194437607679,""candidate.toggleRepairWrench"":0.0005037841496431209,""candidate.unqueueFromProduction"":0.0011460127984248092}",""
"maps","hfo-golden","separated_lanes_v2","16","264988","{""baseline.activateSuperWeapon"":8,""baseline.orderUnits"":7735,""baseline.pauseProduction"":83,""baseline.placeBuilding"":161,""baseline.queueForProduction"":953,""baseline.quitGame"":79,""baseline.resumeProduction"":73,""baseline.sayAll"":4,""baseline.sellObject"":25,""baseline.setUnitDebugText"":2607,""baseline.toggleRepairWrench"":114,""baseline.unqueueFromProduction"":214,""candidate.activateSuperWeapon"":3,""candidate.orderUnits"":21820,""candidate.pauseProduction"":349,""candidate.placeBuilding"":135,""candidate.queueForProduction"":1220,""candidate.quitGame"":75,""candidate.resumeProduction"":317,""candidate.setUnitDebugText"":1902,""candidate.toggleRepairWrench"":155,""candidate.unqueueFromProduction"":266}","{""baseline.activateSuperWeapon"":0.000030190046341721134,""baseline.orderUnits"":0.02919000105665162,""baseline.pauseProduction"":0.00031322173079535677,""baseline.placeBuilding"":0.0006075746826271378,""baseline.queueForProduction"":0.0035963892704575303,""baseline.quitGame"":0.00029812670762449623,""baseline.resumeProduction"":0.00027548417286820537,""baseline.sayAll"":0.000015095023170860567,""baseline.sellObject"":0.00009434389481787854,""baseline.setUnitDebugText"":0.009838181351608374,""baseline.toggleRepairWrench"":0.00043020816036952616,""baseline.unqueueFromProduction"":0.0008075837396410403,""candidate.activateSuperWeapon"":0.000011321267378145426,""candidate.orderUnits"":0.08234335139704439,""candidate.pauseProduction"":0.0013170407716575844,""candidate.placeBuilding"":0.0005094570320165442,""candidate.queueForProduction"":0.004603982067112473,""candidate.quitGame"":0.00028303168445363564,""candidate.resumeProduction"":0.0011962805862906999,""candidate.setUnitDebugText"":0.0071776835177442,""candidate.toggleRepairWrench"":0.000584932147870847,""candidate.unqueueFromProduction"":0.0010038190408622276}","{""counters"":{""debugCoalesced"":0,""debugDropped"":2381,""debugForwarded"":1902,""debugProposals"":4283,""deferredUnitIds"":142576,""duplicateSuppressions"":914,""expiredPending"":19,""forwardedOrderCalls"":21820,""forwardedUnitIds"":34228,""gameplayNonorderCalls"":2520,""invalidTargets"":261,""invalidTiles"":0,""invalidUnitIds"":63,""pendingUnitIds"":142576,""productionBatches"":1844,""proposedCalls"":26093,""proposedUnitIds"":39213,""revokedPending"":868,""sameUnitConflicts"":2843,""supersededPending"":2865},""countersPerObservedUpdate"":{""debugCoalesced"":0,""debugDropped"":0.008985312542454753,""debugForwarded"":0.0071776835177442,""debugProposals"":0.016162996060198952,""deferredUnitIds"":0.538047005902154,""duplicateSuppressions"":0.0034492127945416396,""expiredPending"":0.00007170136006158769,""forwardedOrderCalls"":0.08234335139704439,""forwardedUnitIds"":0.1291681132730539,""gameplayNonorderCalls"":0.009509864597642158,""invalidTargets"":0.000984950261898652,""invalidTiles"":0,""invalidUnitIds"":0.00023774661494105394,""pendingUnitIds"":0.538047005902154,""productionBatches"":0.006958805681766721,""proposedCalls"":0.09846860989931619,""proposedUnitIds"":0.14798028589973886,""revokedPending"":0.003275620028076743,""sameUnitConflicts"":0.010728787718689148,""supersededPending"":0.01081181034612888},""referenceExceededUpdates"":0,""budgetDenialUpdates"":31932,""budgetDeniedUnitIdOccurrences"":142576,""budgetDeniedDebugCalls"":2381,""maxRollingCommandCalls"":115,""maxPendingUnitIds"":30}"
"maps","hfo-golden","separated_lanes_unbounded_d1","16","265118","{""baseline.activateSuperWeapon"":4,""baseline.orderUnits"":6013,""baseline.pauseProduction"":82,""baseline.placeBuilding"":146,""baseline.queueForProduction"":877,""baseline.quitGame"":1131,""baseline.resumeProduction"":71,""baseline.sayAll"":4,""baseline.sellObject"":19,""baseline.setUnitDebugText"":2211,""baseline.toggleRepairWrench"":137,""baseline.unqueueFromProduction"":168,""candidate.activateSuperWeapon"":5,""candidate.orderUnits"":23819,""candidate.pauseProduction"":415,""candidate.placeBuilding"":134,""candidate.queueForProduction"":1261,""candidate.resumeProduction"":385,""candidate.setUnitDebugText"":4070,""candidate.toggleRepairWrench"":128,""candidate.unqueueFromProduction"":331}","{""baseline.activateSuperWeapon"":0.000015087621361054323,""baseline.orderUnits"":0.022680466811004912,""baseline.pauseProduction"":0.00030929623790161364,""baseline.placeBuilding"":0.0005506981796784828,""baseline.queueForProduction"":0.00330796098341116,""baseline.quitGame"":0.0042660249398381095,""baseline.resumeProduction"":0.00026780527915871424,""baseline.sayAll"":0.000015087621361054323,""baseline.sellObject"":0.00007166620146500803,""baseline.setUnitDebugText"":0.008339682707322778,""baseline.toggleRepairWrench"":0.0005167510316161105,""baseline.unqueueFromProduction"":0.0006336800971642816,""candidate.activateSuperWeapon"":0.000018859526701317902,""candidate.orderUnits"":0.08984301329973823,""candidate.pauseProduction"":0.001565340716209386,""candidate.placeBuilding"":0.0005054353155953198,""candidate.queueForProduction"":0.004756372634072375,""candidate.resumeProduction"":0.0014521835560014785,""candidate.setUnitDebugText"":0.015351654734872773,""candidate.toggleRepairWrench"":0.00048280388355373833,""candidate.unqueueFromProduction"":0.0012485006676272452}","{""counters"":{""debugCoalesced"":0,""debugDropped"":0,""debugForwarded"":4070,""debugProposals"":4070,""deferredUnitIds"":0,""duplicateSuppressions"":131,""expiredPending"":0,""forwardedOrderCalls"":23819,""forwardedUnitIds"":48239,""gameplayNonorderCalls"":2659,""invalidTargets"":0,""invalidTiles"":0,""invalidUnitIds"":0,""pendingUnitIds"":0,""productionBatches"":2019,""proposedCalls"":26005,""proposedUnitIds"":48958,""revokedPending"":0,""sameUnitConflicts"":588,""supersededPending"":0},""countersPerObservedUpdate"":{""debugCoalesced"":0,""debugDropped"":0,""debugForwarded"":0.015351654734872773,""debugProposals"":0.015351654734872773,""deferredUnitIds"":0,""duplicateSuppressions"":0.000494119599574529,""expiredPending"":0,""forwardedOrderCalls"":0.08984301329973823,""forwardedUnitIds"":0.18195294170897486,""gameplayNonorderCalls"":0.01002949629976086,""invalidTargets"":0,""invalidTiles"":0,""invalidUnitIds"":0,""pendingUnitIds"":0,""productionBatches"":0.00761547688199217,""proposedCalls"":0.09808839837355442,""proposedUnitIds"":0.18466494164862438,""revokedPending"":0,""sameUnitConflicts"":0.0022178803400749853,""supersededPending"":0},""referenceExceededUpdates"":72700,""budgetDenialUpdates"":0,""budgetDeniedUnitIdOccurrences"":0,""budgetDeniedDebugCalls"":0,""maxRollingCommandCalls"":522,""maxPendingUnitIds"":0}"
"maps","hfo-le","disabled","16","275047","{""baseline.activateSuperWeapon"":14,""baseline.orderUnits"":7309,""baseline.pauseProduction"":68,""baseline.placeBuilding"":167,""baseline.queueForProduction"":956,""baseline.quitGame"":129,""baseline.resumeProduction"":64,""baseline.sayAll"":5,""baseline.sellObject"":18,""baseline.setUnitDebugText"":2566,""baseline.toggleRepairWrench"":114,""baseline.unqueueFromProduction"":249,""candidate.orderUnits"":61712,""candidate.pauseProduction"":246,""candidate.placeBuilding"":110,""candidate.queueForProduction"":1179,""candidate.quitGame"":35,""candidate.resumeProduction"":226,""candidate.sellObject"":30,""candidate.setUnitDebugText"":2289,""candidate.toggleRepairWrench"":63,""candidate.unqueueFromProduction"":242}","{""baseline.activateSuperWeapon"":0.00005090039156944086,""baseline.orderUnits"":0.02657364014150309,""baseline.pauseProduction"":0.00024723047333728417,""baseline.placeBuilding"":0.0006071689565783303,""baseline.queueForProduction"":0.003475769595741819,""baseline.quitGame"":0.0004690107508898479,""baseline.resumeProduction"":0.00023268750431744393,""baseline.sayAll"":0.000018178711274800307,""baseline.sellObject"":0.00006544336058928111,""baseline.setUnitDebugText"":0.009329314626227518,""baseline.toggleRepairWrench"":0.000414474617065447,""baseline.unqueueFromProduction"":0.0009052998214850553,""candidate.orderUnits"":0.2243689260380953,""candidate.pauseProduction"":0.0008943925947201751,""candidate.placeBuilding"":0.0003999316480456068,""candidate.queueForProduction"":0.004286540118597912,""candidate.quitGame"":0.00012725097892360215,""candidate.resumeProduction"":0.0008216777496209738,""candidate.sellObject"":0.00010907226764880185,""candidate.setUnitDebugText"":0.00832221402160358,""candidate.toggleRepairWrench"":0.00022905176206248386,""candidate.unqueueFromProduction"":0.0008798496257003349}",""
"maps","hfo-le","separated_lanes_v2","16","322053","{""baseline.activateSuperWeapon"":18,""baseline.orderUnits"":8210,""baseline.pauseProduction"":65,""baseline.placeBuilding"":171,""baseline.queueForProduction"":989,""baseline.quitGame"":33,""baseline.resumeProduction"":61,""baseline.sayAll"":5,""baseline.sellObject"":16,""baseline.setUnitDebugText"":2887,""baseline.toggleRepairWrench"":133,""baseline.unqueueFromProduction"":204,""candidate.activateSuperWeapon"":5,""candidate.orderUnits"":31841,""candidate.pauseProduction"":368,""candidate.placeBuilding"":113,""candidate.queueForProduction"":1368,""candidate.quitGame"":67,""candidate.resumeProduction"":335,""candidate.sellObject"":37,""candidate.setUnitDebugText"":925,""candidate.toggleRepairWrench"":78,""candidate.unqueueFromProduction"":320}","{""baseline.activateSuperWeapon"":0.00005589142159830835,""baseline.orderUnits"":0.025492698406783976,""baseline.pauseProduction"":0.00020183013354944682,""baseline.placeBuilding"":0.0005309685051839293,""baseline.queueForProduction"":0.0030709231089292755,""baseline.quitGame"":0.00010246760626356532,""baseline.resumeProduction"":0.00018940981763871165,""baseline.sayAll"":0.000015525394888418986,""baseline.sellObject"":0.00004968126364294076,""baseline.setUnitDebugText"":0.008964363008573123,""baseline.toggleRepairWrench"":0.00041297550403194503,""baseline.unqueueFromProduction"":0.0006334361114474947,""candidate.activateSuperWeapon"":0.000015525394888418986,""candidate.orderUnits"":0.0988688197284298,""candidate.pauseProduction"":0.0011426690637876375,""candidate.placeBuilding"":0.0003508739244782691,""candidate.queueForProduction"":0.004247748041471435,""candidate.quitGame"":0.00020804029150481442,""candidate.resumeProduction"":0.0010402014575240722,""candidate.sellObject"":0.0001148879221743005,""candidate.setUnitDebugText"":0.0028721980543575127,""candidate.toggleRepairWrench"":0.0002421961602593362,""candidate.unqueueFromProduction"":0.0009936252728588151}","{""counters"":{""debugCoalesced"":0,""debugDropped"":2114,""debugForwarded"":925,""debugProposals"":3039,""deferredUnitIds"":1105480,""duplicateSuppressions"":35339,""expiredPending"":8,""forwardedOrderCalls"":31841,""forwardedUnitIds"":243245,""gameplayNonorderCalls"":2691,""invalidTargets"":3989,""invalidTiles"":0,""invalidUnitIds"":488,""pendingUnitIds"":1105480,""productionBatches"":2057,""proposedCalls"":80456,""proposedUnitIds"":640898,""revokedPending"":20685,""sameUnitConflicts"":337141,""supersededPending"":324632},""countersPerObservedUpdate"":{""debugCoalesced"":0,""debugDropped"":0.006564136958823547,""debugForwarded"":0.0028721980543575127,""debugProposals"":0.009436335013181061,""deferredUnitIds"":3.4326027082498842,""duplicateSuppressions"":0.10973038599236772,""expiredPending"":0.00002484063182147038,""forwardedOrderCalls"":0.0988688197284298,""forwardedUnitIds"":0.7552949359266953,""gameplayNonorderCalls"":0.008355767528947098,""invalidTargets"":0.012386160041980667,""invalidTiles"":0,""invalidUnitIds"":0.0015152785411096932,""pendingUnitIds"":3.4326027082498842,""productionBatches"":0.006387147457095572,""proposedCalls"":0.2498222342285276,""proposedUnitIds"":1.9900389066395905,""revokedPending"":0.06422855865338935,""sameUnitConflicts"":1.0468494316152932,""supersededPending"":1.0080079986834465},""referenceExceededUpdates"":0,""budgetDenialUpdates"":110926,""budgetDeniedUnitIdOccurrences"":1105480,""budgetDeniedDebugCalls"":2114,""maxRollingCommandCalls"":115,""maxPendingUnitIds"":37}"
"maps","hfo-le","separated_lanes_unbounded_d1","16","294103","{""baseline.activateSuperWeapon"":14,""baseline.orderUnits"":7092,""baseline.pauseProduction"":72,""baseline.placeBuilding"":169,""baseline.queueForProduction"":964,""baseline.quitGame"":507,""baseline.resumeProduction"":65,""baseline.sayAll"":5,""baseline.sellObject"":18,""baseline.setUnitDebugText"":2650,""baseline.toggleRepairWrench"":127,""baseline.unqueueFromProduction"":239,""candidate.activateSuperWeapon"":5,""candidate.orderUnits"":60181,""candidate.pauseProduction"":271,""candidate.placeBuilding"":115,""candidate.queueForProduction"":1250,""candidate.quitGame"":41,""candidate.resumeProduction"":251,""candidate.sellObject"":30,""candidate.setUnitDebugText"":2515,""candidate.toggleRepairWrench"":63,""candidate.unqueueFromProduction"":253}","{""baseline.activateSuperWeapon"":0.000047602370598055786,""baseline.orderUnits"":0.024114000877243687,""baseline.pauseProduction"":0.000244812191647144,""baseline.placeBuilding"":0.000574628616505102,""baseline.queueForProduction"":0.003277763232608984,""baseline.quitGame"":0.0017238858495153058,""baseline.resumeProduction"":0.00022101100634811614,""baseline.sayAll"":0.00001700084664216278,""baseline.sellObject"":0.000061203047911786,""baseline.setUnitDebugText"":0.009010448720346273,""baseline.toggleRepairWrench"":0.0004318215047109346,""baseline.unqueueFromProduction"":0.0008126404694953808,""candidate.activateSuperWeapon"":0.00001700084664216278,""candidate.orderUnits"":0.20462559035439964,""candidate.pauseProduction"":0.0009214458880052226,""candidate.placeBuilding"":0.0003910194727697439,""candidate.queueForProduction"":0.004250211660540695,""candidate.quitGame"":0.00013940694246573478,""candidate.resumeProduction"":0.0008534425014365716,""candidate.sellObject"":0.00010200507985297667,""candidate.setUnitDebugText"":0.008551425861007877,""candidate.toggleRepairWrench"":0.00021421066769125103,""candidate.unqueueFromProduction"":0.0008602428400934367}","{""counters"":{""debugCoalesced"":0,""debugDropped"":0,""debugForwarded"":2515,""debugProposals"":2515,""deferredUnitIds"":0,""duplicateSuppressions"":78,""expiredPending"":0,""forwardedOrderCalls"":60181,""forwardedUnitIds"":547015,""gameplayNonorderCalls"":2279,""invalidTargets"":0,""invalidTiles"":0,""invalidUnitIds"":0,""pendingUnitIds"":0,""productionBatches"":1758,""proposedCalls"":65717,""proposedUnitIds"":554611,""revokedPending"":0,""sameUnitConflicts"":7518,""supersededPending"":0},""countersPerObservedUpdate"":{""debugCoalesced"":0,""debugDropped"":0,""debugForwarded"":0.008551425861007877,""debugProposals"":0.008551425861007877,""deferredUnitIds"":0,""duplicateSuppressions"":0.0002652132076177394,""expiredPending"":0,""forwardedOrderCalls"":0.20462559035439964,""forwardedUnitIds"":1.8599436251925345,""gameplayNonorderCalls"":0.007748985899497795,""invalidTargets"":0,""invalidTiles"":0,""invalidUnitIds"":0,""pendingUnitIds"":0,""productionBatches"":0.005977497679384433,""proposedCalls"":0.22344892775660227,""proposedUnitIds"":1.8857713114113084,""revokedPending"":0,""sameUnitConflicts"":0.025562473011155957,""supersededPending"":0},""referenceExceededUpdates"":179857,""budgetDenialUpdates"":0,""budgetDeniedUnitIdOccurrences"":0,""budgetDeniedDebugCalls"":0,""maxRollingCommandCalls"":1296,""maxPendingUnitIds"":0}"
"maps","hfo-lvl","disabled","16","318710","{""baseline.activateSuperWeapon"":5,""baseline.orderUnits"":6037,""baseline.pauseProduction"":55,""baseline.placeBuilding"":152,""baseline.queueForProduction"":936,""baseline.quitGame"":2050,""baseline.resumeProduction"":48,""baseline.sellObject"":26,""baseline.setUnitDebugText"":2623,""baseline.toggleRepairWrench"":97,""baseline.unqueueFromProduction"":213,""candidate.activateSuperWeapon"":10,""candidate.orderUnits"":12067,""candidate.pauseProduction"":249,""candidate.placeBuilding"":144,""candidate.queueForProduction"":1092,""candidate.quitGame"":191,""candidate.resumeProduction"":226,""candidate.setUnitDebugText"":2833,""candidate.toggleRepairWrench"":113,""candidate.unqueueFromProduction"":290}","{""baseline.activateSuperWeapon"":0.000015688243230523047,""baseline.orderUnits"":0.018941984876533525,""baseline.pauseProduction"":0.0001725706755357535,""baseline.placeBuilding"":0.0004769225942079006,""baseline.queueForProduction"":0.0029368391327539143,""baseline.quitGame"":0.006432179724514449,""baseline.resumeProduction"":0.00015060713501302125,""baseline.sellObject"":0.00008157886479871984,""baseline.setUnitDebugText"":0.00823005239873239,""baseline.toggleRepairWrench"":0.0003043519186721471,""baseline.unqueueFromProduction"":0.0006683191616202817,""candidate.activateSuperWeapon"":0.00003137648646104609,""candidate.orderUnits"":0.03786200621254432,""candidate.pauseProduction"":0.0007812745128800477,""candidate.placeBuilding"":0.00045182140503906374,""candidate.queueForProduction"":0.003426312321546233,""candidate.quitGame"":0.0005992908914059803,""candidate.resumeProduction"":0.0007091085940196417,""candidate.setUnitDebugText"":0.008888958614414359,""candidate.toggleRepairWrench"":0.00035455429700982085,""candidate.unqueueFromProduction"":0.0009099181073703367}",""
"maps","hfo-lvl","separated_lanes_v2","16","306340","{""baseline.activateSuperWeapon"":6,""baseline.orderUnits"":5937,""baseline.pauseProduction"":69,""baseline.placeBuilding"":158,""baseline.queueForProduction"":905,""baseline.quitGame"":3319,""baseline.resumeProduction"":66,""baseline.sayAll"":2,""baseline.sellObject"":17,""baseline.setUnitDebugText"":2595,""baseline.toggleRepairWrench"":97,""baseline.unqueueFromProduction"":202,""candidate.activateSuperWeapon"":8,""candidate.orderUnits"":11180,""candidate.pauseProduction"":305,""candidate.placeBuilding"":149,""candidate.queueForProduction"":1029,""candidate.quitGame"":158,""candidate.resumeProduction"":282,""candidate.setUnitDebugText"":2088,""candidate.toggleRepairWrench"":89,""candidate.unqueueFromProduction"":250}","{""baseline.activateSuperWeapon"":0.00001958608082522687,""baseline.orderUnits"":0.01938042697656199,""baseline.pauseProduction"":0.00022523992949010903,""baseline.placeBuilding"":0.0005157667950643077,""baseline.queueForProduction"":0.0029542338578050532,""baseline.quitGame"":0.010834367043154665,""baseline.resumeProduction"":0.0002154468890774956,""baseline.sayAll"":0.000006528693608408957,""baseline.sellObject"":0.00005549389567147614,""baseline.setUnitDebugText"":0.008470979956910622,""baseline.toggleRepairWrench"":0.00031664164000783443,""baseline.unqueueFromProduction"":0.0006593980544493047,""candidate.activateSuperWeapon"":0.00002611477443363583,""candidate.orderUnits"":0.03649539727100607,""candidate.pauseProduction"":0.000995625775282366,""candidate.placeBuilding"":0.0004863876738264673,""candidate.queueForProduction"":0.0033590128615264086,""candidate.quitGame"":0.0005157667950643077,""candidate.resumeProduction"":0.000920545798785663,""candidate.setUnitDebugText"":0.006815956127178951,""candidate.toggleRepairWrench"":0.0002905268655741986,""candidate.unqueueFromProduction"":0.0008160867010511197}","{""counters"":{""debugCoalesced"":0,""debugDropped"":679,""debugForwarded"":2088,""debugProposals"":2767,""deferredUnitIds"":86921,""duplicateSuppressions"":186,""expiredPending"":0,""forwardedOrderCalls"":11180,""forwardedUnitIds"":47301,""gameplayNonorderCalls"":2270,""invalidTargets"":120,""invalidTiles"":0,""invalidUnitIds"":38,""pendingUnitIds"":86921,""productionBatches"":1625,""proposedCalls"":12649,""proposedUnitIds"":57848,""revokedPending"":2696,""sameUnitConflicts"":7501,""supersededPending"":5225},""countersPerObservedUpdate"":{""debugCoalesced"":0,""debugDropped"":0.002216491480054841,""debugForwarded"":0.006815956127178951,""debugProposals"":0.009032447607233792,""deferredUnitIds"":0.2837402885682575,""duplicateSuppressions"":0.000607168505582033,""expiredPending"":0,""forwardedOrderCalls"":0.03649539727100607,""forwardedUnitIds"":0.15440686818567603,""gameplayNonorderCalls"":0.007410067245544167,""invalidTargets"":0.00039172161650453746,""invalidTiles"":0,""invalidUnitIds"":0.0001240451785597702,""pendingUnitIds"":0.2837402885682575,""productionBatches"":0.005304563556832278,""proposedCalls"":0.04129072272638245,""proposedUnitIds"":0.18883593392962067,""revokedPending"":0.008800678984135274,""sameUnitConflicts"":0.024485865378337794,""supersededPending"":0.0170562120519684},""referenceExceededUpdates"":0,""budgetDenialUpdates"":8987,""budgetDeniedUnitIdOccurrences"":86921,""budgetDeniedDebugCalls"":679,""maxRollingCommandCalls"":115,""maxPendingUnitIds"":32}"
"maps","hfo-lvl","separated_lanes_unbounded_d1","16","316826","{""baseline.activateSuperWeapon"":8,""baseline.orderUnits"":7074,""baseline.pauseProduction"":51,""baseline.placeBuilding"":164,""baseline.queueForProduction"":944,""baseline.quitGame"":2105,""baseline.resumeProduction"":47,""baseline.sellObject"":26,""baseline.setUnitDebugText"":2835,""baseline.toggleRepairWrench"":175,""baseline.unqueueFromProduction"":207,""candidate.activateSuperWeapon"":8,""candidate.orderUnits"":12817,""candidate.pauseProduction"":236,""candidate.placeBuilding"":138,""candidate.queueForProduction"":1077,""candidate.quitGame"":192,""candidate.resumeProduction"":215,""candidate.setUnitDebugText"":3010,""candidate.toggleRepairWrench"":110,""candidate.unqueueFromProduction"":275}","{""baseline.activateSuperWeapon"":0.00002525045292999943,""baseline.orderUnits"":0.022327713003352,""baseline.pauseProduction"":0.00016097163742874638,""baseline.placeBuilding"":0.0005176342850649883,""baseline.queueForProduction"":0.002979553445739933,""baseline.quitGame"":0.006644025427206101,""baseline.resumeProduction"":0.00014834641096374667,""baseline.sellObject"":0.00008206397202249815,""baseline.setUnitDebugText"":0.008948129257068548,""baseline.toggleRepairWrench"":0.0005523536578437376,""baseline.unqueueFromProduction"":0.0006533554695637353,""candidate.activateSuperWeapon"":0.00002525045292999943,""candidate.orderUnits"":0.04045438190047534,""candidate.pauseProduction"":0.0007448883614349833,""candidate.placeBuilding"":0.0004355703130424902,""candidate.queueForProduction"":0.0033993422257011735,""candidate.quitGame"":0.0006060108703199864,""candidate.resumeProduction"":0.0006786059224937347,""candidate.setUnitDebugText"":0.009500482914912286,""candidate.toggleRepairWrench"":0.0003471937277874922,""candidate.unqueueFromProduction"":0.0008679843194687305}","{""counters"":{""debugCoalesced"":0,""debugDropped"":0,""debugForwarded"":3010,""debugProposals"":3010,""deferredUnitIds"":0,""duplicateSuppressions"":146,""expiredPending"":0,""forwardedOrderCalls"":12817,""forwardedUnitIds"":47846,""gameplayNonorderCalls"":2251,""invalidTargets"":0,""invalidTiles"":0,""invalidUnitIds"":0,""pendingUnitIds"":0,""productionBatches"":1628,""proposedCalls"":13296,""proposedUnitIds"":49085,""revokedPending"":0,""sameUnitConflicts"":1093,""supersededPending"":0},""countersPerObservedUpdate"":{""debugCoalesced"":0,""debugDropped"":0,""debugForwarded"":0.009500482914912286,""debugProposals"":0.009500482914912286,""deferredUnitIds"":0,""duplicateSuppressions"":0.0004608207659724896,""expiredPending"":0,""forwardedOrderCalls"":0.04045438190047534,""forwardedUnitIds"":0.1510166463610941,""gameplayNonorderCalls"":0.00710484619317859,""invalidTargets"":0,""invalidTiles"":0,""invalidUnitIds"":0,""pendingUnitIds"":0,""productionBatches"":0.005138467171254884,""proposedCalls"":0.041966252769659054,""proposedUnitIds"":0.15492731025862777,""revokedPending"":0,""sameUnitConflicts"":0.0034498431315611723,""supersededPending"":0},""referenceExceededUpdates"":33791,""budgetDenialUpdates"":0,""budgetDeniedUnitIdOccurrences"":0,""budgetDeniedDebugCalls"":0,""maxRollingCommandCalls"":327,""maxPendingUnitIds"":0}"
"maps","hfo-original","disabled","16","260700","{""baseline.activateSuperWeapon"":5,""baseline.orderUnits"":5938,""baseline.pauseProduction"":61,""baseline.placeBuilding"":146,""baseline.queueForProduction"":976,""baseline.quitGame"":809,""baseline.resumeProduction"":58,""baseline.sayAll"":2,""baseline.sellObject"":14,""baseline.setUnitDebugText"":2439,""baseline.toggleRepairWrench"":115,""baseline.unqueueFromProduction"":258,""candidate.activateSuperWeapon"":7,""candidate.orderUnits"":24998,""candidate.pauseProduction"":385,""candidate.placeBuilding"":138,""candidate.queueForProduction"":1239,""candidate.resumeProduction"":344,""candidate.setUnitDebugText"":3743,""candidate.toggleRepairWrench"":122,""candidate.unqueueFromProduction"":308}","{""baseline.activateSuperWeapon"":0.000019179133103183735,""baseline.orderUnits"":0.022777138473341004,""baseline.pauseProduction"":0.00023398542385884158,""baseline.placeBuilding"":0.000560030686612965,""baseline.queueForProduction"":0.0037437667817414653,""baseline.quitGame"":0.0031031837360951287,""baseline.resumeProduction"":0.00022247794399693133,""baseline.sayAll"":0.000007671653241273494,""baseline.sellObject"":0.00005370157268891446,""baseline.setUnitDebugText"":0.009355581127733027,""baseline.toggleRepairWrench"":0.0004411200613732259,""baseline.unqueueFromProduction"":0.0009896432681242807,""candidate.activateSuperWeapon"":0.00002685078634445723,""candidate.orderUnits"":0.0958879938626774,""candidate.pauseProduction"":0.0014767932489451476,""candidate.placeBuilding"":0.0005293440736478711,""candidate.queueForProduction"":0.00475258918296893,""candidate.resumeProduction"":0.001319524357499041,""candidate.setUnitDebugText"":0.014357499041043345,""candidate.toggleRepairWrench"":0.00046797084771768317,""candidate.unqueueFromProduction"":0.001181434599156118}",""
"maps","hfo-original","separated_lanes_v2","16","292899","{""baseline.activateSuperWeapon"":7,""baseline.orderUnits"":6654,""baseline.pauseProduction"":89,""baseline.placeBuilding"":153,""baseline.queueForProduction"":977,""baseline.quitGame"":1172,""baseline.resumeProduction"":81,""baseline.sayAll"":4,""baseline.sellObject"":19,""baseline.setUnitDebugText"":2363,""baseline.toggleRepairWrench"":128,""baseline.unqueueFromProduction"":255,""candidate.activateSuperWeapon"":10,""candidate.orderUnits"":23319,""candidate.pauseProduction"":369,""candidate.placeBuilding"":151,""candidate.queueForProduction"":1425,""candidate.quitGame"":286,""candidate.resumeProduction"":336,""candidate.setUnitDebugText"":2050,""candidate.toggleRepairWrench"":154,""candidate.unqueueFromProduction"":367}","{""baseline.activateSuperWeapon"":0.000023899023212779832,""baseline.orderUnits"":0.022717728636833856,""baseline.pauseProduction"":0.00030385900941962927,""baseline.placeBuilding"":0.000522364364507902,""baseline.queueForProduction"":0.0033356208112694137,""baseline.quitGame"":0.004001379315053994,""baseline.resumeProduction"":0.0002765458400335952,""baseline.sayAll"":0.000013656584693017047,""baseline.sellObject"":0.00006486877729183097,""baseline.setUnitDebugText"":0.00806762740739982,""baseline.toggleRepairWrench"":0.0004370107101765455,""baseline.unqueueFromProduction"":0.0008706072741798367,""candidate.activateSuperWeapon"":0.00003414146173254262,""candidate.orderUnits"":0.07961447461411612,""candidate.pauseProduction"":0.0012598199379308225,""candidate.placeBuilding"":0.0005155360721613935,""candidate.queueForProduction"":0.0048651582968873225,""candidate.quitGame"":0.0009764458055507188,""candidate.resumeProduction"":0.0011471531142134318,""candidate.setUnitDebugText"":0.006998999655171236,""candidate.toggleRepairWrench"":0.0005257785106811563,""candidate.unqueueFromProduction"":0.001252991645584314}","{""counters"":{""debugCoalesced"":0,""debugDropped"":2305,""debugForwarded"":2050,""debugProposals"":4355,""deferredUnitIds"":174127,""duplicateSuppressions"":803,""expiredPending"":5,""forwardedOrderCalls"":23319,""forwardedUnitIds"":51087,""gameplayNonorderCalls"":3098,""invalidTargets"":146,""invalidTiles"":0,""invalidUnitIds"":64,""pendingUnitIds"":174127,""productionBatches"":2208,""proposedCalls"":31956,""proposedUnitIds"":82219,""revokedPending"":24219,""sameUnitConflicts"":5891,""supersededPending"":4642},""countersPerObservedUpdate"":{""debugCoalesced"":0,""debugDropped"":0.007869606929351073,""debugForwarded"":0.006998999655171236,""debugProposals"":0.01486860658452231,""deferredUnitIds"":0.5944950307102448,""duplicateSuppressions"":0.0027415593771231723,""expiredPending"":0.00001707073086627131,""forwardedOrderCalls"":0.07961447461411612,""forwardedUnitIds"":0.17441848555304046,""gameplayNonorderCalls"":0.010577024844741703,""invalidTargets"":0.0004984653412951222,""invalidTiles"":0,""invalidUnitIds"":0.00021850535508827275,""pendingUnitIds"":0.5944950307102448,""productionBatches"":0.00753843475054541,""proposedCalls"":0.10910245511251318,""proposedUnitIds"":0.28070768421879216,""revokedPending"":0.08268720617004496,""sameUnitConflicts"":0.020112735106640856,""supersededPending"":0.015848466536246282},""referenceExceededUpdates"":0,""budgetDenialUpdates"":33552,""budgetDeniedUnitIdOccurrences"":174127,""budgetDeniedDebugCalls"":2305,""maxRollingCommandCalls"":115,""maxPendingUnitIds"":44}"
"maps","hfo-original","separated_lanes_unbounded_d1","16","253552","{""baseline.activateSuperWeapon"":8,""baseline.orderUnits"":6021,""baseline.pauseProduction"":75,""baseline.placeBuilding"":148,""baseline.queueForProduction"":1002,""baseline.quitGame"":80,""baseline.resumeProduction"":72,""baseline.sayAll"":2,""baseline.sellObject"":13,""baseline.setUnitDebugText"":2582,""baseline.toggleRepairWrench"":107,""baseline.unqueueFromProduction"":281,""candidate.activateSuperWeapon"":6,""candidate.orderUnits"":22120,""candidate.pauseProduction"":365,""candidate.placeBuilding"":138,""candidate.queueForProduction"":1277,""candidate.quitGame"":20,""candidate.resumeProduction"":323,""candidate.setUnitDebugText"":3663,""candidate.toggleRepairWrench"":139,""candidate.unqueueFromProduction"":361}","{""baseline.activateSuperWeapon"":0.00003155171325802991,""baseline.orderUnits"":0.02374660819082476,""baseline.pauseProduction"":0.0002957973117940304,""baseline.placeBuilding"":0.0005837066952735534,""baseline.queueForProduction"":0.0039518520855682466,""baseline.quitGame"":0.0003155171325802991,""baseline.resumeProduction"":0.0002839654193222692,""baseline.sayAll"":0.000007887928314507478,""baseline.sellObject"":0.00005127153404429861,""baseline.setUnitDebugText"":0.010183315454029155,""baseline.toggleRepairWrench"":0.00042200416482615004,""baseline.unqueueFromProduction"":0.0011082539281883005,""candidate.activateSuperWeapon"":0.000023663784943522433,""candidate.orderUnits"":0.0872404871584527,""candidate.pauseProduction"":0.0014395469173976148,""candidate.placeBuilding"":0.0005442670537010159,""candidate.queueForProduction"":0.005036442228813024,""candidate.quitGame"":0.00007887928314507477,""candidate.resumeProduction"":0.0012739004227929577,""candidate.setUnitDebugText"":0.014446740708020446,""candidate.toggleRepairWrench"":0.0005482110178582697,""candidate.unqueueFromProduction"":0.0014237710607685997}","{""counters"":{""debugCoalesced"":0,""debugDropped"":0,""debugForwarded"":3663,""debugProposals"":3663,""deferredUnitIds"":0,""duplicateSuppressions"":113,""expiredPending"":0,""forwardedOrderCalls"":22120,""forwardedUnitIds"":44955,""gameplayNonorderCalls"":2629,""invalidTargets"":0,""invalidTiles"":0,""invalidUnitIds"":0,""pendingUnitIds"":0,""productionBatches"":2026,""proposedCalls"":23943,""proposedUnitIds"":45420,""revokedPending"":0,""sameUnitConflicts"":352,""supersededPending"":0},""countersPerObservedUpdate"":{""debugCoalesced"":0,""debugDropped"":0,""debugForwarded"":0.014446740708020446,""debugProposals"":0.014446740708020446,""deferredUnitIds"":0,""duplicateSuppressions"":0.0004456679497696725,""expiredPending"":0,""forwardedOrderCalls"":0.0872404871584527,""forwardedUnitIds"":0.17730090868934184,""gameplayNonorderCalls"":0.010368681769420079,""invalidTargets"":0,""invalidTiles"":0,""invalidUnitIds"":0,""pendingUnitIds"":0,""productionBatches"":0.007990471382596075,""proposedCalls"":0.09443033381712627,""proposedUnitIds"":0.17913485202246482,""revokedPending"":0,""sameUnitConflicts"":0.0013882753833533161,""supersededPending"":0},""referenceExceededUpdates"":72256,""budgetDenialUpdates"":0,""budgetDeniedUnitIdOccurrences"":0,""budgetDeniedDebugCalls"":0,""maxRollingCommandCalls"":755,""maxPendingUnitIds"":0}"
"maps","hfo-rvr","disabled","16","324415","{""baseline.activateSuperWeapon"":10,""baseline.orderUnits"":8373,""baseline.pauseProduction"":84,""baseline.placeBuilding"":183,""baseline.queueForProduction"":1293,""baseline.quitGame"":45,""baseline.resumeProduction"":74,""baseline.sayAll"":1,""baseline.sellObject"":15,""baseline.setUnitDebugText"":3268,""baseline.toggleRepairWrench"":244,""baseline.unqueueFromProduction"":432,""candidate.activateSuperWeapon"":9,""candidate.orderUnits"":26078,""candidate.pauseProduction"":190,""candidate.placeBuilding"":151,""candidate.queueForProduction"":1695,""candidate.quitGame"":21,""candidate.resumeProduction"":181,""candidate.setUnitDebugText"":3937,""candidate.toggleRepairWrench"":45,""candidate.unqueueFromProduction"":190}","{""baseline.activateSuperWeapon"":0.00003082471525669282,""baseline.orderUnits"":0.025809534084428896,""baseline.pauseProduction"":0.00025892760815621966,""baseline.placeBuilding"":0.0005640922891974786,""baseline.queueForProduction"":0.003985635682690381,""baseline.quitGame"":0.00013871121865511766,""baseline.resumeProduction"":0.00022810289289952685,""baseline.sayAll"":0.0000030824715256692815,""baseline.sellObject"":0.00004623707288503922,""baseline.setUnitDebugText"":0.010073516945887212,""baseline.toggleRepairWrench"":0.0007521230522633047,""baseline.unqueueFromProduction"":0.0013316276990891296,""candidate.activateSuperWeapon"":0.000027742243731023536,""candidate.orderUnits"":0.08038469244640353,""candidate.pauseProduction"":0.0005856695898771635,""candidate.placeBuilding"":0.0004654532003760615,""candidate.queueForProduction"":0.005224789236009432,""candidate.quitGame"":0.00006473190203905492,""candidate.resumeProduction"":0.00055792734614614,""candidate.setUnitDebugText"":0.012135690396559961,""candidate.toggleRepairWrench"":0.00013871121865511766,""candidate.unqueueFromProduction"":0.0005856695898771635}",""
"maps","hfo-rvr","separated_lanes_v2","16","362267","{""baseline.activateSuperWeapon"":15,""baseline.orderUnits"":9376,""baseline.pauseProduction"":104,""baseline.placeBuilding"":210,""baseline.queueForProduction"":1414,""baseline.quitGame"":460,""baseline.resumeProduction"":101,""baseline.sellObject"":8,""baseline.setUnitDebugText"":3809,""baseline.toggleRepairWrench"":244,""baseline.unqueueFromProduction"":526,""candidate.activateSuperWeapon"":13,""candidate.orderUnits"":19418,""candidate.pauseProduction"":197,""candidate.placeBuilding"":160,""candidate.queueForProduction"":1658,""candidate.quitGame"":39,""candidate.resumeProduction"":180,""candidate.setUnitDebugText"":3497,""candidate.toggleRepairWrench"":113,""candidate.unqueueFromProduction"":170}","{""baseline.activateSuperWeapon"":0.00004140592435965738,""baseline.orderUnits"":0.025881463119743174,""baseline.pauseProduction"":0.00028708107556029116,""baseline.placeBuilding"":0.0005796829410352033,""baseline.queueForProduction"":0.0039031984696370355,""baseline.quitGame"":0.0012697816803628264,""baseline.resumeProduction"":0.0002787998906883597,""baseline.sellObject"":0.000022083159658483935,""baseline.setUnitDebugText"":0.010514344392395665,""baseline.toggleRepairWrench"":0.00067353636958376,""baseline.unqueueFromProduction"":0.0014519677475453188,""candidate.activateSuperWeapon"":0.000035885134445036395,""candidate.orderUnits"":0.05360134928105513,""candidate.pauseProduction"":0.0005437978065901669,""candidate.placeBuilding"":0.00044166319316967873,""candidate.queueForProduction"":0.004576734839220796,""candidate.quitGame"":0.00010765540333510919,""candidate.resumeProduction"":0.0004968710923158885,""candidate.setUnitDebugText"":0.00965310116571479,""candidate.toggleRepairWrench"":0.0003119246301760856,""candidate.unqueueFromProduction"":0.0004692671427427836}","{""counters"":{""debugCoalesced"":0,""debugDropped"":682,""debugForwarded"":3497,""debugProposals"":4179,""deferredUnitIds"":71687,""duplicateSuppressions"":257,""expiredPending"":0,""forwardedOrderCalls"":19418,""forwardedUnitIds"":52956,""gameplayNonorderCalls"":2530,""invalidTargets"":101,""invalidTiles"":0,""invalidUnitIds"":39,""pendingUnitIds"":71687,""productionBatches"":2100,""proposedCalls"":21897,""proposedUnitIds"":61454,""revokedPending"":5680,""sameUnitConflicts"":2416,""supersededPending"":2401},""countersPerObservedUpdate"":{""debugCoalesced"":0,""debugDropped"":0.0018825893608857556,""debugForwarded"":0.00965310116571479,""debugProposals"":0.011535690526600546,""deferredUnitIds"":0.19788443330471725,""duplicateSuppressions"":0.0007094215040287965,""expiredPending"":0,""forwardedOrderCalls"":0.05360134928105513,""forwardedUnitIds"":0.14617947535933443,""gameplayNonorderCalls"":0.006983799241995545,""invalidTargets"":0.0002787998906883597,""invalidTiles"":0,""invalidUnitIds"":0.00010765540333510919,""pendingUnitIds"":0.19788443330471725,""productionBatches"":0.0057968294103520335,""proposedCalls"":0.06044436838022784,""proposedUnitIds"":0.16963731170655896,""revokedPending"":0.015679043357523594,""sameUnitConflicts"":0.006669114216862148,""supersededPending"":0.006627708292502491},""referenceExceededUpdates"":0,""budgetDenialUpdates"":12069,""budgetDeniedUnitIdOccurrences"":71687,""budgetDeniedDebugCalls"":682,""maxRollingCommandCalls"":115,""maxPendingUnitIds"":26}"
"maps","hfo-rvr","separated_lanes_unbounded_d1","16","349943","{""baseline.activateSuperWeapon"":14,""baseline.orderUnits"":7595,""baseline.pauseProduction"":99,""baseline.placeBuilding"":200,""baseline.queueForProduction"":1414,""baseline.resumeProduction"":93,""baseline.sellObject"":15,""baseline.setUnitDebugText"":3621,""baseline.toggleRepairWrench"":288,""baseline.unqueueFromProduction"":498,""candidate.activateSuperWeapon"":9,""candidate.orderUnits"":27201,""candidate.pauseProduction"":187,""candidate.placeBuilding"":161,""candidate.queueForProduction"":1752,""candidate.quitGame"":39,""candidate.resumeProduction"":172,""candidate.setUnitDebugText"":3909,""candidate.toggleRepairWrench"":92,""candidate.unqueueFromProduction"":163}","{""baseline.activateSuperWeapon"":0.000040006515346785045,""baseline.orderUnits"":0.021703534575630887,""baseline.pauseProduction"":0.0002829032156665514,""baseline.placeBuilding"":0.000571521647811215,""baseline.queueForProduction"":0.00404065805002529,""baseline.resumeProduction"":0.00026575756623221496,""baseline.sellObject"":0.00004286412358584112,""baseline.setUnitDebugText"":0.010347399433622046,""baseline.toggleRepairWrench"":0.0008229911728481496,""baseline.unqueueFromProduction"":0.0014230889030499253,""candidate.activateSuperWeapon"":0.000025718474151504674,""candidate.orderUnits"":0.07772980171056429,""candidate.pauseProduction"":0.000534372740703486,""candidate.placeBuilding"":0.00046007492648802805,""candidate.queueForProduction"":0.005006529634826243,""candidate.quitGame"":0.00011144672132318692,""candidate.resumeProduction"":0.0004915086171176448,""candidate.setUnitDebugText"":0.011170390606470196,""candidate.toggleRepairWrench"":0.0002628999579931589,""candidate.unqueueFromProduction"":0.0004657901429661402}","{""counters"":{""debugCoalesced"":0,""debugDropped"":0,""debugForwarded"":3909,""debugProposals"":3909,""deferredUnitIds"":0,""duplicateSuppressions"":141,""expiredPending"":0,""forwardedOrderCalls"":27201,""forwardedUnitIds"":99544,""gameplayNonorderCalls"":2575,""invalidTargets"":0,""invalidTiles"":0,""invalidUnitIds"":0,""pendingUnitIds"":0,""productionBatches"":2176,""proposedCalls"":27688,""proposedUnitIds"":100972,""revokedPending"":0,""sameUnitConflicts"":1287,""supersededPending"":0},""countersPerObservedUpdate"":{""debugCoalesced"":0,""debugDropped"":0,""debugForwarded"":0.011170390606470196,""debugProposals"":0.011170390606470196,""deferredUnitIds"":0,""duplicateSuppressions"":0.00040292276170690654,""expiredPending"":0,""forwardedOrderCalls"":0.07772980171056429,""forwardedUnitIds"":0.2844577545485979,""gameplayNonorderCalls"":0.007358341215569393,""invalidTargets"":0,""invalidTiles"":0,""invalidUnitIds"":0,""pendingUnitIds"":0,""productionBatches"":0.006218155528186019,""proposedCalls"":0.0791214569229846,""proposedUnitIds"":0.28853841911397,""revokedPending"":0,""sameUnitConflicts"":0.0036777418036651683,""supersededPending"":0},""referenceExceededUpdates"":63322,""budgetDenialUpdates"":0,""budgetDeniedUnitIdOccurrences"":0,""budgetDeniedDebugCalls"":0,""maxRollingCommandCalls"":564,""maxPendingUnitIds"":0}"
"maps","hfo-tvt","disabled","16","272904","{""baseline.activateSuperWeapon"":7,""baseline.orderUnits"":6673,""baseline.pauseProduction"":66,""baseline.placeBuilding"":140,""baseline.queueForProduction"":909,""baseline.quitGame"":813,""baseline.resumeProduction"":53,""baseline.sayAll"":7,""baseline.sellObject"":10,""baseline.setUnitDebugText"":2242,""baseline.toggleRepairWrench"":139,""baseline.unqueueFromProduction"":221,""candidate.activateSuperWeapon"":3,""candidate.orderUnits"":12067,""candidate.pauseProduction"":278,""candidate.placeBuilding"":129,""candidate.queueForProduction"":1342,""candidate.resumeProduction"":247,""candidate.setUnitDebugText"":4051,""candidate.toggleRepairWrench"":79,""candidate.unqueueFromProduction"":346}","{""baseline.activateSuperWeapon"":0.000025650045437223347,""baseline.orderUnits"":0.024451821886084486,""baseline.pauseProduction"":0.00024184328555096297,""baseline.placeBuilding"":0.0005130009087444669,""baseline.queueForProduction"":0.0033308416146337174,""baseline.quitGame"":0.002979069562923226,""baseline.resumeProduction"":0.0001942074868818339,""baseline.sayAll"":0.000025650045437223347,""baseline.sellObject"":0.00003664292205317621,""baseline.setUnitDebugText"":0.008215343124322106,""baseline.toggleRepairWrench"":0.0005093366165391493,""baseline.unqueueFromProduction"":0.0008098085773751942,""candidate.activateSuperWeapon"":0.000010992876615952863,""candidate.orderUnits"":0.04421701404156773,""candidate.pauseProduction"":0.0010186732330782985,""candidate.placeBuilding"":0.00047269369448597307,""candidate.queueForProduction"":0.004917480139536247,""candidate.resumeProduction"":0.0009050801747134523,""candidate.setUnitDebugText"":0.014844047723741682,""candidate.toggleRepairWrench"":0.00028947908422009204,""candidate.unqueueFromProduction"":0.0012678451030398968}",""
"maps","hfo-tvt","separated_lanes_v2","16","331338","{""baseline.activateSuperWeapon"":13,""baseline.orderUnits"":10570,""baseline.pauseProduction"":46,""baseline.placeBuilding"":167,""baseline.queueForProduction"":983,""baseline.quitGame"":10,""baseline.resumeProduction"":43,""baseline.sayAll"":6,""baseline.sellObject"":14,""baseline.setUnitDebugText"":3278,""baseline.toggleRepairWrench"":127,""baseline.unqueueFromProduction"":244,""candidate.activateSuperWeapon"":5,""candidate.orderUnits"":12249,""candidate.pauseProduction"":304,""candidate.placeBuilding"":145,""candidate.queueForProduction"":1376,""candidate.resumeProduction"":276,""candidate.setUnitDebugText"":3405,""candidate.toggleRepairWrench"":142,""candidate.unqueueFromProduction"":320}","{""baseline.activateSuperWeapon"":0.00003923485987118894,""baseline.orderUnits"":0.03190095914142054,""baseline.pauseProduction"":0.00013883104262113008,""baseline.placeBuilding"":0.0005040170460375809,""baseline.queueForProduction"":0.002966759019490671,""baseline.quitGame"":0.000030180661439376106,""baseline.resumeProduction"":0.00012977684418931726,""baseline.sayAll"":0.000018108396863625662,""baseline.sellObject"":0.000042252926015126546,""baseline.setUnitDebugText"":0.009893220819827487,""baseline.toggleRepairWrench"":0.00038329440028007656,""baseline.unqueueFromProduction"":0.000736408139120777,""candidate.activateSuperWeapon"":0.000015090330719688053,""candidate.orderUnits"":0.036968292197091794,""candidate.pauseProduction"":0.0009174921077570336,""candidate.placeBuilding"":0.00043761959087095355,""candidate.queueForProduction"":0.004152859014058152,""candidate.resumeProduction"":0.0008329862557267805,""candidate.setUnitDebugText"":0.010276515220107564,""candidate.toggleRepairWrench"":0.0004285653924391407,""candidate.unqueueFromProduction"":0.0009657811660600354}","{""counters"":{""debugCoalesced"":0,""debugDropped"":2322,""debugForwarded"":3405,""debugProposals"":5727,""deferredUnitIds"":121108,""duplicateSuppressions"":176,""expiredPending"":18,""forwardedOrderCalls"":12249,""forwardedUnitIds"":50791,""gameplayNonorderCalls"":2568,""invalidTargets"":112,""invalidTiles"":0,""invalidUnitIds"":30,""pendingUnitIds"":121108,""productionBatches"":2064,""proposedCalls"":16223,""proposedUnitIds"":78253,""revokedPending"":19264,""sameUnitConflicts"":7825,""supersededPending"":6650},""countersPerObservedUpdate"":{""debugCoalesced"":0,""debugDropped"":0.007007949586223132,""debugForwarded"":0.010276515220107564,""debugProposals"":0.017284464806330696,""deferredUnitIds"":0.36551195455999613,""duplicateSuppressions"":0.0005311796413330195,""expiredPending"":0.00005432519059087699,""forwardedOrderCalls"":0.036968292197091794,""forwardedUnitIds"":0.15329059751673518,""gameplayNonorderCalls"":0.007750393857631784,""invalidTargets"":0.00033802340812101237,""invalidTiles"":0,""invalidUnitIds"":0.00009054198431812832,""pendingUnitIds"":0.36551195455999613,""productionBatches"":0.006229288521087228,""proposedCalls"":0.04896208705309986,""proposedUnitIds"":0.23617272996154984,""revokedPending"":0.05814002619681413,""sameUnitConflicts"":0.023616367576311803,""supersededPending"":0.02007013985718511},""referenceExceededUpdates"":0,""budgetDenialUpdates"":11213,""budgetDeniedUnitIdOccurrences"":121108,""budgetDeniedDebugCalls"":2322,""maxRollingCommandCalls"":115,""maxPendingUnitIds"":33}"
"maps","hfo-tvt","separated_lanes_unbounded_d1","16","249851","{""baseline.activateSuperWeapon"":2,""baseline.orderUnits"":5776,""baseline.pauseProduction"":46,""baseline.placeBuilding"":128,""baseline.queueForProduction"":898,""baseline.resumeProduction"":35,""baseline.sayAll"":6,""baseline.sellObject"":11,""baseline.setUnitDebugText"":2118,""baseline.toggleRepairWrench"":142,""baseline.unqueueFromProduction"":218,""candidate.activateSuperWeapon"":2,""candidate.orderUnits"":12226,""candidate.pauseProduction"":255,""candidate.placeBuilding"":127,""candidate.queueForProduction"":1251,""candidate.resumeProduction"":226,""candidate.setUnitDebugText"":4473,""candidate.toggleRepairWrench"":51,""candidate.unqueueFromProduction"":276}","{""baseline.activateSuperWeapon"":0.00000800477084342268,""baseline.orderUnits"":0.0231177781958047,""baseline.pauseProduction"":0.00018410972939872163,""baseline.placeBuilding"":0.0005123053339790516,""baseline.queueForProduction"":0.003594142108696783,""baseline.resumeProduction"":0.0001400834897598969,""baseline.sayAll"":0.00002401431253026804,""baseline.sellObject"":0.00004402623963882474,""baseline.setUnitDebugText"":0.008477052323184619,""baseline.toggleRepairWrench"":0.0005683387298830103,""baseline.unqueueFromProduction"":0.0008725200219330721,""candidate.activateSuperWeapon"":0.00000800477084342268,""candidate.orderUnits"":0.04893316416584284,""candidate.pauseProduction"":0.0010206082825363917,""candidate.placeBuilding"":0.0005083029485573402,""candidate.queueForProduction"":0.0050069841625608865,""candidate.resumeProduction"":0.0009045391053067629,""candidate.setUnitDebugText"":0.017902669991314825,""candidate.toggleRepairWrench"":0.00020412165650727834,""candidate.unqueueFromProduction"":0.0011046583763923297}","{""counters"":{""debugCoalesced"":0,""debugDropped"":0,""debugForwarded"":4473,""debugProposals"":4473,""deferredUnitIds"":0,""duplicateSuppressions"":144,""expiredPending"":0,""forwardedOrderCalls"":12226,""forwardedUnitIds"":48962,""gameplayNonorderCalls"":2188,""invalidTargets"":0,""invalidTiles"":0,""invalidUnitIds"":0,""pendingUnitIds"":0,""productionBatches"":1815,""proposedCalls"":12553,""proposedUnitIds"":49773,""revokedPending"":0,""sameUnitConflicts"":667,""supersededPending"":0},""countersPerObservedUpdate"":{""debugCoalesced"":0,""debugDropped"":0,""debugForwarded"":0.017902669991314825,""debugProposals"":0.017902669991314825,""deferredUnitIds"":0,""duplicateSuppressions"":0.000576343500726433,""expiredPending"":0,""forwardedOrderCalls"":0.04893316416584284,""forwardedUnitIds"":0.19596479501783062,""gameplayNonorderCalls"":0.008757219302704412,""invalidTargets"":0,""invalidTiles"":0,""invalidUnitIds"":0,""pendingUnitIds"":0,""productionBatches"":0.007264329540406082,""proposedCalls"":0.05024194419874245,""proposedUnitIds"":0.19921072959483851,""revokedPending"":0,""sameUnitConflicts"":0.0026695910762814636,""supersededPending"":0},""referenceExceededUpdates"":34122,""budgetDenialUpdates"":0,""budgetDeniedUnitIdOccurrences"":0,""budgetDeniedDebugCalls"":0,""maxRollingCommandCalls"":864,""maxPendingUnitIds"":0}"
"maps","pacific-heights","disabled","8","110204","{""baseline.orderUnits"":4212,""baseline.placeBuilding"":45,""baseline.queueForProduction"":537,""baseline.setUnitDebugText"":1234,""baseline.toggleRepairWrench"":28,""baseline.unqueueFromProduction"":150,""candidate.orderUnits"":12537,""candidate.pauseProduction"":90,""candidate.placeBuilding"":43,""candidate.queueForProduction"":792,""candidate.resumeProduction"":84,""candidate.setUnitDebugText"":2006,""candidate.toggleRepairWrench"":37,""candidate.unqueueFromProduction"":96}","{""baseline.orderUnits"":0.03822002831113208,""baseline.placeBuilding"":0.0004083336358026932,""baseline.queueForProduction"":0.004872781387245472,""baseline.setUnitDebugText"":0.011197415701789408,""baseline.toggleRepairWrench"":0.0002540742622772313,""baseline.unqueueFromProduction"":0.0013611121193423106,""candidate.orderUnits"":0.11376175093463033,""candidate.pauseProduction"":0.0008166672716053864,""candidate.placeBuilding"":0.0003901854742114624,""candidate.queueForProduction"":0.0071866719901274,""candidate.resumeProduction"":0.000762222786831694,""candidate.setUnitDebugText"":0.0182026060760045,""candidate.toggleRepairWrench"":0.00033574098943776995,""candidate.unqueueFromProduction"":0.0008711117563790788}",""
"maps","pacific-heights","separated_lanes_v2","8","125223","{""baseline.orderUnits"":5485,""baseline.placeBuilding"":47,""baseline.queueForProduction"":575,""baseline.quitGame"":873,""baseline.setUnitDebugText"":1129,""baseline.toggleRepairWrench"":41,""baseline.unqueueFromProduction"":118,""candidate.activateSuperWeapon"":3,""candidate.orderUnits"":9284,""candidate.pauseProduction"":38,""candidate.placeBuilding"":62,""candidate.queueForProduction"":826,""candidate.resumeProduction"":35,""candidate.setUnitDebugText"":960,""candidate.toggleRepairWrench"":43,""candidate.unqueueFromProduction"":93}","{""baseline.orderUnits"":0.04380185748624454,""baseline.placeBuilding"":0.0003753304105475831,""baseline.queueForProduction"":0.004591808214145963,""baseline.quitGame"":0.006971562732085958,""baseline.setUnitDebugText"":0.0090159156065579,""baseline.toggleRepairWrench"":0.00032741589005214696,""baseline.unqueueFromProduction"":0.0009423189030769108,""candidate.activateSuperWeapon"":0.00002395726024771807,""candidate.orderUnits"":0.07413973471327152,""candidate.pauseProduction"":0.0003034586298044289,""candidate.placeBuilding"":0.0004951167117861735,""candidate.queueForProduction"":0.006596232321538375,""candidate.resumeProduction"":0.00027950136955671084,""candidate.setUnitDebugText"":0.007666323279269783,""candidate.toggleRepairWrench"":0.00034338739688395903,""candidate.unqueueFromProduction"":0.0007426750676792602}","{""counters"":{""debugCoalesced"":0,""debugDropped"":1639,""debugForwarded"":960,""debugProposals"":2599,""deferredUnitIds"":185663,""duplicateSuppressions"":674,""expiredPending"":31,""forwardedOrderCalls"":9284,""forwardedUnitIds"":24243,""gameplayNonorderCalls"":1100,""invalidTargets"":301,""invalidTiles"":0,""invalidUnitIds"":50,""pendingUnitIds"":185663,""productionBatches"":967,""proposedCalls"":13384,""proposedUnitIds"":39508,""revokedPending"":10713,""sameUnitConflicts"":3488,""supersededPending"":3438},""countersPerObservedUpdate"":{""debugCoalesced"":0,""debugDropped"":0.013088649848669972,""debugForwarded"":0.007666323279269783,""debugProposals"":0.020754973127939755,""deferredUnitIds"":1.4826589364573601,""duplicateSuppressions"":0.00538239780232066,""expiredPending"":0.00024755835589308675,""forwardedOrderCalls"":0.07413973471327152,""forwardedUnitIds"":0.19359862006180972,""gameplayNonorderCalls"":0.008784328757496625,""invalidTargets"":0.0024037117781877133,""invalidTiles"":0,""invalidUnitIds"":0.0003992876707953012,""pendingUnitIds"":1.4826589364573601,""productionBatches"":0.0077222235531811245,""proposedCalls"":0.10688132371848622,""proposedUnitIds"":0.3155011459556152,""revokedPending"":0.08555137634460123,""sameUnitConflicts"":0.027854307914680212,""supersededPending"":0.02745502024388491},""referenceExceededUpdates"":0,""budgetDenialUpdates"":28844,""budgetDeniedUnitIdOccurrences"":185663,""budgetDeniedDebugCalls"":1639,""maxRollingCommandCalls"":115,""maxPendingUnitIds"":40}"
"maps","pacific-heights","separated_lanes_unbounded_d1","8","114705","{""baseline.orderUnits"":4402,""baseline.placeBuilding"":45,""baseline.queueForProduction"":543,""baseline.quitGame"":5,""baseline.setUnitDebugText"":1234,""baseline.toggleRepairWrench"":37,""baseline.unqueueFromProduction"":152,""candidate.orderUnits"":12351,""candidate.pauseProduction"":90,""candidate.placeBuilding"":43,""candidate.queueForProduction"":805,""candidate.resumeProduction"":84,""candidate.setUnitDebugText"":2027,""candidate.toggleRepairWrench"":37,""candidate.unqueueFromProduction"":96}","{""baseline.orderUnits"":0.038376705461836885,""baseline.placeBuilding"":0.00039231071008238524,""baseline.queueForProduction"":0.0047338825683274485,""baseline.quitGame"":0.000043590078898042804,""baseline.setUnitDebugText"":0.010758031472036965,""baseline.toggleRepairWrench"":0.00032256658384551673,""baseline.unqueueFromProduction"":0.0013251383985005013,""candidate.orderUnits"":0.10767621289394534,""candidate.pauseProduction"":0.0007846214201647705,""candidate.placeBuilding"":0.00037487467852316813,""candidate.queueForProduction"":0.007018002702584892,""candidate.resumeProduction"":0.0007323133254871191,""candidate.setUnitDebugText"":0.017671417985266554,""candidate.toggleRepairWrench"":0.00032256658384551673,""candidate.unqueueFromProduction"":0.0008369295148424219}","{""counters"":{""debugCoalesced"":0,""debugDropped"":0,""debugForwarded"":2027,""debugProposals"":2027,""deferredUnitIds"":0,""duplicateSuppressions"":58,""expiredPending"":0,""forwardedOrderCalls"":12351,""forwardedUnitIds"":22616,""gameplayNonorderCalls"":1155,""invalidTargets"":0,""invalidTiles"":0,""invalidUnitIds"":0,""pendingUnitIds"":0,""productionBatches"":969,""proposedCalls"":12658,""proposedUnitIds"":22674,""revokedPending"":0,""sameUnitConflicts"":0,""supersededPending"":0},""countersPerObservedUpdate"":{""debugCoalesced"":0,""debugDropped"":0,""debugForwarded"":0.017671417985266554,""debugProposals"":0.017671417985266554,""deferredUnitIds"":0,""duplicateSuppressions"":0.0005056449152172966,""expiredPending"":0,""forwardedOrderCalls"":0.10767621289394534,""forwardedUnitIds"":0.19716664487162722,""gameplayNonorderCalls"":0.010069308225447889,""invalidTargets"":0,""invalidTiles"":0,""invalidUnitIds"":0,""pendingUnitIds"":0,""productionBatches"":0.008447757290440696,""proposedCalls"":0.11035264373828517,""proposedUnitIds"":0.1976722897868445,""revokedPending"":0,""sameUnitConflicts"":0,""supersededPending"":0},""referenceExceededUpdates"":54322,""budgetDenialUpdates"":0,""budgetDeniedUnitIdOccurrences"":0,""budgetDeniedDebugCalls"":0,""maxRollingCommandCalls"":272,""maxPendingUnitIds"":0}"
"maps","peak","disabled","8","150357","{""baseline.orderUnits"":6850,""baseline.placeBuilding"":58,""baseline.queueForProduction"":637,""baseline.quitGame"":99,""baseline.setUnitDebugText"":1109,""baseline.toggleRepairWrench"":84,""baseline.unqueueFromProduction"":188,""candidate.activateSuperWeapon"":13,""candidate.orderUnits"":29293,""candidate.pauseProduction"":119,""candidate.placeBuilding"":92,""candidate.queueForProduction"":745,""candidate.resumeProduction"":109,""candidate.setUnitDebugText"":3556,""candidate.toggleRepairWrench"":53,""candidate.unqueueFromProduction"":160}","{""baseline.orderUnits"":0.04555823806008367,""baseline.placeBuilding"":0.00038574858503428506,""baseline.queueForProduction"":0.0042365835977041305,""baseline.quitGame"":0.0006584329296274866,""baseline.setUnitDebugText"":0.007375778979362451,""baseline.toggleRepairWrench"":0.0005586703645324129,""baseline.unqueueFromProduction"":0.001250357482524924,""candidate.activateSuperWeapon"":0.00008646088974906389,""candidate.orderUnits"":0.19482298795533298,""candidate.pauseProduction"":0.0007914496830875849,""candidate.placeBuilding"":0.0006118770659164521,""candidate.queueForProduction"":0.004954874066388662,""candidate.resumeProduction"":0.0007249413063575357,""candidate.setUnitDebugText"":0.02365037876520548,""candidate.toggleRepairWrench"":0.0003524943966692605,""candidate.unqueueFromProduction"":0.0010641340276807865}",""
"maps","peak","separated_lanes_v2","8","130273","{""baseline.orderUnits"":6015,""baseline.placeBuilding"":48,""baseline.queueForProduction"":582,""baseline.quitGame"":122,""baseline.setUnitDebugText"":1056,""baseline.toggleRepairWrench"":77,""baseline.unqueueFromProduction"":155,""candidate.activateSuperWeapon"":11,""candidate.orderUnits"":7907,""candidate.pauseProduction"":96,""candidate.placeBuilding"":76,""candidate.queueForProduction"":645,""candidate.resumeProduction"":87,""candidate.setUnitDebugText"":1156,""candidate.toggleRepairWrench"":36,""candidate.unqueueFromProduction"":113}","{""baseline.orderUnits"":0.04617226900432169,""baseline.placeBuilding"":0.00036845700951079654,""baseline.queueForProduction"":0.004467541240318409,""baseline.quitGame"":0.0009364948991732746,""baseline.setUnitDebugText"":0.008106054209237525,""baseline.toggleRepairWrench"":0.0005910664527569028,""baseline.unqueueFromProduction"":0.0011898090932119473,""candidate.activateSuperWeapon"":0.00008443806467955755,""candidate.orderUnits"":0.06069561612920559,""candidate.pauseProduction"":0.0007369140190215931,""candidate.placeBuilding"":0.0005833902650587612,""candidate.queueForProduction"":0.004951141065301329,""candidate.resumeProduction"":0.0006678283297383188,""candidate.setUnitDebugText"":0.008873672979051684,""candidate.toggleRepairWrench"":0.00027634275713309743,""candidate.unqueueFromProduction"":0.0008674092098900002}","{""counters"":{""debugCoalesced"":0,""debugDropped"":1650,""debugForwarded"":1156,""debugProposals"":2806,""deferredUnitIds"":339339,""duplicateSuppressions"":8258,""expiredPending"":44,""forwardedOrderCalls"":7907,""forwardedUnitIds"":46844,""gameplayNonorderCalls"":1064,""invalidTargets"":1270,""invalidTiles"":0,""invalidUnitIds"":109,""pendingUnitIds"":339339,""productionBatches"":890,""proposedCalls"":22235,""proposedUnitIds"":128987,""revokedPending"":1536,""sameUnitConflicts"":70851,""supersededPending"":67854},""countersPerObservedUpdate"":{""debugCoalesced"":0,""debugDropped"":0.012665709701933632,""debugForwarded"":0.008873672979051684,""debugProposals"":0.021539382680985316,""deferredUnitIds"":2.604829857299671,""duplicateSuppressions"":0.06338995801125329,""expiredPending"":0.0003377522587182302,""forwardedOrderCalls"":0.06069561612920559,""forwardedUnitIds"":0.3595833365317449,""gameplayNonorderCalls"":0.008167463710822657,""invalidTargets"":0.009748758376639825,""invalidTiles"":0,""invalidUnitIds"":0.0008367044590974339,""pendingUnitIds"":2.604829857299671,""productionBatches"":0.006831807051346019,""proposedCalls"":0.17068003346817837,""proposedUnitIds"":0.99012842262019,""revokedPending"":0.01179062430434549,""sameUnitConflicts"":0.5438655746010301,""supersededPending"":0.5208600400696998},""referenceExceededUpdates"":0,""budgetDenialUpdates"":29583,""budgetDeniedUnitIdOccurrences"":339339,""budgetDeniedDebugCalls"":1650,""maxRollingCommandCalls"":115,""maxPendingUnitIds"":56}"
"maps","peak","separated_lanes_unbounded_d1","8","148684","{""baseline.orderUnits"":6780,""baseline.placeBuilding"":57,""baseline.queueForProduction"":612,""baseline.quitGame"":99,""baseline.setUnitDebugText"":1100,""baseline.toggleRepairWrench"":101,""baseline.unqueueFromProduction"":175,""candidate.activateSuperWeapon"":11,""candidate.orderUnits"":21227,""candidate.pauseProduction"":122,""candidate.placeBuilding"":90,""candidate.queueForProduction"":679,""candidate.quitGame"":25,""candidate.resumeProduction"":111,""candidate.setUnitDebugText"":2987,""candidate.toggleRepairWrench"":86,""candidate.unqueueFromProduction"":160}","{""baseline.orderUnits"":0.0456000645664631,""baseline.placeBuilding"":0.00038336337467380485,""baseline.queueForProduction"":0.004116112022813484,""baseline.quitGame"":0.00066584165074924,""baseline.setUnitDebugText"":0.0073982405638804444,""baseline.toggleRepairWrench"":0.0006792929972290226,""baseline.unqueueFromProduction"":0.0011769928169809798,""candidate.activateSuperWeapon"":0.00007398240563880444,""candidate.orderUnits"":0.1427658658631729,""candidate.pauseProduction"":0.0008205321352667402,""candidate.placeBuilding"":0.0006053105915902182,""candidate.queueForProduction"":0.004566732129886201,""candidate.quitGame"":0.00016814183099728283,""candidate.resumeProduction"":0.0007465497296279358,""candidate.setUnitDebugText"":0.020089585967555352,""candidate.toggleRepairWrench"":0.0005784078986306529,""candidate.unqueueFromProduction"":0.00107610771838261}","{""counters"":{""debugCoalesced"":0,""debugDropped"":0,""debugForwarded"":2987,""debugProposals"":2987,""deferredUnitIds"":0,""duplicateSuppressions"":3068,""expiredPending"":0,""forwardedOrderCalls"":21227,""forwardedUnitIds"":110800,""gameplayNonorderCalls"":1284,""invalidTargets"":0,""invalidTiles"":0,""invalidUnitIds"":0,""pendingUnitIds"":0,""productionBatches"":1010,""proposedCalls"":21909,""proposedUnitIds"":114603,""revokedPending"":0,""sameUnitConflicts"":735,""supersededPending"":0},""countersPerObservedUpdate"":{""debugCoalesced"":0,""debugDropped"":0,""debugForwarded"":0.020089585967555352,""debugProposals"":0.020089585967555352,""deferredUnitIds"":0,""duplicateSuppressions"":0.020634365499986547,""expiredPending"":0,""forwardedOrderCalls"":0.1427658658631729,""forwardedUnitIds"":0.7452045949799575,""gameplayNonorderCalls"":0.008635764440020446,""invalidTargets"":0,""invalidTiles"":0,""invalidUnitIds"":0,""pendingUnitIds"":0,""productionBatches"":0.006792929972290226,""proposedCalls"":0.14735277501277877,""proposedUnitIds"":0.7707823303112642,""revokedPending"":0,""sameUnitConflicts"":0.004943369831320115,""supersededPending"":0},""referenceExceededUpdates"":62897,""budgetDenialUpdates"":0,""budgetDeniedUnitIdOccurrences"":0,""budgetDeniedDebugCalls"":0,""maxRollingCommandCalls"":1031,""maxPendingUnitIds"":0}"
"maps","south-pacific","disabled","8","157897","{""baseline.orderUnits"":6438,""baseline.placeBuilding"":81,""baseline.queueForProduction"":702,""baseline.quitGame"":1,""baseline.setUnitDebugText"":720,""baseline.toggleRepairWrench"":259,""baseline.unqueueFromProduction"":198,""candidate.orderUnits"":14332,""candidate.pauseProduction"":39,""candidate.placeBuilding"":110,""candidate.queueForProduction"":699,""candidate.quitGame"":1,""candidate.resumeProduction"":29,""candidate.setUnitDebugText"":1646,""candidate.toggleRepairWrench"":155,""candidate.unqueueFromProduction"":139}","{""baseline.orderUnits"":0.04077341558104334,""baseline.placeBuilding"":0.0005129926471053915,""baseline.queueForProduction"":0.0044459362749133926,""baseline.quitGame"":0.000006333242556856685,""baseline.setUnitDebugText"":0.004559934640936813,""baseline.toggleRepairWrench"":0.0016403098222258815,""baseline.unqueueFromProduction"":0.0012539820262576237,""candidate.orderUnits"":0.09076803232487,""candidate.pauseProduction"":0.0002469964597174107,""candidate.placeBuilding"":0.0006966566812542353,""candidate.queueForProduction"":0.0044269365472428225,""candidate.quitGame"":0.000006333242556856685,""candidate.resumeProduction"":0.00018366403414884388,""candidate.setUnitDebugText"":0.010424517248586104,""candidate.toggleRepairWrench"":0.0009816525963127862,""candidate.unqueueFromProduction"":0.0008803207154030792}",""
"maps","south-pacific","separated_lanes_v2","8","158110","{""baseline.orderUnits"":6528,""baseline.placeBuilding"":77,""baseline.queueForProduction"":687,""baseline.setUnitDebugText"":734,""baseline.toggleRepairWrench"":269,""baseline.unqueueFromProduction"":192,""candidate.orderUnits"":10461,""candidate.pauseProduction"":55,""candidate.placeBuilding"":110,""candidate.queueForProduction"":710,""candidate.quitGame"":1,""candidate.resumeProduction"":42,""candidate.setUnitDebugText"":901,""candidate.toggleRepairWrench"":155,""candidate.unqueueFromProduction"":135}","{""baseline.orderUnits"":0.04128771108721776,""baseline.placeBuilding"":0.0004870027196255771,""baseline.queueForProduction"":0.004345076212763266,""baseline.setUnitDebugText"":0.004642337613054203,""baseline.toggleRepairWrench"":0.0017013471633672758,""baseline.unqueueFromProduction"":0.0012143444437416988,""candidate.orderUnits"":0.06616279805198912,""candidate.pauseProduction"":0.0003478590854468408,""candidate.placeBuilding"":0.0006957181708936816,""candidate.queueForProduction"":0.004490544557586491,""candidate.quitGame"":0.0000063247106444880145,""candidate.resumeProduction"":0.0002656378470684966,""candidate.setUnitDebugText"":0.005698564290683702,""candidate.toggleRepairWrench"":0.0009803301498956423,""candidate.unqueueFromProduction"":0.000853835937005882}","{""counters"":{""debugCoalesced"":0,""debugDropped"":366,""debugForwarded"":901,""debugProposals"":1267,""deferredUnitIds"":77556,""duplicateSuppressions"":111,""expiredPending"":3,""forwardedOrderCalls"":10461,""forwardedUnitIds"":22952,""gameplayNonorderCalls"":1208,""invalidTargets"":22,""invalidTiles"":0,""invalidUnitIds"":3,""pendingUnitIds"":77556,""productionBatches"":876,""proposedCalls"":17062,""proposedUnitIds"":68008,""revokedPending"":40393,""sameUnitConflicts"":4510,""supersededPending"":2419},""countersPerObservedUpdate"":{""debugCoalesced"":0,""debugDropped"":0.0023148440958826134,""debugForwarded"":0.005698564290683702,""debugProposals"":0.008013408386566315,""deferredUnitIds"":0.49051925874391245,""duplicateSuppressions"":0.0007020428815381697,""expiredPending"":0.000018974131933464043,""forwardedOrderCalls"":0.06616279805198912,""forwardedUnitIds"":0.1451647587122889,""gameplayNonorderCalls"":0.007640250458541522,""invalidTargets"":0.00013914363417873632,""invalidTiles"":0,""invalidUnitIds"":0.000018974131933464043,""pendingUnitIds"":0.49051925874391245,""productionBatches"":0.005540446524571501,""proposedCalls"":0.1079122130162545,""proposedUnitIds"":0.4301309215103409,""revokedPending"":0.25547403706280436,""sameUnitConflicts"":0.028524445006640947,""supersededPending"":0.015299475049016508},""referenceExceededUpdates"":0,""budgetDenialUpdates"":8485,""budgetDeniedUnitIdOccurrences"":77556,""budgetDeniedDebugCalls"":366,""maxRollingCommandCalls"":115,""maxPendingUnitIds"":54}"
"maps","south-pacific","separated_lanes_unbounded_d1","8","158110","{""baseline.orderUnits"":6524,""baseline.placeBuilding"":81,""baseline.queueForProduction"":690,""baseline.setUnitDebugText"":710,""baseline.toggleRepairWrench"":332,""baseline.unqueueFromProduction"":192,""candidate.orderUnits"":13272,""candidate.pauseProduction"":40,""candidate.placeBuilding"":109,""candidate.queueForProduction"":695,""candidate.quitGame"":1,""candidate.resumeProduction"":27,""candidate.setUnitDebugText"":1286,""candidate.toggleRepairWrench"":155,""candidate.unqueueFromProduction"":132}","{""baseline.orderUnits"":0.04126241224463981,""baseline.placeBuilding"":0.0005123015622035292,""baseline.queueForProduction"":0.00436405034469673,""baseline.setUnitDebugText"":0.004490544557586491,""baseline.toggleRepairWrench"":0.002099803933970021,""baseline.unqueueFromProduction"":0.0012143444437416988,""candidate.orderUnits"":0.08394155967364493,""candidate.pauseProduction"":0.0002529884257795206,""candidate.placeBuilding"":0.0006893934602491936,""candidate.queueForProduction"":0.0043956738979191706,""candidate.quitGame"":0.0000063247106444880145,""candidate.resumeProduction"":0.0001707671874011764,""candidate.setUnitDebugText"":0.008133577888811586,""candidate.toggleRepairWrench"":0.0009803301498956423,""candidate.unqueueFromProduction"":0.0008348618050724179}","{""counters"":{""debugCoalesced"":0,""debugDropped"":0,""debugForwarded"":1286,""debugProposals"":1286,""deferredUnitIds"":0,""duplicateSuppressions"":8,""expiredPending"":0,""forwardedOrderCalls"":13272,""forwardedUnitIds"":46477,""gameplayNonorderCalls"":1159,""invalidTargets"":0,""invalidTiles"":0,""invalidUnitIds"":0,""pendingUnitIds"":0,""productionBatches"":842,""proposedCalls"":13760,""proposedUnitIds"":46499,""revokedPending"":0,""sameUnitConflicts"":14,""supersededPending"":0},""countersPerObservedUpdate"":{""debugCoalesced"":0,""debugDropped"":0,""debugForwarded"":0.008133577888811586,""debugProposals"":0.008133577888811586,""deferredUnitIds"":0,""duplicateSuppressions"":0.000050597685155904116,""expiredPending"":0,""forwardedOrderCalls"":0.08394155967364493,""forwardedUnitIds"":0.29395357662386945,""gameplayNonorderCalls"":0.007330339636961609,""invalidTargets"":0,""invalidTiles"":0,""invalidUnitIds"":0,""pendingUnitIds"":0,""productionBatches"":0.0053254063626589085,""proposedCalls"":0.08702801846815508,""proposedUnitIds"":0.29409272025804817,""revokedPending"":0,""sameUnitConflicts"":0.0000885459490228322,""supersededPending"":0},""referenceExceededUpdates"":22228,""budgetDenialUpdates"":0,""budgetDeniedUnitIdOccurrences"":0,""budgetDeniedDebugCalls"":0,""maxRollingCommandCalls"":646,""maxPendingUnitIds"":0}"
"maps","south-pacific-2","disabled","8","170705","{""baseline.orderUnits"":5819,""baseline.placeBuilding"":60,""baseline.queueForProduction"":734,""baseline.quitGame"":123,""baseline.setUnitDebugText"":670,""baseline.toggleRepairWrench"":79,""baseline.unqueueFromProduction"":224,""candidate.orderUnits"":16168,""candidate.pauseProduction"":106,""candidate.placeBuilding"":106,""candidate.queueForProduction"":562,""candidate.quitGame"":10,""candidate.resumeProduction"":93,""candidate.setUnitDebugText"":849,""candidate.toggleRepairWrench"":59,""candidate.unqueueFromProduction"":114}","{""baseline.orderUnits"":0.03408804663015143,""baseline.placeBuilding"":0.0003514835534987259,""baseline.queueForProduction"":0.004299815471134413,""baseline.quitGame"":0.0007205412846723881,""baseline.setUnitDebugText"":0.003924899680735772,""baseline.toggleRepairWrench"":0.0004627866787733224,""baseline.unqueueFromProduction"":0.0013122052663952432,""candidate.orderUnits"":0.09471310154945667,""candidate.pauseProduction"":0.000620954277847749,""candidate.placeBuilding"":0.000620954277847749,""candidate.queueForProduction"":0.003292229284438066,""candidate.quitGame"":0.00005858059224978764,""candidate.resumeProduction"":0.0005447995079230251,""candidate.setUnitDebugText"":0.004973492282006971,""candidate.toggleRepairWrench"":0.0003456254942737471,""candidate.unqueueFromProduction"":0.0006678187516475792}",""
"maps","south-pacific-2","separated_lanes_v2","8","186235","{""baseline.orderUnits"":6470,""baseline.placeBuilding"":62,""baseline.queueForProduction"":843,""baseline.quitGame"":65,""baseline.setUnitDebugText"":748,""baseline.toggleRepairWrench"":48,""baseline.unqueueFromProduction"":308,""candidate.orderUnits"":12685,""candidate.pauseProduction"":111,""candidate.placeBuilding"":112,""candidate.queueForProduction"":574,""candidate.resumeProduction"":96,""candidate.setUnitDebugText"":503,""candidate.toggleRepairWrench"":45,""candidate.unqueueFromProduction"":105}","{""baseline.orderUnits"":0.03474105297070905,""baseline.placeBuilding"":0.0003329127178027761,""baseline.queueForProduction"":0.004526539050124842,""baseline.quitGame"":0.00034902139769645875,""baseline.setUnitDebugText"":0.004016430853491557,""baseline.toggleRepairWrench"":0.0002577388782989234,""baseline.unqueueFromProduction"":0.0016538244690847586,""candidate.orderUnits"":0.06811286815045507,""candidate.pauseProduction"":0.0005960211560662604,""candidate.placeBuilding"":0.0006013907160308213,""candidate.queueForProduction"":0.003082127419657959,""candidate.resumeProduction"":0.0005154777565978468,""candidate.setUnitDebugText"":0.0027008886621741348,""candidate.toggleRepairWrench"":0.0002416301984052407,""candidate.unqueueFromProduction"":0.0005638037962788949}","{""counters"":{""debugCoalesced"":0,""debugDropped"":217,""debugForwarded"":503,""debugProposals"":720,""deferredUnitIds"":51094,""duplicateSuppressions"":575,""expiredPending"":0,""forwardedOrderCalls"":12685,""forwardedUnitIds"":25673,""gameplayNonorderCalls"":1043,""invalidTargets"":2468,""invalidTiles"":0,""invalidUnitIds"":59,""pendingUnitIds"":51094,""productionBatches"":777,""proposedCalls"":17106,""proposedUnitIds"":41724,""revokedPending"":9384,""sameUnitConflicts"":3542,""supersededPending"":2218},""countersPerObservedUpdate"":{""debugCoalesced"":0,""debugDropped"":0.0011651945123097162,""debugForwarded"":0.0027008886621741348,""debugProposals"":0.003866083174483851,""deferredUnitIds"":0.27435229682927487,""duplicateSuppressions"":0.0030874969796225197,""expiredPending"":0,""forwardedOrderCalls"":0.06811286815045507,""forwardedUnitIds"":0.1378527129701721,""gameplayNonorderCalls"":0.005600451043037023,""invalidTargets"":0.013252073992536311,""invalidTiles"":0,""invalidUnitIds"":0.00031680403790909336,""pendingUnitIds"":0.27435229682927487,""productionBatches"":0.004172148092463823,""proposedCalls"":0.09185169275377883,""proposedUnitIds"":0.22403951996133917,""revokedPending"":0.050387950707439524,""sameUnitConflicts"":0.019018981394474724,""supersededPending"":0.011909684001396085},""referenceExceededUpdates"":0,""budgetDenialUpdates"":15770,""budgetDeniedUnitIdOccurrences"":51094,""budgetDeniedDebugCalls"":217,""maxRollingCommandCalls"":115,""maxPendingUnitIds"":26}"
"maps","south-pacific-2","separated_lanes_unbounded_d1","8","175136","{""baseline.orderUnits"":6013,""baseline.placeBuilding"":60,""baseline.queueForProduction"":742,""baseline.quitGame"":301,""baseline.setUnitDebugText"":683,""baseline.toggleRepairWrench"":183,""baseline.unqueueFromProduction"":226,""candidate.orderUnits"":16559,""candidate.pauseProduction"":111,""candidate.placeBuilding"":107,""candidate.queueForProduction"":583,""candidate.quitGame"":10,""candidate.resumeProduction"":98,""candidate.setUnitDebugText"":696,""candidate.toggleRepairWrench"":59,""candidate.unqueueFromProduction"":121}","{""baseline.orderUnits"":0.034333318107071076,""baseline.placeBuilding"":0.00034259090078567515,""baseline.queueForProduction"":0.0042367074730495155,""baseline.quitGame"":0.0017186643522748037,""baseline.setUnitDebugText"":0.0038998264206102687,""baseline.toggleRepairWrench"":0.001044902247396309,""baseline.unqueueFromProduction"":0.0012904257262927096,""candidate.orderUnits"":0.0945493787684999,""candidate.pauseProduction"":0.000633793166453499,""candidate.placeBuilding"":0.0006109537730677873,""candidate.queueForProduction"":0.0033288415859674767,""candidate.quitGame"":0.00005709848346427919,""candidate.resumeProduction"":0.000559565137949936,""candidate.setUnitDebugText"":0.0039740544491138315,""candidate.toggleRepairWrench"":0.0003368810524392472,""candidate.unqueueFromProduction"":0.0006908916499177781}","{""counters"":{""debugCoalesced"":0,""debugDropped"":0,""debugForwarded"":696,""debugProposals"":696,""deferredUnitIds"":0,""duplicateSuppressions"":4,""expiredPending"":0,""forwardedOrderCalls"":16559,""forwardedUnitIds"":50422,""gameplayNonorderCalls"":1089,""invalidTargets"":4844,""invalidTiles"":0,""invalidUnitIds"":0,""pendingUnitIds"":0,""productionBatches"":793,""proposedCalls"":17294,""proposedUnitIds"":55963,""revokedPending"":0,""sameUnitConflicts"":693,""supersededPending"":0},""countersPerObservedUpdate"":{""debugCoalesced"":0,""debugDropped"":0,""debugForwarded"":0.0039740544491138315,""debugProposals"":0.0039740544491138315,""deferredUnitIds"":0,""duplicateSuppressions"":0.000022839393385711677,""expiredPending"":0,""forwardedOrderCalls"":0.0945493787684999,""forwardedUnitIds"":0.2879019733235885,""gameplayNonorderCalls"":0.006218024849260003,""invalidTargets"":0.02765850539009684,""invalidTiles"":0,""invalidUnitIds"":0,""pendingUnitIds"":0,""productionBatches"":0.00452790973871734,""proposedCalls"":0.09874611730312442,""proposedUnitIds"":0.31954024301114564,""revokedPending"":0,""sameUnitConflicts"":0.0039569249040745475,""supersededPending"":0},""referenceExceededUpdates"":45658,""budgetDenialUpdates"":0,""budgetDeniedUnitIdOccurrences"":0,""budgetDeniedDebugCalls"":0,""maxRollingCommandCalls"":611,""maxPendingUnitIds"":0}"
"maps","tour-of-egypt","disabled","8","77518","{""baseline.orderUnits"":3235,""baseline.placeBuilding"":40,""baseline.queueForProduction"":382,""baseline.setUnitDebugText"":547,""baseline.toggleRepairWrench"":25,""baseline.unqueueFromProduction"":71,""candidate.orderUnits"":2940,""candidate.pauseProduction"":99,""candidate.placeBuilding"":45,""candidate.queueForProduction"":376,""candidate.quitGame"":253,""candidate.resumeProduction"":83,""candidate.setUnitDebugText"":659,""candidate.toggleRepairWrench"":68,""candidate.unqueueFromProduction"":69}","{""baseline.orderUnits"":0.04173224283392244,""baseline.placeBuilding"":0.0005160091849634923,""baseline.queueForProduction"":0.004927887716401352,""baseline.setUnitDebugText"":0.007056425604375758,""baseline.toggleRepairWrench"":0.0003225057406021827,""baseline.unqueueFromProduction"":0.0009159163033101989,""candidate.orderUnits"":0.03792667509481669,""candidate.pauseProduction"":0.0012771227327846436,""candidate.placeBuilding"":0.0005805103330839289,""candidate.queueForProduction"":0.0048504863386568285,""candidate.quitGame"":0.003263758094894089,""candidate.resumeProduction"":0.0010707190587992466,""candidate.setUnitDebugText"":0.008501251322273537,""candidate.toggleRepairWrench"":0.000877215614437937,""candidate.unqueueFromProduction"":0.0008901158440620243}",""
"maps","tour-of-egypt","separated_lanes_v2","8","60030","{""baseline.orderUnits"":2744,""baseline.placeBuilding"":40,""baseline.queueForProduction"":387,""baseline.setUnitDebugText"":415,""baseline.toggleRepairWrench"":30,""baseline.unqueueFromProduction"":77,""candidate.orderUnits"":2837,""candidate.pauseProduction"":68,""candidate.placeBuilding"":45,""candidate.queueForProduction"":389,""candidate.quitGame"":43,""candidate.resumeProduction"":55,""candidate.setUnitDebugText"":656,""candidate.toggleRepairWrench"":63,""candidate.unqueueFromProduction"":62}","{""baseline.orderUnits"":0.04571047809428619,""baseline.placeBuilding"":0.0006663334999167084,""baseline.queueForProduction"":0.006446776611694153,""baseline.setUnitDebugText"":0.006913210061635849,""baseline.toggleRepairWrench"":0.0004997501249375312,""baseline.unqueueFromProduction"":0.0012826919873396635,""candidate.orderUnits"":0.04725970348159254,""candidate.pauseProduction"":0.001132766949858404,""candidate.placeBuilding"":0.0007496251874062968,""candidate.queueForProduction"":0.006480093286689989,""candidate.quitGame"":0.0007163085124104614,""candidate.resumeProduction"":0.000916208562385474,""candidate.setUnitDebugText"":0.010927869398634016,""candidate.toggleRepairWrench"":0.0010494752623688155,""candidate.unqueueFromProduction"":0.001032816924870898}","{""counters"":{""debugCoalesced"":0,""debugDropped"":83,""debugForwarded"":656,""debugProposals"":739,""deferredUnitIds"":4926,""duplicateSuppressions"":54,""expiredPending"":0,""forwardedOrderCalls"":2837,""forwardedUnitIds"":5760,""gameplayNonorderCalls"":725,""invalidTargets"":0,""invalidTiles"":0,""invalidUnitIds"":2,""pendingUnitIds"":4926,""productionBatches"":523,""proposedCalls"":2998,""proposedUnitIds"":5879,""revokedPending"":0,""sameUnitConflicts"":63,""supersededPending"":63},""countersPerObservedUpdate"":{""debugCoalesced"":0,""debugDropped"":0.0013826420123271698,""debugForwarded"":0.010927869398634016,""debugProposals"":0.012310511410961187,""deferredUnitIds"":0.08205897051474263,""duplicateSuppressions"":0.0008995502248875562,""expiredPending"":0,""forwardedOrderCalls"":0.04725970348159254,""forwardedUnitIds"":0.095952023988006,""gameplayNonorderCalls"":0.012077294685990338,""invalidTargets"":0,""invalidTiles"":0,""invalidUnitIds"":0.000033316674995835414,""pendingUnitIds"":0.08205897051474263,""productionBatches"":0.008712310511410961,""proposedCalls"":0.049941695818757285,""proposedUnitIds"":0.0979343661502582,""revokedPending"":0,""sameUnitConflicts"":0.0010494752623688155,""supersededPending"":0.0010494752623688155},""referenceExceededUpdates"":0,""budgetDenialUpdates"":1554,""budgetDeniedUnitIdOccurrences"":4926,""budgetDeniedDebugCalls"":83,""maxRollingCommandCalls"":115,""maxPendingUnitIds"":11}"
"maps","tour-of-egypt","separated_lanes_unbounded_d1","8","76646","{""baseline.orderUnits"":3227,""baseline.placeBuilding"":40,""baseline.queueForProduction"":382,""baseline.setUnitDebugText"":552,""baseline.toggleRepairWrench"":26,""baseline.unqueueFromProduction"":71,""candidate.orderUnits"":2849,""candidate.pauseProduction"":96,""candidate.placeBuilding"":45,""candidate.queueForProduction"":373,""candidate.quitGame"":253,""candidate.resumeProduction"":80,""candidate.setUnitDebugText"":647,""candidate.toggleRepairWrench"":72,""candidate.unqueueFromProduction"":69}","{""baseline.orderUnits"":0.04210265375883934,""baseline.placeBuilding"":0.0005218798110795084,""baseline.queueForProduction"":0.004983952195809305,""baseline.setUnitDebugText"":0.0072019413928972155,""baseline.toggleRepairWrench"":0.00033922187720168044,""baseline.unqueueFromProduction"":0.0009263366646661274,""candidate.orderUnits"":0.03717088954413798,""candidate.pauseProduction"":0.0012525115465908201,""candidate.placeBuilding"":0.000587114787464447,""candidate.queueForProduction"":0.004866529238316416,""candidate.quitGame"":0.0033008898050778906,""candidate.resumeProduction"":0.0010437596221590168,""candidate.setUnitDebugText"":0.008441405944211049,""candidate.toggleRepairWrench"":0.0009393836599431151,""candidate.unqueueFromProduction"":0.0009002426741121519}","{""counters"":{""debugCoalesced"":0,""debugDropped"":0,""debugForwarded"":647,""debugProposals"":647,""deferredUnitIds"":0,""duplicateSuppressions"":2,""expiredPending"":0,""forwardedOrderCalls"":2849,""forwardedUnitIds"":5823,""gameplayNonorderCalls"":988,""invalidTargets"":0,""invalidTiles"":0,""invalidUnitIds"":0,""pendingUnitIds"":0,""productionBatches"":532,""proposedCalls"":2929,""proposedUnitIds"":5825,""revokedPending"":0,""sameUnitConflicts"":0,""supersededPending"":0},""countersPerObservedUpdate"":{""debugCoalesced"":0,""debugDropped"":0,""debugForwarded"":0.008441405944211049,""debugProposals"":0.008441405944211049,""deferredUnitIds"":0,""duplicateSuppressions"":0.000026093990553975418,""expiredPending"":0,""forwardedOrderCalls"":0.03717088954413798,""forwardedUnitIds"":0.07597265349789943,""gameplayNonorderCalls"":0.012890431333663858,""invalidTargets"":0,""invalidTiles"":0,""invalidUnitIds"":0,""pendingUnitIds"":0,""productionBatches"":0.006941001487357461,""proposedCalls"":0.038214649166297,""proposedUnitIds"":0.07599874748845341,""revokedPending"":0,""sameUnitConflicts"":0,""supersededPending"":0},""referenceExceededUpdates"":7056,""budgetDenialUpdates"":0,""budgetDeniedUnitIdOccurrences"":0,""budgetDeniedDebugCalls"":0,""maxRollingCommandCalls"":149,""maxPendingUnitIds"":0}"
"countries","Africans","disabled","100","1913860","{""baseline.orderUnits"":45273,""baseline.pauseProduction"":277,""baseline.placeBuilding"":1016,""baseline.queueForProduction"":7391,""baseline.quitGame"":2240,""baseline.resumeProduction"":251,""baseline.sayAll"":18,""baseline.sellObject"":139,""baseline.setUnitDebugText"":18491,""baseline.toggleRepairWrench"":849,""baseline.unqueueFromProduction"":1811,""candidate.orderUnits"":165769,""candidate.pauseProduction"":2155,""candidate.placeBuilding"":921,""candidate.queueForProduction"":9650,""candidate.quitGame"":191,""candidate.resumeProduction"":1996,""candidate.sellObject"":20,""candidate.setUnitDebugText"":28576,""candidate.toggleRepairWrench"":633,""candidate.unqueueFromProduction"":1672}","{""baseline.orderUnits"":0.023655335290982623,""baseline.pauseProduction"":0.00014473367957948857,""baseline.placeBuilding"":0.0005308643265442614,""baseline.queueForProduction"":0.0038618289739061375,""baseline.quitGame"":0.0011704095388377414,""baseline.resumeProduction"":0.00013114856886083622,""baseline.sayAll"":0.000009405076651374708,""baseline.sellObject"":0.00007262809191894913,""baseline.setUnitDebugText"":0.009661626242253874,""baseline.toggleRepairWrench"":0.0004436061153898404,""baseline.unqueueFromProduction"":0.0009462552119799776,""candidate.orderUnits"":0.08661500841231856,""candidate.pauseProduction"":0.0011259966768729164,""candidate.placeBuilding"":0.00048122642199533924,""candidate.queueForProduction"":0.005042166093653664,""candidate.quitGame"":0.00009979831335625385,""candidate.resumeProduction"":0.0010429184997857732,""candidate.sellObject"":0.00001045008516819412,""candidate.setUnitDebugText"":0.014931081688315759,""candidate.toggleRepairWrench"":0.00033074519557334394,""candidate.unqueueFromProduction"":0.0008736271200610285}",""
"countries","Africans","separated_lanes_v2","100","1976528","{""baseline.orderUnits"":48733,""baseline.pauseProduction"":322,""baseline.placeBuilding"":1054,""baseline.queueForProduction"":7567,""baseline.quitGame"":1513,""baseline.resumeProduction"":296,""baseline.sayAll"":33,""baseline.sellObject"":161,""baseline.setUnitDebugText"":19744,""baseline.toggleRepairWrench"":771,""baseline.unqueueFromProduction"":1823,""candidate.orderUnits"":122250,""candidate.pauseProduction"":1993,""candidate.placeBuilding"":922,""candidate.queueForProduction"":9650,""candidate.quitGame"":146,""candidate.resumeProduction"":1835,""candidate.sellObject"":28,""candidate.setUnitDebugText"":15953,""candidate.toggleRepairWrench"":662,""candidate.unqueueFromProduction"":1513}","{""baseline.orderUnits"":0.02465586118688933,""baseline.pauseProduction"":0.00016291193446285607,""baseline.placeBuilding"":0.0005332583196392867,""baseline.queueForProduction"":0.003828430459877118,""baseline.quitGame"":0.0007654837169015566,""baseline.resumeProduction"":0.00014975755466150746,""baseline.sayAll"":0.000016695943594019413,""baseline.sellObject"":0.00008145596723142803,""baseline.setUnitDebugText"":0.00998923364607028,""baseline.toggleRepairWrench"":0.00039007795487845356,""baseline.unqueueFromProduction"":0.0009223243991484057,""candidate.orderUnits"":0.06185088195057191,""candidate.pauseProduction"":0.001008333805541839,""candidate.placeBuilding"":0.000466474545263209,""candidate.queueForProduction"":0.00488229865703901,""candidate.quitGame"":0.00007386690196141922,""candidate.resumeProduction"":0.0009283956513644128,""candidate.sellObject"":0.000014166255170683138,""candidate.setUnitDebugText"":0.008071223883496717,""candidate.toggleRepairWrench"":0.00033493074724972276,""candidate.unqueueFromProduction"":0.0007654837169015566}","{""counters"":{""debugCoalesced"":0,""debugDropped"":13865,""debugForwarded"":15953,""debugProposals"":29818,""deferredUnitIds"":1563870,""duplicateSuppressions"":37182,""expiredPending"":135,""forwardedOrderCalls"":122250,""forwardedUnitIds"":422649,""gameplayNonorderCalls"":16749,""invalidTargets"":4965,""invalidTiles"":0,""invalidUnitIds"":580,""pendingUnitIds"":1563870,""productionBatches"":13404,""proposedCalls"":173876,""proposedUnitIds"":760904,""revokedPending"":50460,""sameUnitConflicts"":244837,""supersededPending"":232847},""countersPerObservedUpdate"":{""debugCoalesced"":0,""debugDropped"":0.007014825997911489,""debugForwarded"":0.008071223883496717,""debugProposals"":0.015086049881408208,""deferredUnitIds"":0.79122076692058,""duplicateSuppressions"":0.018811774991297874,""expiredPending"":0.00006830158743007941,""forwardedOrderCalls"":0.06185088195057191,""forwardedUnitIds"":0.21383405648693063,""gameplayNonorderCalls"":0.008473950280491853,""invalidTargets"":0.0025119806043729207,""invalidTiles"":0,""invalidUnitIds"":0.0002934438571070078,""pendingUnitIds"":0.79122076692058,""productionBatches"":0.006781588725279885,""proposedCalls"":0.08797042085920362,""proposedUnitIds"":0.3849700080140529,""revokedPending"":0.025529615568309683,""sameUnitConflicts"":0.12387226490087669,""supersededPending"":0.1178060720617163},""referenceExceededUpdates"":0,""budgetDenialUpdates"":193434,""budgetDeniedUnitIdOccurrences"":1563870,""budgetDeniedDebugCalls"":13865,""maxRollingCommandCalls"":115,""maxPendingUnitIds"":56}"
"countries","Africans","separated_lanes_unbounded_d1","100","1912187","{""baseline.orderUnits"":45175,""baseline.pauseProduction"":277,""baseline.placeBuilding"":1015,""baseline.queueForProduction"":7371,""baseline.quitGame"":2240,""baseline.resumeProduction"":251,""baseline.sayAll"":18,""baseline.sellObject"":139,""baseline.setUnitDebugText"":18476,""baseline.toggleRepairWrench"":845,""baseline.unqueueFromProduction"":1794,""candidate.orderUnits"":155226,""candidate.pauseProduction"":2157,""candidate.placeBuilding"":922,""candidate.queueForProduction"":9611,""candidate.quitGame"":216,""candidate.resumeProduction"":1998,""candidate.sellObject"":20,""candidate.setUnitDebugText"":28494,""candidate.toggleRepairWrench"":646,""candidate.unqueueFromProduction"":1678}","{""baseline.orderUnits"":0.023624781467502916,""baseline.pauseProduction"":0.00014486030916432337,""baseline.placeBuilding"":0.0005308058259992355,""baseline.queueForProduction"":0.0038547485157047925,""baseline.quitGame"":0.0011714335470327955,""baseline.resumeProduction"":0.00013126331263626413,""baseline.sayAll"":0.000009413305288656391,""baseline.sellObject"":0.00007269163528462436,""baseline.setUnitDebugText"":0.00966223491740086,""baseline.toggleRepairWrench"":0.00044190238716192506,""baseline.unqueueFromProduction"":0.0009381927604360871,""candidate.orderUnits"":0.08117720704094317,""candidate.pauseProduction"":0.001128027750423991,""candidate.placeBuilding"":0.0004821704153411774,""candidate.queueForProduction"":0.005026182062737588,""candidate.quitGame"":0.0001129596634638767,""candidate.resumeProduction"":0.0010448768870408595,""candidate.sellObject"":0.000010459228098507102,""candidate.setUnitDebugText"":0.014901262271943069,""candidate.toggleRepairWrench"":0.0003378330675817794,""candidate.unqueueFromProduction"":0.0008775292374647458}","{""counters"":{""debugCoalesced"":0,""debugDropped"":0,""debugForwarded"":28494,""debugProposals"":28494,""deferredUnitIds"":0,""duplicateSuppressions"":1042,""expiredPending"":0,""forwardedOrderCalls"":155226,""forwardedUnitIds"":739663,""gameplayNonorderCalls"":17248,""invalidTargets"":0,""invalidTiles"":0,""invalidUnitIds"":0,""pendingUnitIds"":0,""productionBatches"":13640,""proposedCalls"":164547,""proposedUnitIds"":748289,""revokedPending"":0,""sameUnitConflicts"":7584,""supersededPending"":0},""countersPerObservedUpdate"":{""debugCoalesced"":0,""debugDropped"":0,""debugForwarded"":0.014901262271943069,""debugProposals"":0.014901262271943069,""deferredUnitIds"":0,""duplicateSuppressions"":0.0005449257839322201,""expiredPending"":0,""forwardedOrderCalls"":0.08117720704094317,""forwardedUnitIds"":0.38681520165130295,""gameplayNonorderCalls"":0.009020038312152525,""invalidTargets"":0,""invalidTiles"":0,""invalidUnitIds"":0,""pendingUnitIds"":0,""productionBatches"":0.0071331935631818435,""proposedCalls"":0.0860517302962524,""proposedUnitIds"":0.39132626673018905,""revokedPending"":0,""sameUnitConflicts"":0.003966139294953893,""supersededPending"":0},""referenceExceededUpdates"":464757,""budgetDenialUpdates"":0,""budgetDeniedUnitIdOccurrences"":0,""budgetDeniedDebugCalls"":0,""maxRollingCommandCalls"":1296,""maxPendingUnitIds"":0}"
"countries","Americans","disabled","100","1589205","{""baseline.activateSuperWeapon"":81,""baseline.orderUnits"":51240,""baseline.pauseProduction"":366,""baseline.placeBuilding"":852,""baseline.queueForProduction"":5418,""baseline.quitGame"":4746,""baseline.resumeProduction"":333,""baseline.sayAll"":10,""baseline.sellObject"":27,""baseline.setUnitDebugText"":13276,""baseline.toggleRepairWrench"":931,""baseline.unqueueFromProduction"":1472,""candidate.activateSuperWeapon"":68,""candidate.orderUnits"":147490,""candidate.pauseProduction"":1312,""candidate.placeBuilding"":832,""candidate.queueForProduction"":6267,""candidate.quitGame"":350,""candidate.resumeProduction"":1158,""candidate.sellObject"":10,""candidate.setUnitDebugText"":18018,""candidate.toggleRepairWrench"":704,""candidate.unqueueFromProduction"":1658}","{""baseline.activateSuperWeapon"":0.00005096888066674847,""baseline.orderUnits"":0.032242536362520884,""baseline.pauseProduction"":0.00023030383116086345,""baseline.placeBuilding"":0.0005361171151613542,""baseline.queueForProduction"":0.0034092517957091755,""baseline.quitGame"":0.002986398859807262,""baseline.resumeProduction"":0.00020953873162996592,""baseline.sayAll"":0.00000629245440330228,""baseline.sellObject"":0.000016989626888916157,""baseline.setUnitDebugText"":0.008353862465824107,""baseline.toggleRepairWrench"":0.0005858275049474423,""baseline.unqueueFromProduction"":0.0009262492881660957,""candidate.activateSuperWeapon"":0.00004278868994245551,""candidate.orderUnits"":0.09280740999430533,""candidate.pauseProduction"":0.0008255700177132591,""candidate.placeBuilding"":0.0005235322063547497,""candidate.queueForProduction"":0.003943481174549539,""candidate.quitGame"":0.00022023590411557981,""candidate.resumeProduction"":0.000728666219902404,""candidate.sellObject"":0.00000629245440330228,""candidate.setUnitDebugText"":0.011337744343870049,""candidate.toggleRepairWrench"":0.0004429887899924805,""candidate.unqueueFromProduction"":0.001043288940067518}",""
"countries","Americans","separated_lanes_v2","100","1788847","{""baseline.activateSuperWeapon"":114,""baseline.orderUnits"":61655,""baseline.pauseProduction"":433,""baseline.placeBuilding"":929,""baseline.queueForProduction"":5852,""baseline.quitGame"":6110,""baseline.resumeProduction"":399,""baseline.sayAll"":5,""baseline.sellObject"":32,""baseline.setUnitDebugText"":14411,""baseline.toggleRepairWrench"":963,""baseline.unqueueFromProduction"":1642,""candidate.activateSuperWeapon"":85,""candidate.orderUnits"":112746,""candidate.pauseProduction"":1401,""candidate.placeBuilding"":885,""candidate.queueForProduction"":6523,""candidate.quitGame"":582,""candidate.resumeProduction"":1235,""candidate.sellObject"":9,""candidate.setUnitDebugText"":11116,""candidate.toggleRepairWrench"":832,""candidate.unqueueFromProduction"":1584}","{""baseline.activateSuperWeapon"":0.00006372820034357326,""baseline.orderUnits"":0.034466335019149204,""baseline.pauseProduction"":0.0002420553574453265,""baseline.placeBuilding"":0.0005193289308699961,""baseline.queueForProduction"":0.0032713809509700943,""baseline.quitGame"":0.003415607930695023,""baseline.resumeProduction"":0.00022304870120250643,""baseline.sayAll"":0.000002795096506297073,""baseline.sellObject"":0.000017888617640301268,""baseline.setUnitDebugText"":0.008056027150449424,""baseline.toggleRepairWrench"":0.0005383355871128163,""baseline.unqueueFromProduction"":0.0009179096926679588,""candidate.activateSuperWeapon"":0.00004751664060705024,""candidate.orderUnits"":0.06302719013979395,""candidate.pauseProduction"":0.0007831860410644399,""candidate.placeBuilding"":0.000494732081614582,""candidate.queueForProduction"":0.003646482902115161,""candidate.quitGame"":0.0003253492333329793,""candidate.resumeProduction"":0.0006903888370553771,""candidate.sellObject"":0.0000050311737113347316,""candidate.setUnitDebugText"":0.006214058552799652,""candidate.toggleRepairWrench"":0.00046510405864783294,""candidate.unqueueFromProduction"":0.0008854865731949126}","{""counters"":{""debugCoalesced"":0,""debugDropped"":7344,""debugForwarded"":11116,""debugProposals"":18460,""deferredUnitIds"":1221217,""duplicateSuppressions"":12119,""expiredPending"":36,""forwardedOrderCalls"":112746,""forwardedUnitIds"":325043,""gameplayNonorderCalls"":13136,""invalidTargets"":4397,""invalidTiles"":0,""invalidUnitIds"":498,""pendingUnitIds"":1221217,""productionBatches"":9721,""proposedCalls"":171606,""proposedUnitIds"":646265,""revokedPending"":92806,""sameUnitConflicts"":211258,""supersededPending"":199291},""countersPerObservedUpdate"":{""debugCoalesced"":0,""debugDropped"":0.00410543774844914,""debugForwarded"":0.006214058552799652,""debugProposals"":0.010319496301248792,""deferredUnitIds"":0.6826838740261185,""duplicateSuppressions"":0.0067747549119628455,""expiredPending"":0.000020124694845338926,""forwardedOrderCalls"":0.06302719013979395,""forwardedUnitIds"":0.18170531073926388,""gameplayNonorderCalls"":0.00734327754134367,""invalidTargets"":0.002458007867637646,""invalidTiles"":0,""invalidUnitIds"":0.0002783916120271885,""pendingUnitIds"":0.6826838740261185,""productionBatches"":0.005434226627542769,""proposedCalls"":0.0959310662119231,""proposedUnitIds"":0.36127460872841555,""revokedPending"":0.05188034527268123,""sameUnitConflicts"":0.1180972995454614,""supersededPending"":0.11140751556728999},""referenceExceededUpdates"":0,""budgetDenialUpdates"":184954,""budgetDeniedUnitIdOccurrences"":1221217,""budgetDeniedDebugCalls"":7344,""maxRollingCommandCalls"":115,""maxPendingUnitIds"":54}"
"countries","Americans","separated_lanes_unbounded_d1","100","1569417","{""baseline.activateSuperWeapon"":77,""baseline.orderUnits"":47793,""baseline.pauseProduction"":384,""baseline.placeBuilding"":860,""baseline.queueForProduction"":5540,""baseline.quitGame"":2892,""baseline.resumeProduction"":351,""baseline.sayAll"":9,""baseline.sellObject"":27,""baseline.setUnitDebugText"":13660,""baseline.toggleRepairWrench"":1268,""baseline.unqueueFromProduction"":1551,""candidate.activateSuperWeapon"":62,""candidate.orderUnits"":138460,""candidate.pauseProduction"":1296,""candidate.placeBuilding"":825,""candidate.queueForProduction"":6323,""candidate.quitGame"":392,""candidate.resumeProduction"":1152,""candidate.sellObject"":10,""candidate.setUnitDebugText"":17862,""candidate.toggleRepairWrench"":707,""candidate.unqueueFromProduction"":1590}","{""baseline.activateSuperWeapon"":0.00004906280485046358,""baseline.orderUnits"":0.03045270950932735,""baseline.pauseProduction"":0.00024467684496854564,""baseline.placeBuilding"":0.0005479741840441387,""baseline.queueForProduction"":0.0035299732320982886,""baseline.quitGame"":0.0018427224886693593,""baseline.resumeProduction"":0.00022364992860406127,""baseline.sayAll"":0.0000057346135539502884,""baseline.sellObject"":0.000017203840661850866,""baseline.setUnitDebugText"":0.008703869016328993,""baseline.toggleRepairWrench"":0.0008079433318232184,""baseline.unqueueFromProduction"":0.0009882650691307663,""candidate.activateSuperWeapon"":0.000039505115593879766,""candidate.orderUnits"":0.08822384363110633,""candidate.pauseProduction"":0.0008257843517688416,""candidate.placeBuilding"":0.0005256729091121097,""candidate.queueForProduction"":0.004028884611291964,""candidate.quitGame"":0.0002497742792387237,""candidate.resumeProduction"":0.0007340305349056369,""candidate.sellObject"":0.000006371792837722543,""candidate.setUnitDebugText"":0.011381296366740005,""candidate.toggleRepairWrench"":0.00045048575362698377,""candidate.unqueueFromProduction"":0.0010131150611978844}","{""counters"":{""debugCoalesced"":0,""debugDropped"":0,""debugForwarded"":17862,""debugProposals"":17862,""deferredUnitIds"":0,""duplicateSuppressions"":3277,""expiredPending"":0,""forwardedOrderCalls"":138460,""forwardedUnitIds"":495400,""gameplayNonorderCalls"":12357,""invalidTargets"":4844,""invalidTiles"":0,""invalidUnitIds"":0,""pendingUnitIds"":0,""productionBatches"":9360,""proposedCalls"":145823,""proposedUnitIds"":509366,""revokedPending"":0,""sameUnitConflicts"":5845,""supersededPending"":0},""countersPerObservedUpdate"":{""debugCoalesced"":0,""debugDropped"":0,""debugForwarded"":0.011381296366740005,""debugProposals"":0.011381296366740005,""deferredUnitIds"":0,""duplicateSuppressions"":0.0020880365129216775,""expiredPending"":0,""forwardedOrderCalls"":0.08822384363110633,""forwardedUnitIds"":0.31565861718077476,""gameplayNonorderCalls"":0.007873624409573746,""invalidTargets"":0.0030864964505928,""invalidTiles"":0,""invalidUnitIds"":0,""pendingUnitIds"":0,""productionBatches"":0.0059639980961083,""proposedCalls"":0.09291539469752144,""proposedUnitIds"":0.3245574630579381,""revokedPending"":0,""sameUnitConflicts"":0.0037243129136488263,""supersededPending"":0},""referenceExceededUpdates"":406990,""budgetDenialUpdates"":0,""budgetDeniedUnitIdOccurrences"":0,""budgetDeniedDebugCalls"":0,""maxRollingCommandCalls"":1031,""maxPendingUnitIds"":0}"
"factions","Allied","disabled","100","1589205","{""baseline.activateSuperWeapon"":81,""baseline.orderUnits"":51240,""baseline.pauseProduction"":366,""baseline.placeBuilding"":852,""baseline.queueForProduction"":5418,""baseline.quitGame"":4746,""baseline.resumeProduction"":333,""baseline.sayAll"":10,""baseline.sellObject"":27,""baseline.setUnitDebugText"":13276,""baseline.toggleRepairWrench"":931,""baseline.unqueueFromProduction"":1472,""candidate.activateSuperWeapon"":68,""candidate.orderUnits"":147490,""candidate.pauseProduction"":1312,""candidate.placeBuilding"":832,""candidate.queueForProduction"":6267,""candidate.quitGame"":350,""candidate.resumeProduction"":1158,""candidate.sellObject"":10,""candidate.setUnitDebugText"":18018,""candidate.toggleRepairWrench"":704,""candidate.unqueueFromProduction"":1658}","{""baseline.activateSuperWeapon"":0.00005096888066674847,""baseline.orderUnits"":0.032242536362520884,""baseline.pauseProduction"":0.00023030383116086345,""baseline.placeBuilding"":0.0005361171151613542,""baseline.queueForProduction"":0.0034092517957091755,""baseline.quitGame"":0.002986398859807262,""baseline.resumeProduction"":0.00020953873162996592,""baseline.sayAll"":0.00000629245440330228,""baseline.sellObject"":0.000016989626888916157,""baseline.setUnitDebugText"":0.008353862465824107,""baseline.toggleRepairWrench"":0.0005858275049474423,""baseline.unqueueFromProduction"":0.0009262492881660957,""candidate.activateSuperWeapon"":0.00004278868994245551,""candidate.orderUnits"":0.09280740999430533,""candidate.pauseProduction"":0.0008255700177132591,""candidate.placeBuilding"":0.0005235322063547497,""candidate.queueForProduction"":0.003943481174549539,""candidate.quitGame"":0.00022023590411557981,""candidate.resumeProduction"":0.000728666219902404,""candidate.sellObject"":0.00000629245440330228,""candidate.setUnitDebugText"":0.011337744343870049,""candidate.toggleRepairWrench"":0.0004429887899924805,""candidate.unqueueFromProduction"":0.001043288940067518}",""
"factions","Allied","separated_lanes_v2","100","1788847","{""baseline.activateSuperWeapon"":114,""baseline.orderUnits"":61655,""baseline.pauseProduction"":433,""baseline.placeBuilding"":929,""baseline.queueForProduction"":5852,""baseline.quitGame"":6110,""baseline.resumeProduction"":399,""baseline.sayAll"":5,""baseline.sellObject"":32,""baseline.setUnitDebugText"":14411,""baseline.toggleRepairWrench"":963,""baseline.unqueueFromProduction"":1642,""candidate.activateSuperWeapon"":85,""candidate.orderUnits"":112746,""candidate.pauseProduction"":1401,""candidate.placeBuilding"":885,""candidate.queueForProduction"":6523,""candidate.quitGame"":582,""candidate.resumeProduction"":1235,""candidate.sellObject"":9,""candidate.setUnitDebugText"":11116,""candidate.toggleRepairWrench"":832,""candidate.unqueueFromProduction"":1584}","{""baseline.activateSuperWeapon"":0.00006372820034357326,""baseline.orderUnits"":0.034466335019149204,""baseline.pauseProduction"":0.0002420553574453265,""baseline.placeBuilding"":0.0005193289308699961,""baseline.queueForProduction"":0.0032713809509700943,""baseline.quitGame"":0.003415607930695023,""baseline.resumeProduction"":0.00022304870120250643,""baseline.sayAll"":0.000002795096506297073,""baseline.sellObject"":0.000017888617640301268,""baseline.setUnitDebugText"":0.008056027150449424,""baseline.toggleRepairWrench"":0.0005383355871128163,""baseline.unqueueFromProduction"":0.0009179096926679588,""candidate.activateSuperWeapon"":0.00004751664060705024,""candidate.orderUnits"":0.06302719013979395,""candidate.pauseProduction"":0.0007831860410644399,""candidate.placeBuilding"":0.000494732081614582,""candidate.queueForProduction"":0.003646482902115161,""candidate.quitGame"":0.0003253492333329793,""candidate.resumeProduction"":0.0006903888370553771,""candidate.sellObject"":0.0000050311737113347316,""candidate.setUnitDebugText"":0.006214058552799652,""candidate.toggleRepairWrench"":0.00046510405864783294,""candidate.unqueueFromProduction"":0.0008854865731949126}","{""counters"":{""debugCoalesced"":0,""debugDropped"":7344,""debugForwarded"":11116,""debugProposals"":18460,""deferredUnitIds"":1221217,""duplicateSuppressions"":12119,""expiredPending"":36,""forwardedOrderCalls"":112746,""forwardedUnitIds"":325043,""gameplayNonorderCalls"":13136,""invalidTargets"":4397,""invalidTiles"":0,""invalidUnitIds"":498,""pendingUnitIds"":1221217,""productionBatches"":9721,""proposedCalls"":171606,""proposedUnitIds"":646265,""revokedPending"":92806,""sameUnitConflicts"":211258,""supersededPending"":199291},""countersPerObservedUpdate"":{""debugCoalesced"":0,""debugDropped"":0.00410543774844914,""debugForwarded"":0.006214058552799652,""debugProposals"":0.010319496301248792,""deferredUnitIds"":0.6826838740261185,""duplicateSuppressions"":0.0067747549119628455,""expiredPending"":0.000020124694845338926,""forwardedOrderCalls"":0.06302719013979395,""forwardedUnitIds"":0.18170531073926388,""gameplayNonorderCalls"":0.00734327754134367,""invalidTargets"":0.002458007867637646,""invalidTiles"":0,""invalidUnitIds"":0.0002783916120271885,""pendingUnitIds"":0.6826838740261185,""productionBatches"":0.005434226627542769,""proposedCalls"":0.0959310662119231,""proposedUnitIds"":0.36127460872841555,""revokedPending"":0.05188034527268123,""sameUnitConflicts"":0.1180972995454614,""supersededPending"":0.11140751556728999},""referenceExceededUpdates"":0,""budgetDenialUpdates"":184954,""budgetDeniedUnitIdOccurrences"":1221217,""budgetDeniedDebugCalls"":7344,""maxRollingCommandCalls"":115,""maxPendingUnitIds"":54}"
"factions","Allied","separated_lanes_unbounded_d1","100","1569417","{""baseline.activateSuperWeapon"":77,""baseline.orderUnits"":47793,""baseline.pauseProduction"":384,""baseline.placeBuilding"":860,""baseline.queueForProduction"":5540,""baseline.quitGame"":2892,""baseline.resumeProduction"":351,""baseline.sayAll"":9,""baseline.sellObject"":27,""baseline.setUnitDebugText"":13660,""baseline.toggleRepairWrench"":1268,""baseline.unqueueFromProduction"":1551,""candidate.activateSuperWeapon"":62,""candidate.orderUnits"":138460,""candidate.pauseProduction"":1296,""candidate.placeBuilding"":825,""candidate.queueForProduction"":6323,""candidate.quitGame"":392,""candidate.resumeProduction"":1152,""candidate.sellObject"":10,""candidate.setUnitDebugText"":17862,""candidate.toggleRepairWrench"":707,""candidate.unqueueFromProduction"":1590}","{""baseline.activateSuperWeapon"":0.00004906280485046358,""baseline.orderUnits"":0.03045270950932735,""baseline.pauseProduction"":0.00024467684496854564,""baseline.placeBuilding"":0.0005479741840441387,""baseline.queueForProduction"":0.0035299732320982886,""baseline.quitGame"":0.0018427224886693593,""baseline.resumeProduction"":0.00022364992860406127,""baseline.sayAll"":0.0000057346135539502884,""baseline.sellObject"":0.000017203840661850866,""baseline.setUnitDebugText"":0.008703869016328993,""baseline.toggleRepairWrench"":0.0008079433318232184,""baseline.unqueueFromProduction"":0.0009882650691307663,""candidate.activateSuperWeapon"":0.000039505115593879766,""candidate.orderUnits"":0.08822384363110633,""candidate.pauseProduction"":0.0008257843517688416,""candidate.placeBuilding"":0.0005256729091121097,""candidate.queueForProduction"":0.004028884611291964,""candidate.quitGame"":0.0002497742792387237,""candidate.resumeProduction"":0.0007340305349056369,""candidate.sellObject"":0.000006371792837722543,""candidate.setUnitDebugText"":0.011381296366740005,""candidate.toggleRepairWrench"":0.00045048575362698377,""candidate.unqueueFromProduction"":0.0010131150611978844}","{""counters"":{""debugCoalesced"":0,""debugDropped"":0,""debugForwarded"":17862,""debugProposals"":17862,""deferredUnitIds"":0,""duplicateSuppressions"":3277,""expiredPending"":0,""forwardedOrderCalls"":138460,""forwardedUnitIds"":495400,""gameplayNonorderCalls"":12357,""invalidTargets"":4844,""invalidTiles"":0,""invalidUnitIds"":0,""pendingUnitIds"":0,""productionBatches"":9360,""proposedCalls"":145823,""proposedUnitIds"":509366,""revokedPending"":0,""sameUnitConflicts"":5845,""supersededPending"":0},""countersPerObservedUpdate"":{""debugCoalesced"":0,""debugDropped"":0,""debugForwarded"":0.011381296366740005,""debugProposals"":0.011381296366740005,""deferredUnitIds"":0,""duplicateSuppressions"":0.0020880365129216775,""expiredPending"":0,""forwardedOrderCalls"":0.08822384363110633,""forwardedUnitIds"":0.31565861718077476,""gameplayNonorderCalls"":0.007873624409573746,""invalidTargets"":0.0030864964505928,""invalidTiles"":0,""invalidUnitIds"":0,""pendingUnitIds"":0,""productionBatches"":0.0059639980961083,""proposedCalls"":0.09291539469752144,""proposedUnitIds"":0.3245574630579381,""revokedPending"":0,""sameUnitConflicts"":0.0037243129136488263,""supersededPending"":0},""referenceExceededUpdates"":406990,""budgetDenialUpdates"":0,""budgetDeniedUnitIdOccurrences"":0,""budgetDeniedDebugCalls"":0,""maxRollingCommandCalls"":1031,""maxPendingUnitIds"":0}"
"factions","Soviet","disabled","100","1913860","{""baseline.orderUnits"":45273,""baseline.pauseProduction"":277,""baseline.placeBuilding"":1016,""baseline.queueForProduction"":7391,""baseline.quitGame"":2240,""baseline.resumeProduction"":251,""baseline.sayAll"":18,""baseline.sellObject"":139,""baseline.setUnitDebugText"":18491,""baseline.toggleRepairWrench"":849,""baseline.unqueueFromProduction"":1811,""candidate.orderUnits"":165769,""candidate.pauseProduction"":2155,""candidate.placeBuilding"":921,""candidate.queueForProduction"":9650,""candidate.quitGame"":191,""candidate.resumeProduction"":1996,""candidate.sellObject"":20,""candidate.setUnitDebugText"":28576,""candidate.toggleRepairWrench"":633,""candidate.unqueueFromProduction"":1672}","{""baseline.orderUnits"":0.023655335290982623,""baseline.pauseProduction"":0.00014473367957948857,""baseline.placeBuilding"":0.0005308643265442614,""baseline.queueForProduction"":0.0038618289739061375,""baseline.quitGame"":0.0011704095388377414,""baseline.resumeProduction"":0.00013114856886083622,""baseline.sayAll"":0.000009405076651374708,""baseline.sellObject"":0.00007262809191894913,""baseline.setUnitDebugText"":0.009661626242253874,""baseline.toggleRepairWrench"":0.0004436061153898404,""baseline.unqueueFromProduction"":0.0009462552119799776,""candidate.orderUnits"":0.08661500841231856,""candidate.pauseProduction"":0.0011259966768729164,""candidate.placeBuilding"":0.00048122642199533924,""candidate.queueForProduction"":0.005042166093653664,""candidate.quitGame"":0.00009979831335625385,""candidate.resumeProduction"":0.0010429184997857732,""candidate.sellObject"":0.00001045008516819412,""candidate.setUnitDebugText"":0.014931081688315759,""candidate.toggleRepairWrench"":0.00033074519557334394,""candidate.unqueueFromProduction"":0.0008736271200610285}",""
"factions","Soviet","separated_lanes_v2","100","1976528","{""baseline.orderUnits"":48733,""baseline.pauseProduction"":322,""baseline.placeBuilding"":1054,""baseline.queueForProduction"":7567,""baseline.quitGame"":1513,""baseline.resumeProduction"":296,""baseline.sayAll"":33,""baseline.sellObject"":161,""baseline.setUnitDebugText"":19744,""baseline.toggleRepairWrench"":771,""baseline.unqueueFromProduction"":1823,""candidate.orderUnits"":122250,""candidate.pauseProduction"":1993,""candidate.placeBuilding"":922,""candidate.queueForProduction"":9650,""candidate.quitGame"":146,""candidate.resumeProduction"":1835,""candidate.sellObject"":28,""candidate.setUnitDebugText"":15953,""candidate.toggleRepairWrench"":662,""candidate.unqueueFromProduction"":1513}","{""baseline.orderUnits"":0.02465586118688933,""baseline.pauseProduction"":0.00016291193446285607,""baseline.placeBuilding"":0.0005332583196392867,""baseline.queueForProduction"":0.003828430459877118,""baseline.quitGame"":0.0007654837169015566,""baseline.resumeProduction"":0.00014975755466150746,""baseline.sayAll"":0.000016695943594019413,""baseline.sellObject"":0.00008145596723142803,""baseline.setUnitDebugText"":0.00998923364607028,""baseline.toggleRepairWrench"":0.00039007795487845356,""baseline.unqueueFromProduction"":0.0009223243991484057,""candidate.orderUnits"":0.06185088195057191,""candidate.pauseProduction"":0.001008333805541839,""candidate.placeBuilding"":0.000466474545263209,""candidate.queueForProduction"":0.00488229865703901,""candidate.quitGame"":0.00007386690196141922,""candidate.resumeProduction"":0.0009283956513644128,""candidate.sellObject"":0.000014166255170683138,""candidate.setUnitDebugText"":0.008071223883496717,""candidate.toggleRepairWrench"":0.00033493074724972276,""candidate.unqueueFromProduction"":0.0007654837169015566}","{""counters"":{""debugCoalesced"":0,""debugDropped"":13865,""debugForwarded"":15953,""debugProposals"":29818,""deferredUnitIds"":1563870,""duplicateSuppressions"":37182,""expiredPending"":135,""forwardedOrderCalls"":122250,""forwardedUnitIds"":422649,""gameplayNonorderCalls"":16749,""invalidTargets"":4965,""invalidTiles"":0,""invalidUnitIds"":580,""pendingUnitIds"":1563870,""productionBatches"":13404,""proposedCalls"":173876,""proposedUnitIds"":760904,""revokedPending"":50460,""sameUnitConflicts"":244837,""supersededPending"":232847},""countersPerObservedUpdate"":{""debugCoalesced"":0,""debugDropped"":0.007014825997911489,""debugForwarded"":0.008071223883496717,""debugProposals"":0.015086049881408208,""deferredUnitIds"":0.79122076692058,""duplicateSuppressions"":0.018811774991297874,""expiredPending"":0.00006830158743007941,""forwardedOrderCalls"":0.06185088195057191,""forwardedUnitIds"":0.21383405648693063,""gameplayNonorderCalls"":0.008473950280491853,""invalidTargets"":0.0025119806043729207,""invalidTiles"":0,""invalidUnitIds"":0.0002934438571070078,""pendingUnitIds"":0.79122076692058,""productionBatches"":0.006781588725279885,""proposedCalls"":0.08797042085920362,""proposedUnitIds"":0.3849700080140529,""revokedPending"":0.025529615568309683,""sameUnitConflicts"":0.12387226490087669,""supersededPending"":0.1178060720617163},""referenceExceededUpdates"":0,""budgetDenialUpdates"":193434,""budgetDeniedUnitIdOccurrences"":1563870,""budgetDeniedDebugCalls"":13865,""maxRollingCommandCalls"":115,""maxPendingUnitIds"":56}"
"factions","Soviet","separated_lanes_unbounded_d1","100","1912187","{""baseline.orderUnits"":45175,""baseline.pauseProduction"":277,""baseline.placeBuilding"":1015,""baseline.queueForProduction"":7371,""baseline.quitGame"":2240,""baseline.resumeProduction"":251,""baseline.sayAll"":18,""baseline.sellObject"":139,""baseline.setUnitDebugText"":18476,""baseline.toggleRepairWrench"":845,""baseline.unqueueFromProduction"":1794,""candidate.orderUnits"":155226,""candidate.pauseProduction"":2157,""candidate.placeBuilding"":922,""candidate.queueForProduction"":9611,""candidate.quitGame"":216,""candidate.resumeProduction"":1998,""candidate.sellObject"":20,""candidate.setUnitDebugText"":28494,""candidate.toggleRepairWrench"":646,""candidate.unqueueFromProduction"":1678}","{""baseline.orderUnits"":0.023624781467502916,""baseline.pauseProduction"":0.00014486030916432337,""baseline.placeBuilding"":0.0005308058259992355,""baseline.queueForProduction"":0.0038547485157047925,""baseline.quitGame"":0.0011714335470327955,""baseline.resumeProduction"":0.00013126331263626413,""baseline.sayAll"":0.000009413305288656391,""baseline.sellObject"":0.00007269163528462436,""baseline.setUnitDebugText"":0.00966223491740086,""baseline.toggleRepairWrench"":0.00044190238716192506,""baseline.unqueueFromProduction"":0.0009381927604360871,""candidate.orderUnits"":0.08117720704094317,""candidate.pauseProduction"":0.001128027750423991,""candidate.placeBuilding"":0.0004821704153411774,""candidate.queueForProduction"":0.005026182062737588,""candidate.quitGame"":0.0001129596634638767,""candidate.resumeProduction"":0.0010448768870408595,""candidate.sellObject"":0.000010459228098507102,""candidate.setUnitDebugText"":0.014901262271943069,""candidate.toggleRepairWrench"":0.0003378330675817794,""candidate.unqueueFromProduction"":0.0008775292374647458}","{""counters"":{""debugCoalesced"":0,""debugDropped"":0,""debugForwarded"":28494,""debugProposals"":28494,""deferredUnitIds"":0,""duplicateSuppressions"":1042,""expiredPending"":0,""forwardedOrderCalls"":155226,""forwardedUnitIds"":739663,""gameplayNonorderCalls"":17248,""invalidTargets"":0,""invalidTiles"":0,""invalidUnitIds"":0,""pendingUnitIds"":0,""productionBatches"":13640,""proposedCalls"":164547,""proposedUnitIds"":748289,""revokedPending"":0,""sameUnitConflicts"":7584,""supersededPending"":0},""countersPerObservedUpdate"":{""debugCoalesced"":0,""debugDropped"":0,""debugForwarded"":0.014901262271943069,""debugProposals"":0.014901262271943069,""deferredUnitIds"":0,""duplicateSuppressions"":0.0005449257839322201,""expiredPending"":0,""forwardedOrderCalls"":0.08117720704094317,""forwardedUnitIds"":0.38681520165130295,""gameplayNonorderCalls"":0.009020038312152525,""invalidTargets"":0,""invalidTiles"":0,""invalidUnitIds"":0,""pendingUnitIds"":0,""productionBatches"":0.0071331935631818435,""proposedCalls"":0.0860517302962524,""proposedUnitIds"":0.39132626673018905,""revokedPending"":0,""sameUnitConflicts"":0.003966139294953893,""supersededPending"":0},""referenceExceededUpdates"":464757,""budgetDenialUpdates"":0,""budgetDeniedUnitIdOccurrences"":0,""budgetDeniedDebugCalls"":0,""maxRollingCommandCalls"":1296,""maxPendingUnitIds"":0}"
"slots","0","disabled","100","1718522","{""baseline.activateSuperWeapon"":39,""baseline.orderUnits"":49501,""baseline.pauseProduction"":329,""baseline.placeBuilding"":922,""baseline.queueForProduction"":6386,""baseline.quitGame"":3588,""baseline.resumeProduction"":301,""baseline.sayAll"":7,""baseline.sellObject"":89,""baseline.setUnitDebugText"":15522,""baseline.toggleRepairWrench"":866,""baseline.unqueueFromProduction"":1639,""candidate.activateSuperWeapon"":32,""candidate.orderUnits"":139530,""candidate.pauseProduction"":1760,""candidate.placeBuilding"":874,""candidate.queueForProduction"":7765,""candidate.quitGame"":528,""candidate.resumeProduction"":1591,""candidate.sellObject"":20,""candidate.setUnitDebugText"":21334,""candidate.toggleRepairWrench"":726,""candidate.unqueueFromProduction"":1646}","{""baseline.activateSuperWeapon"":0.00002269391954249058,""baseline.orderUnits"":0.02880440285314939,""baseline.pauseProduction"":0.00019144357767895902,""baseline.placeBuilding"":0.0005365075337993927,""baseline.queueForProduction"":0.0037159838512396117,""baseline.quitGame"":0.0020878405979091338,""baseline.resumeProduction"":0.00017515050723819654,""baseline.sayAll"":0.000004073267610190618,""baseline.sellObject"":0.00005178868818670928,""baseline.setUnitDebugText"":0.009032179977911252,""baseline.toggleRepairWrench"":0.0005039213929178678,""baseline.unqueueFromProduction"":0.0009537265161574888,""candidate.activateSuperWeapon"":0.000018620651932299965,""candidate.orderUnits"":0.08119186137855669,""candidate.pauseProduction"":0.001024135856276498,""candidate.placeBuilding"":0.0005085765559009427,""candidate.queueForProduction"":0.004518417570447164,""candidate.quitGame"":0.0003072407568829494,""candidate.resumeProduction"":0.0009257955382590389,""candidate.sellObject"":0.000011637907457687478,""candidate.setUnitDebugText"":0.012414155885115232,""candidate.toggleRepairWrench"":0.0004224560407140554,""candidate.unqueueFromProduction"":0.0009577997837676794}",""
"slots","0","separated_lanes_v2","100","1825600","{""baseline.activateSuperWeapon"":58,""baseline.orderUnits"":55934,""baseline.pauseProduction"":386,""baseline.placeBuilding"":970,""baseline.queueForProduction"":6552,""baseline.quitGame"":3167,""baseline.resumeProduction"":358,""baseline.sayAll"":18,""baseline.sellObject"":96,""baseline.setUnitDebugText"":16855,""baseline.toggleRepairWrench"":762,""baseline.unqueueFromProduction"":1603,""candidate.activateSuperWeapon"":32,""candidate.orderUnits"":109249,""candidate.pauseProduction"":1671,""candidate.placeBuilding"":897,""candidate.queueForProduction"":7853,""candidate.quitGame"":639,""candidate.resumeProduction"":1500,""candidate.sellObject"":23,""candidate.setUnitDebugText"":12765,""candidate.toggleRepairWrench"":842,""candidate.unqueueFromProduction"":1508}","{""baseline.activateSuperWeapon"":0.0000317703768624014,""baseline.orderUnits"":0.03063869412795793,""baseline.pauseProduction"":0.00021143733567046452,""baseline.placeBuilding"":0.0005313321647677475,""baseline.queueForProduction"":0.003588957055214724,""baseline.quitGame"":0.00173477212971078,""baseline.resumeProduction"":0.00019609991235758107,""baseline.sayAll"":0.00000985977212971078,""baseline.sellObject"":0.00005258545135845749,""baseline.setUnitDebugText"":0.009232581069237512,""baseline.toggleRepairWrench"":0.00041739702015775634,""baseline.unqueueFromProduction"":0.0008780674846625767,""candidate.activateSuperWeapon"":0.0000175284837861525,""candidate.orderUnits"":0.05984279141104294,""candidate.pauseProduction"":0.0009153155127081508,""candidate.placeBuilding"":0.0004913453111305872,""candidate.queueForProduction"":0.0043015994741454865,""candidate.quitGame"":0.0003500219106047327,""candidate.resumeProduction"":0.0008216476774758983,""candidate.sellObject"":0.000012598597721297108,""candidate.setUnitDebugText"":0.006992221735319895,""candidate.toggleRepairWrench"":0.0004612182296231376,""candidate.unqueueFromProduction"":0.0008260297984224365}","{""counters"":{""debugCoalesced"":0,""debugDropped"":9735,""debugForwarded"":12765,""debugProposals"":22500,""deferredUnitIds"":1341585,""duplicateSuppressions"":26189,""expiredPending"":64,""forwardedOrderCalls"":109249,""forwardedUnitIds"":359601,""gameplayNonorderCalls"":14965,""invalidTargets"":5970,""invalidTiles"":0,""invalidUnitIds"":496,""pendingUnitIds"":1341585,""productionBatches"":11210,""proposedCalls"":158665,""proposedUnitIds"":679917,""revokedPending"":61527,""sameUnitConflicts"":225940,""supersededPending"":214970},""countersPerObservedUpdate"":{""debugCoalesced"":0,""debugDropped"":0.00533249342681858,""debugForwarded"":0.006992221735319895,""debugProposals"":0.012324715162138474,""deferredUnitIds"":0.7348734662576687,""duplicateSuppressions"":0.014345420683610867,""expiredPending"":0.000035056967572305,""forwardedOrderCalls"":0.05984279141104294,""forwardedUnitIds"":0.19697688431200702,""gameplayNonorderCalls"":0.008197304995617879,""invalidTargets"":0.0032701577563540754,""invalidTiles"":0,""invalidUnitIds"":0.00027169149868536374,""pendingUnitIds"":0.7348734662576687,""productionBatches"":0.006140446976336547,""proposedCalls"":0.08691115249780894,""proposedUnitIds"":0.37243481595092026,""revokedPending"":0.0337023444347064,""sameUnitConflicts"":0.12376205083260299,""supersededPending"":0.11775306748466258},""referenceExceededUpdates"":0,""budgetDenialUpdates"":174035,""budgetDeniedUnitIdOccurrences"":1341585,""budgetDeniedDebugCalls"":9735,""maxRollingCommandCalls"":115,""maxPendingUnitIds"":56}"
"slots","0","separated_lanes_unbounded_d1","100","1697009","{""baseline.activateSuperWeapon"":36,""baseline.orderUnits"":46566,""baseline.pauseProduction"":337,""baseline.placeBuilding"":932,""baseline.queueForProduction"":6391,""baseline.quitGame"":3162,""baseline.resumeProduction"":315,""baseline.sayAll"":10,""baseline.sellObject"":91,""baseline.setUnitDebugText"":15870,""baseline.toggleRepairWrench"":1046,""baseline.unqueueFromProduction"":1606,""candidate.activateSuperWeapon"":28,""candidate.orderUnits"":136467,""candidate.pauseProduction"":1713,""candidate.placeBuilding"":865,""candidate.queueForProduction"":7721,""candidate.quitGame"":553,""candidate.resumeProduction"":1546,""candidate.sellObject"":20,""candidate.setUnitDebugText"":21928,""candidate.toggleRepairWrench"":742,""candidate.unqueueFromProduction"":1592}","{""baseline.activateSuperWeapon"":0.000021213794387654986,""baseline.orderUnits"":0.027440043040431725,""baseline.pauseProduction"":0.00019858468635110363,""baseline.placeBuilding"":0.0005492015658137347,""baseline.queueForProduction"":0.0037660377758750837,""baseline.quitGame"":0.0018632782737156963,""baseline.resumeProduction"":0.00018562070089198112,""baseline.sayAll"":0.000005892720663237496,""baseline.sellObject"":0.000053623758035461215,""baseline.setUnitDebugText"":0.009351747692557906,""baseline.toggleRepairWrench"":0.0006163785813746421,""baseline.unqueueFromProduction"":0.0009463709385159419,""candidate.activateSuperWeapon"":0.00001649961785706499,""candidate.orderUnits"":0.08041619107500314,""candidate.pauseProduction"":0.001009423049612583,""candidate.placeBuilding"":0.0005097203373700434,""candidate.queueForProduction"":0.004549769624085671,""candidate.quitGame"":0.00032586745267703353,""candidate.resumeProduction"":0.0009110146145365169,""candidate.sellObject"":0.000011785441326474992,""candidate.setUnitDebugText"":0.012921557870347182,""candidate.toggleRepairWrench"":0.0004372398732122222,""candidate.unqueueFromProduction"":0.0009381211295874094}","{""counters"":{""debugCoalesced"":0,""debugDropped"":0,""debugForwarded"":21928,""debugProposals"":21928,""deferredUnitIds"":0,""duplicateSuppressions"":2716,""expiredPending"":0,""forwardedOrderCalls"":136467,""forwardedUnitIds"":591388,""gameplayNonorderCalls"":14780,""invalidTargets"":0,""invalidTiles"":0,""invalidUnitIds"":0,""pendingUnitIds"":0,""productionBatches"":11164,""proposedCalls"":143102,""proposedUnitIds"":599373,""revokedPending"":0,""sameUnitConflicts"":5269,""supersededPending"":0},""countersPerObservedUpdate"":{""debugCoalesced"":0,""debugDropped"":0,""debugForwarded"":0.012921557870347182,""debugProposals"":0.012921557870347182,""deferredUnitIds"":0,""duplicateSuppressions"":0.001600462932135304,""expiredPending"":0,""forwardedOrderCalls"":0.08041619107500314,""forwardedUnitIds"":0.34848842875906966,""gameplayNonorderCalls"":0.008709441140265018,""invalidTargets"":0,""invalidTiles"":0,""invalidUnitIds"":0,""pendingUnitIds"":0,""productionBatches"":0.00657863334843834,""proposedCalls"":0.08432601123506121,""proposedUnitIds"":0.35319376620866477,""revokedPending"":0,""sameUnitConflicts"":0.003104874517459837,""supersededPending"":0},""referenceExceededUpdates"":391978,""budgetDenialUpdates"":0,""budgetDeniedUnitIdOccurrences"":0,""budgetDeniedDebugCalls"":0,""maxRollingCommandCalls"":864,""maxPendingUnitIds"":0}"
"slots","1","disabled","100","1784543","{""baseline.activateSuperWeapon"":42,""baseline.orderUnits"":47012,""baseline.pauseProduction"":314,""baseline.placeBuilding"":946,""baseline.queueForProduction"":6423,""baseline.quitGame"":3398,""baseline.resumeProduction"":283,""baseline.sayAll"":21,""baseline.sellObject"":77,""baseline.setUnitDebugText"":16245,""baseline.toggleRepairWrench"":914,""baseline.unqueueFromProduction"":1644,""candidate.activateSuperWeapon"":36,""candidate.orderUnits"":173729,""candidate.pauseProduction"":1707,""candidate.placeBuilding"":879,""candidate.queueForProduction"":8152,""candidate.quitGame"":13,""candidate.resumeProduction"":1563,""candidate.sellObject"":10,""candidate.setUnitDebugText"":25260,""candidate.toggleRepairWrench"":611,""candidate.unqueueFromProduction"":1684}","{""baseline.activateSuperWeapon"":0.000023535437364075845,""baseline.orderUnits"":0.026343999556188897,""baseline.pauseProduction"":0.00017595541267428132,""baseline.placeBuilding"":0.000530107708247994,""baseline.queueForProduction"":0.0035992408140347416,""baseline.quitGame"":0.0019041289562649933,""baseline.resumeProduction"":0.0001585840184293682,""baseline.sayAll"":0.000011767718682037922,""baseline.sellObject"":0.00004314830183413905,""baseline.setUnitDebugText"":0.009103170951890765,""baseline.toggleRepairWrench"":0.0005121759464467934,""baseline.unqueueFromProduction"":0.000921244262536683,""candidate.activateSuperWeapon"":0.000020173232026350723,""candidate.orderUnits"":0.09735209518627458,""candidate.pauseProduction"":0.0009565474185827969,""candidate.placeBuilding"":0.0004925630819767302,""candidate.queueForProduction"":0.004568116318855864,""candidate.quitGame"":0.000007284778231737761,""candidate.resumeProduction"":0.000875854490477394,""candidate.sellObject"":0.000005603675562875201,""candidate.setUnitDebugText"":0.014154884471822757,""candidate.toggleRepairWrench"":0.0003423845768916748,""candidate.unqueueFromProduction"":0.0009436589647881839}",""
"slots","1","separated_lanes_v2","100","1939775","{""baseline.activateSuperWeapon"":56,""baseline.orderUnits"":54454,""baseline.pauseProduction"":369,""baseline.placeBuilding"":1013,""baseline.queueForProduction"":6867,""baseline.quitGame"":4456,""baseline.resumeProduction"":337,""baseline.sayAll"":20,""baseline.sellObject"":97,""baseline.setUnitDebugText"":17300,""baseline.toggleRepairWrench"":972,""baseline.unqueueFromProduction"":1862,""candidate.activateSuperWeapon"":53,""candidate.orderUnits"":125747,""candidate.pauseProduction"":1723,""candidate.placeBuilding"":910,""candidate.queueForProduction"":8320,""candidate.quitGame"":89,""candidate.resumeProduction"":1570,""candidate.sellObject"":14,""candidate.setUnitDebugText"":14304,""candidate.toggleRepairWrench"":652,""candidate.unqueueFromProduction"":1589}","{""baseline.activateSuperWeapon"":0.0000288693276282043,""baseline.orderUnits"":0.028072327976182806,""baseline.pauseProduction"":0.00019022824812156048,""baseline.placeBuilding"":0.00052222551584591,""baseline.queueForProduction"":0.0035401013004085526,""baseline.quitGame"":0.002297173641272828,""baseline.resumeProduction"":0.00017373148947687233,""baseline.sayAll"":0.000010310474152930107,""baseline.sellObject"":0.00005000579964171102,""baseline.setUnitDebugText"":0.008918560142284543,""baseline.toggleRepairWrench"":0.0005010890438324032,""baseline.unqueueFromProduction"":0.000959905143637793,""candidate.activateSuperWeapon"":0.000027322756505264787,""candidate.orderUnits"":0.06482555966542511,""candidate.pauseProduction"":0.0008882473482749287,""candidate.placeBuilding"":0.0004691265739583199,""candidate.queueForProduction"":0.0042891572476189245,""candidate.quitGame"":0.00004588160998053898,""candidate.resumeProduction"":0.0008093722210050135,""candidate.sellObject"":0.000007217331907051075,""candidate.setUnitDebugText"":0.007374051114175613,""candidate.toggleRepairWrench"":0.00033612145738552154,""candidate.unqueueFromProduction"":0.0008191671714502971}","{""counters"":{""debugCoalesced"":0,""debugDropped"":11474,""debugForwarded"":14304,""debugProposals"":25778,""deferredUnitIds"":1443502,""duplicateSuppressions"":23112,""expiredPending"":107,""forwardedOrderCalls"":125747,""forwardedUnitIds"":388091,""gameplayNonorderCalls"":14920,""invalidTargets"":3392,""invalidTiles"":0,""invalidUnitIds"":582,""pendingUnitIds"":1443502,""productionBatches"":11915,""proposedCalls"":186817,""proposedUnitIds"":727252,""revokedPending"":81739,""sameUnitConflicts"":230155,""supersededPending"":217168},""countersPerObservedUpdate"":{""debugCoalesced"":0,""debugDropped"":0.005915119021536003,""debugForwarded"":0.007374051114175613,""debugProposals"":0.013289170135711617,""deferredUnitIds"":0.7441595030351458,""duplicateSuppressions"":0.011914783931126032,""expiredPending"":0.000055161036718176076,""forwardedOrderCalls"":0.06482555966542511,""forwardedUnitIds"":0.20007011122423993,""gameplayNonorderCalls"":0.007691613718085861,""invalidTargets"":0.0017486564163369464,""invalidTiles"":0,""invalidUnitIds"":0.00030003479785026613,""pendingUnitIds"":0.7441595030351458,""productionBatches"":0.0061424649766081115,""proposedCalls"":0.0963085924913972,""proposedUnitIds"":0.37491564743333633,""revokedPending"":0.0421383923393177,""sameUnitConflicts"":0.11865035893338145,""supersededPending"":0.11195525254217628},""referenceExceededUpdates"":0,""budgetDenialUpdates"":204353,""budgetDeniedUnitIdOccurrences"":1443502,""budgetDeniedDebugCalls"":11474,""maxRollingCommandCalls"":115,""maxPendingUnitIds"":54}"
"slots","1","separated_lanes_unbounded_d1","100","1784595","{""baseline.activateSuperWeapon"":41,""baseline.orderUnits"":46402,""baseline.pauseProduction"":324,""baseline.placeBuilding"":943,""baseline.queueForProduction"":6520,""baseline.quitGame"":1970,""baseline.resumeProduction"":287,""baseline.sayAll"":17,""baseline.sellObject"":75,""baseline.setUnitDebugText"":16266,""baseline.toggleRepairWrench"":1067,""baseline.unqueueFromProduction"":1739,""candidate.activateSuperWeapon"":34,""candidate.orderUnits"":157219,""candidate.pauseProduction"":1740,""candidate.placeBuilding"":882,""candidate.queueForProduction"":8213,""candidate.quitGame"":55,""candidate.resumeProduction"":1604,""candidate.sellObject"":10,""candidate.setUnitDebugText"":24428,""candidate.toggleRepairWrench"":611,""candidate.unqueueFromProduction"":1676}","{""baseline.activateSuperWeapon"":0.000022974400354141976,""baseline.orderUnits"":0.02600141768860722,""baseline.pauseProduction"":0.0001815537979205366,""baseline.placeBuilding"":0.0005284112081452655,""baseline.queueForProduction"":0.003653490007536724,""baseline.quitGame"":0.0011038919194551145,""baseline.resumeProduction"":0.00016082080247899384,""baseline.sayAll"":0.000009525970878546674,""baseline.sellObject"":0.000042026342111235324,""baseline.setUnitDebugText"":0.009114673077084717,""baseline.toggleRepairWrench"":0.0005978947604358412,""baseline.unqueueFromProduction"":0.0009744507857525097,""candidate.activateSuperWeapon"":0.000019051941757093348,""candidate.orderUnits"":0.08809785973848408,""candidate.pauseProduction"":0.0009750111369806595,""candidate.placeBuilding"":0.0004942297832281274,""candidate.queueForProduction"":0.004602164636794343,""candidate.quitGame"":0.000030819317548239234,""candidate.resumeProduction"":0.0008988033699522861,""candidate.sellObject"":0.000005603512281498043,""candidate.setUnitDebugText"":0.01368825980124342,""candidate.toggleRepairWrench"":0.00034237460039953044,""candidate.unqueueFromProduction"":0.000939148658379072}","{""counters"":{""debugCoalesced"":0,""debugDropped"":0,""debugForwarded"":24428,""debugProposals"":24428,""deferredUnitIds"":0,""duplicateSuppressions"":1603,""expiredPending"":0,""forwardedOrderCalls"":157219,""forwardedUnitIds"":643675,""gameplayNonorderCalls"":14825,""invalidTargets"":4844,""invalidTiles"":0,""invalidUnitIds"":0,""pendingUnitIds"":0,""productionBatches"":11836,""proposedCalls"":167268,""proposedUnitIds"":658282,""revokedPending"":0,""sameUnitConflicts"":8160,""supersededPending"":0},""countersPerObservedUpdate"":{""debugCoalesced"":0,""debugDropped"":0,""debugForwarded"":0.01368825980124342,""debugProposals"":0.01368825980124342,""deferredUnitIds"":0,""duplicateSuppressions"":0.0008982430187241362,""expiredPending"":0,""forwardedOrderCalls"":0.08809785973848408,""forwardedUnitIds"":0.3606840767793253,""gameplayNonorderCalls"":0.008307206957320849,""invalidTargets"":0.002714341349157652,""invalidTiles"":0,""invalidUnitIds"":0,""pendingUnitIds"":0,""productionBatches"":0.006632317136381084,""proposedCalls"":0.09372882923016146,""proposedUnitIds"":0.36886912716890946,""revokedPending"":0,""sameUnitConflicts"":0.004572466021702403,""supersededPending"":0},""referenceExceededUpdates"":479769,""budgetDenialUpdates"":0,""budgetDeniedUnitIdOccurrences"":0,""budgetDeniedDebugCalls"":0,""maxRollingCommandCalls"":1296,""maxPendingUnitIds"":0}"
"directions","0","disabled","100","1729315","{""baseline.activateSuperWeapon"":52,""baseline.orderUnits"":51198,""baseline.pauseProduction"":316,""baseline.placeBuilding"":990,""baseline.queueForProduction"":6939,""baseline.quitGame"":2948,""baseline.resumeProduction"":289,""baseline.sayAll"":7,""baseline.sellObject"":69,""baseline.setUnitDebugText"":16802,""baseline.toggleRepairWrench"":628,""baseline.unqueueFromProduction"":1999,""candidate.activateSuperWeapon"":25,""candidate.orderUnits"":126944,""candidate.pauseProduction"":1557,""candidate.placeBuilding"":808,""candidate.queueForProduction"":7128,""candidate.quitGame"":288,""candidate.resumeProduction"":1389,""candidate.sellObject"":30,""candidate.setUnitDebugText"":17498,""candidate.toggleRepairWrench"":814,""candidate.unqueueFromProduction"":1559}","{""baseline.activateSuperWeapon"":0.00003006970968273565,""baseline.orderUnits"":0.029605942237244227,""baseline.pauseProduction"":0.00018273131268739355,""baseline.placeBuilding"":0.0005724810112674672,""baseline.queueForProduction"":0.004012571451701975,""baseline.quitGame"":0.0017047212335520134,""baseline.resumeProduction"":0.0001671181941982808,""baseline.sayAll"":0.000004047845534214414,""baseline.sellObject"":0.000039900191694399226,""baseline.setUnitDebugText"":0.009715985809410084,""baseline.toggleRepairWrench"":0.0003631495707838075,""baseline.unqueueFromProduction"":0.0011559490318420879,""candidate.activateSuperWeapon"":0.00001445659119362291,""candidate.orderUnits"":0.07340710049933066,""candidate.pauseProduction"":0.0009003564995388347,""candidate.placeBuilding"":0.0004672370273778924,""candidate.queueForProduction"":0.004121863281125764,""candidate.quitGame"":0.0001665399305505359,""candidate.resumeProduction"":0.0008032082067176888,""candidate.sellObject"":0.000017347909432347492,""candidate.setUnitDebugText"":0.010118457308240547,""candidate.toggleRepairWrench"":0.0004707066092643619,""candidate.unqueueFromProduction"":0.0009015130268343245}",""
"directions","0","separated_lanes_v2","100","1841146","{""baseline.activateSuperWeapon"":65,""baseline.orderUnits"":53948,""baseline.pauseProduction"":354,""baseline.placeBuilding"":1030,""baseline.queueForProduction"":7320,""baseline.quitGame"":2298,""baseline.resumeProduction"":337,""baseline.sayAll"":7,""baseline.sellObject"":76,""baseline.setUnitDebugText"":17701,""baseline.toggleRepairWrench"":588,""baseline.unqueueFromProduction"":2230,""candidate.activateSuperWeapon"":26,""candidate.orderUnits"":107968,""candidate.pauseProduction"":1474,""candidate.placeBuilding"":811,""candidate.queueForProduction"":7224,""candidate.quitGame"":685,""candidate.resumeProduction"":1315,""candidate.sellObject"":37,""candidate.setUnitDebugText"":11194,""candidate.toggleRepairWrench"":806,""candidate.unqueueFromProduction"":1527}","{""baseline.activateSuperWeapon"":0.00003530409864291045,""baseline.orderUnits"":0.02930131559365743,""baseline.pauseProduction"":0.00019227155260908153,""baseline.placeBuilding"":0.0005594341784953502,""baseline.queueForProduction"":0.003975784647170838,""baseline.quitGame"":0.0012481356720216647,""baseline.resumeProduction"":0.00018303817296401264,""baseline.sayAll"":0.0000038019798538518943,""baseline.sellObject"":0.00004127863841324914,""baseline.setUnitDebugText"":0.009614120770433198,""baseline.toggleRepairWrench"":0.0003193663077235591,""baseline.unqueueFromProduction"":0.0012112021534413891,""candidate.activateSuperWeapon"":0.000014121639457164179,""candidate.orderUnits"":0.05864173726581162,""candidate.pauseProduction"":0.0008005883292253847,""candidate.placeBuilding"":0.00044048652306769807,""candidate.queueForProduction"":0.003923643209175155,""candidate.quitGame"":0.00037205088569836395,""candidate.resumeProduction"":0.0007142290725450345,""candidate.sellObject"":0.00002009617922750287,""candidate.setUnitDebugText"":0.006079908926288301,""candidate.toggleRepairWrench"":0.00043777082317208955,""candidate.unqueueFromProduction"":0.0008293747481188347}","{""counters"":{""debugCoalesced"":0,""debugDropped"":6353,""debugForwarded"":11194,""debugProposals"":17547,""deferredUnitIds"":1152542,""duplicateSuppressions"":23494,""expiredPending"":31,""forwardedOrderCalls"":107968,""forwardedUnitIds"":351764,""gameplayNonorderCalls"":13905,""invalidTargets"":2902,""invalidTiles"":0,""invalidUnitIds"":392,""pendingUnitIds"":1152542,""productionBatches"":10440,""proposedCalls"":142197,""proposedUnitIds"":625122,""revokedPending"":30955,""sameUnitConflicts"":215561,""supersededPending"":210970},""countersPerObservedUpdate"":{""debugCoalesced"":0,""debugDropped"":0.003450568287360155,""debugForwarded"":0.006079908926288301,""debugProposals"":0.009530477213648456,""deferredUnitIds"":0.6259916378168815,""duplicateSuppressions"":0.0127605306694852,""expiredPending"":0.000016837339352772674,""forwardedOrderCalls"":0.05864173726581162,""forwardedUnitIds"":0.1910570916157654,""gameplayNonorderCalls"":0.007552361409687227,""invalidTargets"":0.001576192219411171,""invalidTiles"":0,""invalidUnitIds"":0.0002129108718157061,""pendingUnitIds"":0.6259916378168815,""productionBatches"":0.0056703813820305395,""proposedCalls"":0.07723287561116826,""proposedUnitIds"":0.33952875002851485,""revokedPending"":0.016812898053712198,""sameUnitConflicts"":0.11707979703945261,""supersededPending"":0.11458624139530488},""referenceExceededUpdates"":0,""budgetDenialUpdates"":147874,""budgetDeniedUnitIdOccurrences"":1152542,""budgetDeniedDebugCalls"":6353,""maxRollingCommandCalls"":115,""maxPendingUnitIds"":43}"
"directions","0","separated_lanes_unbounded_d1","100","1742271","{""baseline.activateSuperWeapon"":53,""baseline.orderUnits"":49857,""baseline.pauseProduction"":319,""baseline.placeBuilding"":992,""baseline.queueForProduction"":7066,""baseline.quitGame"":1872,""baseline.resumeProduction"":295,""baseline.sayAll"":7,""baseline.sellObject"":71,""baseline.setUnitDebugText"":17140,""baseline.toggleRepairWrench"":714,""baseline.unqueueFromProduction"":2089,""candidate.activateSuperWeapon"":20,""candidate.orderUnits"":126774,""candidate.pauseProduction"":1518,""candidate.placeBuilding"":798,""candidate.queueForProduction"":7157,""candidate.quitGame"":330,""candidate.resumeProduction"":1360,""candidate.sellObject"":30,""candidate.setUnitDebugText"":17870,""candidate.toggleRepairWrench"":773,""candidate.unqueueFromProduction"":1513}","{""baseline.activateSuperWeapon"":0.000030420066683082023,""baseline.orderUnits"":0.028616099332423026,""baseline.pauseProduction"":0.00018309436362081444,""baseline.placeBuilding"":0.000569371814143724,""baseline.queueForProduction"":0.004055626248729388,""baseline.quitGame"":0.00107445971378735,""baseline.resumeProduction"":0.00016931923908507918,""baseline.sayAll"":0.000004017744656256116,""baseline.sellObject"":0.00004075141008488347,""baseline.setUnitDebugText"":0.009837734772604263,""baseline.toggleRepairWrench"":0.0004098099549381239,""baseline.unqueueFromProduction"":0.0011990097981312896,""candidate.activateSuperWeapon"":0.000011479270446446047,""candidate.orderUnits"":0.07276365157888756,""candidate.pauseProduction"":0.0008712766268852549,""candidate.placeBuilding"":0.0004580228908131973,""candidate.queueForProduction"":0.004107856929260718,""candidate.quitGame"":0.00018940796236635978,""candidate.resumeProduction"":0.0007805903903583311,""candidate.sellObject"":0.00001721890566966907,""candidate.setUnitDebugText"":0.010256728143899543,""candidate.toggleRepairWrench"":0.0004436738027551397,""candidate.unqueueFromProduction"":0.0008684068092736434}","{""counters"":{""debugCoalesced"":0,""debugDropped"":0,""debugForwarded"":17870,""debugProposals"":17870,""deferredUnitIds"":0,""duplicateSuppressions"":438,""expiredPending"":0,""forwardedOrderCalls"":126774,""forwardedUnitIds"":560368,""gameplayNonorderCalls"":13499,""invalidTargets"":0,""invalidTiles"":0,""invalidUnitIds"":0,""pendingUnitIds"":0,""productionBatches"":10346,""proposedCalls"":131772,""proposedUnitIds"":563134,""revokedPending"":0,""sameUnitConflicts"":2328,""supersededPending"":0},""countersPerObservedUpdate"":{""debugCoalesced"":0,""debugDropped"":0,""debugForwarded"":0.010256728143899543,""debugProposals"":0.010256728143899543,""deferredUnitIds"":0,""duplicateSuppressions"":0.0002513960227771684,""expiredPending"":0,""forwardedOrderCalls"":0.07276365157888756,""forwardedUnitIds"":0.3216307910767039,""gameplayNonorderCalls"":0.007747933587828759,""invalidTargets"":0,""invalidTiles"":0,""invalidUnitIds"":0,""pendingUnitIds"":0,""productionBatches"":0.00593822660194654,""proposedCalls"":0.07563232126345443,""proposedUnitIds"":0.3232183741794474,""revokedPending"":0,""sameUnitConflicts"":0.0013361870799663198,""supersededPending"":0},""referenceExceededUpdates"":334011,""budgetDenialUpdates"":0,""budgetDeniedUnitIdOccurrences"":0,""budgetDeniedDebugCalls"":0,""maxRollingCommandCalls"":1296,""maxPendingUnitIds"":0}"
"directions","1","disabled","100","1773750","{""baseline.activateSuperWeapon"":29,""baseline.orderUnits"":45315,""baseline.pauseProduction"":327,""baseline.placeBuilding"":878,""baseline.queueForProduction"":5870,""baseline.quitGame"":4038,""baseline.resumeProduction"":295,""baseline.sayAll"":21,""baseline.sellObject"":97,""baseline.setUnitDebugText"":14965,""baseline.toggleRepairWrench"":1152,""baseline.unqueueFromProduction"":1284,""candidate.activateSuperWeapon"":43,""candidate.orderUnits"":186315,""candidate.pauseProduction"":1910,""candidate.placeBuilding"":945,""candidate.queueForProduction"":8789,""candidate.quitGame"":253,""candidate.resumeProduction"":1765,""candidate.setUnitDebugText"":29096,""candidate.toggleRepairWrench"":523,""candidate.unqueueFromProduction"":1771}","{""baseline.activateSuperWeapon"":0.00001634954193093728,""baseline.orderUnits"":0.025547568710359406,""baseline.pauseProduction"":0.00018435517970401692,""baseline.placeBuilding"":0.0004949964763918252,""baseline.queueForProduction"":0.0033093727977448906,""baseline.quitGame"":0.002276532769556025,""baseline.resumeProduction"":0.00016631430584918957,""baseline.sayAll"":0.000011839323467230445,""baseline.sellObject"":0.000054686398872445386,""baseline.setUnitDebugText"":0.008436927413671599,""baseline.toggleRepairWrench"":0.0006494714587737844,""baseline.unqueueFromProduction"":0.0007238900634249472,""candidate.activateSuperWeapon"":0.000024242424242424244,""candidate.orderUnits"":0.10504016913319239,""candidate.pauseProduction"":0.001076814658210007,""candidate.placeBuilding"":0.00053276955602537,""candidate.queueForProduction"":0.004955038759689922,""candidate.quitGame"":0.0001426356589147287,""candidate.resumeProduction"":0.0009950669485553206,""candidate.setUnitDebugText"":0.01640366455250176,""candidate.toggleRepairWrench"":0.00029485553206483437,""candidate.unqueueFromProduction"":0.0009984496124031009}",""
"directions","1","separated_lanes_v2","100","1924229","{""baseline.activateSuperWeapon"":49,""baseline.orderUnits"":56440,""baseline.pauseProduction"":401,""baseline.placeBuilding"":953,""baseline.queueForProduction"":6099,""baseline.quitGame"":5325,""baseline.resumeProduction"":358,""baseline.sayAll"":31,""baseline.sellObject"":117,""baseline.setUnitDebugText"":16454,""baseline.toggleRepairWrench"":1146,""baseline.unqueueFromProduction"":1235,""candidate.activateSuperWeapon"":59,""candidate.orderUnits"":127028,""candidate.pauseProduction"":1920,""candidate.placeBuilding"":996,""candidate.queueForProduction"":8949,""candidate.quitGame"":43,""candidate.resumeProduction"":1755,""candidate.setUnitDebugText"":15875,""candidate.toggleRepairWrench"":688,""candidate.unqueueFromProduction"":1570}","{""baseline.activateSuperWeapon"":0.000025464744580816523,""baseline.orderUnits"":0.02933122824778132,""baseline.pauseProduction"":0.00020839515463076381,""baseline.placeBuilding"":0.0004952632976636356,""baseline.queueForProduction"":0.0031695811673142856,""baseline.quitGame"":0.002767342140670367,""baseline.resumeProduction"":0.000186048542039435,""baseline.sayAll"":0.000016110348612353313,""baseline.sellObject"":0.00006080357379501088,""baseline.setUnitDebugText"":0.008550957292505205,""baseline.toggleRepairWrench"":0.0005955632099921579,""baseline.unqueueFromProduction"":0.0006418155011695593,""candidate.activateSuperWeapon"":0.00003066163122996275,""candidate.orderUnits"":0.06601501172677472,""candidate.pauseProduction"":0.000997802236636076,""candidate.placeBuilding"":0.0005176099102549644,""candidate.queueForProduction"":0.004650693862320961,""candidate.quitGame"":0.000022346612591328788,""candidate.resumeProduction"":0.0009120536069251632,""candidate.setUnitDebugText"":0.008250057555519639,""candidate.toggleRepairWrench"":0.0003575458014612606,""candidate.unqueueFromProduction"":0.000815911203915958}","{""counters"":{""debugCoalesced"":0,""debugDropped"":14856,""debugForwarded"":15875,""debugProposals"":30731,""deferredUnitIds"":1632545,""duplicateSuppressions"":25807,""expiredPending"":140,""forwardedOrderCalls"":127028,""forwardedUnitIds"":395928,""gameplayNonorderCalls"":15980,""invalidTargets"":6460,""invalidTiles"":0,""invalidUnitIds"":686,""pendingUnitIds"":1632545,""productionBatches"":12685,""proposedCalls"":203285,""proposedUnitIds"":782047,""revokedPending"":112311,""sameUnitConflicts"":240534,""supersededPending"":221168},""countersPerObservedUpdate"":{""debugCoalesced"":0,""debugDropped"":0.007720494805971639,""debugForwarded"":0.008250057555519639,""debugProposals"":0.015970552361491277,""deferredUnitIds"":0.8484151314630431,""duplicateSuppressions"":0.013411605375451675,""expiredPending"":0.00007275641308804721,""forwardedOrderCalls"":0.06601501172677472,""forwardedUnitIds"":0.20575929372231683,""gameplayNonorderCalls"":0.008304624865335675,""invalidTargets"":0.0033571887753484644,""invalidTiles"":0,""invalidUnitIds"":0.00035650642413143134,""pendingUnitIds"":0.8484151314630431,""productionBatches"":0.006592250714441992,""proposedCalls"":0.10564491024716913,""proposedUnitIds"":0.4064209613304861,""revokedPending"":0.05836675364522622,""sameUnitConflicts"":0.1250027933265739,""supersededPending"":0.11493850264183733},""referenceExceededUpdates"":0,""budgetDenialUpdates"":230514,""budgetDeniedUnitIdOccurrences"":1632545,""budgetDeniedDebugCalls"":14856,""maxRollingCommandCalls"":115,""maxPendingUnitIds"":56}"
"directions","1","separated_lanes_unbounded_d1","100","1739333","{""baseline.activateSuperWeapon"":24,""baseline.orderUnits"":43111,""baseline.pauseProduction"":342,""baseline.placeBuilding"":883,""baseline.queueForProduction"":5845,""baseline.quitGame"":3260,""baseline.resumeProduction"":307,""baseline.sayAll"":20,""baseline.sellObject"":95,""baseline.setUnitDebugText"":14996,""baseline.toggleRepairWrench"":1399,""baseline.unqueueFromProduction"":1256,""candidate.activateSuperWeapon"":42,""candidate.orderUnits"":166912,""candidate.pauseProduction"":1935,""candidate.placeBuilding"":949,""candidate.queueForProduction"":8777,""candidate.quitGame"":278,""candidate.resumeProduction"":1790,""candidate.setUnitDebugText"":28486,""candidate.toggleRepairWrench"":580,""candidate.unqueueFromProduction"":1755}","{""baseline.activateSuperWeapon"":0.00001379839283219487,""baseline.orderUnits"":0.02478593805786471,""baseline.pauseProduction"":0.0001966270978587769,""baseline.placeBuilding"":0.0005076658696178362,""baseline.queueForProduction"":0.0033604835876741256,""baseline.quitGame"":0.0018742816930398033,""baseline.resumeProduction"":0.00017650444164515937,""baseline.sayAll"":0.000011498660693495724,""baseline.sellObject"":0.000054618638294104696,""baseline.setUnitDebugText"":0.008621695787983094,""baseline.toggleRepairWrench"":0.000804331315510026,""baseline.unqueueFromProduction"":0.0007221158915515316,""candidate.activateSuperWeapon"":0.000024147187456341022,""candidate.orderUnits"":0.09596322268363792,""candidate.pauseProduction"":0.0011124954220957115,""candidate.placeBuilding"":0.0005456114499063721,""candidate.queueForProduction"":0.005046187245340599,""candidate.quitGame"":0.0001598313836395906,""candidate.resumeProduction"":0.0010291301320678673,""candidate.setUnitDebugText"":0.01637754242574596,""candidate.toggleRepairWrench"":0.00033346116011137605,""candidate.unqueueFromProduction"":0.0010090074758542498}","{""counters"":{""debugCoalesced"":0,""debugDropped"":0,""debugForwarded"":28486,""debugProposals"":28486,""deferredUnitIds"":0,""duplicateSuppressions"":3881,""expiredPending"":0,""forwardedOrderCalls"":166912,""forwardedUnitIds"":674695,""gameplayNonorderCalls"":16106,""invalidTargets"":4844,""invalidTiles"":0,""invalidUnitIds"":0,""pendingUnitIds"":0,""productionBatches"":12654,""proposedCalls"":178598,""proposedUnitIds"":694521,""revokedPending"":0,""sameUnitConflicts"":11101,""supersededPending"":0},""countersPerObservedUpdate"":{""debugCoalesced"":0,""debugDropped"":0,""debugForwarded"":0.01637754242574596,""debugProposals"":0.01637754242574596,""deferredUnitIds"":0,""duplicateSuppressions"":0.0022313151075728454,""expiredPending"":0,""forwardedOrderCalls"":0.09596322268363792,""forwardedUnitIds"":0.3879044438299049,""gameplayNonorderCalls"":0.009259871456472108,""invalidTargets"":0.0027849756199646645,""invalidTiles"":0,""invalidUnitIds"":0,""pendingUnitIds"":0,""productionBatches"":0.0072752026207747456,""proposedCalls"":0.10268189012684747,""proposedUnitIds"":0.3993030661753672,""revokedPending"":0,""sameUnitConflicts"":0.006382331617924802,""supersededPending"":0},""referenceExceededUpdates"":537736,""budgetDenialUpdates"":0,""budgetDeniedUnitIdOccurrences"":0,""budgetDeniedDebugCalls"":0,""maxRollingCommandCalls"":1031,""maxPendingUnitIds"":0}"
"countryDirection","Africans/0","disabled","50","964508","{""baseline.orderUnits"":22051,""baseline.pauseProduction"":134,""baseline.placeBuilding"":546,""baseline.queueForProduction"":4023,""baseline.quitGame"":1817,""baseline.resumeProduction"":121,""baseline.sayAll"":6,""baseline.sellObject"":64,""baseline.setUnitDebugText"":8859,""baseline.toggleRepairWrench"":389,""baseline.unqueueFromProduction"":1147,""candidate.orderUnits"":80925,""candidate.pauseProduction"":940,""candidate.placeBuilding"":420,""candidate.queueForProduction"":4389,""candidate.quitGame"":191,""candidate.resumeProduction"":863,""candidate.sellObject"":20,""candidate.setUnitDebugText"":12140,""candidate.toggleRepairWrench"":322,""candidate.unqueueFromProduction"":722}","{""baseline.orderUnits"":0.022862433489405996,""baseline.pauseProduction"":0.0001389309368092333,""baseline.placeBuilding"":0.0005660917275958313,""baseline.queueForProduction"":0.004171038498384669,""baseline.quitGame"":0.001883862031211768,""baseline.resumeProduction"":0.00012545256234266589,""baseline.sayAll"":0.000006220788215338805,""baseline.sellObject"":0.00006635507429694725,""baseline.setUnitDebugText"":0.009184993799947746,""baseline.toggleRepairWrench"":0.00040331443596113253,""baseline.unqueueFromProduction"":0.0011892073471656015,""candidate.orderUnits"":0.08390288105438214,""candidate.pauseProduction"":0.0009745901537364127,""candidate.placeBuilding"":0.00043545517507371633,""candidate.queueForProduction"":0.0045505065795203355,""candidate.quitGame"":0.00019802842485495194,""candidate.resumeProduction"":0.0008947567049728981,""candidate.sellObject"":0.000020735960717796018,""candidate.setUnitDebugText"":0.012586728155702182,""candidate.toggleRepairWrench"":0.00033384896755651584,""candidate.unqueueFromProduction"":0.0007485681819124362}",""
"countryDirection","Africans/0","separated_lanes_v2","50","967483","{""baseline.orderUnits"":24254,""baseline.pauseProduction"":150,""baseline.placeBuilding"":559,""baseline.queueForProduction"":4120,""baseline.quitGame"":4,""baseline.resumeProduction"":139,""baseline.sayAll"":5,""baseline.sellObject"":70,""baseline.setUnitDebugText"":9912,""baseline.toggleRepairWrench"":340,""baseline.unqueueFromProduction"":1172,""candidate.orderUnits"":61069,""candidate.pauseProduction"":848,""candidate.placeBuilding"":408,""candidate.queueForProduction"":4360,""candidate.quitGame"":118,""candidate.resumeProduction"":777,""candidate.sellObject"":28,""candidate.setUnitDebugText"":6645,""candidate.toggleRepairWrench"":342,""candidate.unqueueFromProduction"":721}","{""baseline.orderUnits"":0.025069174342081463,""baseline.pauseProduction"":0.00015504148393305102,""baseline.placeBuilding"":0.0005777879301238369,""baseline.queueForProduction"":0.004258472758694468,""baseline.quitGame"":0.000004134439571548027,""baseline.resumeProduction"":0.00014367177511129394,""baseline.sayAll"":0.000005168049464435034,""baseline.sellObject"":0.00007235269250209048,""baseline.setUnitDebugText"":0.01024514125829601,""baseline.toggleRepairWrench"":0.0003514273635815823,""baseline.unqueueFromProduction"":0.0012113907944635719,""candidate.orderUnits"":0.06312152254871661,""candidate.pauseProduction"":0.0008765011891681818,""candidate.placeBuilding"":0.0004217128362978988,""candidate.queueForProduction"":0.00450653913298735,""candidate.quitGame"":0.0001219659673606668,""candidate.resumeProduction"":0.0008031148867732043,""candidate.sellObject"":0.00002894107700083619,""candidate.setUnitDebugText"":0.00686833773823416,""candidate.toggleRepairWrench"":0.0003534945833673563,""candidate.unqueueFromProduction"":0.0007452327327715319}","{""counters"":{""debugCoalesced"":0,""debugDropped"":4906,""debugForwarded"":6645,""debugProposals"":11551,""deferredUnitIds"":741120,""duplicateSuppressions"":19604,""expiredPending"":26,""forwardedOrderCalls"":61069,""forwardedUnitIds"":215700,""gameplayNonorderCalls"":7602,""invalidTargets"":2101,""invalidTiles"":0,""invalidUnitIds"":218,""pendingUnitIds"":741120,""productionBatches"":6079,""proposedCalls"":81414,""proposedUnitIds"":388535,""revokedPending"":29206,""sameUnitConflicts"":121658,""supersededPending"":118585},""countersPerObservedUpdate"":{""debugCoalesced"":0,""debugDropped"":0.005070890134503655,""debugForwarded"":0.00686833773823416,""debugProposals"":0.011939227872737816,""deferredUnitIds"":0.7660289638164185,""duplicateSuppressions"":0.02026288834015688,""expiredPending"":0.000026873857215062176,""forwardedOrderCalls"":0.06312152254871661,""forwardedUnitIds"":0.22294965389572738,""gameplayNonorderCalls"":0.007857502405727025,""invalidTargets"":0.0021716143849556013,""invalidTiles"":0,""invalidUnitIds"":0.00022532695664936747,""pendingUnitIds"":0.7660289638164185,""productionBatches"":0.006283314538860114,""proposedCalls"":0.08415031581950277,""proposedUnitIds"":0.4015936197328532,""revokedPending"":0.03018761053165792,""sameUnitConflicts"":0.12574691234884747,""supersededPending"":0.1225706291480057},""referenceExceededUpdates"":0,""budgetDenialUpdates"":85317,""budgetDeniedUnitIdOccurrences"":741120,""budgetDeniedDebugCalls"":4906,""maxRollingCommandCalls"":115,""maxPendingUnitIds"":43}"
"countryDirection","Africans/0","separated_lanes_unbounded_d1","50","964508","{""baseline.orderUnits"":22159,""baseline.pauseProduction"":134,""baseline.placeBuilding"":546,""baseline.queueForProduction"":4012,""baseline.quitGame"":1817,""baseline.resumeProduction"":121,""baseline.sayAll"":6,""baseline.sellObject"":64,""baseline.setUnitDebugText"":8880,""baseline.toggleRepairWrench"":380,""baseline.unqueueFromProduction"":1129,""candidate.orderUnits"":78521,""candidate.pauseProduction"":940,""candidate.placeBuilding"":420,""candidate.queueForProduction"":4393,""candidate.quitGame"":191,""candidate.resumeProduction"":863,""candidate.sellObject"":20,""candidate.setUnitDebugText"":12144,""candidate.toggleRepairWrench"":322,""candidate.unqueueFromProduction"":724}","{""baseline.orderUnits"":0.022974407677282097,""baseline.pauseProduction"":0.0001389309368092333,""baseline.placeBuilding"":0.0005660917275958313,""baseline.queueForProduction"":0.0041596337199898805,""baseline.quitGame"":0.001883862031211768,""baseline.resumeProduction"":0.00012545256234266589,""baseline.sayAll"":0.000006220788215338805,""baseline.sellObject"":0.00006635507429694725,""baseline.setUnitDebugText"":0.00920676655870143,""baseline.toggleRepairWrench"":0.0003939832536381243,""baseline.unqueueFromProduction"":0.0011705449825195851,""candidate.orderUnits"":0.08141041857610305,""candidate.pauseProduction"":0.0009745901537364127,""candidate.placeBuilding"":0.00043545517507371633,""candidate.queueForProduction"":0.004554653771663895,""candidate.quitGame"":0.00019802842485495194,""candidate.resumeProduction"":0.0008947567049728981,""candidate.sellObject"":0.000020735960717796018,""candidate.setUnitDebugText"":0.012590875347845741,""candidate.toggleRepairWrench"":0.00033384896755651584,""candidate.unqueueFromProduction"":0.0007506417779842158}","{""counters"":{""debugCoalesced"":0,""debugDropped"":0,""debugForwarded"":12144,""debugProposals"":12144,""deferredUnitIds"":0,""duplicateSuppressions"":123,""expiredPending"":0,""forwardedOrderCalls"":78521,""forwardedUnitIds"":421236,""gameplayNonorderCalls"":7873,""invalidTargets"":0,""invalidTiles"":0,""invalidUnitIds"":0,""pendingUnitIds"":0,""productionBatches"":6194,""proposedCalls"":81840,""proposedUnitIds"":423285,""revokedPending"":0,""sameUnitConflicts"":1926,""supersededPending"":0},""countersPerObservedUpdate"":{""debugCoalesced"":0,""debugDropped"":0,""debugForwarded"":0.012590875347845741,""debugProposals"":0.012590875347845741,""deferredUnitIds"":0,""duplicateSuppressions"":0.0001275261584144455,""expiredPending"":0,""forwardedOrderCalls"":0.08141041857610305,""forwardedUnitIds"":0.43673665744607615,""gameplayNonorderCalls"":0.008162710936560402,""invalidTargets"":0,""invalidTiles"":0,""invalidUnitIds"":0,""pendingUnitIds"":0,""productionBatches"":0.006421927034301426,""proposedCalls"":0.0848515512572213,""proposedUnitIds"":0.43886105662161434,""revokedPending"":0,""sameUnitConflicts"":0.0019968730171237565,""supersededPending"":0},""referenceExceededUpdates"":222282,""budgetDenialUpdates"":0,""budgetDeniedUnitIdOccurrences"":0,""budgetDeniedDebugCalls"":0,""maxRollingCommandCalls"":1296,""maxPendingUnitIds"":0}"
"countryDirection","Africans/1","disabled","50","949352","{""baseline.orderUnits"":23222,""baseline.pauseProduction"":143,""baseline.placeBuilding"":470,""baseline.queueForProduction"":3368,""baseline.quitGame"":423,""baseline.resumeProduction"":130,""baseline.sayAll"":12,""baseline.sellObject"":75,""baseline.setUnitDebugText"":9632,""baseline.toggleRepairWrench"":460,""baseline.unqueueFromProduction"":664,""candidate.orderUnits"":84844,""candidate.pauseProduction"":1215,""candidate.placeBuilding"":501,""candidate.queueForProduction"":5261,""candidate.resumeProduction"":1133,""candidate.setUnitDebugText"":16436,""candidate.toggleRepairWrench"":311,""candidate.unqueueFromProduction"":950}","{""baseline.orderUnits"":0.024460895431831397,""baseline.pauseProduction"":0.0001506290606645375,""baseline.placeBuilding"":0.0004950745350512771,""baseline.queueForProduction"":0.00354768305117596,""baseline.quitGame"":0.00044556708154614935,""baseline.resumeProduction"":0.0001369355096950341,""baseline.sayAll"":0.000012640200894926223,""baseline.sellObject"":0.0000790012555932889,""baseline.setUnitDebugText"":0.010145867918327448,""baseline.toggleRepairWrench"":0.0004845410343055052,""baseline.unqueueFromProduction"":0.0006994244495192511,""candidate.orderUnits"":0.0893704337274267,""candidate.pauseProduction"":0.0012798203406112802,""candidate.placeBuilding"":0.0005277283873631698,""candidate.queueForProduction"":0.0055416747423505715,""candidate.resumeProduction"":0.001193445634495951,""candidate.setUnitDebugText"":0.017312861825750616,""candidate.toggleRepairWrench"":0.0003275918731935046,""candidate.unqueueFromProduction"":0.001000682570848326}",""
"countryDirection","Africans/1","separated_lanes_v2","50","1009045","{""baseline.orderUnits"":24479,""baseline.pauseProduction"":172,""baseline.placeBuilding"":495,""baseline.queueForProduction"":3447,""baseline.quitGame"":1509,""baseline.resumeProduction"":157,""baseline.sayAll"":28,""baseline.sellObject"":91,""baseline.setUnitDebugText"":9832,""baseline.toggleRepairWrench"":431,""baseline.unqueueFromProduction"":651,""candidate.orderUnits"":61181,""candidate.pauseProduction"":1145,""candidate.placeBuilding"":514,""candidate.queueForProduction"":5290,""candidate.quitGame"":28,""candidate.resumeProduction"":1058,""candidate.setUnitDebugText"":9308,""candidate.toggleRepairWrench"":320,""candidate.unqueueFromProduction"":792}","{""baseline.orderUnits"":0.02425957216972484,""baseline.pauseProduction"":0.00017045820553097235,""baseline.placeBuilding"":0.0004905628589408797,""baseline.queueForProduction"":0.0034161013631701263,""baseline.quitGame"":0.001495473442710682,""baseline.resumeProduction"":0.0001555926643509457,""baseline.sayAll"":0.00002774901020271643,""baseline.sellObject"":0.00009018428315882839,""baseline.setUnitDebugText"":0.00974386672546814,""baseline.toggleRepairWrench"":0.00042713654990609933,""baseline.unqueueFromProduction"":0.000645164487213157,""candidate.orderUnits"":0.060632578329014065,""candidate.pauseProduction"":0.0011347363100753683,""candidate.placeBuilding"":0.0005093925444355802,""candidate.queueForProduction"":0.005242580856156068,""candidate.quitGame"":0.00002774901020271643,""candidate.resumeProduction"":0.0010485161712312137,""candidate.setUnitDebugText"":0.009224563820245876,""candidate.toggleRepairWrench"":0.00031713154517390207,""candidate.unqueueFromProduction"":0.0007849005743054075}","{""counters"":{""debugCoalesced"":0,""debugDropped"":8959,""debugForwarded"":9308,""debugProposals"":18267,""deferredUnitIds"":822750,""duplicateSuppressions"":17578,""expiredPending"":109,""forwardedOrderCalls"":61181,""forwardedUnitIds"":206949,""gameplayNonorderCalls"":9147,""invalidTargets"":2864,""invalidTiles"":0,""invalidUnitIds"":362,""pendingUnitIds"":822750,""productionBatches"":7325,""proposedCalls"":92462,""proposedUnitIds"":372369,""revokedPending"":21254,""sameUnitConflicts"":123179,""supersededPending"":114262},""countersPerObservedUpdate"":{""debugCoalesced"":0,""debugDropped"":0.00887869222879059,""debugForwarded"":0.009224563820245876,""debugProposals"":0.018103256049036464,""deferredUnitIds"":0.8153749337244622,""duplicateSuppressions"":0.017420432190833907,""expiredPending"":0.00010802293257486038,""forwardedOrderCalls"":0.060632578329014065,""forwardedUnitIds"":0.2050939254443558,""gameplayNonorderCalls"":0.009065007011580256,""invalidTargets"":0.0028383273293064236,""invalidTiles"":0,""invalidUnitIds"":0.0003587550604779767,""pendingUnitIds"":0.8153749337244622,""productionBatches"":0.007259339276246351,""proposedCalls"":0.09163317790584166,""proposedUnitIds"":0.3690311135776898,""revokedPending"":0.021063480816019105,""sameUnitConflicts"":0.12207483313430026,""supersededPending"":0.11323776442081374},""referenceExceededUpdates"":0,""budgetDenialUpdates"":108117,""budgetDeniedUnitIdOccurrences"":822750,""budgetDeniedDebugCalls"":8959,""maxRollingCommandCalls"":115,""maxPendingUnitIds"":56}"
"countryDirection","Africans/1","separated_lanes_unbounded_d1","50","947679","{""baseline.orderUnits"":23016,""baseline.pauseProduction"":143,""baseline.placeBuilding"":469,""baseline.queueForProduction"":3359,""baseline.quitGame"":423,""baseline.resumeProduction"":130,""baseline.sayAll"":12,""baseline.sellObject"":75,""baseline.setUnitDebugText"":9596,""baseline.toggleRepairWrench"":465,""baseline.unqueueFromProduction"":665,""candidate.orderUnits"":76705,""candidate.pauseProduction"":1217,""candidate.placeBuilding"":502,""candidate.queueForProduction"":5218,""candidate.quitGame"":25,""candidate.resumeProduction"":1135,""candidate.setUnitDebugText"":16350,""candidate.toggleRepairWrench"":324,""candidate.unqueueFromProduction"":954}","{""baseline.orderUnits"":0.024286704675317274,""baseline.pauseProduction"":0.00015089497604146553,""baseline.placeBuilding"":0.0004948933130311002,""baseline.queueForProduction"":0.003544449122540438,""baseline.quitGame"":0.000446353670388391,""baseline.resumeProduction"":0.00013717725094678683,""baseline.sayAll"":0.000012662515472011092,""baseline.sellObject"":0.00007914072170006933,""baseline.setUnitDebugText"":0.010125791539118204,""baseline.toggleRepairWrench"":0.0004906724745404298,""baseline.unqueueFromProduction"":0.000701714399073948,""candidate.orderUnits"":0.08093985410671757,""candidate.pauseProduction"":0.0012841901107864583,""candidate.placeBuilding"":0.0005297152305791307,""candidate.queueForProduction"":0.00550608381107949,""candidate.quitGame"":0.000026380240566689776,""candidate.resumeProduction"":0.0011976629217277158,""candidate.setUnitDebugText"":0.017252677330615113,""candidate.toggleRepairWrench"":0.0003418879177442995,""candidate.unqueueFromProduction"":0.0010066699800248817}","{""counters"":{""debugCoalesced"":0,""debugDropped"":0,""debugForwarded"":16350,""debugProposals"":16350,""deferredUnitIds"":0,""duplicateSuppressions"":919,""expiredPending"":0,""forwardedOrderCalls"":76705,""forwardedUnitIds"":318427,""gameplayNonorderCalls"":9375,""invalidTargets"":0,""invalidTiles"":0,""invalidUnitIds"":0,""pendingUnitIds"":0,""productionBatches"":7446,""proposedCalls"":82707,""proposedUnitIds"":325004,""revokedPending"":0,""sameUnitConflicts"":5658,""supersededPending"":0},""countersPerObservedUpdate"":{""debugCoalesced"":0,""debugDropped"":0,""debugForwarded"":0.017252677330615113,""debugProposals"":0.017252677330615113,""deferredUnitIds"":0,""duplicateSuppressions"":0.0009697376432315161,""expiredPending"":0,""forwardedOrderCalls"":0.08093985410671757,""forwardedUnitIds"":0.336007234517173,""gameplayNonorderCalls"":0.009892590212508667,""invalidTargets"":0,""invalidTiles"":0,""invalidUnitIds"":0,""pendingUnitIds"":0,""productionBatches"":0.007857090850382883,""proposedCalls"":0.08727322226196844,""proposedUnitIds"":0.34294734820545775,""revokedPending"":0,""sameUnitConflicts"":0.00597037604505323,""supersededPending"":0},""referenceExceededUpdates"":242475,""budgetDenialUpdates"":0,""budgetDeniedUnitIdOccurrences"":0,""budgetDeniedDebugCalls"":0,""maxRollingCommandCalls"":867,""maxPendingUnitIds"":0}"
"countryDirection","Americans/0","disabled","50","764807","{""baseline.activateSuperWeapon"":52,""baseline.orderUnits"":29147,""baseline.pauseProduction"":182,""baseline.placeBuilding"":444,""baseline.queueForProduction"":2916,""baseline.quitGame"":1131,""baseline.resumeProduction"":168,""baseline.sayAll"":1,""baseline.sellObject"":5,""baseline.setUnitDebugText"":7943,""baseline.toggleRepairWrench"":239,""baseline.unqueueFromProduction"":852,""candidate.activateSuperWeapon"":25,""candidate.orderUnits"":46019,""candidate.pauseProduction"":617,""candidate.placeBuilding"":388,""candidate.queueForProduction"":2739,""candidate.quitGame"":97,""candidate.resumeProduction"":526,""candidate.sellObject"":10,""candidate.setUnitDebugText"":5358,""candidate.toggleRepairWrench"":492,""candidate.unqueueFromProduction"":837}","{""baseline.activateSuperWeapon"":0.0000679910094965135,""baseline.orderUnits"":0.03811026834220921,""baseline.pauseProduction"":0.00023796853323779726,""baseline.placeBuilding"":0.0005805386195471537,""baseline.queueForProduction"":0.003812726609458334,""baseline.quitGame"":0.0014788044565491687,""baseline.resumeProduction"":0.0002196632614502744,""baseline.sayAll"":0.0000013075194133944903,""baseline.sellObject"":0.0000065375970669724515,""baseline.setUnitDebugText"":0.010385626700592437,""baseline.toggleRepairWrench"":0.0003124971398012832,""baseline.unqueueFromProduction"":0.0011140065402121058,""candidate.activateSuperWeapon"":0.00003268798533486226,""candidate.orderUnits"":0.060170735885001055,""candidate.pauseProduction"":0.0008067394780644006,""candidate.placeBuilding"":0.0005073175323970623,""candidate.queueForProduction"":0.003581295673287509,""candidate.quitGame"":0.00012682938309926557,""candidate.resumeProduction"":0.0006877552114455019,""candidate.sellObject"":0.000013075194133944903,""candidate.setUnitDebugText"":0.00700568901696768,""candidate.toggleRepairWrench"":0.0006432995513900892,""candidate.unqueueFromProduction"":0.0010943937490111885}",""
"countryDirection","Americans/0","separated_lanes_v2","50","873663","{""baseline.activateSuperWeapon"":65,""baseline.orderUnits"":29694,""baseline.pauseProduction"":204,""baseline.placeBuilding"":471,""baseline.queueForProduction"":3200,""baseline.quitGame"":2294,""baseline.resumeProduction"":198,""baseline.sayAll"":2,""baseline.sellObject"":6,""baseline.setUnitDebugText"":7789,""baseline.toggleRepairWrench"":248,""baseline.unqueueFromProduction"":1058,""candidate.activateSuperWeapon"":26,""candidate.orderUnits"":46899,""candidate.pauseProduction"":626,""candidate.placeBuilding"":403,""candidate.queueForProduction"":2864,""candidate.quitGame"":567,""candidate.resumeProduction"":538,""candidate.sellObject"":9,""candidate.setUnitDebugText"":4549,""candidate.toggleRepairWrench"":464,""candidate.unqueueFromProduction"":806}","{""baseline.activateSuperWeapon"":0.00007439939656366356,""baseline.orderUnits"":0.033987933562483474,""baseline.pauseProduction"":0.00023349964459980566,""baseline.placeBuilding"":0.000539109473561316,""baseline.queueForProduction"":0.003662739523134206,""baseline.quitGame"":0.002625726395646834,""baseline.resumeProduction"":0.000226632007993929,""baseline.sayAll"":0.0000022892122019588787,""baseline.sellObject"":0.0000068676366058766366,""baseline.setUnitDebugText"":0.008915336920528854,""baseline.toggleRepairWrench"":0.00028386231304290097,""baseline.unqueueFromProduction"":0.001210993254836247,""candidate.activateSuperWeapon"":0.000029759758625465426,""candidate.orderUnits"":0.05368088152983473,""candidate.pauseProduction"":0.0007165234192131291,""candidate.placeBuilding"":0.0004612762586947141,""candidate.queueForProduction"":0.0032781518732051145,""candidate.quitGame"":0.0006489916592553422,""candidate.resumeProduction"":0.0006157980823269384,""candidate.sellObject"":0.000010301454908814955,""candidate.setUnitDebugText"":0.00520681315335547,""candidate.toggleRepairWrench"":0.0005310972308544599,""candidate.unqueueFromProduction"":0.0009225525173894282}","{""counters"":{""debugCoalesced"":0,""debugDropped"":1447,""debugForwarded"":4549,""debugProposals"":5996,""deferredUnitIds"":411422,""duplicateSuppressions"":3890,""expiredPending"":5,""forwardedOrderCalls"":46899,""forwardedUnitIds"":136064,""gameplayNonorderCalls"":6303,""invalidTargets"":801,""invalidTiles"":0,""invalidUnitIds"":174,""pendingUnitIds"":411422,""productionBatches"":4361,""proposedCalls"":60783,""proposedUnitIds"":236587,""revokedPending"":1749,""sameUnitConflicts"":93903,""supersededPending"":92385},""countersPerObservedUpdate"":{""debugCoalesced"":0,""debugDropped"":0.001656245028117249,""debugForwarded"":0.00520681315335547,""debugProposals"":0.006863058181472719,""deferredUnitIds"":0.4709161312771629,""duplicateSuppressions"":0.00445251773281002,""expiredPending"":0.000005723030504897197,""forwardedOrderCalls"":0.05368088152983473,""forwardedUnitIds"":0.15573968452366646,""gameplayNonorderCalls"":0.007214452254473406,""invalidTargets"":0.000916829486884531,""invalidTiles"":0,""invalidUnitIds"":0.00019916146157042245,""pendingUnitIds"":0.4709161312771629,""productionBatches"":0.004991627206371335,""proposedCalls"":0.06957259263583326,""proposedUnitIds"":0.27079892361242264,""revokedPending"":0.0020019160706130396,""sameUnitConflicts"":0.10748194670027231,""supersededPending"":0.10574443463898552},""referenceExceededUpdates"":0,""budgetDenialUpdates"":62557,""budgetDeniedUnitIdOccurrences"":411422,""budgetDeniedDebugCalls"":1447,""maxRollingCommandCalls"":115,""maxPendingUnitIds"":30}"
"countryDirection","Americans/0","separated_lanes_unbounded_d1","50","777763","{""baseline.activateSuperWeapon"":53,""baseline.orderUnits"":27698,""baseline.pauseProduction"":185,""baseline.placeBuilding"":446,""baseline.queueForProduction"":3054,""baseline.quitGame"":55,""baseline.resumeProduction"":174,""baseline.sayAll"":1,""baseline.sellObject"":7,""baseline.setUnitDebugText"":8260,""baseline.toggleRepairWrench"":334,""baseline.unqueueFromProduction"":960,""candidate.activateSuperWeapon"":20,""candidate.orderUnits"":48253,""candidate.pauseProduction"":578,""candidate.placeBuilding"":378,""candidate.queueForProduction"":2764,""candidate.quitGame"":139,""candidate.resumeProduction"":497,""candidate.sellObject"":10,""candidate.setUnitDebugText"":5726,""candidate.toggleRepairWrench"":451,""candidate.unqueueFromProduction"":789}","{""baseline.activateSuperWeapon"":0.00006814415188174289,""baseline.orderUnits"":0.03561239092114179,""baseline.pauseProduction"":0.0002378616622287252,""baseline.placeBuilding"":0.0005734394667784403,""baseline.queueForProduction"":0.003926646034846091,""baseline.quitGame"":0.00007071562931124263,""baseline.resumeProduction"":0.00022371853636647668,""baseline.sayAll"":0.000001285738714749866,""baseline.sellObject"":0.000009000171003249062,""baseline.setUnitDebugText"":0.010620201783833893,""baseline.toggleRepairWrench"":0.00042943673072645526,""baseline.unqueueFromProduction"":0.0012343091661598713,""candidate.activateSuperWeapon"":0.00002571477429499732,""candidate.orderUnits"":0.06204075020282528,""candidate.pauseProduction"":0.0007431569771254225,""candidate.placeBuilding"":0.00048600923417544935,""candidate.queueForProduction"":0.0035537818075686294,""candidate.quitGame"":0.00017871768135023137,""candidate.resumeProduction"":0.0006390121412306834,""candidate.sellObject"":0.00001285738714749866,""candidate.setUnitDebugText"":0.007362139880657733,""candidate.toggleRepairWrench"":0.0005798681603521895,""candidate.unqueueFromProduction"":0.0010144478459376443}","{""counters"":{""debugCoalesced"":0,""debugDropped"":0,""debugForwarded"":5726,""debugProposals"":5726,""deferredUnitIds"":0,""duplicateSuppressions"":315,""expiredPending"":0,""forwardedOrderCalls"":48253,""forwardedUnitIds"":139132,""gameplayNonorderCalls"":5626,""invalidTargets"":0,""invalidTiles"":0,""invalidUnitIds"":0,""pendingUnitIds"":0,""productionBatches"":4152,""proposedCalls"":49932,""proposedUnitIds"":139849,""revokedPending"":0,""sameUnitConflicts"":402,""supersededPending"":0},""countersPerObservedUpdate"":{""debugCoalesced"":0,""debugDropped"":0,""debugForwarded"":0.007362139880657733,""debugProposals"":0.007362139880657733,""deferredUnitIds"":0,""duplicateSuppressions"":0.0004050076951462078,""expiredPending"":0,""forwardedOrderCalls"":0.06204075020282528,""forwardedUnitIds"":0.17888739886057836,""gameplayNonorderCalls"":0.007233566009182746,""invalidTargets"":0,""invalidTiles"":0,""invalidUnitIds"":0,""pendingUnitIds"":0,""productionBatches"":0.005338387143641443,""proposedCalls"":0.06419950550489031,""proposedUnitIds"":0.179809273519054,""revokedPending"":0,""sameUnitConflicts"":0.0005168669633294461,""supersededPending"":0},""referenceExceededUpdates"":111729,""budgetDenialUpdates"":0,""budgetDeniedUnitIdOccurrences"":0,""budgetDeniedDebugCalls"":0,""maxRollingCommandCalls"":365,""maxPendingUnitIds"":0}"
"countryDirection","Americans/1","disabled","50","824398","{""baseline.activateSuperWeapon"":29,""baseline.orderUnits"":22093,""baseline.pauseProduction"":184,""baseline.placeBuilding"":408,""baseline.queueForProduction"":2502,""baseline.quitGame"":3615,""baseline.resumeProduction"":165,""baseline.sayAll"":9,""baseline.sellObject"":22,""baseline.setUnitDebugText"":5333,""baseline.toggleRepairWrench"":692,""baseline.unqueueFromProduction"":620,""candidate.activateSuperWeapon"":43,""candidate.orderUnits"":101471,""candidate.pauseProduction"":695,""candidate.placeBuilding"":444,""candidate.queueForProduction"":3528,""candidate.quitGame"":253,""candidate.resumeProduction"":632,""candidate.setUnitDebugText"":12660,""candidate.toggleRepairWrench"":212,""candidate.unqueueFromProduction"":821}","{""baseline.activateSuperWeapon"":0.00003517718383596273,""baseline.orderUnits"":0.026798949051307742,""baseline.pauseProduction"":0.00022319316640748765,""baseline.placeBuilding"":0.0004949065863818204,""baseline.queueForProduction"":0.0030349418606061634,""baseline.quitGame"":0.004385017916103629,""baseline.resumeProduction"":0.0002001460459632362,""baseline.sayAll"":0.000010917057052540156,""baseline.sellObject"":0.000026686139461764828,""baseline.setUnitDebugText"":0.006468962806799628,""baseline.toggleRepairWrench"":0.0008394003867064209,""baseline.unqueueFromProduction"":0.0007520639302860996,""candidate.activateSuperWeapon"":0.00005215927258435853,""candidate.orderUnits"":0.12308496624203358,""candidate.pauseProduction"":0.0008430394057239343,""candidate.placeBuilding"":0.0005385748145919811,""candidate.queueForProduction"":0.0042794863645957415,""candidate.quitGame"":0.00030689060381029553,""candidate.resumeProduction"":0.0007666200063561532,""candidate.setUnitDebugText"":0.015356660253906487,""candidate.toggleRepairWrench"":0.00025715734390427923,""candidate.unqueueFromProduction"":0.0009958782044594966}",""
"countryDirection","Americans/1","separated_lanes_v2","50","915184","{""baseline.activateSuperWeapon"":49,""baseline.orderUnits"":31961,""baseline.pauseProduction"":229,""baseline.placeBuilding"":458,""baseline.queueForProduction"":2652,""baseline.quitGame"":3816,""baseline.resumeProduction"":201,""baseline.sayAll"":3,""baseline.sellObject"":26,""baseline.setUnitDebugText"":6622,""baseline.toggleRepairWrench"":715,""baseline.unqueueFromProduction"":584,""candidate.activateSuperWeapon"":59,""candidate.orderUnits"":65847,""candidate.pauseProduction"":775,""candidate.placeBuilding"":482,""candidate.queueForProduction"":3659,""candidate.quitGame"":15,""candidate.resumeProduction"":697,""candidate.setUnitDebugText"":6567,""candidate.toggleRepairWrench"":368,""candidate.unqueueFromProduction"":778}","{""baseline.activateSuperWeapon"":0.000053541145824227694,""baseline.orderUnits"":0.03492303187118656,""baseline.pauseProduction"":0.00025022290599486006,""baseline.placeBuilding"":0.0005004458119897201,""baseline.queueForProduction"":0.00289777793318065,""baseline.quitGame"":0.004169653315617406,""baseline.resumeProduction"":0.00021962796552387278,""baseline.sayAll"":0.000003278029336177206,""baseline.sellObject"":0.000028409587580202452,""baseline.setUnitDebugText"":0.007235703421388486,""baseline.toggleRepairWrench"":0.0007812636584555674,""baseline.unqueueFromProduction"":0.0006381230441091627,""candidate.activateSuperWeapon"":0.00006446791027815172,""candidate.orderUnits"":0.0719494658997535,""candidate.pauseProduction"":0.0008468242451791115,""candidate.placeBuilding"":0.0005266700466791378,""candidate.queueForProduction"":0.003998103113690799,""candidate.quitGame"":0.00001639014668088603,""candidate.resumeProduction"":0.0007615954824385042,""candidate.setUnitDebugText"":0.007175606216891904,""candidate.toggleRepairWrench"":0.00040210493190440393,""candidate.unqueueFromProduction"":0.0008501022745152887}","{""counters"":{""debugCoalesced"":0,""debugDropped"":5897,""debugForwarded"":6567,""debugProposals"":12464,""deferredUnitIds"":809795,""duplicateSuppressions"":8229,""expiredPending"":31,""forwardedOrderCalls"":65847,""forwardedUnitIds"":188979,""gameplayNonorderCalls"":6833,""invalidTargets"":3596,""invalidTiles"":0,""invalidUnitIds"":324,""pendingUnitIds"":809795,""productionBatches"":5360,""proposedCalls"":110823,""proposedUnitIds"":409678,""revokedPending"":91057,""sameUnitConflicts"":117355,""supersededPending"":106906},""countersPerObservedUpdate"":{""debugCoalesced"":0,""debugDropped"":0.006443512998478994,""debugForwarded"":0.007175606216891904,""debugProposals"":0.013619119215370899,""deferredUnitIds"":0.8848439220965402,""duplicateSuppressions"":0.008991634469134075,""expiredPending"":0.00003387296980716446,""forwardedOrderCalls"":0.0719494658997535,""forwardedUnitIds"":0.20649290197381073,""gameplayNonorderCalls"":0.007466258151366282,""invalidTargets"":0.003929264497631078,""invalidTiles"":0,""invalidUnitIds"":0.0003540271683071382,""pendingUnitIds"":0.8848439220965402,""productionBatches"":0.005856745747303275,""proposedCalls"":0.12109368170772217,""proposedUnitIds"":0.44764550079546844,""revokedPending"":0.09949583908809595,""sameUnitConflicts"":0.12823104424902534,""supersededPending"":0.11681366807112012},""referenceExceededUpdates"":0,""budgetDenialUpdates"":122397,""budgetDeniedUnitIdOccurrences"":809795,""budgetDeniedDebugCalls"":5897,""maxRollingCommandCalls"":115,""maxPendingUnitIds"":54}"
"countryDirection","Americans/1","separated_lanes_unbounded_d1","50","791654","{""baseline.activateSuperWeapon"":24,""baseline.orderUnits"":20095,""baseline.pauseProduction"":199,""baseline.placeBuilding"":414,""baseline.queueForProduction"":2486,""baseline.quitGame"":2837,""baseline.resumeProduction"":177,""baseline.sayAll"":8,""baseline.sellObject"":20,""baseline.setUnitDebugText"":5400,""baseline.toggleRepairWrench"":934,""baseline.unqueueFromProduction"":591,""candidate.activateSuperWeapon"":42,""candidate.orderUnits"":90207,""candidate.pauseProduction"":718,""candidate.placeBuilding"":447,""candidate.queueForProduction"":3559,""candidate.quitGame"":253,""candidate.resumeProduction"":655,""candidate.setUnitDebugText"":12136,""candidate.toggleRepairWrench"":256,""candidate.unqueueFromProduction"":801}","{""baseline.activateSuperWeapon"":0.000030316274534076755,""baseline.orderUnits"":0.02538356403176135,""baseline.pauseProduction"":0.0002513724430117198,""baseline.placeBuilding"":0.0005229557357128241,""baseline.queueForProduction"":0.003140260770488117,""baseline.quitGame"":0.0035836362855489897,""baseline.resumeProduction"":0.00022358252468881608,""baseline.sayAll"":0.000010105424844692252,""baseline.sellObject"":0.00002526356211173063,""baseline.setUnitDebugText"":0.00682116177016727,""baseline.toggleRepairWrench"":0.0011798083506178204,""baseline.unqueueFromProduction"":0.0007465382604016401,""candidate.activateSuperWeapon"":0.000053053480434634325,""candidate.orderUnits"":0.11394750737064424,""candidate.pauseProduction"":0.0009069618798111296,""candidate.placeBuilding"":0.0005646406131971796,""candidate.queueForProduction"":0.004495650877782466,""candidate.quitGame"":0.00031958406071339247,""candidate.resumeProduction"":0.0008273816591591782,""candidate.setUnitDebugText"":0.015329929489398146,""candidate.toggleRepairWrench"":0.00032337359503015206,""candidate.unqueueFromProduction"":0.0010118056625748118}","{""counters"":{""debugCoalesced"":0,""debugDropped"":0,""debugForwarded"":12136,""debugProposals"":12136,""deferredUnitIds"":0,""duplicateSuppressions"":2962,""expiredPending"":0,""forwardedOrderCalls"":90207,""forwardedUnitIds"":356268,""gameplayNonorderCalls"":6731,""invalidTargets"":4844,""invalidTiles"":0,""invalidUnitIds"":0,""pendingUnitIds"":0,""productionBatches"":5208,""proposedCalls"":95891,""proposedUnitIds"":369517,""revokedPending"":0,""sameUnitConflicts"":5443,""supersededPending"":0},""countersPerObservedUpdate"":{""debugCoalesced"":0,""debugDropped"":0,""debugForwarded"":0.015329929489398146,""debugProposals"":0.015329929489398146,""deferredUnitIds"":0,""duplicateSuppressions"":0.0037415335487473063,""expiredPending"":0,""forwardedOrderCalls"":0.11394750737064424,""forwardedUnitIds"":0.4500299373211024,""gameplayNonorderCalls"":0.008502451828702944,""invalidTargets"":0.006118834743461158,""invalidTiles"":0,""invalidUnitIds"":0,""pendingUnitIds"":0,""productionBatches"":0.006578631573894656,""proposedCalls"":0.12112741172279809,""proposedUnitIds"":0.46676578404201835,""revokedPending"":0,""sameUnitConflicts"":0.0068754784287074905,""supersededPending"":0},""referenceExceededUpdates"":295261,""budgetDenialUpdates"":0,""budgetDeniedUnitIdOccurrences"":0,""budgetDeniedDebugCalls"":0,""maxRollingCommandCalls"":1031,""maxPendingUnitIds"":0}"
"opponentCountry","pinned_supalosa/Africans","disabled","60","1061978","{""baseline.orderUnits"":35438,""baseline.placeBuilding"":444,""baseline.queueForProduction"":5014,""baseline.quitGame"":2166,""baseline.setUnitDebugText"":6710,""baseline.toggleRepairWrench"":537,""baseline.unqueueFromProduction"":1484,""candidate.orderUnits"":101615,""candidate.pauseProduction"":1153,""candidate.placeBuilding"":544,""candidate.queueForProduction"":5575,""candidate.quitGame"":122,""candidate.resumeProduction"":1063,""candidate.sellObject"":10,""candidate.setUnitDebugText"":16607,""candidate.toggleRepairWrench"":431,""candidate.unqueueFromProduction"":1072}","{""baseline.orderUnits"":0.03336980615417645,""baseline.placeBuilding"":0.00041808775699684925,""baseline.queueForProduction"":0.004721378408968924,""baseline.quitGame"":0.002039590273998143,""baseline.setUnitDebugText"":0.006318398309569501,""baseline.toggleRepairWrench"":0.0005056601925840272,""baseline.unqueueFromProduction"":0.0013973924130255052,""candidate.orderUnits"":0.09568465636764603,""candidate.pauseProduction"":0.0010857098734625389,""candidate.placeBuilding"":0.0005122516662303738,""candidate.queueForProduction"":0.005249637939768997,""candidate.quitGame"":0.00011487996926490003,""candidate.resumeProduction"":0.0010009623551523667,""candidate.sellObject"":0.000009416390923352462,""candidate.setUnitDebugText"":0.015637800406411433,""candidate.toggleRepairWrench"":0.0004058464487964911,""candidate.unqueueFromProduction"":0.001009437106983384}",""
"opponentCountry","pinned_supalosa/Africans","separated_lanes_v2","60","1068061","{""baseline.orderUnits"":36922,""baseline.placeBuilding"":451,""baseline.queueForProduction"":5099,""baseline.quitGame"":1499,""baseline.setUnitDebugText"":7414,""baseline.toggleRepairWrench"":493,""baseline.unqueueFromProduction"":1468,""candidate.orderUnits"":69194,""candidate.pauseProduction"":1117,""candidate.placeBuilding"":529,""candidate.queueForProduction"":5395,""candidate.quitGame"":71,""candidate.resumeProduction"":1022,""candidate.sellObject"":10,""candidate.setUnitDebugText"":8389,""candidate.toggleRepairWrench"":380,""candidate.unqueueFromProduction"":968}","{""baseline.orderUnits"":0.034569186591402554,""baseline.placeBuilding"":0.00042226052631825334,""baseline.queueForProduction"":0.004774071892897503,""baseline.quitGame"":0.0014034778912440395,""baseline.setUnitDebugText"":0.006941551091182994,""baseline.toggleRepairWrench"":0.00046158412300421046,""baseline.unqueueFromProduction"":0.0013744533317853569,""candidate.orderUnits"":0.06478468926400271,""candidate.pauseProduction"":0.001045820416624144,""candidate.placeBuilding"":0.0004952900630207451,""candidate.queueForProduction"":0.005051209621922344,""candidate.quitGame"":0.00006647560392149887,""candidate.resumeProduction"":0.0009568741860249554,""candidate.sellObject"":0.000009362761115704065,""candidate.setUnitDebugText"":0.007854420299964141,""candidate.toggleRepairWrench"":0.0003557849223967545,""candidate.unqueueFromProduction"":0.0009063152760001536}","{""counters"":{""debugCoalesced"":0,""debugDropped"":7307,""debugForwarded"":8389,""debugProposals"":15696,""deferredUnitIds"":1022271,""duplicateSuppressions"":31973,""expiredPending"":108,""forwardedOrderCalls"":69194,""forwardedUnitIds"":258217,""gameplayNonorderCalls"":9492,""invalidTargets"":2947,""invalidTiles"":0,""invalidUnitIds"":341,""pendingUnitIds"":1022271,""productionBatches"":7490,""proposedCalls"":99450,""proposedUnitIds"":488191,""revokedPending"":28262,""sameUnitConflicts"":166276,""supersededPending"":157817},""countersPerObservedUpdate"":{""debugCoalesced"":0,""debugDropped"":0.006841369547244961,""debugForwarded"":0.007854420299964141,""debugProposals"":0.0146957898472091,""deferredUnitIds"":0.957127916851191,""duplicateSuppressions"":0.029935556115240607,""expiredPending"":0.00010111782004960391,""forwardedOrderCalls"":0.06478468926400271,""forwardedUnitIds"":0.24176240870137566,""gameplayNonorderCalls"":0.008887132851026299,""invalidTargets"":0.002759205700797988,""invalidTiles"":0,""invalidUnitIds"":0.00031927015404550863,""pendingUnitIds"":0.957127916851191,""productionBatches"":0.007012708075662345,""proposedCalls"":0.09311265929567693,""proposedUnitIds"":0.4570815711836683,""revokedPending"":0.02646103546520283,""sameUnitConflicts"":0.15568024672748093,""supersededPending"":0.14776028709970684},""referenceExceededUpdates"":0,""budgetDenialUpdates"":115474,""budgetDeniedUnitIdOccurrences"":1022271,""budgetDeniedDebugCalls"":7307,""maxRollingCommandCalls"":115,""maxPendingUnitIds"":56}"
"opponentCountry","pinned_supalosa/Africans","separated_lanes_unbounded_d1","60","1060305","{""baseline.orderUnits"":35340,""baseline.placeBuilding"":443,""baseline.queueForProduction"":4994,""baseline.quitGame"":2166,""baseline.setUnitDebugText"":6695,""baseline.toggleRepairWrench"":533,""baseline.unqueueFromProduction"":1467,""candidate.orderUnits"":95017,""candidate.pauseProduction"":1155,""candidate.placeBuilding"":545,""candidate.queueForProduction"":5536,""candidate.quitGame"":147,""candidate.resumeProduction"":1065,""candidate.sellObject"":10,""candidate.setUnitDebugText"":16525,""candidate.toggleRepairWrench"":444,""candidate.unqueueFromProduction"":1078}","{""baseline.orderUnits"":0.03333003239633879,""baseline.placeBuilding"":0.0004178043110237149,""baseline.queueForProduction"":0.0047099655287865284,""baseline.quitGame"":0.002042808437194958,""baseline.setUnitDebugText"":0.006314220908134924,""baseline.toggleRepairWrench"":0.0005026855480262755,""baseline.unqueueFromProduction"":0.0013835641631417374,""candidate.orderUnits"":0.08961289440302554,""candidate.pauseProduction"":0.0010893092081995274,""candidate.placeBuilding"":0.0005140030462932835,""candidate.queueForProduction"":0.00522113920051306,""candidate.quitGame"":0.00013863935377084896,""candidate.resumeProduction"":0.0010044279711969668,""candidate.sellObject"":0.000009431248555840064,""candidate.setUnitDebugText"":0.015585138238525708,""candidate.toggleRepairWrench"":0.0004187474358792989,""candidate.unqueueFromProduction"":0.001016688594319559}","{""counters"":{""debugCoalesced"":0,""debugDropped"":0,""debugForwarded"":16525,""debugProposals"":16525,""deferredUnitIds"":0,""duplicateSuppressions"":922,""expiredPending"":0,""forwardedOrderCalls"":95017,""forwardedUnitIds"":497476,""gameplayNonorderCalls"":9980,""invalidTargets"":0,""invalidTiles"":0,""invalidUnitIds"":0,""pendingUnitIds"":0,""productionBatches"":7733,""proposedCalls"":100391,""proposedUnitIds"":502830,""revokedPending"":0,""sameUnitConflicts"":4432,""supersededPending"":0},""countersPerObservedUpdate"":{""debugCoalesced"":0,""debugDropped"":0,""debugForwarded"":0.015585138238525708,""debugProposals"":0.015585138238525708,""deferredUnitIds"":0,""duplicateSuppressions"":0.000869561116848454,""expiredPending"":0,""forwardedOrderCalls"":0.08961289440302554,""forwardedUnitIds"":0.46918198065650923,""gameplayNonorderCalls"":0.009412386058728385,""invalidTargets"":0,""invalidTiles"":0,""invalidUnitIds"":0,""pendingUnitIds"":0,""productionBatches"":0.007293184508231122,""proposedCalls"":0.094681247376934,""proposedUnitIds"":0.474231471133306,""revokedPending"":0,""sameUnitConflicts"":0.004179929359948317,""supersededPending"":0},""referenceExceededUpdates"":294883,""budgetDenialUpdates"":0,""budgetDeniedUnitIdOccurrences"":0,""budgetDeniedDebugCalls"":0,""maxRollingCommandCalls"":867,""maxPendingUnitIds"":0}"
"opponentCountry","pinned_supalosa/Americans","disabled","60","881434","{""baseline.orderUnits"":31727,""baseline.placeBuilding"":380,""baseline.queueForProduction"":3591,""baseline.quitGame"":1480,""baseline.setUnitDebugText"":5738,""baseline.toggleRepairWrench"":565,""baseline.unqueueFromProduction"":1209,""candidate.activateSuperWeapon"":35,""candidate.orderUnits"":88537,""candidate.pauseProduction"":760,""candidate.placeBuilding"":500,""candidate.queueForProduction"":3730,""candidate.quitGame"":285,""candidate.resumeProduction"":680,""candidate.setUnitDebugText"":11093,""candidate.toggleRepairWrench"":360,""candidate.unqueueFromProduction"":959}","{""baseline.orderUnits"":0.0359947540031358,""baseline.placeBuilding"":0.00043111565925525903,""baseline.queueForProduction"":0.004074042979962198,""baseline.quitGame"":0.0016790820413099563,""baseline.setUnitDebugText"":0.006509846454754412,""baseline.toggleRepairWrench"":0.0006410009144190036,""baseline.unqueueFromProduction"":0.00137162850536739,""candidate.activateSuperWeapon"":0.000039708021247194915,""candidate.orderUnits"":0.10044654506179702,""candidate.pauseProduction"":0.0008622313185105181,""candidate.placeBuilding"":0.0005672574463884987,""candidate.queueForProduction"":0.004231740550058201,""candidate.quitGame"":0.0003233367444414443,""candidate.resumeProduction"":0.0007714701270883583,""candidate.setUnitDebugText"":0.012585173705575234,""candidate.toggleRepairWrench"":0.0004084253613997191,""candidate.unqueueFromProduction"":0.0010879997821731406}",""
"opponentCountry","pinned_supalosa/Americans","separated_lanes_v2","60","1013703","{""baseline.orderUnits"":37434,""baseline.placeBuilding"":397,""baseline.queueForProduction"":3839,""baseline.quitGame"":4068,""baseline.setUnitDebugText"":5847,""baseline.toggleRepairWrench"":635,""baseline.unqueueFromProduction"":1345,""candidate.activateSuperWeapon"":51,""candidate.orderUnits"":63606,""candidate.pauseProduction"":807,""candidate.placeBuilding"":549,""candidate.queueForProduction"":3814,""candidate.quitGame"":40,""candidate.resumeProduction"":720,""candidate.setUnitDebugText"":6943,""candidate.toggleRepairWrench"":423,""candidate.unqueueFromProduction"":833}","{""baseline.orderUnits"":0.036927975945617204,""baseline.placeBuilding"":0.00039163344687743844,""baseline.queueForProduction"":0.0037871052961271695,""baseline.quitGame"":0.004013009727701309,""baseline.setUnitDebugText"":0.00576796162189517,""baseline.toggleRepairWrench"":0.0006264162185571119,""baseline.unqueueFromProduction"":0.0013268186046603394,""candidate.activateSuperWeapon"":0.000050310593931358594,""candidate.orderUnits"":0.0627461889725097,""candidate.pauseProduction"":0.0007960911627962037,""candidate.placeBuilding"":0.0005415787464375661,""candidate.queueForProduction"":0.003762443240278464,""candidate.quitGame"":0.00003945928935792831,""candidate.resumeProduction"":0.0007102672084427096,""candidate.setUnitDebugText"":0.006849146150302406,""candidate.toggleRepairWrench"":0.00041728198496009187,""candidate.unqueueFromProduction"":0.0008217397008788571}","{""counters"":{""debugCoalesced"":0,""debugDropped"":3996,""debugForwarded"":6943,""debugProposals"":10939,""deferredUnitIds"":649508,""duplicateSuppressions"":4506,""expiredPending"":20,""forwardedOrderCalls"":63606,""forwardedUnitIds"":180262,""gameplayNonorderCalls"":7237,""invalidTargets"":3242,""invalidTiles"":0,""invalidUnitIds"":233,""pendingUnitIds"":649508,""productionBatches"":5571,""proposedCalls"":101646,""proposedUnitIds"":372177,""revokedPending"":89173,""sameUnitConflicts"":94641,""supersededPending"":86762},""countersPerObservedUpdate"":{""debugCoalesced"":0,""debugDropped"":0.003941983006857038,""debugForwarded"":0.006849146150302406,""debugProposals"":0.010791129157159443,""deferredUnitIds"":0.6407281028072325,""duplicateSuppressions"":0.004445088946170624,""expiredPending"":0.000019729644678964153,""forwardedOrderCalls"":0.0627461889725097,""forwardedUnitIds"":0.17782526045597183,""gameplayNonorderCalls"":0.007139171927083179,""invalidTargets"":0.0031981754024600893,""invalidTiles"":0,""invalidUnitIds"":0.0002298503605099324,""pendingUnitIds"":0.6407281028072325,""productionBatches"":0.005495692525325465,""proposedCalls"":0.10027197315189952,""proposedUnitIds"":0.3671459983841421,""revokedPending"":0.08796758024786352,""sameUnitConflicts"":0.09336166510309232,""supersededPending"":0.0855891715818144},""referenceExceededUpdates"":0,""budgetDenialUpdates"":96732,""budgetDeniedUnitIdOccurrences"":649508,""budgetDeniedDebugCalls"":3996,""maxRollingCommandCalls"":115,""maxPendingUnitIds"":54}"
"opponentCountry","pinned_supalosa/Americans","separated_lanes_unbounded_d1","60","887116","{""baseline.orderUnits"":31489,""baseline.placeBuilding"":382,""baseline.queueForProduction"":3689,""baseline.quitGame"":899,""baseline.setUnitDebugText"":5812,""baseline.toggleRepairWrench"":830,""baseline.unqueueFromProduction"":1291,""candidate.activateSuperWeapon"":34,""candidate.orderUnits"":80840,""candidate.pauseProduction"":768,""candidate.placeBuilding"":488,""candidate.queueForProduction"":3709,""candidate.quitGame"":303,""candidate.resumeProduction"":681,""candidate.setUnitDebugText"":10442,""candidate.toggleRepairWrench"":381,""candidate.unqueueFromProduction"":864}","{""baseline.orderUnits"":0.03549592161566244,""baseline.placeBuilding"":0.00043060884935002864,""baseline.queueForProduction"":0.0041584189666289415,""baseline.quitGame"":0.0010133962187583135,""baseline.setUnitDebugText"":0.006551567100582111,""baseline.toggleRepairWrench"":0.0009356160862840936,""baseline.unqueueFromProduction"":0.0014552775510756203,""candidate.activateSuperWeapon"":0.000038326442088746,""candidate.orderUnits"":0.09112675230747726,""candidate.pauseProduction"":0.0008657266918869685,""candidate.placeBuilding"":0.000550097168803178,""candidate.queueForProduction"":0.004180963932563498,""candidate.quitGame"":0.0003415562339085306,""candidate.resumeProduction"":0.0007676560900716479,""candidate.setUnitDebugText"":0.011770726714431934,""candidate.toggleRepairWrench"":0.00042948160105330083,""candidate.unqueueFromProduction"":0.0009739425283728396}","{""counters"":{""debugCoalesced"":0,""debugDropped"":0,""debugForwarded"":10442,""debugProposals"":10442,""deferredUnitIds"":0,""duplicateSuppressions"":2701,""expiredPending"":0,""forwardedOrderCalls"":80840,""forwardedUnitIds"":288939,""gameplayNonorderCalls"":7228,""invalidTargets"":4844,""invalidTiles"":0,""invalidUnitIds"":0,""pendingUnitIds"":0,""productionBatches"":5409,""proposedCalls"":84570,""proposedUnitIds"":299063,""revokedPending"":0,""sameUnitConflicts"":2579,""supersededPending"":0},""countersPerObservedUpdate"":{""debugCoalesced"":0,""debugDropped"":0,""debugForwarded"":0.011770726714431934,""debugProposals"":0.011770726714431934,""deferredUnitIds"":0,""duplicateSuppressions"":0.0030446976494618518,""expiredPending"":0,""forwardedOrderCalls"":0.09112675230747726,""forwardedUnitIds"":0.32570599560824065,""gameplayNonorderCalls"":0.00814775068874871,""invalidTargets"":0.005460390749349578,""invalidTiles"":0,""invalidUnitIds"":0,""pendingUnitIds"":0,""productionBatches"":0.006097286037000798,""proposedCalls"":0.09533138845427204,""proposedUnitIds"":0.3371182573643131,""revokedPending"":0,""sameUnitConflicts"":0.002907173357261057,""supersededPending"":0},""referenceExceededUpdates"":227181,""budgetDenialUpdates"":0,""budgetDeniedUnitIdOccurrences"":0,""budgetDeniedDebugCalls"":0,""maxRollingCommandCalls"":1031,""maxPendingUnitIds"":0}"
"opponentCountry","ra2web_advanced/Africans","disabled","40","851882","{""baseline.orderUnits"":9835,""baseline.pauseProduction"":277,""baseline.placeBuilding"":572,""baseline.queueForProduction"":2377,""baseline.quitGame"":74,""baseline.resumeProduction"":251,""baseline.sayAll"":18,""baseline.sellObject"":139,""baseline.setUnitDebugText"":11781,""baseline.toggleRepairWrench"":312,""baseline.unqueueFromProduction"":327,""candidate.orderUnits"":64154,""candidate.pauseProduction"":1002,""candidate.placeBuilding"":377,""candidate.queueForProduction"":4075,""candidate.quitGame"":69,""candidate.resumeProduction"":933,""candidate.sellObject"":10,""candidate.setUnitDebugText"":11969,""candidate.toggleRepairWrench"":202,""candidate.unqueueFromProduction"":600}","{""baseline.orderUnits"":0.011545026189073134,""baseline.pauseProduction"":0.00032516240512183613,""baseline.placeBuilding"":0.0006714544972190984,""baseline.queueForProduction"":0.0027902925522548896,""baseline.quitGame"":0.00008686649089897427,""baseline.resumeProduction"":0.00029464174615733167,""baseline.sayAll"":0.000021129686975426175,""baseline.sellObject"":0.00016316813831023546,""baseline.setUnitDebugText"":0.013829380125416431,""baseline.toggleRepairWrench"":0.00036624790757405366,""baseline.unqueueFromProduction"":0.0003838559800535755,""candidate.orderUnits"":0.07530855212341615,""candidate.pauseProduction"":0.001176219241632057,""candidate.placeBuilding"":0.00044254955498531485,""candidate.queueForProduction"":0.0047835263569367585,""candidate.quitGame"":0.00008099713340580033,""candidate.resumeProduction"":0.0010952221082262566,""candidate.sellObject"":0.000011738714986347875,""candidate.setUnitDebugText"":0.01405006796715977,""candidate.toggleRepairWrench"":0.00023712204272422705,""candidate.unqueueFromProduction"":0.0007043228991808725}",""
"opponentCountry","ra2web_advanced/Africans","separated_lanes_v2","40","908467","{""baseline.orderUnits"":11811,""baseline.pauseProduction"":322,""baseline.placeBuilding"":603,""baseline.queueForProduction"":2468,""baseline.quitGame"":14,""baseline.resumeProduction"":296,""baseline.sayAll"":33,""baseline.sellObject"":161,""baseline.setUnitDebugText"":12330,""baseline.toggleRepairWrench"":278,""baseline.unqueueFromProduction"":355,""candidate.orderUnits"":53056,""candidate.pauseProduction"":876,""candidate.placeBuilding"":393,""candidate.queueForProduction"":4255,""candidate.quitGame"":75,""candidate.resumeProduction"":813,""candidate.sellObject"":18,""candidate.setUnitDebugText"":7564,""candidate.toggleRepairWrench"":282,""candidate.unqueueFromProduction"":545}","{""baseline.orderUnits"":0.013001022601811624,""baseline.pauseProduction"":0.0003544432544054985,""baseline.placeBuilding"":0.0006637555354239615,""baseline.queueForProduction"":0.0027166644468098458,""baseline.quitGame"":0.000015410576278499936,""baseline.resumeProduction"":0.0003258236127454272,""baseline.sayAll"":0.000036324929799321277,""baseline.sellObject"":0.00017722162720274924,""baseline.setUnitDebugText"":0.013572314679564585,""baseline.toggleRepairWrench"":0.0003060100146730701,""baseline.unqueueFromProduction"":0.00039076818420481974,""candidate.orderUnits"":0.058401681073720894,""candidate.pauseProduction"":0.0009642617728547101,""candidate.placeBuilding"":0.00043259689124646247,""candidate.queueForProduction"":0.004683714433215516,""candidate.quitGame"":0.00008255665863482108,""candidate.resumeProduction"":0.0008949141796014605,""candidate.sellObject"":0.00001981359807235706,""candidate.setUnitDebugText"":0.008326114212183822,""candidate.toggleRepairWrench"":0.00031041303646692724,""candidate.unqueueFromProduction"":0.0005999117194130331}","{""counters"":{""debugCoalesced"":0,""debugDropped"":6558,""debugForwarded"":7564,""debugProposals"":14122,""deferredUnitIds"":541599,""duplicateSuppressions"":5209,""expiredPending"":27,""forwardedOrderCalls"":53056,""forwardedUnitIds"":164432,""gameplayNonorderCalls"":7257,""invalidTargets"":2018,""invalidTiles"":0,""invalidUnitIds"":239,""pendingUnitIds"":541599,""productionBatches"":5914,""proposedCalls"":74426,""proposedUnitIds"":272713,""revokedPending"":22198,""sameUnitConflicts"":78561,""supersededPending"":75030},""countersPerObservedUpdate"":{""debugCoalesced"":0,""debugDropped"":0.007218754231028755,""debugForwarded"":0.008326114212183822,""debugProposals"":0.015544868443212578,""deferredUnitIds"":0.5961680501328062,""duplicateSuppressions"":0.00573383513105044,""expiredPending"":0.00002972039710853559,""forwardedOrderCalls"":0.058401681073720894,""forwardedUnitIds"":0.18099941990187865,""gameplayNonorderCalls"":0.007988182289505288,""invalidTargets"":0.002221324495000919,""invalidTiles"":0,""invalidUnitIds"":0.00026308055218296315,""pendingUnitIds"":0.5961680501328062,""productionBatches"":0.006509867722217758,""proposedCalls"":0.08192482500740259,""proposedUnitIds"":0.3001903206170395,""revokedPending"":0.024434569445010112,""sameUnitConflicts"":0.08647644878680238,""supersededPending"":0.082589681298275},""referenceExceededUpdates"":0,""budgetDenialUpdates"":77960,""budgetDeniedUnitIdOccurrences"":541599,""budgetDeniedDebugCalls"":6558,""maxRollingCommandCalls"":115,""maxPendingUnitIds"":37}"
"opponentCountry","ra2web_advanced/Africans","separated_lanes_unbounded_d1","40","851882","{""baseline.orderUnits"":9835,""baseline.pauseProduction"":277,""baseline.placeBuilding"":572,""baseline.queueForProduction"":2377,""baseline.quitGame"":74,""baseline.resumeProduction"":251,""baseline.sayAll"":18,""baseline.sellObject"":139,""baseline.setUnitDebugText"":11781,""baseline.toggleRepairWrench"":312,""baseline.unqueueFromProduction"":327,""candidate.orderUnits"":60209,""candidate.pauseProduction"":1002,""candidate.placeBuilding"":377,""candidate.queueForProduction"":4075,""candidate.quitGame"":69,""candidate.resumeProduction"":933,""candidate.sellObject"":10,""candidate.setUnitDebugText"":11969,""candidate.toggleRepairWrench"":202,""candidate.unqueueFromProduction"":600}","{""baseline.orderUnits"":0.011545026189073134,""baseline.pauseProduction"":0.00032516240512183613,""baseline.placeBuilding"":0.0006714544972190984,""baseline.queueForProduction"":0.0027902925522548896,""baseline.quitGame"":0.00008686649089897427,""baseline.resumeProduction"":0.00029464174615733167,""baseline.sayAll"":0.000021129686975426175,""baseline.sellObject"":0.00016316813831023546,""baseline.setUnitDebugText"":0.013829380125416431,""baseline.toggleRepairWrench"":0.00036624790757405366,""baseline.unqueueFromProduction"":0.0003838559800535755,""candidate.orderUnits"":0.07067762906130191,""candidate.pauseProduction"":0.001176219241632057,""candidate.placeBuilding"":0.00044254955498531485,""candidate.queueForProduction"":0.0047835263569367585,""candidate.quitGame"":0.00008099713340580033,""candidate.resumeProduction"":0.0010952221082262566,""candidate.sellObject"":0.000011738714986347875,""candidate.setUnitDebugText"":0.01405006796715977,""candidate.toggleRepairWrench"":0.00023712204272422705,""candidate.unqueueFromProduction"":0.0007043228991808725}","{""counters"":{""debugCoalesced"":0,""debugDropped"":0,""debugForwarded"":11969,""debugProposals"":11969,""deferredUnitIds"":0,""duplicateSuppressions"":120,""expiredPending"":0,""forwardedOrderCalls"":60209,""forwardedUnitIds"":242187,""gameplayNonorderCalls"":7268,""invalidTargets"":0,""invalidTiles"":0,""invalidUnitIds"":0,""pendingUnitIds"":0,""productionBatches"":5907,""proposedCalls"":64156,""proposedUnitIds"":245459,""revokedPending"":0,""sameUnitConflicts"":3152,""supersededPending"":0},""countersPerObservedUpdate"":{""debugCoalesced"":0,""debugDropped"":0,""debugForwarded"":0.01405006796715977,""debugProposals"":0.01405006796715977,""deferredUnitIds"":0,""duplicateSuppressions"":0.0001408645798361745,""expiredPending"":0,""forwardedOrderCalls"":0.07067762906130191,""forwardedUnitIds"":0.28429641663986327,""gameplayNonorderCalls"":0.008531698052077635,""invalidTargets"":0,""invalidTiles"":0,""invalidUnitIds"":0,""pendingUnitIds"":0,""productionBatches"":0.006934058942435689,""proposedCalls"":0.07531089986641343,""proposedUnitIds"":0.28813732418339627,""revokedPending"":0,""sameUnitConflicts"":0.00370004296369685,""supersededPending"":0},""referenceExceededUpdates"":169874,""budgetDenialUpdates"":0,""budgetDeniedUnitIdOccurrences"":0,""budgetDeniedDebugCalls"":0,""maxRollingCommandCalls"":1296,""maxPendingUnitIds"":0}"
"opponentCountry","ra2web_advanced/Americans","disabled","40","707771","{""baseline.activateSuperWeapon"":81,""baseline.orderUnits"":19513,""baseline.pauseProduction"":366,""baseline.placeBuilding"":472,""baseline.queueForProduction"":1827,""baseline.quitGame"":3266,""baseline.resumeProduction"":333,""baseline.sayAll"":10,""baseline.sellObject"":27,""baseline.setUnitDebugText"":7538,""baseline.toggleRepairWrench"":366,""baseline.unqueueFromProduction"":263,""candidate.activateSuperWeapon"":33,""candidate.orderUnits"":58953,""candidate.pauseProduction"":552,""candidate.placeBuilding"":332,""candidate.queueForProduction"":2537,""candidate.quitGame"":65,""candidate.resumeProduction"":478,""candidate.sellObject"":10,""candidate.setUnitDebugText"":6925,""candidate.toggleRepairWrench"":344,""candidate.unqueueFromProduction"":699}","{""baseline.activateSuperWeapon"":0.00011444379608658733,""baseline.orderUnits"":0.02756965176589603,""baseline.pauseProduction"":0.0005171164119468021,""baseline.placeBuilding"":0.0006668823673193731,""baseline.queueForProduction"":0.0025813434006196918,""baseline.quitGame"":0.004614486889120916,""baseline.resumeProduction"":0.00047049116168930346,""baseline.sayAll"":0.000014128863714393497,""baseline.sellObject"":0.00003814793202886244,""baseline.setUnitDebugText"":0.010650337467909818,""baseline.toggleRepairWrench"":0.0005171164119468021,""baseline.unqueueFromProduction"":0.000371589115688549,""candidate.activateSuperWeapon"":0.00004662525025749854,""candidate.orderUnits"":0.08329389025546398,""candidate.pauseProduction"":0.000779913277034521,""candidate.placeBuilding"":0.0004690782753178641,""candidate.queueForProduction"":0.0035844927243416304,""candidate.quitGame"":0.00009183761414355773,""candidate.resumeProduction"":0.0006753596855480091,""candidate.sellObject"":0.000014128863714393497,""candidate.setUnitDebugText"":0.009784238122217497,""candidate.toggleRepairWrench"":0.0004860329117751363,""candidate.unqueueFromProduction"":0.0009876075736361056}",""
"opponentCountry","ra2web_advanced/Americans","separated_lanes_v2","40","775144","{""baseline.activateSuperWeapon"":114,""baseline.orderUnits"":24221,""baseline.pauseProduction"":433,""baseline.placeBuilding"":532,""baseline.queueForProduction"":2013,""baseline.quitGame"":2042,""baseline.resumeProduction"":399,""baseline.sayAll"":5,""baseline.sellObject"":32,""baseline.setUnitDebugText"":8564,""baseline.toggleRepairWrench"":328,""baseline.unqueueFromProduction"":297,""candidate.activateSuperWeapon"":34,""candidate.orderUnits"":49140,""candidate.pauseProduction"":594,""candidate.placeBuilding"":336,""candidate.queueForProduction"":2709,""candidate.quitGame"":542,""candidate.resumeProduction"":515,""candidate.sellObject"":9,""candidate.setUnitDebugText"":4173,""candidate.toggleRepairWrench"":409,""candidate.unqueueFromProduction"":751}","{""baseline.activateSuperWeapon"":0.0001470694477413229,""baseline.orderUnits"":0.03124709731353142,""baseline.pauseProduction"":0.0005586058848420423,""baseline.placeBuilding"":0.0006863240894595068,""baseline.queueForProduction"":0.002596936827221781,""baseline.quitGame"":0.002634349230594573,""baseline.resumeProduction"":0.0005147430670946301,""baseline.sayAll"":0.000006450414374619426,""baseline.sellObject"":0.000041282651997564325,""baseline.setUnitDebugText"":0.011048269740848151,""baseline.toggleRepairWrench"":0.00042314718297503434,""baseline.unqueueFromProduction"":0.00038315461385239385,""candidate.activateSuperWeapon"":0.00004386281774741209,""candidate.orderUnits"":0.06339467247375971,""candidate.pauseProduction"":0.0007663092277047877,""candidate.placeBuilding"":0.0004334678459744254,""candidate.queueForProduction"":0.003494834508168805,""candidate.quitGame"":0.0006992249182087457,""candidate.resumeProduction"":0.0006643926805858008,""candidate.sellObject"":0.000011610745874314966,""candidate.setUnitDebugText"":0.005383515837057372,""candidate.toggleRepairWrench"":0.000527643895843869,""candidate.unqueueFromProduction"":0.0009688522390678378}","{""counters"":{""debugCoalesced"":0,""debugDropped"":3348,""debugForwarded"":4173,""debugProposals"":7521,""deferredUnitIds"":571709,""duplicateSuppressions"":7613,""expiredPending"":16,""forwardedOrderCalls"":49140,""forwardedUnitIds"":144781,""gameplayNonorderCalls"":5899,""invalidTargets"":1155,""invalidTiles"":0,""invalidUnitIds"":265,""pendingUnitIds"":571709,""productionBatches"":4150,""proposedCalls"":69960,""proposedUnitIds"":274088,""revokedPending"":3633,""sameUnitConflicts"":116617,""supersededPending"":112529},""countersPerObservedUpdate"":{""debugCoalesced"":0,""debugDropped"":0.004319197465245167,""debugForwarded"":0.005383515837057372,""debugProposals"":0.00970271330230254,""deferredUnitIds"":0.7375519903398594,""duplicateSuppressions"":0.009821400926795537,""expiredPending"":0.000020641325998782163,""forwardedOrderCalls"":0.06339467247375971,""forwardedUnitIds"":0.186779488714355,""gameplayNonorderCalls"":0.007610198879175998,""invalidTargets"":0.0014900457205370872,""invalidTiles"":0,""invalidUnitIds"":0.00034187196185482956,""pendingUnitIds"":0.7375519903398594,""productionBatches"":0.005353843930934123,""proposedCalls"":0.090254197929675,""proposedUnitIds"":0.35359623502213783,""revokedPending"":0.0046868710845984745,""sameUnitConflicts"":0.1504455946249987,""supersededPending"":0.14517173583230986},""referenceExceededUpdates"":0,""budgetDenialUpdates"":88222,""budgetDeniedUnitIdOccurrences"":571709,""budgetDeniedDebugCalls"":3348,""maxRollingCommandCalls"":115,""maxPendingUnitIds"":32}"
"opponentCountry","ra2web_advanced/Americans","separated_lanes_unbounded_d1","40","682301","{""baseline.activateSuperWeapon"":77,""baseline.orderUnits"":16304,""baseline.pauseProduction"":384,""baseline.placeBuilding"":478,""baseline.queueForProduction"":1851,""baseline.quitGame"":1993,""baseline.resumeProduction"":351,""baseline.sayAll"":9,""baseline.sellObject"":27,""baseline.setUnitDebugText"":7848,""baseline.toggleRepairWrench"":438,""baseline.unqueueFromProduction"":260,""candidate.activateSuperWeapon"":28,""candidate.orderUnits"":57620,""candidate.pauseProduction"":528,""candidate.placeBuilding"":337,""candidate.queueForProduction"":2614,""candidate.quitGame"":89,""candidate.resumeProduction"":471,""candidate.sellObject"":10,""candidate.setUnitDebugText"":7420,""candidate.toggleRepairWrench"":326,""candidate.unqueueFromProduction"":726}","{""baseline.activateSuperWeapon"":0.00011285341806622004,""baseline.orderUnits"":0.02389561205391755,""baseline.pauseProduction"":0.0005628014615250454,""baseline.placeBuilding"":0.0007005705692941971,""baseline.queueForProduction"":0.0027128789200074454,""baseline.quitGame"":0.002920998210467228,""baseline.resumeProduction"":0.0005144357109252368,""baseline.sayAll"":0.000013190659254493251,""baseline.sellObject"":0.00003957197776347976,""baseline.setUnitDebugText"":0.011502254869918115,""baseline.toggleRepairWrench"":0.0006419454170520049,""baseline.unqueueFromProduction"":0.0003810634895742495,""candidate.activateSuperWeapon"":0.00004103760656953456,""candidate.orderUnits"":0.08444953180487791,""candidate.pauseProduction"":0.0007738520095969374,""candidate.placeBuilding"":0.0004939169076404696,""candidate.queueForProduction"":0.003831153699027262,""candidate.quitGame"":0.00013044096373887771,""candidate.resumeProduction"":0.0006903111676518135,""candidate.sellObject"":0.000014656288060548057,""candidate.setUnitDebugText"":0.010874965740926659,""candidate.toggleRepairWrench"":0.0004777949907738667,""candidate.unqueueFromProduction"":0.001064046513195789}","{""counters"":{""debugCoalesced"":0,""debugDropped"":0,""debugForwarded"":7420,""debugProposals"":7420,""deferredUnitIds"":0,""duplicateSuppressions"":576,""expiredPending"":0,""forwardedOrderCalls"":57620,""forwardedUnitIds"":206461,""gameplayNonorderCalls"":5129,""invalidTargets"":0,""invalidTiles"":0,""invalidUnitIds"":0,""pendingUnitIds"":0,""productionBatches"":3951,""proposedCalls"":61253,""proposedUnitIds"":210303,""revokedPending"":0,""sameUnitConflicts"":3266,""supersededPending"":0},""countersPerObservedUpdate"":{""debugCoalesced"":0,""debugDropped"":0,""debugForwarded"":0.010874965740926659,""debugProposals"":0.010874965740926659,""deferredUnitIds"":0,""duplicateSuppressions"":0.0008442021922875681,""expiredPending"":0,""forwardedOrderCalls"":0.08444953180487791,""forwardedUnitIds"":0.30259518892688125,""gameplayNonorderCalls"":0.007517210146255098,""invalidTargets"":0,""invalidTiles"":0,""invalidUnitIds"":0,""pendingUnitIds"":0,""productionBatches"":0.005790699412722537,""proposedCalls"":0.08977416125727501,""proposedUnitIds"":0.3082261347997438,""revokedPending"":0,""sameUnitConflicts"":0.004786743680574995,""supersededPending"":0},""referenceExceededUpdates"":179809,""budgetDenialUpdates"":0,""budgetDeniedUnitIdOccurrences"":0,""budgetDeniedDebugCalls"":0,""maxRollingCommandCalls"":755,""maxPendingUnitIds"":0}"
"opponentFaction","pinned_supalosa/Allied","disabled","60","881434","{""baseline.orderUnits"":31727,""baseline.placeBuilding"":380,""baseline.queueForProduction"":3591,""baseline.quitGame"":1480,""baseline.setUnitDebugText"":5738,""baseline.toggleRepairWrench"":565,""baseline.unqueueFromProduction"":1209,""candidate.activateSuperWeapon"":35,""candidate.orderUnits"":88537,""candidate.pauseProduction"":760,""candidate.placeBuilding"":500,""candidate.queueForProduction"":3730,""candidate.quitGame"":285,""candidate.resumeProduction"":680,""candidate.setUnitDebugText"":11093,""candidate.toggleRepairWrench"":360,""candidate.unqueueFromProduction"":959}","{""baseline.orderUnits"":0.0359947540031358,""baseline.placeBuilding"":0.00043111565925525903,""baseline.queueForProduction"":0.004074042979962198,""baseline.quitGame"":0.0016790820413099563,""baseline.setUnitDebugText"":0.006509846454754412,""baseline.toggleRepairWrench"":0.0006410009144190036,""baseline.unqueueFromProduction"":0.00137162850536739,""candidate.activateSuperWeapon"":0.000039708021247194915,""candidate.orderUnits"":0.10044654506179702,""candidate.pauseProduction"":0.0008622313185105181,""candidate.placeBuilding"":0.0005672574463884987,""candidate.queueForProduction"":0.004231740550058201,""candidate.quitGame"":0.0003233367444414443,""candidate.resumeProduction"":0.0007714701270883583,""candidate.setUnitDebugText"":0.012585173705575234,""candidate.toggleRepairWrench"":0.0004084253613997191,""candidate.unqueueFromProduction"":0.0010879997821731406}",""
"opponentFaction","pinned_supalosa/Allied","separated_lanes_v2","60","1013703","{""baseline.orderUnits"":37434,""baseline.placeBuilding"":397,""baseline.queueForProduction"":3839,""baseline.quitGame"":4068,""baseline.setUnitDebugText"":5847,""baseline.toggleRepairWrench"":635,""baseline.unqueueFromProduction"":1345,""candidate.activateSuperWeapon"":51,""candidate.orderUnits"":63606,""candidate.pauseProduction"":807,""candidate.placeBuilding"":549,""candidate.queueForProduction"":3814,""candidate.quitGame"":40,""candidate.resumeProduction"":720,""candidate.setUnitDebugText"":6943,""candidate.toggleRepairWrench"":423,""candidate.unqueueFromProduction"":833}","{""baseline.orderUnits"":0.036927975945617204,""baseline.placeBuilding"":0.00039163344687743844,""baseline.queueForProduction"":0.0037871052961271695,""baseline.quitGame"":0.004013009727701309,""baseline.setUnitDebugText"":0.00576796162189517,""baseline.toggleRepairWrench"":0.0006264162185571119,""baseline.unqueueFromProduction"":0.0013268186046603394,""candidate.activateSuperWeapon"":0.000050310593931358594,""candidate.orderUnits"":0.0627461889725097,""candidate.pauseProduction"":0.0007960911627962037,""candidate.placeBuilding"":0.0005415787464375661,""candidate.queueForProduction"":0.003762443240278464,""candidate.quitGame"":0.00003945928935792831,""candidate.resumeProduction"":0.0007102672084427096,""candidate.setUnitDebugText"":0.006849146150302406,""candidate.toggleRepairWrench"":0.00041728198496009187,""candidate.unqueueFromProduction"":0.0008217397008788571}","{""counters"":{""debugCoalesced"":0,""debugDropped"":3996,""debugForwarded"":6943,""debugProposals"":10939,""deferredUnitIds"":649508,""duplicateSuppressions"":4506,""expiredPending"":20,""forwardedOrderCalls"":63606,""forwardedUnitIds"":180262,""gameplayNonorderCalls"":7237,""invalidTargets"":3242,""invalidTiles"":0,""invalidUnitIds"":233,""pendingUnitIds"":649508,""productionBatches"":5571,""proposedCalls"":101646,""proposedUnitIds"":372177,""revokedPending"":89173,""sameUnitConflicts"":94641,""supersededPending"":86762},""countersPerObservedUpdate"":{""debugCoalesced"":0,""debugDropped"":0.003941983006857038,""debugForwarded"":0.006849146150302406,""debugProposals"":0.010791129157159443,""deferredUnitIds"":0.6407281028072325,""duplicateSuppressions"":0.004445088946170624,""expiredPending"":0.000019729644678964153,""forwardedOrderCalls"":0.0627461889725097,""forwardedUnitIds"":0.17782526045597183,""gameplayNonorderCalls"":0.007139171927083179,""invalidTargets"":0.0031981754024600893,""invalidTiles"":0,""invalidUnitIds"":0.0002298503605099324,""pendingUnitIds"":0.6407281028072325,""productionBatches"":0.005495692525325465,""proposedCalls"":0.10027197315189952,""proposedUnitIds"":0.3671459983841421,""revokedPending"":0.08796758024786352,""sameUnitConflicts"":0.09336166510309232,""supersededPending"":0.0855891715818144},""referenceExceededUpdates"":0,""budgetDenialUpdates"":96732,""budgetDeniedUnitIdOccurrences"":649508,""budgetDeniedDebugCalls"":3996,""maxRollingCommandCalls"":115,""maxPendingUnitIds"":54}"
"opponentFaction","pinned_supalosa/Allied","separated_lanes_unbounded_d1","60","887116","{""baseline.orderUnits"":31489,""baseline.placeBuilding"":382,""baseline.queueForProduction"":3689,""baseline.quitGame"":899,""baseline.setUnitDebugText"":5812,""baseline.toggleRepairWrench"":830,""baseline.unqueueFromProduction"":1291,""candidate.activateSuperWeapon"":34,""candidate.orderUnits"":80840,""candidate.pauseProduction"":768,""candidate.placeBuilding"":488,""candidate.queueForProduction"":3709,""candidate.quitGame"":303,""candidate.resumeProduction"":681,""candidate.setUnitDebugText"":10442,""candidate.toggleRepairWrench"":381,""candidate.unqueueFromProduction"":864}","{""baseline.orderUnits"":0.03549592161566244,""baseline.placeBuilding"":0.00043060884935002864,""baseline.queueForProduction"":0.0041584189666289415,""baseline.quitGame"":0.0010133962187583135,""baseline.setUnitDebugText"":0.006551567100582111,""baseline.toggleRepairWrench"":0.0009356160862840936,""baseline.unqueueFromProduction"":0.0014552775510756203,""candidate.activateSuperWeapon"":0.000038326442088746,""candidate.orderUnits"":0.09112675230747726,""candidate.pauseProduction"":0.0008657266918869685,""candidate.placeBuilding"":0.000550097168803178,""candidate.queueForProduction"":0.004180963932563498,""candidate.quitGame"":0.0003415562339085306,""candidate.resumeProduction"":0.0007676560900716479,""candidate.setUnitDebugText"":0.011770726714431934,""candidate.toggleRepairWrench"":0.00042948160105330083,""candidate.unqueueFromProduction"":0.0009739425283728396}","{""counters"":{""debugCoalesced"":0,""debugDropped"":0,""debugForwarded"":10442,""debugProposals"":10442,""deferredUnitIds"":0,""duplicateSuppressions"":2701,""expiredPending"":0,""forwardedOrderCalls"":80840,""forwardedUnitIds"":288939,""gameplayNonorderCalls"":7228,""invalidTargets"":4844,""invalidTiles"":0,""invalidUnitIds"":0,""pendingUnitIds"":0,""productionBatches"":5409,""proposedCalls"":84570,""proposedUnitIds"":299063,""revokedPending"":0,""sameUnitConflicts"":2579,""supersededPending"":0},""countersPerObservedUpdate"":{""debugCoalesced"":0,""debugDropped"":0,""debugForwarded"":0.011770726714431934,""debugProposals"":0.011770726714431934,""deferredUnitIds"":0,""duplicateSuppressions"":0.0030446976494618518,""expiredPending"":0,""forwardedOrderCalls"":0.09112675230747726,""forwardedUnitIds"":0.32570599560824065,""gameplayNonorderCalls"":0.00814775068874871,""invalidTargets"":0.005460390749349578,""invalidTiles"":0,""invalidUnitIds"":0,""pendingUnitIds"":0,""productionBatches"":0.006097286037000798,""proposedCalls"":0.09533138845427204,""proposedUnitIds"":0.3371182573643131,""revokedPending"":0,""sameUnitConflicts"":0.002907173357261057,""supersededPending"":0},""referenceExceededUpdates"":227181,""budgetDenialUpdates"":0,""budgetDeniedUnitIdOccurrences"":0,""budgetDeniedDebugCalls"":0,""maxRollingCommandCalls"":1031,""maxPendingUnitIds"":0}"
"opponentFaction","pinned_supalosa/Soviet","disabled","60","1061978","{""baseline.orderUnits"":35438,""baseline.placeBuilding"":444,""baseline.queueForProduction"":5014,""baseline.quitGame"":2166,""baseline.setUnitDebugText"":6710,""baseline.toggleRepairWrench"":537,""baseline.unqueueFromProduction"":1484,""candidate.orderUnits"":101615,""candidate.pauseProduction"":1153,""candidate.placeBuilding"":544,""candidate.queueForProduction"":5575,""candidate.quitGame"":122,""candidate.resumeProduction"":1063,""candidate.sellObject"":10,""candidate.setUnitDebugText"":16607,""candidate.toggleRepairWrench"":431,""candidate.unqueueFromProduction"":1072}","{""baseline.orderUnits"":0.03336980615417645,""baseline.placeBuilding"":0.00041808775699684925,""baseline.queueForProduction"":0.004721378408968924,""baseline.quitGame"":0.002039590273998143,""baseline.setUnitDebugText"":0.006318398309569501,""baseline.toggleRepairWrench"":0.0005056601925840272,""baseline.unqueueFromProduction"":0.0013973924130255052,""candidate.orderUnits"":0.09568465636764603,""candidate.pauseProduction"":0.0010857098734625389,""candidate.placeBuilding"":0.0005122516662303738,""candidate.queueForProduction"":0.005249637939768997,""candidate.quitGame"":0.00011487996926490003,""candidate.resumeProduction"":0.0010009623551523667,""candidate.sellObject"":0.000009416390923352462,""candidate.setUnitDebugText"":0.015637800406411433,""candidate.toggleRepairWrench"":0.0004058464487964911,""candidate.unqueueFromProduction"":0.001009437106983384}",""
"opponentFaction","pinned_supalosa/Soviet","separated_lanes_v2","60","1068061","{""baseline.orderUnits"":36922,""baseline.placeBuilding"":451,""baseline.queueForProduction"":5099,""baseline.quitGame"":1499,""baseline.setUnitDebugText"":7414,""baseline.toggleRepairWrench"":493,""baseline.unqueueFromProduction"":1468,""candidate.orderUnits"":69194,""candidate.pauseProduction"":1117,""candidate.placeBuilding"":529,""candidate.queueForProduction"":5395,""candidate.quitGame"":71,""candidate.resumeProduction"":1022,""candidate.sellObject"":10,""candidate.setUnitDebugText"":8389,""candidate.toggleRepairWrench"":380,""candidate.unqueueFromProduction"":968}","{""baseline.orderUnits"":0.034569186591402554,""baseline.placeBuilding"":0.00042226052631825334,""baseline.queueForProduction"":0.004774071892897503,""baseline.quitGame"":0.0014034778912440395,""baseline.setUnitDebugText"":0.006941551091182994,""baseline.toggleRepairWrench"":0.00046158412300421046,""baseline.unqueueFromProduction"":0.0013744533317853569,""candidate.orderUnits"":0.06478468926400271,""candidate.pauseProduction"":0.001045820416624144,""candidate.placeBuilding"":0.0004952900630207451,""candidate.queueForProduction"":0.005051209621922344,""candidate.quitGame"":0.00006647560392149887,""candidate.resumeProduction"":0.0009568741860249554,""candidate.sellObject"":0.000009362761115704065,""candidate.setUnitDebugText"":0.007854420299964141,""candidate.toggleRepairWrench"":0.0003557849223967545,""candidate.unqueueFromProduction"":0.0009063152760001536}","{""counters"":{""debugCoalesced"":0,""debugDropped"":7307,""debugForwarded"":8389,""debugProposals"":15696,""deferredUnitIds"":1022271,""duplicateSuppressions"":31973,""expiredPending"":108,""forwardedOrderCalls"":69194,""forwardedUnitIds"":258217,""gameplayNonorderCalls"":9492,""invalidTargets"":2947,""invalidTiles"":0,""invalidUnitIds"":341,""pendingUnitIds"":1022271,""productionBatches"":7490,""proposedCalls"":99450,""proposedUnitIds"":488191,""revokedPending"":28262,""sameUnitConflicts"":166276,""supersededPending"":157817},""countersPerObservedUpdate"":{""debugCoalesced"":0,""debugDropped"":0.006841369547244961,""debugForwarded"":0.007854420299964141,""debugProposals"":0.0146957898472091,""deferredUnitIds"":0.957127916851191,""duplicateSuppressions"":0.029935556115240607,""expiredPending"":0.00010111782004960391,""forwardedOrderCalls"":0.06478468926400271,""forwardedUnitIds"":0.24176240870137566,""gameplayNonorderCalls"":0.008887132851026299,""invalidTargets"":0.002759205700797988,""invalidTiles"":0,""invalidUnitIds"":0.00031927015404550863,""pendingUnitIds"":0.957127916851191,""productionBatches"":0.007012708075662345,""proposedCalls"":0.09311265929567693,""proposedUnitIds"":0.4570815711836683,""revokedPending"":0.02646103546520283,""sameUnitConflicts"":0.15568024672748093,""supersededPending"":0.14776028709970684},""referenceExceededUpdates"":0,""budgetDenialUpdates"":115474,""budgetDeniedUnitIdOccurrences"":1022271,""budgetDeniedDebugCalls"":7307,""maxRollingCommandCalls"":115,""maxPendingUnitIds"":56}"
"opponentFaction","pinned_supalosa/Soviet","separated_lanes_unbounded_d1","60","1060305","{""baseline.orderUnits"":35340,""baseline.placeBuilding"":443,""baseline.queueForProduction"":4994,""baseline.quitGame"":2166,""baseline.setUnitDebugText"":6695,""baseline.toggleRepairWrench"":533,""baseline.unqueueFromProduction"":1467,""candidate.orderUnits"":95017,""candidate.pauseProduction"":1155,""candidate.placeBuilding"":545,""candidate.queueForProduction"":5536,""candidate.quitGame"":147,""candidate.resumeProduction"":1065,""candidate.sellObject"":10,""candidate.setUnitDebugText"":16525,""candidate.toggleRepairWrench"":444,""candidate.unqueueFromProduction"":1078}","{""baseline.orderUnits"":0.03333003239633879,""baseline.placeBuilding"":0.0004178043110237149,""baseline.queueForProduction"":0.0047099655287865284,""baseline.quitGame"":0.002042808437194958,""baseline.setUnitDebugText"":0.006314220908134924,""baseline.toggleRepairWrench"":0.0005026855480262755,""baseline.unqueueFromProduction"":0.0013835641631417374,""candidate.orderUnits"":0.08961289440302554,""candidate.pauseProduction"":0.0010893092081995274,""candidate.placeBuilding"":0.0005140030462932835,""candidate.queueForProduction"":0.00522113920051306,""candidate.quitGame"":0.00013863935377084896,""candidate.resumeProduction"":0.0010044279711969668,""candidate.sellObject"":0.000009431248555840064,""candidate.setUnitDebugText"":0.015585138238525708,""candidate.toggleRepairWrench"":0.0004187474358792989,""candidate.unqueueFromProduction"":0.001016688594319559}","{""counters"":{""debugCoalesced"":0,""debugDropped"":0,""debugForwarded"":16525,""debugProposals"":16525,""deferredUnitIds"":0,""duplicateSuppressions"":922,""expiredPending"":0,""forwardedOrderCalls"":95017,""forwardedUnitIds"":497476,""gameplayNonorderCalls"":9980,""invalidTargets"":0,""invalidTiles"":0,""invalidUnitIds"":0,""pendingUnitIds"":0,""productionBatches"":7733,""proposedCalls"":100391,""proposedUnitIds"":502830,""revokedPending"":0,""sameUnitConflicts"":4432,""supersededPending"":0},""countersPerObservedUpdate"":{""debugCoalesced"":0,""debugDropped"":0,""debugForwarded"":0.015585138238525708,""debugProposals"":0.015585138238525708,""deferredUnitIds"":0,""duplicateSuppressions"":0.000869561116848454,""expiredPending"":0,""forwardedOrderCalls"":0.08961289440302554,""forwardedUnitIds"":0.46918198065650923,""gameplayNonorderCalls"":0.009412386058728385,""invalidTargets"":0,""invalidTiles"":0,""invalidUnitIds"":0,""pendingUnitIds"":0,""productionBatches"":0.007293184508231122,""proposedCalls"":0.094681247376934,""proposedUnitIds"":0.474231471133306,""revokedPending"":0,""sameUnitConflicts"":0.004179929359948317,""supersededPending"":0},""referenceExceededUpdates"":294883,""budgetDenialUpdates"":0,""budgetDeniedUnitIdOccurrences"":0,""budgetDeniedDebugCalls"":0,""maxRollingCommandCalls"":867,""maxPendingUnitIds"":0}"
"opponentFaction","ra2web_advanced/Allied","disabled","40","707771","{""baseline.activateSuperWeapon"":81,""baseline.orderUnits"":19513,""baseline.pauseProduction"":366,""baseline.placeBuilding"":472,""baseline.queueForProduction"":1827,""baseline.quitGame"":3266,""baseline.resumeProduction"":333,""baseline.sayAll"":10,""baseline.sellObject"":27,""baseline.setUnitDebugText"":7538,""baseline.toggleRepairWrench"":366,""baseline.unqueueFromProduction"":263,""candidate.activateSuperWeapon"":33,""candidate.orderUnits"":58953,""candidate.pauseProduction"":552,""candidate.placeBuilding"":332,""candidate.queueForProduction"":2537,""candidate.quitGame"":65,""candidate.resumeProduction"":478,""candidate.sellObject"":10,""candidate.setUnitDebugText"":6925,""candidate.toggleRepairWrench"":344,""candidate.unqueueFromProduction"":699}","{""baseline.activateSuperWeapon"":0.00011444379608658733,""baseline.orderUnits"":0.02756965176589603,""baseline.pauseProduction"":0.0005171164119468021,""baseline.placeBuilding"":0.0006668823673193731,""baseline.queueForProduction"":0.0025813434006196918,""baseline.quitGame"":0.004614486889120916,""baseline.resumeProduction"":0.00047049116168930346,""baseline.sayAll"":0.000014128863714393497,""baseline.sellObject"":0.00003814793202886244,""baseline.setUnitDebugText"":0.010650337467909818,""baseline.toggleRepairWrench"":0.0005171164119468021,""baseline.unqueueFromProduction"":0.000371589115688549,""candidate.activateSuperWeapon"":0.00004662525025749854,""candidate.orderUnits"":0.08329389025546398,""candidate.pauseProduction"":0.000779913277034521,""candidate.placeBuilding"":0.0004690782753178641,""candidate.queueForProduction"":0.0035844927243416304,""candidate.quitGame"":0.00009183761414355773,""candidate.resumeProduction"":0.0006753596855480091,""candidate.sellObject"":0.000014128863714393497,""candidate.setUnitDebugText"":0.009784238122217497,""candidate.toggleRepairWrench"":0.0004860329117751363,""candidate.unqueueFromProduction"":0.0009876075736361056}",""
"opponentFaction","ra2web_advanced/Allied","separated_lanes_v2","40","775144","{""baseline.activateSuperWeapon"":114,""baseline.orderUnits"":24221,""baseline.pauseProduction"":433,""baseline.placeBuilding"":532,""baseline.queueForProduction"":2013,""baseline.quitGame"":2042,""baseline.resumeProduction"":399,""baseline.sayAll"":5,""baseline.sellObject"":32,""baseline.setUnitDebugText"":8564,""baseline.toggleRepairWrench"":328,""baseline.unqueueFromProduction"":297,""candidate.activateSuperWeapon"":34,""candidate.orderUnits"":49140,""candidate.pauseProduction"":594,""candidate.placeBuilding"":336,""candidate.queueForProduction"":2709,""candidate.quitGame"":542,""candidate.resumeProduction"":515,""candidate.sellObject"":9,""candidate.setUnitDebugText"":4173,""candidate.toggleRepairWrench"":409,""candidate.unqueueFromProduction"":751}","{""baseline.activateSuperWeapon"":0.0001470694477413229,""baseline.orderUnits"":0.03124709731353142,""baseline.pauseProduction"":0.0005586058848420423,""baseline.placeBuilding"":0.0006863240894595068,""baseline.queueForProduction"":0.002596936827221781,""baseline.quitGame"":0.002634349230594573,""baseline.resumeProduction"":0.0005147430670946301,""baseline.sayAll"":0.000006450414374619426,""baseline.sellObject"":0.000041282651997564325,""baseline.setUnitDebugText"":0.011048269740848151,""baseline.toggleRepairWrench"":0.00042314718297503434,""baseline.unqueueFromProduction"":0.00038315461385239385,""candidate.activateSuperWeapon"":0.00004386281774741209,""candidate.orderUnits"":0.06339467247375971,""candidate.pauseProduction"":0.0007663092277047877,""candidate.placeBuilding"":0.0004334678459744254,""candidate.queueForProduction"":0.003494834508168805,""candidate.quitGame"":0.0006992249182087457,""candidate.resumeProduction"":0.0006643926805858008,""candidate.sellObject"":0.000011610745874314966,""candidate.setUnitDebugText"":0.005383515837057372,""candidate.toggleRepairWrench"":0.000527643895843869,""candidate.unqueueFromProduction"":0.0009688522390678378}","{""counters"":{""debugCoalesced"":0,""debugDropped"":3348,""debugForwarded"":4173,""debugProposals"":7521,""deferredUnitIds"":571709,""duplicateSuppressions"":7613,""expiredPending"":16,""forwardedOrderCalls"":49140,""forwardedUnitIds"":144781,""gameplayNonorderCalls"":5899,""invalidTargets"":1155,""invalidTiles"":0,""invalidUnitIds"":265,""pendingUnitIds"":571709,""productionBatches"":4150,""proposedCalls"":69960,""proposedUnitIds"":274088,""revokedPending"":3633,""sameUnitConflicts"":116617,""supersededPending"":112529},""countersPerObservedUpdate"":{""debugCoalesced"":0,""debugDropped"":0.004319197465245167,""debugForwarded"":0.005383515837057372,""debugProposals"":0.00970271330230254,""deferredUnitIds"":0.7375519903398594,""duplicateSuppressions"":0.009821400926795537,""expiredPending"":0.000020641325998782163,""forwardedOrderCalls"":0.06339467247375971,""forwardedUnitIds"":0.186779488714355,""gameplayNonorderCalls"":0.007610198879175998,""invalidTargets"":0.0014900457205370872,""invalidTiles"":0,""invalidUnitIds"":0.00034187196185482956,""pendingUnitIds"":0.7375519903398594,""productionBatches"":0.005353843930934123,""proposedCalls"":0.090254197929675,""proposedUnitIds"":0.35359623502213783,""revokedPending"":0.0046868710845984745,""sameUnitConflicts"":0.1504455946249987,""supersededPending"":0.14517173583230986},""referenceExceededUpdates"":0,""budgetDenialUpdates"":88222,""budgetDeniedUnitIdOccurrences"":571709,""budgetDeniedDebugCalls"":3348,""maxRollingCommandCalls"":115,""maxPendingUnitIds"":32}"
"opponentFaction","ra2web_advanced/Allied","separated_lanes_unbounded_d1","40","682301","{""baseline.activateSuperWeapon"":77,""baseline.orderUnits"":16304,""baseline.pauseProduction"":384,""baseline.placeBuilding"":478,""baseline.queueForProduction"":1851,""baseline.quitGame"":1993,""baseline.resumeProduction"":351,""baseline.sayAll"":9,""baseline.sellObject"":27,""baseline.setUnitDebugText"":7848,""baseline.toggleRepairWrench"":438,""baseline.unqueueFromProduction"":260,""candidate.activateSuperWeapon"":28,""candidate.orderUnits"":57620,""candidate.pauseProduction"":528,""candidate.placeBuilding"":337,""candidate.queueForProduction"":2614,""candidate.quitGame"":89,""candidate.resumeProduction"":471,""candidate.sellObject"":10,""candidate.setUnitDebugText"":7420,""candidate.toggleRepairWrench"":326,""candidate.unqueueFromProduction"":726}","{""baseline.activateSuperWeapon"":0.00011285341806622004,""baseline.orderUnits"":0.02389561205391755,""baseline.pauseProduction"":0.0005628014615250454,""baseline.placeBuilding"":0.0007005705692941971,""baseline.queueForProduction"":0.0027128789200074454,""baseline.quitGame"":0.002920998210467228,""baseline.resumeProduction"":0.0005144357109252368,""baseline.sayAll"":0.000013190659254493251,""baseline.sellObject"":0.00003957197776347976,""baseline.setUnitDebugText"":0.011502254869918115,""baseline.toggleRepairWrench"":0.0006419454170520049,""baseline.unqueueFromProduction"":0.0003810634895742495,""candidate.activateSuperWeapon"":0.00004103760656953456,""candidate.orderUnits"":0.08444953180487791,""candidate.pauseProduction"":0.0007738520095969374,""candidate.placeBuilding"":0.0004939169076404696,""candidate.queueForProduction"":0.003831153699027262,""candidate.quitGame"":0.00013044096373887771,""candidate.resumeProduction"":0.0006903111676518135,""candidate.sellObject"":0.000014656288060548057,""candidate.setUnitDebugText"":0.010874965740926659,""candidate.toggleRepairWrench"":0.0004777949907738667,""candidate.unqueueFromProduction"":0.001064046513195789}","{""counters"":{""debugCoalesced"":0,""debugDropped"":0,""debugForwarded"":7420,""debugProposals"":7420,""deferredUnitIds"":0,""duplicateSuppressions"":576,""expiredPending"":0,""forwardedOrderCalls"":57620,""forwardedUnitIds"":206461,""gameplayNonorderCalls"":5129,""invalidTargets"":0,""invalidTiles"":0,""invalidUnitIds"":0,""pendingUnitIds"":0,""productionBatches"":3951,""proposedCalls"":61253,""proposedUnitIds"":210303,""revokedPending"":0,""sameUnitConflicts"":3266,""supersededPending"":0},""countersPerObservedUpdate"":{""debugCoalesced"":0,""debugDropped"":0,""debugForwarded"":0.010874965740926659,""debugProposals"":0.010874965740926659,""deferredUnitIds"":0,""duplicateSuppressions"":0.0008442021922875681,""expiredPending"":0,""forwardedOrderCalls"":0.08444953180487791,""forwardedUnitIds"":0.30259518892688125,""gameplayNonorderCalls"":0.007517210146255098,""invalidTargets"":0,""invalidTiles"":0,""invalidUnitIds"":0,""pendingUnitIds"":0,""productionBatches"":0.005790699412722537,""proposedCalls"":0.08977416125727501,""proposedUnitIds"":0.3082261347997438,""revokedPending"":0,""sameUnitConflicts"":0.004786743680574995,""supersededPending"":0},""referenceExceededUpdates"":179809,""budgetDenialUpdates"":0,""budgetDeniedUnitIdOccurrences"":0,""budgetDeniedDebugCalls"":0,""maxRollingCommandCalls"":755,""maxPendingUnitIds"":0}"
"opponentFaction","ra2web_advanced/Soviet","disabled","40","851882","{""baseline.orderUnits"":9835,""baseline.pauseProduction"":277,""baseline.placeBuilding"":572,""baseline.queueForProduction"":2377,""baseline.quitGame"":74,""baseline.resumeProduction"":251,""baseline.sayAll"":18,""baseline.sellObject"":139,""baseline.setUnitDebugText"":11781,""baseline.toggleRepairWrench"":312,""baseline.unqueueFromProduction"":327,""candidate.orderUnits"":64154,""candidate.pauseProduction"":1002,""candidate.placeBuilding"":377,""candidate.queueForProduction"":4075,""candidate.quitGame"":69,""candidate.resumeProduction"":933,""candidate.sellObject"":10,""candidate.setUnitDebugText"":11969,""candidate.toggleRepairWrench"":202,""candidate.unqueueFromProduction"":600}","{""baseline.orderUnits"":0.011545026189073134,""baseline.pauseProduction"":0.00032516240512183613,""baseline.placeBuilding"":0.0006714544972190984,""baseline.queueForProduction"":0.0027902925522548896,""baseline.quitGame"":0.00008686649089897427,""baseline.resumeProduction"":0.00029464174615733167,""baseline.sayAll"":0.000021129686975426175,""baseline.sellObject"":0.00016316813831023546,""baseline.setUnitDebugText"":0.013829380125416431,""baseline.toggleRepairWrench"":0.00036624790757405366,""baseline.unqueueFromProduction"":0.0003838559800535755,""candidate.orderUnits"":0.07530855212341615,""candidate.pauseProduction"":0.001176219241632057,""candidate.placeBuilding"":0.00044254955498531485,""candidate.queueForProduction"":0.0047835263569367585,""candidate.quitGame"":0.00008099713340580033,""candidate.resumeProduction"":0.0010952221082262566,""candidate.sellObject"":0.000011738714986347875,""candidate.setUnitDebugText"":0.01405006796715977,""candidate.toggleRepairWrench"":0.00023712204272422705,""candidate.unqueueFromProduction"":0.0007043228991808725}",""
"opponentFaction","ra2web_advanced/Soviet","separated_lanes_v2","40","908467","{""baseline.orderUnits"":11811,""baseline.pauseProduction"":322,""baseline.placeBuilding"":603,""baseline.queueForProduction"":2468,""baseline.quitGame"":14,""baseline.resumeProduction"":296,""baseline.sayAll"":33,""baseline.sellObject"":161,""baseline.setUnitDebugText"":12330,""baseline.toggleRepairWrench"":278,""baseline.unqueueFromProduction"":355,""candidate.orderUnits"":53056,""candidate.pauseProduction"":876,""candidate.placeBuilding"":393,""candidate.queueForProduction"":4255,""candidate.quitGame"":75,""candidate.resumeProduction"":813,""candidate.sellObject"":18,""candidate.setUnitDebugText"":7564,""candidate.toggleRepairWrench"":282,""candidate.unqueueFromProduction"":545}","{""baseline.orderUnits"":0.013001022601811624,""baseline.pauseProduction"":0.0003544432544054985,""baseline.placeBuilding"":0.0006637555354239615,""baseline.queueForProduction"":0.0027166644468098458,""baseline.quitGame"":0.000015410576278499936,""baseline.resumeProduction"":0.0003258236127454272,""baseline.sayAll"":0.000036324929799321277,""baseline.sellObject"":0.00017722162720274924,""baseline.setUnitDebugText"":0.013572314679564585,""baseline.toggleRepairWrench"":0.0003060100146730701,""baseline.unqueueFromProduction"":0.00039076818420481974,""candidate.orderUnits"":0.058401681073720894,""candidate.pauseProduction"":0.0009642617728547101,""candidate.placeBuilding"":0.00043259689124646247,""candidate.queueForProduction"":0.004683714433215516,""candidate.quitGame"":0.00008255665863482108,""candidate.resumeProduction"":0.0008949141796014605,""candidate.sellObject"":0.00001981359807235706,""candidate.setUnitDebugText"":0.008326114212183822,""candidate.toggleRepairWrench"":0.00031041303646692724,""candidate.unqueueFromProduction"":0.0005999117194130331}","{""counters"":{""debugCoalesced"":0,""debugDropped"":6558,""debugForwarded"":7564,""debugProposals"":14122,""deferredUnitIds"":541599,""duplicateSuppressions"":5209,""expiredPending"":27,""forwardedOrderCalls"":53056,""forwardedUnitIds"":164432,""gameplayNonorderCalls"":7257,""invalidTargets"":2018,""invalidTiles"":0,""invalidUnitIds"":239,""pendingUnitIds"":541599,""productionBatches"":5914,""proposedCalls"":74426,""proposedUnitIds"":272713,""revokedPending"":22198,""sameUnitConflicts"":78561,""supersededPending"":75030},""countersPerObservedUpdate"":{""debugCoalesced"":0,""debugDropped"":0.007218754231028755,""debugForwarded"":0.008326114212183822,""debugProposals"":0.015544868443212578,""deferredUnitIds"":0.5961680501328062,""duplicateSuppressions"":0.00573383513105044,""expiredPending"":0.00002972039710853559,""forwardedOrderCalls"":0.058401681073720894,""forwardedUnitIds"":0.18099941990187865,""gameplayNonorderCalls"":0.007988182289505288,""invalidTargets"":0.002221324495000919,""invalidTiles"":0,""invalidUnitIds"":0.00026308055218296315,""pendingUnitIds"":0.5961680501328062,""productionBatches"":0.006509867722217758,""proposedCalls"":0.08192482500740259,""proposedUnitIds"":0.3001903206170395,""revokedPending"":0.024434569445010112,""sameUnitConflicts"":0.08647644878680238,""supersededPending"":0.082589681298275},""referenceExceededUpdates"":0,""budgetDenialUpdates"":77960,""budgetDeniedUnitIdOccurrences"":541599,""budgetDeniedDebugCalls"":6558,""maxRollingCommandCalls"":115,""maxPendingUnitIds"":37}"
"opponentFaction","ra2web_advanced/Soviet","separated_lanes_unbounded_d1","40","851882","{""baseline.orderUnits"":9835,""baseline.pauseProduction"":277,""baseline.placeBuilding"":572,""baseline.queueForProduction"":2377,""baseline.quitGame"":74,""baseline.resumeProduction"":251,""baseline.sayAll"":18,""baseline.sellObject"":139,""baseline.setUnitDebugText"":11781,""baseline.toggleRepairWrench"":312,""baseline.unqueueFromProduction"":327,""candidate.orderUnits"":60209,""candidate.pauseProduction"":1002,""candidate.placeBuilding"":377,""candidate.queueForProduction"":4075,""candidate.quitGame"":69,""candidate.resumeProduction"":933,""candidate.sellObject"":10,""candidate.setUnitDebugText"":11969,""candidate.toggleRepairWrench"":202,""candidate.unqueueFromProduction"":600}","{""baseline.orderUnits"":0.011545026189073134,""baseline.pauseProduction"":0.00032516240512183613,""baseline.placeBuilding"":0.0006714544972190984,""baseline.queueForProduction"":0.0027902925522548896,""baseline.quitGame"":0.00008686649089897427,""baseline.resumeProduction"":0.00029464174615733167,""baseline.sayAll"":0.000021129686975426175,""baseline.sellObject"":0.00016316813831023546,""baseline.setUnitDebugText"":0.013829380125416431,""baseline.toggleRepairWrench"":0.00036624790757405366,""baseline.unqueueFromProduction"":0.0003838559800535755,""candidate.orderUnits"":0.07067762906130191,""candidate.pauseProduction"":0.001176219241632057,""candidate.placeBuilding"":0.00044254955498531485,""candidate.queueForProduction"":0.0047835263569367585,""candidate.quitGame"":0.00008099713340580033,""candidate.resumeProduction"":0.0010952221082262566,""candidate.sellObject"":0.000011738714986347875,""candidate.setUnitDebugText"":0.01405006796715977,""candidate.toggleRepairWrench"":0.00023712204272422705,""candidate.unqueueFromProduction"":0.0007043228991808725}","{""counters"":{""debugCoalesced"":0,""debugDropped"":0,""debugForwarded"":11969,""debugProposals"":11969,""deferredUnitIds"":0,""duplicateSuppressions"":120,""expiredPending"":0,""forwardedOrderCalls"":60209,""forwardedUnitIds"":242187,""gameplayNonorderCalls"":7268,""invalidTargets"":0,""invalidTiles"":0,""invalidUnitIds"":0,""pendingUnitIds"":0,""productionBatches"":5907,""proposedCalls"":64156,""proposedUnitIds"":245459,""revokedPending"":0,""sameUnitConflicts"":3152,""supersededPending"":0},""countersPerObservedUpdate"":{""debugCoalesced"":0,""debugDropped"":0,""debugForwarded"":0.01405006796715977,""debugProposals"":0.01405006796715977,""deferredUnitIds"":0,""duplicateSuppressions"":0.0001408645798361745,""expiredPending"":0,""forwardedOrderCalls"":0.07067762906130191,""forwardedUnitIds"":0.28429641663986327,""gameplayNonorderCalls"":0.008531698052077635,""invalidTargets"":0,""invalidTiles"":0,""invalidUnitIds"":0,""pendingUnitIds"":0,""productionBatches"":0.006934058942435689,""proposedCalls"":0.07531089986641343,""proposedUnitIds"":0.28813732418339627,""revokedPending"":0,""sameUnitConflicts"":0.00370004296369685,""supersededPending"":0},""referenceExceededUpdates"":169874,""budgetDenialUpdates"":0,""budgetDeniedUnitIdOccurrences"":0,""budgetDeniedDebugCalls"":0,""maxRollingCommandCalls"":1296,""maxPendingUnitIds"":0}"
"opponentSlot","pinned_supalosa/0","disabled","60","940196","{""baseline.orderUnits"":34063,""baseline.placeBuilding"":399,""baseline.queueForProduction"":4219,""baseline.quitGame"":2040,""baseline.setUnitDebugText"":5606,""baseline.toggleRepairWrench"":504,""baseline.unqueueFromProduction"":1322,""candidate.activateSuperWeapon"":16,""candidate.orderUnits"":79426,""candidate.pauseProduction"":979,""candidate.placeBuilding"":518,""candidate.queueForProduction"":4457,""candidate.quitGame"":397,""candidate.resumeProduction"":880,""candidate.sellObject"":5,""candidate.setUnitDebugText"":11918,""candidate.toggleRepairWrench"":465,""candidate.unqueueFromProduction"":993}","{""baseline.orderUnits"":0.03622967976889925,""baseline.placeBuilding"":0.000424379597445639,""baseline.queueForProduction"":0.004487362209581832,""baseline.quitGame"":0.002169760347842365,""baseline.setUnitDebugText"":0.00596258652451191,""baseline.toggleRepairWrench"":0.0005360584388787019,""baseline.unqueueFromProduction"":0.0014060897940429442,""candidate.activateSuperWeapon"":0.00001701772821837149,""candidate.orderUnits"":0.08447813009202336,""candidate.pauseProduction"":0.0010412722453616054,""candidate.placeBuilding"":0.000550948951069777,""candidate.queueForProduction"":0.004740500916830107,""candidate.quitGame"":0.00042225238141834257,""candidate.resumeProduction"":0.0009359750520104319,""candidate.sellObject"":0.00000531804006824109,""candidate.setUnitDebugText"":0.012676080306659463,""candidate.toggleRepairWrench"":0.0004945777263464214,""candidate.unqueueFromProduction"":0.0010561627575526806}",""
"opponentSlot","pinned_supalosa/0","separated_lanes_v2","60","995237","{""baseline.orderUnits"":37272,""baseline.placeBuilding"":399,""baseline.queueForProduction"":4268,""baseline.quitGame"":2211,""baseline.setUnitDebugText"":6535,""baseline.toggleRepairWrench"":396,""baseline.unqueueFromProduction"":1273,""candidate.activateSuperWeapon"":18,""candidate.orderUnits"":59214,""candidate.pauseProduction"":974,""candidate.placeBuilding"":542,""candidate.queueForProduction"":4403,""candidate.quitGame"":91,""candidate.resumeProduction"":875,""candidate.sellObject"":5,""candidate.setUnitDebugText"":6968,""candidate.toggleRepairWrench"":488,""candidate.unqueueFromProduction"":865}","{""baseline.orderUnits"":0.03745037614156226,""baseline.placeBuilding"":0.000400909532101399,""baseline.queueForProduction"":0.0042884257719518065,""baseline.quitGame"":0.00222158139217091,""baseline.setUnitDebugText"":0.006566275168628176,""baseline.toggleRepairWrench"":0.0003978951747171779,""baseline.unqueueFromProduction"":0.0012790923167044633,""candidate.activateSuperWeapon"":0.00001808614430532627,""candidate.orderUnits"":0.059497386049754984,""candidate.pauseProduction"":0.0009786613640770992,""candidate.placeBuilding"":0.0005445939007492688,""candidate.queueForProduction"":0.004424071854241754,""candidate.quitGame"":0.00009143550732137169,""candidate.resumeProduction"":0.0008791875703978048,""candidate.sellObject"":0.000005023928973701742,""candidate.setUnitDebugText"":0.007001347417750747,""candidate.toggleRepairWrench"":0.00049033546783329,""candidate.unqueueFromProduction"":0.0008691397124504013}","{""counters"":{""debugCoalesced"":0,""debugDropped"":5117,""debugForwarded"":6968,""debugProposals"":12085,""deferredUnitIds"":728715,""duplicateSuppressions"":18942,""expiredPending"":31,""forwardedOrderCalls"":59214,""forwardedUnitIds"":195899,""gameplayNonorderCalls"":8261,""invalidTargets"":4014,""invalidTiles"":0,""invalidUnitIds"":232,""pendingUnitIds"":728715,""productionBatches"":6276,""proposedCalls"":87292,""proposedUnitIds"":380815,""revokedPending"":52991,""sameUnitConflicts"":108592,""supersededPending"":101299},""countersPerObservedUpdate"":{""debugCoalesced"":0,""debugDropped"":0.005141488911686362,""debugForwarded"":0.007001347417750747,""debugProposals"":0.012142836329437108,""deferredUnitIds"":0.7322024804142129,""duplicateSuppressions"":0.019032652523971676,""expiredPending"":0.000031148359636950795,""forwardedOrderCalls"":0.059497386049754984,""forwardedUnitIds"":0.1968365324038395,""gameplayNonorderCalls"":0.008300535450350017,""invalidTargets"":0.004033210180087758,""invalidTiles"":0,""invalidUnitIds"":0.0002331103043797608,""pendingUnitIds"":0.7322024804142129,""productionBatches"":0.006306035647790426,""proposedCalls"":0.08770976159447448,""proposedUnitIds"":0.3826375024240457,""revokedPending"":0.0532446040490858,""sameUnitConflicts"":0.1091116990224439,""supersededPending"":0.10178379622140254},""referenceExceededUpdates"":0,""budgetDenialUpdates"":90417,""budgetDeniedUnitIdOccurrences"":728715,""budgetDeniedDebugCalls"":5117,""maxRollingCommandCalls"":115,""maxPendingUnitIds"":56}"
"opponentSlot","pinned_supalosa/0","separated_lanes_unbounded_d1","60","936694","{""baseline.orderUnits"":33706,""baseline.placeBuilding"":405,""baseline.queueForProduction"":4214,""baseline.quitGame"":2167,""baseline.setUnitDebugText"":5801,""baseline.toggleRepairWrench"":683,""baseline.unqueueFromProduction"":1297,""candidate.activateSuperWeapon"":14,""candidate.orderUnits"":78499,""candidate.pauseProduction"":943,""candidate.placeBuilding"":505,""candidate.queueForProduction"":4383,""candidate.quitGame"":415,""candidate.resumeProduction"":843,""candidate.sellObject"":5,""candidate.setUnitDebugText"":12127,""candidate.toggleRepairWrench"":461,""candidate.unqueueFromProduction"":926}","{""baseline.orderUnits"":0.0359840033137823,""baseline.placeBuilding"":0.0004323717243838436,""baseline.queueForProduction"":0.004498801102601277,""baseline.quitGame"":0.0023134556215797263,""baseline.setUnitDebugText"":0.006193057711483153,""baseline.toggleRepairWrench"":0.0007291602166769511,""baseline.unqueueFromProduction"":0.001384657102532951,""candidate.activateSuperWeapon"":0.00001494618306512052,""candidate.orderUnits"":0.0838043160306354,""candidate.pauseProduction"":0.0010067321878863321,""candidate.placeBuilding"":0.0005391301748489902,""candidate.queueForProduction"":0.004679222883887374,""candidate.quitGame"":0.00044304756943035824,""candidate.resumeProduction"":0.0008999737374211856,""candidate.sellObject"":0.0000053379225232573284,""candidate.setUnitDebugText"":0.012946597287908325,""candidate.toggleRepairWrench"":0.0004921564566443256,""candidate.unqueueFromProduction"":0.0009885832513072572}","{""counters"":{""debugCoalesced"":0,""debugDropped"":0,""debugForwarded"":12127,""debugProposals"":12127,""deferredUnitIds"":0,""duplicateSuppressions"":2374,""expiredPending"":0,""forwardedOrderCalls"":78499,""forwardedUnitIds"":365924,""gameplayNonorderCalls"":8495,""invalidTargets"":0,""invalidTiles"":0,""invalidUnitIds"":0,""pendingUnitIds"":0,""productionBatches"":6246,""proposedCalls"":81507,""proposedUnitIds"":370818,""revokedPending"":0,""sameUnitConflicts"":2520,""supersededPending"":0},""countersPerObservedUpdate"":{""debugCoalesced"":0,""debugDropped"":0,""debugForwarded"":0.012946597287908325,""debugProposals"":0.012946597287908325,""deferredUnitIds"":0,""duplicateSuppressions"":0.0025344456140425796,""expiredPending"":0,""forwardedOrderCalls"":0.0838043160306354,""forwardedUnitIds"":0.39065479228008293,""gameplayNonorderCalls"":0.0090691303670142,""invalidTargets"":0,""invalidTiles"":0,""invalidUnitIds"":0,""pendingUnitIds"":0,""productionBatches"":0.006668132816053054,""proposedCalls"":0.08701561022062701,""proposedUnitIds"":0.3958795508458472,""revokedPending"":0,""sameUnitConflicts"":0.0026903129517216935,""supersededPending"":0},""referenceExceededUpdates"":222916,""budgetDenialUpdates"":0,""budgetDeniedUnitIdOccurrences"":0,""budgetDeniedDebugCalls"":0,""maxRollingCommandCalls"":864,""maxPendingUnitIds"":0}"
"opponentSlot","pinned_supalosa/1","disabled","60","1003216","{""baseline.orderUnits"":33102,""baseline.placeBuilding"":425,""baseline.queueForProduction"":4386,""baseline.quitGame"":1606,""baseline.setUnitDebugText"":6842,""baseline.toggleRepairWrench"":598,""baseline.unqueueFromProduction"":1371,""candidate.activateSuperWeapon"":19,""candidate.orderUnits"":110726,""candidate.pauseProduction"":934,""candidate.placeBuilding"":526,""candidate.queueForProduction"":4848,""candidate.quitGame"":10,""candidate.resumeProduction"":863,""candidate.sellObject"":5,""candidate.setUnitDebugText"":15782,""candidate.toggleRepairWrench"":326,""candidate.unqueueFromProduction"":1038}","{""baseline.orderUnits"":0.03299588523309038,""baseline.placeBuilding"":0.0004236375815377745,""baseline.queueForProduction"":0.004371939841469833,""baseline.quitGame"":0.0016008516610580374,""baseline.setUnitDebugText"":0.006820066665603419,""baseline.toggleRepairWrench"":0.0005960829970813863,""baseline.unqueueFromProduction"":0.0013666049983253855,""candidate.activateSuperWeapon"":0.000018939091880512272,""candidate.orderUnits"":0.11037104671376852,""candidate.pauseProduction"":0.0009310058850736033,""candidate.placeBuilding"":0.0005243138067973398,""candidate.queueForProduction"":0.004832458812459132,""candidate.quitGame"":0.000009967943095006459,""candidate.resumeProduction"":0.0008602334890990574,""candidate.sellObject"":0.000004983971547503229,""candidate.setUnitDebugText"":0.015731407792539193,""candidate.toggleRepairWrench"":0.00032495494489721057,""candidate.unqueueFromProduction"":0.0010346724932616704}",""
"opponentSlot","pinned_supalosa/1","separated_lanes_v2","60","1086527","{""baseline.orderUnits"":37084,""baseline.placeBuilding"":449,""baseline.queueForProduction"":4670,""baseline.quitGame"":3356,""baseline.setUnitDebugText"":6726,""baseline.toggleRepairWrench"":732,""baseline.unqueueFromProduction"":1540,""candidate.activateSuperWeapon"":33,""candidate.orderUnits"":73586,""candidate.pauseProduction"":950,""candidate.placeBuilding"":536,""candidate.queueForProduction"":4806,""candidate.quitGame"":20,""candidate.resumeProduction"":867,""candidate.sellObject"":5,""candidate.setUnitDebugText"":8364,""candidate.toggleRepairWrench"":315,""candidate.unqueueFromProduction"":936}","{""baseline.orderUnits"":0.034130767113932745,""baseline.placeBuilding"":0.00041324329722133,""baseline.queueForProduction"":0.004298098436578198,""baseline.quitGame"":0.0030887405467144398,""baseline.setUnitDebugText"":0.006190366185101705,""baseline.toggleRepairWrench"":0.000673706221750587,""baseline.unqueueFromProduction"":0.0014173600840107978,""candidate.activateSuperWeapon"":0.00003037200180023138,""candidate.orderUnits"":0.06772588255975232,""candidate.pauseProduction"":0.0008743455063702973,""candidate.placeBuilding"":0.0004933149383310308,""candidate.queueForProduction"":0.004423267898542788,""candidate.quitGame"":0.00001840727381832205,""candidate.resumeProduction"":0.0007979553200242608,""candidate.sellObject"":0.000004601818454580512,""candidate.setUnitDebugText"":0.00769792191082228,""candidate.toggleRepairWrench"":0.00028991456263857224,""candidate.unqueueFromProduction"":0.0008614604146974719}","{""counters"":{""debugCoalesced"":0,""debugDropped"":6186,""debugForwarded"":8364,""debugProposals"":14550,""deferredUnitIds"":943064,""duplicateSuppressions"":17537,""expiredPending"":97,""forwardedOrderCalls"":73586,""forwardedUnitIds"":242580,""gameplayNonorderCalls"":8468,""invalidTargets"":2175,""invalidTiles"":0,""invalidUnitIds"":342,""pendingUnitIds"":943064,""productionBatches"":6785,""proposedCalls"":113804,""proposedUnitIds"":479553,""revokedPending"":64444,""sameUnitConflicts"":152325,""supersededPending"":143280},""countersPerObservedUpdate"":{""debugCoalesced"":0,""debugDropped"":0.00569336979200701,""debugForwarded"":0.00769792191082228,""debugProposals"":0.01339129170282929,""deferredUnitIds"":0.8679618638101032,""duplicateSuppressions"":0.016140418047595688,""expiredPending"":0.00008927527801886194,""forwardedOrderCalls"":0.06772588255975232,""forwardedUnitIds"":0.22326182414242812,""gameplayNonorderCalls"":0.0077936397346775555,""invalidTargets"":0.002001791027742523,""invalidTiles"":0,""invalidUnitIds"":0.000314764382293307,""pendingUnitIds"":0.8679618638101032,""productionBatches"":0.006244667642865755,""proposedCalls"":0.10474106948101612,""proposedUnitIds"":0.44136316906988965,""revokedPending"":0.059311917697397305,""sameUnitConflicts"":0.1401943992187953,""supersededPending"":0.13186970963445915},""referenceExceededUpdates"":0,""budgetDenialUpdates"":121789,""budgetDeniedUnitIdOccurrences"":943064,""budgetDeniedDebugCalls"":6186,""maxRollingCommandCalls"":115,""maxPendingUnitIds"":54}"
"opponentSlot","pinned_supalosa/1","separated_lanes_unbounded_d1","60","1010727","{""baseline.orderUnits"":33123,""baseline.placeBuilding"":420,""baseline.queueForProduction"":4469,""baseline.quitGame"":898,""baseline.setUnitDebugText"":6706,""baseline.toggleRepairWrench"":680,""baseline.unqueueFromProduction"":1461,""candidate.activateSuperWeapon"":20,""candidate.orderUnits"":97358,""candidate.pauseProduction"":980,""candidate.placeBuilding"":528,""candidate.queueForProduction"":4862,""candidate.quitGame"":35,""candidate.resumeProduction"":903,""candidate.sellObject"":5,""candidate.setUnitDebugText"":14840,""candidate.toggleRepairWrench"":364,""candidate.unqueueFromProduction"":1016}","{""baseline.orderUnits"":0.032771460542757834,""baseline.placeBuilding"":0.0004155424758614344,""baseline.queueForProduction"":0.00442156982053512,""baseline.quitGame"":0.0008884693888656383,""baseline.setUnitDebugText"":0.0066348281979209025,""baseline.toggleRepairWrench"":0.000672783056156608,""baseline.unqueueFromProduction"":0.0014454941838894183,""candidate.activateSuperWeapon"":0.00001978773694578259,""candidate.orderUnits"":0.09632472467837506,""candidate.pauseProduction"":0.0009695991103433469,""candidate.placeBuilding"":0.0005223962553686604,""candidate.queueForProduction"":0.0048103988515197475,""candidate.quitGame"":0.000034628539655119536,""candidate.resumeProduction"":0.0008934163231020839,""candidate.sellObject"":0.000004946934236445648,""candidate.setUnitDebugText"":0.014682500813770682,""candidate.toggleRepairWrench"":0.0003601368124132431,""candidate.unqueueFromProduction"":0.0010052170368457555}","{""counters"":{""debugCoalesced"":0,""debugDropped"":0,""debugForwarded"":14840,""debugProposals"":14840,""deferredUnitIds"":0,""duplicateSuppressions"":1249,""expiredPending"":0,""forwardedOrderCalls"":97358,""forwardedUnitIds"":420491,""gameplayNonorderCalls"":8713,""invalidTargets"":4844,""invalidTiles"":0,""invalidUnitIds"":0,""pendingUnitIds"":0,""productionBatches"":6896,""proposedCalls"":103454,""proposedUnitIds"":431075,""revokedPending"":0,""sameUnitConflicts"":4491,""supersededPending"":0},""countersPerObservedUpdate"":{""debugCoalesced"":0,""debugDropped"":0,""debugForwarded"":0.014682500813770682,""debugProposals"":0.014682500813770682,""deferredUnitIds"":0,""duplicateSuppressions"":0.0012357441722641227,""expiredPending"":0,""forwardedOrderCalls"":0.09632472467837506,""forwardedUnitIds"":0.41602826480345334,""gameplayNonorderCalls"":0.008620527600430186,""invalidTargets"":0.004792589888268544,""invalidTiles"":0,""invalidUnitIds"":0,""pendingUnitIds"":0,""productionBatches"":0.006822811698905837,""proposedCalls"":0.1023560268994496,""proposedUnitIds"":0.4264999351951615,""revokedPending"":0,""sameUnitConflicts"":0.00444333633117548,""supersededPending"":0},""referenceExceededUpdates"":299148,""budgetDenialUpdates"":0,""budgetDeniedUnitIdOccurrences"":0,""budgetDeniedDebugCalls"":0,""maxRollingCommandCalls"":1031,""maxPendingUnitIds"":0}"
"opponentSlot","ra2web_advanced/0","disabled","40","778326","{""baseline.activateSuperWeapon"":39,""baseline.orderUnits"":15438,""baseline.pauseProduction"":329,""baseline.placeBuilding"":523,""baseline.queueForProduction"":2167,""baseline.quitGame"":1548,""baseline.resumeProduction"":301,""baseline.sayAll"":7,""baseline.sellObject"":89,""baseline.setUnitDebugText"":9916,""baseline.toggleRepairWrench"":362,""baseline.unqueueFromProduction"":317,""candidate.activateSuperWeapon"":16,""candidate.orderUnits"":60104,""candidate.pauseProduction"":781,""candidate.placeBuilding"":356,""candidate.queueForProduction"":3308,""candidate.quitGame"":131,""candidate.resumeProduction"":711,""candidate.sellObject"":15,""candidate.setUnitDebugText"":9416,""candidate.toggleRepairWrench"":261,""candidate.unqueueFromProduction"":653}","{""baseline.activateSuperWeapon"":0.000050107538486443986,""baseline.orderUnits"":0.01983487638855698,""baseline.pauseProduction"":0.0004227020554369249,""baseline.placeBuilding"":0.0006719549391900052,""baseline.queueForProduction"":0.00278418040769549,""baseline.quitGame"":0.0019888838353080843,""baseline.resumeProduction"":0.0003867274124210164,""baseline.sayAll"":0.000008993660753977126,""baseline.sellObject"":0.00011434797244342346,""baseline.setUnitDebugText"":0.012740162862348168,""baseline.toggleRepairWrench"":0.0004651007418485313,""baseline.unqueueFromProduction"":0.00040728435128724983,""candidate.activateSuperWeapon"":0.00002055693886623343,""candidate.orderUnits"":0.07722214085100587,""candidate.pauseProduction"":0.0010034355784080192,""candidate.placeBuilding"":0.0004573918897736938,""candidate.queueForProduction"":0.004250147110593762,""candidate.quitGame"":0.0001683099369672862,""candidate.resumeProduction"":0.000913498970868248,""candidate.sellObject"":0.00001927213018709384,""candidate.setUnitDebugText"":0.012097758522778373,""candidate.toggleRepairWrench"":0.0003353350652554328,""candidate.unqueueFromProduction"":0.0008389800674781518}",""
"opponentSlot","ra2web_advanced/0","separated_lanes_v2","40","830363","{""baseline.activateSuperWeapon"":58,""baseline.orderUnits"":18662,""baseline.pauseProduction"":386,""baseline.placeBuilding"":571,""baseline.queueForProduction"":2284,""baseline.quitGame"":956,""baseline.resumeProduction"":358,""baseline.sayAll"":18,""baseline.sellObject"":96,""baseline.setUnitDebugText"":10320,""baseline.toggleRepairWrench"":366,""baseline.unqueueFromProduction"":330,""candidate.activateSuperWeapon"":14,""candidate.orderUnits"":50035,""candidate.pauseProduction"":697,""candidate.placeBuilding"":355,""candidate.queueForProduction"":3450,""candidate.quitGame"":548,""candidate.resumeProduction"":625,""candidate.sellObject"":18,""candidate.setUnitDebugText"":5797,""candidate.toggleRepairWrench"":354,""candidate.unqueueFromProduction"":643}","{""baseline.activateSuperWeapon"":0.00006984896966748277,""baseline.orderUnits"":0.02247450813680282,""baseline.pauseProduction"":0.00046485693606290263,""baseline.placeBuilding"":0.0006876510634505632,""baseline.queueForProduction"":0.002750604253802253,""baseline.quitGame"":0.001151303706932992,""baseline.resumeProduction"":0.0004311367438096351,""baseline.sayAll"":0.000021677266448529137,""baseline.sellObject"":0.00011561208772548873,""baseline.setUnitDebugText"":0.012428299430490038,""baseline.toggleRepairWrench"":0.00044077108445342576,""baseline.unqueueFromProduction"":0.0003974165515563675,""candidate.activateSuperWeapon"":0.000016860096126633774,""candidate.orderUnits"":0.06025677926400863,""candidate.pauseProduction"":0.0008393919285902672,""candidate.placeBuilding"":0.00042752386606821353,""candidate.queueForProduction"":0.004154809402634752,""candidate.quitGame"":0.0006599523340996648,""candidate.resumeProduction"":0.0007526828627961506,""candidate.sellObject"":0.000021677266448529137,""candidate.setUnitDebugText"":0.006981284089006856,""candidate.toggleRepairWrench"":0.0004263195734877397,""candidate.unqueueFromProduction"":0.0007743601292446797}","{""counters"":{""debugCoalesced"":0,""debugDropped"":4618,""debugForwarded"":5797,""debugProposals"":10415,""deferredUnitIds"":612870,""duplicateSuppressions"":7247,""expiredPending"":33,""forwardedOrderCalls"":50035,""forwardedUnitIds"":163702,""gameplayNonorderCalls"":6704,""invalidTargets"":1956,""invalidTiles"":0,""invalidUnitIds"":264,""pendingUnitIds"":612870,""productionBatches"":4934,""proposedCalls"":71373,""proposedUnitIds"":299102,""revokedPending"":8536,""sameUnitConflicts"":117348,""supersededPending"":113671},""countersPerObservedUpdate"":{""debugCoalesced"":0,""debugDropped"":0.005561423136628198,""debugForwarded"":0.006981284089006856,""debugProposals"":0.012542707225635054,""deferredUnitIds"":0.738074793795003,""duplicateSuppressions"":0.008727508330693926,""expiredPending"":0.00003974165515563675,""forwardedOrderCalls"":0.06025677926400863,""forwardedUnitIds"":0.1971451040087287,""gameplayNonorderCalls"":0.00807357745949663,""invalidTargets"":0.002355596287406833,""invalidTiles"":0,""invalidUnitIds"":0.000317933241245094,""pendingUnitIds"":0.738074793795003,""productionBatches"":0.005941979592057931,""proposedCalls"":0.08595397434615945,""proposedUnitIds"":0.3602063194048868,""revokedPending"":0.010279841466924707,""sameUnitConflicts"":0.14132132573344428,""supersededPending"":0.13689314191504198},""referenceExceededUpdates"":0,""budgetDenialUpdates"":83618,""budgetDeniedUnitIdOccurrences"":612870,""budgetDeniedDebugCalls"":4618,""maxRollingCommandCalls"":115,""maxPendingUnitIds"":35}"
"opponentSlot","ra2web_advanced/0","separated_lanes_unbounded_d1","40","760315","{""baseline.activateSuperWeapon"":36,""baseline.orderUnits"":12860,""baseline.pauseProduction"":337,""baseline.placeBuilding"":527,""baseline.queueForProduction"":2177,""baseline.quitGame"":995,""baseline.resumeProduction"":315,""baseline.sayAll"":10,""baseline.sellObject"":91,""baseline.setUnitDebugText"":10069,""baseline.toggleRepairWrench"":363,""baseline.unqueueFromProduction"":309,""candidate.activateSuperWeapon"":14,""candidate.orderUnits"":57968,""candidate.pauseProduction"":770,""candidate.placeBuilding"":360,""candidate.queueForProduction"":3338,""candidate.quitGame"":138,""candidate.resumeProduction"":703,""candidate.sellObject"":15,""candidate.setUnitDebugText"":9801,""candidate.toggleRepairWrench"":281,""candidate.unqueueFromProduction"":666}","{""baseline.activateSuperWeapon"":0.000047348796222618255,""baseline.orderUnits"":0.016914042206190857,""baseline.pauseProduction"":0.0004432373424172876,""baseline.placeBuilding"":0.0006931337669255506,""baseline.queueForProduction"":0.002863286927128887,""baseline.quitGame"":0.0013086681178195879,""baseline.resumeProduction"":0.00041430196694790977,""baseline.sayAll"":0.000013152443395171738,""baseline.sellObject"":0.00011968723489606281,""baseline.setUnitDebugText"":0.013243195254598423,""baseline.toggleRepairWrench"":0.0004774336952447341,""baseline.unqueueFromProduction"":0.0004064105009108067,""candidate.activateSuperWeapon"":0.000018413420753240434,""candidate.orderUnits"":0.07624208387313153,""candidate.pauseProduction"":0.0010127381414282237,""candidate.placeBuilding"":0.00047348796222618255,""candidate.queueForProduction"":0.004390285605308326,""candidate.quitGame"":0.00018150371885337,""candidate.resumeProduction"":0.0009246167706805731,""candidate.sellObject"":0.000019728665092757606,""candidate.setUnitDebugText"":0.012890709771607821,""candidate.toggleRepairWrench"":0.00036958365940432584,""candidate.unqueueFromProduction"":0.0008759527301184378}","{""counters"":{""debugCoalesced"":0,""debugDropped"":0,""debugForwarded"":9801,""debugProposals"":9801,""deferredUnitIds"":0,""duplicateSuppressions"":342,""expiredPending"":0,""forwardedOrderCalls"":57968,""forwardedUnitIds"":225464,""gameplayNonorderCalls"":6285,""invalidTargets"":0,""invalidTiles"":0,""invalidUnitIds"":0,""pendingUnitIds"":0,""productionBatches"":4918,""proposedCalls"":61595,""proposedUnitIds"":228555,""revokedPending"":0,""sameUnitConflicts"":2749,""supersededPending"":0},""countersPerObservedUpdate"":{""debugCoalesced"":0,""debugDropped"":0,""debugForwarded"":0.012890709771607821,""debugProposals"":0.012890709771607821,""deferredUnitIds"":0,""duplicateSuppressions"":0.00044981356411487344,""expiredPending"":0,""forwardedOrderCalls"":0.07624208387313153,""forwardedUnitIds"":0.29654024976490007,""gameplayNonorderCalls"":0.008266310673865438,""invalidTargets"":0,""invalidTiles"":0,""invalidUnitIds"":0,""pendingUnitIds"":0,""productionBatches"":0.006468371661745461,""proposedCalls"":0.08101247509256032,""proposedUnitIds"":0.30060567001834765,""revokedPending"":0,""sameUnitConflicts"":0.0036156066893327106,""supersededPending"":0},""referenceExceededUpdates"":169062,""budgetDenialUpdates"":0,""budgetDeniedUnitIdOccurrences"":0,""budgetDeniedDebugCalls"":0,""maxRollingCommandCalls"":755,""maxPendingUnitIds"":0}"
"opponentSlot","ra2web_advanced/1","disabled","40","781327","{""baseline.activateSuperWeapon"":42,""baseline.orderUnits"":13910,""baseline.pauseProduction"":314,""baseline.placeBuilding"":521,""baseline.queueForProduction"":2037,""baseline.quitGame"":1792,""baseline.resumeProduction"":283,""baseline.sayAll"":21,""baseline.sellObject"":77,""baseline.setUnitDebugText"":9403,""baseline.toggleRepairWrench"":316,""baseline.unqueueFromProduction"":273,""candidate.activateSuperWeapon"":17,""candidate.orderUnits"":63003,""candidate.pauseProduction"":773,""candidate.placeBuilding"":353,""candidate.queueForProduction"":3304,""candidate.quitGame"":3,""candidate.resumeProduction"":700,""candidate.sellObject"":5,""candidate.setUnitDebugText"":9478,""candidate.toggleRepairWrench"":285,""candidate.unqueueFromProduction"":646}","{""baseline.activateSuperWeapon"":0.00005375470193657713,""baseline.orderUnits"":0.01780304533185209,""baseline.pauseProduction"":0.0004018803906686957,""baseline.placeBuilding"":0.000666814278784683,""baseline.queueForProduction"":0.0026071030439239907,""baseline.quitGame"":0.0022935339492939576,""baseline.resumeProduction"":0.0003622043011440792,""baseline.sayAll"":0.000026877350968288564,""baseline.sellObject"":0.00009855028688372474,""baseline.setUnitDebugText"":0.012034653864515113,""baseline.toggleRepairWrench"":0.0004044401383799613,""baseline.unqueueFromProduction"":0.00034940556258775135,""candidate.activateSuperWeapon"":0.00002175785554575741,""candidate.orderUnits"":0.08063589252643259,""candidate.pauseProduction"":0.0009893424904041457,""candidate.placeBuilding"":0.00045179547103837444,""candidate.queueForProduction"":0.004228703219010734,""candidate.quitGame"":0.000003839621566898367,""candidate.resumeProduction"":0.0008959116989429522,""candidate.sellObject"":0.000006399369278163944,""candidate.setUnitDebugText"":0.012130644403687572,""candidate.toggleRepairWrench"":0.0003647640488553448,""candidate.unqueueFromProduction"":0.0008267985107387816}",""
"opponentSlot","ra2web_advanced/1","separated_lanes_v2","40","853248","{""baseline.activateSuperWeapon"":56,""baseline.orderUnits"":17370,""baseline.pauseProduction"":369,""baseline.placeBuilding"":564,""baseline.queueForProduction"":2197,""baseline.quitGame"":1100,""baseline.resumeProduction"":337,""baseline.sayAll"":20,""baseline.sellObject"":97,""baseline.setUnitDebugText"":10574,""baseline.toggleRepairWrench"":240,""baseline.unqueueFromProduction"":322,""candidate.activateSuperWeapon"":20,""candidate.orderUnits"":52161,""candidate.pauseProduction"":773,""candidate.placeBuilding"":374,""candidate.queueForProduction"":3514,""candidate.quitGame"":69,""candidate.resumeProduction"":703,""candidate.sellObject"":9,""candidate.setUnitDebugText"":5940,""candidate.toggleRepairWrench"":337,""candidate.unqueueFromProduction"":653}","{""baseline.activateSuperWeapon"":0.00006563156315631563,""baseline.orderUnits"":0.020357504500450044,""baseline.pauseProduction"":0.00043246512151215124,""baseline.placeBuilding"":0.000661003600360036,""baseline.queueForProduction"":0.0025748668616861685,""baseline.quitGame"":0.0012891914191419142,""baseline.resumeProduction"":0.0003949613711371137,""baseline.sayAll"":0.000023439843984398438,""baseline.sellObject"":0.00011368324332433243,""baseline.setUnitDebugText"":0.012392645514551456,""baseline.toggleRepairWrench"":0.0002812781278127813,""baseline.unqueueFromProduction"":0.00037738148814881487,""candidate.activateSuperWeapon"":0.000023439843984398438,""candidate.orderUnits"":0.06113228510351035,""candidate.pauseProduction"":0.0009059499699969997,""candidate.placeBuilding"":0.0004383250825082508,""candidate.queueForProduction"":0.004118380588058806,""candidate.quitGame"":0.00008086746174617462,""candidate.resumeProduction"":0.0008239105160516052,""candidate.sellObject"":0.000010547929792979298,""candidate.setUnitDebugText"":0.006961633663366337,""candidate.toggleRepairWrench"":0.0003949613711371137,""candidate.unqueueFromProduction"":0.0007653109060906091}","{""counters"":{""debugCoalesced"":0,""debugDropped"":5288,""debugForwarded"":5940,""debugProposals"":11228,""deferredUnitIds"":500438,""duplicateSuppressions"":5575,""expiredPending"":10,""forwardedOrderCalls"":52161,""forwardedUnitIds"":145511,""gameplayNonorderCalls"":6452,""invalidTargets"":1217,""invalidTiles"":0,""invalidUnitIds"":240,""pendingUnitIds"":500438,""productionBatches"":5130,""proposedCalls"":73013,""proposedUnitIds"":247699,""revokedPending"":17295,""sameUnitConflicts"":77830,""supersededPending"":73888},""countersPerObservedUpdate"":{""debugCoalesced"":0,""debugDropped"":0.006197494749474948,""debugForwarded"":0.006961633663366337,""debugProposals"":0.013159128412841285,""deferredUnitIds"":0.5865094321932193,""duplicateSuppressions"":0.006533856510651065,""expiredPending"":0.000011719921992199219,""forwardedOrderCalls"":0.06113228510351035,""forwardedUnitIds"":0.17053775690069006,""gameplayNonorderCalls"":0.007561693669366936,""invalidTargets"":0.001426314506450645,""invalidTiles"":0,""invalidUnitIds"":0.0002812781278127813,""pendingUnitIds"":0.5865094321932193,""productionBatches"":0.0060123199819982,""proposedCalls"":0.08557066644164417,""proposedUnitIds"":0.2903012957545755,""revokedPending"":0.02026960508550855,""sameUnitConflicts"":0.09121615286528653,""supersededPending"":0.0865961596159616},""referenceExceededUpdates"":0,""budgetDenialUpdates"":82564,""budgetDeniedUnitIdOccurrences"":500438,""budgetDeniedDebugCalls"":5288,""maxRollingCommandCalls"":115,""maxPendingUnitIds"":37}"
"opponentSlot","ra2web_advanced/1","separated_lanes_unbounded_d1","40","773868","{""baseline.activateSuperWeapon"":41,""baseline.orderUnits"":13279,""baseline.pauseProduction"":324,""baseline.placeBuilding"":523,""baseline.queueForProduction"":2051,""baseline.quitGame"":1072,""baseline.resumeProduction"":287,""baseline.sayAll"":17,""baseline.sellObject"":75,""baseline.setUnitDebugText"":9560,""baseline.toggleRepairWrench"":387,""baseline.unqueueFromProduction"":278,""candidate.activateSuperWeapon"":14,""candidate.orderUnits"":59861,""candidate.pauseProduction"":760,""candidate.placeBuilding"":354,""candidate.queueForProduction"":3351,""candidate.quitGame"":20,""candidate.resumeProduction"":701,""candidate.sellObject"":5,""candidate.setUnitDebugText"":9588,""candidate.toggleRepairWrench"":247,""candidate.unqueueFromProduction"":660}","{""baseline.activateSuperWeapon"":0.000052980611680545005,""baseline.orderUnits"":0.017159257134291638,""baseline.pauseProduction"":0.00041867605328040444,""baseline.placeBuilding"":0.000675825851437196,""baseline.queueForProduction"":0.002650322794068239,""baseline.quitGame"":0.0013852491639401035,""baseline.resumeProduction"":0.000370864281763815,""baseline.sayAll"":0.000021967570696811343,""baseline.sellObject"":0.00009691575307416768,""baseline.setUnitDebugText"":0.012353527991853908,""baseline.toggleRepairWrench"":0.0005000852858627053,""baseline.unqueueFromProduction"":0.0003592343913949149,""candidate.activateSuperWeapon"":0.000018090940573844635,""candidate.orderUnits"":0.0773529852636367,""candidate.pauseProduction"":0.000982079631151566,""candidate.placeBuilding"":0.0004574423545100715,""candidate.queueForProduction"":0.004330195847353812,""candidate.quitGame"":0.00002584420081977805,""candidate.resumeProduction"":0.0009058392387332207,""candidate.sellObject"":0.000006461050204944512,""candidate.setUnitDebugText"":0.012389709873001597,""candidate.toggleRepairWrench"":0.0003191758801242589,""candidate.unqueueFromProduction"":0.0008528586270526757}","{""counters"":{""debugCoalesced"":0,""debugDropped"":0,""debugForwarded"":9588,""debugProposals"":9588,""deferredUnitIds"":0,""duplicateSuppressions"":354,""expiredPending"":0,""forwardedOrderCalls"":59861,""forwardedUnitIds"":223184,""gameplayNonorderCalls"":6112,""invalidTargets"":0,""invalidTiles"":0,""invalidUnitIds"":0,""pendingUnitIds"":0,""productionBatches"":4940,""proposedCalls"":63814,""proposedUnitIds"":227207,""revokedPending"":0,""sameUnitConflicts"":3669,""supersededPending"":0},""countersPerObservedUpdate"":{""debugCoalesced"":0,""debugDropped"":0,""debugForwarded"":0.012389709873001597,""debugProposals"":0.012389709873001597,""deferredUnitIds"":0,""duplicateSuppressions"":0.0004574423545100715,""expiredPending"":0,""forwardedOrderCalls"":0.0773529852636367,""forwardedUnitIds"":0.2884006057880672,""gameplayNonorderCalls"":0.007897987770524173,""invalidTargets"":0,""invalidTiles"":0,""invalidUnitIds"":0,""pendingUnitIds"":0,""productionBatches"":0.006383517602485178,""proposedCalls"":0.08246109155566582,""proposedUnitIds"":0.29359916678296555,""revokedPending"":0,""sameUnitConflicts"":0.004741118640388283,""supersededPending"":0},""referenceExceededUpdates"":180621,""budgetDenialUpdates"":0,""budgetDeniedUnitIdOccurrences"":0,""budgetDeniedDebugCalls"":0,""maxRollingCommandCalls"":1296,""maxPendingUnitIds"":0}"
"opponentDirection","pinned_supalosa/0","disabled","60","952931","{""baseline.orderUnits"":33685,""baseline.placeBuilding"":426,""baseline.queueForProduction"":4743,""baseline.quitGame"":2153,""baseline.setUnitDebugText"":7104,""baseline.toggleRepairWrench"":412,""baseline.unqueueFromProduction"":1691,""candidate.activateSuperWeapon"":12,""candidate.orderUnits"":76138,""candidate.pauseProduction"":894,""candidate.placeBuilding"":478,""candidate.queueForProduction"":4280,""candidate.quitGame"":154,""candidate.resumeProduction"":798,""candidate.sellObject"":10,""candidate.setUnitDebugText"":10567,""candidate.toggleRepairWrench"":466,""candidate.unqueueFromProduction"":957}","{""baseline.orderUnits"":0.035348834280761146,""baseline.placeBuilding"":0.0004470418110020558,""baseline.queueForProduction"":0.004977275374607395,""baseline.quitGame"":0.0022593451152286997,""baseline.setUnitDebugText"":0.007454894425724423,""baseline.toggleRepairWrench"":0.00043235029608649524,""baseline.unqueueFromProduction"":0.0017745251230152025,""candidate.activateSuperWeapon"":0.000012592727070480444,""candidate.orderUnits"":0.07989875447435334,""candidate.pauseProduction"":0.0009381581667507931,""candidate.placeBuilding"":0.0005016102949741377,""candidate.queueForProduction"":0.004491405988471358,""candidate.quitGame"":0.0001616066640711657,""candidate.resumeProduction"":0.0008374163501869495,""candidate.sellObject"":0.00001049393922540037,""candidate.setUnitDebugText"":0.01108894557948057,""candidate.toggleRepairWrench"":0.0004890175679036573,""candidate.unqueueFromProduction"":0.0010042699838708155}",""
"opponentDirection","pinned_supalosa/0","separated_lanes_v2","60","1037644","{""baseline.orderUnits"":37156,""baseline.placeBuilding"":447,""baseline.queueForProduction"":5049,""baseline.quitGame"":2294,""baseline.setUnitDebugText"":7387,""baseline.toggleRepairWrench"":459,""baseline.unqueueFromProduction"":1887,""candidate.activateSuperWeapon"":20,""candidate.orderUnits"":60776,""candidate.pauseProduction"":873,""candidate.placeBuilding"":494,""candidate.queueForProduction"":4279,""candidate.quitGame"":83,""candidate.resumeProduction"":781,""candidate.sellObject"":10,""candidate.setUnitDebugText"":6685,""candidate.toggleRepairWrench"":412,""candidate.unqueueFromProduction"":850}","{""baseline.orderUnits"":0.03580804206452309,""baseline.placeBuilding"":0.0004307835828087475,""baseline.queueForProduction"":0.004865830670249142,""baseline.quitGame"":0.002210777492087845,""baseline.setUnitDebugText"":0.007119011915454626,""baseline.toggleRepairWrench"":0.00044234824274992196,""baseline.unqueueFromProduction"":0.0018185427757496792,""candidate.activateSuperWeapon"":0.000019274433235290716,""candidate.orderUnits"":0.05857114771540143,""candidate.pauseProduction"":0.0008413290107204398,""candidate.placeBuilding"":0.0004760785009116807,""candidate.queueForProduction"":0.004123764990690448,""candidate.quitGame"":0.00007998889792645648,""candidate.resumeProduction"":0.0007526666178381024,""candidate.sellObject"":0.000009637216617645358,""candidate.setUnitDebugText"":0.006442479308895922,""candidate.toggleRepairWrench"":0.00039705332464698873,""candidate.unqueueFromProduction"":0.0008191634124998555}","{""counters"":{""debugCoalesced"":0,""debugDropped"":3800,""debugForwarded"":6685,""debugProposals"":10485,""deferredUnitIds"":623249,""duplicateSuppressions"":19168,""expiredPending"":27,""forwardedOrderCalls"":60776,""forwardedUnitIds"":194236,""gameplayNonorderCalls"":7802,""invalidTargets"":1315,""invalidTiles"":0,""invalidUnitIds"":215,""pendingUnitIds"":623249,""productionBatches"":6074,""proposedCalls"":78904,""proposedUnitIds"":332897,""revokedPending"":22379,""sameUnitConflicts"":95536,""supersededPending"":92385},""countersPerObservedUpdate"":{""debugCoalesced"":0,""debugDropped"":0.003662142314705236,""debugForwarded"":0.006442479308895922,""debugProposals"":0.010104621623601158,""deferredUnitIds"":0.6006385619730852,""duplicateSuppressions"":0.01847261681270262,""expiredPending"":0.000026020484867642467,""forwardedOrderCalls"":0.05857114771540143,""forwardedUnitIds"":0.1871894406944964,""gameplayNonorderCalls"":0.007518956405086909,""invalidTargets"":0.0012672939852203646,""invalidTiles"":0,""invalidUnitIds"":0.0002072001572793752,""pendingUnitIds"":0.6006385619730852,""productionBatches"":0.005853645373557791,""proposedCalls"":0.07604149399986894,""proposedUnitIds"":0.32082005003642866,""revokedPending"":0.021567127068628546,""sameUnitConflicts"":0.09207011267833669,""supersededPending"":0.08903342572211664},""referenceExceededUpdates"":0,""budgetDenialUpdates"":80800,""budgetDeniedUnitIdOccurrences"":623249,""budgetDeniedDebugCalls"":3800,""maxRollingCommandCalls"":115,""maxPendingUnitIds"":43}"
"opponentDirection","pinned_supalosa/0","separated_lanes_unbounded_d1","60","973712","{""baseline.orderUnits"":34040,""baseline.placeBuilding"":425,""baseline.queueForProduction"":4858,""baseline.quitGame"":1842,""baseline.setUnitDebugText"":7202,""baseline.toggleRepairWrench"":458,""baseline.unqueueFromProduction"":1782,""candidate.activateSuperWeapon"":13,""candidate.orderUnits"":75641,""candidate.pauseProduction"":893,""candidate.placeBuilding"":468,""candidate.queueForProduction"":4282,""candidate.quitGame"":172,""candidate.resumeProduction"":794,""candidate.sellObject"":10,""candidate.setUnitDebugText"":10909,""candidate.toggleRepairWrench"":460,""candidate.unqueueFromProduction"":897}","{""baseline.orderUnits"":0.03495900225117899,""baseline.placeBuilding"":0.0004364740292817589,""baseline.queueForProduction"":0.004989154904119494,""baseline.quitGame"":0.0018917297927929409,""baseline.setUnitDebugText"":0.0073964375503228885,""baseline.toggleRepairWrench"":0.00047036495390834253,""baseline.unqueueFromProduction"":0.001830109929835516,""candidate.activateSuperWeapon"":0.000013350970307442036,""candidate.orderUnits"":0.07768313423270946,""candidate.pauseProduction"":0.0009171089603496722,""candidate.placeBuilding"":0.0004806349310679133,""candidate.queueForProduction"":0.004397604219728215,""candidate.quitGame"":0.0001766436071446177,""candidate.resumeProduction"":0.0008154361864699213,""candidate.sellObject"":0.000010269977159570797,""candidate.setUnitDebugText"":0.011203518083375783,""candidate.toggleRepairWrench"":0.0004724189493402567,""candidate.unqueueFromProduction"":0.0009212169512135005}","{""counters"":{""debugCoalesced"":0,""debugDropped"":0,""debugForwarded"":10909,""debugProposals"":10909,""deferredUnitIds"":0,""duplicateSuppressions"":218,""expiredPending"":0,""forwardedOrderCalls"":75641,""forwardedUnitIds"":357147,""gameplayNonorderCalls"":7989,""invalidTargets"":0,""invalidTiles"":0,""invalidUnitIds"":0,""pendingUnitIds"":0,""productionBatches"":6069,""proposedCalls"":78931,""proposedUnitIds"":359458,""revokedPending"":0,""sameUnitConflicts"":2093,""supersededPending"":0},""countersPerObservedUpdate"":{""debugCoalesced"":0,""debugDropped"":0,""debugForwarded"":0.011203518083375783,""debugProposals"":0.011203518083375783,""deferredUnitIds"":0,""duplicateSuppressions"":0.00022388550207864337,""expiredPending"":0,""forwardedOrderCalls"":0.07768313423270946,""forwardedUnitIds"":0.36678915326092315,""gameplayNonorderCalls"":0.00820468475278111,""invalidTargets"":0,""invalidTiles"":0,""invalidUnitIds"":0,""pendingUnitIds"":0,""productionBatches"":0.006232849138143517,""proposedCalls"":0.08106195671820826,""proposedUnitIds"":0.36916254498249995,""revokedPending"":0,""sameUnitConflicts"":0.0021495062194981677,""supersededPending"":0},""referenceExceededUpdates"":201854,""budgetDenialUpdates"":0,""budgetDeniedUnitIdOccurrences"":0,""budgetDeniedDebugCalls"":0,""maxRollingCommandCalls"":564,""maxPendingUnitIds"":0}"
"opponentDirection","pinned_supalosa/1","disabled","60","990481","{""baseline.orderUnits"":33480,""baseline.placeBuilding"":398,""baseline.queueForProduction"":3862,""baseline.quitGame"":1493,""baseline.setUnitDebugText"":5344,""baseline.toggleRepairWrench"":690,""baseline.unqueueFromProduction"":1002,""candidate.activateSuperWeapon"":23,""candidate.orderUnits"":114014,""candidate.pauseProduction"":1019,""candidate.placeBuilding"":566,""candidate.queueForProduction"":5025,""candidate.quitGame"":253,""candidate.resumeProduction"":945,""candidate.setUnitDebugText"":17133,""candidate.toggleRepairWrench"":325,""candidate.unqueueFromProduction"":1074}","{""baseline.orderUnits"":0.033801758943382054,""baseline.placeBuilding"":0.0004018249719075883,""baseline.queueForProduction"":0.0038991156821786585,""baseline.quitGame"":0.0015073484498945462,""baseline.setUnitDebugText"":0.005395358416769226,""baseline.toggleRepairWrench"":0.0006966312327041104,""baseline.unqueueFromProduction"":0.00101162970314423,""candidate.activateSuperWeapon"":0.000023221041090137013,""candidate.orderUnits"":0.11510972951525572,""candidate.pauseProduction"":0.0010287930813412877,""candidate.placeBuilding"":0.0005714395329138065,""candidate.queueForProduction"":0.005073292672953848,""candidate.quitGame"":0.00025543145199150713,""candidate.resumeProduction"":0.0009540819056599773,""candidate.setUnitDebugText"":0.017297656391187716,""candidate.toggleRepairWrench"":0.0003281234067084578,""candidate.unqueueFromProduction"":0.0010843216578611805}",""
"opponentDirection","pinned_supalosa/1","separated_lanes_v2","60","1044120","{""baseline.orderUnits"":37200,""baseline.placeBuilding"":401,""baseline.queueForProduction"":3889,""baseline.quitGame"":3273,""baseline.setUnitDebugText"":5874,""baseline.toggleRepairWrench"":669,""baseline.unqueueFromProduction"":926,""candidate.activateSuperWeapon"":31,""candidate.orderUnits"":72024,""candidate.pauseProduction"":1051,""candidate.placeBuilding"":584,""candidate.queueForProduction"":4930,""candidate.quitGame"":28,""candidate.resumeProduction"":961,""candidate.setUnitDebugText"":8647,""candidate.toggleRepairWrench"":391,""candidate.unqueueFromProduction"":951}","{""baseline.orderUnits"":0.03562808872543386,""baseline.placeBuilding"":0.0003840554725510478,""baseline.queueForProduction"":0.00372466766272076,""baseline.quitGame"":0.0031346971612458336,""baseline.setUnitDebugText"":0.0056257901390644755,""baseline.toggleRepairWrench"":0.0006407309504654638,""baseline.unqueueFromProduction"":0.0008868712408535418,""candidate.activateSuperWeapon"":0.00002969007393786155,""candidate.orderUnits"":0.06898057694517871,""candidate.pauseProduction"":0.001006589280925564,""candidate.placeBuilding"":0.0005593226832164885,""candidate.queueForProduction"":0.004721679500440563,""candidate.quitGame"":0.000026816840976133013,""candidate.resumeProduction"":0.000920392292073708,""candidate.setUnitDebugText"":0.00828161514002222,""candidate.toggleRepairWrench"":0.000374478029345286,""candidate.unqueueFromProduction"":0.0009108148488679462}","{""counters"":{""debugCoalesced"":0,""debugDropped"":7503,""debugForwarded"":8647,""debugProposals"":16150,""deferredUnitIds"":1048530,""duplicateSuppressions"":17311,""expiredPending"":101,""forwardedOrderCalls"":72024,""forwardedUnitIds"":244243,""gameplayNonorderCalls"":8927,""invalidTargets"":4874,""invalidTiles"":0,""invalidUnitIds"":359,""pendingUnitIds"":1048530,""productionBatches"":6987,""proposedCalls"":122192,""proposedUnitIds"":527471,""revokedPending"":95056,""sameUnitConflicts"":165381,""supersededPending"":152194},""countersPerObservedUpdate"":{""debugCoalesced"":0,""debugDropped"":0.007185955637283071,""debugForwarded"":0.00828161514002222,""debugProposals"":0.015467570777305291,""deferredUnitIds"":1.004223652453741,""duplicateSuppressions"":0.016579511933494235,""expiredPending"":0.00009673217637819408,""forwardedOrderCalls"":0.06898057694517871,""forwardedUnitIds"":0.23392234609048768,""gameplayNonorderCalls"":0.00854978354978355,""invalidTargets"":0.004668045818488296,""invalidTiles"":0,""invalidUnitIds"":0.00034383021108684824,""pendingUnitIds"":1.004223652453741,""productionBatches"":0.0066917595678657625,""proposedCalls"":0.11702869401984446,""proposedUnitIds"":0.5051823545186377,""revokedPending"":0.09103934413668927,""sameUnitConflicts"":0.15839271348120906,""supersededPending"":0.14576293912577098},""referenceExceededUpdates"":0,""budgetDenialUpdates"":131406,""budgetDeniedUnitIdOccurrences"":1048530,""budgetDeniedDebugCalls"":7503,""maxRollingCommandCalls"":115,""maxPendingUnitIds"":56}"
"opponentDirection","pinned_supalosa/1","separated_lanes_unbounded_d1","60","973709","{""baseline.orderUnits"":32789,""baseline.placeBuilding"":400,""baseline.queueForProduction"":3825,""baseline.quitGame"":1223,""baseline.setUnitDebugText"":5305,""baseline.toggleRepairWrench"":905,""baseline.unqueueFromProduction"":976,""candidate.activateSuperWeapon"":21,""candidate.orderUnits"":100216,""candidate.pauseProduction"":1030,""candidate.placeBuilding"":565,""candidate.queueForProduction"":4963,""candidate.quitGame"":278,""candidate.resumeProduction"":952,""candidate.setUnitDebugText"":16058,""candidate.toggleRepairWrench"":365,""candidate.unqueueFromProduction"":1045}","{""baseline.orderUnits"":0.0336743318589024,""baseline.placeBuilding"":0.0004108003520559017,""baseline.queueForProduction"":0.00392827836653456,""baseline.quitGame"":0.0012560220764109196,""baseline.setUnitDebugText"":0.0054482396691413965,""baseline.toggleRepairWrench"":0.0009294357965264776,""baseline.unqueueFromProduction"":0.0010023528590164,""candidate.activateSuperWeapon"":0.00002156701848293484,""candidate.orderUnits"":0.10292192020408561,""candidate.pauseProduction"":0.0010578109065439469,""candidate.placeBuilding"":0.0005802554972789612,""candidate.queueForProduction"":0.005097005368133601,""candidate.quitGame"":0.0002855062446788517,""candidate.resumeProduction"":0.000977704837893046,""candidate.setUnitDebugText"":0.016491580133284174,""candidate.toggleRepairWrench"":0.00037485532125101033,""candidate.unqueueFromProduction"":0.0010732159197460432}","{""counters"":{""debugCoalesced"":0,""debugDropped"":0,""debugForwarded"":16058,""debugProposals"":16058,""deferredUnitIds"":0,""duplicateSuppressions"":3405,""expiredPending"":0,""forwardedOrderCalls"":100216,""forwardedUnitIds"":429268,""gameplayNonorderCalls"":9219,""invalidTargets"":4844,""invalidTiles"":0,""invalidUnitIds"":0,""pendingUnitIds"":0,""productionBatches"":7073,""proposedCalls"":106030,""proposedUnitIds"":442435,""revokedPending"":0,""sameUnitConflicts"":4918,""supersededPending"":0},""countersPerObservedUpdate"":{""debugCoalesced"":0,""debugDropped"":0,""debugForwarded"":0.016491580133284174,""debugProposals"":0.016491580133284174,""deferredUnitIds"":0,""duplicateSuppressions"":0.0034969379968758634,""expiredPending"":0,""forwardedOrderCalls"":0.10292192020408561,""forwardedUnitIds"":0.440858613815832,""gameplayNonorderCalls"":0.009467921114008395,""invalidTargets"":0.00497479226339697,""invalidTiles"":0,""invalidUnitIds"":0,""pendingUnitIds"":0,""productionBatches"":0.007263977225228482,""proposedCalls"":0.10889290332121815,""proposedUnitIds"":0.4543811344046322,""revokedPending"":0,""sameUnitConflicts"":0.005050790328527312,""supersededPending"":0},""referenceExceededUpdates"":320210,""budgetDenialUpdates"":0,""budgetDeniedUnitIdOccurrences"":0,""budgetDeniedDebugCalls"":0,""maxRollingCommandCalls"":1031,""maxPendingUnitIds"":0}"
"opponentDirection","ra2web_advanced/0","disabled","40","776384","{""baseline.activateSuperWeapon"":52,""baseline.orderUnits"":17513,""baseline.pauseProduction"":316,""baseline.placeBuilding"":564,""baseline.queueForProduction"":2196,""baseline.quitGame"":795,""baseline.resumeProduction"":289,""baseline.sayAll"":7,""baseline.sellObject"":69,""baseline.setUnitDebugText"":9698,""baseline.toggleRepairWrench"":216,""baseline.unqueueFromProduction"":308,""candidate.activateSuperWeapon"":13,""candidate.orderUnits"":50806,""candidate.pauseProduction"":663,""candidate.placeBuilding"":330,""candidate.queueForProduction"":2848,""candidate.quitGame"":134,""candidate.resumeProduction"":591,""candidate.sellObject"":20,""candidate.setUnitDebugText"":6931,""candidate.toggleRepairWrench"":348,""candidate.unqueueFromProduction"":602}","{""baseline.activateSuperWeapon"":0.00006697716593850466,""baseline.orderUnits"":0.02255713667463523,""baseline.pauseProduction"":0.0004070150853186052,""baseline.placeBuilding"":0.0007264446459483967,""baseline.queueForProduction"":0.0028284972384799273,""baseline.quitGame"":0.0010239778254059846,""baseline.resumeProduction"":0.00037223847992745856,""baseline.sayAll"":0.000009016156953260242,""baseline.sellObject"":0.0000888735471107081,""baseline.setUnitDebugText"":0.012491241447531118,""baseline.toggleRepairWrench"":0.0002782128431291732,""baseline.unqueueFromProduction"":0.00039671090594345067,""candidate.activateSuperWeapon"":0.000016744291484626164,""candidate.orderUnits"":0.06543926716676284,""candidate.pauseProduction"":0.0008539588657159344,""candidate.placeBuilding"":0.00042504739922512573,""candidate.queueForProduction"":0.0036682878575550245,""candidate.quitGame"":0.00017259500453383893,""candidate.resumeProduction"":0.0007612212513395433,""candidate.sellObject"":0.000025760448437886407,""candidate.setUnitDebugText"":0.008927283406149534,""candidate.toggleRepairWrench"":0.0004482318028192235,""candidate.unqueueFromProduction"":0.0007753894979803808}",""
"opponentDirection","ra2web_advanced/0","separated_lanes_v2","40","803502","{""baseline.activateSuperWeapon"":65,""baseline.orderUnits"":16792,""baseline.pauseProduction"":354,""baseline.placeBuilding"":583,""baseline.queueForProduction"":2271,""baseline.quitGame"":4,""baseline.resumeProduction"":337,""baseline.sayAll"":7,""baseline.sellObject"":76,""baseline.setUnitDebugText"":10314,""baseline.toggleRepairWrench"":129,""baseline.unqueueFromProduction"":343,""candidate.activateSuperWeapon"":6,""candidate.orderUnits"":47192,""candidate.pauseProduction"":601,""candidate.placeBuilding"":317,""candidate.queueForProduction"":2945,""candidate.quitGame"":602,""candidate.resumeProduction"":534,""candidate.sellObject"":27,""candidate.setUnitDebugText"":4509,""candidate.toggleRepairWrench"":394,""candidate.unqueueFromProduction"":677}","{""baseline.activateSuperWeapon"":0.00008089587829277338,""baseline.orderUnits"":0.0208985167429577,""baseline.pauseProduction"":0.0004405713987021812,""baseline.placeBuilding"":0.0007255738006874905,""baseline.queueForProduction"":0.0028263775323521287,""baseline.quitGame"":0.000004978207894939901,""baseline.resumeProduction"":0.0004194140151486866,""baseline.sayAll"":0.000008711863816144826,""baseline.sellObject"":0.00009458595000385811,""baseline.setUnitDebugText"":0.012836309057102533,""baseline.toggleRepairWrench"":0.0001605472046118118,""baseline.unqueueFromProduction"":0.00042688132699109647,""candidate.activateSuperWeapon"":0.0000074673118424098505,""candidate.orderUnits"":0.05873289674450095,""candidate.pauseProduction"":0.00074797573621472,""candidate.placeBuilding"":0.00039452297567398715,""candidate.queueForProduction"":0.003665205562649502,""candidate.quitGame"":0.0007492202881884551,""candidate.resumeProduction"":0.0006645907539744768,""candidate.sellObject"":0.00003360290329084433,""candidate.setUnitDebugText"":0.0056116848495710026,""candidate.toggleRepairWrench"":0.0004903534776515802,""candidate.unqueueFromProduction"":0.0008425616862185782}","{""counters"":{""debugCoalesced"":0,""debugDropped"":2553,""debugForwarded"":4509,""debugProposals"":7062,""deferredUnitIds"":529293,""duplicateSuppressions"":4326,""expiredPending"":4,""forwardedOrderCalls"":47192,""forwardedUnitIds"":157528,""gameplayNonorderCalls"":6103,""invalidTargets"":1587,""invalidTiles"":0,""invalidUnitIds"":177,""pendingUnitIds"":529293,""productionBatches"":4366,""proposedCalls"":63293,""proposedUnitIds"":292225,""revokedPending"":8576,""sameUnitConflicts"":120025,""supersededPending"":118585},""countersPerObservedUpdate"":{""debugCoalesced"":0,""debugDropped"":0.0031773411889453916,""debugForwarded"":0.0056116848495710026,""debugProposals"":0.008789026038516395,""deferredUnitIds"":0.6587326478341062,""duplicateSuppressions"":0.005383931838377503,""expiredPending"":0.000004978207894939901,""forwardedOrderCalls"":0.05873289674450095,""forwardedUnitIds"":0.19605178331852316,""gameplayNonorderCalls"":0.007595500695704554,""invalidTargets"":0.0019751039823174056,""invalidTiles"":0,""invalidUnitIds"":0.0002202856993510906,""pendingUnitIds"":0.6587326478341062,""productionBatches"":0.005433713917326902,""proposedCalls"":0.07877142807360778,""proposedUnitIds"":0.3636892005247031,""revokedPending"":0.010673277726751147,""sameUnitConflicts"":0.1493773506475404,""supersededPending"":0.14758519580536203},""referenceExceededUpdates"":0,""budgetDenialUpdates"":67074,""budgetDeniedUnitIdOccurrences"":529293,""budgetDeniedDebugCalls"":2553,""maxRollingCommandCalls"":115,""maxPendingUnitIds"":37}"
"opponentDirection","ra2web_advanced/0","separated_lanes_unbounded_d1","40","768559","{""baseline.activateSuperWeapon"":53,""baseline.orderUnits"":15817,""baseline.pauseProduction"":319,""baseline.placeBuilding"":567,""baseline.queueForProduction"":2208,""baseline.quitGame"":30,""baseline.resumeProduction"":295,""baseline.sayAll"":7,""baseline.sellObject"":71,""baseline.setUnitDebugText"":9938,""baseline.toggleRepairWrench"":256,""baseline.unqueueFromProduction"":307,""candidate.activateSuperWeapon"":7,""candidate.orderUnits"":51133,""candidate.pauseProduction"":625,""candidate.placeBuilding"":330,""candidate.queueForProduction"":2875,""candidate.quitGame"":158,""candidate.resumeProduction"":566,""candidate.sellObject"":20,""candidate.setUnitDebugText"":6961,""candidate.toggleRepairWrench"":313,""candidate.unqueueFromProduction"":616}","{""baseline.activateSuperWeapon"":0.00006896022296271333,""baseline.orderUnits"":0.020580072577381828,""baseline.pauseProduction"":0.0004150624740585954,""baseline.placeBuilding"":0.0007377442720728012,""baseline.queueForProduction"":0.002872908911352284,""baseline.quitGame"":0.00003903408846946038,""baseline.resumeProduction"":0.0003838352032830271,""baseline.sayAll"":0.000009107953976207421,""baseline.sellObject"":0.00009238067604438957,""baseline.setUnitDebugText"":0.012930692373649908,""baseline.toggleRepairWrench"":0.00033309088827272856,""baseline.unqueueFromProduction"":0.00039944883867081124,""candidate.activateSuperWeapon"":0.000009107953976207421,""candidate.orderUnits"":0.06653100152363059,""candidate.pauseProduction"":0.0008132101764470913,""candidate.placeBuilding"":0.0004293749731640642,""candidate.queueForProduction"":0.00374076681165662,""candidate.quitGame"":0.00020557953260582466,""candidate.resumeProduction"":0.0007364431357904859,""candidate.sellObject"":0.00002602272564630692,""candidate.setUnitDebugText"":0.009057209661197123,""candidate.toggleRepairWrench"":0.0004072556563647033,""candidate.unqueueFromProduction"":0.0008014999499062532}","{""counters"":{""debugCoalesced"":0,""debugDropped"":0,""debugForwarded"":6961,""debugProposals"":6961,""deferredUnitIds"":0,""duplicateSuppressions"":220,""expiredPending"":0,""forwardedOrderCalls"":51133,""forwardedUnitIds"":203221,""gameplayNonorderCalls"":5510,""invalidTargets"":0,""invalidTiles"":0,""invalidUnitIds"":0,""pendingUnitIds"":0,""productionBatches"":4277,""proposedCalls"":52841,""proposedUnitIds"":203676,""revokedPending"":0,""sameUnitConflicts"":235,""supersededPending"":0},""countersPerObservedUpdate"":{""debugCoalesced"":0,""debugDropped"":0,""debugForwarded"":0.009057209661197123,""debugProposals"":0.009057209661197123,""deferredUnitIds"":0,""duplicateSuppressions"":0.0002862499821093761,""expiredPending"":0,""forwardedOrderCalls"":0.06653100152363059,""forwardedUnitIds"":0.2644182164284069,""gameplayNonorderCalls"":0.007169260915557556,""invalidTargets"":0,""invalidTiles"":0,""invalidUnitIds"":0,""pendingUnitIds"":0,""productionBatches"":0.005564959879462735,""proposedCalls"":0.0687533422938252,""proposedUnitIds"":0.2650102334368604,""revokedPending"":0,""sameUnitConflicts"":0.0003057670263441063,""supersededPending"":0},""referenceExceededUpdates"":132157,""budgetDenialUpdates"":0,""budgetDeniedUnitIdOccurrences"":0,""budgetDeniedDebugCalls"":0,""maxRollingCommandCalls"":1296,""maxPendingUnitIds"":0}"
"opponentDirection","ra2web_advanced/1","disabled","40","783269","{""baseline.activateSuperWeapon"":29,""baseline.orderUnits"":11835,""baseline.pauseProduction"":327,""baseline.placeBuilding"":480,""baseline.queueForProduction"":2008,""baseline.quitGame"":2545,""baseline.resumeProduction"":295,""baseline.sayAll"":21,""baseline.sellObject"":97,""baseline.setUnitDebugText"":9621,""baseline.toggleRepairWrench"":462,""baseline.unqueueFromProduction"":282,""candidate.activateSuperWeapon"":20,""candidate.orderUnits"":72301,""candidate.pauseProduction"":891,""candidate.placeBuilding"":379,""candidate.queueForProduction"":3764,""candidate.resumeProduction"":820,""candidate.setUnitDebugText"":11963,""candidate.toggleRepairWrench"":198,""candidate.unqueueFromProduction"":697}","{""baseline.activateSuperWeapon"":0.00003702431731627321,""baseline.orderUnits"":0.015109751566830807,""baseline.pauseProduction"":0.00041748109525590823,""baseline.placeBuilding"":0.0006128162866141772,""baseline.queueForProduction"":0.0025636147990026415,""baseline.quitGame"":0.0032492030196522525,""baseline.resumeProduction"":0.00037662667614829645,""baseline.sayAll"":0.000026810712539370256,""baseline.sellObject"":0.00012383995791994832,""baseline.setUnitDebugText"":0.012283136444822915,""baseline.toggleRepairWrench"":0.0005898356758661456,""baseline.unqueueFromProduction"":0.0003600295683858291,""candidate.activateSuperWeapon"":0.000025534011942257384,""candidate.orderUnits"":0.09230672987185756,""candidate.pauseProduction"":0.0011375402320275665,""candidate.placeBuilding"":0.00048386952630577744,""candidate.queueForProduction"":0.00480550104753284,""candidate.resumeProduction"":0.0010468944896325529,""candidate.setUnitDebugText"":0.015273169243261255,""candidate.toggleRepairWrench"":0.0002527867182283481,""candidate.unqueueFromProduction"":0.0008898603161876699}",""
"opponentDirection","ra2web_advanced/1","separated_lanes_v2","40","880109","{""baseline.activateSuperWeapon"":49,""baseline.orderUnits"":19240,""baseline.pauseProduction"":401,""baseline.placeBuilding"":552,""baseline.queueForProduction"":2210,""baseline.quitGame"":2052,""baseline.resumeProduction"":358,""baseline.sayAll"":31,""baseline.sellObject"":117,""baseline.setUnitDebugText"":10580,""baseline.toggleRepairWrench"":477,""baseline.unqueueFromProduction"":309,""candidate.activateSuperWeapon"":28,""candidate.orderUnits"":55004,""candidate.pauseProduction"":869,""candidate.placeBuilding"":412,""candidate.queueForProduction"":4019,""candidate.quitGame"":15,""candidate.resumeProduction"":794,""candidate.setUnitDebugText"":7228,""candidate.toggleRepairWrench"":297,""candidate.unqueueFromProduction"":619}","{""baseline.activateSuperWeapon"":0.000055674922083514655,""baseline.orderUnits"":0.021860928589526978,""baseline.pauseProduction"":0.00045562538276508935,""baseline.placeBuilding"":0.0006271950406142875,""baseline.queueForProduction"":0.0025110526082564775,""baseline.quitGame"":0.002331529390109634,""baseline.resumeProduction"":0.00040676779807955604,""baseline.sayAll"":0.0000352229098895705,""baseline.sellObject"":0.00013293807926063704,""baseline.setUnitDebugText"":0.012021238278440512,""baseline.toggleRepairWrench"":0.0005419783231395202,""baseline.unqueueFromProduction"":0.0003510928759960414,""candidate.activateSuperWeapon"":0.0000318142411905798,""candidate.orderUnits"":0.0624968043730947,""candidate.pauseProduction"":0.0009873776998076374,""candidate.placeBuilding"":0.00046812383466138854,""candidate.queueForProduction"":0.004566479833747865,""candidate.quitGame"":0.000017043343494953465,""candidate.resumeProduction"":0.0009021609823328702,""candidate.setUnitDebugText"":0.008212619118768243,""candidate.toggleRepairWrench"":0.00033745820120007863,""candidate.unqueueFromProduction"":0.0007033219748917463}","{""counters"":{""debugCoalesced"":0,""debugDropped"":7353,""debugForwarded"":7228,""debugProposals"":14581,""deferredUnitIds"":584015,""duplicateSuppressions"":8496,""expiredPending"":39,""forwardedOrderCalls"":55004,""forwardedUnitIds"":151685,""gameplayNonorderCalls"":7053,""invalidTargets"":1586,""invalidTiles"":0,""invalidUnitIds"":327,""pendingUnitIds"":584015,""productionBatches"":5698,""proposedCalls"":81093,""proposedUnitIds"":254576,""revokedPending"":17255,""sameUnitConflicts"":75153,""supersededPending"":68974},""countersPerObservedUpdate"":{""debugCoalesced"":0,""debugDropped"":0.00835464698122619,""debugForwarded"":0.008212619118768243,""debugProposals"":0.016567266099994434,""deferredUnitIds"":0.6635712167470166,""duplicateSuppressions"":0.009653349755541643,""expiredPending"":0.00004431269308687901,""forwardedOrderCalls"":0.0624968043730947,""forwardedUnitIds"":0.17234797053546777,""gameplayNonorderCalls"":0.00801378011132712,""invalidTargets"":0.0018020495188664132,""invalidTiles"":0,""invalidUnitIds"":0.00037154488818998555,""pendingUnitIds"":0.6635712167470166,""productionBatches"":0.00647419808228299,""proposedCalls"":0.09213972360241743,""proposedUnitIds"":0.28925508090475155,""revokedPending"":0.019605526133694803,""sameUnitConflicts"":0.08539055957841586,""supersededPending"":0.0783698382813947},""referenceExceededUpdates"":0,""budgetDenialUpdates"":99108,""budgetDeniedUnitIdOccurrences"":584015,""budgetDeniedDebugCalls"":7353,""maxRollingCommandCalls"":115,""maxPendingUnitIds"":35}"
"opponentDirection","ra2web_advanced/1","separated_lanes_unbounded_d1","40","765624","{""baseline.activateSuperWeapon"":24,""baseline.orderUnits"":10322,""baseline.pauseProduction"":342,""baseline.placeBuilding"":483,""baseline.queueForProduction"":2020,""baseline.quitGame"":2037,""baseline.resumeProduction"":307,""baseline.sayAll"":20,""baseline.sellObject"":95,""baseline.setUnitDebugText"":9691,""baseline.toggleRepairWrench"":494,""baseline.unqueueFromProduction"":280,""candidate.activateSuperWeapon"":21,""candidate.orderUnits"":66696,""candidate.pauseProduction"":905,""candidate.placeBuilding"":384,""candidate.queueForProduction"":3814,""candidate.resumeProduction"":838,""candidate.setUnitDebugText"":12428,""candidate.toggleRepairWrench"":215,""candidate.unqueueFromProduction"":710}","{""baseline.activateSuperWeapon"":0.00003134697971850412,""baseline.orderUnits"":0.013481813527266647,""baseline.pauseProduction"":0.0004466944609886837,""baseline.placeBuilding"":0.0006308579668348954,""baseline.queueForProduction"":0.002638370792974097,""baseline.quitGame"":0.0026605749036080375,""baseline.resumeProduction"":0.00040098011556586525,""baseline.sayAll"":0.000026122483098753436,""baseline.sellObject"":0.00012408179471907883,""baseline.setUnitDebugText"":0.012657649185500977,""baseline.toggleRepairWrench"":0.0006452253325392098,""baseline.unqueueFromProduction"":0.0003657147633825481,""candidate.activateSuperWeapon"":0.000027428607253691107,""candidate.orderUnits"":0.08711325663772296,""candidate.pauseProduction"":0.001182042360218593,""candidate.placeBuilding"":0.0005015516754960659,""candidate.queueForProduction"":0.00498155752693228,""candidate.resumeProduction"":0.001094532041837769,""candidate.setUnitDebugText"":0.016232510997565383,""candidate.toggleRepairWrench"":0.0002808166933115994,""candidate.unqueueFromProduction"":0.0009273481500057469}","{""counters"":{""debugCoalesced"":0,""debugDropped"":0,""debugForwarded"":12428,""debugProposals"":12428,""deferredUnitIds"":0,""duplicateSuppressions"":476,""expiredPending"":0,""forwardedOrderCalls"":66696,""forwardedUnitIds"":245427,""gameplayNonorderCalls"":6887,""invalidTargets"":0,""invalidTiles"":0,""invalidUnitIds"":0,""pendingUnitIds"":0,""productionBatches"":5581,""proposedCalls"":72568,""proposedUnitIds"":252086,""revokedPending"":0,""sameUnitConflicts"":6183,""supersededPending"":0},""countersPerObservedUpdate"":{""debugCoalesced"":0,""debugDropped"":0,""debugForwarded"":0.016232510997565383,""debugProposals"":0.016232510997565383,""deferredUnitIds"":0,""duplicateSuppressions"":0.0006217150977503317,""expiredPending"":0,""forwardedOrderCalls"":0.08711325663772296,""forwardedUnitIds"":0.32055813297388797,""gameplayNonorderCalls"":0.008995277055055746,""invalidTargets"":0,""invalidTiles"":0,""invalidUnitIds"":0,""pendingUnitIds"":0,""productionBatches"":0.007289478908707146,""proposedCalls"":0.09478281767551697,""proposedUnitIds"":0.32925561372161793,""revokedPending"":0,""sameUnitConflicts"":0.008075765649979624,""supersededPending"":0},""referenceExceededUpdates"":217526,""budgetDenialUpdates"":0,""budgetDeniedUnitIdOccurrences"":0,""budgetDeniedDebugCalls"":0,""maxRollingCommandCalls"":755,""maxPendingUnitIds"":0}"
"opponentCountryDirection","pinned_supalosa/Africans/0","disabled","30","527093","{""baseline.orderUnits"":16600,""baseline.placeBuilding"":232,""baseline.queueForProduction"":2806,""baseline.quitGame"":1814,""baseline.setUnitDebugText"":3515,""baseline.toggleRepairWrench"":285,""baseline.unqueueFromProduction"":981,""candidate.orderUnits"":51609,""candidate.pauseProduction"":511,""candidate.placeBuilding"":247,""candidate.queueForProduction"":2653,""candidate.quitGame"":122,""candidate.resumeProduction"":465,""candidate.sellObject"":10,""candidate.setUnitDebugText"":7656,""candidate.toggleRepairWrench"":198,""candidate.unqueueFromProduction"":483}","{""baseline.orderUnits"":0.03149349355806281,""baseline.placeBuilding"":0.0004401500304500344,""baseline.queueForProduction"":0.005323538730356882,""baseline.quitGame"":0.0034415179105015624,""baseline.setUnitDebugText"":0.006668652400999444,""baseline.toggleRepairWrench"":0.000540701546026982,""baseline.unqueueFromProduction"":0.0018611516373770853,""candidate.orderUnits"":0.09791251259265443,""candidate.pauseProduction"":0.0009694683860343431,""candidate.placeBuilding"":0.0004686080065567177,""candidate.queueForProduction"":0.005033267374068713,""candidate.quitGame"":0.0002314582056676905,""candidate.resumeProduction"":0.0008821972593071811,""candidate.sellObject"":0.000018971984071122175,""candidate.setUnitDebugText"":0.014524951004851136,""candidate.toggleRepairWrench"":0.000375645284608219,""candidate.unqueueFromProduction"":0.000916346830635201}",""
"opponentCountryDirection","pinned_supalosa/Africans/0","separated_lanes_v2","30","532960","{""baseline.orderUnits"":18611,""baseline.placeBuilding"":246,""baseline.queueForProduction"":2861,""baseline.setUnitDebugText"":4106,""baseline.toggleRepairWrench"":283,""baseline.unqueueFromProduction"":964,""candidate.orderUnits"":35014,""candidate.pauseProduction"":501,""candidate.placeBuilding"":246,""candidate.queueForProduction"":2628,""candidate.quitGame"":43,""candidate.resumeProduction"":460,""candidate.sellObject"":10,""candidate.setUnitDebugText"":3691,""candidate.toggleRepairWrench"":179,""candidate.unqueueFromProduction"":450}","{""baseline.orderUnits"":0.034920069048333835,""baseline.placeBuilding"":0.00046157310117081956,""baseline.queueForProduction"":0.00536813269288502,""baseline.setUnitDebugText"":0.007704142900030021,""baseline.toggleRepairWrench"":0.0005309966976883818,""baseline.unqueueFromProduction"":0.0018087661362954069,""candidate.orderUnits"":0.06569723806664665,""candidate.pauseProduction"":0.0009400330231161813,""candidate.placeBuilding"":0.00046157310117081956,""candidate.queueForProduction"":0.004930951666166317,""candidate.quitGame"":0.00008068147703392375,""candidate.resumeProduction"":0.0008631041729210447,""candidate.sellObject"":0.000018763134193935755,""candidate.setUnitDebugText"":0.006925472830981687,""candidate.toggleRepairWrench"":0.00033586010207145003,""candidate.unqueueFromProduction"":0.000844341038727109}","{""counters"":{""debugCoalesced"":0,""debugDropped"":3126,""debugForwarded"":3691,""debugProposals"":6817,""deferredUnitIds"":516883,""duplicateSuppressions"":18456,""expiredPending"":22,""forwardedOrderCalls"":35014,""forwardedUnitIds"":134962,""gameplayNonorderCalls"":4517,""invalidTargets"":1212,""invalidTiles"":0,""invalidUnitIds"":148,""pendingUnitIds"":516883,""productionBatches"":3633,""proposedCalls"":48910,""proposedUnitIds"":257946,""revokedPending"":20630,""sameUnitConflicts"":82495,""supersededPending"":80196},""countersPerObservedUpdate"":{""debugCoalesced"":0,""debugDropped"":0.0058653557490243174,""debugForwarded"":0.006925472830981687,""debugProposals"":0.012790828580006004,""deferredUnitIds"":0.9698345091564095,""duplicateSuppressions"":0.03462924046832783,""expiredPending"":0.00004127889522665866,""forwardedOrderCalls"":0.06569723806664665,""forwardedUnitIds"":0.25323101170819573,""gameplayNonorderCalls"":0.00847530771540078,""invalidTargets"":0.0022740918643050136,""invalidTiles"":0,""invalidUnitIds"":0.00027769438607024916,""pendingUnitIds"":0.9698345091564095,""productionBatches"":0.00681664665265686,""proposedCalls"":0.09177048934253977,""proposedUnitIds"":0.4839875412788952,""revokedPending"":0.038708345842089466,""sameUnitConflicts"":0.154786475532873,""supersededPending"":0.15047283098168718},""referenceExceededUpdates"":0,""budgetDenialUpdates"":57423,""budgetDeniedUnitIdOccurrences"":516883,""budgetDeniedDebugCalls"":3126,""maxRollingCommandCalls"":115,""maxPendingUnitIds"":43}"
"opponentCountryDirection","pinned_supalosa/Africans/0","separated_lanes_unbounded_d1","30","527093","{""baseline.orderUnits"":16708,""baseline.placeBuilding"":232,""baseline.queueForProduction"":2795,""baseline.quitGame"":1814,""baseline.setUnitDebugText"":3536,""baseline.toggleRepairWrench"":276,""baseline.unqueueFromProduction"":963,""candidate.orderUnits"":50452,""candidate.pauseProduction"":511,""candidate.placeBuilding"":247,""candidate.queueForProduction"":2657,""candidate.quitGame"":122,""candidate.resumeProduction"":465,""candidate.sellObject"":10,""candidate.setUnitDebugText"":7660,""candidate.toggleRepairWrench"":198,""candidate.unqueueFromProduction"":485}","{""baseline.orderUnits"":0.03169839098603093,""baseline.placeBuilding"":0.0004401500304500344,""baseline.queueForProduction"":0.005302669547878647,""baseline.quitGame"":0.0034415179105015624,""baseline.setUnitDebugText"":0.006708493567548801,""baseline.toggleRepairWrench"":0.000523626760362972,""baseline.unqueueFromProduction"":0.0018270020660490654,""candidate.orderUnits"":0.0957174540356256,""candidate.pauseProduction"":0.0009694683860343431,""candidate.placeBuilding"":0.0004686080065567177,""candidate.queueForProduction"":0.0050408561676971615,""candidate.quitGame"":0.0002314582056676905,""candidate.resumeProduction"":0.0008821972593071811,""candidate.sellObject"":0.000018971984071122175,""candidate.setUnitDebugText"":0.014532539798479585,""candidate.toggleRepairWrench"":0.000375645284608219,""candidate.unqueueFromProduction"":0.0009201412274494255}","{""counters"":{""debugCoalesced"":0,""debugDropped"":0,""debugForwarded"":7660,""debugProposals"":7660,""deferredUnitIds"":0,""duplicateSuppressions"":66,""expiredPending"":0,""forwardedOrderCalls"":50452,""forwardedUnitIds"":305387,""gameplayNonorderCalls"":4695,""invalidTargets"":0,""invalidTiles"":0,""invalidUnitIds"":0,""pendingUnitIds"":0,""productionBatches"":3653,""proposedCalls"":52524,""proposedUnitIds"":307250,""revokedPending"":0,""sameUnitConflicts"":1797,""supersededPending"":0},""countersPerObservedUpdate"":{""debugCoalesced"":0,""debugDropped"":0,""debugForwarded"":0.014532539798479585,""debugProposals"":0.014532539798479585,""deferredUnitIds"":0,""duplicateSuppressions"":0.00012521509486940636,""expiredPending"":0,""forwardedOrderCalls"":0.0957174540356256,""forwardedUnitIds"":0.5793797299527788,""gameplayNonorderCalls"":0.00890734652139186,""invalidTargets"":0,""invalidTiles"":0,""invalidUnitIds"":0,""pendingUnitIds"":0,""productionBatches"":0.00693046578118093,""proposedCalls"":0.0996484491351621,""proposedUnitIds"":0.5829142105852287,""revokedPending"":0,""sameUnitConflicts"":0.0034092655375806548,""supersededPending"":0},""referenceExceededUpdates"":156492,""budgetDenialUpdates"":0,""budgetDeniedUnitIdOccurrences"":0,""budgetDeniedDebugCalls"":0,""maxRollingCommandCalls"":564,""maxPendingUnitIds"":0}"
"opponentCountryDirection","pinned_supalosa/Africans/1","disabled","30","534885","{""baseline.orderUnits"":18838,""baseline.placeBuilding"":212,""baseline.queueForProduction"":2208,""baseline.quitGame"":352,""baseline.setUnitDebugText"":3195,""baseline.toggleRepairWrench"":252,""baseline.unqueueFromProduction"":503,""candidate.orderUnits"":50006,""candidate.pauseProduction"":642,""candidate.placeBuilding"":297,""candidate.queueForProduction"":2922,""candidate.resumeProduction"":598,""candidate.setUnitDebugText"":8951,""candidate.toggleRepairWrench"":233,""candidate.unqueueFromProduction"":589}","{""baseline.orderUnits"":0.03521878534638287,""baseline.placeBuilding"":0.0003963468783009432,""baseline.queueForProduction"":0.004127990128719257,""baseline.quitGame"":0.0006580853828393019,""baseline.setUnitDebugText"":0.005973246585714687,""baseline.toggleRepairWrench"":0.00047112930816904566,""baseline.unqueueFromProduction"":0.0009403890555913888,""candidate.orderUnits"":0.09348925469960832,""candidate.pauseProduction"":0.001200257999383045,""candidate.placeBuilding"":0.000555259541770661,""candidate.queueForProduction"":0.005462856501864887,""candidate.resumeProduction"":0.0011179973265281321,""candidate.setUnitDebugText"":0.016734438243734634,""candidate.toggleRepairWrench"":0.000435607653981697,""candidate.unqueueFromProduction"":0.001101171279807809}",""
"opponentCountryDirection","pinned_supalosa/Africans/1","separated_lanes_v2","30","535101","{""baseline.orderUnits"":18311,""baseline.placeBuilding"":205,""baseline.queueForProduction"":2238,""baseline.quitGame"":1499,""baseline.setUnitDebugText"":3308,""baseline.toggleRepairWrench"":210,""baseline.unqueueFromProduction"":504,""candidate.orderUnits"":34180,""candidate.pauseProduction"":616,""candidate.placeBuilding"":283,""candidate.queueForProduction"":2767,""candidate.quitGame"":28,""candidate.resumeProduction"":562,""candidate.setUnitDebugText"":4698,""candidate.toggleRepairWrench"":201,""candidate.unqueueFromProduction"":518}","{""baseline.orderUnits"":0.03421970805511483,""baseline.placeBuilding"":0.00038310524555177435,""baseline.queueForProduction"":0.004182387997779858,""baseline.quitGame"":0.0028013403077176086,""baseline.setUnitDebugText"":0.006182010498952535,""baseline.toggleRepairWrench"":0.00039244927593108593,""baseline.unqueueFromProduction"":0.0009418782622346062,""candidate.orderUnits"":0.06387579167297389,""candidate.pauseProduction"":0.0011511845427311853,""candidate.placeBuilding"":0.0005288721194690348,""candidate.queueForProduction"":0.0051709864119110225,""candidate.quitGame"":0.00005232657012414479,""candidate.resumeProduction"":0.0010502690146346203,""candidate.setUnitDebugText"":0.008779650944401151,""candidate.toggleRepairWrench"":0.0003756300212483251,""candidate.unqueueFromProduction"":0.0009680415472966786}","{""counters"":{""debugCoalesced"":0,""debugDropped"":4181,""debugForwarded"":4698,""debugProposals"":8879,""deferredUnitIds"":505388,""duplicateSuppressions"":13517,""expiredPending"":86,""forwardedOrderCalls"":34180,""forwardedUnitIds"":123255,""gameplayNonorderCalls"":4975,""invalidTargets"":1735,""invalidTiles"":0,""invalidUnitIds"":193,""pendingUnitIds"":505388,""productionBatches"":3857,""proposedCalls"":50540,""proposedUnitIds"":230245,""revokedPending"":7632,""sameUnitConflicts"":83781,""supersededPending"":77621},""countersPerObservedUpdate"":{""debugCoalesced"":0,""debugDropped"":0.007813478203180334,""debugForwarded"":0.008779650944401151,""debugProposals"":0.016593129147581483,""deferredUnitIds"":0.9444721650679031,""duplicateSuppressions"":0.025260651727430895,""expiredPending"":0.000160717322524159,""forwardedOrderCalls"":0.06387579167297389,""forwardedUnitIds"":0.23033969288040948,""gameplayNonorderCalls"":0.009297310227415012,""invalidTargets"":0.0032423785416211145,""invalidTiles"":0,""invalidUnitIds"":0.00036067957264142655,""pendingUnitIds"":0.9444721650679031,""productionBatches"":0.007207985034600945,""proposedCalls"":0.09444945907408134,""proposedUnitIds"":0.43028325493691844,""revokedPending"":0.014262727970981178,""sameUnitConflicts"":0.1565704418418205,""supersededPending"":0.14505859641450866},""referenceExceededUpdates"":0,""budgetDenialUpdates"":58051,""budgetDeniedUnitIdOccurrences"":505388,""budgetDeniedDebugCalls"":4181,""maxRollingCommandCalls"":115,""maxPendingUnitIds"":56}"
"opponentCountryDirection","pinned_supalosa/Africans/1","separated_lanes_unbounded_d1","30","533212","{""baseline.orderUnits"":18632,""baseline.placeBuilding"":211,""baseline.queueForProduction"":2199,""baseline.quitGame"":352,""baseline.setUnitDebugText"":3159,""baseline.toggleRepairWrench"":257,""baseline.unqueueFromProduction"":504,""candidate.orderUnits"":44565,""candidate.pauseProduction"":644,""candidate.placeBuilding"":298,""candidate.queueForProduction"":2879,""candidate.quitGame"":25,""candidate.resumeProduction"":600,""candidate.setUnitDebugText"":8865,""candidate.toggleRepairWrench"":246,""candidate.unqueueFromProduction"":593}","{""baseline.orderUnits"":0.03494294952101603,""baseline.placeBuilding"":0.0003957150251682258,""baseline.queueForProduction"":0.004124063224383547,""baseline.quitGame"":0.000660150184166898,""baseline.setUnitDebugText"":0.005924472817565996,""baseline.toggleRepairWrench"":0.0004819846515082181,""baseline.unqueueFromProduction"":0.0009452150364207858,""candidate.orderUnits"":0.0835783890835165,""candidate.pauseProduction"":0.001207774768759893,""candidate.placeBuilding"":0.0005588771445503852,""candidate.queueForProduction"":0.005399353352887782,""candidate.quitGame"":0.000046885666489126275,""candidate.resumeProduction"":0.0011252559957390306,""candidate.setUnitDebugText"":0.016625657337044176,""candidate.toggleRepairWrench"":0.0004613549582530026,""candidate.unqueueFromProduction"":0.0011121280091220753}","{""counters"":{""debugCoalesced"":0,""debugDropped"":0,""debugForwarded"":8865,""debugProposals"":8865,""deferredUnitIds"":0,""duplicateSuppressions"":856,""expiredPending"":0,""forwardedOrderCalls"":44565,""forwardedUnitIds"":192089,""gameplayNonorderCalls"":5285,""invalidTargets"":0,""invalidTiles"":0,""invalidUnitIds"":0,""pendingUnitIds"":0,""productionBatches"":4080,""proposedCalls"":47867,""proposedUnitIds"":195580,""revokedPending"":0,""sameUnitConflicts"":2635,""supersededPending"":0},""countersPerObservedUpdate"":{""debugCoalesced"":0,""debugDropped"":0,""debugForwarded"":0.016625657337044176,""debugProposals"":0.016625657337044176,""deferredUnitIds"":0,""duplicateSuppressions"":0.0016053652205876836,""expiredPending"":0,""forwardedOrderCalls"":0.0835783890835165,""forwardedUnitIds"":0.3602488316091911,""gameplayNonorderCalls"":0.009911629895801294,""invalidTargets"":0,""invalidTiles"":0,""invalidUnitIds"":0,""pendingUnitIds"":0,""productionBatches"":0.007651740771025408,""proposedCalls"":0.08977104791340029,""proposedUnitIds"":0.3667959460777327,""revokedPending"":0,""sameUnitConflicts"":0.00494174924795391,""supersededPending"":0},""referenceExceededUpdates"":138391,""budgetDenialUpdates"":0,""budgetDeniedUnitIdOccurrences"":0,""budgetDeniedDebugCalls"":0,""maxRollingCommandCalls"":867,""maxPendingUnitIds"":0}"
"opponentCountryDirection","pinned_supalosa/Americans/0","disabled","30","425838","{""baseline.orderUnits"":17085,""baseline.placeBuilding"":194,""baseline.queueForProduction"":1937,""baseline.quitGame"":339,""baseline.setUnitDebugText"":3589,""baseline.toggleRepairWrench"":127,""baseline.unqueueFromProduction"":710,""candidate.activateSuperWeapon"":12,""candidate.orderUnits"":24529,""candidate.pauseProduction"":383,""candidate.placeBuilding"":231,""candidate.queueForProduction"":1627,""candidate.quitGame"":32,""candidate.resumeProduction"":333,""candidate.setUnitDebugText"":2911,""candidate.toggleRepairWrench"":268,""candidate.unqueueFromProduction"":474}","{""baseline.orderUnits"":0.04012089104307272,""baseline.placeBuilding"":0.0004555723068396902,""baseline.queueForProduction"":0.004548678135816907,""baseline.quitGame"":0.0007960773815394586,""baseline.setUnitDebugText"":0.008428087676534269,""baseline.toggleRepairWrench"":0.0002982354792197972,""baseline.unqueueFromProduction"":0.0016673007105988662,""candidate.activateSuperWeapon"":0.000028179730319980837,""candidate.orderUnits"":0.05760171708490083,""candidate.pauseProduction"":0.0008994030593793885,""candidate.placeBuilding"":0.0005424598086596311,""candidate.queueForProduction"":0.0038207017692174017,""candidate.quitGame"":0.0000751459475199489,""candidate.resumeProduction"":0.0007819875163794682,""candidate.setUnitDebugText"":0.006835932913455352,""candidate.toggleRepairWrench"":0.000629347310479572,""candidate.unqueueFromProduction"":0.0011130993476392431}",""
"opponentCountryDirection","pinned_supalosa/Americans/0","separated_lanes_v2","30","504684","{""baseline.orderUnits"":18545,""baseline.placeBuilding"":201,""baseline.queueForProduction"":2188,""baseline.quitGame"":2294,""baseline.setUnitDebugText"":3281,""baseline.toggleRepairWrench"":176,""baseline.unqueueFromProduction"":923,""candidate.activateSuperWeapon"":20,""candidate.orderUnits"":25762,""candidate.pauseProduction"":372,""candidate.placeBuilding"":248,""candidate.queueForProduction"":1651,""candidate.quitGame"":40,""candidate.resumeProduction"":321,""candidate.setUnitDebugText"":2994,""candidate.toggleRepairWrench"":233,""candidate.unqueueFromProduction"":400}","{""baseline.orderUnits"":0.036745765667229396,""baseline.placeBuilding"":0.0003982690158594289,""baseline.queueForProduction"":0.004335386102987216,""baseline.quitGame"":0.004545418519311094,""baseline.setUnitDebugText"":0.006501097716590976,""baseline.toggleRepairWrench"":0.00034873306861323125,""baseline.unqueueFromProduction"":0.0018288671723296162,""candidate.activateSuperWeapon"":0.0000396287577969581,""candidate.orderUnits"":0.051045802918261725,""candidate.pauseProduction"":0.0007370948950234206,""candidate.placeBuilding"":0.0004913965966822804,""candidate.queueForProduction"":0.003271353956138891,""candidate.quitGame"":0.0000792575155939162,""candidate.resumeProduction"":0.0006360415626411774,""candidate.setUnitDebugText"":0.005932425042204627,""candidate.toggleRepairWrench"":0.00046167502833456184,""candidate.unqueueFromProduction"":0.000792575155939162}","{""counters"":{""debugCoalesced"":0,""debugDropped"":674,""debugForwarded"":2994,""debugProposals"":3668,""deferredUnitIds"":106366,""duplicateSuppressions"":712,""expiredPending"":5,""forwardedOrderCalls"":25762,""forwardedUnitIds"":59274,""gameplayNonorderCalls"":3285,""invalidTargets"":103,""invalidTiles"":0,""invalidUnitIds"":67,""pendingUnitIds"":106366,""productionBatches"":2441,""proposedCalls"":29994,""proposedUnitIds"":74951,""revokedPending"":1749,""sameUnitConflicts"":13041,""supersededPending"":12189},""countersPerObservedUpdate"":{""debugCoalesced"":0,""debugDropped"":0.001335489137757488,""debugForwarded"":0.005932425042204627,""debugProposals"":0.007267914179962115,""deferredUnitIds"":0.21075762259156225,""duplicateSuppressions"":0.0014107837775717083,""expiredPending"":0.000009907189449239525,""forwardedOrderCalls"":0.051045802918261725,""forwardedUnitIds"":0.11744774948284471,""gameplayNonorderCalls"":0.0065090234681503675,""invalidTargets"":0.0002040881026543342,""invalidTiles"":0,""invalidUnitIds"":0.00013275633861980962,""pendingUnitIds"":0.21075762259156225,""productionBatches"":0.004836689889118736,""proposedCalls"":0.059431248068098054,""proposedUnitIds"":0.14851075128199032,""revokedPending"":0.0034655348693439854,""sameUnitConflicts"":0.025839931521506525,""supersededPending"":0.024151746439356112},""referenceExceededUpdates"":0,""budgetDenialUpdates"":23377,""budgetDeniedUnitIdOccurrences"":106366,""budgetDeniedDebugCalls"":674,""maxRollingCommandCalls"":115,""maxPendingUnitIds"":25}"
"opponentCountryDirection","pinned_supalosa/Americans/0","separated_lanes_unbounded_d1","30","446619","{""baseline.orderUnits"":17332,""baseline.placeBuilding"":193,""baseline.queueForProduction"":2063,""baseline.quitGame"":28,""baseline.setUnitDebugText"":3666,""baseline.toggleRepairWrench"":182,""baseline.unqueueFromProduction"":819,""candidate.activateSuperWeapon"":13,""candidate.orderUnits"":25189,""candidate.pauseProduction"":382,""candidate.placeBuilding"":221,""candidate.queueForProduction"":1625,""candidate.quitGame"":50,""candidate.resumeProduction"":329,""candidate.setUnitDebugText"":3249,""candidate.toggleRepairWrench"":262,""candidate.unqueueFromProduction"":412}","{""baseline.orderUnits"":0.038807126432149106,""baseline.placeBuilding"":0.00043213566820936864,""baseline.queueForProduction"":0.00461914965552294,""baseline.quitGame"":0.00006269325756405348,""baseline.setUnitDebugText"":0.008208338651065001,""baseline.toggleRepairWrench"":0.0004075061741663476,""baseline.unqueueFromProduction"":0.0018337777837485643,""candidate.activateSuperWeapon"":0.00002910758386902483,""candidate.orderUnits"":0.056399302313605106,""candidate.pauseProduction"":0.0008553151567667296,""candidate.placeBuilding"":0.0004948289257734221,""candidate.queueForProduction"":0.0036384479836281034,""candidate.quitGame"":0.0001119522456500955,""candidate.resumeProduction"":0.0007366457763776284,""candidate.setUnitDebugText"":0.007274656922343205,""candidate.toggleRepairWrench"":0.0005866297672065004,""candidate.unqueueFromProduction"":0.0009224865041567869}","{""counters"":{""debugCoalesced"":0,""debugDropped"":0,""debugForwarded"":3249,""debugProposals"":3249,""deferredUnitIds"":0,""duplicateSuppressions"":152,""expiredPending"":0,""forwardedOrderCalls"":25189,""forwardedUnitIds"":51760,""gameplayNonorderCalls"":3294,""invalidTargets"":0,""invalidTiles"":0,""invalidUnitIds"":0,""pendingUnitIds"":0,""productionBatches"":2416,""proposedCalls"":26407,""proposedUnitIds"":52208,""revokedPending"":0,""sameUnitConflicts"":296,""supersededPending"":0},""countersPerObservedUpdate"":{""debugCoalesced"":0,""debugDropped"":0,""debugForwarded"":0.007274656922343205,""debugProposals"":0.007274656922343205,""deferredUnitIds"":0,""duplicateSuppressions"":0.0003403348267762903,""expiredPending"":0,""forwardedOrderCalls"":0.056399302313605106,""forwardedUnitIds"":0.11589296469697885,""gameplayNonorderCalls"":0.007375413943428291,""invalidTargets"":0,""invalidTiles"":0,""invalidUnitIds"":0,""pendingUnitIds"":0,""productionBatches"":0.005409532509812615,""proposedCalls"":0.059126459017641436,""proposedUnitIds"":0.11689605681800372,""revokedPending"":0,""sameUnitConflicts"":0.0006627572942485653,""supersededPending"":0},""referenceExceededUpdates"":45362,""budgetDenialUpdates"":0,""budgetDeniedUnitIdOccurrences"":0,""budgetDeniedDebugCalls"":0,""maxRollingCommandCalls"":355,""maxPendingUnitIds"":0}"
"opponentCountryDirection","pinned_supalosa/Americans/1","disabled","30","455596","{""baseline.orderUnits"":14642,""baseline.placeBuilding"":186,""baseline.queueForProduction"":1654,""baseline.quitGame"":1141,""baseline.setUnitDebugText"":2149,""baseline.toggleRepairWrench"":438,""baseline.unqueueFromProduction"":499,""candidate.activateSuperWeapon"":23,""candidate.orderUnits"":64008,""candidate.pauseProduction"":377,""candidate.placeBuilding"":269,""candidate.queueForProduction"":2103,""candidate.quitGame"":253,""candidate.resumeProduction"":347,""candidate.setUnitDebugText"":8182,""candidate.toggleRepairWrench"":92,""candidate.unqueueFromProduction"":485}","{""baseline.orderUnits"":0.03213812237157482,""baseline.placeBuilding"":0.0004082564377211389,""baseline.queueForProduction"":0.003630409397799805,""baseline.quitGame"":0.00250441180343989,""baseline.setUnitDebugText"":0.0047168983046383195,""baseline.toggleRepairWrench"":0.0009613780630207464,""baseline.unqueueFromProduction"":0.0010952686151766038,""candidate.activateSuperWeapon"":0.0000504833229440118,""candidate.orderUnits"":0.1404928928261003,""candidate.pauseProduction"":0.000827487510864889,""candidate.placeBuilding"":0.0005904353857364859,""candidate.queueForProduction"":0.004615931658750297,""candidate.quitGame"":0.0005553165523841298,""candidate.resumeProduction"":0.0007616396983292215,""candidate.setUnitDebugText"":0.017958893405561067,""candidate.toggleRepairWrench"":0.0002019332917760472,""candidate.unqueueFromProduction"":0.0010645396359932923}",""
"opponentCountryDirection","pinned_supalosa/Americans/1","separated_lanes_v2","30","509019","{""baseline.orderUnits"":18889,""baseline.placeBuilding"":196,""baseline.queueForProduction"":1651,""baseline.quitGame"":1774,""baseline.setUnitDebugText"":2566,""baseline.toggleRepairWrench"":459,""baseline.unqueueFromProduction"":422,""candidate.activateSuperWeapon"":31,""candidate.orderUnits"":37844,""candidate.pauseProduction"":435,""candidate.placeBuilding"":301,""candidate.queueForProduction"":2163,""candidate.resumeProduction"":399,""candidate.setUnitDebugText"":3949,""candidate.toggleRepairWrench"":190,""candidate.unqueueFromProduction"":433}","{""baseline.orderUnits"":0.037108634451759166,""baseline.placeBuilding"":0.00038505438893243673,""baseline.queueForProduction"":0.0032434938577931274,""baseline.quitGame"":0.00348513513248032,""baseline.setUnitDebugText"":0.005041069193880778,""baseline.toggleRepairWrench"":0.0009017345128570839,""baseline.unqueueFromProduction"":0.0008290456741300423,""candidate.activateSuperWeapon"":0.000060901459474007844,""candidate.orderUnits"":0.0743469300753017,""candidate.pauseProduction"":0.0008545849958449489,""candidate.placeBuilding"":0.0005913335258605278,""candidate.queueForProduction"":0.004249350220718677,""candidate.resumeProduction"":0.0007838607203267461,""candidate.setUnitDebugText"":0.007758060111705064,""candidate.toggleRepairWrench"":0.00037326700967940294,""candidate.unqueueFromProduction"":0.0008506558694272709}","{""counters"":{""debugCoalesced"":0,""debugDropped"":3322,""debugForwarded"":3949,""debugProposals"":7271,""deferredUnitIds"":543142,""duplicateSuppressions"":3794,""expiredPending"":15,""forwardedOrderCalls"":37844,""forwardedUnitIds"":120988,""gameplayNonorderCalls"":3952,""invalidTargets"":3139,""invalidTiles"":0,""invalidUnitIds"":166,""pendingUnitIds"":543142,""productionBatches"":3130,""proposedCalls"":71652,""proposedUnitIds"":297226,""revokedPending"":87424,""sameUnitConflicts"":81600,""supersededPending"":74573},""countersPerObservedUpdate"":{""debugCoalesced"":0,""debugDropped"":0.0065262789797630345,""debugForwarded"":0.007758060111705064,""debugProposals"":0.014284339091468099,""deferredUnitIds"":1.0670367903752118,""duplicateSuppressions"":0.007453552814335025,""expiredPending"":0.000029468448132584443,""forwardedOrderCalls"":0.0743469300753017,""forwardedUnitIds"":0.23768857351100842,""gameplayNonorderCalls"":0.007763953801331581,""invalidTargets"":0.006166763912545504,""invalidTiles"":0,""invalidUnitIds"":0.00032611749266726783,""pendingUnitIds"":1.0670367903752118,""productionBatches"":0.006149082843665953,""proposedCalls"":0.14076488303972937,""proposedUnitIds"":0.5839192643103696,""revokedPending"":0.17174997396953748,""sameUnitConflicts"":0.16030835784125935,""supersededPending"":0.14650337217274798},""referenceExceededUpdates"":0,""budgetDenialUpdates"":73355,""budgetDeniedUnitIdOccurrences"":543142,""budgetDeniedDebugCalls"":3322,""maxRollingCommandCalls"":115,""maxPendingUnitIds"":54}"
"opponentCountryDirection","pinned_supalosa/Americans/1","separated_lanes_unbounded_d1","30","440497","{""baseline.orderUnits"":14157,""baseline.placeBuilding"":189,""baseline.queueForProduction"":1626,""baseline.quitGame"":871,""baseline.setUnitDebugText"":2146,""baseline.toggleRepairWrench"":648,""baseline.unqueueFromProduction"":472,""candidate.activateSuperWeapon"":21,""candidate.orderUnits"":55651,""candidate.pauseProduction"":386,""candidate.placeBuilding"":267,""candidate.queueForProduction"":2084,""candidate.quitGame"":253,""candidate.resumeProduction"":352,""candidate.setUnitDebugText"":7193,""candidate.toggleRepairWrench"":119,""candidate.unqueueFromProduction"":452}","{""baseline.orderUnits"":0.032138697879894755,""baseline.placeBuilding"":0.00042906081085682763,""baseline.queueForProduction"":0.0036912850711809616,""baseline.quitGame"":0.0019773119907740577,""baseline.setUnitDebugText"":0.004871769841792339,""baseline.toggleRepairWrench"":0.001471065637223409,""baseline.unqueueFromProduction"":0.0010715169456318658,""candidate.activateSuperWeapon"":0.000047673423428536404,""candidate.orderUnits"":0.12633684224864186,""candidate.pauseProduction"":0.0008762829258769072,""candidate.placeBuilding"":0.0006061335264485343,""candidate.queueForProduction"":0.0047310197345271365,""candidate.quitGame"":0.0005743512441628433,""candidate.resumeProduction"":0.0007990973831830864,""candidate.setUnitDebugText"":0.01632928260578392,""candidate.toggleRepairWrench"":0.00027014939942837294,""candidate.unqueueFromProduction"":0.001026113685223736}","{""counters"":{""debugCoalesced"":0,""debugDropped"":0,""debugForwarded"":7193,""debugProposals"":7193,""deferredUnitIds"":0,""duplicateSuppressions"":2549,""expiredPending"":0,""forwardedOrderCalls"":55651,""forwardedUnitIds"":237179,""gameplayNonorderCalls"":3934,""invalidTargets"":4844,""invalidTiles"":0,""invalidUnitIds"":0,""pendingUnitIds"":0,""productionBatches"":2993,""proposedCalls"":58163,""proposedUnitIds"":246855,""revokedPending"":0,""sameUnitConflicts"":2283,""supersededPending"":0},""countersPerObservedUpdate"":{""debugCoalesced"":0,""debugDropped"":0,""debugForwarded"":0.01632928260578392,""debugProposals"":0.01632928260578392,""deferredUnitIds"":0,""duplicateSuppressions"":0.005786645539016156,""expiredPending"":0,""forwardedOrderCalls"":0.12633684224864186,""forwardedUnitIds"":0.5384349950169922,""gameplayNonorderCalls"":0.008930821322279153,""invalidTargets"":0.010996669670849064,""invalidTiles"":0,""invalidUnitIds"":0,""pendingUnitIds"":0,""productionBatches"":0.006794597920076641,""proposedCalls"":0.132039491755903,""proposedUnitIds"":0.5604010924024454,""revokedPending"":0,""sameUnitConflicts"":0.005182782175588029,""supersededPending"":0},""referenceExceededUpdates"":181819,""budgetDenialUpdates"":0,""budgetDeniedUnitIdOccurrences"":0,""budgetDeniedDebugCalls"":0,""maxRollingCommandCalls"":1031,""maxPendingUnitIds"":0}"
"opponentCountryDirection","ra2web_advanced/Africans/0","disabled","20","437415","{""baseline.orderUnits"":5451,""baseline.pauseProduction"":134,""baseline.placeBuilding"":314,""baseline.queueForProduction"":1217,""baseline.quitGame"":3,""baseline.resumeProduction"":121,""baseline.sayAll"":6,""baseline.sellObject"":64,""baseline.setUnitDebugText"":5344,""baseline.toggleRepairWrench"":104,""baseline.unqueueFromProduction"":166,""candidate.orderUnits"":29316,""candidate.pauseProduction"":429,""candidate.placeBuilding"":173,""candidate.queueForProduction"":1736,""candidate.quitGame"":69,""candidate.resumeProduction"":398,""candidate.sellObject"":10,""candidate.setUnitDebugText"":4484,""candidate.toggleRepairWrench"":124,""candidate.unqueueFromProduction"":239}","{""baseline.orderUnits"":0.012461849730804843,""baseline.pauseProduction"":0.00030634523278808457,""baseline.placeBuilding"":0.0007178537544437205,""baseline.queueForProduction"":0.0027822548380828276,""baseline.quitGame"":0.000006858475360927266,""baseline.resumeProduction"":0.00027662517289073305,""baseline.sayAll"":0.000013716950721854531,""baseline.sellObject"":0.00014631414103311502,""baseline.setUnitDebugText"":0.012217230776265103,""baseline.toggleRepairWrench"":0.0002377604791788119,""baseline.unqueueFromProduction"":0.000379502303304642,""candidate.orderUnits"":0.06702102122698124,""candidate.pauseProduction"":0.000980761976612599,""candidate.placeBuilding"":0.000395505412480139,""candidate.queueForProduction"":0.003968771075523244,""candidate.quitGame"":0.00015774493330132712,""candidate.resumeProduction"":0.000909891064549684,""candidate.sellObject"":0.000022861584536424218,""candidate.setUnitDebugText"":0.01025113450613262,""candidate.toggleRepairWrench"":0.0002834836482516603,""candidate.unqueueFromProduction"":0.0005463918704205388}",""
"opponentCountryDirection","ra2web_advanced/Africans/0","separated_lanes_v2","20","434523","{""baseline.orderUnits"":5643,""baseline.pauseProduction"":150,""baseline.placeBuilding"":313,""baseline.queueForProduction"":1259,""baseline.quitGame"":4,""baseline.resumeProduction"":139,""baseline.sayAll"":5,""baseline.sellObject"":70,""baseline.setUnitDebugText"":5806,""baseline.toggleRepairWrench"":57,""baseline.unqueueFromProduction"":208,""candidate.orderUnits"":26055,""candidate.pauseProduction"":347,""candidate.placeBuilding"":162,""candidate.queueForProduction"":1732,""candidate.quitGame"":75,""candidate.resumeProduction"":317,""candidate.sellObject"":18,""candidate.setUnitDebugText"":2954,""candidate.toggleRepairWrench"":163,""candidate.unqueueFromProduction"":271}","{""baseline.orderUnits"":0.01298665433130122,""baseline.pauseProduction"":0.00034520612257579,""baseline.placeBuilding"":0.0007203301091081484,""baseline.queueForProduction"":0.0028974300554861308,""baseline.quitGame"":0.000009205496602021067,""baseline.resumeProduction"":0.00031989100692023206,""baseline.sayAll"":0.000011506870752526333,""baseline.sellObject"":0.00016109619053536866,""baseline.setUnitDebugText"":0.013361778317833578,""baseline.toggleRepairWrench"":0.0001311783265788002,""baseline.unqueueFromProduction"":0.00047868582330509545,""candidate.orderUnits"":0.05996230349141472,""candidate.pauseProduction"":0.0007985768302253276,""candidate.placeBuilding"":0.0003728226123818532,""candidate.queueForProduction"":0.003985980028675122,""candidate.quitGame"":0.000172603061287895,""candidate.resumeProduction"":0.0007295356057101695,""candidate.sellObject"":0.0000414247347090948,""candidate.setUnitDebugText"":0.006798259240592558,""candidate.toggleRepairWrench"":0.00037512398653235846,""candidate.unqueueFromProduction"":0.0006236723947869272}","{""counters"":{""debugCoalesced"":0,""debugDropped"":1780,""debugForwarded"":2954,""debugProposals"":4734,""deferredUnitIds"":224237,""duplicateSuppressions"":1148,""expiredPending"":4,""forwardedOrderCalls"":26055,""forwardedUnitIds"":80738,""gameplayNonorderCalls"":3085,""invalidTargets"":889,""invalidTiles"":0,""invalidUnitIds"":70,""pendingUnitIds"":224237,""productionBatches"":2446,""proposedCalls"":32504,""proposedUnitIds"":130589,""revokedPending"":8576,""sameUnitConflicts"":39163,""supersededPending"":38389},""countersPerObservedUpdate"":{""debugCoalesced"":0,""debugDropped"":0.004096445987899375,""debugForwarded"":0.006798259240592558,""debugProposals"":0.010894705228491933,""deferredUnitIds"":0.5160532353868494,""duplicateSuppressions"":0.002641977524780046,""expiredPending"":0.000009205496602021067,""forwardedOrderCalls"":0.05996230349141472,""forwardedUnitIds"":0.18580834616349423,""gameplayNonorderCalls"":0.0070997392543087475,""invalidTargets"":0.002045921619799182,""invalidTiles"":0,""invalidUnitIds"":0.00016109619053536866,""pendingUnitIds"":0.5160532353868494,""productionBatches"":0.0056291611721358825,""proposedCalls"":0.0748038653880232,""proposedUnitIds"":0.30053414894033226,""revokedPending"":0.019736584714733166,""sameUnitConflicts"":0.09012871585623776,""supersededPending"":0.08834745226374668},""referenceExceededUpdates"":0,""budgetDenialUpdates"":27894,""budgetDeniedUnitIdOccurrences"":224237,""budgetDeniedDebugCalls"":1780,""maxRollingCommandCalls"":115,""maxPendingUnitIds"":37}"
"opponentCountryDirection","ra2web_advanced/Africans/0","separated_lanes_unbounded_d1","20","437415","{""baseline.orderUnits"":5451,""baseline.pauseProduction"":134,""baseline.placeBuilding"":314,""baseline.queueForProduction"":1217,""baseline.quitGame"":3,""baseline.resumeProduction"":121,""baseline.sayAll"":6,""baseline.sellObject"":64,""baseline.setUnitDebugText"":5344,""baseline.toggleRepairWrench"":104,""baseline.unqueueFromProduction"":166,""candidate.orderUnits"":28069,""candidate.pauseProduction"":429,""candidate.placeBuilding"":173,""candidate.queueForProduction"":1736,""candidate.quitGame"":69,""candidate.resumeProduction"":398,""candidate.sellObject"":10,""candidate.setUnitDebugText"":4484,""candidate.toggleRepairWrench"":124,""candidate.unqueueFromProduction"":239}","{""baseline.orderUnits"":0.012461849730804843,""baseline.pauseProduction"":0.00030634523278808457,""baseline.placeBuilding"":0.0007178537544437205,""baseline.queueForProduction"":0.0027822548380828276,""baseline.quitGame"":0.000006858475360927266,""baseline.resumeProduction"":0.00027662517289073305,""baseline.sayAll"":0.000013716950721854531,""baseline.sellObject"":0.00014631414103311502,""baseline.setUnitDebugText"":0.012217230776265103,""baseline.toggleRepairWrench"":0.0002377604791788119,""baseline.unqueueFromProduction"":0.000379502303304642,""candidate.orderUnits"":0.06417018163528915,""candidate.pauseProduction"":0.000980761976612599,""candidate.placeBuilding"":0.000395505412480139,""candidate.queueForProduction"":0.003968771075523244,""candidate.quitGame"":0.00015774493330132712,""candidate.resumeProduction"":0.000909891064549684,""candidate.sellObject"":0.000022861584536424218,""candidate.setUnitDebugText"":0.01025113450613262,""candidate.toggleRepairWrench"":0.0002834836482516603,""candidate.unqueueFromProduction"":0.0005463918704205388}","{""counters"":{""debugCoalesced"":0,""debugDropped"":0,""debugForwarded"":4484,""debugProposals"":4484,""deferredUnitIds"":0,""duplicateSuppressions"":57,""expiredPending"":0,""forwardedOrderCalls"":28069,""forwardedUnitIds"":115849,""gameplayNonorderCalls"":3178,""invalidTargets"":0,""invalidTiles"":0,""invalidUnitIds"":0,""pendingUnitIds"":0,""productionBatches"":2541,""proposedCalls"":29316,""proposedUnitIds"":116035,""revokedPending"":0,""sameUnitConflicts"":129,""supersededPending"":0},""countersPerObservedUpdate"":{""debugCoalesced"":0,""debugDropped"":0,""debugForwarded"":0.01025113450613262,""debugProposals"":0.01025113450613262,""deferredUnitIds"":0,""duplicateSuppressions"":0.00013031103185761806,""expiredPending"":0,""forwardedOrderCalls"":0.06417018163528915,""forwardedUnitIds"":0.26484917069602093,""gameplayNonorderCalls"":0.007265411565675617,""invalidTargets"":0,""invalidTiles"":0,""invalidUnitIds"":0,""pendingUnitIds"":0,""productionBatches"":0.005809128630705394,""proposedCalls"":0.06702102122698124,""proposedUnitIds"":0.26527439616839843,""revokedPending"":0,""sameUnitConflicts"":0.00029491444051987244,""supersededPending"":0},""referenceExceededUpdates"":65790,""budgetDenialUpdates"":0,""budgetDeniedUnitIdOccurrences"":0,""budgetDeniedDebugCalls"":0,""maxRollingCommandCalls"":1296,""maxPendingUnitIds"":0}"
"opponentCountryDirection","ra2web_advanced/Africans/1","disabled","20","414467","{""baseline.orderUnits"":4384,""baseline.pauseProduction"":143,""baseline.placeBuilding"":258,""baseline.queueForProduction"":1160,""baseline.quitGame"":71,""baseline.resumeProduction"":130,""baseline.sayAll"":12,""baseline.sellObject"":75,""baseline.setUnitDebugText"":6437,""baseline.toggleRepairWrench"":208,""baseline.unqueueFromProduction"":161,""candidate.orderUnits"":34838,""candidate.pauseProduction"":573,""candidate.placeBuilding"":204,""candidate.queueForProduction"":2339,""candidate.resumeProduction"":535,""candidate.setUnitDebugText"":7485,""candidate.toggleRepairWrench"":78,""candidate.unqueueFromProduction"":361}","{""baseline.orderUnits"":0.010577440423483655,""baseline.pauseProduction"":0.00034502143717111375,""baseline.placeBuilding"":0.0006224862293017297,""baseline.queueForProduction"":0.0027987752945349085,""baseline.quitGame"":0.0001713043499241194,""baseline.resumeProduction"":0.00031365585197373974,""baseline.sayAll"":0.000028952847874499055,""baseline.sellObject"":0.00018095529921561908,""baseline.setUnitDebugText"":0.015530790147345869,""baseline.toggleRepairWrench"":0.0005018493631579837,""baseline.unqueueFromProduction"":0.0003884507089828623,""candidate.orderUnits"":0.08405494285431651,""candidate.pauseProduction"":0.0013824984860073299,""candidate.placeBuilding"":0.000492198413866484,""candidate.queueForProduction"":0.0056433925982044405,""candidate.resumeProduction"":0.0012908144677380828,""candidate.setUnitDebugText"":0.018059338861718784,""candidate.toggleRepairWrench"":0.00018819351118424385,""candidate.unqueueFromProduction"":0.0008709981735578466}",""
"opponentCountryDirection","ra2web_advanced/Africans/1","separated_lanes_v2","20","473944","{""baseline.orderUnits"":6168,""baseline.pauseProduction"":172,""baseline.placeBuilding"":290,""baseline.queueForProduction"":1209,""baseline.quitGame"":10,""baseline.resumeProduction"":157,""baseline.sayAll"":28,""baseline.sellObject"":91,""baseline.setUnitDebugText"":6524,""baseline.toggleRepairWrench"":221,""baseline.unqueueFromProduction"":147,""candidate.orderUnits"":27001,""candidate.pauseProduction"":529,""candidate.placeBuilding"":231,""candidate.queueForProduction"":2523,""candidate.resumeProduction"":496,""candidate.setUnitDebugText"":4610,""candidate.toggleRepairWrench"":119,""candidate.unqueueFromProduction"":274}","{""baseline.orderUnits"":0.013014195769964383,""baseline.pauseProduction"":0.00036291207400030383,""baseline.placeBuilding"":0.0006118866363958611,""baseline.queueForProduction"":0.002550934287595159,""baseline.quitGame"":0.000021099539186064177,""baseline.resumeProduction"":0.00033126276522120755,""baseline.sayAll"":0.00005907870972097969,""baseline.sellObject"":0.000192005806593184,""baseline.setUnitDebugText"":0.013765339364988268,""baseline.toggleRepairWrench"":0.0004662998160120183,""baseline.unqueueFromProduction"":0.00031016322603514337,""candidate.orderUnits"":0.056970865756291886,""candidate.pauseProduction"":0.001116165622942795,""candidate.placeBuilding"":0.0004873993551980825,""candidate.queueForProduction"":0.005323413736643991,""candidate.resumeProduction"":0.001046537143628783,""candidate.setUnitDebugText"":0.009726887564775586,""candidate.toggleRepairWrench"":0.0002510845163141637,""candidate.unqueueFromProduction"":0.0005781273736981585}","{""counters"":{""debugCoalesced"":0,""debugDropped"":4778,""debugForwarded"":4610,""debugProposals"":9388,""deferredUnitIds"":317362,""duplicateSuppressions"":4061,""expiredPending"":23,""forwardedOrderCalls"":27001,""forwardedUnitIds"":83694,""gameplayNonorderCalls"":4172,""invalidTargets"":1129,""invalidTiles"":0,""invalidUnitIds"":169,""pendingUnitIds"":317362,""productionBatches"":3468,""proposedCalls"":41922,""proposedUnitIds"":142124,""revokedPending"":13622,""sameUnitConflicts"":39398,""supersededPending"":36641},""countersPerObservedUpdate"":{""debugCoalesced"":0,""debugDropped"":0.010081359823101464,""debugForwarded"":0.009726887564775586,""debugProposals"":0.019808247387877048,""deferredUnitIds"":0.66961919551677,""duplicateSuppressions"":0.008568522863460663,""expiredPending"":0.000048528940127947605,""forwardedOrderCalls"":0.056970865756291886,""forwardedUnitIds"":0.17659048326384552,""gameplayNonorderCalls"":0.008802727748425974,""invalidTargets"":0.0023821379741066455,""invalidTiles"":0,""invalidUnitIds"":0.00035658221224448456,""pendingUnitIds"":0.66961919551677,""productionBatches"":0.0073173201897270565,""proposedCalls"":0.08845348817581825,""proposedUnitIds"":0.2998750907280185,""revokedPending"":0.02874179227925662,""sameUnitConflicts"":0.08312796448525564,""supersededPending"":0.07731082153165775},""referenceExceededUpdates"":0,""budgetDenialUpdates"":50066,""budgetDeniedUnitIdOccurrences"":317362,""budgetDeniedDebugCalls"":4778,""maxRollingCommandCalls"":115,""maxPendingUnitIds"":35}"
"opponentCountryDirection","ra2web_advanced/Africans/1","separated_lanes_unbounded_d1","20","414467","{""baseline.orderUnits"":4384,""baseline.pauseProduction"":143,""baseline.placeBuilding"":258,""baseline.queueForProduction"":1160,""baseline.quitGame"":71,""baseline.resumeProduction"":130,""baseline.sayAll"":12,""baseline.sellObject"":75,""baseline.setUnitDebugText"":6437,""baseline.toggleRepairWrench"":208,""baseline.unqueueFromProduction"":161,""candidate.orderUnits"":32140,""candidate.pauseProduction"":573,""candidate.placeBuilding"":204,""candidate.queueForProduction"":2339,""candidate.resumeProduction"":535,""candidate.setUnitDebugText"":7485,""candidate.toggleRepairWrench"":78,""candidate.unqueueFromProduction"":361}","{""baseline.orderUnits"":0.010577440423483655,""baseline.pauseProduction"":0.00034502143717111375,""baseline.placeBuilding"":0.0006224862293017297,""baseline.queueForProduction"":0.0027987752945349085,""baseline.quitGame"":0.0001713043499241194,""baseline.resumeProduction"":0.00031365585197373974,""baseline.sayAll"":0.000028952847874499055,""baseline.sellObject"":0.00018095529921561908,""baseline.setUnitDebugText"":0.015530790147345869,""baseline.toggleRepairWrench"":0.0005018493631579837,""baseline.unqueueFromProduction"":0.0003884507089828623,""candidate.orderUnits"":0.07754537755719997,""candidate.pauseProduction"":0.0013824984860073299,""candidate.placeBuilding"":0.000492198413866484,""candidate.queueForProduction"":0.0056433925982044405,""candidate.resumeProduction"":0.0012908144677380828,""candidate.setUnitDebugText"":0.018059338861718784,""candidate.toggleRepairWrench"":0.00018819351118424385,""candidate.unqueueFromProduction"":0.0008709981735578466}","{""counters"":{""debugCoalesced"":0,""debugDropped"":0,""debugForwarded"":7485,""debugProposals"":7485,""deferredUnitIds"":0,""duplicateSuppressions"":63,""expiredPending"":0,""forwardedOrderCalls"":32140,""forwardedUnitIds"":126338,""gameplayNonorderCalls"":4090,""invalidTargets"":0,""invalidTiles"":0,""invalidUnitIds"":0,""pendingUnitIds"":0,""productionBatches"":3366,""proposedCalls"":34840,""proposedUnitIds"":129424,""revokedPending"":0,""sameUnitConflicts"":3023,""supersededPending"":0},""countersPerObservedUpdate"":{""debugCoalesced"":0,""debugDropped"":0,""debugForwarded"":0.018059338861718784,""debugProposals"":0.018059338861718784,""deferredUnitIds"":0,""duplicateSuppressions"":0.00015200245134112004,""expiredPending"":0,""forwardedOrderCalls"":0.07754537755719997,""forwardedUnitIds"":0.3048204078973718,""gameplayNonorderCalls"":0.009868095650558429,""invalidTargets"":0,""invalidTiles"":0,""invalidUnitIds"":0,""pendingUnitIds"":0,""productionBatches"":0.008121273828796984,""proposedCalls"":0.08405976832896225,""proposedUnitIds"":0.3122661152757638,""revokedPending"":0,""sameUnitConflicts"":0.007293704927050887,""supersededPending"":0},""referenceExceededUpdates"":104084,""budgetDenialUpdates"":0,""budgetDeniedUnitIdOccurrences"":0,""budgetDeniedDebugCalls"":0,""maxRollingCommandCalls"":588,""maxPendingUnitIds"":0}"
"opponentCountryDirection","ra2web_advanced/Americans/0","disabled","20","338969","{""baseline.activateSuperWeapon"":52,""baseline.orderUnits"":12062,""baseline.pauseProduction"":182,""baseline.placeBuilding"":250,""baseline.queueForProduction"":979,""baseline.quitGame"":792,""baseline.resumeProduction"":168,""baseline.sayAll"":1,""baseline.sellObject"":5,""baseline.setUnitDebugText"":4354,""baseline.toggleRepairWrench"":112,""baseline.unqueueFromProduction"":142,""candidate.activateSuperWeapon"":13,""candidate.orderUnits"":21490,""candidate.pauseProduction"":234,""candidate.placeBuilding"":157,""candidate.queueForProduction"":1112,""candidate.quitGame"":65,""candidate.resumeProduction"":193,""candidate.sellObject"":10,""candidate.setUnitDebugText"":2447,""candidate.toggleRepairWrench"":224,""candidate.unqueueFromProduction"":363}","{""baseline.activateSuperWeapon"":0.00015340635869356785,""baseline.orderUnits"":0.035584374972342604,""baseline.pauseProduction"":0.0005369222554274874,""baseline.placeBuilding"":0.0007375305706421531,""baseline.queueForProduction"":0.0028881697146346716,""baseline.quitGame"":0.002336496847794341,""baseline.resumeProduction"":0.0004956205434715269,""baseline.sayAll"":0.0000029501222825686124,""baseline.sellObject"":0.000014750611412843063,""baseline.setUnitDebugText"":0.01284483241830374,""baseline.toggleRepairWrench"":0.0003304136956476846,""baseline.unqueueFromProduction"":0.000418917364124743,""candidate.activateSuperWeapon"":0.00003835158967339196,""candidate.orderUnits"":0.06339812785239948,""candidate.pauseProduction"":0.0006903286141210554,""candidate.placeBuilding"":0.00046316919836327213,""candidate.queueForProduction"":0.0032805359782162972,""candidate.quitGame"":0.0001917579483669598,""candidate.resumeProduction"":0.0005693736005357422,""candidate.sellObject"":0.000029501222825686126,""candidate.setUnitDebugText"":0.007218949225445395,""candidate.toggleRepairWrench"":0.0006608273912953692,""candidate.unqueueFromProduction"":0.0010708943885724064}",""
"opponentCountryDirection","ra2web_advanced/Americans/0","separated_lanes_v2","20","368979","{""baseline.activateSuperWeapon"":65,""baseline.orderUnits"":11149,""baseline.pauseProduction"":204,""baseline.placeBuilding"":270,""baseline.queueForProduction"":1012,""baseline.resumeProduction"":198,""baseline.sayAll"":2,""baseline.sellObject"":6,""baseline.setUnitDebugText"":4508,""baseline.toggleRepairWrench"":72,""baseline.unqueueFromProduction"":135,""candidate.activateSuperWeapon"":6,""candidate.orderUnits"":21137,""candidate.pauseProduction"":254,""candidate.placeBuilding"":155,""candidate.queueForProduction"":1213,""candidate.quitGame"":527,""candidate.resumeProduction"":217,""candidate.sellObject"":9,""candidate.setUnitDebugText"":1555,""candidate.toggleRepairWrench"":231,""candidate.unqueueFromProduction"":406}","{""baseline.activateSuperWeapon"":0.00017616178698516717,""baseline.orderUnits"":0.03021581173996352,""baseline.pauseProduction"":0.0005528769929996016,""baseline.placeBuilding"":0.0007317489613230022,""baseline.queueForProduction"":0.0027427035142921414,""baseline.resumeProduction"":0.0005366159049702016,""baseline.sayAll"":0.0000054203626764666825,""baseline.sellObject"":0.000016261088029400046,""baseline.setUnitDebugText"":0.012217497472755903,""baseline.toggleRepairWrench"":0.00019513305635280058,""baseline.unqueueFromProduction"":0.0003658744806615011,""candidate.activateSuperWeapon"":0.000016261088029400046,""candidate.orderUnits"":0.057285102946238134,""candidate.pauseProduction"":0.0006883860599112687,""candidate.placeBuilding"":0.0004200781074261679,""candidate.queueForProduction"":0.0032874499632770428,""candidate.quitGame"":0.0014282655652489709,""candidate.resumeProduction"":0.0005881093503966351,""candidate.sellObject"":0.000024391632044100072,""candidate.setUnitDebugText"":0.004214331980952846,""candidate.toggleRepairWrench"":0.0006260518891319019,""candidate.unqueueFromProduction"":0.0011003336233227365}","{""counters"":{""debugCoalesced"":0,""debugDropped"":773,""debugForwarded"":1555,""debugProposals"":2328,""deferredUnitIds"":305056,""duplicateSuppressions"":3178,""expiredPending"":0,""forwardedOrderCalls"":21137,""forwardedUnitIds"":76790,""gameplayNonorderCalls"":3018,""invalidTargets"":698,""invalidTiles"":0,""invalidUnitIds"":107,""pendingUnitIds"":305056,""productionBatches"":1920,""proposedCalls"":30789,""proposedUnitIds"":161636,""revokedPending"":0,""sameUnitConflicts"":80862,""supersededPending"":80196},""countersPerObservedUpdate"":{""debugCoalesced"":0,""debugDropped"":0.0020949701744543726,""debugForwarded"":0.004214331980952846,""debugProposals"":0.0063093021554072185,""deferredUnitIds"":0.8267570783161101,""duplicateSuppressions"":0.008612956292905559,""expiredPending"":0,""forwardedOrderCalls"":0.057285102946238134,""forwardedUnitIds"":0.20811482496293826,""gameplayNonorderCalls"":0.008179327278788224,""invalidTargets"":0.0018917065740868722,""invalidTiles"":0,""invalidUnitIds"":0.00028998940319096753,""pendingUnitIds"":0.8267570783161101,""productionBatches"":0.005203548169408015,""proposedCalls"":0.08344377322286634,""proposedUnitIds"":0.4380628707866843,""revokedPending"":0,""sameUnitConflicts"":0.21915068337222443,""supersededPending"":0.21734570260096103},""referenceExceededUpdates"":0,""budgetDenialUpdates"":39180,""budgetDeniedUnitIdOccurrences"":305056,""budgetDeniedDebugCalls"":773,""maxRollingCommandCalls"":115,""maxPendingUnitIds"":30}"
"opponentCountryDirection","ra2web_advanced/Americans/0","separated_lanes_unbounded_d1","20","331144","{""baseline.activateSuperWeapon"":53,""baseline.orderUnits"":10366,""baseline.pauseProduction"":185,""baseline.placeBuilding"":253,""baseline.queueForProduction"":991,""baseline.quitGame"":27,""baseline.resumeProduction"":174,""baseline.sayAll"":1,""baseline.sellObject"":7,""baseline.setUnitDebugText"":4594,""baseline.toggleRepairWrench"":152,""baseline.unqueueFromProduction"":141,""candidate.activateSuperWeapon"":7,""candidate.orderUnits"":23064,""candidate.pauseProduction"":196,""candidate.placeBuilding"":157,""candidate.queueForProduction"":1139,""candidate.quitGame"":89,""candidate.resumeProduction"":168,""candidate.sellObject"":10,""candidate.setUnitDebugText"":2477,""candidate.toggleRepairWrench"":189,""candidate.unqueueFromProduction"":377}","{""baseline.activateSuperWeapon"":0.00016005121638924455,""baseline.orderUnits"":0.03130360205831904,""baseline.pauseProduction"":0.0005586693402266084,""baseline.placeBuilding"":0.0007640180706882806,""baseline.queueForProduction"":0.0029926557630517237,""baseline.quitGame"":0.00008153552533036987,""baseline.resumeProduction"":0.0005254511632401614,""baseline.sayAll"":0.0000030198342714951803,""baseline.sellObject"":0.000021138839900466264,""baseline.setUnitDebugText"":0.013873118643248859,""baseline.toggleRepairWrench"":0.0004590148092672674,""baseline.unqueueFromProduction"":0.0004257966322808204,""candidate.activateSuperWeapon"":0.000021138839900466264,""candidate.orderUnits"":0.06964945763776484,""candidate.pauseProduction"":0.0005918875172130553,""candidate.placeBuilding"":0.0004741139806247433,""candidate.queueForProduction"":0.0034395912352330102,""candidate.quitGame"":0.00026876525016307105,""candidate.resumeProduction"":0.0005073321576111903,""candidate.sellObject"":0.000030198342714951803,""candidate.setUnitDebugText"":0.007480129490493562,""candidate.toggleRepairWrench"":0.0005707486773125891,""candidate.unqueueFromProduction"":0.001138477520353683}","{""counters"":{""debugCoalesced"":0,""debugDropped"":0,""debugForwarded"":2477,""debugProposals"":2477,""deferredUnitIds"":0,""duplicateSuppressions"":163,""expiredPending"":0,""forwardedOrderCalls"":23064,""forwardedUnitIds"":87372,""gameplayNonorderCalls"":2332,""invalidTargets"":0,""invalidTiles"":0,""invalidUnitIds"":0,""pendingUnitIds"":0,""productionBatches"":1736,""proposedCalls"":23525,""proposedUnitIds"":87641,""revokedPending"":0,""sameUnitConflicts"":106,""supersededPending"":0},""countersPerObservedUpdate"":{""debugCoalesced"":0,""debugDropped"":0,""debugForwarded"":0.007480129490493562,""debugProposals"":0.007480129490493562,""deferredUnitIds"":0,""duplicateSuppressions"":0.0004922329862537144,""expiredPending"":0,""forwardedOrderCalls"":0.06964945763776484,""forwardedUnitIds"":0.2638489599690769,""gameplayNonorderCalls"":0.007042253521126761,""invalidTargets"":0,""invalidTiles"":0,""invalidUnitIds"":0,""pendingUnitIds"":0,""productionBatches"":0.005242432295315633,""proposedCalls"":0.07104160123692412,""proposedUnitIds"":0.2646612953881091,""revokedPending"":0,""sameUnitConflicts"":0.0003201024327784891,""supersededPending"":0},""referenceExceededUpdates"":66367,""budgetDenialUpdates"":0,""budgetDeniedUnitIdOccurrences"":0,""budgetDeniedDebugCalls"":0,""maxRollingCommandCalls"":365,""maxPendingUnitIds"":0}"
"opponentCountryDirection","ra2web_advanced/Americans/1","disabled","20","368802","{""baseline.activateSuperWeapon"":29,""baseline.orderUnits"":7451,""baseline.pauseProduction"":184,""baseline.placeBuilding"":222,""baseline.queueForProduction"":848,""baseline.quitGame"":2474,""baseline.resumeProduction"":165,""baseline.sayAll"":9,""baseline.sellObject"":22,""baseline.setUnitDebugText"":3184,""baseline.toggleRepairWrench"":254,""baseline.unqueueFromProduction"":121,""candidate.activateSuperWeapon"":20,""candidate.orderUnits"":37463,""candidate.pauseProduction"":318,""candidate.placeBuilding"":175,""candidate.queueForProduction"":1425,""candidate.resumeProduction"":285,""candidate.setUnitDebugText"":4478,""candidate.toggleRepairWrench"":120,""candidate.unqueueFromProduction"":336}","{""baseline.activateSuperWeapon"":0.00007863297921377867,""baseline.orderUnits"":0.020203252693857407,""baseline.pauseProduction"":0.0004989126957012164,""baseline.placeBuilding"":0.000601949013291685,""baseline.queueForProduction"":0.0022993367714925625,""baseline.quitGame"":0.006708206571547876,""baseline.resumeProduction"":0.00044739453690598207,""baseline.sayAll"":0.000024403338376689932,""baseline.sellObject"":0.00005965260492079761,""baseline.setUnitDebugText"":0.008633358821264528,""baseline.toggleRepairWrench"":0.0006887164386310269,""baseline.unqueueFromProduction"":0.00032808932706438685,""candidate.activateSuperWeapon"":0.000054229640837088736,""candidate.orderUnits"":0.10158025173399277,""candidate.pauseProduction"":0.0008622512893097109,""candidate.placeBuilding"":0.00047450935732452643,""candidate.queueForProduction"":0.0038638619096425723,""candidate.resumeProduction"":0.0007727723819285144,""candidate.setUnitDebugText"":0.012142016583424169,""candidate.toggleRepairWrench"":0.00032537784502253243,""candidate.unqueueFromProduction"":0.0009110579660630908}",""
"opponentCountryDirection","ra2web_advanced/Americans/1","separated_lanes_v2","20","406165","{""baseline.activateSuperWeapon"":49,""baseline.orderUnits"":13072,""baseline.pauseProduction"":229,""baseline.placeBuilding"":262,""baseline.queueForProduction"":1001,""baseline.quitGame"":2042,""baseline.resumeProduction"":201,""baseline.sayAll"":3,""baseline.sellObject"":26,""baseline.setUnitDebugText"":4056,""baseline.toggleRepairWrench"":256,""baseline.unqueueFromProduction"":162,""candidate.activateSuperWeapon"":28,""candidate.orderUnits"":28003,""candidate.pauseProduction"":340,""candidate.placeBuilding"":181,""candidate.queueForProduction"":1496,""candidate.quitGame"":15,""candidate.resumeProduction"":298,""candidate.setUnitDebugText"":2618,""candidate.toggleRepairWrench"":178,""candidate.unqueueFromProduction"":345}","{""baseline.activateSuperWeapon"":0.00012064062634643556,""baseline.orderUnits"":0.03218396464491032,""baseline.pauseProduction"":0.0005638102741496682,""baseline.placeBuilding"":0.0006450580429135942,""baseline.queueForProduction"":0.002464515652505755,""baseline.quitGame"":0.005027513448967784,""baseline.resumeProduction"":0.0004948727733802765,""baseline.sayAll"":0.000007386160796720545,""baseline.sellObject"":0.00006401339357157805,""baseline.setUnitDebugText"":0.009986089397166177,""baseline.toggleRepairWrench"":0.0006302857213201531,""baseline.unqueueFromProduction"":0.0003988526830229094,""candidate.activateSuperWeapon"":0.00006893750076939175,""candidate.orderUnits"":0.06894488693018846,""candidate.pauseProduction"":0.0008370982236283284,""candidate.placeBuilding"":0.00044563170140213954,""candidate.queueForProduction"":0.003683232183964645,""candidate.quitGame"":0.00003693080398360272,""candidate.resumeProduction"":0.0007336919724742407,""candidate.setUnitDebugText"":0.006445656321938128,""candidate.toggleRepairWrench"":0.00043824554060541897,""candidate.unqueueFromProduction"":0.0008494084916228626}","{""counters"":{""debugCoalesced"":0,""debugDropped"":2575,""debugForwarded"":2618,""debugProposals"":5193,""deferredUnitIds"":266653,""duplicateSuppressions"":4435,""expiredPending"":16,""forwardedOrderCalls"":28003,""forwardedUnitIds"":67991,""gameplayNonorderCalls"":2881,""invalidTargets"":457,""invalidTiles"":0,""invalidUnitIds"":158,""pendingUnitIds"":266653,""productionBatches"":2230,""proposedCalls"":39171,""proposedUnitIds"":112452,""revokedPending"":3633,""sameUnitConflicts"":35755,""supersededPending"":32333},""countersPerObservedUpdate"":{""debugCoalesced"":0,""debugDropped"":0.006339788017185134,""debugForwarded"":0.006445656321938128,""debugProposals"":0.012785444339123262,""deferredUnitIds"":0.6565139783093078,""duplicateSuppressions"":0.010919207711151872,""expiredPending"":0.00003939285758250957,""forwardedOrderCalls"":0.06894488693018846,""forwardedUnitIds"":0.16739748624327552,""gameplayNonorderCalls"":0.00709317641845063,""invalidTargets"":0.0011251584947004297,""invalidTiles"":0,""invalidUnitIds"":0.00038900446862728203,""pendingUnitIds"":0.6565139783093078,""productionBatches"":0.005490379525562272,""proposedCalls"":0.09644110152278015,""proposedUnitIds"":0.2768628513042729,""revokedPending"":0.00894464072482858,""sameUnitConflicts"":0.08803072642891435,""supersededPending"":0.07960557901345512},""referenceExceededUpdates"":0,""budgetDenialUpdates"":49042,""budgetDeniedUnitIdOccurrences"":266653,""budgetDeniedDebugCalls"":2575,""maxRollingCommandCalls"":115,""maxPendingUnitIds"":32}"
"opponentCountryDirection","ra2web_advanced/Americans/1","separated_lanes_unbounded_d1","20","351157","{""baseline.activateSuperWeapon"":24,""baseline.orderUnits"":5938,""baseline.pauseProduction"":199,""baseline.placeBuilding"":225,""baseline.queueForProduction"":860,""baseline.quitGame"":1966,""baseline.resumeProduction"":177,""baseline.sayAll"":8,""baseline.sellObject"":20,""baseline.setUnitDebugText"":3254,""baseline.toggleRepairWrench"":286,""baseline.unqueueFromProduction"":119,""candidate.activateSuperWeapon"":21,""candidate.orderUnits"":34556,""candidate.pauseProduction"":332,""candidate.placeBuilding"":180,""candidate.queueForProduction"":1475,""candidate.resumeProduction"":303,""candidate.setUnitDebugText"":4943,""candidate.toggleRepairWrench"":137,""candidate.unqueueFromProduction"":349}","{""baseline.activateSuperWeapon"":0.00006834549788271343,""baseline.orderUnits"":0.016909815267814682,""baseline.pauseProduction"":0.0005666980866108321,""baseline.placeBuilding"":0.0006407390426504384,""baseline.queueForProduction"":0.0024490470074638978,""baseline.quitGame"":0.005598635368225608,""baseline.resumeProduction"":0.0005040480468850115,""baseline.sayAll"":0.000022781832627571142,""baseline.sellObject"":0.00005695458156892786,""baseline.setUnitDebugText"":0.009266510421264562,""baseline.toggleRepairWrench"":0.0008144505164356684,""baseline.unqueueFromProduction"":0.00033887976033512076,""candidate.activateSuperWeapon"":0.00005980231064737425,""candidate.orderUnits"":0.09840612603479355,""candidate.pauseProduction"":0.0009454460540442024,""candidate.placeBuilding"":0.0005125912341203508,""candidate.queueForProduction"":0.00420040039070843,""candidate.resumeProduction"":0.000862861910769257,""candidate.setUnitDebugText"":0.01407632483476052,""candidate.toggleRepairWrench"":0.00039013888374715586,""candidate.unqueueFromProduction"":0.0009938574483777912}","{""counters"":{""debugCoalesced"":0,""debugDropped"":0,""debugForwarded"":4943,""debugProposals"":4943,""deferredUnitIds"":0,""duplicateSuppressions"":413,""expiredPending"":0,""forwardedOrderCalls"":34556,""forwardedUnitIds"":119089,""gameplayNonorderCalls"":2797,""invalidTargets"":0,""invalidTiles"":0,""invalidUnitIds"":0,""pendingUnitIds"":0,""productionBatches"":2215,""proposedCalls"":37728,""proposedUnitIds"":122662,""revokedPending"":0,""sameUnitConflicts"":3160,""supersededPending"":0},""countersPerObservedUpdate"":{""debugCoalesced"":0,""debugDropped"":0,""debugForwarded"":0.01407632483476052,""debugProposals"":0.01407632483476052,""deferredUnitIds"":0,""duplicateSuppressions"":0.0011761121093983604,""expiredPending"":0,""forwardedOrderCalls"":0.09840612603479355,""forwardedUnitIds"":0.3391332082231025,""gameplayNonorderCalls"":0.007965098232414562,""invalidTargets"":0,""invalidTiles"":0,""invalidUnitIds"":0,""pendingUnitIds"":0,""productionBatches"":0.00630771990875876,""proposedCalls"":0.10743912267162552,""proposedUnitIds"":0.34930814422039147,""revokedPending"":0,""sameUnitConflicts"":0.0089988238878906,""supersededPending"":0},""referenceExceededUpdates"":113442,""budgetDenialUpdates"":0,""budgetDeniedUnitIdOccurrences"":0,""budgetDeniedDebugCalls"":0,""maxRollingCommandCalls"":755,""maxPendingUnitIds"":0}"
