"contrast","endpoint","group","id","cases","reference","treatment","referenceW","referenceD","referenceL","treatmentW","treatmentD","treatmentL","referenceScore","treatmentScore","referenceWinRate","treatmentWinRate","referenceWilsonLower90","treatmentWilsonLower90","pairedScore","pairedLiteralWin","referenceStatuses","treatmentStatuses","referenceTimes","treatmentTimes"
"unbounded_minus_v2","v6","populations","overall","200","separated_lanes_v2","separated_lanes_unbounded_d1","49","92","59","68","76","56","0.475","0.53","0.245","0.34","0.20820625395670245","0.29853132281898964","0.055","0.095","{""baseline_win"":59,""candidate_win"":49,""engine_nonliteral_termination_draw"":1,""tick_cap_draw"":91}","{""baseline_win"":56,""candidate_win"":68,""engine_nonliteral_termination_draw"":1,""tick_cap_draw"":75}","{""all"":{""n"":200,""min"":5872,""median"":20756,""p90"":24000,""max"":24000,""mean"":18826.875},""W"":{""n"":49,""min"":6718,""median"":15004,""p90"":20426,""max"":22249,""mean"":14744.081632653062},""D"":{""n"":92,""min"":17832,""median"":24000,""p90"":24000,""max"":24000,""mean"":23932.956521739132},""L"":{""n"":59,""min"":5872,""median"":13881,""p90"":22643,""max"":23512,""mean"":14255.64406779661}}","{""all"":{""n"":200,""min"":5662,""median"":20021,""p90"":24000,""max"":24000,""mean"":17398.805},""W"":{""n"":68,""min"":6527,""median"":11374,""p90"":20249,""max"":22157,""mean"":12693.558823529413},""D"":{""n"":76,""min"":17832,""median"":24000,""p90"":24000,""max"":24000,""mean"":23918.842105263157},""L"":{""n"":56,""min"":5662,""median"":13247,""p90"":22529,""max"":23870,""mean"":14263.69642857143}}"
"unbounded_minus_v2","v6","populations","supalosa","120","separated_lanes_v2","separated_lanes_unbounded_d1","34","50","36","41","44","35","0.49166666666666664","0.525","0.2833333333333333","0.3416666666666667","0.233816863802125","0.2886545731300702","0.03333333333333333","0.058333333333333334","{""baseline_win"":36,""candidate_win"":34,""engine_nonliteral_termination_draw"":1,""tick_cap_draw"":49}","{""baseline_win"":35,""candidate_win"":41,""engine_nonliteral_termination_draw"":1,""tick_cap_draw"":43}","{""all"":{""n"":120,""min"":5872,""median"":19637,""p90"":24000,""max"":24000,""mean"":17348.033333333333},""W"":{""n"":34,""min"":6718,""median"":14128,""p90"":20426,""max"":22249,""mean"":14521.85294117647},""D"":{""n"":50,""min"":17832,""median"":24000,""p90"":24000,""max"":24000,""mean"":23876.64},""L"":{""n"":36,""min"":5872,""median"":9032,""p90"":18235,""max"":20537,""mean"":10949.694444444445}}","{""all"":{""n"":120,""min"":5662,""median"":17560,""p90"":24000,""max"":24000,""mean"":16213.15},""W"":{""n"":41,""min"":6718,""median"":10773,""p90"":20153,""max"":22157,""mean"":12287.292682926829},""D"":{""n"":44,""min"":17832,""median"":24000,""p90"":24000,""max"":24000,""mean"":23859.81818181818},""L"":{""n"":35,""min"":5662,""median"":8918,""p90"":21483,""max"":23474,""mean"":11199.057142857142}}"
"unbounded_minus_v2","v6","populations","advanced","80","separated_lanes_v2","separated_lanes_unbounded_d1","15","42","23","27","32","21","0.45","0.5375","0.1875","0.3375","0.13807137109455367","0.2736224621247424","0.0875","0.15","{""baseline_win"":23,""candidate_win"":15,""tick_cap_draw"":42}","{""baseline_win"":21,""candidate_win"":27,""tick_cap_draw"":32}","{""all"":{""n"":80,""min"":7474,""median"":24000,""p90"":24000,""max"":24000,""mean"":21045.1375},""W"":{""n"":15,""min"":7474,""median"":15843,""p90"":20217,""max"":20660,""mean"":15247.8},""D"":{""n"":42,""min"":24000,""median"":24000,""p90"":24000,""max"":24000,""mean"":24000},""L"":{""n"":23,""min"":11566,""median"":19730,""p90"":23350,""max"":23512,""mean"":19430.17391304348}}","{""all"":{""n"":80,""min"":6527,""median"":21497,""p90"":24000,""max"":24000,""mean"":19177.2875},""W"":{""n"":27,""min"":6527,""median"":12214,""p90"":20277,""max"":20707,""mean"":13310.481481481482},""D"":{""n"":32,""min"":24000,""median"":24000,""p90"":24000,""max"":24000,""mean"":24000},""L"":{""n"":21,""min"":12085,""median"":20400,""p90"":23524,""max"":23870,""mean"":19371.428571428572}}"
"unbounded_minus_v2","v6","strata","pinned_supalosa__hfo-bvb","8","separated_lanes_v2","separated_lanes_unbounded_d1","3","0","5","3","2","3","0.375","0.5","0.375","0.375","0.19535795103474965","0.19535795103474965","0.125","0","{""baseline_win"":5,""candidate_win"":3}","{""baseline_win"":3,""candidate_win"":3,""tick_cap_draw"":2}","{""all"":{""n"":8,""min"":11556,""median"":15460,""p90"":20537,""max"":20537,""mean"":15073.875},""W"":{""n"":3,""min"":11556,""median"":14128,""p90"":16510,""max"":16510,""mean"":14064.666666666666},""D"":null,""L"":{""n"":5,""min"":11726,""median"":15460,""p90"":20537,""max"":20537,""mean"":15679.4}}","{""all"":{""n"":8,""min"":9816,""median"":14392,""p90"":24000,""max"":24000,""mean"":15458.625},""W"":{""n"":3,""min"":9816,""median"":10773,""p90"":14392,""max"":14392,""mean"":11660.333333333334},""D"":{""n"":2,""min"":24000,""median"":24000,""p90"":24000,""max"":24000,""mean"":24000},""L"":{""n"":3,""min"":10175,""median"":11682,""p90"":18831,""max"":18831,""mean"":13562.666666666666}}"
"unbounded_minus_v2","v6","strata","pinned_supalosa__hfo-corners","8","separated_lanes_v2","separated_lanes_unbounded_d1","2","5","1","3","2","3","0.5625","0.5","0.25","0.375","0.10887074683495994","0.19535795103474965","-0.0625","0.125","{""baseline_win"":1,""candidate_win"":2,""tick_cap_draw"":5}","{""baseline_win"":3,""candidate_win"":3,""tick_cap_draw"":2}","{""all"":{""n"":8,""min"":7663,""median"":24000,""p90"":24000,""max"":24000,""mean"":20172.125},""W"":{""n"":2,""min"":13580,""median"":20134,""p90"":20134,""max"":20134,""mean"":16857},""D"":{""n"":5,""min"":24000,""median"":24000,""p90"":24000,""max"":24000,""mean"":24000},""L"":{""n"":1,""min"":7663,""median"":7663,""p90"":7663,""max"":7663,""mean"":7663}}","{""all"":{""n"":8,""min"":7006,""median"":20249,""p90"":24000,""max"":24000,""mean"":15512.625},""W"":{""n"":3,""min"":11488,""median"":20249,""p90"":21114,""max"":21114,""mean"":17617},""D"":{""n"":2,""min"":24000,""median"":24000,""p90"":24000,""max"":24000,""mean"":24000},""L"":{""n"":3,""min"":7006,""median"":7918,""p90"":8326,""max"":8326,""mean"":7750}}"
"unbounded_minus_v2","v6","strata","pinned_supalosa__hfo-corners-b","8","separated_lanes_v2","separated_lanes_unbounded_d1","1","5","2","3","2","3","0.4375","0.5","0.125","0.375","0.038176543007959585","0.19535795103474965","0.0625","0.25","{""baseline_win"":2,""candidate_win"":1,""tick_cap_draw"":5}","{""baseline_win"":3,""candidate_win"":3,""tick_cap_draw"":2}","{""all"":{""n"":8,""min"":6538,""median"":24000,""p90"":24000,""max"":24000,""mean"":18441.5},""W"":{""n"":1,""min"":13376,""median"":13376,""p90"":13376,""max"":13376,""mean"":13376},""D"":{""n"":5,""min"":24000,""median"":24000,""p90"":24000,""max"":24000,""mean"":24000},""L"":{""n"":2,""min"":6538,""median"":7618,""p90"":7618,""max"":7618,""mean"":7078}}","{""all"":{""n"":8,""min"":6562,""median"":17644,""p90"":24000,""max"":24000,""mean"":15358.25},""W"":{""n"":3,""min"":8194,""median"":11374,""p90"":17644,""max"":17644,""mean"":12404},""D"":{""n"":2,""min"":24000,""median"":24000,""p90"":24000,""max"":24000,""mean"":24000},""L"":{""n"":3,""min"":6562,""median"":7618,""p90"":23474,""max"":23474,""mean"":12551.333333333334}}"
"unbounded_minus_v2","v6","strata","pinned_supalosa__hfo-corners-b-golden","8","separated_lanes_v2","separated_lanes_unbounded_d1","2","1","5","4","2","2","0.3125","0.625","0.25","0.5","0.10887074683495994","0.2936454286357453","0.3125","0.25","{""baseline_win"":5,""candidate_win"":2,""tick_cap_draw"":1}","{""baseline_win"":2,""candidate_win"":4,""tick_cap_draw"":2}","{""all"":{""n"":8,""min"":6730,""median"":16938,""p90"":24000,""max"":24000,""mean"":14425.625},""W"":{""n"":2,""min"":11146,""median"":20015,""p90"":20015,""max"":20015,""mean"":15580.5},""D"":{""n"":1,""min"":24000,""median"":24000,""p90"":24000,""max"":24000,""mean"":24000},""L"":{""n"":5,""min"":6730,""median"":8606,""p90"":20286,""max"":20286,""mean"":12048.8}}","{""all"":{""n"":8,""min"":6454,""median"":8222,""p90"":24000,""max"":24000,""mean"":12083.375},""W"":{""n"":4,""min"":7264,""median"":8222,""p90"":10485,""max"":10485,""mean"":8512},""D"":{""n"":2,""min"":24000,""median"":24000,""p90"":24000,""max"":24000,""mean"":24000},""L"":{""n"":2,""min"":6454,""median"":8165,""p90"":8165,""max"":8165,""mean"":7309.5}}"
"unbounded_minus_v2","v6","strata","pinned_supalosa__hfo-golden","8","separated_lanes_v2","separated_lanes_unbounded_d1","3","2","3","3","2","3","0.5","0.5","0.375","0.375","0.19535795103474965","0.19535795103474965","0","0","{""baseline_win"":3,""candidate_win"":3,""tick_cap_draw"":2}","{""baseline_win"":3,""candidate_win"":3,""tick_cap_draw"":2}","{""all"":{""n"":8,""min"":7330,""median"":12490,""p90"":24000,""max"":24000,""mean"":13896.25},""W"":{""n"":3,""min"":9575,""median"":12490,""p90"":13577,""max"":13577,""mean"":11880.666666666666},""D"":{""n"":2,""min"":24000,""median"":24000,""p90"":24000,""max"":24000,""mean"":24000},""L"":{""n"":3,""min"":7330,""median"":8310,""p90"":11888,""max"":11888,""mean"":9176}}","{""all"":{""n"":8,""min"":7330,""median"":12847,""p90"":24000,""max"":24000,""mean"":14576.25},""W"":{""n"":3,""min"":9544,""median"":11844,""p90"":12847,""max"":12847,""mean"":11411.666666666666},""D"":{""n"":2,""min"":24000,""median"":24000,""p90"":24000,""max"":24000,""mean"":24000},""L"":{""n"":3,""min"":7330,""median"":9420,""p90"":17625,""max"":17625,""mean"":11458.333333333334}}"
"unbounded_minus_v2","v6","strata","pinned_supalosa__hfo-le","8","separated_lanes_v2","separated_lanes_unbounded_d1","2","4","2","3","3","2","0.5","0.5625","0.25","0.375","0.10887074683495994","0.19535795103474965","0.0625","0.125","{""baseline_win"":2,""candidate_win"":2,""tick_cap_draw"":4}","{""baseline_win"":2,""candidate_win"":3,""tick_cap_draw"":3}","{""all"":{""n"":8,""min"":8092,""median"":24000,""p90"":24000,""max"":24000,""mean"":17734.375},""W"":{""n"":2,""min"":14459,""median"":15160,""p90"":15160,""max"":15160,""mean"":14809.5},""D"":{""n"":4,""min"":24000,""median"":24000,""p90"":24000,""max"":24000,""mean"":24000},""L"":{""n"":2,""min"":8092,""median"":8164,""p90"":8164,""max"":8164,""mean"":8128}}","{""all"":{""n"":8,""min"":7420,""median"":13165,""p90"":24000,""max"":24000,""mean"":15068},""W"":{""n"":3,""min"":9586,""median"":10903,""p90"":13165,""max"":13165,""mean"":11218},""D"":{""n"":3,""min"":24000,""median"":24000,""p90"":24000,""max"":24000,""mean"":24000},""L"":{""n"":2,""min"":7420,""median"":7470,""p90"":7470,""max"":7470,""mean"":7445}}"
"unbounded_minus_v2","v6","strata","pinned_supalosa__hfo-lvl","8","separated_lanes_v2","separated_lanes_unbounded_d1","4","1","3","3","1","4","0.5625","0.4375","0.5","0.375","0.2936454286357453","0.19535795103474965","-0.125","-0.125","{""baseline_win"":3,""candidate_win"":4,""tick_cap_draw"":1}","{""baseline_win"":4,""candidate_win"":3,""tick_cap_draw"":1}","{""all"":{""n"":8,""min"":8044,""median"":20088,""p90"":24000,""max"":24000,""mean"":17000},""W"":{""n"":4,""min"":19637,""median"":20107,""p90"":20426,""max"":20426,""mean"":20064.5},""D"":{""n"":1,""min"":24000,""median"":24000,""p90"":24000,""max"":24000,""mean"":24000},""L"":{""n"":3,""min"":8044,""median"":8918,""p90"":14780,""max"":14780,""mean"":10580.666666666666}}","{""all"":{""n"":8,""min"":8104,""median"":20153,""p90"":24000,""max"":24000,""mean"":17384},""W"":{""n"":3,""min"":14396,""median"":20029,""p90"":20153,""max"":20153,""mean"":18192.666666666668},""D"":{""n"":1,""min"":24000,""median"":24000,""p90"":24000,""max"":24000,""mean"":24000},""L"":{""n"":4,""min"":8104,""median"":21483,""p90"":21989,""max"":21989,""mean"":15123.5}}"
"unbounded_minus_v2","v6","strata","pinned_supalosa__hfo-original","8","separated_lanes_v2","separated_lanes_unbounded_d1","2","3","3","3","2","3","0.4375","0.5","0.25","0.375","0.10887074683495994","0.19535795103474965","0.0625","0.125","{""baseline_win"":3,""candidate_win"":2,""tick_cap_draw"":3}","{""baseline_win"":3,""candidate_win"":3,""tick_cap_draw"":2}","{""all"":{""n"":8,""min"":7582,""median"":22249,""p90"":24000,""max"":24000,""mean"":17237.5},""W"":{""n"":2,""min"":9717,""median"":22249,""p90"":22249,""max"":22249,""mean"":15983},""D"":{""n"":3,""min"":24000,""median"":24000,""p90"":24000,""max"":24000,""mean"":24000},""L"":{""n"":3,""min"":7582,""median"":11791,""p90"":14561,""max"":14561,""mean"":11311.333333333334}}","{""all"":{""n"":8,""min"":7582,""median"":10958,""p90"":24000,""max"":24000,""mean"":13604.375},""W"":{""n"":3,""min"":9910,""median"":10252,""p90"":10958,""max"":10958,""mean"":10373.333333333334},""D"":{""n"":2,""min"":24000,""median"":24000,""p90"":24000,""max"":24000,""mean"":24000},""L"":{""n"":3,""min"":7582,""median"":10046,""p90"":12087,""max"":12087,""mean"":9905}}"
"unbounded_minus_v2","v6","strata","pinned_supalosa__hfo-rvr","8","separated_lanes_v2","separated_lanes_unbounded_d1","1","6","1","2","5","1","0.5","0.5625","0.125","0.25","0.038176543007959585","0.10887074683495994","0.0625","0.125","{""baseline_win"":1,""candidate_win"":1,""tick_cap_draw"":6}","{""baseline_win"":1,""candidate_win"":2,""tick_cap_draw"":5}","{""all"":{""n"":8,""min"":18450,""median"":24000,""p90"":24000,""max"":24000,""mean"":22755.5},""W"":{""n"":1,""min"":18450,""median"":18450,""p90"":18450,""max"":18450,""mean"":18450},""D"":{""n"":6,""min"":24000,""median"":24000,""p90"":24000,""max"":24000,""mean"":24000},""L"":{""n"":1,""min"":19594,""median"":19594,""p90"":19594,""max"":19594,""mean"":19594}}","{""all"":{""n"":8,""min"":12464,""median"":24000,""p90"":24000,""max"":24000,""mean"":21656},""W"":{""n"":2,""min"":12464,""median"":21190,""p90"":21190,""max"":21190,""mean"":16827},""D"":{""n"":5,""min"":24000,""median"":24000,""p90"":24000,""max"":24000,""mean"":24000},""L"":{""n"":1,""min"":19594,""median"":19594,""p90"":19594,""max"":19594,""mean"":19594}}"
"unbounded_minus_v2","v6","strata","pinned_supalosa__hfo-tvt","8","separated_lanes_v2","separated_lanes_unbounded_d1","3","5","0","3","5","0","0.6875","0.6875","0.375","0.375","0.19535795103474965","0.19535795103474965","0","0","{""candidate_win"":3,""tick_cap_draw"":5}","{""candidate_win"":3,""tick_cap_draw"":5}","{""all"":{""n"":8,""min"":6718,""median"":24000,""p90"":24000,""max"":24000,""mean"":20999.875},""W"":{""n"":3,""min"":6718,""median"":20525,""p90"":20756,""max"":20756,""mean"":15999.666666666666},""D"":{""n"":5,""min"":24000,""median"":24000,""p90"":24000,""max"":24000,""mean"":24000},""L"":null}","{""all"":{""n"":8,""min"":6718,""median"":24000,""p90"":24000,""max"":24000,""mean"":18566},""W"":{""n"":3,""min"":6718,""median"":9808,""p90"":12002,""max"":12002,""mean"":9509.333333333334},""D"":{""n"":5,""min"":24000,""median"":24000,""p90"":24000,""max"":24000,""mean"":24000},""L"":null}"
"unbounded_minus_v2","v6","strata","pinned_supalosa__pacific-heights","8","separated_lanes_v2","separated_lanes_unbounded_d1","4","2","2","6","2","0","0.625","0.875","0.5","0.75","0.2936454286357453","0.5237063285891094","0.25","0.25","{""baseline_win"":2,""candidate_win"":4,""tick_cap_draw"":2}","{""candidate_win"":6,""tick_cap_draw"":2}","{""all"":{""n"":8,""min"":9045,""median"":16698,""p90"":24000,""max"":24000,""mean"":15652.875},""W"":{""n"":4,""min"":9507,""median"":16698,""p90"":18411,""max"":18411,""mean"":13772},""D"":{""n"":2,""min"":24000,""median"":24000,""p90"":24000,""max"":24000,""mean"":24000},""L"":{""n"":2,""min"":9045,""median"":13090,""p90"":13090,""max"":13090,""mean"":11067.5}}","{""all"":{""n"":8,""min"":9449,""median"":10163,""p90"":24000,""max"":24000,""mean"":14338.125},""W"":{""n"":6,""min"":9449,""median"":9880,""p90"":17560,""max"":17560,""mean"":11117.5},""D"":{""n"":2,""min"":24000,""median"":24000,""p90"":24000,""max"":24000,""mean"":24000},""L"":null}"
"unbounded_minus_v2","v6","strata","pinned_supalosa__peak","8","separated_lanes_v2","separated_lanes_unbounded_d1","5","3","0","3","4","1","0.8125","0.625","0.625","0.375","0.4027757419118244","0.19535795103474965","-0.1875","-0.25","{""candidate_win"":5,""tick_cap_draw"":3}","{""baseline_win"":1,""candidate_win"":3,""tick_cap_draw"":4}","{""all"":{""n"":8,""min"":8420,""median"":18713,""p90"":24000,""max"":24000,""mean"":16284.125},""W"":{""n"":5,""min"":8420,""median"":10078,""p90"":18713,""max"":18713,""mean"":11654.6},""D"":{""n"":3,""min"":24000,""median"":24000,""p90"":24000,""max"":24000,""mean"":24000},""L"":null}","{""all"":{""n"":8,""min"":9441,""median"":24000,""p90"":24000,""max"":24000,""mean"":18585.5},""W"":{""n"":3,""min"":9441,""median"":9458,""p90"":11520,""max"":11520,""mean"":10139.666666666666},""D"":{""n"":4,""min"":24000,""median"":24000,""p90"":24000,""max"":24000,""mean"":24000},""L"":{""n"":1,""min"":22265,""median"":22265,""p90"":22265,""max"":22265,""mean"":22265}}"
"unbounded_minus_v2","v6","strata","pinned_supalosa__south-pacific","8","separated_lanes_v2","separated_lanes_unbounded_d1","0","6","2","0","6","2","0.375","0.375","0","0","0","0","0","0","{""baseline_win"":2,""engine_nonliteral_termination_draw"":1,""tick_cap_draw"":5}","{""baseline_win"":2,""engine_nonliteral_termination_draw"":1,""tick_cap_draw"":5}","{""all"":{""n"":8,""min"":9438,""median"":24000,""p90"":24000,""max"":24000,""mean"":19763.75},""W"":null,""D"":{""n"":6,""min"":17832,""median"":24000,""p90"":24000,""max"":24000,""mean"":22972},""L"":{""n"":2,""min"":9438,""median"":10840,""p90"":10840,""max"":10840,""mean"":10139}}","{""all"":{""n"":8,""min"":9438,""median"":24000,""p90"":24000,""max"":24000,""mean"":19763.75},""W"":null,""D"":{""n"":6,""min"":17832,""median"":24000,""p90"":24000,""max"":24000,""mean"":22972},""L"":{""n"":2,""min"":9438,""median"":10840,""p90"":10840,""max"":10840,""mean"":10139}}"
"unbounded_minus_v2","v6","strata","pinned_supalosa__south-pacific-2","8","separated_lanes_v2","separated_lanes_unbounded_d1","0","7","1","1","5","2","0.4375","0.4375","0","0.125","0","0.038176543007959585","0","0.125","{""baseline_win"":1,""tick_cap_draw"":7}","{""baseline_win"":2,""candidate_win"":1,""tick_cap_draw"":5}","{""all"":{""n"":8,""min"":18235,""median"":24000,""p90"":24000,""max"":24000,""mean"":23279.375},""W"":null,""D"":{""n"":7,""min"":24000,""median"":24000,""p90"":24000,""max"":24000,""mean"":24000},""L"":{""n"":1,""min"":18235,""median"":18235,""p90"":18235,""max"":18235,""mean"":18235}}","{""all"":{""n"":8,""min"":13501,""median"":24000,""p90"":24000,""max"":24000,""mean"":21661.625},""W"":{""n"":1,""min"":22157,""median"":22157,""p90"":22157,""max"":22157,""mean"":22157},""D"":{""n"":5,""min"":24000,""median"":24000,""p90"":24000,""max"":24000,""mean"":24000},""L"":{""n"":2,""min"":13501,""median"":17635,""p90"":17635,""max"":17635,""mean"":15568}}"
"unbounded_minus_v2","v6","strata","pinned_supalosa__tour-of-egypt","8","separated_lanes_v2","separated_lanes_unbounded_d1","2","0","6","1","1","6","0.25","0.1875","0.25","0.125","0.10887074683495994","0.038176543007959585","-0.0625","-0.125","{""baseline_win"":6,""candidate_win"":2}","{""baseline_win"":6,""candidate_win"":1,""tick_cap_draw"":1}","{""all"":{""n"":8,""min"":5872,""median"":7652,""p90"":9032,""max"":9032,""mean"":7503.75},""W"":{""n"":2,""min"":7652,""median"":8351,""p90"":8351,""max"":8351,""mean"":8001.5},""D"":null,""L"":{""n"":6,""min"":5872,""median"":7619,""p90"":9032,""max"":9032,""mean"":7337.833333333333}}","{""all"":{""n"":8,""min"":5662,""median"":7226,""p90"":24000,""max"":24000,""mean"":9580.75},""W"":{""n"":1,""min"":9637,""median"":9637,""p90"":9637,""max"":9637,""mean"":9637},""D"":{""n"":1,""min"":24000,""median"":24000,""p90"":24000,""max"":24000,""mean"":24000},""L"":{""n"":6,""min"":5662,""median"":7197,""p90"":9922,""max"":9922,""mean"":7168.166666666667}}"
"unbounded_minus_v2","v6","strata","ra2web_advanced__hfo-bvb","8","separated_lanes_v2","separated_lanes_unbounded_d1","1","4","3","3","2","3","0.375","0.5","0.125","0.375","0.038176543007959585","0.19535795103474965","0.125","0.25","{""baseline_win"":3,""candidate_win"":1,""tick_cap_draw"":4}","{""baseline_win"":3,""candidate_win"":3,""tick_cap_draw"":2}","{""all"":{""n"":8,""min"":18136,""median"":24000,""p90"":24000,""max"":24000,""mean"":22215.125},""W"":{""n"":1,""min"":18136,""median"":18136,""p90"":18136,""max"":18136,""mean"":18136},""D"":{""n"":4,""min"":24000,""median"":24000,""p90"":24000,""max"":24000,""mean"":24000},""L"":{""n"":3,""min"":19771,""median"":20308,""p90"":23506,""max"":23506,""mean"":21195}}","{""all"":{""n"":8,""min"":8997,""median"":14401,""p90"":24000,""max"":24000,""mean"":15335.25},""W"":{""n"":3,""min"":8997,""median"":9916,""p90"":10053,""max"":10053,""mean"":9655.333333333334},""D"":{""n"":2,""min"":24000,""median"":24000,""p90"":24000,""max"":24000,""mean"":24000},""L"":{""n"":3,""min"":14390,""median"":14401,""p90"":16925,""max"":16925,""mean"":15238.666666666666}}"
"unbounded_minus_v2","v6","strata","ra2web_advanced__hfo-corners","8","separated_lanes_v2","separated_lanes_unbounded_d1","1","5","2","2","4","2","0.4375","0.5","0.125","0.25","0.038176543007959585","0.10887074683495994","0.0625","0.125","{""baseline_win"":2,""candidate_win"":1,""tick_cap_draw"":5}","{""baseline_win"":2,""candidate_win"":2,""tick_cap_draw"":4}","{""all"":{""n"":8,""min"":15843,""median"":24000,""p90"":24000,""max"":24000,""mean"":21866.125},""W"":{""n"":1,""min"":15843,""median"":15843,""p90"":15843,""max"":15843,""mean"":15843},""D"":{""n"":5,""min"":24000,""median"":24000,""p90"":24000,""max"":24000,""mean"":24000},""L"":{""n"":2,""min"":19356,""median"":19730,""p90"":19730,""max"":19730,""mean"":19543}}","{""all"":{""n"":8,""min"":12085,""median"":24000,""p90"":24000,""max"":24000,""mean"":18814.75},""W"":{""n"":2,""min"":12214,""median"":16972,""p90"":16972,""max"":16972,""mean"":14593},""D"":{""n"":4,""min"":24000,""median"":24000,""p90"":24000,""max"":24000,""mean"":24000},""L"":{""n"":2,""min"":12085,""median"":13247,""p90"":13247,""max"":13247,""mean"":12666}}"
"unbounded_minus_v2","v6","strata","ra2web_advanced__hfo-corners-b","8","separated_lanes_v2","separated_lanes_unbounded_d1","2","6","0","2","5","1","0.625","0.5625","0.25","0.25","0.10887074683495994","0.10887074683495994","-0.0625","0","{""candidate_win"":2,""tick_cap_draw"":6}","{""baseline_win"":1,""candidate_win"":2,""tick_cap_draw"":5}","{""all"":{""n"":8,""min"":7474,""median"":24000,""p90"":24000,""max"":24000,""mean"":19910.5},""W"":{""n"":2,""min"":7474,""median"":7810,""p90"":7810,""max"":7810,""mean"":7642},""D"":{""n"":6,""min"":24000,""median"":24000,""p90"":24000,""max"":24000,""mean"":24000},""L"":null}","{""all"":{""n"":8,""min"":10960,""median"":24000,""p90"":24000,""max"":24000,""mean"":21808.25},""W"":{""n"":2,""min"":10960,""median"":19949,""p90"":19949,""max"":19949,""mean"":15454.5},""D"":{""n"":5,""min"":24000,""median"":24000,""p90"":24000,""max"":24000,""mean"":24000},""L"":{""n"":1,""min"":23557,""median"":23557,""p90"":23557,""max"":23557,""mean"":23557}}"
"unbounded_minus_v2","v6","strata","ra2web_advanced__hfo-corners-b-golden","8","separated_lanes_v2","separated_lanes_unbounded_d1","1","3","4","2","4","2","0.3125","0.5","0.125","0.25","0.038176543007959585","0.10887074683495994","0.1875","0.125","{""baseline_win"":4,""candidate_win"":1,""tick_cap_draw"":3}","{""baseline_win"":2,""candidate_win"":2,""tick_cap_draw"":4}","{""all"":{""n"":8,""min"":10344,""median"":23512,""p90"":24000,""max"":24000,""mean"":21097.5},""W"":{""n"":1,""min"":10344,""median"":10344,""p90"":10344,""max"":10344,""mean"":10344},""D"":{""n"":3,""min"":24000,""median"":24000,""p90"":24000,""max"":24000,""mean"":24000},""L"":{""n"":4,""min"":19409,""median"":23350,""p90"":23512,""max"":23512,""mean"":21609}}","{""all"":{""n"":8,""min"":11362,""median"":24000,""p90"":24000,""max"":24000,""mean"":20495.125},""W"":{""n"":2,""min"":11362,""median"":13054,""p90"":13054,""max"":13054,""mean"":12208},""D"":{""n"":4,""min"":24000,""median"":24000,""p90"":24000,""max"":24000,""mean"":24000},""L"":{""n"":2,""min"":20021,""median"":23524,""p90"":23524,""max"":23524,""mean"":21772.5}}"
"unbounded_minus_v2","v6","strata","ra2web_advanced__hfo-golden","8","separated_lanes_v2","separated_lanes_unbounded_d1","2","3","3","4","3","1","0.4375","0.6875","0.25","0.5","0.10887074683495994","0.2936454286357453","0.25","0.25","{""baseline_win"":3,""candidate_win"":2,""tick_cap_draw"":3}","{""baseline_win"":1,""candidate_win"":4,""tick_cap_draw"":3}","{""all"":{""n"":8,""min"":13881,""median"":18761,""p90"":24000,""max"":24000,""mean"":19227.25},""W"":{""n"":2,""min"":15004,""median"":15442,""p90"":15442,""max"":15442,""mean"":15223},""D"":{""n"":3,""min"":24000,""median"":24000,""p90"":24000,""max"":24000,""mean"":24000},""L"":{""n"":3,""min"":13881,""median"":18730,""p90"":18761,""max"":18761,""mean"":17124}}","{""all"":{""n"":8,""min"":8338,""median"":20707,""p90"":24000,""max"":24000,""mean"":18563.5},""W"":{""n"":4,""min"":8338,""median"":16336,""p90"":20707,""max"":20707,""mean"":14276.25},""D"":{""n"":3,""min"":24000,""median"":24000,""p90"":24000,""max"":24000,""mean"":24000},""L"":{""n"":1,""min"":19403,""median"":19403,""p90"":19403,""max"":19403,""mean"":19403}}"
"unbounded_minus_v2","v6","strata","ra2web_advanced__hfo-le","8","separated_lanes_v2","separated_lanes_unbounded_d1","2","4","2","2","2","4","0.5","0.375","0.25","0.25","0.10887074683495994","0.10887074683495994","-0.125","0","{""baseline_win"":2,""candidate_win"":2,""tick_cap_draw"":4}","{""baseline_win"":4,""candidate_win"":2,""tick_cap_draw"":2}","{""all"":{""n"":8,""min"":19009,""median"":24000,""p90"":24000,""max"":24000,""mean"":22522.25},""W"":{""n"":2,""min"":19009,""median"":20217,""p90"":20217,""max"":20217,""mean"":19613},""D"":{""n"":4,""min"":24000,""median"":24000,""p90"":24000,""max"":24000,""mean"":24000},""L"":{""n"":2,""min"":21856,""median"":23096,""p90"":23096,""max"":23096,""mean"":22476}}","{""all"":{""n"":8,""min"":18795,""median"":21544,""p90"":24000,""max"":24000,""mean"":21694.875},""W"":{""n"":2,""min"":18795,""median"":20464,""p90"":20464,""max"":20464,""mean"":19629.5},""D"":{""n"":2,""min"":24000,""median"":24000,""p90"":24000,""max"":24000,""mean"":24000},""L"":{""n"":4,""min"":21409,""median"":21544,""p90"":21850,""max"":21850,""mean"":21575}}"
"unbounded_minus_v2","v6","strata","ra2web_advanced__hfo-lvl","8","separated_lanes_v2","separated_lanes_unbounded_d1","2","4","2","2","3","3","0.5","0.4375","0.25","0.25","0.10887074683495994","0.10887074683495994","-0.0625","0","{""baseline_win"":2,""candidate_win"":2,""tick_cap_draw"":4}","{""baseline_win"":3,""candidate_win"":2,""tick_cap_draw"":3}","{""all"":{""n"":8,""min"":17007,""median"":24000,""p90"":24000,""max"":24000,""mean"":21292.5},""W"":{""n"":2,""min"":18627,""median"":20660,""p90"":20660,""max"":20660,""mean"":19643.5},""D"":{""n"":4,""min"":24000,""median"":24000,""p90"":24000,""max"":24000,""mean"":24000},""L"":{""n"":2,""min"":17007,""median"":18046,""p90"":18046,""max"":18046,""mean"":17526.5}}","{""all"":{""n"":8,""min"":18648,""median"":23870,""p90"":24000,""max"":24000,""mean"":22219.25},""W"":{""n"":2,""min"":18648,""median"":20277,""p90"":20277,""max"":20277,""mean"":19462.5},""D"":{""n"":3,""min"":24000,""median"":24000,""p90"":24000,""max"":24000,""mean"":24000},""L"":{""n"":3,""min"":20400,""median"":22559,""p90"":23870,""max"":23870,""mean"":22276.333333333332}}"
"unbounded_minus_v2","v6","strata","ra2web_advanced__hfo-original","8","separated_lanes_v2","separated_lanes_unbounded_d1","2","3","3","4","2","2","0.4375","0.625","0.25","0.5","0.10887074683495994","0.2936454286357453","0.1875","0.25","{""baseline_win"":3,""candidate_win"":2,""tick_cap_draw"":3}","{""baseline_win"":2,""candidate_win"":4,""tick_cap_draw"":2}","{""all"":{""n"":8,""min"":11535,""median"":22643,""p90"":24000,""max"":24000,""mean"":19374.875},""W"":{""n"":2,""min"":11535,""median"":19232,""p90"":19232,""max"":19232,""mean"":15383.5},""D"":{""n"":3,""min"":24000,""median"":24000,""p90"":24000,""max"":24000,""mean"":24000},""L"":{""n"":3,""min"":11566,""median"":18023,""p90"":22643,""max"":22643,""mean"":17410.666666666668}}","{""all"":{""n"":8,""min"":10292,""median"":19776,""p90"":24000,""max"":24000,""mean"":18089.625},""W"":{""n"":4,""min"":10292,""median"":13660,""p90"":19941,""max"":19941,""mean"":14323.5},""D"":{""n"":2,""min"":24000,""median"":24000,""p90"":24000,""max"":24000,""mean"":24000},""L"":{""n"":2,""min"":19647,""median"":19776,""p90"":19776,""max"":19776,""mean"":19711.5}}"
"unbounded_minus_v2","v6","strata","ra2web_advanced__hfo-rvr","8","separated_lanes_v2","separated_lanes_unbounded_d1","0","6","2","0","5","3","0.375","0.3125","0","0","0","0","-0.0625","0","{""baseline_win"":2,""tick_cap_draw"":6}","{""baseline_win"":3,""tick_cap_draw"":5}","{""all"":{""n"":8,""min"":13032,""median"":24000,""p90"":24000,""max"":24000,""mean"":22527.875},""W"":null,""D"":{""n"":6,""min"":24000,""median"":24000,""p90"":24000,""max"":24000,""mean"":24000},""L"":{""n"":2,""min"":13032,""median"":23191,""p90"":23191,""max"":23191,""mean"":18111.5}}","{""all"":{""n"":8,""min"":13032,""median"":24000,""p90"":24000,""max"":24000,""mean"":22086.875},""W"":null,""D"":{""n"":5,""min"":24000,""median"":24000,""p90"":24000,""max"":24000,""mean"":24000},""L"":{""n"":3,""min"":13032,""median"":21134,""p90"":22529,""max"":22529,""mean"":18898.333333333332}}"
"unbounded_minus_v2","v6","strata","ra2web_advanced__hfo-tvt","8","separated_lanes_v2","separated_lanes_unbounded_d1","2","4","2","6","2","0","0.5","0.875","0.25","0.75","0.10887074683495994","0.5237063285891094","0.375","0.5","{""baseline_win"":2,""candidate_win"":2,""tick_cap_draw"":4}","{""candidate_win"":6,""tick_cap_draw"":2}","{""all"":{""n"":8,""min"":11440,""median"":24000,""p90"":24000,""max"":24000,""mean"":20417.375},""W"":{""n"":2,""min"":11440,""median"":17944,""p90"":17944,""max"":17944,""mean"":14692},""D"":{""n"":4,""min"":24000,""median"":24000,""p90"":24000,""max"":24000,""mean"":24000},""L"":{""n"":2,""min"":18003,""median"":19952,""p90"":19952,""max"":19952,""mean"":18977.5}}","{""all"":{""n"":8,""min"":6527,""median"":11938,""p90"":24000,""max"":24000,""mean"":12665.375},""W"":{""n"":6,""min"":6527,""median"":7974,""p90"":12598,""max"":12598,""mean"":8887.166666666666},""D"":{""n"":2,""min"":24000,""median"":24000,""p90"":24000,""max"":24000,""mean"":24000},""L"":null}"
"unbounded_minus_v2","v6","maps","hfo-bvb","16","separated_lanes_v2","separated_lanes_unbounded_d1","4","4","8","6","4","6","0.375","0.5","0.25","0.375","0.13912211071126457","0.23846779627509276","0.125","0.125","{""baseline_win"":8,""candidate_win"":4,""tick_cap_draw"":4}","{""baseline_win"":6,""candidate_win"":6,""tick_cap_draw"":4}","{""all"":{""n"":16,""min"":11556,""median"":19771,""p90"":24000,""max"":24000,""mean"":18644.5},""W"":{""n"":4,""min"":11556,""median"":16510,""p90"":18136,""max"":18136,""mean"":15082.5},""D"":{""n"":4,""min"":24000,""median"":24000,""p90"":24000,""max"":24000,""mean"":24000},""L"":{""n"":8,""min"":11726,""median"":19771,""p90"":23506,""max"":23506,""mean"":17747.75}}","{""all"":{""n"":16,""min"":8997,""median"":14392,""p90"":24000,""max"":24000,""mean"":15396.9375},""W"":{""n"":6,""min"":8997,""median"":10053,""p90"":14392,""max"":14392,""mean"":10657.833333333334},""D"":{""n"":4,""min"":24000,""median"":24000,""p90"":24000,""max"":24000,""mean"":24000},""L"":{""n"":6,""min"":10175,""median"":14401,""p90"":18831,""max"":18831,""mean"":14400.666666666666}}"
"unbounded_minus_v2","v6","maps","hfo-corners","16","separated_lanes_v2","separated_lanes_unbounded_d1","3","10","3","5","6","5","0.5","0.5","0.1875","0.3125","0.09400111552644326","0.18745912692965838","0","0.125","{""baseline_win"":3,""candidate_win"":3,""tick_cap_draw"":10}","{""baseline_win"":5,""candidate_win"":5,""tick_cap_draw"":6}","{""all"":{""n"":16,""min"":7663,""median"":24000,""p90"":24000,""max"":24000,""mean"":21019.125},""W"":{""n"":3,""min"":13580,""median"":15843,""p90"":20134,""max"":20134,""mean"":16519},""D"":{""n"":10,""min"":24000,""median"":24000,""p90"":24000,""max"":24000,""mean"":24000},""L"":{""n"":3,""min"":7663,""median"":19356,""p90"":19730,""max"":19730,""mean"":15583}}","{""all"":{""n"":16,""min"":7006,""median"":20249,""p90"":24000,""max"":24000,""mean"":17163.6875},""W"":{""n"":5,""min"":11488,""median"":16972,""p90"":21114,""max"":21114,""mean"":16407.4},""D"":{""n"":6,""min"":24000,""median"":24000,""p90"":24000,""max"":24000,""mean"":24000},""L"":{""n"":5,""min"":7006,""median"":8326,""p90"":13247,""max"":13247,""mean"":9716.4}}"
"unbounded_minus_v2","v6","maps","hfo-corners-b","16","separated_lanes_v2","separated_lanes_unbounded_d1","3","11","2","5","7","4","0.53125","0.53125","0.1875","0.3125","0.09400111552644326","0.18745912692965838","0","0.125","{""baseline_win"":2,""candidate_win"":3,""tick_cap_draw"":11}","{""baseline_win"":4,""candidate_win"":5,""tick_cap_draw"":7}","{""all"":{""n"":16,""min"":6538,""median"":24000,""p90"":24000,""max"":24000,""mean"":19176},""W"":{""n"":3,""min"":7474,""median"":7810,""p90"":13376,""max"":13376,""mean"":9553.333333333334},""D"":{""n"":11,""min"":24000,""median"":24000,""p90"":24000,""max"":24000,""mean"":24000},""L"":{""n"":2,""min"":6538,""median"":7618,""p90"":7618,""max"":7618,""mean"":7078}}","{""all"":{""n"":16,""min"":6562,""median"":23557,""p90"":24000,""max"":24000,""mean"":18583.25},""W"":{""n"":5,""min"":8194,""median"":11374,""p90"":19949,""max"":19949,""mean"":13624.2},""D"":{""n"":7,""min"":24000,""median"":24000,""p90"":24000,""max"":24000,""mean"":24000},""L"":{""n"":4,""min"":6562,""median"":23474,""p90"":23557,""max"":23557,""mean"":15302.75}}"
"unbounded_minus_v2","v6","maps","hfo-corners-b-golden","16","separated_lanes_v2","separated_lanes_unbounded_d1","3","4","9","6","6","4","0.3125","0.5625","0.1875","0.375","0.09400111552644326","0.23846779627509276","0.25","0.1875","{""baseline_win"":9,""candidate_win"":3,""tick_cap_draw"":4}","{""baseline_win"":4,""candidate_win"":6,""tick_cap_draw"":6}","{""all"":{""n"":16,""min"":6730,""median"":20165,""p90"":24000,""max"":24000,""mean"":17761.5625},""W"":{""n"":3,""min"":10344,""median"":11146,""p90"":20015,""max"":20015,""mean"":13835},""D"":{""n"":4,""min"":24000,""median"":24000,""p90"":24000,""max"":24000,""mean"":24000},""L"":{""n"":9,""min"":6730,""median"":19409,""p90"":23512,""max"":23512,""mean"":16297.777777777777}}","{""all"":{""n"":16,""min"":6454,""median"":20021,""p90"":24000,""max"":24000,""mean"":16289.25},""W"":{""n"":6,""min"":7264,""median"":10485,""p90"":13054,""max"":13054,""mean"":9744},""D"":{""n"":6,""min"":24000,""median"":24000,""p90"":24000,""max"":24000,""mean"":24000},""L"":{""n"":4,""min"":6454,""median"":20021,""p90"":23524,""max"":23524,""mean"":14541}}"
"unbounded_minus_v2","v6","maps","hfo-golden","16","separated_lanes_v2","separated_lanes_unbounded_d1","5","5","6","7","5","4","0.46875","0.59375","0.3125","0.4375","0.18745912692965838","0.29184763573272116","0.125","0.125","{""baseline_win"":6,""candidate_win"":5,""tick_cap_draw"":5}","{""baseline_win"":4,""candidate_win"":7,""tick_cap_draw"":5}","{""all"":{""n"":16,""min"":7330,""median"":15442,""p90"":24000,""max"":24000,""mean"":16561.75},""W"":{""n"":5,""min"":9575,""median"":13577,""p90"":15442,""max"":15442,""mean"":13217.6},""D"":{""n"":5,""min"":24000,""median"":24000,""p90"":24000,""max"":24000,""mean"":24000},""L"":{""n"":6,""min"":7330,""median"":13881,""p90"":18761,""max"":18761,""mean"":13150}}","{""all"":{""n"":16,""min"":7330,""median"":17625,""p90"":24000,""max"":24000,""mean"":16569.875},""W"":{""n"":7,""min"":8338,""median"":11844,""p90"":20707,""max"":20707,""mean"":13048.57142857143},""D"":{""n"":5,""min"":24000,""median"":24000,""p90"":24000,""max"":24000,""mean"":24000},""L"":{""n"":4,""min"":7330,""median"":17625,""p90"":19403,""max"":19403,""mean"":13444.5}}"
"unbounded_minus_v2","v6","maps","hfo-le","16","separated_lanes_v2","separated_lanes_unbounded_d1","4","8","4","5","5","6","0.5","0.46875","0.25","0.3125","0.13912211071126457","0.18745912692965838","-0.03125","0.0625","{""baseline_win"":4,""candidate_win"":4,""tick_cap_draw"":8}","{""baseline_win"":6,""candidate_win"":5,""tick_cap_draw"":5}","{""all"":{""n"":16,""min"":8092,""median"":24000,""p90"":24000,""max"":24000,""mean"":20128.3125},""W"":{""n"":4,""min"":14459,""median"":19009,""p90"":20217,""max"":20217,""mean"":17211.25},""D"":{""n"":8,""min"":24000,""median"":24000,""p90"":24000,""max"":24000,""mean"":24000},""L"":{""n"":4,""min"":8092,""median"":21856,""p90"":23096,""max"":23096,""mean"":15302}}","{""all"":{""n"":16,""min"":7420,""median"":21497,""p90"":24000,""max"":24000,""mean"":18381.4375},""W"":{""n"":5,""min"":9586,""median"":13165,""p90"":20464,""max"":20464,""mean"":14582.6},""D"":{""n"":5,""min"":24000,""median"":24000,""p90"":24000,""max"":24000,""mean"":24000},""L"":{""n"":6,""min"":7420,""median"":21497,""p90"":21850,""max"":21850,""mean"":16865}}"
"unbounded_minus_v2","v6","maps","hfo-lvl","16","separated_lanes_v2","separated_lanes_unbounded_d1","6","5","5","5","4","7","0.53125","0.4375","0.375","0.3125","0.23846779627509276","0.18745912692965838","-0.09375","-0.0625","{""baseline_win"":5,""candidate_win"":6,""tick_cap_draw"":5}","{""baseline_win"":7,""candidate_win"":5,""tick_cap_draw"":4}","{""all"":{""n"":16,""min"":8044,""median"":20107,""p90"":24000,""max"":24000,""mean"":19146.25},""W"":{""n"":6,""min"":18627,""median"":20107,""p90"":20660,""max"":20660,""mean"":19924.166666666668},""D"":{""n"":5,""min"":24000,""median"":24000,""p90"":24000,""max"":24000,""mean"":24000},""L"":{""n"":5,""min"":8044,""median"":14780,""p90"":18046,""max"":18046,""mean"":13359}}","{""all"":{""n"":16,""min"":8104,""median"":21483,""p90"":24000,""max"":24000,""mean"":19801.625},""W"":{""n"":5,""min"":14396,""median"":20029,""p90"":20277,""max"":20277,""mean"":18700.6},""D"":{""n"":4,""min"":24000,""median"":24000,""p90"":24000,""max"":24000,""mean"":24000},""L"":{""n"":7,""min"":8104,""median"":21483,""p90"":23870,""max"":23870,""mean"":18189}}"
"unbounded_minus_v2","v6","maps","hfo-original","16","separated_lanes_v2","separated_lanes_unbounded_d1","4","6","6","7","4","5","0.4375","0.5625","0.25","0.4375","0.13912211071126457","0.29184763573272116","0.125","0.1875","{""baseline_win"":6,""candidate_win"":4,""tick_cap_draw"":6}","{""baseline_win"":5,""candidate_win"":7,""tick_cap_draw"":4}","{""all"":{""n"":16,""min"":7582,""median"":22249,""p90"":24000,""max"":24000,""mean"":18306.1875},""W"":{""n"":4,""min"":9717,""median"":19232,""p90"":22249,""max"":22249,""mean"":15683.25},""D"":{""n"":6,""min"":24000,""median"":24000,""p90"":24000,""max"":24000,""mean"":24000},""L"":{""n"":6,""min"":7582,""median"":14561,""p90"":22643,""max"":22643,""mean"":14361}}","{""all"":{""n"":16,""min"":7582,""median"":13660,""p90"":24000,""max"":24000,""mean"":15847},""W"":{""n"":7,""min"":9910,""median"":10958,""p90"":19941,""max"":19941,""mean"":12630.57142857143},""D"":{""n"":4,""min"":24000,""median"":24000,""p90"":24000,""max"":24000,""mean"":24000},""L"":{""n"":5,""min"":7582,""median"":12087,""p90"":19776,""max"":19776,""mean"":13827.6}}"
"unbounded_minus_v2","v6","maps","hfo-rvr","16","separated_lanes_v2","separated_lanes_unbounded_d1","1","12","3","2","10","4","0.4375","0.4375","0.0625","0.125","0.01888694640528186","0.053135703142265844","0","0.0625","{""baseline_win"":3,""candidate_win"":1,""tick_cap_draw"":12}","{""baseline_win"":4,""candidate_win"":2,""tick_cap_draw"":10}","{""all"":{""n"":16,""min"":13032,""median"":24000,""p90"":24000,""max"":24000,""mean"":22641.6875},""W"":{""n"":1,""min"":18450,""median"":18450,""p90"":18450,""max"":18450,""mean"":18450},""D"":{""n"":12,""min"":24000,""median"":24000,""p90"":24000,""max"":24000,""mean"":24000},""L"":{""n"":3,""min"":13032,""median"":19594,""p90"":23191,""max"":23191,""mean"":18605.666666666668}}","{""all"":{""n"":16,""min"":12464,""median"":24000,""p90"":24000,""max"":24000,""mean"":21871.4375},""W"":{""n"":2,""min"":12464,""median"":21190,""p90"":21190,""max"":21190,""mean"":16827},""D"":{""n"":10,""min"":24000,""median"":24000,""p90"":24000,""max"":24000,""mean"":24000},""L"":{""n"":4,""min"":13032,""median"":21134,""p90"":22529,""max"":22529,""mean"":19072.25}}"
"unbounded_minus_v2","v6","maps","hfo-tvt","16","separated_lanes_v2","separated_lanes_unbounded_d1","5","9","2","9","7","0","0.59375","0.78125","0.3125","0.5625","0.18745912692965838","0.40521106136564305","0.1875","0.25","{""baseline_win"":2,""candidate_win"":5,""tick_cap_draw"":9}","{""candidate_win"":9,""tick_cap_draw"":7}","{""all"":{""n"":16,""min"":6718,""median"":24000,""p90"":24000,""max"":24000,""mean"":20708.625},""W"":{""n"":5,""min"":6718,""median"":17944,""p90"":20756,""max"":20756,""mean"":15476.6},""D"":{""n"":9,""min"":24000,""median"":24000,""p90"":24000,""max"":24000,""mean"":24000},""L"":{""n"":2,""min"":18003,""median"":19952,""p90"":19952,""max"":19952,""mean"":18977.5}}","{""all"":{""n"":16,""min"":6527,""median"":12598,""p90"":24000,""max"":24000,""mean"":15615.6875},""W"":{""n"":9,""min"":6527,""median"":7974,""p90"":12598,""max"":12598,""mean"":9094.555555555555},""D"":{""n"":7,""min"":24000,""median"":24000,""p90"":24000,""max"":24000,""mean"":24000},""L"":null}"
"unbounded_minus_v2","v6","maps","pacific-heights","8","separated_lanes_v2","separated_lanes_unbounded_d1","4","2","2","6","2","0","0.625","0.875","0.5","0.75","0.2936454286357453","0.5237063285891094","0.25","0.25","{""baseline_win"":2,""candidate_win"":4,""tick_cap_draw"":2}","{""candidate_win"":6,""tick_cap_draw"":2}","{""all"":{""n"":8,""min"":9045,""median"":16698,""p90"":24000,""max"":24000,""mean"":15652.875},""W"":{""n"":4,""min"":9507,""median"":16698,""p90"":18411,""max"":18411,""mean"":13772},""D"":{""n"":2,""min"":24000,""median"":24000,""p90"":24000,""max"":24000,""mean"":24000},""L"":{""n"":2,""min"":9045,""median"":13090,""p90"":13090,""max"":13090,""mean"":11067.5}}","{""all"":{""n"":8,""min"":9449,""median"":10163,""p90"":24000,""max"":24000,""mean"":14338.125},""W"":{""n"":6,""min"":9449,""median"":9880,""p90"":17560,""max"":17560,""mean"":11117.5},""D"":{""n"":2,""min"":24000,""median"":24000,""p90"":24000,""max"":24000,""mean"":24000},""L"":null}"
"unbounded_minus_v2","v6","maps","peak","8","separated_lanes_v2","separated_lanes_unbounded_d1","5","3","0","3","4","1","0.8125","0.625","0.625","0.375","0.4027757419118244","0.19535795103474965","-0.1875","-0.25","{""candidate_win"":5,""tick_cap_draw"":3}","{""baseline_win"":1,""candidate_win"":3,""tick_cap_draw"":4}","{""all"":{""n"":8,""min"":8420,""median"":18713,""p90"":24000,""max"":24000,""mean"":16284.125},""W"":{""n"":5,""min"":8420,""median"":10078,""p90"":18713,""max"":18713,""mean"":11654.6},""D"":{""n"":3,""min"":24000,""median"":24000,""p90"":24000,""max"":24000,""mean"":24000},""L"":null}","{""all"":{""n"":8,""min"":9441,""median"":24000,""p90"":24000,""max"":24000,""mean"":18585.5},""W"":{""n"":3,""min"":9441,""median"":9458,""p90"":11520,""max"":11520,""mean"":10139.666666666666},""D"":{""n"":4,""min"":24000,""median"":24000,""p90"":24000,""max"":24000,""mean"":24000},""L"":{""n"":1,""min"":22265,""median"":22265,""p90"":22265,""max"":22265,""mean"":22265}}"
"unbounded_minus_v2","v6","maps","south-pacific","8","separated_lanes_v2","separated_lanes_unbounded_d1","0","6","2","0","6","2","0.375","0.375","0","0","0","0","0","0","{""baseline_win"":2,""engine_nonliteral_termination_draw"":1,""tick_cap_draw"":5}","{""baseline_win"":2,""engine_nonliteral_termination_draw"":1,""tick_cap_draw"":5}","{""all"":{""n"":8,""min"":9438,""median"":24000,""p90"":24000,""max"":24000,""mean"":19763.75},""W"":null,""D"":{""n"":6,""min"":17832,""median"":24000,""p90"":24000,""max"":24000,""mean"":22972},""L"":{""n"":2,""min"":9438,""median"":10840,""p90"":10840,""max"":10840,""mean"":10139}}","{""all"":{""n"":8,""min"":9438,""median"":24000,""p90"":24000,""max"":24000,""mean"":19763.75},""W"":null,""D"":{""n"":6,""min"":17832,""median"":24000,""p90"":24000,""max"":24000,""mean"":22972},""L"":{""n"":2,""min"":9438,""median"":10840,""p90"":10840,""max"":10840,""mean"":10139}}"
"unbounded_minus_v2","v6","maps","south-pacific-2","8","separated_lanes_v2","separated_lanes_unbounded_d1","0","7","1","1","5","2","0.4375","0.4375","0","0.125","0","0.038176543007959585","0","0.125","{""baseline_win"":1,""tick_cap_draw"":7}","{""baseline_win"":2,""candidate_win"":1,""tick_cap_draw"":5}","{""all"":{""n"":8,""min"":18235,""median"":24000,""p90"":24000,""max"":24000,""mean"":23279.375},""W"":null,""D"":{""n"":7,""min"":24000,""median"":24000,""p90"":24000,""max"":24000,""mean"":24000},""L"":{""n"":1,""min"":18235,""median"":18235,""p90"":18235,""max"":18235,""mean"":18235}}","{""all"":{""n"":8,""min"":13501,""median"":24000,""p90"":24000,""max"":24000,""mean"":21661.625},""W"":{""n"":1,""min"":22157,""median"":22157,""p90"":22157,""max"":22157,""mean"":22157},""D"":{""n"":5,""min"":24000,""median"":24000,""p90"":24000,""max"":24000,""mean"":24000},""L"":{""n"":2,""min"":13501,""median"":17635,""p90"":17635,""max"":17635,""mean"":15568}}"
"unbounded_minus_v2","v6","maps","tour-of-egypt","8","separated_lanes_v2","separated_lanes_unbounded_d1","2","0","6","1","1","6","0.25","0.1875","0.25","0.125","0.10887074683495994","0.038176543007959585","-0.0625","-0.125","{""baseline_win"":6,""candidate_win"":2}","{""baseline_win"":6,""candidate_win"":1,""tick_cap_draw"":1}","{""all"":{""n"":8,""min"":5872,""median"":7652,""p90"":9032,""max"":9032,""mean"":7503.75},""W"":{""n"":2,""min"":7652,""median"":8351,""p90"":8351,""max"":8351,""mean"":8001.5},""D"":null,""L"":{""n"":6,""min"":5872,""median"":7619,""p90"":9032,""max"":9032,""mean"":7337.833333333333}}","{""all"":{""n"":8,""min"":5662,""median"":7226,""p90"":24000,""max"":24000,""mean"":9580.75},""W"":{""n"":1,""min"":9637,""median"":9637,""p90"":9637,""max"":9637,""mean"":9637},""D"":{""n"":1,""min"":24000,""median"":24000,""p90"":24000,""max"":24000,""mean"":24000},""L"":{""n"":6,""min"":5662,""median"":7197,""p90"":9922,""max"":9922,""mean"":7168.166666666667}}"
"unbounded_minus_v2","v6","countries","Africans","100","separated_lanes_v2","separated_lanes_unbounded_d1","21","61","18","29","56","15","0.515","0.57","0.21","0.29","0.16269909652925027","0.23561331862811485","0.055","0.08","{""baseline_win"":18,""candidate_win"":21,""tick_cap_draw"":61}","{""baseline_win"":15,""candidate_win"":29,""tick_cap_draw"":56}","{""all"":{""n"":100,""min"":7652,""median"":24000,""p90"":24000,""max"":24000,""mean"":19765.28},""W"":{""n"":21,""min"":7652,""median"":11544,""p90"":20217,""max"":20525,""mean"":13267.142857142857},""D"":{""n"":61,""min"":24000,""median"":24000,""p90"":24000,""max"":24000,""mean"":24000},""L"":{""n"":18,""min"":8310,""median"":11888,""p90"":20286,""max"":23506,""mean"":12995.444444444445}}","{""all"":{""n"":100,""min"":7076,""median"":24000,""p90"":24000,""max"":24000,""mean"":19121.87},""W"":{""n"":29,""min"":7110,""median"":10773,""p90"":20464,""max"":21190,""mean"":12209.931034482759},""D"":{""n"":56,""min"":24000,""median"":24000,""p90"":24000,""max"":24000,""mean"":24000},""L"":{""n"":15,""min"":7076,""median"":10840,""p90"":23474,""max"":23870,""mean"":14273.266666666666}}"
"unbounded_minus_v2","v6","countries","Americans","100","separated_lanes_v2","separated_lanes_unbounded_d1","28","31","41","39","20","41","0.435","0.49","0.28","0.39","0.22636950148279011","0.3297513459561159","0.055","0.11","{""baseline_win"":41,""candidate_win"":28,""engine_nonliteral_termination_draw"":1,""tick_cap_draw"":30}","{""baseline_win"":41,""candidate_win"":39,""engine_nonliteral_termination_draw"":1,""tick_cap_draw"":19}","{""all"":{""n"":100,""min"":5872,""median"":19594,""p90"":24000,""max"":24000,""mean"":17888.47},""W"":{""n"":28,""min"":6718,""median"":16698,""p90"":20660,""max"":22249,""mean"":15851.785714285714},""D"":{""n"":31,""min"":17832,""median"":24000,""p90"":24000,""max"":24000,""mean"":23801.032258064515},""L"":{""n"":41,""min"":5872,""median"":18003,""p90"":22643,""max"":23512,""mean"":14808.90243902439}}","{""all"":{""n"":100,""min"":5662,""median"":14401,""p90"":24000,""max"":24000,""mean"":15675.74},""W"":{""n"":39,""min"":6527,""median"":11938,""p90"":20153,""max"":22157,""mean"":13053.179487179486},""D"":{""n"":20,""min"":17832,""median"":24000,""p90"":24000,""max"":24000,""mean"":23691.6},""L"":{""n"":41,""min"":5662,""median"":13501,""p90"":21850,""max"":23557,""mean"":14260.19512195122}}"
"unbounded_minus_v2","v6","factions","Allied","100","separated_lanes_v2","separated_lanes_unbounded_d1","28","31","41","39","20","41","0.435","0.49","0.28","0.39","0.22636950148279011","0.3297513459561159","0.055","0.11","{""baseline_win"":41,""candidate_win"":28,""engine_nonliteral_termination_draw"":1,""tick_cap_draw"":30}","{""baseline_win"":41,""candidate_win"":39,""engine_nonliteral_termination_draw"":1,""tick_cap_draw"":19}","{""all"":{""n"":100,""min"":5872,""median"":19594,""p90"":24000,""max"":24000,""mean"":17888.47},""W"":{""n"":28,""min"":6718,""median"":16698,""p90"":20660,""max"":22249,""mean"":15851.785714285714},""D"":{""n"":31,""min"":17832,""median"":24000,""p90"":24000,""max"":24000,""mean"":23801.032258064515},""L"":{""n"":41,""min"":5872,""median"":18003,""p90"":22643,""max"":23512,""mean"":14808.90243902439}}","{""all"":{""n"":100,""min"":5662,""median"":14401,""p90"":24000,""max"":24000,""mean"":15675.74},""W"":{""n"":39,""min"":6527,""median"":11938,""p90"":20153,""max"":22157,""mean"":13053.179487179486},""D"":{""n"":20,""min"":17832,""median"":24000,""p90"":24000,""max"":24000,""mean"":23691.6},""L"":{""n"":41,""min"":5662,""median"":13501,""p90"":21850,""max"":23557,""mean"":14260.19512195122}}"
"unbounded_minus_v2","v6","factions","Soviet","100","separated_lanes_v2","separated_lanes_unbounded_d1","21","61","18","29","56","15","0.515","0.57","0.21","0.29","0.16269909652925027","0.23561331862811485","0.055","0.08","{""baseline_win"":18,""candidate_win"":21,""tick_cap_draw"":61}","{""baseline_win"":15,""candidate_win"":29,""tick_cap_draw"":56}","{""all"":{""n"":100,""min"":7652,""median"":24000,""p90"":24000,""max"":24000,""mean"":19765.28},""W"":{""n"":21,""min"":7652,""median"":11544,""p90"":20217,""max"":20525,""mean"":13267.142857142857},""D"":{""n"":61,""min"":24000,""median"":24000,""p90"":24000,""max"":24000,""mean"":24000},""L"":{""n"":18,""min"":8310,""median"":11888,""p90"":20286,""max"":23506,""mean"":12995.444444444445}}","{""all"":{""n"":100,""min"":7076,""median"":24000,""p90"":24000,""max"":24000,""mean"":19121.87},""W"":{""n"":29,""min"":7110,""median"":10773,""p90"":20464,""max"":21190,""mean"":12209.931034482759},""D"":{""n"":56,""min"":24000,""median"":24000,""p90"":24000,""max"":24000,""mean"":24000},""L"":{""n"":15,""min"":7076,""median"":10840,""p90"":23474,""max"":23870,""mean"":14273.266666666666}}"
"unbounded_minus_v2","v6","slots","0","100","separated_lanes_v2","separated_lanes_unbounded_d1","21","44","35","32","38","30","0.43","0.51","0.21","0.32","0.16269909652925027","0.26354084363358415","0.08","0.11","{""baseline_win"":35,""candidate_win"":21,""engine_nonliteral_termination_draw"":1,""tick_cap_draw"":43}","{""baseline_win"":30,""candidate_win"":32,""engine_nonliteral_termination_draw"":1,""tick_cap_draw"":37}","{""all"":{""n"":100,""min"":5938,""median"":20286,""p90"":24000,""max"":24000,""mean"":18256},""W"":{""n"":21,""min"":7810,""median"":13577,""p90"":19009,""max"":22249,""mean"":14140.857142857143},""D"":{""n"":44,""min"":17832,""median"":24000,""p90"":24000,""max"":24000,""mean"":23859.81818181818},""L"":{""n"":35,""min"":5938,""median"":13090,""p90"":20537,""max"":23191,""mean"":13680.285714285714}}","{""all"":{""n"":100,""min"":6454,""median"":18795,""p90"":24000,""max"":24000,""mean"":16970.09},""W"":{""n"":32,""min"":6527,""median"":11520,""p90"":18795,""max"":21114,""mean"":12500.84375},""D"":{""n"":38,""min"":17832,""median"":24000,""p90"":24000,""max"":24000,""mean"":23837.684210526317},""L"":{""n"":30,""min"":6454,""median"":9922,""p90"":22559,""max"":23870,""mean"":13038.333333333334}}"
"unbounded_minus_v2","v6","slots","1","100","separated_lanes_v2","separated_lanes_unbounded_d1","28","48","24","36","38","26","0.52","0.55","0.28","0.36","0.22636950148279011","0.30120478533854633","0.03","0.08","{""baseline_win"":24,""candidate_win"":28,""tick_cap_draw"":48}","{""baseline_win"":26,""candidate_win"":36,""tick_cap_draw"":38}","{""all"":{""n"":100,""min"":5872,""median"":23506,""p90"":24000,""max"":24000,""mean"":19397.75},""W"":{""n"":28,""min"":6718,""median"":15843,""p90"":20525,""max"":20756,""mean"":15196.5},""D"":{""n"":48,""min"":24000,""median"":24000,""p90"":24000,""max"":24000,""mean"":24000},""L"":{""n"":24,""min"":5872,""median"":17510,""p90"":23350,""max"":23512,""mean"":15094.708333333334}}","{""all"":{""n"":100,""min"":5662,""median"":20400,""p90"":24000,""max"":24000,""mean"":17827.52},""W"":{""n"":36,""min"":6718,""median"":11374,""p90"":20464,""max"":22157,""mean"":12864.861111111111},""D"":{""n"":38,""min"":24000,""median"":24000,""p90"":24000,""max"":24000,""mean"":24000},""L"":{""n"":26,""min"":5662,""median"":17625,""p90"":22265,""max"":23557,""mean"":15677.576923076924}}"
"unbounded_minus_v2","v6","directions","0","100","separated_lanes_v2","separated_lanes_unbounded_d1","20","42","38","27","37","36","0.41","0.455","0.2","0.27","0.15377073858613402","0.21716003386651903","0.045","0.07","{""baseline_win"":38,""candidate_win"":20,""engine_nonliteral_termination_draw"":1,""tick_cap_draw"":41}","{""baseline_win"":36,""candidate_win"":27,""engine_nonliteral_termination_draw"":1,""tick_cap_draw"":36}","{""all"":{""n"":100,""min"":5872,""median"":20015,""p90"":24000,""max"":24000,""mean"":18411.46},""W"":{""n"":20,""min"":6718,""median"":13580,""p90"":20015,""max"":20217,""mean"":13635.4},""D"":{""n"":42,""min"":17832,""median"":24000,""p90"":24000,""max"":24000,""mean"":23853.14285714286},""L"":{""n"":38,""min"":5872,""median"":17007,""p90"":22643,""max"":23512,""mean"":14910.684210526315}}","{""all"":{""n"":100,""min"":5926,""median"":20249,""p90"":24000,""max"":24000,""mean"":17422.71},""W"":{""n"":27,""min"":6527,""median"":9856,""p90"":20249,""max"":21114,""mean"":11536},""D"":{""n"":37,""min"":17832,""median"":24000,""p90"":24000,""max"":24000,""mean"":23833.297297297297},""L"":{""n"":36,""min"":5926,""median"":17625,""p90"":23474,""max"":23870,""mean"":15249.083333333334}}"
"unbounded_minus_v2","v6","directions","1","100","separated_lanes_v2","separated_lanes_unbounded_d1","29","50","21","41","39","20","0.54","0.605","0.29","0.41","0.23561331862811485","0.3489176798835327","0.065","0.12","{""baseline_win"":21,""candidate_win"":29,""tick_cap_draw"":50}","{""baseline_win"":20,""candidate_win"":41,""tick_cap_draw"":39}","{""all"":{""n"":100,""min"":5938,""median"":24000,""p90"":24000,""max"":24000,""mean"":19242.29},""W"":{""n"":29,""min"":7652,""median"":15442,""p90"":20660,""max"":22249,""mean"":15508.689655172413},""D"":{""n"":50,""min"":24000,""median"":24000,""p90"":24000,""max"":24000,""mean"":24000},""L"":{""n"":21,""min"":5938,""median"":11888,""p90"":20286,""max"":23350,""mean"":13070.333333333334}}","{""all"":{""n"":100,""min"":5662,""median"":19941,""p90"":24000,""max"":24000,""mean"":17374.9},""W"":{""n"":41,""min"":8997,""median"":12002,""p90"":20153,""max"":22157,""mean"":13455.853658536585},""D"":{""n"":39,""min"":24000,""median"":24000,""p90"":24000,""max"":24000,""mean"":24000},""L"":{""n"":20,""min"":5662,""median"":10175,""p90"":21544,""max"":22265,""mean"":12490}}"
"unbounded_minus_v2","v6","countryDirection","Africans/0","50","separated_lanes_v2","separated_lanes_unbounded_d1","11","29","10","15","27","8","0.51","0.57","0.22","0.3","0.1544960365752851","0.22439073162097423","0.06","0.08","{""baseline_win"":10,""candidate_win"":11,""tick_cap_draw"":29}","{""baseline_win"":8,""candidate_win"":15,""tick_cap_draw"":27}","{""all"":{""n"":50,""min"":8776,""median"":24000,""p90"":24000,""max"":24000,""mean"":19349.66},""W"":{""n"":11,""min"":9518,""median"":11556,""p90"":19009,""max"":20217,""mean"":13061.90909090909},""D"":{""n"":29,""min"":24000,""median"":24000,""p90"":24000,""max"":24000,""mean"":24000},""L"":{""n"":10,""min"":8776,""median"":11566,""p90"":23506,""max"":23506,""mean"":12780.2}}","{""all"":{""n"":50,""min"":7076,""median"":24000,""p90"":24000,""max"":24000,""mean"":19290.16},""W"":{""n"":15,""min"":7110,""median"":10773,""p90"":20464,""max"":21114,""mean"":12742.733333333334},""D"":{""n"":27,""min"":24000,""median"":24000,""p90"":24000,""max"":24000,""mean"":24000},""L"":{""n"":8,""min"":7076,""median"":21483,""p90"":23870,""max"":23870,""mean"":15670.875}}"
"unbounded_minus_v2","v6","countryDirection","Africans/1","50","separated_lanes_v2","separated_lanes_unbounded_d1","10","32","8","14","29","7","0.52","0.57","0.2","0.28","0.13757222802510888","0.20661997331532897","0.05","0.08","{""baseline_win"":8,""candidate_win"":10,""tick_cap_draw"":32}","{""baseline_win"":7,""candidate_win"":14,""tick_cap_draw"":29}","{""all"":{""n"":50,""min"":7652,""median"":24000,""p90"":24000,""max"":24000,""mean"":20180.9},""W"":{""n"":10,""min"":7652,""median"":11544,""p90"":20525,""max"":20525,""mean"":13492.9},""D"":{""n"":32,""min"":24000,""median"":24000,""p90"":24000,""max"":24000,""mean"":24000},""L"":{""n"":8,""min"":8310,""median"":13164,""p90"":20286,""max"":20286,""mean"":13264.5}}","{""all"":{""n"":50,""min"":7918,""median"":24000,""p90"":24000,""max"":24000,""mean"":18953.58},""W"":{""n"":14,""min"":8997,""median"":10903,""p90"":14396,""max"":21190,""mean"":11639.07142857143},""D"":{""n"":29,""min"":24000,""median"":24000,""p90"":24000,""max"":24000,""mean"":24000},""L"":{""n"":7,""min"":7918,""median"":10046,""p90"":22265,""max"":22265,""mean"":12676}}"
"unbounded_minus_v2","v6","countryDirection","Americans/0","50","separated_lanes_v2","separated_lanes_unbounded_d1","9","13","28","12","10","28","0.31","0.34","0.18","0.24","0.12091169981100518","0.17165796405478714","0.03","0.06","{""baseline_win"":28,""candidate_win"":9,""engine_nonliteral_termination_draw"":1,""tick_cap_draw"":12}","{""baseline_win"":28,""candidate_win"":12,""engine_nonliteral_termination_draw"":1,""tick_cap_draw"":9}","{""all"":{""n"":50,""min"":5872,""median"":19356,""p90"":24000,""max"":24000,""mean"":17473.26},""W"":{""n"":9,""min"":6718,""median"":16698,""p90"":20015,""max"":20015,""mean"":14336.333333333334},""D"":{""n"":13,""min"":17832,""median"":24000,""p90"":24000,""max"":24000,""mean"":23525.53846153846},""L"":{""n"":28,""min"":5872,""median"":18235,""p90"":22643,""max"":23512,""mean"":15671.57142857143}}","{""all"":{""n"":50,""min"":5926,""median"":17625,""p90"":24000,""max"":24000,""mean"":15555.26},""W"":{""n"":12,""min"":6527,""median"":9856,""p90"":14392,""max"":20029,""mean"":10027.583333333334},""D"":{""n"":10,""min"":17832,""median"":24000,""p90"":24000,""max"":24000,""mean"":23383.2},""L"":{""n"":28,""min"":5926,""median"":17625,""p90"":22559,""max"":23557,""mean"":15128.57142857143}}"
"unbounded_minus_v2","v6","countryDirection","Americans/1","50","separated_lanes_v2","separated_lanes_unbounded_d1","19","18","13","27","10","13","0.56","0.64","0.38","0.54","0.2971715799541635","0.4498378141830464","0.08","0.16","{""baseline_win"":13,""candidate_win"":19,""tick_cap_draw"":18}","{""baseline_win"":13,""candidate_win"":27,""tick_cap_draw"":10}","{""all"":{""n"":50,""min"":5938,""median"":20134,""p90"":24000,""max"":24000,""mean"":18303.68},""W"":{""n"":19,""min"":11146,""median"":15843,""p90"":20756,""max"":22249,""mean"":16569.63157894737},""D"":{""n"":18,""min"":24000,""median"":24000,""p90"":24000,""max"":24000,""mean"":24000},""L"":{""n"":13,""min"":5938,""median"":11726,""p90"":23096,""max"":23350,""mean"":12950.846153846154}}","{""all"":{""n"":50,""min"":5662,""median"":14401,""p90"":24000,""max"":24000,""mean"":15796.22},""W"":{""n"":27,""min"":9544,""median"":12847,""p90"":20277,""max"":22157,""mean"":14397.888888888889},""D"":{""n"":10,""min"":24000,""median"":24000,""p90"":24000,""max"":24000,""mean"":24000},""L"":{""n"":13,""min"":5662,""median"":10175,""p90"":21497,""max"":21544,""mean"":12389.846153846154}}"
"unbounded_minus_v2","v6","opponentCountry","pinned_supalosa/Africans","60","separated_lanes_v2","separated_lanes_unbounded_d1","17","28","15","20","26","14","0.5166666666666667","0.55","0.2833333333333333","0.3333333333333333","0.2153263396944523","0.2606991787230655","0.03333333333333333","0.05","{""baseline_win"":15,""candidate_win"":17,""tick_cap_draw"":28}","{""baseline_win"":14,""candidate_win"":20,""tick_cap_draw"":26}","{""all"":{""n"":60,""min"":7652,""median"":20426,""p90"":24000,""max"":24000,""mean"":17801.016666666666},""W"":{""n"":17,""min"":7652,""median"":10472,""p90"":20426,""max"":20525,""mean"":12417.411764705883},""D"":{""n"":28,""min"":24000,""median"":24000,""p90"":24000,""max"":24000,""mean"":24000},""L"":{""n"":15,""min"":8310,""median"":11791,""p90"":17510,""max"":20286,""mean"":12331}}","{""all"":{""n"":60,""min"":7076,""median"":21483,""p90"":24000,""max"":24000,""mean"":17671.75},""W"":{""n"":20,""min"":8077,""median"":10903,""p90"":21114,""max"":21190,""mean"":12303.8},""D"":{""n"":26,""min"":24000,""median"":24000,""p90"":24000,""max"":24000,""mean"":24000},""L"":{""n"":14,""min"":7076,""median"":10840,""p90"":22265,""max"":23474,""mean"":13587.785714285714}}"
"unbounded_minus_v2","v6","opponentCountry","pinned_supalosa/Americans","60","separated_lanes_v2","separated_lanes_unbounded_d1","17","22","21","21","18","21","0.4666666666666667","0.5","0.2833333333333333","0.35","0.2153263396944523","0.2760389222825774","0.03333333333333333","0.06666666666666667","{""baseline_win"":21,""candidate_win"":17,""engine_nonliteral_termination_draw"":1,""tick_cap_draw"":21}","{""baseline_win"":21,""candidate_win"":21,""engine_nonliteral_termination_draw"":1,""tick_cap_draw"":17}","{""all"":{""n"":60,""min"":5872,""median"":18713,""p90"":24000,""max"":24000,""mean"":16895.05},""W"":{""n"":17,""min"":6718,""median"":18411,""p90"":20756,""max"":22249,""mean"":16626.29411764706},""D"":{""n"":22,""min"":17832,""median"":24000,""p90"":24000,""max"":24000,""mean"":23719.636363636364},""L"":{""n"":21,""min"":5872,""median"":7684,""p90"":18235,""max"":20537,""mean"":9963.047619047618}}","{""all"":{""n"":60,""min"":5662,""median"":12464,""p90"":24000,""max"":24000,""mean"":14754.55},""W"":{""n"":21,""min"":6718,""median"":10485,""p90"":20029,""max"":22157,""mean"":12271.57142857143},""D"":{""n"":18,""min"":17832,""median"":24000,""p90"":24000,""max"":24000,""mean"":23657.333333333332},""L"":{""n"":21,""min"":5662,""median"":7618,""p90"":17625,""max"":19594,""mean"":9606.57142857143}}"
"unbounded_minus_v2","v6","opponentCountry","ra2web_advanced/Africans","40","separated_lanes_v2","separated_lanes_unbounded_d1","4","33","3","9","30","1","0.5125","0.6","0.1","0.225","0.05414418101779652","0.15220998483534723","0.0875","0.125","{""baseline_win"":3,""candidate_win"":4,""tick_cap_draw"":33}","{""baseline_win"":1,""candidate_win"":9,""tick_cap_draw"":30}","{""all"":{""n"":40,""min"":10344,""median"":24000,""p90"":24000,""max"":24000,""mean"":22711.675},""W"":{""n"":4,""min"":10344,""median"":19009,""p90"":20217,""max"":20217,""mean"":16878.5},""D"":{""n"":33,""min"":24000,""median"":24000,""p90"":24000,""max"":24000,""mean"":24000},""L"":{""n"":3,""min"":11566,""median"":13881,""p90"":23506,""max"":23506,""mean"":16317.666666666666}}","{""all"":{""n"":40,""min"":7110,""median"":24000,""p90"":24000,""max"":24000,""mean"":21297.05},""W"":{""n"":9,""min"":7110,""median"":10292,""p90"":20464,""max"":20464,""mean"":12001.333333333334},""D"":{""n"":30,""min"":24000,""median"":24000,""p90"":24000,""max"":24000,""mean"":24000},""L"":{""n"":1,""min"":23870,""median"":23870,""p90"":23870,""max"":23870,""mean"":23870}}"
"unbounded_minus_v2","v6","opponentCountry","ra2web_advanced/Americans","40","separated_lanes_v2","separated_lanes_unbounded_d1","11","9","20","18","2","20","0.3875","0.475","0.275","0.45","0.19475556972393063","0.3531525483026235","0.0875","0.175","{""baseline_win"":20,""candidate_win"":11,""tick_cap_draw"":9}","{""baseline_win"":20,""candidate_win"":18,""tick_cap_draw"":2}","{""all"":{""n"":40,""min"":7474,""median"":19771,""p90"":24000,""max"":24000,""mean"":19378.6},""W"":{""n"":11,""min"":7474,""median"":15442,""p90"":19232,""max"":20660,""mean"":14654.818181818182},""D"":{""n"":9,""min"":24000,""median"":24000,""p90"":24000,""max"":24000,""mean"":24000},""L"":{""n"":20,""min"":13032,""median"":19771,""p90"":23350,""max"":23512,""mean"":19897.05}}","{""all"":{""n"":40,""min"":6527,""median"":19403,""p90"":23524,""max"":24000,""mean"":17057.525},""W"":{""n"":18,""min"":6527,""median"":13054,""p90"":20277,""max"":20707,""mean"":13965.055555555555},""D"":{""n"":2,""min"":24000,""median"":24000,""p90"":24000,""max"":24000,""mean"":24000},""L"":{""n"":20,""min"":12085,""median"":20400,""p90"":23524,""max"":23557,""mean"":19146.5}}"
"unbounded_minus_v2","v6","opponentFaction","pinned_supalosa/Allied","60","separated_lanes_v2","separated_lanes_unbounded_d1","17","22","21","21","18","21","0.4666666666666667","0.5","0.2833333333333333","0.35","0.2153263396944523","0.2760389222825774","0.03333333333333333","0.06666666666666667","{""baseline_win"":21,""candidate_win"":17,""engine_nonliteral_termination_draw"":1,""tick_cap_draw"":21}","{""baseline_win"":21,""candidate_win"":21,""engine_nonliteral_termination_draw"":1,""tick_cap_draw"":17}","{""all"":{""n"":60,""min"":5872,""median"":18713,""p90"":24000,""max"":24000,""mean"":16895.05},""W"":{""n"":17,""min"":6718,""median"":18411,""p90"":20756,""max"":22249,""mean"":16626.29411764706},""D"":{""n"":22,""min"":17832,""median"":24000,""p90"":24000,""max"":24000,""mean"":23719.636363636364},""L"":{""n"":21,""min"":5872,""median"":7684,""p90"":18235,""max"":20537,""mean"":9963.047619047618}}","{""all"":{""n"":60,""min"":5662,""median"":12464,""p90"":24000,""max"":24000,""mean"":14754.55},""W"":{""n"":21,""min"":6718,""median"":10485,""p90"":20029,""max"":22157,""mean"":12271.57142857143},""D"":{""n"":18,""min"":17832,""median"":24000,""p90"":24000,""max"":24000,""mean"":23657.333333333332},""L"":{""n"":21,""min"":5662,""median"":7618,""p90"":17625,""max"":19594,""mean"":9606.57142857143}}"
"unbounded_minus_v2","v6","opponentFaction","pinned_supalosa/Soviet","60","separated_lanes_v2","separated_lanes_unbounded_d1","17","28","15","20","26","14","0.5166666666666667","0.55","0.2833333333333333","0.3333333333333333","0.2153263396944523","0.2606991787230655","0.03333333333333333","0.05","{""baseline_win"":15,""candidate_win"":17,""tick_cap_draw"":28}","{""baseline_win"":14,""candidate_win"":20,""tick_cap_draw"":26}","{""all"":{""n"":60,""min"":7652,""median"":20426,""p90"":24000,""max"":24000,""mean"":17801.016666666666},""W"":{""n"":17,""min"":7652,""median"":10472,""p90"":20426,""max"":20525,""mean"":12417.411764705883},""D"":{""n"":28,""min"":24000,""median"":24000,""p90"":24000,""max"":24000,""mean"":24000},""L"":{""n"":15,""min"":8310,""median"":11791,""p90"":17510,""max"":20286,""mean"":12331}}","{""all"":{""n"":60,""min"":7076,""median"":21483,""p90"":24000,""max"":24000,""mean"":17671.75},""W"":{""n"":20,""min"":8077,""median"":10903,""p90"":21114,""max"":21190,""mean"":12303.8},""D"":{""n"":26,""min"":24000,""median"":24000,""p90"":24000,""max"":24000,""mean"":24000},""L"":{""n"":14,""min"":7076,""median"":10840,""p90"":22265,""max"":23474,""mean"":13587.785714285714}}"
"unbounded_minus_v2","v6","opponentFaction","ra2web_advanced/Allied","40","separated_lanes_v2","separated_lanes_unbounded_d1","11","9","20","18","2","20","0.3875","0.475","0.275","0.45","0.19475556972393063","0.3531525483026235","0.0875","0.175","{""baseline_win"":20,""candidate_win"":11,""tick_cap_draw"":9}","{""baseline_win"":20,""candidate_win"":18,""tick_cap_draw"":2}","{""all"":{""n"":40,""min"":7474,""median"":19771,""p90"":24000,""max"":24000,""mean"":19378.6},""W"":{""n"":11,""min"":7474,""median"":15442,""p90"":19232,""max"":20660,""mean"":14654.818181818182},""D"":{""n"":9,""min"":24000,""median"":24000,""p90"":24000,""max"":24000,""mean"":24000},""L"":{""n"":20,""min"":13032,""median"":19771,""p90"":23350,""max"":23512,""mean"":19897.05}}","{""all"":{""n"":40,""min"":6527,""median"":19403,""p90"":23524,""max"":24000,""mean"":17057.525},""W"":{""n"":18,""min"":6527,""median"":13054,""p90"":20277,""max"":20707,""mean"":13965.055555555555},""D"":{""n"":2,""min"":24000,""median"":24000,""p90"":24000,""max"":24000,""mean"":24000},""L"":{""n"":20,""min"":12085,""median"":20400,""p90"":23524,""max"":23557,""mean"":19146.5}}"
"unbounded_minus_v2","v6","opponentFaction","ra2web_advanced/Soviet","40","separated_lanes_v2","separated_lanes_unbounded_d1","4","33","3","9","30","1","0.5125","0.6","0.1","0.225","0.05414418101779652","0.15220998483534723","0.0875","0.125","{""baseline_win"":3,""candidate_win"":4,""tick_cap_draw"":33}","{""baseline_win"":1,""candidate_win"":9,""tick_cap_draw"":30}","{""all"":{""n"":40,""min"":10344,""median"":24000,""p90"":24000,""max"":24000,""mean"":22711.675},""W"":{""n"":4,""min"":10344,""median"":19009,""p90"":20217,""max"":20217,""mean"":16878.5},""D"":{""n"":33,""min"":24000,""median"":24000,""p90"":24000,""max"":24000,""mean"":24000},""L"":{""n"":3,""min"":11566,""median"":13881,""p90"":23506,""max"":23506,""mean"":16317.666666666666}}","{""all"":{""n"":40,""min"":7110,""median"":24000,""p90"":24000,""max"":24000,""mean"":21297.05},""W"":{""n"":9,""min"":7110,""median"":10292,""p90"":20464,""max"":20464,""mean"":12001.333333333334},""D"":{""n"":30,""min"":24000,""median"":24000,""p90"":24000,""max"":24000,""mean"":24000},""L"":{""n"":1,""min"":23870,""median"":23870,""p90"":23870,""max"":23870,""mean"":23870}}"
"unbounded_minus_v2","v6","opponentSlot","pinned_supalosa/0","60","separated_lanes_v2","separated_lanes_unbounded_d1","13","23","24","17","22","21","0.4083333333333333","0.4666666666666667","0.21666666666666667","0.2833333333333333","0.15654739328841472","0.2153263396944523","0.058333333333333334","0.06666666666666667","{""baseline_win"":24,""candidate_win"":13,""engine_nonliteral_termination_draw"":1,""tick_cap_draw"":22}","{""baseline_win"":21,""candidate_win"":17,""engine_nonliteral_termination_draw"":1,""tick_cap_draw"":21}","{""all"":{""n"":60,""min"":5938,""median"":18411,""p90"":24000,""max"":24000,""mean"":16587.283333333333},""W"":{""n"":13,""min"":8351,""median"":13577,""p90"":20426,""max"":22249,""mean"":14201.153846153846},""D"":{""n"":23,""min"":17832,""median"":24000,""p90"":24000,""max"":24000,""mean"":23731.82608695652},""L"":{""n"":24,""min"":5938,""median"":9032,""p90"":19594,""max"":20537,""mean"":11032.916666666666}}","{""all"":{""n"":60,""min"":6454,""median"":12847,""p90"":24000,""max"":24000,""mean"":15611.566666666668},""W"":{""n"":17,""min"":8077,""median"":10958,""p90"":17644,""max"":21114,""mean"":12177.176470588236},""D"":{""n"":22,""min"":17832,""median"":24000,""p90"":24000,""max"":24000,""mean"":23719.636363636364},""L"":{""n"":21,""min"":6454,""median"":8104,""p90"":17635,""max"":21989,""mean"":9897.619047619048}}"
"unbounded_minus_v2","v6","opponentSlot","pinned_supalosa/1","60","separated_lanes_v2","separated_lanes_unbounded_d1","21","27","12","24","22","14","0.575","0.5833333333333334","0.35","0.4","0.2760389222825774","0.32265460101572435","0.008333333333333333","0.05","{""baseline_win"":12,""candidate_win"":21,""tick_cap_draw"":27}","{""baseline_win"":14,""candidate_win"":24,""tick_cap_draw"":22}","{""all"":{""n"":60,""min"":5872,""median"":20134,""p90"":24000,""max"":24000,""mean"":18108.783333333333},""W"":{""n"":21,""min"":6718,""median"":14128,""p90"":20134,""max"":20756,""mean"":14720.380952380952},""D"":{""n"":27,""min"":24000,""median"":24000,""p90"":24000,""max"":24000,""mean"":24000},""L"":{""n"":12,""min"":5872,""median"":9045,""p90"":17510,""max"":18235,""mean"":10783.25}}","{""all"":{""n"":60,""min"":5662,""median"":20029,""p90"":24000,""max"":24000,""mean"":16814.733333333334},""W"":{""n"":24,""min"":6718,""median"":10485,""p90"":20249,""max"":22157,""mean"":12365.291666666666},""D"":{""n"":22,""min"":24000,""median"":24000,""p90"":24000,""max"":24000,""mean"":24000},""L"":{""n"":14,""min"":5662,""median"":11682,""p90"":22265,""max"":23474,""mean"":13151.214285714286}}"
"unbounded_minus_v2","v6","opponentSlot","ra2web_advanced/0","40","separated_lanes_v2","separated_lanes_unbounded_d1","8","21","11","15","16","9","0.4625","0.575","0.2","0.375","0.13151765602069693","0.2836592844391007","0.1125","0.175","{""baseline_win"":11,""candidate_win"":8,""tick_cap_draw"":21}","{""baseline_win"":9,""candidate_win"":15,""tick_cap_draw"":16}","{""all"":{""n"":40,""min"":7810,""median"":24000,""p90"":24000,""max"":24000,""mean"":20759.075},""W"":{""n"":8,""min"":7810,""median"":15442,""p90"":19009,""max"":19009,""mean"":14042.875},""D"":{""n"":21,""min"":24000,""median"":24000,""p90"":24000,""max"":24000,""mean"":24000},""L"":{""n"":11,""min"":11566,""median"":19771,""p90"":22643,""max"":23191,""mean"":19456.363636363636}}","{""all"":{""n"":40,""min"":6527,""median"":22529,""p90"":24000,""max"":24000,""mean"":19007.875},""W"":{""n"":15,""min"":6527,""median"":11938,""p90"":19941,""max"":19949,""mean"":12867.666666666666},""D"":{""n"":16,""min"":24000,""median"":24000,""p90"":24000,""max"":24000,""mean"":24000},""L"":{""n"":9,""min"":13247,""median"":21850,""p90"":23870,""max"":23870,""mean"":20366.666666666668}}"
"unbounded_minus_v2","v6","opponentSlot","ra2web_advanced/1","40","separated_lanes_v2","separated_lanes_unbounded_d1","7","21","12","12","16","12","0.4375","0.5","0.175","0.3","0.11127749394260136","0.21653912471300574","0.0625","0.125","{""baseline_win"":12,""candidate_win"":7,""tick_cap_draw"":21}","{""baseline_win"":12,""candidate_win"":12,""tick_cap_draw"":16}","{""all"":{""n"":40,""min"":7474,""median"":24000,""p90"":24000,""max"":24000,""mean"":21331.2},""W"":{""n"":7,""min"":7474,""median"":17944,""p90"":20660,""max"":20660,""mean"":16624.85714285714},""D"":{""n"":21,""min"":24000,""median"":24000,""p90"":24000,""max"":24000,""mean"":24000},""L"":{""n"":12,""min"":13032,""median"":19356,""p90"":23506,""max"":23512,""mean"":19406.166666666668}}","{""all"":{""n"":40,""min"":7176,""median"":21134,""p90"":24000,""max"":24000,""mean"":19346.7},""W"":{""n"":12,""min"":7176,""median"":13401,""p90"":20464,""max"":20707,""mean"":13864},""D"":{""n"":16,""min"":24000,""median"":24000,""p90"":24000,""max"":24000,""mean"":24000},""L"":{""n"":12,""min"":12085,""median"":20021,""p90"":21497,""max"":23557,""mean"":18625}}"
"unbounded_minus_v2","v6","opponentDirection","pinned_supalosa/0","60","separated_lanes_v2","separated_lanes_unbounded_d1","14","27","19","18","22","20","0.4583333333333333","0.48333333333333334","0.23333333333333334","0.3","0.17103567360437824","0.230338385840729","0.025","0.06666666666666667","{""baseline_win"":19,""candidate_win"":14,""engine_nonliteral_termination_draw"":1,""tick_cap_draw"":26}","{""baseline_win"":20,""candidate_win"":18,""engine_nonliteral_termination_draw"":1,""tick_cap_draw"":21}","{""all"":{""n"":60,""min"":5872,""median"":19594,""p90"":24000,""max"":24000,""mean"":17294.066666666666},""W"":{""n"":14,""min"":6718,""median"":13580,""p90"":19637,""max"":20015,""mean"":13551.285714285714},""D"":{""n"":27,""min"":17832,""median"":24000,""p90"":24000,""max"":24000,""mean"":23771.555555555555},""L"":{""n"":19,""min"":5872,""median"":8918,""p90"":19594,""max"":20537,""mean"":10847.052631578947}}","{""all"":{""n"":60,""min"":5926,""median"":17644,""p90"":24000,""max"":24000,""mean"":16228.533333333333},""W"":{""n"":18,""min"":6718,""median"":10163,""p90"":20249,""max"":21114,""mean"":11900.666666666666},""D"":{""n"":22,""min"":17832,""median"":24000,""p90"":24000,""max"":24000,""mean"":23719.636363636364},""L"":{""n"":20,""min"":5926,""median"":8918,""p90"":21989,""max"":23474,""mean"":11883.4}}"
"unbounded_minus_v2","v6","opponentDirection","pinned_supalosa/1","60","separated_lanes_v2","separated_lanes_unbounded_d1","20","23","17","23","22","15","0.525","0.5666666666666667","0.3333333333333333","0.38333333333333336","0.2606991787230655","0.3070193885526255","0.041666666666666664","0.05","{""baseline_win"":17,""candidate_win"":20,""tick_cap_draw"":23}","{""baseline_win"":15,""candidate_win"":23,""tick_cap_draw"":22}","{""all"":{""n"":60,""min"":5938,""median"":20107,""p90"":24000,""max"":24000,""mean"":17402},""W"":{""n"":20,""min"":7652,""median"":15160,""p90"":20756,""max"":22249,""mean"":15201.25},""D"":{""n"":23,""min"":24000,""median"":24000,""p90"":24000,""max"":24000,""mean"":24000},""L"":{""n"":17,""min"":5938,""median"":11726,""p90"":17510,""max"":20286,""mean"":11064.411764705883}}","{""all"":{""n"":60,""min"":5662,""median"":13165,""p90"":24000,""max"":24000,""mean"":16197.766666666666},""W"":{""n"":23,""min"":9449,""median"":11374,""p90"":20153,""max"":22157,""mean"":12589.869565217392},""D"":{""n"":22,""min"":24000,""median"":24000,""p90"":24000,""max"":24000,""mean"":24000},""L"":{""n"":15,""min"":5662,""median"":9420,""p90"":18831,""max"":22265,""mean"":10286.6}}"
"unbounded_minus_v2","v6","opponentDirection","ra2web_advanced/0","40","separated_lanes_v2","separated_lanes_unbounded_d1","6","15","19","9","15","16","0.3375","0.4125","0.15","0.225","0.09156032424656435","0.15220998483534723","0.075","0.075","{""baseline_win"":19,""candidate_win"":6,""tick_cap_draw"":15}","{""baseline_win"":16,""candidate_win"":9,""tick_cap_draw"":15}","{""all"":{""n"":40,""min"":7474,""median"":21856,""p90"":24000,""max"":24000,""mean"":20087.55},""W"":{""n"":6,""min"":7474,""median"":18136,""p90"":20217,""max"":20217,""mean"":13831.666666666666},""D"":{""n"":15,""min"":24000,""median"":24000,""p90"":24000,""max"":24000,""mean"":24000},""L"":{""n"":19,""min"":11566,""median"":19356,""p90"":23506,""max"":23512,""mean"":18974.315789473683}}","{""all"":{""n"":40,""min"":6527,""median"":22529,""p90"":24000,""max"":24000,""mean"":19213.975},""W"":{""n"":9,""min"":6527,""median"":8338,""p90"":20464,""max"":20464,""mean"":10806.666666666666},""D"":{""n"":15,""min"":24000,""median"":24000,""p90"":24000,""max"":24000,""mean"":24000},""L"":{""n"":16,""min"":12085,""median"":20400,""p90"":23557,""max"":23870,""mean"":19456.1875}}"
"unbounded_minus_v2","v6","opponentDirection","ra2web_advanced/1","40","separated_lanes_v2","separated_lanes_unbounded_d1","9","27","4","18","17","5","0.5625","0.6625","0.225","0.45","0.15220998483534723","0.3531525483026235","0.1","0.225","{""baseline_win"":4,""candidate_win"":9,""tick_cap_draw"":27}","{""baseline_win"":5,""candidate_win"":18,""tick_cap_draw"":17}","{""all"":{""n"":40,""min"":11440,""median"":24000,""p90"":24000,""max"":24000,""mean"":22002.725},""W"":{""n"":9,""min"":11440,""median"":15843,""p90"":20660,""max"":20660,""mean"":16191.888888888889},""D"":{""n"":27,""min"":24000,""median"":24000,""p90"":24000,""max"":24000,""mean"":24000},""L"":{""n"":4,""min"":19771,""median"":23096,""p90"":23350,""max"":23350,""mean"":21595.5}}","{""all"":{""n"":40,""min"":8997,""median"":21134,""p90"":24000,""max"":24000,""mean"":19140.6},""W"":{""n"":18,""min"":8997,""median"":13401,""p90"":20277,""max"":20707,""mean"":14562.388888888889},""D"":{""n"":17,""min"":24000,""median"":24000,""p90"":24000,""max"":24000,""mean"":24000},""L"":{""n"":5,""min"":14401,""median"":21134,""p90"":21544,""max"":21544,""mean"":19100.2}}"
"unbounded_minus_v2","v6","opponentCountryDirection","pinned_supalosa/Africans/0","30","separated_lanes_v2","separated_lanes_unbounded_d1","8","15","7","11","12","7","0.5166666666666667","0.5666666666666667","0.26666666666666666","0.36666666666666664","0.17730429246164628","0.2635816922512699","0.05","0.1","{""baseline_win"":7,""candidate_win"":8,""tick_cap_draw"":15}","{""baseline_win"":7,""candidate_win"":11,""tick_cap_draw"":12}","{""all"":{""n"":30,""min"":8776,""median"":24000,""p90"":24000,""max"":24000,""mean"":17765.333333333332},""W"":{""n"":8,""min"":9518,""median"":11556,""p90"":16510,""max"":16510,""mean"":11763.875},""D"":{""n"":15,""min"":24000,""median"":24000,""p90"":24000,""max"":24000,""mean"":24000},""L"":{""n"":7,""min"":8776,""median"":9438,""p90"":16938,""max"":16938,""mean"":11264.142857142857}}","{""all"":{""n"":30,""min"":7076,""median"":21483,""p90"":24000,""max"":24000,""mean"":17569.766666666666},""W"":{""n"":11,""min"":8077,""median"":10773,""p90"":20249,""max"":21114,""mean"":12508.727272727272},""D"":{""n"":12,""min"":24000,""median"":24000,""p90"":24000,""max"":24000,""mean"":24000},""L"":{""n"":7,""min"":7076,""median"":10840,""p90"":23474,""max"":23474,""mean"":14499.57142857143}}"
"unbounded_minus_v2","v6","opponentCountryDirection","pinned_supalosa/Africans/1","30","separated_lanes_v2","separated_lanes_unbounded_d1","9","13","8","9","14","7","0.5166666666666667","0.5333333333333333","0.3","0.3","0.2054634616809264","0.2054634616809264","0.016666666666666666","0","{""baseline_win"":8,""candidate_win"":9,""tick_cap_draw"":13}","{""baseline_win"":7,""candidate_win"":9,""tick_cap_draw"":14}","{""all"":{""n"":30,""min"":7652,""median"":20426,""p90"":24000,""max"":24000,""mean"":17836.7},""W"":{""n"":9,""min"":7652,""median"":10472,""p90"":20525,""max"":20525,""mean"":12998.333333333334},""D"":{""n"":13,""min"":24000,""median"":24000,""p90"":24000,""max"":24000,""mean"":24000},""L"":{""n"":8,""min"":8310,""median"":13164,""p90"":20286,""max"":20286,""mean"":13264.5}}","{""all"":{""n"":30,""min"":7918,""median"":22265,""p90"":24000,""max"":24000,""mean"":17773.733333333334},""W"":{""n"":9,""min"":9449,""median"":10903,""p90"":21190,""max"":21190,""mean"":12053.333333333334},""D"":{""n"":14,""min"":24000,""median"":24000,""p90"":24000,""max"":24000,""mean"":24000},""L"":{""n"":7,""min"":7918,""median"":10046,""p90"":22265,""max"":22265,""mean"":12676}}"
"unbounded_minus_v2","v6","opponentCountryDirection","pinned_supalosa/Americans/0","30","separated_lanes_v2","separated_lanes_unbounded_d1","6","12","12","7","10","13","0.4","0.4","0.2","0.23333333333333334","0.12312049277120735","0.14982625883730233","0","0.03333333333333333","{""baseline_win"":12,""candidate_win"":6,""engine_nonliteral_termination_draw"":1,""tick_cap_draw"":11}","{""baseline_win"":13,""candidate_win"":7,""engine_nonliteral_termination_draw"":1,""tick_cap_draw"":9}","{""all"":{""n"":30,""min"":5872,""median"":19594,""p90"":24000,""max"":24000,""mean"":16822.8},""W"":{""n"":6,""min"":6718,""median"":18411,""p90"":20015,""max"":20015,""mean"":15934.5},""D"":{""n"":12,""min"":17832,""median"":24000,""p90"":24000,""max"":24000,""mean"":23486},""L"":{""n"":12,""min"":5872,""median"":8092,""p90"":19594,""max"":20537,""mean"":10603.75}}","{""all"":{""n"":30,""min"":5926,""median"":14392,""p90"":24000,""max"":24000,""mean"":14887.3},""W"":{""n"":7,""min"":6718,""median"":9856,""p90"":20029,""max"":20029,""mean"":10945.142857142857},""D"":{""n"":10,""min"":17832,""median"":24000,""p90"":24000,""max"":24000,""mean"":23383.2},""L"":{""n"":13,""min"":5926,""median"":7618,""p90"":17635,""max"":19594,""mean"":10474.692307692309}}"
"unbounded_minus_v2","v6","opponentCountryDirection","pinned_supalosa/Americans/1","30","separated_lanes_v2","separated_lanes_unbounded_d1","11","10","9","14","8","8","0.5333333333333333","0.6","0.36666666666666664","0.4666666666666667","0.2635816922512699","0.35472451679136535","0.06666666666666667","0.1","{""baseline_win"":9,""candidate_win"":11,""tick_cap_draw"":10}","{""baseline_win"":8,""candidate_win"":14,""tick_cap_draw"":8}","{""all"":{""n"":30,""min"":5938,""median"":18713,""p90"":24000,""max"":24000,""mean"":16967.3},""W"":{""n"":11,""min"":11146,""median"":18450,""p90"":20756,""max"":22249,""mean"":17003.636363636364},""D"":{""n"":10,""min"":24000,""median"":24000,""p90"":24000,""max"":24000,""mean"":24000},""L"":{""n"":9,""min"":5938,""median"":7663,""p90"":15460,""max"":15460,""mean"":9108.777777777777}}","{""all"":{""n"":30,""min"":5662,""median"":11682,""p90"":24000,""max"":24000,""mean"":14621.8},""W"":{""n"":14,""min"":9544,""median"":11488,""p90"":20153,""max"":22157,""mean"":12934.785714285714},""D"":{""n"":8,""min"":24000,""median"":24000,""p90"":24000,""max"":24000,""mean"":24000},""L"":{""n"":8,""min"":5662,""median"":8104,""p90"":11682,""max"":11682,""mean"":8195.875}}"
"unbounded_minus_v2","v6","opponentCountryDirection","ra2web_advanced/Africans/0","20","separated_lanes_v2","separated_lanes_unbounded_d1","3","14","3","4","15","1","0.5","0.575","0.15","0.2","0.07467301975322671","0.11024848763714991","0.075","0.05","{""baseline_win"":3,""candidate_win"":3,""tick_cap_draw"":14}","{""baseline_win"":1,""candidate_win"":4,""tick_cap_draw"":15}","{""all"":{""n"":20,""min"":10344,""median"":24000,""p90"":24000,""max"":24000,""mean"":21726.15},""W"":{""n"":3,""min"":10344,""median"":19009,""p90"":20217,""max"":20217,""mean"":16523.333333333332},""D"":{""n"":14,""min"":24000,""median"":24000,""p90"":24000,""max"":24000,""mean"":24000},""L"":{""n"":3,""min"":11566,""median"":13881,""p90"":23506,""max"":23506,""mean"":16317.666666666666}}","{""all"":{""n"":20,""min"":7110,""median"":24000,""p90"":24000,""max"":24000,""mean"":21870.75},""W"":{""n"":4,""min"":7110,""median"":18795,""p90"":20464,""max"":20464,""mean"":13386.25},""D"":{""n"":15,""min"":24000,""median"":24000,""p90"":24000,""max"":24000,""mean"":24000},""L"":{""n"":1,""min"":23870,""median"":23870,""p90"":23870,""max"":23870,""mean"":23870}}"
"unbounded_minus_v2","v6","opponentCountryDirection","ra2web_advanced/Africans/1","20","separated_lanes_v2","separated_lanes_unbounded_d1","1","19","0","5","15","0","0.525","0.625","0.05","0.25","0.015078196553383891","0.14818790611051605","0.1","0.2","{""candidate_win"":1,""tick_cap_draw"":19}","{""candidate_win"":5,""tick_cap_draw"":15}","{""all"":{""n"":20,""min"":17944,""median"":24000,""p90"":24000,""max"":24000,""mean"":23697.2},""W"":{""n"":1,""min"":17944,""median"":17944,""p90"":17944,""max"":17944,""mean"":17944},""D"":{""n"":19,""min"":24000,""median"":24000,""p90"":24000,""max"":24000,""mean"":24000},""L"":null}","{""all"":{""n"":20,""min"":8997,""median"":24000,""p90"":24000,""max"":24000,""mean"":20723.35},""W"":{""n"":5,""min"":8997,""median"":10292,""p90"":13401,""max"":13401,""mean"":10893.4},""D"":{""n"":15,""min"":24000,""median"":24000,""p90"":24000,""max"":24000,""mean"":24000},""L"":null}"
"unbounded_minus_v2","v6","opponentCountryDirection","ra2web_advanced/Americans/0","20","separated_lanes_v2","separated_lanes_unbounded_d1","3","1","16","5","0","15","0.175","0.25","0.15","0.25","0.07467301975322671","0.14818790611051605","0.075","0.1","{""baseline_win"":16,""candidate_win"":3,""tick_cap_draw"":1}","{""baseline_win"":15,""candidate_win"":5}","{""all"":{""n"":20,""min"":7474,""median"":19356,""p90"":23512,""max"":24000,""mean"":18448.95},""W"":{""n"":3,""min"":7474,""median"":7810,""p90"":18136,""max"":18136,""mean"":11140},""D"":{""n"":1,""min"":24000,""median"":24000,""p90"":24000,""max"":24000,""mean"":24000},""L"":{""n"":16,""min"":13032,""median"":19409,""p90"":23191,""max"":23512,""mean"":19472.4375}}","{""all"":{""n"":20,""min"":6527,""median"":19647,""p90"":23524,""max"":23557,""mean"":16557.2},""W"":{""n"":5,""min"":6527,""median"":8338,""p90"":10960,""max"":10960,""mean"":8743},""D"":null,""L"":{""n"":15,""min"":12085,""median"":20021,""p90"":23524,""max"":23557,""mean"":19161.933333333334}}"
"unbounded_minus_v2","v6","opponentCountryDirection","ra2web_advanced/Americans/1","20","separated_lanes_v2","separated_lanes_unbounded_d1","8","8","4","13","2","5","0.6","0.7","0.4","0.65","0.27242042011421685","0.5067311635134781","0.1","0.25","{""baseline_win"":4,""candidate_win"":8,""tick_cap_draw"":8}","{""baseline_win"":5,""candidate_win"":13,""tick_cap_draw"":2}","{""all"":{""n"":20,""min"":11440,""median"":23096,""p90"":24000,""max"":24000,""mean"":20308.25},""W"":{""n"":8,""min"":11440,""median"":15843,""p90"":20660,""max"":20660,""mean"":15972.875},""D"":{""n"":8,""min"":24000,""median"":24000,""p90"":24000,""max"":24000,""mean"":24000},""L"":{""n"":4,""min"":19771,""median"":23096,""p90"":23350,""max"":23350,""mean"":21595.5}}","{""all"":{""n"":20,""min"":11362,""median"":18648,""p90"":24000,""max"":24000,""mean"":17557.85},""W"":{""n"":13,""min"":11362,""median"":16336,""p90"":20277,""max"":20707,""mean"":15973.538461538461},""D"":{""n"":2,""min"":24000,""median"":24000,""p90"":24000,""max"":24000,""mean"":24000},""L"":{""n"":5,""min"":14401,""median"":21134,""p90"":21544,""max"":21544,""mean"":19100.2}}"
"unbounded_minus_v2","v5","populations","overall","200","separated_lanes_v2","separated_lanes_unbounded_d1","49","92","59","67","77","56","0.475","0.5275","0.245","0.335","0.20820625395670245","0.2937257870368636","0.0525","0.09","{""baseline_win"":59,""candidate_win"":49,""engine_nonliteral_termination_draw"":1,""tick_cap_draw"":91}","{""baseline_win"":56,""candidate_win"":67,""engine_nonliteral_termination_draw"":1,""tick_cap_draw"":76}","{""all"":{""n"":200,""min"":5872,""median"":20756,""p90"":24000,""max"":24000,""mean"":18826.875},""W"":{""n"":49,""min"":6718,""median"":15004,""p90"":20426,""max"":22249,""mean"":14744.081632653062},""D"":{""n"":92,""min"":17832,""median"":24000,""p90"":24000,""max"":24000,""mean"":23932.956521739132},""L"":{""n"":59,""min"":5872,""median"":13881,""p90"":22643,""max"":23512,""mean"":14255.64406779661}}","{""all"":{""n"":200,""min"":5662,""median"":20021,""p90"":24000,""max"":24000,""mean"":17408.02},""W"":{""n"":67,""min"":6527,""median"":11362,""p90"":20153,""max"":21190,""mean"":12552.313432835821},""D"":{""n"":77,""min"":17832,""median"":24000,""p90"":24000,""max"":24000,""mean"":23919.896103896102},""L"":{""n"":56,""min"":5662,""median"":13247,""p90"":22529,""max"":23870,""mean"":14263.69642857143}}"
"unbounded_minus_v2","v5","populations","supalosa","120","separated_lanes_v2","separated_lanes_unbounded_d1","34","50","36","40","45","35","0.49166666666666664","0.5208333333333334","0.2833333333333333","0.3333333333333333","0.233816863802125","0.2807617770806377","0.029166666666666667","0.05","{""baseline_win"":36,""candidate_win"":34,""engine_nonliteral_termination_draw"":1,""tick_cap_draw"":49}","{""baseline_win"":35,""candidate_win"":40,""engine_nonliteral_termination_draw"":1,""tick_cap_draw"":44}","{""all"":{""n"":120,""min"":5872,""median"":19637,""p90"":24000,""max"":24000,""mean"":17348.033333333333},""W"":{""n"":34,""min"":6718,""median"":14128,""p90"":20426,""max"":22249,""mean"":14521.85294117647},""D"":{""n"":50,""min"":17832,""median"":24000,""p90"":24000,""max"":24000,""mean"":23876.64},""L"":{""n"":36,""min"":5872,""median"":9032,""p90"":18235,""max"":20537,""mean"":10949.694444444445}}","{""all"":{""n"":120,""min"":5662,""median"":17560,""p90"":24000,""max"":24000,""mean"":16228.508333333333},""W"":{""n"":40,""min"":6718,""median"":10773,""p90"":20153,""max"":21190,""mean"":12040.55},""D"":{""n"":45,""min"":17832,""median"":24000,""p90"":24000,""max"":24000,""mean"":23862.933333333334},""L"":{""n"":35,""min"":5662,""median"":8918,""p90"":21483,""max"":23474,""mean"":11199.057142857142}}"
"unbounded_minus_v2","v5","populations","advanced","80","separated_lanes_v2","separated_lanes_unbounded_d1","15","42","23","27","32","21","0.45","0.5375","0.1875","0.3375","0.13807137109455367","0.2736224621247424","0.0875","0.15","{""baseline_win"":23,""candidate_win"":15,""tick_cap_draw"":42}","{""baseline_win"":21,""candidate_win"":27,""tick_cap_draw"":32}","{""all"":{""n"":80,""min"":7474,""median"":24000,""p90"":24000,""max"":24000,""mean"":21045.1375},""W"":{""n"":15,""min"":7474,""median"":15843,""p90"":20217,""max"":20660,""mean"":15247.8},""D"":{""n"":42,""min"":24000,""median"":24000,""p90"":24000,""max"":24000,""mean"":24000},""L"":{""n"":23,""min"":11566,""median"":19730,""p90"":23350,""max"":23512,""mean"":19430.17391304348}}","{""all"":{""n"":80,""min"":6527,""median"":21497,""p90"":24000,""max"":24000,""mean"":19177.2875},""W"":{""n"":27,""min"":6527,""median"":12214,""p90"":20277,""max"":20707,""mean"":13310.481481481482},""D"":{""n"":32,""min"":24000,""median"":24000,""p90"":24000,""max"":24000,""mean"":24000},""L"":{""n"":21,""min"":12085,""median"":20400,""p90"":23524,""max"":23870,""mean"":19371.428571428572}}"
"unbounded_minus_v2","v5","strata","pinned_supalosa__hfo-bvb","8","separated_lanes_v2","separated_lanes_unbounded_d1","3","0","5","3","2","3","0.375","0.5","0.375","0.375","0.19535795103474965","0.19535795103474965","0.125","0","{""baseline_win"":5,""candidate_win"":3}","{""baseline_win"":3,""candidate_win"":3,""tick_cap_draw"":2}","{""all"":{""n"":8,""min"":11556,""median"":15460,""p90"":20537,""max"":20537,""mean"":15073.875},""W"":{""n"":3,""min"":11556,""median"":14128,""p90"":16510,""max"":16510,""mean"":14064.666666666666},""D"":null,""L"":{""n"":5,""min"":11726,""median"":15460,""p90"":20537,""max"":20537,""mean"":15679.4}}","{""all"":{""n"":8,""min"":9816,""median"":14392,""p90"":24000,""max"":24000,""mean"":15458.625},""W"":{""n"":3,""min"":9816,""median"":10773,""p90"":14392,""max"":14392,""mean"":11660.333333333334},""D"":{""n"":2,""min"":24000,""median"":24000,""p90"":24000,""max"":24000,""mean"":24000},""L"":{""n"":3,""min"":10175,""median"":11682,""p90"":18831,""max"":18831,""mean"":13562.666666666666}}"
"unbounded_minus_v2","v5","strata","pinned_supalosa__hfo-corners","8","separated_lanes_v2","separated_lanes_unbounded_d1","2","5","1","3","2","3","0.5625","0.5","0.25","0.375","0.10887074683495994","0.19535795103474965","-0.0625","0.125","{""baseline_win"":1,""candidate_win"":2,""tick_cap_draw"":5}","{""baseline_win"":3,""candidate_win"":3,""tick_cap_draw"":2}","{""all"":{""n"":8,""min"":7663,""median"":24000,""p90"":24000,""max"":24000,""mean"":20172.125},""W"":{""n"":2,""min"":13580,""median"":20134,""p90"":20134,""max"":20134,""mean"":16857},""D"":{""n"":5,""min"":24000,""median"":24000,""p90"":24000,""max"":24000,""mean"":24000},""L"":{""n"":1,""min"":7663,""median"":7663,""p90"":7663,""max"":7663,""mean"":7663}}","{""all"":{""n"":8,""min"":7006,""median"":20249,""p90"":24000,""max"":24000,""mean"":15512.625},""W"":{""n"":3,""min"":11488,""median"":20249,""p90"":21114,""max"":21114,""mean"":17617},""D"":{""n"":2,""min"":24000,""median"":24000,""p90"":24000,""max"":24000,""mean"":24000},""L"":{""n"":3,""min"":7006,""median"":7918,""p90"":8326,""max"":8326,""mean"":7750}}"
"unbounded_minus_v2","v5","strata","pinned_supalosa__hfo-corners-b","8","separated_lanes_v2","separated_lanes_unbounded_d1","1","5","2","3","2","3","0.4375","0.5","0.125","0.375","0.038176543007959585","0.19535795103474965","0.0625","0.25","{""baseline_win"":2,""candidate_win"":1,""tick_cap_draw"":5}","{""baseline_win"":3,""candidate_win"":3,""tick_cap_draw"":2}","{""all"":{""n"":8,""min"":6538,""median"":24000,""p90"":24000,""max"":24000,""mean"":18441.5},""W"":{""n"":1,""min"":13376,""median"":13376,""p90"":13376,""max"":13376,""mean"":13376},""D"":{""n"":5,""min"":24000,""median"":24000,""p90"":24000,""max"":24000,""mean"":24000},""L"":{""n"":2,""min"":6538,""median"":7618,""p90"":7618,""max"":7618,""mean"":7078}}","{""all"":{""n"":8,""min"":6562,""median"":17644,""p90"":24000,""max"":24000,""mean"":15358.25},""W"":{""n"":3,""min"":8194,""median"":11374,""p90"":17644,""max"":17644,""mean"":12404},""D"":{""n"":2,""min"":24000,""median"":24000,""p90"":24000,""max"":24000,""mean"":24000},""L"":{""n"":3,""min"":6562,""median"":7618,""p90"":23474,""max"":23474,""mean"":12551.333333333334}}"
"unbounded_minus_v2","v5","strata","pinned_supalosa__hfo-corners-b-golden","8","separated_lanes_v2","separated_lanes_unbounded_d1","2","1","5","4","2","2","0.3125","0.625","0.25","0.5","0.10887074683495994","0.2936454286357453","0.3125","0.25","{""baseline_win"":5,""candidate_win"":2,""tick_cap_draw"":1}","{""baseline_win"":2,""candidate_win"":4,""tick_cap_draw"":2}","{""all"":{""n"":8,""min"":6730,""median"":16938,""p90"":24000,""max"":24000,""mean"":14425.625},""W"":{""n"":2,""min"":11146,""median"":20015,""p90"":20015,""max"":20015,""mean"":15580.5},""D"":{""n"":1,""min"":24000,""median"":24000,""p90"":24000,""max"":24000,""mean"":24000},""L"":{""n"":5,""min"":6730,""median"":8606,""p90"":20286,""max"":20286,""mean"":12048.8}}","{""all"":{""n"":8,""min"":6454,""median"":8222,""p90"":24000,""max"":24000,""mean"":12083.375},""W"":{""n"":4,""min"":7264,""median"":8222,""p90"":10485,""max"":10485,""mean"":8512},""D"":{""n"":2,""min"":24000,""median"":24000,""p90"":24000,""max"":24000,""mean"":24000},""L"":{""n"":2,""min"":6454,""median"":8165,""p90"":8165,""max"":8165,""mean"":7309.5}}"
"unbounded_minus_v2","v5","strata","pinned_supalosa__hfo-golden","8","separated_lanes_v2","separated_lanes_unbounded_d1","3","2","3","3","2","3","0.5","0.5","0.375","0.375","0.19535795103474965","0.19535795103474965","0","0","{""baseline_win"":3,""candidate_win"":3,""tick_cap_draw"":2}","{""baseline_win"":3,""candidate_win"":3,""tick_cap_draw"":2}","{""all"":{""n"":8,""min"":7330,""median"":12490,""p90"":24000,""max"":24000,""mean"":13896.25},""W"":{""n"":3,""min"":9575,""median"":12490,""p90"":13577,""max"":13577,""mean"":11880.666666666666},""D"":{""n"":2,""min"":24000,""median"":24000,""p90"":24000,""max"":24000,""mean"":24000},""L"":{""n"":3,""min"":7330,""median"":8310,""p90"":11888,""max"":11888,""mean"":9176}}","{""all"":{""n"":8,""min"":7330,""median"":12847,""p90"":24000,""max"":24000,""mean"":14576.25},""W"":{""n"":3,""min"":9544,""median"":11844,""p90"":12847,""max"":12847,""mean"":11411.666666666666},""D"":{""n"":2,""min"":24000,""median"":24000,""p90"":24000,""max"":24000,""mean"":24000},""L"":{""n"":3,""min"":7330,""median"":9420,""p90"":17625,""max"":17625,""mean"":11458.333333333334}}"
"unbounded_minus_v2","v5","strata","pinned_supalosa__hfo-le","8","separated_lanes_v2","separated_lanes_unbounded_d1","2","4","2","3","3","2","0.5","0.5625","0.25","0.375","0.10887074683495994","0.19535795103474965","0.0625","0.125","{""baseline_win"":2,""candidate_win"":2,""tick_cap_draw"":4}","{""baseline_win"":2,""candidate_win"":3,""tick_cap_draw"":3}","{""all"":{""n"":8,""min"":8092,""median"":24000,""p90"":24000,""max"":24000,""mean"":17734.375},""W"":{""n"":2,""min"":14459,""median"":15160,""p90"":15160,""max"":15160,""mean"":14809.5},""D"":{""n"":4,""min"":24000,""median"":24000,""p90"":24000,""max"":24000,""mean"":24000},""L"":{""n"":2,""min"":8092,""median"":8164,""p90"":8164,""max"":8164,""mean"":8128}}","{""all"":{""n"":8,""min"":7420,""median"":13165,""p90"":24000,""max"":24000,""mean"":15068},""W"":{""n"":3,""min"":9586,""median"":10903,""p90"":13165,""max"":13165,""mean"":11218},""D"":{""n"":3,""min"":24000,""median"":24000,""p90"":24000,""max"":24000,""mean"":24000},""L"":{""n"":2,""min"":7420,""median"":7470,""p90"":7470,""max"":7470,""mean"":7445}}"
"unbounded_minus_v2","v5","strata","pinned_supalosa__hfo-lvl","8","separated_lanes_v2","separated_lanes_unbounded_d1","4","1","3","3","1","4","0.5625","0.4375","0.5","0.375","0.2936454286357453","0.19535795103474965","-0.125","-0.125","{""baseline_win"":3,""candidate_win"":4,""tick_cap_draw"":1}","{""baseline_win"":4,""candidate_win"":3,""tick_cap_draw"":1}","{""all"":{""n"":8,""min"":8044,""median"":20088,""p90"":24000,""max"":24000,""mean"":17000},""W"":{""n"":4,""min"":19637,""median"":20107,""p90"":20426,""max"":20426,""mean"":20064.5},""D"":{""n"":1,""min"":24000,""median"":24000,""p90"":24000,""max"":24000,""mean"":24000},""L"":{""n"":3,""min"":8044,""median"":8918,""p90"":14780,""max"":14780,""mean"":10580.666666666666}}","{""all"":{""n"":8,""min"":8104,""median"":20153,""p90"":24000,""max"":24000,""mean"":17384},""W"":{""n"":3,""min"":14396,""median"":20029,""p90"":20153,""max"":20153,""mean"":18192.666666666668},""D"":{""n"":1,""min"":24000,""median"":24000,""p90"":24000,""max"":24000,""mean"":24000},""L"":{""n"":4,""min"":8104,""median"":21483,""p90"":21989,""max"":21989,""mean"":15123.5}}"
"unbounded_minus_v2","v5","strata","pinned_supalosa__hfo-original","8","separated_lanes_v2","separated_lanes_unbounded_d1","2","3","3","3","2","3","0.4375","0.5","0.25","0.375","0.10887074683495994","0.19535795103474965","0.0625","0.125","{""baseline_win"":3,""candidate_win"":2,""tick_cap_draw"":3}","{""baseline_win"":3,""candidate_win"":3,""tick_cap_draw"":2}","{""all"":{""n"":8,""min"":7582,""median"":22249,""p90"":24000,""max"":24000,""mean"":17237.5},""W"":{""n"":2,""min"":9717,""median"":22249,""p90"":22249,""max"":22249,""mean"":15983},""D"":{""n"":3,""min"":24000,""median"":24000,""p90"":24000,""max"":24000,""mean"":24000},""L"":{""n"":3,""min"":7582,""median"":11791,""p90"":14561,""max"":14561,""mean"":11311.333333333334}}","{""all"":{""n"":8,""min"":7582,""median"":10958,""p90"":24000,""max"":24000,""mean"":13604.375},""W"":{""n"":3,""min"":9910,""median"":10252,""p90"":10958,""max"":10958,""mean"":10373.333333333334},""D"":{""n"":2,""min"":24000,""median"":24000,""p90"":24000,""max"":24000,""mean"":24000},""L"":{""n"":3,""min"":7582,""median"":10046,""p90"":12087,""max"":12087,""mean"":9905}}"
"unbounded_minus_v2","v5","strata","pinned_supalosa__hfo-rvr","8","separated_lanes_v2","separated_lanes_unbounded_d1","1","6","1","2","5","1","0.5","0.5625","0.125","0.25","0.038176543007959585","0.10887074683495994","0.0625","0.125","{""baseline_win"":1,""candidate_win"":1,""tick_cap_draw"":6}","{""baseline_win"":1,""candidate_win"":2,""tick_cap_draw"":5}","{""all"":{""n"":8,""min"":18450,""median"":24000,""p90"":24000,""max"":24000,""mean"":22755.5},""W"":{""n"":1,""min"":18450,""median"":18450,""p90"":18450,""max"":18450,""mean"":18450},""D"":{""n"":6,""min"":24000,""median"":24000,""p90"":24000,""max"":24000,""mean"":24000},""L"":{""n"":1,""min"":19594,""median"":19594,""p90"":19594,""max"":19594,""mean"":19594}}","{""all"":{""n"":8,""min"":12464,""median"":24000,""p90"":24000,""max"":24000,""mean"":21656},""W"":{""n"":2,""min"":12464,""median"":21190,""p90"":21190,""max"":21190,""mean"":16827},""D"":{""n"":5,""min"":24000,""median"":24000,""p90"":24000,""max"":24000,""mean"":24000},""L"":{""n"":1,""min"":19594,""median"":19594,""p90"":19594,""max"":19594,""mean"":19594}}"
"unbounded_minus_v2","v5","strata","pinned_supalosa__hfo-tvt","8","separated_lanes_v2","separated_lanes_unbounded_d1","3","5","0","3","5","0","0.6875","0.6875","0.375","0.375","0.19535795103474965","0.19535795103474965","0","0","{""candidate_win"":3,""tick_cap_draw"":5}","{""candidate_win"":3,""tick_cap_draw"":5}","{""all"":{""n"":8,""min"":6718,""median"":24000,""p90"":24000,""max"":24000,""mean"":20999.875},""W"":{""n"":3,""min"":6718,""median"":20525,""p90"":20756,""max"":20756,""mean"":15999.666666666666},""D"":{""n"":5,""min"":24000,""median"":24000,""p90"":24000,""max"":24000,""mean"":24000},""L"":null}","{""all"":{""n"":8,""min"":6718,""median"":24000,""p90"":24000,""max"":24000,""mean"":18566},""W"":{""n"":3,""min"":6718,""median"":9808,""p90"":12002,""max"":12002,""mean"":9509.333333333334},""D"":{""n"":5,""min"":24000,""median"":24000,""p90"":24000,""max"":24000,""mean"":24000},""L"":null}"
"unbounded_minus_v2","v5","strata","pinned_supalosa__pacific-heights","8","separated_lanes_v2","separated_lanes_unbounded_d1","4","2","2","6","2","0","0.625","0.875","0.5","0.75","0.2936454286357453","0.5237063285891094","0.25","0.25","{""baseline_win"":2,""candidate_win"":4,""tick_cap_draw"":2}","{""candidate_win"":6,""tick_cap_draw"":2}","{""all"":{""n"":8,""min"":9045,""median"":16698,""p90"":24000,""max"":24000,""mean"":15652.875},""W"":{""n"":4,""min"":9507,""median"":16698,""p90"":18411,""max"":18411,""mean"":13772},""D"":{""n"":2,""min"":24000,""median"":24000,""p90"":24000,""max"":24000,""mean"":24000},""L"":{""n"":2,""min"":9045,""median"":13090,""p90"":13090,""max"":13090,""mean"":11067.5}}","{""all"":{""n"":8,""min"":9449,""median"":10163,""p90"":24000,""max"":24000,""mean"":14338.125},""W"":{""n"":6,""min"":9449,""median"":9880,""p90"":17560,""max"":17560,""mean"":11117.5},""D"":{""n"":2,""min"":24000,""median"":24000,""p90"":24000,""max"":24000,""mean"":24000},""L"":null}"
"unbounded_minus_v2","v5","strata","pinned_supalosa__peak","8","separated_lanes_v2","separated_lanes_unbounded_d1","5","3","0","3","4","1","0.8125","0.625","0.625","0.375","0.4027757419118244","0.19535795103474965","-0.1875","-0.25","{""candidate_win"":5,""tick_cap_draw"":3}","{""baseline_win"":1,""candidate_win"":3,""tick_cap_draw"":4}","{""all"":{""n"":8,""min"":8420,""median"":18713,""p90"":24000,""max"":24000,""mean"":16284.125},""W"":{""n"":5,""min"":8420,""median"":10078,""p90"":18713,""max"":18713,""mean"":11654.6},""D"":{""n"":3,""min"":24000,""median"":24000,""p90"":24000,""max"":24000,""mean"":24000},""L"":null}","{""all"":{""n"":8,""min"":9441,""median"":24000,""p90"":24000,""max"":24000,""mean"":18585.5},""W"":{""n"":3,""min"":9441,""median"":9458,""p90"":11520,""max"":11520,""mean"":10139.666666666666},""D"":{""n"":4,""min"":24000,""median"":24000,""p90"":24000,""max"":24000,""mean"":24000},""L"":{""n"":1,""min"":22265,""median"":22265,""p90"":22265,""max"":22265,""mean"":22265}}"
"unbounded_minus_v2","v5","strata","pinned_supalosa__south-pacific","8","separated_lanes_v2","separated_lanes_unbounded_d1","0","6","2","0","6","2","0.375","0.375","0","0","0","0","0","0","{""baseline_win"":2,""engine_nonliteral_termination_draw"":1,""tick_cap_draw"":5}","{""baseline_win"":2,""engine_nonliteral_termination_draw"":1,""tick_cap_draw"":5}","{""all"":{""n"":8,""min"":9438,""median"":24000,""p90"":24000,""max"":24000,""mean"":19763.75},""W"":null,""D"":{""n"":6,""min"":17832,""median"":24000,""p90"":24000,""max"":24000,""mean"":22972},""L"":{""n"":2,""min"":9438,""median"":10840,""p90"":10840,""max"":10840,""mean"":10139}}","{""all"":{""n"":8,""min"":9438,""median"":24000,""p90"":24000,""max"":24000,""mean"":19763.75},""W"":null,""D"":{""n"":6,""min"":17832,""median"":24000,""p90"":24000,""max"":24000,""mean"":22972},""L"":{""n"":2,""min"":9438,""median"":10840,""p90"":10840,""max"":10840,""mean"":10139}}"
"unbounded_minus_v2","v5","strata","pinned_supalosa__south-pacific-2","8","separated_lanes_v2","separated_lanes_unbounded_d1","0","7","1","0","6","2","0.4375","0.375","0","0","0","0","-0.0625","0","{""baseline_win"":1,""tick_cap_draw"":7}","{""baseline_win"":2,""tick_cap_draw"":6}","{""all"":{""n"":8,""min"":18235,""median"":24000,""p90"":24000,""max"":24000,""mean"":23279.375},""W"":null,""D"":{""n"":7,""min"":24000,""median"":24000,""p90"":24000,""max"":24000,""mean"":24000},""L"":{""n"":1,""min"":18235,""median"":18235,""p90"":18235,""max"":18235,""mean"":18235}}","{""all"":{""n"":8,""min"":13501,""median"":24000,""p90"":24000,""max"":24000,""mean"":21892},""W"":null,""D"":{""n"":6,""min"":24000,""median"":24000,""p90"":24000,""max"":24000,""mean"":24000},""L"":{""n"":2,""min"":13501,""median"":17635,""p90"":17635,""max"":17635,""mean"":15568}}"
"unbounded_minus_v2","v5","strata","pinned_supalosa__tour-of-egypt","8","separated_lanes_v2","separated_lanes_unbounded_d1","2","0","6","1","1","6","0.25","0.1875","0.25","0.125","0.10887074683495994","0.038176543007959585","-0.0625","-0.125","{""baseline_win"":6,""candidate_win"":2}","{""baseline_win"":6,""candidate_win"":1,""tick_cap_draw"":1}","{""all"":{""n"":8,""min"":5872,""median"":7652,""p90"":9032,""max"":9032,""mean"":7503.75},""W"":{""n"":2,""min"":7652,""median"":8351,""p90"":8351,""max"":8351,""mean"":8001.5},""D"":null,""L"":{""n"":6,""min"":5872,""median"":7619,""p90"":9032,""max"":9032,""mean"":7337.833333333333}}","{""all"":{""n"":8,""min"":5662,""median"":7226,""p90"":24000,""max"":24000,""mean"":9580.75},""W"":{""n"":1,""min"":9637,""median"":9637,""p90"":9637,""max"":9637,""mean"":9637},""D"":{""n"":1,""min"":24000,""median"":24000,""p90"":24000,""max"":24000,""mean"":24000},""L"":{""n"":6,""min"":5662,""median"":7197,""p90"":9922,""max"":9922,""mean"":7168.166666666667}}"
"unbounded_minus_v2","v5","strata","ra2web_advanced__hfo-bvb","8","separated_lanes_v2","separated_lanes_unbounded_d1","1","4","3","3","2","3","0.375","0.5","0.125","0.375","0.038176543007959585","0.19535795103474965","0.125","0.25","{""baseline_win"":3,""candidate_win"":1,""tick_cap_draw"":4}","{""baseline_win"":3,""candidate_win"":3,""tick_cap_draw"":2}","{""all"":{""n"":8,""min"":18136,""median"":24000,""p90"":24000,""max"":24000,""mean"":22215.125},""W"":{""n"":1,""min"":18136,""median"":18136,""p90"":18136,""max"":18136,""mean"":18136},""D"":{""n"":4,""min"":24000,""median"":24000,""p90"":24000,""max"":24000,""mean"":24000},""L"":{""n"":3,""min"":19771,""median"":20308,""p90"":23506,""max"":23506,""mean"":21195}}","{""all"":{""n"":8,""min"":8997,""median"":14401,""p90"":24000,""max"":24000,""mean"":15335.25},""W"":{""n"":3,""min"":8997,""median"":9916,""p90"":10053,""max"":10053,""mean"":9655.333333333334},""D"":{""n"":2,""min"":24000,""median"":24000,""p90"":24000,""max"":24000,""mean"":24000},""L"":{""n"":3,""min"":14390,""median"":14401,""p90"":16925,""max"":16925,""mean"":15238.666666666666}}"
"unbounded_minus_v2","v5","strata","ra2web_advanced__hfo-corners","8","separated_lanes_v2","separated_lanes_unbounded_d1","1","5","2","2","4","2","0.4375","0.5","0.125","0.25","0.038176543007959585","0.10887074683495994","0.0625","0.125","{""baseline_win"":2,""candidate_win"":1,""tick_cap_draw"":5}","{""baseline_win"":2,""candidate_win"":2,""tick_cap_draw"":4}","{""all"":{""n"":8,""min"":15843,""median"":24000,""p90"":24000,""max"":24000,""mean"":21866.125},""W"":{""n"":1,""min"":15843,""median"":15843,""p90"":15843,""max"":15843,""mean"":15843},""D"":{""n"":5,""min"":24000,""median"":24000,""p90"":24000,""max"":24000,""mean"":24000},""L"":{""n"":2,""min"":19356,""median"":19730,""p90"":19730,""max"":19730,""mean"":19543}}","{""all"":{""n"":8,""min"":12085,""median"":24000,""p90"":24000,""max"":24000,""mean"":18814.75},""W"":{""n"":2,""min"":12214,""median"":16972,""p90"":16972,""max"":16972,""mean"":14593},""D"":{""n"":4,""min"":24000,""median"":24000,""p90"":24000,""max"":24000,""mean"":24000},""L"":{""n"":2,""min"":12085,""median"":13247,""p90"":13247,""max"":13247,""mean"":12666}}"
"unbounded_minus_v2","v5","strata","ra2web_advanced__hfo-corners-b","8","separated_lanes_v2","separated_lanes_unbounded_d1","2","6","0","2","5","1","0.625","0.5625","0.25","0.25","0.10887074683495994","0.10887074683495994","-0.0625","0","{""candidate_win"":2,""tick_cap_draw"":6}","{""baseline_win"":1,""candidate_win"":2,""tick_cap_draw"":5}","{""all"":{""n"":8,""min"":7474,""median"":24000,""p90"":24000,""max"":24000,""mean"":19910.5},""W"":{""n"":2,""min"":7474,""median"":7810,""p90"":7810,""max"":7810,""mean"":7642},""D"":{""n"":6,""min"":24000,""median"":24000,""p90"":24000,""max"":24000,""mean"":24000},""L"":null}","{""all"":{""n"":8,""min"":10960,""median"":24000,""p90"":24000,""max"":24000,""mean"":21808.25},""W"":{""n"":2,""min"":10960,""median"":19949,""p90"":19949,""max"":19949,""mean"":15454.5},""D"":{""n"":5,""min"":24000,""median"":24000,""p90"":24000,""max"":24000,""mean"":24000},""L"":{""n"":1,""min"":23557,""median"":23557,""p90"":23557,""max"":23557,""mean"":23557}}"
"unbounded_minus_v2","v5","strata","ra2web_advanced__hfo-corners-b-golden","8","separated_lanes_v2","separated_lanes_unbounded_d1","1","3","4","2","4","2","0.3125","0.5","0.125","0.25","0.038176543007959585","0.10887074683495994","0.1875","0.125","{""baseline_win"":4,""candidate_win"":1,""tick_cap_draw"":3}","{""baseline_win"":2,""candidate_win"":2,""tick_cap_draw"":4}","{""all"":{""n"":8,""min"":10344,""median"":23512,""p90"":24000,""max"":24000,""mean"":21097.5},""W"":{""n"":1,""min"":10344,""median"":10344,""p90"":10344,""max"":10344,""mean"":10344},""D"":{""n"":3,""min"":24000,""median"":24000,""p90"":24000,""max"":24000,""mean"":24000},""L"":{""n"":4,""min"":19409,""median"":23350,""p90"":23512,""max"":23512,""mean"":21609}}","{""all"":{""n"":8,""min"":11362,""median"":24000,""p90"":24000,""max"":24000,""mean"":20495.125},""W"":{""n"":2,""min"":11362,""median"":13054,""p90"":13054,""max"":13054,""mean"":12208},""D"":{""n"":4,""min"":24000,""median"":24000,""p90"":24000,""max"":24000,""mean"":24000},""L"":{""n"":2,""min"":20021,""median"":23524,""p90"":23524,""max"":23524,""mean"":21772.5}}"
"unbounded_minus_v2","v5","strata","ra2web_advanced__hfo-golden","8","separated_lanes_v2","separated_lanes_unbounded_d1","2","3","3","4","3","1","0.4375","0.6875","0.25","0.5","0.10887074683495994","0.2936454286357453","0.25","0.25","{""baseline_win"":3,""candidate_win"":2,""tick_cap_draw"":3}","{""baseline_win"":1,""candidate_win"":4,""tick_cap_draw"":3}","{""all"":{""n"":8,""min"":13881,""median"":18761,""p90"":24000,""max"":24000,""mean"":19227.25},""W"":{""n"":2,""min"":15004,""median"":15442,""p90"":15442,""max"":15442,""mean"":15223},""D"":{""n"":3,""min"":24000,""median"":24000,""p90"":24000,""max"":24000,""mean"":24000},""L"":{""n"":3,""min"":13881,""median"":18730,""p90"":18761,""max"":18761,""mean"":17124}}","{""all"":{""n"":8,""min"":8338,""median"":20707,""p90"":24000,""max"":24000,""mean"":18563.5},""W"":{""n"":4,""min"":8338,""median"":16336,""p90"":20707,""max"":20707,""mean"":14276.25},""D"":{""n"":3,""min"":24000,""median"":24000,""p90"":24000,""max"":24000,""mean"":24000},""L"":{""n"":1,""min"":19403,""median"":19403,""p90"":19403,""max"":19403,""mean"":19403}}"
"unbounded_minus_v2","v5","strata","ra2web_advanced__hfo-le","8","separated_lanes_v2","separated_lanes_unbounded_d1","2","4","2","2","2","4","0.5","0.375","0.25","0.25","0.10887074683495994","0.10887074683495994","-0.125","0","{""baseline_win"":2,""candidate_win"":2,""tick_cap_draw"":4}","{""baseline_win"":4,""candidate_win"":2,""tick_cap_draw"":2}","{""all"":{""n"":8,""min"":19009,""median"":24000,""p90"":24000,""max"":24000,""mean"":22522.25},""W"":{""n"":2,""min"":19009,""median"":20217,""p90"":20217,""max"":20217,""mean"":19613},""D"":{""n"":4,""min"":24000,""median"":24000,""p90"":24000,""max"":24000,""mean"":24000},""L"":{""n"":2,""min"":21856,""median"":23096,""p90"":23096,""max"":23096,""mean"":22476}}","{""all"":{""n"":8,""min"":18795,""median"":21544,""p90"":24000,""max"":24000,""mean"":21694.875},""W"":{""n"":2,""min"":18795,""median"":20464,""p90"":20464,""max"":20464,""mean"":19629.5},""D"":{""n"":2,""min"":24000,""median"":24000,""p90"":24000,""max"":24000,""mean"":24000},""L"":{""n"":4,""min"":21409,""median"":21544,""p90"":21850,""max"":21850,""mean"":21575}}"
"unbounded_minus_v2","v5","strata","ra2web_advanced__hfo-lvl","8","separated_lanes_v2","separated_lanes_unbounded_d1","2","4","2","2","3","3","0.5","0.4375","0.25","0.25","0.10887074683495994","0.10887074683495994","-0.0625","0","{""baseline_win"":2,""candidate_win"":2,""tick_cap_draw"":4}","{""baseline_win"":3,""candidate_win"":2,""tick_cap_draw"":3}","{""all"":{""n"":8,""min"":17007,""median"":24000,""p90"":24000,""max"":24000,""mean"":21292.5},""W"":{""n"":2,""min"":18627,""median"":20660,""p90"":20660,""max"":20660,""mean"":19643.5},""D"":{""n"":4,""min"":24000,""median"":24000,""p90"":24000,""max"":24000,""mean"":24000},""L"":{""n"":2,""min"":17007,""median"":18046,""p90"":18046,""max"":18046,""mean"":17526.5}}","{""all"":{""n"":8,""min"":18648,""median"":23870,""p90"":24000,""max"":24000,""mean"":22219.25},""W"":{""n"":2,""min"":18648,""median"":20277,""p90"":20277,""max"":20277,""mean"":19462.5},""D"":{""n"":3,""min"":24000,""median"":24000,""p90"":24000,""max"":24000,""mean"":24000},""L"":{""n"":3,""min"":20400,""median"":22559,""p90"":23870,""max"":23870,""mean"":22276.333333333332}}"
"unbounded_minus_v2","v5","strata","ra2web_advanced__hfo-original","8","separated_lanes_v2","separated_lanes_unbounded_d1","2","3","3","4","2","2","0.4375","0.625","0.25","0.5","0.10887074683495994","0.2936454286357453","0.1875","0.25","{""baseline_win"":3,""candidate_win"":2,""tick_cap_draw"":3}","{""baseline_win"":2,""candidate_win"":4,""tick_cap_draw"":2}","{""all"":{""n"":8,""min"":11535,""median"":22643,""p90"":24000,""max"":24000,""mean"":19374.875},""W"":{""n"":2,""min"":11535,""median"":19232,""p90"":19232,""max"":19232,""mean"":15383.5},""D"":{""n"":3,""min"":24000,""median"":24000,""p90"":24000,""max"":24000,""mean"":24000},""L"":{""n"":3,""min"":11566,""median"":18023,""p90"":22643,""max"":22643,""mean"":17410.666666666668}}","{""all"":{""n"":8,""min"":10292,""median"":19776,""p90"":24000,""max"":24000,""mean"":18089.625},""W"":{""n"":4,""min"":10292,""median"":13660,""p90"":19941,""max"":19941,""mean"":14323.5},""D"":{""n"":2,""min"":24000,""median"":24000,""p90"":24000,""max"":24000,""mean"":24000},""L"":{""n"":2,""min"":19647,""median"":19776,""p90"":19776,""max"":19776,""mean"":19711.5}}"
"unbounded_minus_v2","v5","strata","ra2web_advanced__hfo-rvr","8","separated_lanes_v2","separated_lanes_unbounded_d1","0","6","2","0","5","3","0.375","0.3125","0","0","0","0","-0.0625","0","{""baseline_win"":2,""tick_cap_draw"":6}","{""baseline_win"":3,""tick_cap_draw"":5}","{""all"":{""n"":8,""min"":13032,""median"":24000,""p90"":24000,""max"":24000,""mean"":22527.875},""W"":null,""D"":{""n"":6,""min"":24000,""median"":24000,""p90"":24000,""max"":24000,""mean"":24000},""L"":{""n"":2,""min"":13032,""median"":23191,""p90"":23191,""max"":23191,""mean"":18111.5}}","{""all"":{""n"":8,""min"":13032,""median"":24000,""p90"":24000,""max"":24000,""mean"":22086.875},""W"":null,""D"":{""n"":5,""min"":24000,""median"":24000,""p90"":24000,""max"":24000,""mean"":24000},""L"":{""n"":3,""min"":13032,""median"":21134,""p90"":22529,""max"":22529,""mean"":18898.333333333332}}"
"unbounded_minus_v2","v5","strata","ra2web_advanced__hfo-tvt","8","separated_lanes_v2","separated_lanes_unbounded_d1","2","4","2","6","2","0","0.5","0.875","0.25","0.75","0.10887074683495994","0.5237063285891094","0.375","0.5","{""baseline_win"":2,""candidate_win"":2,""tick_cap_draw"":4}","{""candidate_win"":6,""tick_cap_draw"":2}","{""all"":{""n"":8,""min"":11440,""median"":24000,""p90"":24000,""max"":24000,""mean"":20417.375},""W"":{""n"":2,""min"":11440,""median"":17944,""p90"":17944,""max"":17944,""mean"":14692},""D"":{""n"":4,""min"":24000,""median"":24000,""p90"":24000,""max"":24000,""mean"":24000},""L"":{""n"":2,""min"":18003,""median"":19952,""p90"":19952,""max"":19952,""mean"":18977.5}}","{""all"":{""n"":8,""min"":6527,""median"":11938,""p90"":24000,""max"":24000,""mean"":12665.375},""W"":{""n"":6,""min"":6527,""median"":7974,""p90"":12598,""max"":12598,""mean"":8887.166666666666},""D"":{""n"":2,""min"":24000,""median"":24000,""p90"":24000,""max"":24000,""mean"":24000},""L"":null}"
"unbounded_minus_v2","v5","maps","hfo-bvb","16","separated_lanes_v2","separated_lanes_unbounded_d1","4","4","8","6","4","6","0.375","0.5","0.25","0.375","0.13912211071126457","0.23846779627509276","0.125","0.125","{""baseline_win"":8,""candidate_win"":4,""tick_cap_draw"":4}","{""baseline_win"":6,""candidate_win"":6,""tick_cap_draw"":4}","{""all"":{""n"":16,""min"":11556,""median"":19771,""p90"":24000,""max"":24000,""mean"":18644.5},""W"":{""n"":4,""min"":11556,""median"":16510,""p90"":18136,""max"":18136,""mean"":15082.5},""D"":{""n"":4,""min"":24000,""median"":24000,""p90"":24000,""max"":24000,""mean"":24000},""L"":{""n"":8,""min"":11726,""median"":19771,""p90"":23506,""max"":23506,""mean"":17747.75}}","{""all"":{""n"":16,""min"":8997,""median"":14392,""p90"":24000,""max"":24000,""mean"":15396.9375},""W"":{""n"":6,""min"":8997,""median"":10053,""p90"":14392,""max"":14392,""mean"":10657.833333333334},""D"":{""n"":4,""min"":24000,""median"":24000,""p90"":24000,""max"":24000,""mean"":24000},""L"":{""n"":6,""min"":10175,""median"":14401,""p90"":18831,""max"":18831,""mean"":14400.666666666666}}"
"unbounded_minus_v2","v5","maps","hfo-corners","16","separated_lanes_v2","separated_lanes_unbounded_d1","3","10","3","5","6","5","0.5","0.5","0.1875","0.3125","0.09400111552644326","0.18745912692965838","0","0.125","{""baseline_win"":3,""candidate_win"":3,""tick_cap_draw"":10}","{""baseline_win"":5,""candidate_win"":5,""tick_cap_draw"":6}","{""all"":{""n"":16,""min"":7663,""median"":24000,""p90"":24000,""max"":24000,""mean"":21019.125},""W"":{""n"":3,""min"":13580,""median"":15843,""p90"":20134,""max"":20134,""mean"":16519},""D"":{""n"":10,""min"":24000,""median"":24000,""p90"":24000,""max"":24000,""mean"":24000},""L"":{""n"":3,""min"":7663,""median"":19356,""p90"":19730,""max"":19730,""mean"":15583}}","{""all"":{""n"":16,""min"":7006,""median"":20249,""p90"":24000,""max"":24000,""mean"":17163.6875},""W"":{""n"":5,""min"":11488,""median"":16972,""p90"":21114,""max"":21114,""mean"":16407.4},""D"":{""n"":6,""min"":24000,""median"":24000,""p90"":24000,""max"":24000,""mean"":24000},""L"":{""n"":5,""min"":7006,""median"":8326,""p90"":13247,""max"":13247,""mean"":9716.4}}"
"unbounded_minus_v2","v5","maps","hfo-corners-b","16","separated_lanes_v2","separated_lanes_unbounded_d1","3","11","2","5","7","4","0.53125","0.53125","0.1875","0.3125","0.09400111552644326","0.18745912692965838","0","0.125","{""baseline_win"":2,""candidate_win"":3,""tick_cap_draw"":11}","{""baseline_win"":4,""candidate_win"":5,""tick_cap_draw"":7}","{""all"":{""n"":16,""min"":6538,""median"":24000,""p90"":24000,""max"":24000,""mean"":19176},""W"":{""n"":3,""min"":7474,""median"":7810,""p90"":13376,""max"":13376,""mean"":9553.333333333334},""D"":{""n"":11,""min"":24000,""median"":24000,""p90"":24000,""max"":24000,""mean"":24000},""L"":{""n"":2,""min"":6538,""median"":7618,""p90"":7618,""max"":7618,""mean"":7078}}","{""all"":{""n"":16,""min"":6562,""median"":23557,""p90"":24000,""max"":24000,""mean"":18583.25},""W"":{""n"":5,""min"":8194,""median"":11374,""p90"":19949,""max"":19949,""mean"":13624.2},""D"":{""n"":7,""min"":24000,""median"":24000,""p90"":24000,""max"":24000,""mean"":24000},""L"":{""n"":4,""min"":6562,""median"":23474,""p90"":23557,""max"":23557,""mean"":15302.75}}"
"unbounded_minus_v2","v5","maps","hfo-corners-b-golden","16","separated_lanes_v2","separated_lanes_unbounded_d1","3","4","9","6","6","4","0.3125","0.5625","0.1875","0.375","0.09400111552644326","0.23846779627509276","0.25","0.1875","{""baseline_win"":9,""candidate_win"":3,""tick_cap_draw"":4}","{""baseline_win"":4,""candidate_win"":6,""tick_cap_draw"":6}","{""all"":{""n"":16,""min"":6730,""median"":20165,""p90"":24000,""max"":24000,""mean"":17761.5625},""W"":{""n"":3,""min"":10344,""median"":11146,""p90"":20015,""max"":20015,""mean"":13835},""D"":{""n"":4,""min"":24000,""median"":24000,""p90"":24000,""max"":24000,""mean"":24000},""L"":{""n"":9,""min"":6730,""median"":19409,""p90"":23512,""max"":23512,""mean"":16297.777777777777}}","{""all"":{""n"":16,""min"":6454,""median"":20021,""p90"":24000,""max"":24000,""mean"":16289.25},""W"":{""n"":6,""min"":7264,""median"":10485,""p90"":13054,""max"":13054,""mean"":9744},""D"":{""n"":6,""min"":24000,""median"":24000,""p90"":24000,""max"":24000,""mean"":24000},""L"":{""n"":4,""min"":6454,""median"":20021,""p90"":23524,""max"":23524,""mean"":14541}}"
"unbounded_minus_v2","v5","maps","hfo-golden","16","separated_lanes_v2","separated_lanes_unbounded_d1","5","5","6","7","5","4","0.46875","0.59375","0.3125","0.4375","0.18745912692965838","0.29184763573272116","0.125","0.125","{""baseline_win"":6,""candidate_win"":5,""tick_cap_draw"":5}","{""baseline_win"":4,""candidate_win"":7,""tick_cap_draw"":5}","{""all"":{""n"":16,""min"":7330,""median"":15442,""p90"":24000,""max"":24000,""mean"":16561.75},""W"":{""n"":5,""min"":9575,""median"":13577,""p90"":15442,""max"":15442,""mean"":13217.6},""D"":{""n"":5,""min"":24000,""median"":24000,""p90"":24000,""max"":24000,""mean"":24000},""L"":{""n"":6,""min"":7330,""median"":13881,""p90"":18761,""max"":18761,""mean"":13150}}","{""all"":{""n"":16,""min"":7330,""median"":17625,""p90"":24000,""max"":24000,""mean"":16569.875},""W"":{""n"":7,""min"":8338,""median"":11844,""p90"":20707,""max"":20707,""mean"":13048.57142857143},""D"":{""n"":5,""min"":24000,""median"":24000,""p90"":24000,""max"":24000,""mean"":24000},""L"":{""n"":4,""min"":7330,""median"":17625,""p90"":19403,""max"":19403,""mean"":13444.5}}"
"unbounded_minus_v2","v5","maps","hfo-le","16","separated_lanes_v2","separated_lanes_unbounded_d1","4","8","4","5","5","6","0.5","0.46875","0.25","0.3125","0.13912211071126457","0.18745912692965838","-0.03125","0.0625","{""baseline_win"":4,""candidate_win"":4,""tick_cap_draw"":8}","{""baseline_win"":6,""candidate_win"":5,""tick_cap_draw"":5}","{""all"":{""n"":16,""min"":8092,""median"":24000,""p90"":24000,""max"":24000,""mean"":20128.3125},""W"":{""n"":4,""min"":14459,""median"":19009,""p90"":20217,""max"":20217,""mean"":17211.25},""D"":{""n"":8,""min"":24000,""median"":24000,""p90"":24000,""max"":24000,""mean"":24000},""L"":{""n"":4,""min"":8092,""median"":21856,""p90"":23096,""max"":23096,""mean"":15302}}","{""all"":{""n"":16,""min"":7420,""median"":21497,""p90"":24000,""max"":24000,""mean"":18381.4375},""W"":{""n"":5,""min"":9586,""median"":13165,""p90"":20464,""max"":20464,""mean"":14582.6},""D"":{""n"":5,""min"":24000,""median"":24000,""p90"":24000,""max"":24000,""mean"":24000},""L"":{""n"":6,""min"":7420,""median"":21497,""p90"":21850,""max"":21850,""mean"":16865}}"
"unbounded_minus_v2","v5","maps","hfo-lvl","16","separated_lanes_v2","separated_lanes_unbounded_d1","6","5","5","5","4","7","0.53125","0.4375","0.375","0.3125","0.23846779627509276","0.18745912692965838","-0.09375","-0.0625","{""baseline_win"":5,""candidate_win"":6,""tick_cap_draw"":5}","{""baseline_win"":7,""candidate_win"":5,""tick_cap_draw"":4}","{""all"":{""n"":16,""min"":8044,""median"":20107,""p90"":24000,""max"":24000,""mean"":19146.25},""W"":{""n"":6,""min"":18627,""median"":20107,""p90"":20660,""max"":20660,""mean"":19924.166666666668},""D"":{""n"":5,""min"":24000,""median"":24000,""p90"":24000,""max"":24000,""mean"":24000},""L"":{""n"":5,""min"":8044,""median"":14780,""p90"":18046,""max"":18046,""mean"":13359}}","{""all"":{""n"":16,""min"":8104,""median"":21483,""p90"":24000,""max"":24000,""mean"":19801.625},""W"":{""n"":5,""min"":14396,""median"":20029,""p90"":20277,""max"":20277,""mean"":18700.6},""D"":{""n"":4,""min"":24000,""median"":24000,""p90"":24000,""max"":24000,""mean"":24000},""L"":{""n"":7,""min"":8104,""median"":21483,""p90"":23870,""max"":23870,""mean"":18189}}"
"unbounded_minus_v2","v5","maps","hfo-original","16","separated_lanes_v2","separated_lanes_unbounded_d1","4","6","6","7","4","5","0.4375","0.5625","0.25","0.4375","0.13912211071126457","0.29184763573272116","0.125","0.1875","{""baseline_win"":6,""candidate_win"":4,""tick_cap_draw"":6}","{""baseline_win"":5,""candidate_win"":7,""tick_cap_draw"":4}","{""all"":{""n"":16,""min"":7582,""median"":22249,""p90"":24000,""max"":24000,""mean"":18306.1875},""W"":{""n"":4,""min"":9717,""median"":19232,""p90"":22249,""max"":22249,""mean"":15683.25},""D"":{""n"":6,""min"":24000,""median"":24000,""p90"":24000,""max"":24000,""mean"":24000},""L"":{""n"":6,""min"":7582,""median"":14561,""p90"":22643,""max"":22643,""mean"":14361}}","{""all"":{""n"":16,""min"":7582,""median"":13660,""p90"":24000,""max"":24000,""mean"":15847},""W"":{""n"":7,""min"":9910,""median"":10958,""p90"":19941,""max"":19941,""mean"":12630.57142857143},""D"":{""n"":4,""min"":24000,""median"":24000,""p90"":24000,""max"":24000,""mean"":24000},""L"":{""n"":5,""min"":7582,""median"":12087,""p90"":19776,""max"":19776,""mean"":13827.6}}"
"unbounded_minus_v2","v5","maps","hfo-rvr","16","separated_lanes_v2","separated_lanes_unbounded_d1","1","12","3","2","10","4","0.4375","0.4375","0.0625","0.125","0.01888694640528186","0.053135703142265844","0","0.0625","{""baseline_win"":3,""candidate_win"":1,""tick_cap_draw"":12}","{""baseline_win"":4,""candidate_win"":2,""tick_cap_draw"":10}","{""all"":{""n"":16,""min"":13032,""median"":24000,""p90"":24000,""max"":24000,""mean"":22641.6875},""W"":{""n"":1,""min"":18450,""median"":18450,""p90"":18450,""max"":18450,""mean"":18450},""D"":{""n"":12,""min"":24000,""median"":24000,""p90"":24000,""max"":24000,""mean"":24000},""L"":{""n"":3,""min"":13032,""median"":19594,""p90"":23191,""max"":23191,""mean"":18605.666666666668}}","{""all"":{""n"":16,""min"":12464,""median"":24000,""p90"":24000,""max"":24000,""mean"":21871.4375},""W"":{""n"":2,""min"":12464,""median"":21190,""p90"":21190,""max"":21190,""mean"":16827},""D"":{""n"":10,""min"":24000,""median"":24000,""p90"":24000,""max"":24000,""mean"":24000},""L"":{""n"":4,""min"":13032,""median"":21134,""p90"":22529,""max"":22529,""mean"":19072.25}}"
"unbounded_minus_v2","v5","maps","hfo-tvt","16","separated_lanes_v2","separated_lanes_unbounded_d1","5","9","2","9","7","0","0.59375","0.78125","0.3125","0.5625","0.18745912692965838","0.40521106136564305","0.1875","0.25","{""baseline_win"":2,""candidate_win"":5,""tick_cap_draw"":9}","{""candidate_win"":9,""tick_cap_draw"":7}","{""all"":{""n"":16,""min"":6718,""median"":24000,""p90"":24000,""max"":24000,""mean"":20708.625},""W"":{""n"":5,""min"":6718,""median"":17944,""p90"":20756,""max"":20756,""mean"":15476.6},""D"":{""n"":9,""min"":24000,""median"":24000,""p90"":24000,""max"":24000,""mean"":24000},""L"":{""n"":2,""min"":18003,""median"":19952,""p90"":19952,""max"":19952,""mean"":18977.5}}","{""all"":{""n"":16,""min"":6527,""median"":12598,""p90"":24000,""max"":24000,""mean"":15615.6875},""W"":{""n"":9,""min"":6527,""median"":7974,""p90"":12598,""max"":12598,""mean"":9094.555555555555},""D"":{""n"":7,""min"":24000,""median"":24000,""p90"":24000,""max"":24000,""mean"":24000},""L"":null}"
"unbounded_minus_v2","v5","maps","pacific-heights","8","separated_lanes_v2","separated_lanes_unbounded_d1","4","2","2","6","2","0","0.625","0.875","0.5","0.75","0.2936454286357453","0.5237063285891094","0.25","0.25","{""baseline_win"":2,""candidate_win"":4,""tick_cap_draw"":2}","{""candidate_win"":6,""tick_cap_draw"":2}","{""all"":{""n"":8,""min"":9045,""median"":16698,""p90"":24000,""max"":24000,""mean"":15652.875},""W"":{""n"":4,""min"":9507,""median"":16698,""p90"":18411,""max"":18411,""mean"":13772},""D"":{""n"":2,""min"":24000,""median"":24000,""p90"":24000,""max"":24000,""mean"":24000},""L"":{""n"":2,""min"":9045,""median"":13090,""p90"":13090,""max"":13090,""mean"":11067.5}}","{""all"":{""n"":8,""min"":9449,""median"":10163,""p90"":24000,""max"":24000,""mean"":14338.125},""W"":{""n"":6,""min"":9449,""median"":9880,""p90"":17560,""max"":17560,""mean"":11117.5},""D"":{""n"":2,""min"":24000,""median"":24000,""p90"":24000,""max"":24000,""mean"":24000},""L"":null}"
"unbounded_minus_v2","v5","maps","peak","8","separated_lanes_v2","separated_lanes_unbounded_d1","5","3","0","3","4","1","0.8125","0.625","0.625","0.375","0.4027757419118244","0.19535795103474965","-0.1875","-0.25","{""candidate_win"":5,""tick_cap_draw"":3}","{""baseline_win"":1,""candidate_win"":3,""tick_cap_draw"":4}","{""all"":{""n"":8,""min"":8420,""median"":18713,""p90"":24000,""max"":24000,""mean"":16284.125},""W"":{""n"":5,""min"":8420,""median"":10078,""p90"":18713,""max"":18713,""mean"":11654.6},""D"":{""n"":3,""min"":24000,""median"":24000,""p90"":24000,""max"":24000,""mean"":24000},""L"":null}","{""all"":{""n"":8,""min"":9441,""median"":24000,""p90"":24000,""max"":24000,""mean"":18585.5},""W"":{""n"":3,""min"":9441,""median"":9458,""p90"":11520,""max"":11520,""mean"":10139.666666666666},""D"":{""n"":4,""min"":24000,""median"":24000,""p90"":24000,""max"":24000,""mean"":24000},""L"":{""n"":1,""min"":22265,""median"":22265,""p90"":22265,""max"":22265,""mean"":22265}}"
"unbounded_minus_v2","v5","maps","south-pacific","8","separated_lanes_v2","separated_lanes_unbounded_d1","0","6","2","0","6","2","0.375","0.375","0","0","0","0","0","0","{""baseline_win"":2,""engine_nonliteral_termination_draw"":1,""tick_cap_draw"":5}","{""baseline_win"":2,""engine_nonliteral_termination_draw"":1,""tick_cap_draw"":5}","{""all"":{""n"":8,""min"":9438,""median"":24000,""p90"":24000,""max"":24000,""mean"":19763.75},""W"":null,""D"":{""n"":6,""min"":17832,""median"":24000,""p90"":24000,""max"":24000,""mean"":22972},""L"":{""n"":2,""min"":9438,""median"":10840,""p90"":10840,""max"":10840,""mean"":10139}}","{""all"":{""n"":8,""min"":9438,""median"":24000,""p90"":24000,""max"":24000,""mean"":19763.75},""W"":null,""D"":{""n"":6,""min"":17832,""median"":24000,""p90"":24000,""max"":24000,""mean"":22972},""L"":{""n"":2,""min"":9438,""median"":10840,""p90"":10840,""max"":10840,""mean"":10139}}"
"unbounded_minus_v2","v5","maps","south-pacific-2","8","separated_lanes_v2","separated_lanes_unbounded_d1","0","7","1","0","6","2","0.4375","0.375","0","0","0","0","-0.0625","0","{""baseline_win"":1,""tick_cap_draw"":7}","{""baseline_win"":2,""tick_cap_draw"":6}","{""all"":{""n"":8,""min"":18235,""median"":24000,""p90"":24000,""max"":24000,""mean"":23279.375},""W"":null,""D"":{""n"":7,""min"":24000,""median"":24000,""p90"":24000,""max"":24000,""mean"":24000},""L"":{""n"":1,""min"":18235,""median"":18235,""p90"":18235,""max"":18235,""mean"":18235}}","{""all"":{""n"":8,""min"":13501,""median"":24000,""p90"":24000,""max"":24000,""mean"":21892},""W"":null,""D"":{""n"":6,""min"":24000,""median"":24000,""p90"":24000,""max"":24000,""mean"":24000},""L"":{""n"":2,""min"":13501,""median"":17635,""p90"":17635,""max"":17635,""mean"":15568}}"
"unbounded_minus_v2","v5","maps","tour-of-egypt","8","separated_lanes_v2","separated_lanes_unbounded_d1","2","0","6","1","1","6","0.25","0.1875","0.25","0.125","0.10887074683495994","0.038176543007959585","-0.0625","-0.125","{""baseline_win"":6,""candidate_win"":2}","{""baseline_win"":6,""candidate_win"":1,""tick_cap_draw"":1}","{""all"":{""n"":8,""min"":5872,""median"":7652,""p90"":9032,""max"":9032,""mean"":7503.75},""W"":{""n"":2,""min"":7652,""median"":8351,""p90"":8351,""max"":8351,""mean"":8001.5},""D"":null,""L"":{""n"":6,""min"":5872,""median"":7619,""p90"":9032,""max"":9032,""mean"":7337.833333333333}}","{""all"":{""n"":8,""min"":5662,""median"":7226,""p90"":24000,""max"":24000,""mean"":9580.75},""W"":{""n"":1,""min"":9637,""median"":9637,""p90"":9637,""max"":9637,""mean"":9637},""D"":{""n"":1,""min"":24000,""median"":24000,""p90"":24000,""max"":24000,""mean"":24000},""L"":{""n"":6,""min"":5662,""median"":7197,""p90"":9922,""max"":9922,""mean"":7168.166666666667}}"
"unbounded_minus_v2","v5","countries","Africans","100","separated_lanes_v2","separated_lanes_unbounded_d1","21","61","18","29","56","15","0.515","0.57","0.21","0.29","0.16269909652925027","0.23561331862811485","0.055","0.08","{""baseline_win"":18,""candidate_win"":21,""tick_cap_draw"":61}","{""baseline_win"":15,""candidate_win"":29,""tick_cap_draw"":56}","{""all"":{""n"":100,""min"":7652,""median"":24000,""p90"":24000,""max"":24000,""mean"":19765.28},""W"":{""n"":21,""min"":7652,""median"":11544,""p90"":20217,""max"":20525,""mean"":13267.142857142857},""D"":{""n"":61,""min"":24000,""median"":24000,""p90"":24000,""max"":24000,""mean"":24000},""L"":{""n"":18,""min"":8310,""median"":11888,""p90"":20286,""max"":23506,""mean"":12995.444444444445}}","{""all"":{""n"":100,""min"":7076,""median"":24000,""p90"":24000,""max"":24000,""mean"":19121.87},""W"":{""n"":29,""min"":7110,""median"":10773,""p90"":20464,""max"":21190,""mean"":12209.931034482759},""D"":{""n"":56,""min"":24000,""median"":24000,""p90"":24000,""max"":24000,""mean"":24000},""L"":{""n"":15,""min"":7076,""median"":10840,""p90"":23474,""max"":23870,""mean"":14273.266666666666}}"
"unbounded_minus_v2","v5","countries","Americans","100","separated_lanes_v2","separated_lanes_unbounded_d1","28","31","41","38","21","41","0.435","0.485","0.28","0.38","0.22636950148279011","0.32020837801802177","0.05","0.1","{""baseline_win"":41,""candidate_win"":28,""engine_nonliteral_termination_draw"":1,""tick_cap_draw"":30}","{""baseline_win"":41,""candidate_win"":38,""engine_nonliteral_termination_draw"":1,""tick_cap_draw"":20}","{""all"":{""n"":100,""min"":5872,""median"":19594,""p90"":24000,""max"":24000,""mean"":17888.47},""W"":{""n"":28,""min"":6718,""median"":16698,""p90"":20660,""max"":22249,""mean"":15851.785714285714},""D"":{""n"":31,""min"":17832,""median"":24000,""p90"":24000,""max"":24000,""mean"":23801.032258064515},""L"":{""n"":41,""min"":5872,""median"":18003,""p90"":22643,""max"":23512,""mean"":14808.90243902439}}","{""all"":{""n"":100,""min"":5662,""median"":14401,""p90"":24000,""max"":24000,""mean"":15694.17},""W"":{""n"":38,""min"":6527,""median"":11938,""p90"":20029,""max"":20707,""mean"":12813.605263157895},""D"":{""n"":21,""min"":17832,""median"":24000,""p90"":24000,""max"":24000,""mean"":23706.285714285714},""L"":{""n"":41,""min"":5662,""median"":13501,""p90"":21850,""max"":23557,""mean"":14260.19512195122}}"
"unbounded_minus_v2","v5","factions","Allied","100","separated_lanes_v2","separated_lanes_unbounded_d1","28","31","41","38","21","41","0.435","0.485","0.28","0.38","0.22636950148279011","0.32020837801802177","0.05","0.1","{""baseline_win"":41,""candidate_win"":28,""engine_nonliteral_termination_draw"":1,""tick_cap_draw"":30}","{""baseline_win"":41,""candidate_win"":38,""engine_nonliteral_termination_draw"":1,""tick_cap_draw"":20}","{""all"":{""n"":100,""min"":5872,""median"":19594,""p90"":24000,""max"":24000,""mean"":17888.47},""W"":{""n"":28,""min"":6718,""median"":16698,""p90"":20660,""max"":22249,""mean"":15851.785714285714},""D"":{""n"":31,""min"":17832,""median"":24000,""p90"":24000,""max"":24000,""mean"":23801.032258064515},""L"":{""n"":41,""min"":5872,""median"":18003,""p90"":22643,""max"":23512,""mean"":14808.90243902439}}","{""all"":{""n"":100,""min"":5662,""median"":14401,""p90"":24000,""max"":24000,""mean"":15694.17},""W"":{""n"":38,""min"":6527,""median"":11938,""p90"":20029,""max"":20707,""mean"":12813.605263157895},""D"":{""n"":21,""min"":17832,""median"":24000,""p90"":24000,""max"":24000,""mean"":23706.285714285714},""L"":{""n"":41,""min"":5662,""median"":13501,""p90"":21850,""max"":23557,""mean"":14260.19512195122}}"
"unbounded_minus_v2","v5","factions","Soviet","100","separated_lanes_v2","separated_lanes_unbounded_d1","21","61","18","29","56","15","0.515","0.57","0.21","0.29","0.16269909652925027","0.23561331862811485","0.055","0.08","{""baseline_win"":18,""candidate_win"":21,""tick_cap_draw"":61}","{""baseline_win"":15,""candidate_win"":29,""tick_cap_draw"":56}","{""all"":{""n"":100,""min"":7652,""median"":24000,""p90"":24000,""max"":24000,""mean"":19765.28},""W"":{""n"":21,""min"":7652,""median"":11544,""p90"":20217,""max"":20525,""mean"":13267.142857142857},""D"":{""n"":61,""min"":24000,""median"":24000,""p90"":24000,""max"":24000,""mean"":24000},""L"":{""n"":18,""min"":8310,""median"":11888,""p90"":20286,""max"":23506,""mean"":12995.444444444445}}","{""all"":{""n"":100,""min"":7076,""median"":24000,""p90"":24000,""max"":24000,""mean"":19121.87},""W"":{""n"":29,""min"":7110,""median"":10773,""p90"":20464,""max"":21190,""mean"":12209.931034482759},""D"":{""n"":56,""min"":24000,""median"":24000,""p90"":24000,""max"":24000,""mean"":24000},""L"":{""n"":15,""min"":7076,""median"":10840,""p90"":23474,""max"":23870,""mean"":14273.266666666666}}"
"unbounded_minus_v2","v5","slots","0","100","separated_lanes_v2","separated_lanes_unbounded_d1","21","44","35","32","38","30","0.43","0.51","0.21","0.32","0.16269909652925027","0.26354084363358415","0.08","0.11","{""baseline_win"":35,""candidate_win"":21,""engine_nonliteral_termination_draw"":1,""tick_cap_draw"":43}","{""baseline_win"":30,""candidate_win"":32,""engine_nonliteral_termination_draw"":1,""tick_cap_draw"":37}","{""all"":{""n"":100,""min"":5938,""median"":20286,""p90"":24000,""max"":24000,""mean"":18256},""W"":{""n"":21,""min"":7810,""median"":13577,""p90"":19009,""max"":22249,""mean"":14140.857142857143},""D"":{""n"":44,""min"":17832,""median"":24000,""p90"":24000,""max"":24000,""mean"":23859.81818181818},""L"":{""n"":35,""min"":5938,""median"":13090,""p90"":20537,""max"":23191,""mean"":13680.285714285714}}","{""all"":{""n"":100,""min"":6454,""median"":18795,""p90"":24000,""max"":24000,""mean"":16970.09},""W"":{""n"":32,""min"":6527,""median"":11520,""p90"":18795,""max"":21114,""mean"":12500.84375},""D"":{""n"":38,""min"":17832,""median"":24000,""p90"":24000,""max"":24000,""mean"":23837.684210526317},""L"":{""n"":30,""min"":6454,""median"":9922,""p90"":22559,""max"":23870,""mean"":13038.333333333334}}"
"unbounded_minus_v2","v5","slots","1","100","separated_lanes_v2","separated_lanes_unbounded_d1","28","48","24","35","39","26","0.52","0.545","0.28","0.35","0.22636950148279011","0.2917450742017554","0.025","0.07","{""baseline_win"":24,""candidate_win"":28,""tick_cap_draw"":48}","{""baseline_win"":26,""candidate_win"":35,""tick_cap_draw"":39}","{""all"":{""n"":100,""min"":5872,""median"":23506,""p90"":24000,""max"":24000,""mean"":19397.75},""W"":{""n"":28,""min"":6718,""median"":15843,""p90"":20525,""max"":20756,""mean"":15196.5},""D"":{""n"":48,""min"":24000,""median"":24000,""p90"":24000,""max"":24000,""mean"":24000},""L"":{""n"":24,""min"":5872,""median"":17510,""p90"":23350,""max"":23512,""mean"":15094.708333333334}}","{""all"":{""n"":100,""min"":5662,""median"":20400,""p90"":24000,""max"":24000,""mean"":17845.95},""W"":{""n"":35,""min"":6718,""median"":11362,""p90"":20277,""max"":21190,""mean"":12599.371428571429},""D"":{""n"":39,""min"":24000,""median"":24000,""p90"":24000,""max"":24000,""mean"":24000},""L"":{""n"":26,""min"":5662,""median"":17625,""p90"":22265,""max"":23557,""mean"":15677.576923076924}}"
"unbounded_minus_v2","v5","directions","0","100","separated_lanes_v2","separated_lanes_unbounded_d1","20","42","38","27","37","36","0.41","0.455","0.2","0.27","0.15377073858613402","0.21716003386651903","0.045","0.07","{""baseline_win"":38,""candidate_win"":20,""engine_nonliteral_termination_draw"":1,""tick_cap_draw"":41}","{""baseline_win"":36,""candidate_win"":27,""engine_nonliteral_termination_draw"":1,""tick_cap_draw"":36}","{""all"":{""n"":100,""min"":5872,""median"":20015,""p90"":24000,""max"":24000,""mean"":18411.46},""W"":{""n"":20,""min"":6718,""median"":13580,""p90"":20015,""max"":20217,""mean"":13635.4},""D"":{""n"":42,""min"":17832,""median"":24000,""p90"":24000,""max"":24000,""mean"":23853.14285714286},""L"":{""n"":38,""min"":5872,""median"":17007,""p90"":22643,""max"":23512,""mean"":14910.684210526315}}","{""all"":{""n"":100,""min"":5926,""median"":20249,""p90"":24000,""max"":24000,""mean"":17422.71},""W"":{""n"":27,""min"":6527,""median"":9856,""p90"":20249,""max"":21114,""mean"":11536},""D"":{""n"":37,""min"":17832,""median"":24000,""p90"":24000,""max"":24000,""mean"":23833.297297297297},""L"":{""n"":36,""min"":5926,""median"":17625,""p90"":23474,""max"":23870,""mean"":15249.083333333334}}"
"unbounded_minus_v2","v5","directions","1","100","separated_lanes_v2","separated_lanes_unbounded_d1","29","50","21","40","40","20","0.54","0.6","0.29","0.4","0.23561331862811485","0.3393212288182525","0.06","0.11","{""baseline_win"":21,""candidate_win"":29,""tick_cap_draw"":50}","{""baseline_win"":20,""candidate_win"":40,""tick_cap_draw"":40}","{""all"":{""n"":100,""min"":5938,""median"":24000,""p90"":24000,""max"":24000,""mean"":19242.29},""W"":{""n"":29,""min"":7652,""median"":15442,""p90"":20660,""max"":22249,""mean"":15508.689655172413},""D"":{""n"":50,""min"":24000,""median"":24000,""p90"":24000,""max"":24000,""mean"":24000},""L"":{""n"":21,""min"":5938,""median"":11888,""p90"":20286,""max"":23350,""mean"":13070.333333333334}}","{""all"":{""n"":100,""min"":5662,""median"":19941,""p90"":24000,""max"":24000,""mean"":17393.33},""W"":{""n"":40,""min"":8997,""median"":12002,""p90"":20153,""max"":21190,""mean"":13238.325},""D"":{""n"":40,""min"":24000,""median"":24000,""p90"":24000,""max"":24000,""mean"":24000},""L"":{""n"":20,""min"":5662,""median"":10175,""p90"":21544,""max"":22265,""mean"":12490}}"
"unbounded_minus_v2","v5","countryDirection","Africans/0","50","separated_lanes_v2","separated_lanes_unbounded_d1","11","29","10","15","27","8","0.51","0.57","0.22","0.3","0.1544960365752851","0.22439073162097423","0.06","0.08","{""baseline_win"":10,""candidate_win"":11,""tick_cap_draw"":29}","{""baseline_win"":8,""candidate_win"":15,""tick_cap_draw"":27}","{""all"":{""n"":50,""min"":8776,""median"":24000,""p90"":24000,""max"":24000,""mean"":19349.66},""W"":{""n"":11,""min"":9518,""median"":11556,""p90"":19009,""max"":20217,""mean"":13061.90909090909},""D"":{""n"":29,""min"":24000,""median"":24000,""p90"":24000,""max"":24000,""mean"":24000},""L"":{""n"":10,""min"":8776,""median"":11566,""p90"":23506,""max"":23506,""mean"":12780.2}}","{""all"":{""n"":50,""min"":7076,""median"":24000,""p90"":24000,""max"":24000,""mean"":19290.16},""W"":{""n"":15,""min"":7110,""median"":10773,""p90"":20464,""max"":21114,""mean"":12742.733333333334},""D"":{""n"":27,""min"":24000,""median"":24000,""p90"":24000,""max"":24000,""mean"":24000},""L"":{""n"":8,""min"":7076,""median"":21483,""p90"":23870,""max"":23870,""mean"":15670.875}}"
"unbounded_minus_v2","v5","countryDirection","Africans/1","50","separated_lanes_v2","separated_lanes_unbounded_d1","10","32","8","14","29","7","0.52","0.57","0.2","0.28","0.13757222802510888","0.20661997331532897","0.05","0.08","{""baseline_win"":8,""candidate_win"":10,""tick_cap_draw"":32}","{""baseline_win"":7,""candidate_win"":14,""tick_cap_draw"":29}","{""all"":{""n"":50,""min"":7652,""median"":24000,""p90"":24000,""max"":24000,""mean"":20180.9},""W"":{""n"":10,""min"":7652,""median"":11544,""p90"":20525,""max"":20525,""mean"":13492.9},""D"":{""n"":32,""min"":24000,""median"":24000,""p90"":24000,""max"":24000,""mean"":24000},""L"":{""n"":8,""min"":8310,""median"":13164,""p90"":20286,""max"":20286,""mean"":13264.5}}","{""all"":{""n"":50,""min"":7918,""median"":24000,""p90"":24000,""max"":24000,""mean"":18953.58},""W"":{""n"":14,""min"":8997,""median"":10903,""p90"":14396,""max"":21190,""mean"":11639.07142857143},""D"":{""n"":29,""min"":24000,""median"":24000,""p90"":24000,""max"":24000,""mean"":24000},""L"":{""n"":7,""min"":7918,""median"":10046,""p90"":22265,""max"":22265,""mean"":12676}}"
"unbounded_minus_v2","v5","countryDirection","Americans/0","50","separated_lanes_v2","separated_lanes_unbounded_d1","9","13","28","12","10","28","0.31","0.34","0.18","0.24","0.12091169981100518","0.17165796405478714","0.03","0.06","{""baseline_win"":28,""candidate_win"":9,""engine_nonliteral_termination_draw"":1,""tick_cap_draw"":12}","{""baseline_win"":28,""candidate_win"":12,""engine_nonliteral_termination_draw"":1,""tick_cap_draw"":9}","{""all"":{""n"":50,""min"":5872,""median"":19356,""p90"":24000,""max"":24000,""mean"":17473.26},""W"":{""n"":9,""min"":6718,""median"":16698,""p90"":20015,""max"":20015,""mean"":14336.333333333334},""D"":{""n"":13,""min"":17832,""median"":24000,""p90"":24000,""max"":24000,""mean"":23525.53846153846},""L"":{""n"":28,""min"":5872,""median"":18235,""p90"":22643,""max"":23512,""mean"":15671.57142857143}}","{""all"":{""n"":50,""min"":5926,""median"":17625,""p90"":24000,""max"":24000,""mean"":15555.26},""W"":{""n"":12,""min"":6527,""median"":9856,""p90"":14392,""max"":20029,""mean"":10027.583333333334},""D"":{""n"":10,""min"":17832,""median"":24000,""p90"":24000,""max"":24000,""mean"":23383.2},""L"":{""n"":28,""min"":5926,""median"":17625,""p90"":22559,""max"":23557,""mean"":15128.57142857143}}"
"unbounded_minus_v2","v5","countryDirection","Americans/1","50","separated_lanes_v2","separated_lanes_unbounded_d1","19","18","13","26","11","13","0.56","0.63","0.38","0.52","0.2971715799541635","0.43026627414796137","0.07","0.14","{""baseline_win"":13,""candidate_win"":19,""tick_cap_draw"":18}","{""baseline_win"":13,""candidate_win"":26,""tick_cap_draw"":11}","{""all"":{""n"":50,""min"":5938,""median"":20134,""p90"":24000,""max"":24000,""mean"":18303.68},""W"":{""n"":19,""min"":11146,""median"":15843,""p90"":20756,""max"":22249,""mean"":16569.63157894737},""D"":{""n"":18,""min"":24000,""median"":24000,""p90"":24000,""max"":24000,""mean"":24000},""L"":{""n"":13,""min"":5938,""median"":11726,""p90"":23096,""max"":23350,""mean"":12950.846153846154}}","{""all"":{""n"":50,""min"":5662,""median"":14401,""p90"":24000,""max"":24000,""mean"":15833.08},""W"":{""n"":26,""min"":9544,""median"":12847,""p90"":20153,""max"":20707,""mean"":14099.461538461539},""D"":{""n"":11,""min"":24000,""median"":24000,""p90"":24000,""max"":24000,""mean"":24000},""L"":{""n"":13,""min"":5662,""median"":10175,""p90"":21497,""max"":21544,""mean"":12389.846153846154}}"
"unbounded_minus_v2","v5","opponentCountry","pinned_supalosa/Africans","60","separated_lanes_v2","separated_lanes_unbounded_d1","17","28","15","20","26","14","0.5166666666666667","0.55","0.2833333333333333","0.3333333333333333","0.2153263396944523","0.2606991787230655","0.03333333333333333","0.05","{""baseline_win"":15,""candidate_win"":17,""tick_cap_draw"":28}","{""baseline_win"":14,""candidate_win"":20,""tick_cap_draw"":26}","{""all"":{""n"":60,""min"":7652,""median"":20426,""p90"":24000,""max"":24000,""mean"":17801.016666666666},""W"":{""n"":17,""min"":7652,""median"":10472,""p90"":20426,""max"":20525,""mean"":12417.411764705883},""D"":{""n"":28,""min"":24000,""median"":24000,""p90"":24000,""max"":24000,""mean"":24000},""L"":{""n"":15,""min"":8310,""median"":11791,""p90"":17510,""max"":20286,""mean"":12331}}","{""all"":{""n"":60,""min"":7076,""median"":21483,""p90"":24000,""max"":24000,""mean"":17671.75},""W"":{""n"":20,""min"":8077,""median"":10903,""p90"":21114,""max"":21190,""mean"":12303.8},""D"":{""n"":26,""min"":24000,""median"":24000,""p90"":24000,""max"":24000,""mean"":24000},""L"":{""n"":14,""min"":7076,""median"":10840,""p90"":22265,""max"":23474,""mean"":13587.785714285714}}"
"unbounded_minus_v2","v5","opponentCountry","pinned_supalosa/Americans","60","separated_lanes_v2","separated_lanes_unbounded_d1","17","22","21","20","19","21","0.4666666666666667","0.49166666666666664","0.2833333333333333","0.3333333333333333","0.2153263396944523","0.2606991787230655","0.025","0.05","{""baseline_win"":21,""candidate_win"":17,""engine_nonliteral_termination_draw"":1,""tick_cap_draw"":21}","{""baseline_win"":21,""candidate_win"":20,""engine_nonliteral_termination_draw"":1,""tick_cap_draw"":18}","{""all"":{""n"":60,""min"":5872,""median"":18713,""p90"":24000,""max"":24000,""mean"":16895.05},""W"":{""n"":17,""min"":6718,""median"":18411,""p90"":20756,""max"":22249,""mean"":16626.29411764706},""D"":{""n"":22,""min"":17832,""median"":24000,""p90"":24000,""max"":24000,""mean"":23719.636363636364},""L"":{""n"":21,""min"":5872,""median"":7684,""p90"":18235,""max"":20537,""mean"":9963.047619047618}}","{""all"":{""n"":60,""min"":5662,""median"":12464,""p90"":24000,""max"":24000,""mean"":14785.266666666666},""W"":{""n"":20,""min"":6718,""median"":10485,""p90"":20029,""max"":20153,""mean"":11777.3},""D"":{""n"":19,""min"":17832,""median"":24000,""p90"":24000,""max"":24000,""mean"":23675.36842105263},""L"":{""n"":21,""min"":5662,""median"":7618,""p90"":17625,""max"":19594,""mean"":9606.57142857143}}"
"unbounded_minus_v2","v5","opponentCountry","ra2web_advanced/Africans","40","separated_lanes_v2","separated_lanes_unbounded_d1","4","33","3","9","30","1","0.5125","0.6","0.1","0.225","0.05414418101779652","0.15220998483534723","0.0875","0.125","{""baseline_win"":3,""candidate_win"":4,""tick_cap_draw"":33}","{""baseline_win"":1,""candidate_win"":9,""tick_cap_draw"":30}","{""all"":{""n"":40,""min"":10344,""median"":24000,""p90"":24000,""max"":24000,""mean"":22711.675},""W"":{""n"":4,""min"":10344,""median"":19009,""p90"":20217,""max"":20217,""mean"":16878.5},""D"":{""n"":33,""min"":24000,""median"":24000,""p90"":24000,""max"":24000,""mean"":24000},""L"":{""n"":3,""min"":11566,""median"":13881,""p90"":23506,""max"":23506,""mean"":16317.666666666666}}","{""all"":{""n"":40,""min"":7110,""median"":24000,""p90"":24000,""max"":24000,""mean"":21297.05},""W"":{""n"":9,""min"":7110,""median"":10292,""p90"":20464,""max"":20464,""mean"":12001.333333333334},""D"":{""n"":30,""min"":24000,""median"":24000,""p90"":24000,""max"":24000,""mean"":24000},""L"":{""n"":1,""min"":23870,""median"":23870,""p90"":23870,""max"":23870,""mean"":23870}}"
"unbounded_minus_v2","v5","opponentCountry","ra2web_advanced/Americans","40","separated_lanes_v2","separated_lanes_unbounded_d1","11","9","20","18","2","20","0.3875","0.475","0.275","0.45","0.19475556972393063","0.3531525483026235","0.0875","0.175","{""baseline_win"":20,""candidate_win"":11,""tick_cap_draw"":9}","{""baseline_win"":20,""candidate_win"":18,""tick_cap_draw"":2}","{""all"":{""n"":40,""min"":7474,""median"":19771,""p90"":24000,""max"":24000,""mean"":19378.6},""W"":{""n"":11,""min"":7474,""median"":15442,""p90"":19232,""max"":20660,""mean"":14654.818181818182},""D"":{""n"":9,""min"":24000,""median"":24000,""p90"":24000,""max"":24000,""mean"":24000},""L"":{""n"":20,""min"":13032,""median"":19771,""p90"":23350,""max"":23512,""mean"":19897.05}}","{""all"":{""n"":40,""min"":6527,""median"":19403,""p90"":23524,""max"":24000,""mean"":17057.525},""W"":{""n"":18,""min"":6527,""median"":13054,""p90"":20277,""max"":20707,""mean"":13965.055555555555},""D"":{""n"":2,""min"":24000,""median"":24000,""p90"":24000,""max"":24000,""mean"":24000},""L"":{""n"":20,""min"":12085,""median"":20400,""p90"":23524,""max"":23557,""mean"":19146.5}}"
"unbounded_minus_v2","v5","opponentFaction","pinned_supalosa/Allied","60","separated_lanes_v2","separated_lanes_unbounded_d1","17","22","21","20","19","21","0.4666666666666667","0.49166666666666664","0.2833333333333333","0.3333333333333333","0.2153263396944523","0.2606991787230655","0.025","0.05","{""baseline_win"":21,""candidate_win"":17,""engine_nonliteral_termination_draw"":1,""tick_cap_draw"":21}","{""baseline_win"":21,""candidate_win"":20,""engine_nonliteral_termination_draw"":1,""tick_cap_draw"":18}","{""all"":{""n"":60,""min"":5872,""median"":18713,""p90"":24000,""max"":24000,""mean"":16895.05},""W"":{""n"":17,""min"":6718,""median"":18411,""p90"":20756,""max"":22249,""mean"":16626.29411764706},""D"":{""n"":22,""min"":17832,""median"":24000,""p90"":24000,""max"":24000,""mean"":23719.636363636364},""L"":{""n"":21,""min"":5872,""median"":7684,""p90"":18235,""max"":20537,""mean"":9963.047619047618}}","{""all"":{""n"":60,""min"":5662,""median"":12464,""p90"":24000,""max"":24000,""mean"":14785.266666666666},""W"":{""n"":20,""min"":6718,""median"":10485,""p90"":20029,""max"":20153,""mean"":11777.3},""D"":{""n"":19,""min"":17832,""median"":24000,""p90"":24000,""max"":24000,""mean"":23675.36842105263},""L"":{""n"":21,""min"":5662,""median"":7618,""p90"":17625,""max"":19594,""mean"":9606.57142857143}}"
"unbounded_minus_v2","v5","opponentFaction","pinned_supalosa/Soviet","60","separated_lanes_v2","separated_lanes_unbounded_d1","17","28","15","20","26","14","0.5166666666666667","0.55","0.2833333333333333","0.3333333333333333","0.2153263396944523","0.2606991787230655","0.03333333333333333","0.05","{""baseline_win"":15,""candidate_win"":17,""tick_cap_draw"":28}","{""baseline_win"":14,""candidate_win"":20,""tick_cap_draw"":26}","{""all"":{""n"":60,""min"":7652,""median"":20426,""p90"":24000,""max"":24000,""mean"":17801.016666666666},""W"":{""n"":17,""min"":7652,""median"":10472,""p90"":20426,""max"":20525,""mean"":12417.411764705883},""D"":{""n"":28,""min"":24000,""median"":24000,""p90"":24000,""max"":24000,""mean"":24000},""L"":{""n"":15,""min"":8310,""median"":11791,""p90"":17510,""max"":20286,""mean"":12331}}","{""all"":{""n"":60,""min"":7076,""median"":21483,""p90"":24000,""max"":24000,""mean"":17671.75},""W"":{""n"":20,""min"":8077,""median"":10903,""p90"":21114,""max"":21190,""mean"":12303.8},""D"":{""n"":26,""min"":24000,""median"":24000,""p90"":24000,""max"":24000,""mean"":24000},""L"":{""n"":14,""min"":7076,""median"":10840,""p90"":22265,""max"":23474,""mean"":13587.785714285714}}"
"unbounded_minus_v2","v5","opponentFaction","ra2web_advanced/Allied","40","separated_lanes_v2","separated_lanes_unbounded_d1","11","9","20","18","2","20","0.3875","0.475","0.275","0.45","0.19475556972393063","0.3531525483026235","0.0875","0.175","{""baseline_win"":20,""candidate_win"":11,""tick_cap_draw"":9}","{""baseline_win"":20,""candidate_win"":18,""tick_cap_draw"":2}","{""all"":{""n"":40,""min"":7474,""median"":19771,""p90"":24000,""max"":24000,""mean"":19378.6},""W"":{""n"":11,""min"":7474,""median"":15442,""p90"":19232,""max"":20660,""mean"":14654.818181818182},""D"":{""n"":9,""min"":24000,""median"":24000,""p90"":24000,""max"":24000,""mean"":24000},""L"":{""n"":20,""min"":13032,""median"":19771,""p90"":23350,""max"":23512,""mean"":19897.05}}","{""all"":{""n"":40,""min"":6527,""median"":19403,""p90"":23524,""max"":24000,""mean"":17057.525},""W"":{""n"":18,""min"":6527,""median"":13054,""p90"":20277,""max"":20707,""mean"":13965.055555555555},""D"":{""n"":2,""min"":24000,""median"":24000,""p90"":24000,""max"":24000,""mean"":24000},""L"":{""n"":20,""min"":12085,""median"":20400,""p90"":23524,""max"":23557,""mean"":19146.5}}"
"unbounded_minus_v2","v5","opponentFaction","ra2web_advanced/Soviet","40","separated_lanes_v2","separated_lanes_unbounded_d1","4","33","3","9","30","1","0.5125","0.6","0.1","0.225","0.05414418101779652","0.15220998483534723","0.0875","0.125","{""baseline_win"":3,""candidate_win"":4,""tick_cap_draw"":33}","{""baseline_win"":1,""candidate_win"":9,""tick_cap_draw"":30}","{""all"":{""n"":40,""min"":10344,""median"":24000,""p90"":24000,""max"":24000,""mean"":22711.675},""W"":{""n"":4,""min"":10344,""median"":19009,""p90"":20217,""max"":20217,""mean"":16878.5},""D"":{""n"":33,""min"":24000,""median"":24000,""p90"":24000,""max"":24000,""mean"":24000},""L"":{""n"":3,""min"":11566,""median"":13881,""p90"":23506,""max"":23506,""mean"":16317.666666666666}}","{""all"":{""n"":40,""min"":7110,""median"":24000,""p90"":24000,""max"":24000,""mean"":21297.05},""W"":{""n"":9,""min"":7110,""median"":10292,""p90"":20464,""max"":20464,""mean"":12001.333333333334},""D"":{""n"":30,""min"":24000,""median"":24000,""p90"":24000,""max"":24000,""mean"":24000},""L"":{""n"":1,""min"":23870,""median"":23870,""p90"":23870,""max"":23870,""mean"":23870}}"
"unbounded_minus_v2","v5","opponentSlot","pinned_supalosa/0","60","separated_lanes_v2","separated_lanes_unbounded_d1","13","23","24","17","22","21","0.4083333333333333","0.4666666666666667","0.21666666666666667","0.2833333333333333","0.15654739328841472","0.2153263396944523","0.058333333333333334","0.06666666666666667","{""baseline_win"":24,""candidate_win"":13,""engine_nonliteral_termination_draw"":1,""tick_cap_draw"":22}","{""baseline_win"":21,""candidate_win"":17,""engine_nonliteral_termination_draw"":1,""tick_cap_draw"":21}","{""all"":{""n"":60,""min"":5938,""median"":18411,""p90"":24000,""max"":24000,""mean"":16587.283333333333},""W"":{""n"":13,""min"":8351,""median"":13577,""p90"":20426,""max"":22249,""mean"":14201.153846153846},""D"":{""n"":23,""min"":17832,""median"":24000,""p90"":24000,""max"":24000,""mean"":23731.82608695652},""L"":{""n"":24,""min"":5938,""median"":9032,""p90"":19594,""max"":20537,""mean"":11032.916666666666}}","{""all"":{""n"":60,""min"":6454,""median"":12847,""p90"":24000,""max"":24000,""mean"":15611.566666666668},""W"":{""n"":17,""min"":8077,""median"":10958,""p90"":17644,""max"":21114,""mean"":12177.176470588236},""D"":{""n"":22,""min"":17832,""median"":24000,""p90"":24000,""max"":24000,""mean"":23719.636363636364},""L"":{""n"":21,""min"":6454,""median"":8104,""p90"":17635,""max"":21989,""mean"":9897.619047619048}}"
"unbounded_minus_v2","v5","opponentSlot","pinned_supalosa/1","60","separated_lanes_v2","separated_lanes_unbounded_d1","21","27","12","23","23","14","0.575","0.575","0.35","0.38333333333333336","0.2760389222825774","0.3070193885526255","0","0.03333333333333333","{""baseline_win"":12,""candidate_win"":21,""tick_cap_draw"":27}","{""baseline_win"":14,""candidate_win"":23,""tick_cap_draw"":23}","{""all"":{""n"":60,""min"":5872,""median"":20134,""p90"":24000,""max"":24000,""mean"":18108.783333333333},""W"":{""n"":21,""min"":6718,""median"":14128,""p90"":20134,""max"":20756,""mean"":14720.380952380952},""D"":{""n"":27,""min"":24000,""median"":24000,""p90"":24000,""max"":24000,""mean"":24000},""L"":{""n"":12,""min"":5872,""median"":9045,""p90"":17510,""max"":18235,""mean"":10783.25}}","{""all"":{""n"":60,""min"":5662,""median"":20029,""p90"":24000,""max"":24000,""mean"":16845.45},""W"":{""n"":23,""min"":6718,""median"":9910,""p90"":20153,""max"":21190,""mean"":11939.565217391304},""D"":{""n"":23,""min"":24000,""median"":24000,""p90"":24000,""max"":24000,""mean"":24000},""L"":{""n"":14,""min"":5662,""median"":11682,""p90"":22265,""max"":23474,""mean"":13151.214285714286}}"
"unbounded_minus_v2","v5","opponentSlot","ra2web_advanced/0","40","separated_lanes_v2","separated_lanes_unbounded_d1","8","21","11","15","16","9","0.4625","0.575","0.2","0.375","0.13151765602069693","0.2836592844391007","0.1125","0.175","{""baseline_win"":11,""candidate_win"":8,""tick_cap_draw"":21}","{""baseline_win"":9,""candidate_win"":15,""tick_cap_draw"":16}","{""all"":{""n"":40,""min"":7810,""median"":24000,""p90"":24000,""max"":24000,""mean"":20759.075},""W"":{""n"":8,""min"":7810,""median"":15442,""p90"":19009,""max"":19009,""mean"":14042.875},""D"":{""n"":21,""min"":24000,""median"":24000,""p90"":24000,""max"":24000,""mean"":24000},""L"":{""n"":11,""min"":11566,""median"":19771,""p90"":22643,""max"":23191,""mean"":19456.363636363636}}","{""all"":{""n"":40,""min"":6527,""median"":22529,""p90"":24000,""max"":24000,""mean"":19007.875},""W"":{""n"":15,""min"":6527,""median"":11938,""p90"":19941,""max"":19949,""mean"":12867.666666666666},""D"":{""n"":16,""min"":24000,""median"":24000,""p90"":24000,""max"":24000,""mean"":24000},""L"":{""n"":9,""min"":13247,""median"":21850,""p90"":23870,""max"":23870,""mean"":20366.666666666668}}"
"unbounded_minus_v2","v5","opponentSlot","ra2web_advanced/1","40","separated_lanes_v2","separated_lanes_unbounded_d1","7","21","12","12","16","12","0.4375","0.5","0.175","0.3","0.11127749394260136","0.21653912471300574","0.0625","0.125","{""baseline_win"":12,""candidate_win"":7,""tick_cap_draw"":21}","{""baseline_win"":12,""candidate_win"":12,""tick_cap_draw"":16}","{""all"":{""n"":40,""min"":7474,""median"":24000,""p90"":24000,""max"":24000,""mean"":21331.2},""W"":{""n"":7,""min"":7474,""median"":17944,""p90"":20660,""max"":20660,""mean"":16624.85714285714},""D"":{""n"":21,""min"":24000,""median"":24000,""p90"":24000,""max"":24000,""mean"":24000},""L"":{""n"":12,""min"":13032,""median"":19356,""p90"":23506,""max"":23512,""mean"":19406.166666666668}}","{""all"":{""n"":40,""min"":7176,""median"":21134,""p90"":24000,""max"":24000,""mean"":19346.7},""W"":{""n"":12,""min"":7176,""median"":13401,""p90"":20464,""max"":20707,""mean"":13864},""D"":{""n"":16,""min"":24000,""median"":24000,""p90"":24000,""max"":24000,""mean"":24000},""L"":{""n"":12,""min"":12085,""median"":20021,""p90"":21497,""max"":23557,""mean"":18625}}"
"unbounded_minus_v2","v5","opponentDirection","pinned_supalosa/0","60","separated_lanes_v2","separated_lanes_unbounded_d1","14","27","19","18","22","20","0.4583333333333333","0.48333333333333334","0.23333333333333334","0.3","0.17103567360437824","0.230338385840729","0.025","0.06666666666666667","{""baseline_win"":19,""candidate_win"":14,""engine_nonliteral_termination_draw"":1,""tick_cap_draw"":26}","{""baseline_win"":20,""candidate_win"":18,""engine_nonliteral_termination_draw"":1,""tick_cap_draw"":21}","{""all"":{""n"":60,""min"":5872,""median"":19594,""p90"":24000,""max"":24000,""mean"":17294.066666666666},""W"":{""n"":14,""min"":6718,""median"":13580,""p90"":19637,""max"":20015,""mean"":13551.285714285714},""D"":{""n"":27,""min"":17832,""median"":24000,""p90"":24000,""max"":24000,""mean"":23771.555555555555},""L"":{""n"":19,""min"":5872,""median"":8918,""p90"":19594,""max"":20537,""mean"":10847.052631578947}}","{""all"":{""n"":60,""min"":5926,""median"":17644,""p90"":24000,""max"":24000,""mean"":16228.533333333333},""W"":{""n"":18,""min"":6718,""median"":10163,""p90"":20249,""max"":21114,""mean"":11900.666666666666},""D"":{""n"":22,""min"":17832,""median"":24000,""p90"":24000,""max"":24000,""mean"":23719.636363636364},""L"":{""n"":20,""min"":5926,""median"":8918,""p90"":21989,""max"":23474,""mean"":11883.4}}"
"unbounded_minus_v2","v5","opponentDirection","pinned_supalosa/1","60","separated_lanes_v2","separated_lanes_unbounded_d1","20","23","17","22","23","15","0.525","0.5583333333333333","0.3333333333333333","0.36666666666666664","0.2606991787230655","0.2914799892975567","0.03333333333333333","0.03333333333333333","{""baseline_win"":17,""candidate_win"":20,""tick_cap_draw"":23}","{""baseline_win"":15,""candidate_win"":22,""tick_cap_draw"":23}","{""all"":{""n"":60,""min"":5938,""median"":20107,""p90"":24000,""max"":24000,""mean"":17402},""W"":{""n"":20,""min"":7652,""median"":15160,""p90"":20756,""max"":22249,""mean"":15201.25},""D"":{""n"":23,""min"":24000,""median"":24000,""p90"":24000,""max"":24000,""mean"":24000},""L"":{""n"":17,""min"":5938,""median"":11726,""p90"":17510,""max"":20286,""mean"":11064.411764705883}}","{""all"":{""n"":60,""min"":5662,""median"":13165,""p90"":24000,""max"":24000,""mean"":16228.483333333334},""W"":{""n"":22,""min"":9449,""median"":11374,""p90"":17560,""max"":21190,""mean"":12155},""D"":{""n"":23,""min"":24000,""median"":24000,""p90"":24000,""max"":24000,""mean"":24000},""L"":{""n"":15,""min"":5662,""median"":9420,""p90"":18831,""max"":22265,""mean"":10286.6}}"
"unbounded_minus_v2","v5","opponentDirection","ra2web_advanced/0","40","separated_lanes_v2","separated_lanes_unbounded_d1","6","15","19","9","15","16","0.3375","0.4125","0.15","0.225","0.09156032424656435","0.15220998483534723","0.075","0.075","{""baseline_win"":19,""candidate_win"":6,""tick_cap_draw"":15}","{""baseline_win"":16,""candidate_win"":9,""tick_cap_draw"":15}","{""all"":{""n"":40,""min"":7474,""median"":21856,""p90"":24000,""max"":24000,""mean"":20087.55},""W"":{""n"":6,""min"":7474,""median"":18136,""p90"":20217,""max"":20217,""mean"":13831.666666666666},""D"":{""n"":15,""min"":24000,""median"":24000,""p90"":24000,""max"":24000,""mean"":24000},""L"":{""n"":19,""min"":11566,""median"":19356,""p90"":23506,""max"":23512,""mean"":18974.315789473683}}","{""all"":{""n"":40,""min"":6527,""median"":22529,""p90"":24000,""max"":24000,""mean"":19213.975},""W"":{""n"":9,""min"":6527,""median"":8338,""p90"":20464,""max"":20464,""mean"":10806.666666666666},""D"":{""n"":15,""min"":24000,""median"":24000,""p90"":24000,""max"":24000,""mean"":24000},""L"":{""n"":16,""min"":12085,""median"":20400,""p90"":23557,""max"":23870,""mean"":19456.1875}}"
"unbounded_minus_v2","v5","opponentDirection","ra2web_advanced/1","40","separated_lanes_v2","separated_lanes_unbounded_d1","9","27","4","18","17","5","0.5625","0.6625","0.225","0.45","0.15220998483534723","0.3531525483026235","0.1","0.225","{""baseline_win"":4,""candidate_win"":9,""tick_cap_draw"":27}","{""baseline_win"":5,""candidate_win"":18,""tick_cap_draw"":17}","{""all"":{""n"":40,""min"":11440,""median"":24000,""p90"":24000,""max"":24000,""mean"":22002.725},""W"":{""n"":9,""min"":11440,""median"":15843,""p90"":20660,""max"":20660,""mean"":16191.888888888889},""D"":{""n"":27,""min"":24000,""median"":24000,""p90"":24000,""max"":24000,""mean"":24000},""L"":{""n"":4,""min"":19771,""median"":23096,""p90"":23350,""max"":23350,""mean"":21595.5}}","{""all"":{""n"":40,""min"":8997,""median"":21134,""p90"":24000,""max"":24000,""mean"":19140.6},""W"":{""n"":18,""min"":8997,""median"":13401,""p90"":20277,""max"":20707,""mean"":14562.388888888889},""D"":{""n"":17,""min"":24000,""median"":24000,""p90"":24000,""max"":24000,""mean"":24000},""L"":{""n"":5,""min"":14401,""median"":21134,""p90"":21544,""max"":21544,""mean"":19100.2}}"
"unbounded_minus_v2","v5","opponentCountryDirection","pinned_supalosa/Africans/0","30","separated_lanes_v2","separated_lanes_unbounded_d1","8","15","7","11","12","7","0.5166666666666667","0.5666666666666667","0.26666666666666666","0.36666666666666664","0.17730429246164628","0.2635816922512699","0.05","0.1","{""baseline_win"":7,""candidate_win"":8,""tick_cap_draw"":15}","{""baseline_win"":7,""candidate_win"":11,""tick_cap_draw"":12}","{""all"":{""n"":30,""min"":8776,""median"":24000,""p90"":24000,""max"":24000,""mean"":17765.333333333332},""W"":{""n"":8,""min"":9518,""median"":11556,""p90"":16510,""max"":16510,""mean"":11763.875},""D"":{""n"":15,""min"":24000,""median"":24000,""p90"":24000,""max"":24000,""mean"":24000},""L"":{""n"":7,""min"":8776,""median"":9438,""p90"":16938,""max"":16938,""mean"":11264.142857142857}}","{""all"":{""n"":30,""min"":7076,""median"":21483,""p90"":24000,""max"":24000,""mean"":17569.766666666666},""W"":{""n"":11,""min"":8077,""median"":10773,""p90"":20249,""max"":21114,""mean"":12508.727272727272},""D"":{""n"":12,""min"":24000,""median"":24000,""p90"":24000,""max"":24000,""mean"":24000},""L"":{""n"":7,""min"":7076,""median"":10840,""p90"":23474,""max"":23474,""mean"":14499.57142857143}}"
"unbounded_minus_v2","v5","opponentCountryDirection","pinned_supalosa/Africans/1","30","separated_lanes_v2","separated_lanes_unbounded_d1","9","13","8","9","14","7","0.5166666666666667","0.5333333333333333","0.3","0.3","0.2054634616809264","0.2054634616809264","0.016666666666666666","0","{""baseline_win"":8,""candidate_win"":9,""tick_cap_draw"":13}","{""baseline_win"":7,""candidate_win"":9,""tick_cap_draw"":14}","{""all"":{""n"":30,""min"":7652,""median"":20426,""p90"":24000,""max"":24000,""mean"":17836.7},""W"":{""n"":9,""min"":7652,""median"":10472,""p90"":20525,""max"":20525,""mean"":12998.333333333334},""D"":{""n"":13,""min"":24000,""median"":24000,""p90"":24000,""max"":24000,""mean"":24000},""L"":{""n"":8,""min"":8310,""median"":13164,""p90"":20286,""max"":20286,""mean"":13264.5}}","{""all"":{""n"":30,""min"":7918,""median"":22265,""p90"":24000,""max"":24000,""mean"":17773.733333333334},""W"":{""n"":9,""min"":9449,""median"":10903,""p90"":21190,""max"":21190,""mean"":12053.333333333334},""D"":{""n"":14,""min"":24000,""median"":24000,""p90"":24000,""max"":24000,""mean"":24000},""L"":{""n"":7,""min"":7918,""median"":10046,""p90"":22265,""max"":22265,""mean"":12676}}"
"unbounded_minus_v2","v5","opponentCountryDirection","pinned_supalosa/Americans/0","30","separated_lanes_v2","separated_lanes_unbounded_d1","6","12","12","7","10","13","0.4","0.4","0.2","0.23333333333333334","0.12312049277120735","0.14982625883730233","0","0.03333333333333333","{""baseline_win"":12,""candidate_win"":6,""engine_nonliteral_termination_draw"":1,""tick_cap_draw"":11}","{""baseline_win"":13,""candidate_win"":7,""engine_nonliteral_termination_draw"":1,""tick_cap_draw"":9}","{""all"":{""n"":30,""min"":5872,""median"":19594,""p90"":24000,""max"":24000,""mean"":16822.8},""W"":{""n"":6,""min"":6718,""median"":18411,""p90"":20015,""max"":20015,""mean"":15934.5},""D"":{""n"":12,""min"":17832,""median"":24000,""p90"":24000,""max"":24000,""mean"":23486},""L"":{""n"":12,""min"":5872,""median"":8092,""p90"":19594,""max"":20537,""mean"":10603.75}}","{""all"":{""n"":30,""min"":5926,""median"":14392,""p90"":24000,""max"":24000,""mean"":14887.3},""W"":{""n"":7,""min"":6718,""median"":9856,""p90"":20029,""max"":20029,""mean"":10945.142857142857},""D"":{""n"":10,""min"":17832,""median"":24000,""p90"":24000,""max"":24000,""mean"":23383.2},""L"":{""n"":13,""min"":5926,""median"":7618,""p90"":17635,""max"":19594,""mean"":10474.692307692309}}"
"unbounded_minus_v2","v5","opponentCountryDirection","pinned_supalosa/Americans/1","30","separated_lanes_v2","separated_lanes_unbounded_d1","11","10","9","13","9","8","0.5333333333333333","0.5833333333333334","0.36666666666666664","0.43333333333333335","0.2635816922512699","0.3238451521541481","0.05","0.06666666666666667","{""baseline_win"":9,""candidate_win"":11,""tick_cap_draw"":10}","{""baseline_win"":8,""candidate_win"":13,""tick_cap_draw"":9}","{""all"":{""n"":30,""min"":5938,""median"":18713,""p90"":24000,""max"":24000,""mean"":16967.3},""W"":{""n"":11,""min"":11146,""median"":18450,""p90"":20756,""max"":22249,""mean"":17003.636363636364},""D"":{""n"":10,""min"":24000,""median"":24000,""p90"":24000,""max"":24000,""mean"":24000},""L"":{""n"":9,""min"":5938,""median"":7663,""p90"":15460,""max"":15460,""mean"":9108.777777777777}}","{""all"":{""n"":30,""min"":5662,""median"":11682,""p90"":24000,""max"":24000,""mean"":14683.233333333334},""W"":{""n"":13,""min"":9544,""median"":11374,""p90"":17560,""max"":20153,""mean"":12225.384615384615},""D"":{""n"":9,""min"":24000,""median"":24000,""p90"":24000,""max"":24000,""mean"":24000},""L"":{""n"":8,""min"":5662,""median"":8104,""p90"":11682,""max"":11682,""mean"":8195.875}}"
"unbounded_minus_v2","v5","opponentCountryDirection","ra2web_advanced/Africans/0","20","separated_lanes_v2","separated_lanes_unbounded_d1","3","14","3","4","15","1","0.5","0.575","0.15","0.2","0.07467301975322671","0.11024848763714991","0.075","0.05","{""baseline_win"":3,""candidate_win"":3,""tick_cap_draw"":14}","{""baseline_win"":1,""candidate_win"":4,""tick_cap_draw"":15}","{""all"":{""n"":20,""min"":10344,""median"":24000,""p90"":24000,""max"":24000,""mean"":21726.15},""W"":{""n"":3,""min"":10344,""median"":19009,""p90"":20217,""max"":20217,""mean"":16523.333333333332},""D"":{""n"":14,""min"":24000,""median"":24000,""p90"":24000,""max"":24000,""mean"":24000},""L"":{""n"":3,""min"":11566,""median"":13881,""p90"":23506,""max"":23506,""mean"":16317.666666666666}}","{""all"":{""n"":20,""min"":7110,""median"":24000,""p90"":24000,""max"":24000,""mean"":21870.75},""W"":{""n"":4,""min"":7110,""median"":18795,""p90"":20464,""max"":20464,""mean"":13386.25},""D"":{""n"":15,""min"":24000,""median"":24000,""p90"":24000,""max"":24000,""mean"":24000},""L"":{""n"":1,""min"":23870,""median"":23870,""p90"":23870,""max"":23870,""mean"":23870}}"
"unbounded_minus_v2","v5","opponentCountryDirection","ra2web_advanced/Africans/1","20","separated_lanes_v2","separated_lanes_unbounded_d1","1","19","0","5","15","0","0.525","0.625","0.05","0.25","0.015078196553383891","0.14818790611051605","0.1","0.2","{""candidate_win"":1,""tick_cap_draw"":19}","{""candidate_win"":5,""tick_cap_draw"":15}","{""all"":{""n"":20,""min"":17944,""median"":24000,""p90"":24000,""max"":24000,""mean"":23697.2},""W"":{""n"":1,""min"":17944,""median"":17944,""p90"":17944,""max"":17944,""mean"":17944},""D"":{""n"":19,""min"":24000,""median"":24000,""p90"":24000,""max"":24000,""mean"":24000},""L"":null}","{""all"":{""n"":20,""min"":8997,""median"":24000,""p90"":24000,""max"":24000,""mean"":20723.35},""W"":{""n"":5,""min"":8997,""median"":10292,""p90"":13401,""max"":13401,""mean"":10893.4},""D"":{""n"":15,""min"":24000,""median"":24000,""p90"":24000,""max"":24000,""mean"":24000},""L"":null}"
"unbounded_minus_v2","v5","opponentCountryDirection","ra2web_advanced/Americans/0","20","separated_lanes_v2","separated_lanes_unbounded_d1","3","1","16","5","0","15","0.175","0.25","0.15","0.25","0.07467301975322671","0.14818790611051605","0.075","0.1","{""baseline_win"":16,""candidate_win"":3,""tick_cap_draw"":1}","{""baseline_win"":15,""candidate_win"":5}","{""all"":{""n"":20,""min"":7474,""median"":19356,""p90"":23512,""max"":24000,""mean"":18448.95},""W"":{""n"":3,""min"":7474,""median"":7810,""p90"":18136,""max"":18136,""mean"":11140},""D"":{""n"":1,""min"":24000,""median"":24000,""p90"":24000,""max"":24000,""mean"":24000},""L"":{""n"":16,""min"":13032,""median"":19409,""p90"":23191,""max"":23512,""mean"":19472.4375}}","{""all"":{""n"":20,""min"":6527,""median"":19647,""p90"":23524,""max"":23557,""mean"":16557.2},""W"":{""n"":5,""min"":6527,""median"":8338,""p90"":10960,""max"":10960,""mean"":8743},""D"":null,""L"":{""n"":15,""min"":12085,""median"":20021,""p90"":23524,""max"":23557,""mean"":19161.933333333334}}"
"unbounded_minus_v2","v5","opponentCountryDirection","ra2web_advanced/Americans/1","20","separated_lanes_v2","separated_lanes_unbounded_d1","8","8","4","13","2","5","0.6","0.7","0.4","0.65","0.27242042011421685","0.5067311635134781","0.1","0.25","{""baseline_win"":4,""candidate_win"":8,""tick_cap_draw"":8}","{""baseline_win"":5,""candidate_win"":13,""tick_cap_draw"":2}","{""all"":{""n"":20,""min"":11440,""median"":23096,""p90"":24000,""max"":24000,""mean"":20308.25},""W"":{""n"":8,""min"":11440,""median"":15843,""p90"":20660,""max"":20660,""mean"":15972.875},""D"":{""n"":8,""min"":24000,""median"":24000,""p90"":24000,""max"":24000,""mean"":24000},""L"":{""n"":4,""min"":19771,""median"":23096,""p90"":23350,""max"":23350,""mean"":21595.5}}","{""all"":{""n"":20,""min"":11362,""median"":18648,""p90"":24000,""max"":24000,""mean"":17557.85},""W"":{""n"":13,""min"":11362,""median"":16336,""p90"":20277,""max"":20707,""mean"":15973.538461538461},""D"":{""n"":2,""min"":24000,""median"":24000,""p90"":24000,""max"":24000,""mean"":24000},""L"":{""n"":5,""min"":14401,""median"":21134,""p90"":21544,""max"":21544,""mean"":19100.2}}"
"unbounded_minus_disabled","v6","populations","overall","200","disabled","separated_lanes_unbounded_d1","70","81","49","68","76","56","0.5525","0.53","0.35","0.34","0.30815810792421205","0.29853132281898964","-0.0225","-0.01","{""baseline_win"":49,""candidate_win"":70,""engine_nonliteral_termination_draw"":3,""tick_cap_draw"":78}","{""baseline_win"":56,""candidate_win"":68,""engine_nonliteral_termination_draw"":1,""tick_cap_draw"":75}","{""all"":{""n"":200,""min"":5662,""median"":19880,""p90"":24000,""max"":24000,""mean"":17510.695},""W"":{""n"":70,""min"":7096,""median"":11458,""p90"":20464,""max"":21315,""mean"":13201.585714285715},""D"":{""n"":81,""min"":17832,""median"":24000,""p90"":24000,""max"":24000,""mean"":23892.11111111111},""L"":{""n"":49,""min"":5662,""median"":12085,""p90"":21483,""max"":23870,""mean"":13117.69387755102}}","{""all"":{""n"":200,""min"":5662,""median"":20021,""p90"":24000,""max"":24000,""mean"":17398.805},""W"":{""n"":68,""min"":6527,""median"":11374,""p90"":20249,""max"":22157,""mean"":12693.558823529413},""D"":{""n"":76,""min"":17832,""median"":24000,""p90"":24000,""max"":24000,""mean"":23918.842105263157},""L"":{""n"":56,""min"":5662,""median"":13247,""p90"":22529,""max"":23870,""mean"":14263.69642857143}}"
"unbounded_minus_disabled","v6","populations","supalosa","120","disabled","separated_lanes_unbounded_d1","46","42","32","41","44","35","0.5583333333333333","0.525","0.38333333333333336","0.3416666666666667","0.3283919414814477","0.2886545731300702","-0.03333333333333333","-0.041666666666666664","{""baseline_win"":32,""candidate_win"":46,""engine_nonliteral_termination_draw"":3,""tick_cap_draw"":39}","{""baseline_win"":35,""candidate_win"":41,""engine_nonliteral_termination_draw"":1,""tick_cap_draw"":43}","{""all"":{""n"":120,""min"":5662,""median"":16546,""p90"":24000,""max"":24000,""mean"":16187.383333333333},""W"":{""n"":46,""min"":7096,""median"":10958,""p90"":21001,""max"":21315,""mean"":13031.565217391304},""D"":{""n"":42,""min"":17832,""median"":24000,""p90"":24000,""max"":24000,""mean"":23791.928571428572},""L"":{""n"":32,""min"":5662,""median"":8883,""p90"":18927,""max"":23474,""mean"":10742.90625}}","{""all"":{""n"":120,""min"":5662,""median"":17560,""p90"":24000,""max"":24000,""mean"":16213.15},""W"":{""n"":41,""min"":6718,""median"":10773,""p90"":20153,""max"":22157,""mean"":12287.292682926829},""D"":{""n"":44,""min"":17832,""median"":24000,""p90"":24000,""max"":24000,""mean"":23859.81818181818},""L"":{""n"":35,""min"":5662,""median"":8918,""p90"":21483,""max"":23474,""mean"":11199.057142857142}}"
"unbounded_minus_disabled","v6","populations","advanced","80","disabled","separated_lanes_unbounded_d1","24","39","17","27","32","21","0.54375","0.5375","0.3","0.3375","0.2389027396739289","0.2736224621247424","-0.00625","0.0375","{""baseline_win"":17,""candidate_win"":24,""tick_cap_draw"":39}","{""baseline_win"":21,""candidate_win"":27,""tick_cap_draw"":32}","{""all"":{""n"":80,""min"":7110,""median"":23870,""p90"":24000,""max"":24000,""mean"":19495.6625},""W"":{""n"":24,""min"":7110,""median"":11836,""p90"":19880,""max"":20464,""mean"":13527.458333333334},""D"":{""n"":39,""min"":24000,""median"":24000,""p90"":24000,""max"":24000,""mean"":24000},""L"":{""n"":17,""min"":12085,""median"":18131,""p90"":21997,""max"":23870,""mean"":17587.882352941175}}","{""all"":{""n"":80,""min"":6527,""median"":21497,""p90"":24000,""max"":24000,""mean"":19177.2875},""W"":{""n"":27,""min"":6527,""median"":12214,""p90"":20277,""max"":20707,""mean"":13310.481481481482},""D"":{""n"":32,""min"":24000,""median"":24000,""p90"":24000,""max"":24000,""mean"":24000},""L"":{""n"":21,""min"":12085,""median"":20400,""p90"":23524,""max"":23870,""mean"":19371.428571428572}}"
"unbounded_minus_disabled","v6","strata","pinned_supalosa__hfo-bvb","8","disabled","separated_lanes_unbounded_d1","4","2","2","3","2","3","0.625","0.5","0.5","0.375","0.2936454286357453","0.19535795103474965","-0.125","-0.125","{""baseline_win"":2,""candidate_win"":4,""tick_cap_draw"":2}","{""baseline_win"":3,""candidate_win"":3,""tick_cap_draw"":2}","{""all"":{""n"":8,""min"":9816,""median"":14644,""p90"":24000,""max"":24000,""mean"":16005.25},""W"":{""n"":4,""min"":9816,""median"":14422,""p90"":14644,""max"":14644,""mean"":12413.75},""D"":{""n"":2,""min"":24000,""median"":24000,""p90"":24000,""max"":24000,""mean"":24000},""L"":{""n"":2,""min"":11556,""median"":18831,""p90"":18831,""max"":18831,""mean"":15193.5}}","{""all"":{""n"":8,""min"":9816,""median"":14392,""p90"":24000,""max"":24000,""mean"":15458.625},""W"":{""n"":3,""min"":9816,""median"":10773,""p90"":14392,""max"":14392,""mean"":11660.333333333334},""D"":{""n"":2,""min"":24000,""median"":24000,""p90"":24000,""max"":24000,""mean"":24000},""L"":{""n"":3,""min"":10175,""median"":11682,""p90"":18831,""max"":18831,""mean"":13562.666666666666}}"
"unbounded_minus_disabled","v6","strata","pinned_supalosa__hfo-corners","8","disabled","separated_lanes_unbounded_d1","3","2","3","3","2","3","0.5","0.5","0.375","0.375","0.19535795103474965","0.19535795103474965","0","0","{""baseline_win"":3,""candidate_win"":3,""tick_cap_draw"":2}","{""baseline_win"":3,""candidate_win"":3,""tick_cap_draw"":2}","{""all"":{""n"":8,""min"":7006,""median"":20249,""p90"":24000,""max"":24000,""mean"":16214.5},""W"":{""n"":3,""min"":16546,""median"":20249,""p90"":21114,""max"":21114,""mean"":19303},""D"":{""n"":2,""min"":24000,""median"":24000,""p90"":24000,""max"":24000,""mean"":24000},""L"":{""n"":3,""min"":7006,""median"":7918,""p90"":8883,""max"":8883,""mean"":7935.666666666667}}","{""all"":{""n"":8,""min"":7006,""median"":20249,""p90"":24000,""max"":24000,""mean"":15512.625},""W"":{""n"":3,""min"":11488,""median"":20249,""p90"":21114,""max"":21114,""mean"":17617},""D"":{""n"":2,""min"":24000,""median"":24000,""p90"":24000,""max"":24000,""mean"":24000},""L"":{""n"":3,""min"":7006,""median"":7918,""p90"":8326,""max"":8326,""mean"":7750}}"
"unbounded_minus_disabled","v6","strata","pinned_supalosa__hfo-corners-b","8","disabled","separated_lanes_unbounded_d1","2","3","3","3","2","3","0.4375","0.5","0.25","0.375","0.10887074683495994","0.19535795103474965","0.0625","0.125","{""baseline_win"":3,""candidate_win"":2,""tick_cap_draw"":3}","{""baseline_win"":3,""candidate_win"":3,""tick_cap_draw"":2}","{""all"":{""n"":8,""min"":6562,""median"":23474,""p90"":24000,""max"":24000,""mean"":17504.25},""W"":{""n"":2,""min"":12616,""median"":17644,""p90"":17644,""max"":17644,""mean"":15130},""D"":{""n"":3,""min"":24000,""median"":24000,""p90"":24000,""max"":24000,""mean"":24000},""L"":{""n"":3,""min"":6562,""median"":7738,""p90"":23474,""max"":23474,""mean"":12591.333333333334}}","{""all"":{""n"":8,""min"":6562,""median"":17644,""p90"":24000,""max"":24000,""mean"":15358.25},""W"":{""n"":3,""min"":8194,""median"":11374,""p90"":17644,""max"":17644,""mean"":12404},""D"":{""n"":2,""min"":24000,""median"":24000,""p90"":24000,""max"":24000,""mean"":24000},""L"":{""n"":3,""min"":6562,""median"":7618,""p90"":23474,""max"":23474,""mean"":12551.333333333334}}"
"unbounded_minus_disabled","v6","strata","pinned_supalosa__hfo-corners-b-golden","8","disabled","separated_lanes_unbounded_d1","4","1","3","4","2","2","0.5625","0.625","0.5","0.5","0.2936454286357453","0.2936454286357453","0.0625","0","{""baseline_win"":3,""candidate_win"":4,""tick_cap_draw"":1}","{""baseline_win"":2,""candidate_win"":4,""tick_cap_draw"":2}","{""all"":{""n"":8,""min"":6454,""median"":8785,""p90"":24000,""max"":24000,""mean"":10584.375},""W"":{""n"":4,""min"":8077,""median"":10036,""p90"":10936,""max"":10936,""mean"":9317.75},""D"":{""n"":1,""min"":24000,""median"":24000,""p90"":24000,""max"":24000,""mean"":24000},""L"":{""n"":3,""min"":6454,""median"":8165,""p90"":8785,""max"":8785,""mean"":7801.333333333333}}","{""all"":{""n"":8,""min"":6454,""median"":8222,""p90"":24000,""max"":24000,""mean"":12083.375},""W"":{""n"":4,""min"":7264,""median"":8222,""p90"":10485,""max"":10485,""mean"":8512},""D"":{""n"":2,""min"":24000,""median"":24000,""p90"":24000,""max"":24000,""mean"":24000},""L"":{""n"":2,""min"":6454,""median"":8165,""p90"":8165,""max"":8165,""mean"":7309.5}}"
"unbounded_minus_disabled","v6","strata","pinned_supalosa__hfo-golden","8","disabled","separated_lanes_unbounded_d1","4","2","2","3","2","3","0.625","0.5","0.5","0.375","0.2936454286357453","0.19535795103474965","-0.125","-0.125","{""baseline_win"":2,""candidate_win"":4,""tick_cap_draw"":2}","{""baseline_win"":3,""candidate_win"":3,""tick_cap_draw"":2}","{""all"":{""n"":8,""min"":7096,""median"":11680,""p90"":24000,""max"":24000,""mean"":13331.25},""W"":{""n"":4,""min"":7096,""median"":11680,""p90"":11844,""max"":11844,""mean"":10317},""D"":{""n"":2,""min"":24000,""median"":24000,""p90"":24000,""max"":24000,""mean"":24000},""L"":{""n"":2,""min"":7962,""median"":9420,""p90"":9420,""max"":9420,""mean"":8691}}","{""all"":{""n"":8,""min"":7330,""median"":12847,""p90"":24000,""max"":24000,""mean"":14576.25},""W"":{""n"":3,""min"":9544,""median"":11844,""p90"":12847,""max"":12847,""mean"":11411.666666666666},""D"":{""n"":2,""min"":24000,""median"":24000,""p90"":24000,""max"":24000,""mean"":24000},""L"":{""n"":3,""min"":7330,""median"":9420,""p90"":17625,""max"":17625,""mean"":11458.333333333334}}"
"unbounded_minus_disabled","v6","strata","pinned_supalosa__hfo-le","8","disabled","separated_lanes_unbounded_d1","4","2","2","3","3","2","0.625","0.5625","0.5","0.375","0.2936454286357453","0.19535795103474965","-0.0625","-0.125","{""baseline_win"":2,""candidate_win"":4,""tick_cap_draw"":2}","{""baseline_win"":2,""candidate_win"":3,""tick_cap_draw"":3}","{""all"":{""n"":8,""min"":7420,""median"":9706,""p90"":24000,""max"":24000,""mean"":12827.875},""W"":{""n"":4,""min"":9538,""median"":9706,""p90"":10903,""max"":10903,""mean"":9933.25},""D"":{""n"":2,""min"":24000,""median"":24000,""p90"":24000,""max"":24000,""mean"":24000},""L"":{""n"":2,""min"":7420,""median"":7470,""p90"":7470,""max"":7470,""mean"":7445}}","{""all"":{""n"":8,""min"":7420,""median"":13165,""p90"":24000,""max"":24000,""mean"":15068},""W"":{""n"":3,""min"":9586,""median"":10903,""p90"":13165,""max"":13165,""mean"":11218},""D"":{""n"":3,""min"":24000,""median"":24000,""p90"":24000,""max"":24000,""mean"":24000},""L"":{""n"":2,""min"":7420,""median"":7470,""p90"":7470,""max"":7470,""mean"":7445}}"
"unbounded_minus_disabled","v6","strata","pinned_supalosa__hfo-lvl","8","disabled","separated_lanes_unbounded_d1","4","1","3","3","1","4","0.5625","0.4375","0.5","0.375","0.2936454286357453","0.19535795103474965","-0.125","-0.125","{""baseline_win"":3,""candidate_win"":4,""tick_cap_draw"":1}","{""baseline_win"":4,""candidate_win"":3,""tick_cap_draw"":1}","{""all"":{""n"":8,""min"":8918,""median"":21164,""p90"":24000,""max"":24000,""mean"":18955.375},""W"":{""n"":4,""min"":14396,""median"":20204,""p90"":21164,""max"":21164,""mean"":18813.25},""D"":{""n"":1,""min"":24000,""median"":24000,""p90"":24000,""max"":24000,""mean"":24000},""L"":{""n"":3,""min"":8918,""median"":21483,""p90"":21989,""max"":21989,""mean"":17463.333333333332}}","{""all"":{""n"":8,""min"":8104,""median"":20153,""p90"":24000,""max"":24000,""mean"":17384},""W"":{""n"":3,""min"":14396,""median"":20029,""p90"":20153,""max"":20153,""mean"":18192.666666666668},""D"":{""n"":1,""min"":24000,""median"":24000,""p90"":24000,""max"":24000,""mean"":24000},""L"":{""n"":4,""min"":8104,""median"":21483,""p90"":21989,""max"":21989,""mean"":15123.5}}"
"unbounded_minus_disabled","v6","strata","pinned_supalosa__hfo-original","8","disabled","separated_lanes_unbounded_d1","3","2","3","3","2","3","0.5","0.5","0.375","0.375","0.19535795103474965","0.19535795103474965","0","0","{""baseline_win"":3,""candidate_win"":3,""tick_cap_draw"":2}","{""baseline_win"":3,""candidate_win"":3,""tick_cap_draw"":2}","{""all"":{""n"":8,""min"":7384,""median"":13606,""p90"":24000,""max"":24000,""mean"":15168.5},""W"":{""n"":3,""min"":10958,""median"":13606,""p90"":19267,""max"":19267,""mean"":14610.333333333334},""D"":{""n"":2,""min"":24000,""median"":24000,""p90"":24000,""max"":24000,""mean"":24000},""L"":{""n"":3,""min"":7384,""median"":10046,""p90"":12087,""max"":12087,""mean"":9839}}","{""all"":{""n"":8,""min"":7582,""median"":10958,""p90"":24000,""max"":24000,""mean"":13604.375},""W"":{""n"":3,""min"":9910,""median"":10252,""p90"":10958,""max"":10958,""mean"":10373.333333333334},""D"":{""n"":2,""min"":24000,""median"":24000,""p90"":24000,""max"":24000,""mean"":24000},""L"":{""n"":3,""min"":7582,""median"":10046,""p90"":12087,""max"":12087,""mean"":9905}}"
"unbounded_minus_disabled","v6","strata","pinned_supalosa__hfo-rvr","8","disabled","separated_lanes_unbounded_d1","3","4","1","2","5","1","0.625","0.5625","0.375","0.25","0.19535795103474965","0.10887074683495994","-0.0625","-0.125","{""baseline_win"":1,""candidate_win"":3,""tick_cap_draw"":4}","{""baseline_win"":1,""candidate_win"":2,""tick_cap_draw"":5}","{""all"":{""n"":8,""min"":8608,""median"":24000,""p90"":24000,""max"":24000,""mean"":20697.625},""W"":{""n"":3,""min"":8608,""median"":20856,""p90"":21190,""max"":21190,""mean"":16884.666666666668},""D"":{""n"":4,""min"":24000,""median"":24000,""p90"":24000,""max"":24000,""mean"":24000},""L"":{""n"":1,""min"":18927,""median"":18927,""p90"":18927,""max"":18927,""mean"":18927}}","{""all"":{""n"":8,""min"":12464,""median"":24000,""p90"":24000,""max"":24000,""mean"":21656},""W"":{""n"":2,""min"":12464,""median"":21190,""p90"":21190,""max"":21190,""mean"":16827},""D"":{""n"":5,""min"":24000,""median"":24000,""p90"":24000,""max"":24000,""mean"":24000},""L"":{""n"":1,""min"":19594,""median"":19594,""p90"":19594,""max"":19594,""mean"":19594}}"
"unbounded_minus_disabled","v6","strata","pinned_supalosa__hfo-tvt","8","disabled","separated_lanes_unbounded_d1","4","4","0","3","5","0","0.75","0.6875","0.5","0.375","0.2936454286357453","0.19535795103474965","-0.0625","-0.125","{""candidate_win"":4,""tick_cap_draw"":4}","{""candidate_win"":3,""tick_cap_draw"":5}","{""all"":{""n"":8,""min"":7870,""median"":24000,""p90"":24000,""max"":24000,""mean"":18302.375},""W"":{""n"":4,""min"":7870,""median"":12002,""p90"":21315,""max"":21315,""mean"":12604.75},""D"":{""n"":4,""min"":24000,""median"":24000,""p90"":24000,""max"":24000,""mean"":24000},""L"":null}","{""all"":{""n"":8,""min"":6718,""median"":24000,""p90"":24000,""max"":24000,""mean"":18566},""W"":{""n"":3,""min"":6718,""median"":9808,""p90"":12002,""max"":12002,""mean"":9509.333333333334},""D"":{""n"":5,""min"":24000,""median"":24000,""p90"":24000,""max"":24000,""mean"":24000},""L"":null}"
"unbounded_minus_disabled","v6","strata","pinned_supalosa__pacific-heights","8","disabled","separated_lanes_unbounded_d1","6","2","0","6","2","0","0.875","0.875","0.75","0.75","0.5237063285891094","0.5237063285891094","0","0","{""candidate_win"":6,""tick_cap_draw"":2}","{""candidate_win"":6,""tick_cap_draw"":2}","{""all"":{""n"":8,""min"":9274,""median"":10792,""p90"":24000,""max"":24000,""mean"":13775.5},""W"":{""n"":6,""min"":9274,""median"":9797,""p90"":13450,""max"":13450,""mean"":10367.333333333334},""D"":{""n"":2,""min"":24000,""median"":24000,""p90"":24000,""max"":24000,""mean"":24000},""L"":null}","{""all"":{""n"":8,""min"":9449,""median"":10163,""p90"":24000,""max"":24000,""mean"":14338.125},""W"":{""n"":6,""min"":9449,""median"":9880,""p90"":17560,""max"":17560,""mean"":11117.5},""D"":{""n"":2,""min"":24000,""median"":24000,""p90"":24000,""max"":24000,""mean"":24000},""L"":null}"
"unbounded_minus_disabled","v6","strata","pinned_supalosa__peak","8","disabled","separated_lanes_unbounded_d1","3","5","0","3","4","1","0.6875","0.625","0.375","0.375","0.19535795103474965","0.19535795103474965","-0.0625","0","{""candidate_win"":3,""tick_cap_draw"":5}","{""baseline_win"":1,""candidate_win"":3,""tick_cap_draw"":4}","{""all"":{""n"":8,""min"":9441,""median"":24000,""p90"":24000,""max"":24000,""mean"":18794.625},""W"":{""n"":3,""min"":9441,""median"":9458,""p90"":11458,""max"":11458,""mean"":10119},""D"":{""n"":5,""min"":24000,""median"":24000,""p90"":24000,""max"":24000,""mean"":24000},""L"":null}","{""all"":{""n"":8,""min"":9441,""median"":24000,""p90"":24000,""max"":24000,""mean"":18585.5},""W"":{""n"":3,""min"":9441,""median"":9458,""p90"":11520,""max"":11520,""mean"":10139.666666666666},""D"":{""n"":4,""min"":24000,""median"":24000,""p90"":24000,""max"":24000,""mean"":24000},""L"":{""n"":1,""min"":22265,""median"":22265,""p90"":22265,""max"":22265,""mean"":22265}}"
"unbounded_minus_disabled","v6","strata","pinned_supalosa__south-pacific","8","disabled","separated_lanes_unbounded_d1","0","6","2","0","6","2","0.375","0.375","0","0","0","0","0","0","{""baseline_win"":2,""engine_nonliteral_termination_draw"":2,""tick_cap_draw"":4}","{""baseline_win"":2,""engine_nonliteral_termination_draw"":1,""tick_cap_draw"":5}","{""all"":{""n"":8,""min"":9438,""median"":24000,""p90"":24000,""max"":24000,""mean"":19737.125},""W"":null,""D"":{""n"":6,""min"":17832,""median"":24000,""p90"":24000,""max"":24000,""mean"":22936.5},""L"":{""n"":2,""min"":9438,""median"":10840,""p90"":10840,""max"":10840,""mean"":10139}}","{""all"":{""n"":8,""min"":9438,""median"":24000,""p90"":24000,""max"":24000,""mean"":19763.75},""W"":null,""D"":{""n"":6,""min"":17832,""median"":24000,""p90"":24000,""max"":24000,""mean"":22972},""L"":{""n"":2,""min"":9438,""median"":10840,""p90"":10840,""max"":10840,""mean"":10139}}"
"unbounded_minus_disabled","v6","strata","pinned_supalosa__south-pacific-2","8","disabled","separated_lanes_unbounded_d1","1","5","2","1","5","2","0.4375","0.4375","0.125","0.125","0.038176543007959585","0.038176543007959585","0","0","{""baseline_win"":2,""candidate_win"":1,""engine_nonliteral_termination_draw"":1,""tick_cap_draw"":4}","{""baseline_win"":2,""candidate_win"":1,""tick_cap_draw"":5}","{""all"":{""n"":8,""min"":13501,""median"":24000,""p90"":24000,""max"":24000,""mean"":21222.375},""W"":{""n"":1,""min"":21001,""median"":21001,""p90"":21001,""max"":21001,""mean"":21001},""D"":{""n"":5,""min"":21642,""median"":24000,""p90"":24000,""max"":24000,""mean"":23528.4},""L"":{""n"":2,""min"":13501,""median"":17635,""p90"":17635,""max"":17635,""mean"":15568}}","{""all"":{""n"":8,""min"":13501,""median"":24000,""p90"":24000,""max"":24000,""mean"":21661.625},""W"":{""n"":1,""min"":22157,""median"":22157,""p90"":22157,""max"":22157,""mean"":22157},""D"":{""n"":5,""min"":24000,""median"":24000,""p90"":24000,""max"":24000,""mean"":24000},""L"":{""n"":2,""min"":13501,""median"":17635,""p90"":17635,""max"":17635,""mean"":15568}}"
"unbounded_minus_disabled","v6","strata","pinned_supalosa__tour-of-egypt","8","disabled","separated_lanes_unbounded_d1","1","1","6","1","1","6","0.1875","0.1875","0.125","0.125","0.038176543007959585","0.038176543007959585","0","0","{""baseline_win"":6,""candidate_win"":1,""tick_cap_draw"":1}","{""baseline_win"":6,""candidate_win"":1,""tick_cap_draw"":1}","{""all"":{""n"":8,""min"":5662,""median"":7960,""p90"":24000,""max"":24000,""mean"":9689.75},""W"":{""n"":1,""min"":9637,""median"":9637,""p90"":9637,""max"":9637,""mean"":9637},""D"":{""n"":1,""min"":24000,""median"":24000,""p90"":24000,""max"":24000,""mean"":24000},""L"":{""n"":6,""min"":5662,""median"":7197,""p90"":9922,""max"":9922,""mean"":7313.5}}","{""all"":{""n"":8,""min"":5662,""median"":7226,""p90"":24000,""max"":24000,""mean"":9580.75},""W"":{""n"":1,""min"":9637,""median"":9637,""p90"":9637,""max"":9637,""mean"":9637},""D"":{""n"":1,""min"":24000,""median"":24000,""p90"":24000,""max"":24000,""mean"":24000},""L"":{""n"":6,""min"":5662,""median"":7197,""p90"":9922,""max"":9922,""mean"":7168.166666666667}}"
"unbounded_minus_disabled","v6","strata","ra2web_advanced__hfo-bvb","8","disabled","separated_lanes_unbounded_d1","3","4","1","3","2","3","0.625","0.5","0.375","0.375","0.19535795103474965","0.19535795103474965","-0.125","0","{""baseline_win"":1,""candidate_win"":3,""tick_cap_draw"":4}","{""baseline_win"":3,""candidate_win"":3,""tick_cap_draw"":2}","{""all"":{""n"":8,""min"":8997,""median"":24000,""p90"":24000,""max"":24000,""mean"":17234.75},""W"":{""n"":3,""min"":8997,""median"":9443,""p90"":10053,""max"":10053,""mean"":9497.666666666666},""D"":{""n"":4,""min"":24000,""median"":24000,""p90"":24000,""max"":24000,""mean"":24000},""L"":{""n"":1,""min"":13385,""median"":13385,""p90"":13385,""max"":13385,""mean"":13385}}","{""all"":{""n"":8,""min"":8997,""median"":14401,""p90"":24000,""max"":24000,""mean"":15335.25},""W"":{""n"":3,""min"":8997,""median"":9916,""p90"":10053,""max"":10053,""mean"":9655.333333333334},""D"":{""n"":2,""min"":24000,""median"":24000,""p90"":24000,""max"":24000,""mean"":24000},""L"":{""n"":3,""min"":14390,""median"":14401,""p90"":16925,""max"":16925,""mean"":15238.666666666666}}"
"unbounded_minus_disabled","v6","strata","ra2web_advanced__hfo-corners","8","disabled","separated_lanes_unbounded_d1","0","6","2","2","4","2","0.375","0.5","0","0.25","0","0.10887074683495994","0.125","0.25","{""baseline_win"":2,""tick_cap_draw"":6}","{""baseline_win"":2,""candidate_win"":2,""tick_cap_draw"":4}","{""all"":{""n"":8,""min"":12085,""median"":24000,""p90"":24000,""max"":24000,""mean"":21166.5},""W"":null,""D"":{""n"":6,""min"":24000,""median"":24000,""p90"":24000,""max"":24000,""mean"":24000},""L"":{""n"":2,""min"":12085,""median"":13247,""p90"":13247,""max"":13247,""mean"":12666}}","{""all"":{""n"":8,""min"":12085,""median"":24000,""p90"":24000,""max"":24000,""mean"":18814.75},""W"":{""n"":2,""min"":12214,""median"":16972,""p90"":16972,""max"":16972,""mean"":14593},""D"":{""n"":4,""min"":24000,""median"":24000,""p90"":24000,""max"":24000,""mean"":24000},""L"":{""n"":2,""min"":12085,""median"":13247,""p90"":13247,""max"":13247,""mean"":12666}}"
"unbounded_minus_disabled","v6","strata","ra2web_advanced__hfo-corners-b","8","disabled","separated_lanes_unbounded_d1","2","6","0","2","5","1","0.625","0.5625","0.25","0.25","0.10887074683495994","0.10887074683495994","-0.0625","0","{""candidate_win"":2,""tick_cap_draw"":6}","{""baseline_win"":1,""candidate_win"":2,""tick_cap_draw"":5}","{""all"":{""n"":8,""min"":9928,""median"":24000,""p90"":24000,""max"":24000,""mean"":21345.25},""W"":{""n"":2,""min"":9928,""median"":16834,""p90"":16834,""max"":16834,""mean"":13381},""D"":{""n"":6,""min"":24000,""median"":24000,""p90"":24000,""max"":24000,""mean"":24000},""L"":null}","{""all"":{""n"":8,""min"":10960,""median"":24000,""p90"":24000,""max"":24000,""mean"":21808.25},""W"":{""n"":2,""min"":10960,""median"":19949,""p90"":19949,""max"":19949,""mean"":15454.5},""D"":{""n"":5,""min"":24000,""median"":24000,""p90"":24000,""max"":24000,""mean"":24000},""L"":{""n"":1,""min"":23557,""median"":23557,""p90"":23557,""max"":23557,""mean"":23557}}"
"unbounded_minus_disabled","v6","strata","ra2web_advanced__hfo-corners-b-golden","8","disabled","separated_lanes_unbounded_d1","2","4","2","2","4","2","0.5","0.5","0.25","0.25","0.10887074683495994","0.10887074683495994","0","0","{""baseline_win"":2,""candidate_win"":2,""tick_cap_draw"":4}","{""baseline_win"":2,""candidate_win"":2,""tick_cap_draw"":4}","{""all"":{""n"":8,""min"":9904,""median"":24000,""p90"":24000,""max"":24000,""mean"":20517.125},""W"":{""n"":2,""min"":9904,""median"":16204,""p90"":16204,""max"":16204,""mean"":13054},""D"":{""n"":4,""min"":24000,""median"":24000,""p90"":24000,""max"":24000,""mean"":24000},""L"":{""n"":2,""min"":20032,""median"":21997,""p90"":21997,""max"":21997,""mean"":21014.5}}","{""all"":{""n"":8,""min"":11362,""median"":24000,""p90"":24000,""max"":24000,""mean"":20495.125},""W"":{""n"":2,""min"":11362,""median"":13054,""p90"":13054,""max"":13054,""mean"":12208},""D"":{""n"":4,""min"":24000,""median"":24000,""p90"":24000,""max"":24000,""mean"":24000},""L"":{""n"":2,""min"":20021,""median"":23524,""p90"":23524,""max"":23524,""mean"":21772.5}}"
"unbounded_minus_disabled","v6","strata","ra2web_advanced__hfo-golden","8","disabled","separated_lanes_unbounded_d1","3","4","1","4","3","1","0.625","0.6875","0.375","0.5","0.19535795103474965","0.2936454286357453","0.0625","0.125","{""baseline_win"":1,""candidate_win"":3,""tick_cap_draw"":4}","{""baseline_win"":1,""candidate_win"":4,""tick_cap_draw"":3}","{""all"":{""n"":8,""min"":7894,""median"":24000,""p90"":24000,""max"":24000,""mean"":19172.75},""W"":{""n"":3,""min"":7894,""median"":11724,""p90"":19880,""max"":19880,""mean"":13166},""D"":{""n"":4,""min"":24000,""median"":24000,""p90"":24000,""max"":24000,""mean"":24000},""L"":{""n"":1,""min"":17884,""median"":17884,""p90"":17884,""max"":17884,""mean"":17884}}","{""all"":{""n"":8,""min"":8338,""median"":20707,""p90"":24000,""max"":24000,""mean"":18563.5},""W"":{""n"":4,""min"":8338,""median"":16336,""p90"":20707,""max"":20707,""mean"":14276.25},""D"":{""n"":3,""min"":24000,""median"":24000,""p90"":24000,""max"":24000,""mean"":24000},""L"":{""n"":1,""min"":19403,""median"":19403,""p90"":19403,""max"":19403,""mean"":19403}}"
"unbounded_minus_disabled","v6","strata","ra2web_advanced__hfo-le","8","disabled","separated_lanes_unbounded_d1","2","3","3","2","2","4","0.4375","0.375","0.25","0.25","0.10887074683495994","0.10887074683495994","-0.0625","0","{""baseline_win"":3,""candidate_win"":2,""tick_cap_draw"":3}","{""baseline_win"":4,""candidate_win"":2,""tick_cap_draw"":2}","{""all"":{""n"":8,""min"":18293,""median"":21453,""p90"":24000,""max"":24000,""mean"":21553},""W"":{""n"":2,""min"":18795,""median"":20464,""p90"":20464,""max"":20464,""mean"":19629.5},""D"":{""n"":3,""min"":24000,""median"":24000,""p90"":24000,""max"":24000,""mean"":24000},""L"":{""n"":3,""min"":18293,""median"":21419,""p90"":21453,""max"":21453,""mean"":20388.333333333332}}","{""all"":{""n"":8,""min"":18795,""median"":21544,""p90"":24000,""max"":24000,""mean"":21694.875},""W"":{""n"":2,""min"":18795,""median"":20464,""p90"":20464,""max"":20464,""mean"":19629.5},""D"":{""n"":2,""min"":24000,""median"":24000,""p90"":24000,""max"":24000,""mean"":24000},""L"":{""n"":4,""min"":21409,""median"":21544,""p90"":21850,""max"":21850,""mean"":21575}}"
"unbounded_minus_disabled","v6","strata","ra2web_advanced__hfo-lvl","8","disabled","separated_lanes_unbounded_d1","2","3","3","2","3","3","0.4375","0.4375","0.25","0.25","0.10887074683495994","0.10887074683495994","0","0","{""baseline_win"":3,""candidate_win"":2,""tick_cap_draw"":3}","{""baseline_win"":3,""candidate_win"":2,""tick_cap_draw"":3}","{""all"":{""n"":8,""min"":15857,""median"":23870,""p90"":24000,""max"":24000,""mean"":20883.375},""W"":{""n"":2,""min"":18447,""median"":18450,""p90"":18450,""max"":18450,""mean"":18448.5},""D"":{""n"":3,""min"":24000,""median"":24000,""p90"":24000,""max"":24000,""mean"":24000},""L"":{""n"":3,""min"":15857,""median"":18443,""p90"":23870,""max"":23870,""mean"":19390}}","{""all"":{""n"":8,""min"":18648,""median"":23870,""p90"":24000,""max"":24000,""mean"":22219.25},""W"":{""n"":2,""min"":18648,""median"":20277,""p90"":20277,""max"":20277,""mean"":19462.5},""D"":{""n"":3,""min"":24000,""median"":24000,""p90"":24000,""max"":24000,""mean"":24000},""L"":{""n"":3,""min"":20400,""median"":22559,""p90"":23870,""max"":23870,""mean"":22276.333333333332}}"
"unbounded_minus_disabled","v6","strata","ra2web_advanced__hfo-original","8","disabled","separated_lanes_unbounded_d1","4","2","2","4","2","2","0.625","0.625","0.5","0.5","0.2936454286357453","0.2936454286357453","0","0","{""baseline_win"":2,""candidate_win"":4,""tick_cap_draw"":2}","{""baseline_win"":2,""candidate_win"":4,""tick_cap_draw"":2}","{""all"":{""n"":8,""min"":10292,""median"":18131,""p90"":24000,""max"":24000,""mean"":17419},""W"":{""n"":4,""min"":10292,""median"":17170,""p90"":18620,""max"":18620,""mean"":14870.75},""D"":{""n"":2,""min"":24000,""median"":24000,""p90"":24000,""max"":24000,""mean"":24000},""L"":{""n"":2,""min"":13738,""median"":18131,""p90"":18131,""max"":18131,""mean"":15934.5}}","{""all"":{""n"":8,""min"":10292,""median"":19776,""p90"":24000,""max"":24000,""mean"":18089.625},""W"":{""n"":4,""min"":10292,""median"":13660,""p90"":19941,""max"":19941,""mean"":14323.5},""D"":{""n"":2,""min"":24000,""median"":24000,""p90"":24000,""max"":24000,""mean"":24000},""L"":{""n"":2,""min"":19647,""median"":19776,""p90"":19776,""max"":19776,""mean"":19711.5}}"
"unbounded_minus_disabled","v6","strata","ra2web_advanced__hfo-rvr","8","disabled","separated_lanes_unbounded_d1","1","5","2","0","5","3","0.4375","0.3125","0.125","0","0.038176543007959585","0","-0.125","-0.125","{""baseline_win"":2,""candidate_win"":1,""tick_cap_draw"":5}","{""baseline_win"":3,""tick_cap_draw"":5}","{""all"":{""n"":8,""min"":10780,""median"":24000,""p90"":24000,""max"":24000,""mean"":19854.25},""W"":{""n"":1,""min"":10780,""median"":10780,""p90"":10780,""max"":10780,""mean"":10780},""D"":{""n"":5,""min"":24000,""median"":24000,""p90"":24000,""max"":24000,""mean"":24000},""L"":{""n"":2,""min"":12735,""median"":15319,""p90"":15319,""max"":15319,""mean"":14027}}","{""all"":{""n"":8,""min"":13032,""median"":24000,""p90"":24000,""max"":24000,""mean"":22086.875},""W"":null,""D"":{""n"":5,""min"":24000,""median"":24000,""p90"":24000,""max"":24000,""mean"":24000},""L"":{""n"":3,""min"":13032,""median"":21134,""p90"":22529,""max"":22529,""mean"":18898.333333333332}}"
"unbounded_minus_disabled","v6","strata","ra2web_advanced__hfo-tvt","8","disabled","separated_lanes_unbounded_d1","5","2","1","6","2","0","0.75","0.875","0.625","0.75","0.4027757419118244","0.5237063285891094","0.125","0.125","{""baseline_win"":1,""candidate_win"":5,""tick_cap_draw"":2}","{""candidate_win"":6,""tick_cap_draw"":2}","{""all"":{""n"":8,""min"":7110,""median"":19961,""p90"":24000,""max"":24000,""mean"":15810.625},""W"":{""n"":5,""min"":7110,""median"":11296,""p90"":19961,""max"":19961,""mean"":11475.8},""D"":{""n"":2,""min"":24000,""median"":24000,""p90"":24000,""max"":24000,""mean"":24000},""L"":{""n"":1,""min"":21106,""median"":21106,""p90"":21106,""max"":21106,""mean"":21106}}","{""all"":{""n"":8,""min"":6527,""median"":11938,""p90"":24000,""max"":24000,""mean"":12665.375},""W"":{""n"":6,""min"":6527,""median"":7974,""p90"":12598,""max"":12598,""mean"":8887.166666666666},""D"":{""n"":2,""min"":24000,""median"":24000,""p90"":24000,""max"":24000,""mean"":24000},""L"":null}"
"unbounded_minus_disabled","v6","maps","hfo-bvb","16","disabled","separated_lanes_unbounded_d1","7","6","3","6","4","6","0.625","0.5","0.4375","0.375","0.29184763573272116","0.23846779627509276","-0.125","-0.0625","{""baseline_win"":3,""candidate_win"":7,""tick_cap_draw"":6}","{""baseline_win"":6,""candidate_win"":6,""tick_cap_draw"":4}","{""all"":{""n"":16,""min"":8997,""median"":14644,""p90"":24000,""max"":24000,""mean"":16620},""W"":{""n"":7,""min"":8997,""median"":10053,""p90"":14644,""max"":14644,""mean"":11164},""D"":{""n"":6,""min"":24000,""median"":24000,""p90"":24000,""max"":24000,""mean"":24000},""L"":{""n"":3,""min"":11556,""median"":13385,""p90"":18831,""max"":18831,""mean"":14590.666666666666}}","{""all"":{""n"":16,""min"":8997,""median"":14392,""p90"":24000,""max"":24000,""mean"":15396.9375},""W"":{""n"":6,""min"":8997,""median"":10053,""p90"":14392,""max"":14392,""mean"":10657.833333333334},""D"":{""n"":4,""min"":24000,""median"":24000,""p90"":24000,""max"":24000,""mean"":24000},""L"":{""n"":6,""min"":10175,""median"":14401,""p90"":18831,""max"":18831,""mean"":14400.666666666666}}"
"unbounded_minus_disabled","v6","maps","hfo-corners","16","disabled","separated_lanes_unbounded_d1","3","8","5","5","6","5","0.4375","0.5","0.1875","0.3125","0.09400111552644326","0.18745912692965838","0.0625","0.125","{""baseline_win"":5,""candidate_win"":3,""tick_cap_draw"":8}","{""baseline_win"":5,""candidate_win"":5,""tick_cap_draw"":6}","{""all"":{""n"":16,""min"":7006,""median"":24000,""p90"":24000,""max"":24000,""mean"":18690.5},""W"":{""n"":3,""min"":16546,""median"":20249,""p90"":21114,""max"":21114,""mean"":19303},""D"":{""n"":8,""min"":24000,""median"":24000,""p90"":24000,""max"":24000,""mean"":24000},""L"":{""n"":5,""min"":7006,""median"":8883,""p90"":13247,""max"":13247,""mean"":9827.8}}","{""all"":{""n"":16,""min"":7006,""median"":20249,""p90"":24000,""max"":24000,""mean"":17163.6875},""W"":{""n"":5,""min"":11488,""median"":16972,""p90"":21114,""max"":21114,""mean"":16407.4},""D"":{""n"":6,""min"":24000,""median"":24000,""p90"":24000,""max"":24000,""mean"":24000},""L"":{""n"":5,""min"":7006,""median"":8326,""p90"":13247,""max"":13247,""mean"":9716.4}}"
"unbounded_minus_disabled","v6","maps","hfo-corners-b","16","disabled","separated_lanes_unbounded_d1","4","9","3","5","7","4","0.53125","0.53125","0.25","0.3125","0.13912211071126457","0.18745912692965838","0","0.0625","{""baseline_win"":3,""candidate_win"":4,""tick_cap_draw"":9}","{""baseline_win"":4,""candidate_win"":5,""tick_cap_draw"":7}","{""all"":{""n"":16,""min"":6562,""median"":24000,""p90"":24000,""max"":24000,""mean"":19424.75},""W"":{""n"":4,""min"":9928,""median"":16834,""p90"":17644,""max"":17644,""mean"":14255.5},""D"":{""n"":9,""min"":24000,""median"":24000,""p90"":24000,""max"":24000,""mean"":24000},""L"":{""n"":3,""min"":6562,""median"":7738,""p90"":23474,""max"":23474,""mean"":12591.333333333334}}","{""all"":{""n"":16,""min"":6562,""median"":23557,""p90"":24000,""max"":24000,""mean"":18583.25},""W"":{""n"":5,""min"":8194,""median"":11374,""p90"":19949,""max"":19949,""mean"":13624.2},""D"":{""n"":7,""min"":24000,""median"":24000,""p90"":24000,""max"":24000,""mean"":24000},""L"":{""n"":4,""min"":6562,""median"":23474,""p90"":23557,""max"":23557,""mean"":15302.75}}"
"unbounded_minus_disabled","v6","maps","hfo-corners-b-golden","16","disabled","separated_lanes_unbounded_d1","6","5","5","6","6","4","0.53125","0.5625","0.375","0.375","0.23846779627509276","0.23846779627509276","0.03125","0","{""baseline_win"":5,""candidate_win"":6,""tick_cap_draw"":5}","{""baseline_win"":4,""candidate_win"":6,""tick_cap_draw"":6}","{""all"":{""n"":16,""min"":6454,""median"":16204,""p90"":24000,""max"":24000,""mean"":15550.75},""W"":{""n"":6,""min"":8077,""median"":10036,""p90"":16204,""max"":16204,""mean"":10563.166666666666},""D"":{""n"":5,""min"":24000,""median"":24000,""p90"":24000,""max"":24000,""mean"":24000},""L"":{""n"":5,""min"":6454,""median"":8785,""p90"":21997,""max"":21997,""mean"":13086.6}}","{""all"":{""n"":16,""min"":6454,""median"":20021,""p90"":24000,""max"":24000,""mean"":16289.25},""W"":{""n"":6,""min"":7264,""median"":10485,""p90"":13054,""max"":13054,""mean"":9744},""D"":{""n"":6,""min"":24000,""median"":24000,""p90"":24000,""max"":24000,""mean"":24000},""L"":{""n"":4,""min"":6454,""median"":20021,""p90"":23524,""max"":23524,""mean"":14541}}"
"unbounded_minus_disabled","v6","maps","hfo-golden","16","disabled","separated_lanes_unbounded_d1","7","6","3","7","5","4","0.625","0.59375","0.4375","0.4375","0.29184763573272116","0.29184763573272116","-0.03125","0","{""baseline_win"":3,""candidate_win"":7,""tick_cap_draw"":6}","{""baseline_win"":4,""candidate_win"":7,""tick_cap_draw"":5}","{""all"":{""n"":16,""min"":7096,""median"":17884,""p90"":24000,""max"":24000,""mean"":16252},""W"":{""n"":7,""min"":7096,""median"":11680,""p90"":19880,""max"":19880,""mean"":11538},""D"":{""n"":6,""min"":24000,""median"":24000,""p90"":24000,""max"":24000,""mean"":24000},""L"":{""n"":3,""min"":7962,""median"":9420,""p90"":17884,""max"":17884,""mean"":11755.333333333334}}","{""all"":{""n"":16,""min"":7330,""median"":17625,""p90"":24000,""max"":24000,""mean"":16569.875},""W"":{""n"":7,""min"":8338,""median"":11844,""p90"":20707,""max"":20707,""mean"":13048.57142857143},""D"":{""n"":5,""min"":24000,""median"":24000,""p90"":24000,""max"":24000,""mean"":24000},""L"":{""n"":4,""min"":7330,""median"":17625,""p90"":19403,""max"":19403,""mean"":13444.5}}"
"unbounded_minus_disabled","v6","maps","hfo-le","16","disabled","separated_lanes_unbounded_d1","6","5","5","5","5","6","0.53125","0.46875","0.375","0.3125","0.23846779627509276","0.18745912692965838","-0.0625","-0.0625","{""baseline_win"":5,""candidate_win"":6,""tick_cap_draw"":5}","{""baseline_win"":6,""candidate_win"":5,""tick_cap_draw"":5}","{""all"":{""n"":16,""min"":7420,""median"":20464,""p90"":24000,""max"":24000,""mean"":17190.4375},""W"":{""n"":6,""min"":9538,""median"":10903,""p90"":20464,""max"":20464,""mean"":13165.333333333334},""D"":{""n"":5,""min"":24000,""median"":24000,""p90"":24000,""max"":24000,""mean"":24000},""L"":{""n"":5,""min"":7420,""median"":18293,""p90"":21453,""max"":21453,""mean"":15211}}","{""all"":{""n"":16,""min"":7420,""median"":21497,""p90"":24000,""max"":24000,""mean"":18381.4375},""W"":{""n"":5,""min"":9586,""median"":13165,""p90"":20464,""max"":20464,""mean"":14582.6},""D"":{""n"":5,""min"":24000,""median"":24000,""p90"":24000,""max"":24000,""mean"":24000},""L"":{""n"":6,""min"":7420,""median"":21497,""p90"":21850,""max"":21850,""mean"":16865}}"
"unbounded_minus_disabled","v6","maps","hfo-lvl","16","disabled","separated_lanes_unbounded_d1","6","4","6","5","4","7","0.5","0.4375","0.375","0.3125","0.23846779627509276","0.18745912692965838","-0.0625","-0.0625","{""baseline_win"":6,""candidate_win"":6,""tick_cap_draw"":4}","{""baseline_win"":7,""candidate_win"":5,""tick_cap_draw"":4}","{""all"":{""n"":16,""min"":8918,""median"":21164,""p90"":24000,""max"":24000,""mean"":19919.375},""W"":{""n"":6,""min"":14396,""median"":19489,""p90"":21164,""max"":21164,""mean"":18691.666666666668},""D"":{""n"":4,""min"":24000,""median"":24000,""p90"":24000,""max"":24000,""mean"":24000},""L"":{""n"":6,""min"":8918,""median"":21483,""p90"":23870,""max"":23870,""mean"":18426.666666666668}}","{""all"":{""n"":16,""min"":8104,""median"":21483,""p90"":24000,""max"":24000,""mean"":19801.625},""W"":{""n"":5,""min"":14396,""median"":20029,""p90"":20277,""max"":20277,""mean"":18700.6},""D"":{""n"":4,""min"":24000,""median"":24000,""p90"":24000,""max"":24000,""mean"":24000},""L"":{""n"":7,""min"":8104,""median"":21483,""p90"":23870,""max"":23870,""mean"":18189}}"
"unbounded_minus_disabled","v6","maps","hfo-original","16","disabled","separated_lanes_unbounded_d1","7","4","5","7","4","5","0.5625","0.5625","0.4375","0.4375","0.29184763573272116","0.29184763573272116","0","0","{""baseline_win"":5,""candidate_win"":7,""tick_cap_draw"":4}","{""baseline_win"":5,""candidate_win"":7,""tick_cap_draw"":4}","{""all"":{""n"":16,""min"":7384,""median"":17170,""p90"":24000,""max"":24000,""mean"":16293.75},""W"":{""n"":7,""min"":10292,""median"":13606,""p90"":19267,""max"":19267,""mean"":14759.142857142857},""D"":{""n"":4,""min"":24000,""median"":24000,""p90"":24000,""max"":24000,""mean"":24000},""L"":{""n"":5,""min"":7384,""median"":12087,""p90"":18131,""max"":18131,""mean"":12277.2}}","{""all"":{""n"":16,""min"":7582,""median"":13660,""p90"":24000,""max"":24000,""mean"":15847},""W"":{""n"":7,""min"":9910,""median"":10958,""p90"":19941,""max"":19941,""mean"":12630.57142857143},""D"":{""n"":4,""min"":24000,""median"":24000,""p90"":24000,""max"":24000,""mean"":24000},""L"":{""n"":5,""min"":7582,""median"":12087,""p90"":19776,""max"":19776,""mean"":13827.6}}"
"unbounded_minus_disabled","v6","maps","hfo-rvr","16","disabled","separated_lanes_unbounded_d1","4","9","3","2","10","4","0.53125","0.4375","0.25","0.125","0.13912211071126457","0.053135703142265844","-0.09375","-0.125","{""baseline_win"":3,""candidate_win"":4,""tick_cap_draw"":9}","{""baseline_win"":4,""candidate_win"":2,""tick_cap_draw"":10}","{""all"":{""n"":16,""min"":8608,""median"":24000,""p90"":24000,""max"":24000,""mean"":20275.9375},""W"":{""n"":4,""min"":8608,""median"":20856,""p90"":21190,""max"":21190,""mean"":15358.5},""D"":{""n"":9,""min"":24000,""median"":24000,""p90"":24000,""max"":24000,""mean"":24000},""L"":{""n"":3,""min"":12735,""median"":15319,""p90"":18927,""max"":18927,""mean"":15660.333333333334}}","{""all"":{""n"":16,""min"":12464,""median"":24000,""p90"":24000,""max"":24000,""mean"":21871.4375},""W"":{""n"":2,""min"":12464,""median"":21190,""p90"":21190,""max"":21190,""mean"":16827},""D"":{""n"":10,""min"":24000,""median"":24000,""p90"":24000,""max"":24000,""mean"":24000},""L"":{""n"":4,""min"":13032,""median"":21134,""p90"":22529,""max"":22529,""mean"":19072.25}}"
"unbounded_minus_disabled","v6","maps","hfo-tvt","16","disabled","separated_lanes_unbounded_d1","9","6","1","9","7","0","0.75","0.78125","0.5625","0.5625","0.40521106136564305","0.40521106136564305","0.03125","0","{""baseline_win"":1,""candidate_win"":9,""tick_cap_draw"":6}","{""candidate_win"":9,""tick_cap_draw"":7}","{""all"":{""n"":16,""min"":7110,""median"":21106,""p90"":24000,""max"":24000,""mean"":17056.5},""W"":{""n"":9,""min"":7110,""median"":11296,""p90"":21315,""max"":21315,""mean"":11977.555555555555},""D"":{""n"":6,""min"":24000,""median"":24000,""p90"":24000,""max"":24000,""mean"":24000},""L"":{""n"":1,""min"":21106,""median"":21106,""p90"":21106,""max"":21106,""mean"":21106}}","{""all"":{""n"":16,""min"":6527,""median"":12598,""p90"":24000,""max"":24000,""mean"":15615.6875},""W"":{""n"":9,""min"":6527,""median"":7974,""p90"":12598,""max"":12598,""mean"":9094.555555555555},""D"":{""n"":7,""min"":24000,""median"":24000,""p90"":24000,""max"":24000,""mean"":24000},""L"":null}"
"unbounded_minus_disabled","v6","maps","pacific-heights","8","disabled","separated_lanes_unbounded_d1","6","2","0","6","2","0","0.875","0.875","0.75","0.75","0.5237063285891094","0.5237063285891094","0","0","{""candidate_win"":6,""tick_cap_draw"":2}","{""candidate_win"":6,""tick_cap_draw"":2}","{""all"":{""n"":8,""min"":9274,""median"":10792,""p90"":24000,""max"":24000,""mean"":13775.5},""W"":{""n"":6,""min"":9274,""median"":9797,""p90"":13450,""max"":13450,""mean"":10367.333333333334},""D"":{""n"":2,""min"":24000,""median"":24000,""p90"":24000,""max"":24000,""mean"":24000},""L"":null}","{""all"":{""n"":8,""min"":9449,""median"":10163,""p90"":24000,""max"":24000,""mean"":14338.125},""W"":{""n"":6,""min"":9449,""median"":9880,""p90"":17560,""max"":17560,""mean"":11117.5},""D"":{""n"":2,""min"":24000,""median"":24000,""p90"":24000,""max"":24000,""mean"":24000},""L"":null}"
"unbounded_minus_disabled","v6","maps","peak","8","disabled","separated_lanes_unbounded_d1","3","5","0","3","4","1","0.6875","0.625","0.375","0.375","0.19535795103474965","0.19535795103474965","-0.0625","0","{""candidate_win"":3,""tick_cap_draw"":5}","{""baseline_win"":1,""candidate_win"":3,""tick_cap_draw"":4}","{""all"":{""n"":8,""min"":9441,""median"":24000,""p90"":24000,""max"":24000,""mean"":18794.625},""W"":{""n"":3,""min"":9441,""median"":9458,""p90"":11458,""max"":11458,""mean"":10119},""D"":{""n"":5,""min"":24000,""median"":24000,""p90"":24000,""max"":24000,""mean"":24000},""L"":null}","{""all"":{""n"":8,""min"":9441,""median"":24000,""p90"":24000,""max"":24000,""mean"":18585.5},""W"":{""n"":3,""min"":9441,""median"":9458,""p90"":11520,""max"":11520,""mean"":10139.666666666666},""D"":{""n"":4,""min"":24000,""median"":24000,""p90"":24000,""max"":24000,""mean"":24000},""L"":{""n"":1,""min"":22265,""median"":22265,""p90"":22265,""max"":22265,""mean"":22265}}"
"unbounded_minus_disabled","v6","maps","south-pacific","8","disabled","separated_lanes_unbounded_d1","0","6","2","0","6","2","0.375","0.375","0","0","0","0","0","0","{""baseline_win"":2,""engine_nonliteral_termination_draw"":2,""tick_cap_draw"":4}","{""baseline_win"":2,""engine_nonliteral_termination_draw"":1,""tick_cap_draw"":5}","{""all"":{""n"":8,""min"":9438,""median"":24000,""p90"":24000,""max"":24000,""mean"":19737.125},""W"":null,""D"":{""n"":6,""min"":17832,""median"":24000,""p90"":24000,""max"":24000,""mean"":22936.5},""L"":{""n"":2,""min"":9438,""median"":10840,""p90"":10840,""max"":10840,""mean"":10139}}","{""all"":{""n"":8,""min"":9438,""median"":24000,""p90"":24000,""max"":24000,""mean"":19763.75},""W"":null,""D"":{""n"":6,""min"":17832,""median"":24000,""p90"":24000,""max"":24000,""mean"":22972},""L"":{""n"":2,""min"":9438,""median"":10840,""p90"":10840,""max"":10840,""mean"":10139}}"
"unbounded_minus_disabled","v6","maps","south-pacific-2","8","disabled","separated_lanes_unbounded_d1","1","5","2","1","5","2","0.4375","0.4375","0.125","0.125","0.038176543007959585","0.038176543007959585","0","0","{""baseline_win"":2,""candidate_win"":1,""engine_nonliteral_termination_draw"":1,""tick_cap_draw"":4}","{""baseline_win"":2,""candidate_win"":1,""tick_cap_draw"":5}","{""all"":{""n"":8,""min"":13501,""median"":24000,""p90"":24000,""max"":24000,""mean"":21222.375},""W"":{""n"":1,""min"":21001,""median"":21001,""p90"":21001,""max"":21001,""mean"":21001},""D"":{""n"":5,""min"":21642,""median"":24000,""p90"":24000,""max"":24000,""mean"":23528.4},""L"":{""n"":2,""min"":13501,""median"":17635,""p90"":17635,""max"":17635,""mean"":15568}}","{""all"":{""n"":8,""min"":13501,""median"":24000,""p90"":24000,""max"":24000,""mean"":21661.625},""W"":{""n"":1,""min"":22157,""median"":22157,""p90"":22157,""max"":22157,""mean"":22157},""D"":{""n"":5,""min"":24000,""median"":24000,""p90"":24000,""max"":24000,""mean"":24000},""L"":{""n"":2,""min"":13501,""median"":17635,""p90"":17635,""max"":17635,""mean"":15568}}"
"unbounded_minus_disabled","v6","maps","tour-of-egypt","8","disabled","separated_lanes_unbounded_d1","1","1","6","1","1","6","0.1875","0.1875","0.125","0.125","0.038176543007959585","0.038176543007959585","0","0","{""baseline_win"":6,""candidate_win"":1,""tick_cap_draw"":1}","{""baseline_win"":6,""candidate_win"":1,""tick_cap_draw"":1}","{""all"":{""n"":8,""min"":5662,""median"":7960,""p90"":24000,""max"":24000,""mean"":9689.75},""W"":{""n"":1,""min"":9637,""median"":9637,""p90"":9637,""max"":9637,""mean"":9637},""D"":{""n"":1,""min"":24000,""median"":24000,""p90"":24000,""max"":24000,""mean"":24000},""L"":{""n"":6,""min"":5662,""median"":7197,""p90"":9922,""max"":9922,""mean"":7313.5}}","{""all"":{""n"":8,""min"":5662,""median"":7226,""p90"":24000,""max"":24000,""mean"":9580.75},""W"":{""n"":1,""min"":9637,""median"":9637,""p90"":9637,""max"":9637,""mean"":9637},""D"":{""n"":1,""min"":24000,""median"":24000,""p90"":24000,""max"":24000,""mean"":24000},""L"":{""n"":6,""min"":5662,""median"":7197,""p90"":9922,""max"":9922,""mean"":7168.166666666667}}"
"unbounded_minus_disabled","v6","countries","Africans","100","disabled","separated_lanes_unbounded_d1","29","57","14","29","56","15","0.575","0.57","0.29","0.29","0.23561331862811485","0.23561331862811485","-0.005","0","{""baseline_win"":14,""candidate_win"":29,""tick_cap_draw"":57}","{""baseline_win"":15,""candidate_win"":29,""tick_cap_draw"":56}","{""all"":{""n"":100,""min"":7076,""median"":24000,""p90"":24000,""max"":24000,""mean"":19138.6},""W"":{""n"":29,""min"":7110,""median"":10773,""p90"":20464,""max"":21190,""mean"":12207.793103448275},""D"":{""n"":57,""min"":24000,""median"":24000,""p90"":24000,""max"":24000,""mean"":24000},""L"":{""n"":14,""min"":7076,""median"":10840,""p90"":23474,""max"":23870,""mean"":13702.42857142857}}","{""all"":{""n"":100,""min"":7076,""median"":24000,""p90"":24000,""max"":24000,""mean"":19121.87},""W"":{""n"":29,""min"":7110,""median"":10773,""p90"":20464,""max"":21190,""mean"":12209.931034482759},""D"":{""n"":56,""min"":24000,""median"":24000,""p90"":24000,""max"":24000,""mean"":24000},""L"":{""n"":15,""min"":7076,""median"":10840,""p90"":23474,""max"":23870,""mean"":14273.266666666666}}"
"unbounded_minus_disabled","v6","countries","Americans","100","disabled","separated_lanes_unbounded_d1","41","24","35","39","20","41","0.53","0.49","0.41","0.39","0.3489176798835327","0.3297513459561159","-0.04","-0.02","{""baseline_win"":35,""candidate_win"":41,""engine_nonliteral_termination_draw"":3,""tick_cap_draw"":21}","{""baseline_win"":41,""candidate_win"":39,""engine_nonliteral_termination_draw"":1,""tick_cap_draw"":19}","{""all"":{""n"":100,""min"":5662,""median"":16546,""p90"":24000,""max"":24000,""mean"":15882.79},""W"":{""n"":41,""min"":7096,""median"":12616,""p90"":20204,""max"":21315,""mean"":13904.512195121952},""D"":{""n"":24,""min"":17832,""median"":24000,""p90"":24000,""max"":24000,""mean"":23635.875},""L"":{""n"":35,""min"":5662,""median"":12735,""p90"":21106,""max"":21997,""mean"":12883.8}}","{""all"":{""n"":100,""min"":5662,""median"":14401,""p90"":24000,""max"":24000,""mean"":15675.74},""W"":{""n"":39,""min"":6527,""median"":11938,""p90"":20153,""max"":22157,""mean"":13053.179487179486},""D"":{""n"":20,""min"":17832,""median"":24000,""p90"":24000,""max"":24000,""mean"":23691.6},""L"":{""n"":41,""min"":5662,""median"":13501,""p90"":21850,""max"":23557,""mean"":14260.19512195122}}"
"unbounded_minus_disabled","v6","factions","Allied","100","disabled","separated_lanes_unbounded_d1","41","24","35","39","20","41","0.53","0.49","0.41","0.39","0.3489176798835327","0.3297513459561159","-0.04","-0.02","{""baseline_win"":35,""candidate_win"":41,""engine_nonliteral_termination_draw"":3,""tick_cap_draw"":21}","{""baseline_win"":41,""candidate_win"":39,""engine_nonliteral_termination_draw"":1,""tick_cap_draw"":19}","{""all"":{""n"":100,""min"":5662,""median"":16546,""p90"":24000,""max"":24000,""mean"":15882.79},""W"":{""n"":41,""min"":7096,""median"":12616,""p90"":20204,""max"":21315,""mean"":13904.512195121952},""D"":{""n"":24,""min"":17832,""median"":24000,""p90"":24000,""max"":24000,""mean"":23635.875},""L"":{""n"":35,""min"":5662,""median"":12735,""p90"":21106,""max"":21997,""mean"":12883.8}}","{""all"":{""n"":100,""min"":5662,""median"":14401,""p90"":24000,""max"":24000,""mean"":15675.74},""W"":{""n"":39,""min"":6527,""median"":11938,""p90"":20153,""max"":22157,""mean"":13053.179487179486},""D"":{""n"":20,""min"":17832,""median"":24000,""p90"":24000,""max"":24000,""mean"":23691.6},""L"":{""n"":41,""min"":5662,""median"":13501,""p90"":21850,""max"":23557,""mean"":14260.19512195122}}"
"unbounded_minus_disabled","v6","factions","Soviet","100","disabled","separated_lanes_unbounded_d1","29","57","14","29","56","15","0.575","0.57","0.29","0.29","0.23561331862811485","0.23561331862811485","-0.005","0","{""baseline_win"":14,""candidate_win"":29,""tick_cap_draw"":57}","{""baseline_win"":15,""candidate_win"":29,""tick_cap_draw"":56}","{""all"":{""n"":100,""min"":7076,""median"":24000,""p90"":24000,""max"":24000,""mean"":19138.6},""W"":{""n"":29,""min"":7110,""median"":10773,""p90"":20464,""max"":21190,""mean"":12207.793103448275},""D"":{""n"":57,""min"":24000,""median"":24000,""p90"":24000,""max"":24000,""mean"":24000},""L"":{""n"":14,""min"":7076,""median"":10840,""p90"":23474,""max"":23870,""mean"":13702.42857142857}}","{""all"":{""n"":100,""min"":7076,""median"":24000,""p90"":24000,""max"":24000,""mean"":19121.87},""W"":{""n"":29,""min"":7110,""median"":10773,""p90"":20464,""max"":21190,""mean"":12209.931034482759},""D"":{""n"":56,""min"":24000,""median"":24000,""p90"":24000,""max"":24000,""mean"":24000},""L"":{""n"":15,""min"":7076,""median"":10840,""p90"":23474,""max"":23870,""mean"":14273.266666666666}}"
"unbounded_minus_disabled","v6","slots","0","100","disabled","separated_lanes_unbounded_d1","32","39","29","32","38","30","0.515","0.51","0.32","0.32","0.26354084363358415","0.26354084363358415","-0.005","0","{""baseline_win"":29,""candidate_win"":32,""engine_nonliteral_termination_draw"":2,""tick_cap_draw"":37}","{""baseline_win"":30,""candidate_win"":32,""engine_nonliteral_termination_draw"":1,""tick_cap_draw"":37}","{""all"":{""n"":100,""min"":6454,""median"":18795,""p90"":24000,""max"":24000,""mean"":17175.96},""W"":{""n"":32,""min"":7110,""median"":11680,""p90"":21001,""max"":21315,""mean"":13236.34375},""D"":{""n"":39,""min"":17832,""median"":24000,""p90"":24000,""max"":24000,""mean"":23836.384615384617},""L"":{""n"":29,""min"":6454,""median"":9438,""p90"":21989,""max"":23870,""mean"":12566}}","{""all"":{""n"":100,""min"":6454,""median"":18795,""p90"":24000,""max"":24000,""mean"":16970.09},""W"":{""n"":32,""min"":6527,""median"":11520,""p90"":18795,""max"":21114,""mean"":12500.84375},""D"":{""n"":38,""min"":17832,""median"":24000,""p90"":24000,""max"":24000,""mean"":23837.684210526317},""L"":{""n"":30,""min"":6454,""median"":9922,""p90"":22559,""max"":23870,""mean"":13038.333333333334}}"
"unbounded_minus_disabled","v6","slots","1","100","disabled","separated_lanes_unbounded_d1","38","42","20","36","38","26","0.59","0.55","0.38","0.36","0.32020837801802177","0.30120478533854633","-0.04","-0.02","{""baseline_win"":20,""candidate_win"":38,""engine_nonliteral_termination_draw"":1,""tick_cap_draw"":41}","{""baseline_win"":26,""candidate_win"":36,""tick_cap_draw"":38}","{""all"":{""n"":100,""min"":5662,""median"":20204,""p90"":24000,""max"":24000,""mean"":17845.43},""W"":{""n"":38,""min"":7096,""median"":11296,""p90"":20249,""max"":21190,""mean"":13172.315789473685},""D"":{""n"":42,""min"":21642,""median"":24000,""p90"":24000,""max"":24000,""mean"":23943.85714285714},""L"":{""n"":20,""min"":5662,""median"":13385,""p90"":21483,""max"":23474,""mean"":13917.65}}","{""all"":{""n"":100,""min"":5662,""median"":20400,""p90"":24000,""max"":24000,""mean"":17827.52},""W"":{""n"":36,""min"":6718,""median"":11374,""p90"":20464,""max"":22157,""mean"":12864.861111111111},""D"":{""n"":38,""min"":24000,""median"":24000,""p90"":24000,""max"":24000,""mean"":24000},""L"":{""n"":26,""min"":5662,""median"":17625,""p90"":22265,""max"":23557,""mean"":15677.576923076924}}"
"unbounded_minus_disabled","v6","directions","0","100","disabled","separated_lanes_unbounded_d1","26","38","36","27","37","36","0.45","0.455","0.26","0.27","0.2079860753672008","0.21716003386651903","0.005","0.01","{""baseline_win"":36,""candidate_win"":26,""engine_nonliteral_termination_draw"":1,""tick_cap_draw"":37}","{""baseline_win"":36,""candidate_win"":27,""engine_nonliteral_termination_draw"":1,""tick_cap_draw"":36}","{""all"":{""n"":100,""min"":6064,""median"":19489,""p90"":24000,""max"":24000,""mean"":17293.15},""W"":{""n"":26,""min"":7096,""median"":9816,""p90"":20249,""max"":21114,""mean"":12146.076923076924},""D"":{""n"":38,""min"":17832,""median"":24000,""p90"":24000,""max"":24000,""mean"":23837.684210526317},""L"":{""n"":36,""min"":6064,""median"":13501,""p90"":21989,""max"":23870,""mean"":14102.361111111111}}","{""all"":{""n"":100,""min"":5926,""median"":20249,""p90"":24000,""max"":24000,""mean"":17422.71},""W"":{""n"":27,""min"":6527,""median"":9856,""p90"":20249,""max"":21114,""mean"":11536},""D"":{""n"":37,""min"":17832,""median"":24000,""p90"":24000,""max"":24000,""mean"":23833.297297297297},""L"":{""n"":36,""min"":5926,""median"":17625,""p90"":23474,""max"":23870,""mean"":15249.083333333334}}"
"unbounded_minus_disabled","v6","directions","1","100","disabled","separated_lanes_unbounded_d1","44","43","13","41","39","20","0.655","0.605","0.44","0.41","0.37786355392345133","0.3489176798835327","-0.05","-0.03","{""baseline_win"":13,""candidate_win"":44,""engine_nonliteral_termination_draw"":2,""tick_cap_draw"":41}","{""baseline_win"":20,""candidate_win"":41,""tick_cap_draw"":39}","{""all"":{""n"":100,""min"":5662,""median"":20204,""p90"":24000,""max"":24000,""mean"":17728.24},""W"":{""n"":44,""min"":8997,""median"":12002,""p90"":20856,""max"":21315,""mean"":13825.295454545454},""D"":{""n"":43,""min"":21642,""median"":24000,""p90"":24000,""max"":24000,""mean"":23940.20930232558},""L"":{""n"":13,""min"":5662,""median"":9420,""p90"":18831,""max"":21453,""mean"":10390.923076923076}}","{""all"":{""n"":100,""min"":5662,""median"":19941,""p90"":24000,""max"":24000,""mean"":17374.9},""W"":{""n"":41,""min"":8997,""median"":12002,""p90"":20153,""max"":22157,""mean"":13455.853658536585},""D"":{""n"":39,""min"":24000,""median"":24000,""p90"":24000,""max"":24000,""mean"":24000},""L"":{""n"":20,""min"":5662,""median"":10175,""p90"":21544,""max"":22265,""mean"":12490}}"
"unbounded_minus_disabled","v6","countryDirection","Africans/0","50","disabled","separated_lanes_unbounded_d1","15","27","8","15","27","8","0.57","0.57","0.3","0.3","0.22439073162097423","0.22439073162097423","0","0","{""baseline_win"":8,""candidate_win"":15,""tick_cap_draw"":27}","{""baseline_win"":8,""candidate_win"":15,""tick_cap_draw"":27}","{""all"":{""n"":50,""min"":7076,""median"":24000,""p90"":24000,""max"":24000,""mean"":19290.16},""W"":{""n"":15,""min"":7110,""median"":10773,""p90"":20464,""max"":21114,""mean"":12742.733333333334},""D"":{""n"":27,""min"":24000,""median"":24000,""p90"":24000,""max"":24000,""mean"":24000},""L"":{""n"":8,""min"":7076,""median"":21483,""p90"":23870,""max"":23870,""mean"":15670.875}}","{""all"":{""n"":50,""min"":7076,""median"":24000,""p90"":24000,""max"":24000,""mean"":19290.16},""W"":{""n"":15,""min"":7110,""median"":10773,""p90"":20464,""max"":21114,""mean"":12742.733333333334},""D"":{""n"":27,""min"":24000,""median"":24000,""p90"":24000,""max"":24000,""mean"":24000},""L"":{""n"":8,""min"":7076,""median"":21483,""p90"":23870,""max"":23870,""mean"":15670.875}}"
"unbounded_minus_disabled","v6","countryDirection","Africans/1","50","disabled","separated_lanes_unbounded_d1","14","30","6","14","29","7","0.58","0.57","0.28","0.28","0.20661997331532897","0.20661997331532897","-0.01","0","{""baseline_win"":6,""candidate_win"":14,""tick_cap_draw"":30}","{""baseline_win"":7,""candidate_win"":14,""tick_cap_draw"":29}","{""all"":{""n"":50,""min"":7918,""median"":24000,""p90"":24000,""max"":24000,""mean"":18987.04},""W"":{""n"":14,""min"":8997,""median"":10903,""p90"":14396,""max"":21190,""mean"":11634.642857142857},""D"":{""n"":30,""min"":24000,""median"":24000,""p90"":24000,""max"":24000,""mean"":24000},""L"":{""n"":6,""min"":7918,""median"":10046,""p90"":18831,""max"":18831,""mean"":11077.833333333334}}","{""all"":{""n"":50,""min"":7918,""median"":24000,""p90"":24000,""max"":24000,""mean"":18953.58},""W"":{""n"":14,""min"":8997,""median"":10903,""p90"":14396,""max"":21190,""mean"":11639.07142857143},""D"":{""n"":29,""min"":24000,""median"":24000,""p90"":24000,""max"":24000,""mean"":24000},""L"":{""n"":7,""min"":7918,""median"":10046,""p90"":22265,""max"":22265,""mean"":12676}}"
"unbounded_minus_disabled","v6","countryDirection","Americans/0","50","disabled","separated_lanes_unbounded_d1","11","11","28","12","10","28","0.33","0.34","0.22","0.24","0.1544960365752851","0.17165796405478714","0.01","0.02","{""baseline_win"":28,""candidate_win"":11,""engine_nonliteral_termination_draw"":1,""tick_cap_draw"":10}","{""baseline_win"":28,""candidate_win"":12,""engine_nonliteral_termination_draw"":1,""tick_cap_draw"":9}","{""all"":{""n"":50,""min"":6064,""median"":15319,""p90"":24000,""max"":24000,""mean"":15296.14},""W"":{""n"":11,""min"":7096,""median"":9442,""p90"":19489,""max"":19961,""mean"":11332.454545454546},""D"":{""n"":11,""min"":17832,""median"":24000,""p90"":24000,""max"":24000,""mean"":23439.272727272728},""L"":{""n"":28,""min"":6064,""median"":13501,""p90"":21106,""max"":21997,""mean"":13654.214285714286}}","{""all"":{""n"":50,""min"":5926,""median"":17625,""p90"":24000,""max"":24000,""mean"":15555.26},""W"":{""n"":12,""min"":6527,""median"":9856,""p90"":14392,""max"":20029,""mean"":10027.583333333334},""D"":{""n"":10,""min"":17832,""median"":24000,""p90"":24000,""max"":24000,""mean"":23383.2},""L"":{""n"":28,""min"":5926,""median"":17625,""p90"":22559,""max"":23557,""mean"":15128.57142857143}}"
"unbounded_minus_disabled","v6","countryDirection","Americans/1","50","disabled","separated_lanes_unbounded_d1","30","13","7","27","10","13","0.73","0.64","0.6","0.54","0.5093966239252362","0.4498378141830464","-0.09","-0.06","{""baseline_win"":7,""candidate_win"":30,""engine_nonliteral_termination_draw"":2,""tick_cap_draw"":11}","{""baseline_win"":13,""candidate_win"":27,""tick_cap_draw"":10}","{""all"":{""n"":50,""min"":5662,""median"":17170,""p90"":24000,""max"":24000,""mean"":16469.44},""W"":{""n"":30,""min"":9232,""median"":14422,""p90"":21001,""max"":21315,""mean"":14847.6},""D"":{""n"":13,""min"":21642,""median"":24000,""p90"":24000,""max"":24000,""mean"":23802.23076923077},""L"":{""n"":7,""min"":5662,""median"":7006,""p90"":21453,""max"":21453,""mean"":9802.142857142857}}","{""all"":{""n"":50,""min"":5662,""median"":14401,""p90"":24000,""max"":24000,""mean"":15796.22},""W"":{""n"":27,""min"":9544,""median"":12847,""p90"":20277,""max"":22157,""mean"":14397.888888888889},""D"":{""n"":10,""min"":24000,""median"":24000,""p90"":24000,""max"":24000,""mean"":24000},""L"":{""n"":13,""min"":5662,""median"":10175,""p90"":21497,""max"":21544,""mean"":12389.846153846154}}"
"unbounded_minus_disabled","v6","opponentCountry","pinned_supalosa/Africans","60","disabled","separated_lanes_unbounded_d1","20","27","13","20","26","14","0.5583333333333333","0.55","0.3333333333333333","0.3333333333333333","0.2606991787230655","0.2606991787230655","-0.008333333333333333","0","{""baseline_win"":13,""candidate_win"":20,""tick_cap_draw"":27}","{""baseline_win"":14,""candidate_win"":20,""tick_cap_draw"":26}","{""all"":{""n"":60,""min"":7076,""median"":21483,""p90"":24000,""max"":24000,""mean"":17699.633333333335},""W"":{""n"":20,""min"":8077,""median"":10903,""p90"":21114,""max"":21190,""mean"":12300.7},""D"":{""n"":27,""min"":24000,""median"":24000,""p90"":24000,""max"":24000,""mean"":24000},""L"":{""n"":13,""min"":7076,""median"":10046,""p90"":21989,""max"":23474,""mean"":12920.307692307691}}","{""all"":{""n"":60,""min"":7076,""median"":21483,""p90"":24000,""max"":24000,""mean"":17671.75},""W"":{""n"":20,""min"":8077,""median"":10903,""p90"":21114,""max"":21190,""mean"":12303.8},""D"":{""n"":26,""min"":24000,""median"":24000,""p90"":24000,""max"":24000,""mean"":24000},""L"":{""n"":14,""min"":7076,""median"":10840,""p90"":22265,""max"":23474,""mean"":13587.785714285714}}"
"unbounded_minus_disabled","v6","opponentCountry","pinned_supalosa/Americans","60","disabled","separated_lanes_unbounded_d1","26","15","19","21","18","21","0.5583333333333333","0.5","0.43333333333333335","0.35","0.3542044579989498","0.2760389222825774","-0.058333333333333334","-0.08333333333333333","{""baseline_win"":19,""candidate_win"":26,""engine_nonliteral_termination_draw"":3,""tick_cap_draw"":12}","{""baseline_win"":21,""candidate_win"":21,""engine_nonliteral_termination_draw"":1,""tick_cap_draw"":17}","{""all"":{""n"":60,""min"":5662,""median"":13450,""p90"":24000,""max"":24000,""mean"":14675.133333333333},""W"":{""n"":26,""min"":7096,""median"":12616,""p90"":21001,""max"":21315,""mean"":13593.76923076923},""D"":{""n"":15,""min"":17832,""median"":24000,""p90"":24000,""max"":24000,""mean"":23417.4},""L"":{""n"":19,""min"":5662,""median"":7960,""p90"":17635,""max"":18927,""mean"":9253.105263157895}}","{""all"":{""n"":60,""min"":5662,""median"":12464,""p90"":24000,""max"":24000,""mean"":14754.55},""W"":{""n"":21,""min"":6718,""median"":10485,""p90"":20029,""max"":22157,""mean"":12271.57142857143},""D"":{""n"":18,""min"":17832,""median"":24000,""p90"":24000,""max"":24000,""mean"":23657.333333333332},""L"":{""n"":21,""min"":5662,""median"":7618,""p90"":17625,""max"":19594,""mean"":9606.57142857143}}"
"unbounded_minus_disabled","v6","opponentCountry","ra2web_advanced/Africans","40","disabled","separated_lanes_unbounded_d1","9","30","1","9","30","1","0.6","0.6","0.225","0.225","0.15220998483534723","0.15220998483534723","0","0","{""baseline_win"":1,""candidate_win"":9,""tick_cap_draw"":30}","{""baseline_win"":1,""candidate_win"":9,""tick_cap_draw"":30}","{""all"":{""n"":40,""min"":7110,""median"":24000,""p90"":24000,""max"":24000,""mean"":21297.05},""W"":{""n"":9,""min"":7110,""median"":10292,""p90"":20464,""max"":20464,""mean"":12001.333333333334},""D"":{""n"":30,""min"":24000,""median"":24000,""p90"":24000,""max"":24000,""mean"":24000},""L"":{""n"":1,""min"":23870,""median"":23870,""p90"":23870,""max"":23870,""mean"":23870}}","{""all"":{""n"":40,""min"":7110,""median"":24000,""p90"":24000,""max"":24000,""mean"":21297.05},""W"":{""n"":9,""min"":7110,""median"":10292,""p90"":20464,""max"":20464,""mean"":12001.333333333334},""D"":{""n"":30,""min"":24000,""median"":24000,""p90"":24000,""max"":24000,""mean"":24000},""L"":{""n"":1,""min"":23870,""median"":23870,""p90"":23870,""max"":23870,""mean"":23870}}"
"unbounded_minus_disabled","v6","opponentCountry","ra2web_advanced/Americans","40","disabled","separated_lanes_unbounded_d1","15","9","16","18","2","20","0.4875","0.475","0.375","0.45","0.2836592844391007","0.3531525483026235","-0.0125","0.075","{""baseline_win"":16,""candidate_win"":15,""tick_cap_draw"":9}","{""baseline_win"":20,""candidate_win"":18,""tick_cap_draw"":2}","{""all"":{""n"":40,""min"":7894,""median"":18443,""p90"":24000,""max"":24000,""mean"":17694.275},""W"":{""n"":15,""min"":7894,""median"":16204,""p90"":19880,""max"":19961,""mean"":14443.133333333333},""D"":{""n"":9,""min"":24000,""median"":24000,""p90"":24000,""max"":24000,""mean"":24000},""L"":{""n"":16,""min"":12085,""median"":18131,""p90"":21453,""max"":21997,""mean"":17195.25}}","{""all"":{""n"":40,""min"":6527,""median"":19403,""p90"":23524,""max"":24000,""mean"":17057.525},""W"":{""n"":18,""min"":6527,""median"":13054,""p90"":20277,""max"":20707,""mean"":13965.055555555555},""D"":{""n"":2,""min"":24000,""median"":24000,""p90"":24000,""max"":24000,""mean"":24000},""L"":{""n"":20,""min"":12085,""median"":20400,""p90"":23524,""max"":23557,""mean"":19146.5}}"
"unbounded_minus_disabled","v6","opponentFaction","pinned_supalosa/Allied","60","disabled","separated_lanes_unbounded_d1","26","15","19","21","18","21","0.5583333333333333","0.5","0.43333333333333335","0.35","0.3542044579989498","0.2760389222825774","-0.058333333333333334","-0.08333333333333333","{""baseline_win"":19,""candidate_win"":26,""engine_nonliteral_termination_draw"":3,""tick_cap_draw"":12}","{""baseline_win"":21,""candidate_win"":21,""engine_nonliteral_termination_draw"":1,""tick_cap_draw"":17}","{""all"":{""n"":60,""min"":5662,""median"":13450,""p90"":24000,""max"":24000,""mean"":14675.133333333333},""W"":{""n"":26,""min"":7096,""median"":12616,""p90"":21001,""max"":21315,""mean"":13593.76923076923},""D"":{""n"":15,""min"":17832,""median"":24000,""p90"":24000,""max"":24000,""mean"":23417.4},""L"":{""n"":19,""min"":5662,""median"":7960,""p90"":17635,""max"":18927,""mean"":9253.105263157895}}","{""all"":{""n"":60,""min"":5662,""median"":12464,""p90"":24000,""max"":24000,""mean"":14754.55},""W"":{""n"":21,""min"":6718,""median"":10485,""p90"":20029,""max"":22157,""mean"":12271.57142857143},""D"":{""n"":18,""min"":17832,""median"":24000,""p90"":24000,""max"":24000,""mean"":23657.333333333332},""L"":{""n"":21,""min"":5662,""median"":7618,""p90"":17625,""max"":19594,""mean"":9606.57142857143}}"
"unbounded_minus_disabled","v6","opponentFaction","pinned_supalosa/Soviet","60","disabled","separated_lanes_unbounded_d1","20","27","13","20","26","14","0.5583333333333333","0.55","0.3333333333333333","0.3333333333333333","0.2606991787230655","0.2606991787230655","-0.008333333333333333","0","{""baseline_win"":13,""candidate_win"":20,""tick_cap_draw"":27}","{""baseline_win"":14,""candidate_win"":20,""tick_cap_draw"":26}","{""all"":{""n"":60,""min"":7076,""median"":21483,""p90"":24000,""max"":24000,""mean"":17699.633333333335},""W"":{""n"":20,""min"":8077,""median"":10903,""p90"":21114,""max"":21190,""mean"":12300.7},""D"":{""n"":27,""min"":24000,""median"":24000,""p90"":24000,""max"":24000,""mean"":24000},""L"":{""n"":13,""min"":7076,""median"":10046,""p90"":21989,""max"":23474,""mean"":12920.307692307691}}","{""all"":{""n"":60,""min"":7076,""median"":21483,""p90"":24000,""max"":24000,""mean"":17671.75},""W"":{""n"":20,""min"":8077,""median"":10903,""p90"":21114,""max"":21190,""mean"":12303.8},""D"":{""n"":26,""min"":24000,""median"":24000,""p90"":24000,""max"":24000,""mean"":24000},""L"":{""n"":14,""min"":7076,""median"":10840,""p90"":22265,""max"":23474,""mean"":13587.785714285714}}"
"unbounded_minus_disabled","v6","opponentFaction","ra2web_advanced/Allied","40","disabled","separated_lanes_unbounded_d1","15","9","16","18","2","20","0.4875","0.475","0.375","0.45","0.2836592844391007","0.3531525483026235","-0.0125","0.075","{""baseline_win"":16,""candidate_win"":15,""tick_cap_draw"":9}","{""baseline_win"":20,""candidate_win"":18,""tick_cap_draw"":2}","{""all"":{""n"":40,""min"":7894,""median"":18443,""p90"":24000,""max"":24000,""mean"":17694.275},""W"":{""n"":15,""min"":7894,""median"":16204,""p90"":19880,""max"":19961,""mean"":14443.133333333333},""D"":{""n"":9,""min"":24000,""median"":24000,""p90"":24000,""max"":24000,""mean"":24000},""L"":{""n"":16,""min"":12085,""median"":18131,""p90"":21453,""max"":21997,""mean"":17195.25}}","{""all"":{""n"":40,""min"":6527,""median"":19403,""p90"":23524,""max"":24000,""mean"":17057.525},""W"":{""n"":18,""min"":6527,""median"":13054,""p90"":20277,""max"":20707,""mean"":13965.055555555555},""D"":{""n"":2,""min"":24000,""median"":24000,""p90"":24000,""max"":24000,""mean"":24000},""L"":{""n"":20,""min"":12085,""median"":20400,""p90"":23524,""max"":23557,""mean"":19146.5}}"
"unbounded_minus_disabled","v6","opponentFaction","ra2web_advanced/Soviet","40","disabled","separated_lanes_unbounded_d1","9","30","1","9","30","1","0.6","0.6","0.225","0.225","0.15220998483534723","0.15220998483534723","0","0","{""baseline_win"":1,""candidate_win"":9,""tick_cap_draw"":30}","{""baseline_win"":1,""candidate_win"":9,""tick_cap_draw"":30}","{""all"":{""n"":40,""min"":7110,""median"":24000,""p90"":24000,""max"":24000,""mean"":21297.05},""W"":{""n"":9,""min"":7110,""median"":10292,""p90"":20464,""max"":20464,""mean"":12001.333333333334},""D"":{""n"":30,""min"":24000,""median"":24000,""p90"":24000,""max"":24000,""mean"":24000},""L"":{""n"":1,""min"":23870,""median"":23870,""p90"":23870,""max"":23870,""mean"":23870}}","{""all"":{""n"":40,""min"":7110,""median"":24000,""p90"":24000,""max"":24000,""mean"":21297.05},""W"":{""n"":9,""min"":7110,""median"":10292,""p90"":20464,""max"":20464,""mean"":12001.333333333334},""D"":{""n"":30,""min"":24000,""median"":24000,""p90"":24000,""max"":24000,""mean"":24000},""L"":{""n"":1,""min"":23870,""median"":23870,""p90"":23870,""max"":23870,""mean"":23870}}"
"unbounded_minus_disabled","v6","opponentSlot","pinned_supalosa/0","60","disabled","separated_lanes_unbounded_d1","20","20","20","17","22","21","0.5","0.4666666666666667","0.3333333333333333","0.2833333333333333","0.2606991787230655","0.2153263396944523","-0.03333333333333333","-0.05","{""baseline_win"":20,""candidate_win"":20,""engine_nonliteral_termination_draw"":2,""tick_cap_draw"":18}","{""baseline_win"":21,""candidate_win"":17,""engine_nonliteral_termination_draw"":1,""tick_cap_draw"":21}","{""all"":{""n"":60,""min"":6454,""median"":13606,""p90"":24000,""max"":24000,""mean"":15654.5},""W"":{""n"":20,""min"":8077,""median"":11680,""p90"":21164,""max"":21315,""mean"":13305.85},""D"":{""n"":20,""min"":17832,""median"":24000,""p90"":24000,""max"":24000,""mean"":23680.95},""L"":{""n"":20,""min"":6454,""median"":8785,""p90"":18927,""max"":21989,""mean"":9976.7}}","{""all"":{""n"":60,""min"":6454,""median"":12847,""p90"":24000,""max"":24000,""mean"":15611.566666666668},""W"":{""n"":17,""min"":8077,""median"":10958,""p90"":17644,""max"":21114,""mean"":12177.176470588236},""D"":{""n"":22,""min"":17832,""median"":24000,""p90"":24000,""max"":24000,""mean"":23719.636363636364},""L"":{""n"":21,""min"":6454,""median"":8104,""p90"":17635,""max"":21989,""mean"":9897.619047619048}}"
"unbounded_minus_disabled","v6","opponentSlot","pinned_supalosa/1","60","disabled","separated_lanes_unbounded_d1","26","22","12","24","22","14","0.6166666666666667","0.5833333333333334","0.43333333333333335","0.4","0.3542044579989498","0.32265460101572435","-0.03333333333333333","-0.03333333333333333","{""baseline_win"":12,""candidate_win"":26,""engine_nonliteral_termination_draw"":1,""tick_cap_draw"":21}","{""baseline_win"":14,""candidate_win"":24,""tick_cap_draw"":22}","{""all"":{""n"":60,""min"":5662,""median"":19267,""p90"":24000,""max"":24000,""mean"":16720.266666666666},""W"":{""n"":26,""min"":7096,""median"":10792,""p90"":20249,""max"":21190,""mean"":12820.576923076924},""D"":{""n"":22,""min"":21642,""median"":24000,""p90"":24000,""max"":24000,""mean"":23892.81818181818},""L"":{""n"":12,""min"":5662,""median"":10840,""p90"":21483,""max"":23474,""mean"":12019.916666666666}}","{""all"":{""n"":60,""min"":5662,""median"":20029,""p90"":24000,""max"":24000,""mean"":16814.733333333334},""W"":{""n"":24,""min"":6718,""median"":10485,""p90"":20249,""max"":22157,""mean"":12365.291666666666},""D"":{""n"":22,""min"":24000,""median"":24000,""p90"":24000,""max"":24000,""mean"":24000},""L"":{""n"":14,""min"":5662,""median"":11682,""p90"":22265,""max"":23474,""mean"":13151.214285714286}}"
"unbounded_minus_disabled","v6","opponentSlot","ra2web_advanced/0","40","disabled","separated_lanes_unbounded_d1","12","19","9","15","16","9","0.5375","0.575","0.3","0.375","0.21653912471300574","0.2836592844391007","0.0375","0.075","{""baseline_win"":9,""candidate_win"":12,""tick_cap_draw"":19}","{""baseline_win"":9,""candidate_win"":15,""tick_cap_draw"":16}","{""all"":{""n"":40,""min"":7110,""median"":23870,""p90"":24000,""max"":24000,""mean"":19458.15},""W"":{""n"":12,""min"":7110,""median"":11836,""p90"":18795,""max"":19880,""mean"":13120.5},""D"":{""n"":19,""min"":24000,""median"":24000,""p90"":24000,""max"":24000,""mean"":24000},""L"":{""n"":9,""min"":13247,""median"":18293,""p90"":23870,""max"":23870,""mean"":18320}}","{""all"":{""n"":40,""min"":6527,""median"":22529,""p90"":24000,""max"":24000,""mean"":19007.875},""W"":{""n"":15,""min"":6527,""median"":11938,""p90"":19941,""max"":19949,""mean"":12867.666666666666},""D"":{""n"":16,""min"":24000,""median"":24000,""p90"":24000,""max"":24000,""mean"":24000},""L"":{""n"":9,""min"":13247,""median"":21850,""p90"":23870,""max"":23870,""mean"":20366.666666666668}}"
"unbounded_minus_disabled","v6","opponentSlot","ra2web_advanced/1","40","disabled","separated_lanes_unbounded_d1","12","20","8","12","16","12","0.55","0.5","0.3","0.3","0.21653912471300574","0.21653912471300574","-0.05","0","{""baseline_win"":8,""candidate_win"":12,""tick_cap_draw"":20}","{""baseline_win"":12,""candidate_win"":12,""tick_cap_draw"":16}","{""all"":{""n"":40,""min"":7176,""median"":24000,""p90"":24000,""max"":24000,""mean"":19533.175},""W"":{""n"":12,""min"":7176,""median"":13401,""p90"":19961,""max"":20464,""mean"":13934.416666666666},""D"":{""n"":20,""min"":24000,""median"":24000,""p90"":24000,""max"":24000,""mean"":24000},""L"":{""n"":8,""min"":12085,""median"":18131,""p90"":21419,""max"":21419,""mean"":16764.25}}","{""all"":{""n"":40,""min"":7176,""median"":21134,""p90"":24000,""max"":24000,""mean"":19346.7},""W"":{""n"":12,""min"":7176,""median"":13401,""p90"":20464,""max"":20707,""mean"":13864},""D"":{""n"":16,""min"":24000,""median"":24000,""p90"":24000,""max"":24000,""mean"":24000},""L"":{""n"":12,""min"":12085,""median"":20021,""p90"":21497,""max"":23557,""mean"":18625}}"
"unbounded_minus_disabled","v6","opponentDirection","pinned_supalosa/0","60","disabled","separated_lanes_unbounded_d1","19","21","20","18","22","20","0.49166666666666664","0.48333333333333334","0.31666666666666665","0.3","0.24546428560641853","0.230338385840729","-0.008333333333333333","-0.016666666666666666","{""baseline_win"":20,""candidate_win"":19,""engine_nonliteral_termination_draw"":1,""tick_cap_draw"":20}","{""baseline_win"":20,""candidate_win"":18,""engine_nonliteral_termination_draw"":1,""tick_cap_draw"":21}","{""all"":{""n"":60,""min"":6064,""median"":17635,""p90"":24000,""max"":24000,""mean"":15882.183333333332},""W"":{""n"":19,""min"":7096,""median"":9816,""p90"":20249,""max"":21114,""mean"":11839.736842105263},""D"":{""n"":21,""min"":17832,""median"":24000,""p90"":24000,""max"":24000,""mean"":23706.285714285714},""L"":{""n"":20,""min"":6064,""median"":8883,""p90"":21989,""max"":23474,""mean"":11507.2}}","{""all"":{""n"":60,""min"":5926,""median"":17644,""p90"":24000,""max"":24000,""mean"":16228.533333333333},""W"":{""n"":18,""min"":6718,""median"":10163,""p90"":20249,""max"":21114,""mean"":11900.666666666666},""D"":{""n"":22,""min"":17832,""median"":24000,""p90"":24000,""max"":24000,""mean"":23719.636363636364},""L"":{""n"":20,""min"":5926,""median"":8918,""p90"":21989,""max"":23474,""mean"":11883.4}}"
"unbounded_minus_disabled","v6","opponentDirection","pinned_supalosa/1","60","disabled","separated_lanes_unbounded_d1","27","21","12","23","22","15","0.625","0.5666666666666667","0.45","0.38333333333333336","0.3701160218997553","0.3070193885526255","-0.058333333333333334","-0.06666666666666667","{""baseline_win"":12,""candidate_win"":27,""engine_nonliteral_termination_draw"":2,""tick_cap_draw"":19}","{""baseline_win"":15,""candidate_win"":23,""tick_cap_draw"":22}","{""all"":{""n"":60,""min"":5662,""median"":16546,""p90"":24000,""max"":24000,""mean"":16492.583333333332},""W"":{""n"":27,""min"":9232,""median"":12002,""p90"":21164,""max"":21315,""mean"":13870.25925925926},""D"":{""n"":21,""min"":21642,""median"":24000,""p90"":24000,""max"":24000,""mean"":23877.571428571428},""L"":{""n"":12,""min"":5662,""median"":9420,""p90"":12087,""max"":18831,""mean"":9469.083333333334}}","{""all"":{""n"":60,""min"":5662,""median"":13165,""p90"":24000,""max"":24000,""mean"":16197.766666666666},""W"":{""n"":23,""min"":9449,""median"":11374,""p90"":20153,""max"":22157,""mean"":12589.869565217392},""D"":{""n"":22,""min"":24000,""median"":24000,""p90"":24000,""max"":24000,""mean"":24000},""L"":{""n"":15,""min"":5662,""median"":9420,""p90"":18831,""max"":22265,""mean"":10286.6}}"
"unbounded_minus_disabled","v6","opponentDirection","ra2web_advanced/0","40","disabled","separated_lanes_unbounded_d1","7","17","16","9","15","16","0.3875","0.4125","0.175","0.225","0.11127749394260136","0.15220998483534723","0.025","0.05","{""baseline_win"":16,""candidate_win"":7,""tick_cap_draw"":17}","{""baseline_win"":16,""candidate_win"":9,""tick_cap_draw"":15}","{""all"":{""n"":40,""min"":7110,""median"":21419,""p90"":24000,""max"":24000,""mean"":19409.6},""W"":{""n"":7,""min"":7110,""median"":9443,""p90"":20464,""max"":20464,""mean"":12977.57142857143},""D"":{""n"":17,""min"":24000,""median"":24000,""p90"":24000,""max"":24000,""mean"":24000},""L"":{""n"":16,""min"":12085,""median"":18131,""p90"":21997,""max"":23870,""mean"":17346.3125}}","{""all"":{""n"":40,""min"":6527,""median"":22529,""p90"":24000,""max"":24000,""mean"":19213.975},""W"":{""n"":9,""min"":6527,""median"":8338,""p90"":20464,""max"":20464,""mean"":10806.666666666666},""D"":{""n"":15,""min"":24000,""median"":24000,""p90"":24000,""max"":24000,""mean"":24000},""L"":{""n"":16,""min"":12085,""median"":20400,""p90"":23557,""max"":23870,""mean"":19456.1875}}"
"unbounded_minus_disabled","v6","opponentDirection","ra2web_advanced/1","40","disabled","separated_lanes_unbounded_d1","17","22","1","18","17","5","0.7","0.6625","0.425","0.45","0.3297393909273828","0.3531525483026235","-0.0375","0.025","{""baseline_win"":1,""candidate_win"":17,""tick_cap_draw"":22}","{""baseline_win"":5,""candidate_win"":18,""tick_cap_draw"":17}","{""all"":{""n"":40,""min"":8997,""median"":24000,""p90"":24000,""max"":24000,""mean"":19581.725},""W"":{""n"":17,""min"":8997,""median"":11836,""p90"":18620,""max"":19880,""mean"":13753.882352941177},""D"":{""n"":22,""min"":24000,""median"":24000,""p90"":24000,""max"":24000,""mean"":24000},""L"":{""n"":1,""min"":21453,""median"":21453,""p90"":21453,""max"":21453,""mean"":21453}}","{""all"":{""n"":40,""min"":8997,""median"":21134,""p90"":24000,""max"":24000,""mean"":19140.6},""W"":{""n"":18,""min"":8997,""median"":13401,""p90"":20277,""max"":20707,""mean"":14562.388888888889},""D"":{""n"":17,""min"":24000,""median"":24000,""p90"":24000,""max"":24000,""mean"":24000},""L"":{""n"":5,""min"":14401,""median"":21134,""p90"":21544,""max"":21544,""mean"":19100.2}}"
"unbounded_minus_disabled","v6","opponentCountryDirection","pinned_supalosa/Africans/0","30","disabled","separated_lanes_unbounded_d1","11","12","7","11","12","7","0.5666666666666667","0.5666666666666667","0.36666666666666664","0.36666666666666664","0.2635816922512699","0.2635816922512699","0","0","{""baseline_win"":7,""candidate_win"":11,""tick_cap_draw"":12}","{""baseline_win"":7,""candidate_win"":11,""tick_cap_draw"":12}","{""all"":{""n"":30,""min"":7076,""median"":21483,""p90"":24000,""max"":24000,""mean"":17569.766666666666},""W"":{""n"":11,""min"":8077,""median"":10773,""p90"":20249,""max"":21114,""mean"":12508.727272727272},""D"":{""n"":12,""min"":24000,""median"":24000,""p90"":24000,""max"":24000,""mean"":24000},""L"":{""n"":7,""min"":7076,""median"":10840,""p90"":23474,""max"":23474,""mean"":14499.57142857143}}","{""all"":{""n"":30,""min"":7076,""median"":21483,""p90"":24000,""max"":24000,""mean"":17569.766666666666},""W"":{""n"":11,""min"":8077,""median"":10773,""p90"":20249,""max"":21114,""mean"":12508.727272727272},""D"":{""n"":12,""min"":24000,""median"":24000,""p90"":24000,""max"":24000,""mean"":24000},""L"":{""n"":7,""min"":7076,""median"":10840,""p90"":23474,""max"":23474,""mean"":14499.57142857143}}"
"unbounded_minus_disabled","v6","opponentCountryDirection","pinned_supalosa/Africans/1","30","disabled","separated_lanes_unbounded_d1","9","15","6","9","14","7","0.55","0.5333333333333333","0.3","0.3","0.2054634616809264","0.2054634616809264","-0.016666666666666666","0","{""baseline_win"":6,""candidate_win"":9,""tick_cap_draw"":15}","{""baseline_win"":7,""candidate_win"":9,""tick_cap_draw"":14}","{""all"":{""n"":30,""min"":7918,""median"":24000,""p90"":24000,""max"":24000,""mean"":17829.5},""W"":{""n"":9,""min"":9449,""median"":10903,""p90"":21190,""max"":21190,""mean"":12046.444444444445},""D"":{""n"":15,""min"":24000,""median"":24000,""p90"":24000,""max"":24000,""mean"":24000},""L"":{""n"":6,""min"":7918,""median"":10046,""p90"":18831,""max"":18831,""mean"":11077.833333333334}}","{""all"":{""n"":30,""min"":7918,""median"":22265,""p90"":24000,""max"":24000,""mean"":17773.733333333334},""W"":{""n"":9,""min"":9449,""median"":10903,""p90"":21190,""max"":21190,""mean"":12053.333333333334},""D"":{""n"":14,""min"":24000,""median"":24000,""p90"":24000,""max"":24000,""mean"":24000},""L"":{""n"":7,""min"":7918,""median"":10046,""p90"":22265,""max"":22265,""mean"":12676}}"
"unbounded_minus_disabled","v6","opponentCountryDirection","pinned_supalosa/Americans/0","30","disabled","separated_lanes_unbounded_d1","8","9","13","7","10","13","0.4166666666666667","0.4","0.26666666666666666","0.23333333333333334","0.17730429246164628","0.14982625883730233","-0.016666666666666666","-0.03333333333333333","{""baseline_win"":13,""candidate_win"":8,""engine_nonliteral_termination_draw"":1,""tick_cap_draw"":8}","{""baseline_win"":13,""candidate_win"":7,""engine_nonliteral_termination_draw"":1,""tick_cap_draw"":9}","{""all"":{""n"":30,""min"":6064,""median"":10936,""p90"":24000,""max"":24000,""mean"":14194.6},""W"":{""n"":8,""min"":7096,""median"":9442,""p90"":19489,""max"":19489,""mean"":10919.875},""D"":{""n"":9,""min"":17832,""median"":24000,""p90"":24000,""max"":24000,""mean"":23314.666666666668},""L"":{""n"":13,""min"":6064,""median"":7962,""p90"":17635,""max"":18927,""mean"":9895.923076923076}}","{""all"":{""n"":30,""min"":5926,""median"":14392,""p90"":24000,""max"":24000,""mean"":14887.3},""W"":{""n"":7,""min"":6718,""median"":9856,""p90"":20029,""max"":20029,""mean"":10945.142857142857},""D"":{""n"":10,""min"":17832,""median"":24000,""p90"":24000,""max"":24000,""mean"":23383.2},""L"":{""n"":13,""min"":5926,""median"":7618,""p90"":17635,""max"":19594,""mean"":10474.692307692309}}"
"unbounded_minus_disabled","v6","opponentCountryDirection","pinned_supalosa/Americans/1","30","disabled","separated_lanes_unbounded_d1","18","6","6","14","8","8","0.7","0.6","0.6","0.4666666666666667","0.4830779037399071","0.35472451679136535","-0.1","-0.13333333333333333","{""baseline_win"":6,""candidate_win"":18,""engine_nonliteral_termination_draw"":2,""tick_cap_draw"":4}","{""baseline_win"":8,""candidate_win"":14,""tick_cap_draw"":8}","{""all"":{""n"":30,""min"":5662,""median"":13606,""p90"":24000,""max"":24000,""mean"":15155.666666666666},""W"":{""n"":18,""min"":9232,""median"":13606,""p90"":21164,""max"":21315,""mean"":14782.166666666666},""D"":{""n"":6,""min"":21642,""median"":24000,""p90"":24000,""max"":24000,""mean"":23571.5},""L"":{""n"":6,""min"":5662,""median"":7006,""p90"":11556,""max"":11556,""mean"":7860.333333333333}}","{""all"":{""n"":30,""min"":5662,""median"":11682,""p90"":24000,""max"":24000,""mean"":14621.8},""W"":{""n"":14,""min"":9544,""median"":11488,""p90"":20153,""max"":22157,""mean"":12934.785714285714},""D"":{""n"":8,""min"":24000,""median"":24000,""p90"":24000,""max"":24000,""mean"":24000},""L"":{""n"":8,""min"":5662,""median"":8104,""p90"":11682,""max"":11682,""mean"":8195.875}}"
"unbounded_minus_disabled","v6","opponentCountryDirection","ra2web_advanced/Africans/0","20","disabled","separated_lanes_unbounded_d1","4","15","1","4","15","1","0.575","0.575","0.2","0.2","0.11024848763714991","0.11024848763714991","0","0","{""baseline_win"":1,""candidate_win"":4,""tick_cap_draw"":15}","{""baseline_win"":1,""candidate_win"":4,""tick_cap_draw"":15}","{""all"":{""n"":20,""min"":7110,""median"":24000,""p90"":24000,""max"":24000,""mean"":21870.75},""W"":{""n"":4,""min"":7110,""median"":18795,""p90"":20464,""max"":20464,""mean"":13386.25},""D"":{""n"":15,""min"":24000,""median"":24000,""p90"":24000,""max"":24000,""mean"":24000},""L"":{""n"":1,""min"":23870,""median"":23870,""p90"":23870,""max"":23870,""mean"":23870}}","{""all"":{""n"":20,""min"":7110,""median"":24000,""p90"":24000,""max"":24000,""mean"":21870.75},""W"":{""n"":4,""min"":7110,""median"":18795,""p90"":20464,""max"":20464,""mean"":13386.25},""D"":{""n"":15,""min"":24000,""median"":24000,""p90"":24000,""max"":24000,""mean"":24000},""L"":{""n"":1,""min"":23870,""median"":23870,""p90"":23870,""max"":23870,""mean"":23870}}"
"unbounded_minus_disabled","v6","opponentCountryDirection","ra2web_advanced/Africans/1","20","disabled","separated_lanes_unbounded_d1","5","15","0","5","15","0","0.625","0.625","0.25","0.25","0.14818790611051605","0.14818790611051605","0","0","{""candidate_win"":5,""tick_cap_draw"":15}","{""candidate_win"":5,""tick_cap_draw"":15}","{""all"":{""n"":20,""min"":8997,""median"":24000,""p90"":24000,""max"":24000,""mean"":20723.35},""W"":{""n"":5,""min"":8997,""median"":10292,""p90"":13401,""max"":13401,""mean"":10893.4},""D"":{""n"":15,""min"":24000,""median"":24000,""p90"":24000,""max"":24000,""mean"":24000},""L"":null}","{""all"":{""n"":20,""min"":8997,""median"":24000,""p90"":24000,""max"":24000,""mean"":20723.35},""W"":{""n"":5,""min"":8997,""median"":10292,""p90"":13401,""max"":13401,""mean"":10893.4},""D"":{""n"":15,""min"":24000,""median"":24000,""p90"":24000,""max"":24000,""mean"":24000},""L"":null}"
"unbounded_minus_disabled","v6","opponentCountryDirection","ra2web_advanced/Americans/0","20","disabled","separated_lanes_unbounded_d1","3","2","15","5","0","15","0.2","0.25","0.15","0.25","0.07467301975322671","0.14818790611051605","0.05","0.1","{""baseline_win"":15,""candidate_win"":3,""tick_cap_draw"":2}","{""baseline_win"":15,""candidate_win"":5}","{""all"":{""n"":20,""min"":7894,""median"":18131,""p90"":24000,""max"":24000,""mean"":16948.45},""W"":{""n"":3,""min"":7894,""median"":9443,""p90"":19961,""max"":19961,""mean"":12432.666666666666},""D"":{""n"":2,""min"":24000,""median"":24000,""p90"":24000,""max"":24000,""mean"":24000},""L"":{""n"":15,""min"":12085,""median"":17884,""p90"":21419,""max"":21997,""mean"":16911.4}}","{""all"":{""n"":20,""min"":6527,""median"":19647,""p90"":23524,""max"":23557,""mean"":16557.2},""W"":{""n"":5,""min"":6527,""median"":8338,""p90"":10960,""max"":10960,""mean"":8743},""D"":null,""L"":{""n"":15,""min"":12085,""median"":20021,""p90"":23524,""max"":23557,""mean"":19161.933333333334}}"
"unbounded_minus_disabled","v6","opponentCountryDirection","ra2web_advanced/Americans/1","20","disabled","separated_lanes_unbounded_d1","12","7","1","13","2","5","0.775","0.7","0.6","0.65","0.4572430242920638","0.5067311635134781","-0.075","0.05","{""baseline_win"":1,""candidate_win"":12,""tick_cap_draw"":7}","{""baseline_win"":5,""candidate_win"":13,""tick_cap_draw"":2}","{""all"":{""n"":20,""min"":9904,""median"":18620,""p90"":24000,""max"":24000,""mean"":18440.1},""W"":{""n"":12,""min"":9904,""median"":16834,""p90"":18620,""max"":19880,""mean"":14945.75},""D"":{""n"":7,""min"":24000,""median"":24000,""p90"":24000,""max"":24000,""mean"":24000},""L"":{""n"":1,""min"":21453,""median"":21453,""p90"":21453,""max"":21453,""mean"":21453}}","{""all"":{""n"":20,""min"":11362,""median"":18648,""p90"":24000,""max"":24000,""mean"":17557.85},""W"":{""n"":13,""min"":11362,""median"":16336,""p90"":20277,""max"":20707,""mean"":15973.538461538461},""D"":{""n"":2,""min"":24000,""median"":24000,""p90"":24000,""max"":24000,""mean"":24000},""L"":{""n"":5,""min"":14401,""median"":21134,""p90"":21544,""max"":21544,""mean"":19100.2}}"
"unbounded_minus_disabled","v5","populations","overall","200","disabled","separated_lanes_unbounded_d1","69","82","49","67","77","56","0.55","0.5275","0.345","0.335","0.3033421145706862","0.2937257870368636","-0.0225","-0.01","{""baseline_win"":49,""candidate_win"":69,""engine_nonliteral_termination_draw"":4,""tick_cap_draw"":78}","{""baseline_win"":56,""candidate_win"":67,""engine_nonliteral_termination_draw"":1,""tick_cap_draw"":76}","{""all"":{""n"":200,""min"":5662,""median"":19880,""p90"":24000,""max"":24000,""mean"":17515.325},""W"":{""n"":69,""min"":7096,""median"":11296,""p90"":20249,""max"":21315,""mean"":13088.550724637682},""D"":{""n"":82,""min"":17832,""median"":24000,""p90"":24000,""max"":24000,""mean"":23868.146341463416},""L"":{""n"":49,""min"":5662,""median"":12085,""p90"":21483,""max"":23870,""mean"":13117.69387755102}}","{""all"":{""n"":200,""min"":5662,""median"":20021,""p90"":24000,""max"":24000,""mean"":17408.02},""W"":{""n"":67,""min"":6527,""median"":11362,""p90"":20153,""max"":21190,""mean"":12552.313432835821},""D"":{""n"":77,""min"":17832,""median"":24000,""p90"":24000,""max"":24000,""mean"":23919.896103896102},""L"":{""n"":56,""min"":5662,""median"":13247,""p90"":22529,""max"":23870,""mean"":14263.69642857143}}"
"unbounded_minus_disabled","v5","populations","supalosa","120","disabled","separated_lanes_unbounded_d1","45","43","32","40","45","35","0.5541666666666667","0.5208333333333334","0.375","0.3333333333333333","0.3204089307987089","0.2807617770806377","-0.03333333333333333","-0.041666666666666664","{""baseline_win"":32,""candidate_win"":45,""engine_nonliteral_termination_draw"":4,""tick_cap_draw"":39}","{""baseline_win"":35,""candidate_win"":40,""engine_nonliteral_termination_draw"":1,""tick_cap_draw"":44}","{""all"":{""n"":120,""min"":5662,""median"":16546,""p90"":24000,""max"":24000,""mean"":16195.1},""W"":{""n"":45,""min"":7096,""median"":10936,""p90"":20856,""max"":21315,""mean"":12854.466666666667},""D"":{""n"":43,""min"":17832,""median"":24000,""p90"":24000,""max"":24000,""mean"":23748.558139534885},""L"":{""n"":32,""min"":5662,""median"":8883,""p90"":18927,""max"":23474,""mean"":10742.90625}}","{""all"":{""n"":120,""min"":5662,""median"":17560,""p90"":24000,""max"":24000,""mean"":16228.508333333333},""W"":{""n"":40,""min"":6718,""median"":10773,""p90"":20153,""max"":21190,""mean"":12040.55},""D"":{""n"":45,""min"":17832,""median"":24000,""p90"":24000,""max"":24000,""mean"":23862.933333333334},""L"":{""n"":35,""min"":5662,""median"":8918,""p90"":21483,""max"":23474,""mean"":11199.057142857142}}"
"unbounded_minus_disabled","v5","populations","advanced","80","disabled","separated_lanes_unbounded_d1","24","39","17","27","32","21","0.54375","0.5375","0.3","0.3375","0.2389027396739289","0.2736224621247424","-0.00625","0.0375","{""baseline_win"":17,""candidate_win"":24,""tick_cap_draw"":39}","{""baseline_win"":21,""candidate_win"":27,""tick_cap_draw"":32}","{""all"":{""n"":80,""min"":7110,""median"":23870,""p90"":24000,""max"":24000,""mean"":19495.6625},""W"":{""n"":24,""min"":7110,""median"":11836,""p90"":19880,""max"":20464,""mean"":13527.458333333334},""D"":{""n"":39,""min"":24000,""median"":24000,""p90"":24000,""max"":24000,""mean"":24000},""L"":{""n"":17,""min"":12085,""median"":18131,""p90"":21997,""max"":23870,""mean"":17587.882352941175}}","{""all"":{""n"":80,""min"":6527,""median"":21497,""p90"":24000,""max"":24000,""mean"":19177.2875},""W"":{""n"":27,""min"":6527,""median"":12214,""p90"":20277,""max"":20707,""mean"":13310.481481481482},""D"":{""n"":32,""min"":24000,""median"":24000,""p90"":24000,""max"":24000,""mean"":24000},""L"":{""n"":21,""min"":12085,""median"":20400,""p90"":23524,""max"":23870,""mean"":19371.428571428572}}"
"unbounded_minus_disabled","v5","strata","pinned_supalosa__hfo-bvb","8","disabled","separated_lanes_unbounded_d1","4","2","2","3","2","3","0.625","0.5","0.5","0.375","0.2936454286357453","0.19535795103474965","-0.125","-0.125","{""baseline_win"":2,""candidate_win"":4,""tick_cap_draw"":2}","{""baseline_win"":3,""candidate_win"":3,""tick_cap_draw"":2}","{""all"":{""n"":8,""min"":9816,""median"":14644,""p90"":24000,""max"":24000,""mean"":16005.25},""W"":{""n"":4,""min"":9816,""median"":14422,""p90"":14644,""max"":14644,""mean"":12413.75},""D"":{""n"":2,""min"":24000,""median"":24000,""p90"":24000,""max"":24000,""mean"":24000},""L"":{""n"":2,""min"":11556,""median"":18831,""p90"":18831,""max"":18831,""mean"":15193.5}}","{""all"":{""n"":8,""min"":9816,""median"":14392,""p90"":24000,""max"":24000,""mean"":15458.625},""W"":{""n"":3,""min"":9816,""median"":10773,""p90"":14392,""max"":14392,""mean"":11660.333333333334},""D"":{""n"":2,""min"":24000,""median"":24000,""p90"":24000,""max"":24000,""mean"":24000},""L"":{""n"":3,""min"":10175,""median"":11682,""p90"":18831,""max"":18831,""mean"":13562.666666666666}}"
"unbounded_minus_disabled","v5","strata","pinned_supalosa__hfo-corners","8","disabled","separated_lanes_unbounded_d1","3","2","3","3","2","3","0.5","0.5","0.375","0.375","0.19535795103474965","0.19535795103474965","0","0","{""baseline_win"":3,""candidate_win"":3,""tick_cap_draw"":2}","{""baseline_win"":3,""candidate_win"":3,""tick_cap_draw"":2}","{""all"":{""n"":8,""min"":7006,""median"":20249,""p90"":24000,""max"":24000,""mean"":16214.5},""W"":{""n"":3,""min"":16546,""median"":20249,""p90"":21114,""max"":21114,""mean"":19303},""D"":{""n"":2,""min"":24000,""median"":24000,""p90"":24000,""max"":24000,""mean"":24000},""L"":{""n"":3,""min"":7006,""median"":7918,""p90"":8883,""max"":8883,""mean"":7935.666666666667}}","{""all"":{""n"":8,""min"":7006,""median"":20249,""p90"":24000,""max"":24000,""mean"":15512.625},""W"":{""n"":3,""min"":11488,""median"":20249,""p90"":21114,""max"":21114,""mean"":17617},""D"":{""n"":2,""min"":24000,""median"":24000,""p90"":24000,""max"":24000,""mean"":24000},""L"":{""n"":3,""min"":7006,""median"":7918,""p90"":8326,""max"":8326,""mean"":7750}}"
"unbounded_minus_disabled","v5","strata","pinned_supalosa__hfo-corners-b","8","disabled","separated_lanes_unbounded_d1","2","3","3","3","2","3","0.4375","0.5","0.25","0.375","0.10887074683495994","0.19535795103474965","0.0625","0.125","{""baseline_win"":3,""candidate_win"":2,""tick_cap_draw"":3}","{""baseline_win"":3,""candidate_win"":3,""tick_cap_draw"":2}","{""all"":{""n"":8,""min"":6562,""median"":23474,""p90"":24000,""max"":24000,""mean"":17504.25},""W"":{""n"":2,""min"":12616,""median"":17644,""p90"":17644,""max"":17644,""mean"":15130},""D"":{""n"":3,""min"":24000,""median"":24000,""p90"":24000,""max"":24000,""mean"":24000},""L"":{""n"":3,""min"":6562,""median"":7738,""p90"":23474,""max"":23474,""mean"":12591.333333333334}}","{""all"":{""n"":8,""min"":6562,""median"":17644,""p90"":24000,""max"":24000,""mean"":15358.25},""W"":{""n"":3,""min"":8194,""median"":11374,""p90"":17644,""max"":17644,""mean"":12404},""D"":{""n"":2,""min"":24000,""median"":24000,""p90"":24000,""max"":24000,""mean"":24000},""L"":{""n"":3,""min"":6562,""median"":7618,""p90"":23474,""max"":23474,""mean"":12551.333333333334}}"
"unbounded_minus_disabled","v5","strata","pinned_supalosa__hfo-corners-b-golden","8","disabled","separated_lanes_unbounded_d1","4","1","3","4","2","2","0.5625","0.625","0.5","0.5","0.2936454286357453","0.2936454286357453","0.0625","0","{""baseline_win"":3,""candidate_win"":4,""tick_cap_draw"":1}","{""baseline_win"":2,""candidate_win"":4,""tick_cap_draw"":2}","{""all"":{""n"":8,""min"":6454,""median"":8785,""p90"":24000,""max"":24000,""mean"":10584.375},""W"":{""n"":4,""min"":8077,""median"":10036,""p90"":10936,""max"":10936,""mean"":9317.75},""D"":{""n"":1,""min"":24000,""median"":24000,""p90"":24000,""max"":24000,""mean"":24000},""L"":{""n"":3,""min"":6454,""median"":8165,""p90"":8785,""max"":8785,""mean"":7801.333333333333}}","{""all"":{""n"":8,""min"":6454,""median"":8222,""p90"":24000,""max"":24000,""mean"":12083.375},""W"":{""n"":4,""min"":7264,""median"":8222,""p90"":10485,""max"":10485,""mean"":8512},""D"":{""n"":2,""min"":24000,""median"":24000,""p90"":24000,""max"":24000,""mean"":24000},""L"":{""n"":2,""min"":6454,""median"":8165,""p90"":8165,""max"":8165,""mean"":7309.5}}"
"unbounded_minus_disabled","v5","strata","pinned_supalosa__hfo-golden","8","disabled","separated_lanes_unbounded_d1","4","2","2","3","2","3","0.625","0.5","0.5","0.375","0.2936454286357453","0.19535795103474965","-0.125","-0.125","{""baseline_win"":2,""candidate_win"":4,""tick_cap_draw"":2}","{""baseline_win"":3,""candidate_win"":3,""tick_cap_draw"":2}","{""all"":{""n"":8,""min"":7096,""median"":11680,""p90"":24000,""max"":24000,""mean"":13331.25},""W"":{""n"":4,""min"":7096,""median"":11680,""p90"":11844,""max"":11844,""mean"":10317},""D"":{""n"":2,""min"":24000,""median"":24000,""p90"":24000,""max"":24000,""mean"":24000},""L"":{""n"":2,""min"":7962,""median"":9420,""p90"":9420,""max"":9420,""mean"":8691}}","{""all"":{""n"":8,""min"":7330,""median"":12847,""p90"":24000,""max"":24000,""mean"":14576.25},""W"":{""n"":3,""min"":9544,""median"":11844,""p90"":12847,""max"":12847,""mean"":11411.666666666666},""D"":{""n"":2,""min"":24000,""median"":24000,""p90"":24000,""max"":24000,""mean"":24000},""L"":{""n"":3,""min"":7330,""median"":9420,""p90"":17625,""max"":17625,""mean"":11458.333333333334}}"
"unbounded_minus_disabled","v5","strata","pinned_supalosa__hfo-le","8","disabled","separated_lanes_unbounded_d1","4","2","2","3","3","2","0.625","0.5625","0.5","0.375","0.2936454286357453","0.19535795103474965","-0.0625","-0.125","{""baseline_win"":2,""candidate_win"":4,""tick_cap_draw"":2}","{""baseline_win"":2,""candidate_win"":3,""tick_cap_draw"":3}","{""all"":{""n"":8,""min"":7420,""median"":9706,""p90"":24000,""max"":24000,""mean"":12827.875},""W"":{""n"":4,""min"":9538,""median"":9706,""p90"":10903,""max"":10903,""mean"":9933.25},""D"":{""n"":2,""min"":24000,""median"":24000,""p90"":24000,""max"":24000,""mean"":24000},""L"":{""n"":2,""min"":7420,""median"":7470,""p90"":7470,""max"":7470,""mean"":7445}}","{""all"":{""n"":8,""min"":7420,""median"":13165,""p90"":24000,""max"":24000,""mean"":15068},""W"":{""n"":3,""min"":9586,""median"":10903,""p90"":13165,""max"":13165,""mean"":11218},""D"":{""n"":3,""min"":24000,""median"":24000,""p90"":24000,""max"":24000,""mean"":24000},""L"":{""n"":2,""min"":7420,""median"":7470,""p90"":7470,""max"":7470,""mean"":7445}}"
"unbounded_minus_disabled","v5","strata","pinned_supalosa__hfo-lvl","8","disabled","separated_lanes_unbounded_d1","4","1","3","3","1","4","0.5625","0.4375","0.5","0.375","0.2936454286357453","0.19535795103474965","-0.125","-0.125","{""baseline_win"":3,""candidate_win"":4,""tick_cap_draw"":1}","{""baseline_win"":4,""candidate_win"":3,""tick_cap_draw"":1}","{""all"":{""n"":8,""min"":8918,""median"":21164,""p90"":24000,""max"":24000,""mean"":18955.375},""W"":{""n"":4,""min"":14396,""median"":20204,""p90"":21164,""max"":21164,""mean"":18813.25},""D"":{""n"":1,""min"":24000,""median"":24000,""p90"":24000,""max"":24000,""mean"":24000},""L"":{""n"":3,""min"":8918,""median"":21483,""p90"":21989,""max"":21989,""mean"":17463.333333333332}}","{""all"":{""n"":8,""min"":8104,""median"":20153,""p90"":24000,""max"":24000,""mean"":17384},""W"":{""n"":3,""min"":14396,""median"":20029,""p90"":20153,""max"":20153,""mean"":18192.666666666668},""D"":{""n"":1,""min"":24000,""median"":24000,""p90"":24000,""max"":24000,""mean"":24000},""L"":{""n"":4,""min"":8104,""median"":21483,""p90"":21989,""max"":21989,""mean"":15123.5}}"
"unbounded_minus_disabled","v5","strata","pinned_supalosa__hfo-original","8","disabled","separated_lanes_unbounded_d1","3","2","3","3","2","3","0.5","0.5","0.375","0.375","0.19535795103474965","0.19535795103474965","0","0","{""baseline_win"":3,""candidate_win"":3,""tick_cap_draw"":2}","{""baseline_win"":3,""candidate_win"":3,""tick_cap_draw"":2}","{""all"":{""n"":8,""min"":7384,""median"":13606,""p90"":24000,""max"":24000,""mean"":15168.5},""W"":{""n"":3,""min"":10958,""median"":13606,""p90"":19267,""max"":19267,""mean"":14610.333333333334},""D"":{""n"":2,""min"":24000,""median"":24000,""p90"":24000,""max"":24000,""mean"":24000},""L"":{""n"":3,""min"":7384,""median"":10046,""p90"":12087,""max"":12087,""mean"":9839}}","{""all"":{""n"":8,""min"":7582,""median"":10958,""p90"":24000,""max"":24000,""mean"":13604.375},""W"":{""n"":3,""min"":9910,""median"":10252,""p90"":10958,""max"":10958,""mean"":10373.333333333334},""D"":{""n"":2,""min"":24000,""median"":24000,""p90"":24000,""max"":24000,""mean"":24000},""L"":{""n"":3,""min"":7582,""median"":10046,""p90"":12087,""max"":12087,""mean"":9905}}"
"unbounded_minus_disabled","v5","strata","pinned_supalosa__hfo-rvr","8","disabled","separated_lanes_unbounded_d1","3","4","1","2","5","1","0.625","0.5625","0.375","0.25","0.19535795103474965","0.10887074683495994","-0.0625","-0.125","{""baseline_win"":1,""candidate_win"":3,""tick_cap_draw"":4}","{""baseline_win"":1,""candidate_win"":2,""tick_cap_draw"":5}","{""all"":{""n"":8,""min"":8608,""median"":24000,""p90"":24000,""max"":24000,""mean"":20697.625},""W"":{""n"":3,""min"":8608,""median"":20856,""p90"":21190,""max"":21190,""mean"":16884.666666666668},""D"":{""n"":4,""min"":24000,""median"":24000,""p90"":24000,""max"":24000,""mean"":24000},""L"":{""n"":1,""min"":18927,""median"":18927,""p90"":18927,""max"":18927,""mean"":18927}}","{""all"":{""n"":8,""min"":12464,""median"":24000,""p90"":24000,""max"":24000,""mean"":21656},""W"":{""n"":2,""min"":12464,""median"":21190,""p90"":21190,""max"":21190,""mean"":16827},""D"":{""n"":5,""min"":24000,""median"":24000,""p90"":24000,""max"":24000,""mean"":24000},""L"":{""n"":1,""min"":19594,""median"":19594,""p90"":19594,""max"":19594,""mean"":19594}}"
"unbounded_minus_disabled","v5","strata","pinned_supalosa__hfo-tvt","8","disabled","separated_lanes_unbounded_d1","4","4","0","3","5","0","0.75","0.6875","0.5","0.375","0.2936454286357453","0.19535795103474965","-0.0625","-0.125","{""candidate_win"":4,""tick_cap_draw"":4}","{""candidate_win"":3,""tick_cap_draw"":5}","{""all"":{""n"":8,""min"":7870,""median"":24000,""p90"":24000,""max"":24000,""mean"":18302.375},""W"":{""n"":4,""min"":7870,""median"":12002,""p90"":21315,""max"":21315,""mean"":12604.75},""D"":{""n"":4,""min"":24000,""median"":24000,""p90"":24000,""max"":24000,""mean"":24000},""L"":null}","{""all"":{""n"":8,""min"":6718,""median"":24000,""p90"":24000,""max"":24000,""mean"":18566},""W"":{""n"":3,""min"":6718,""median"":9808,""p90"":12002,""max"":12002,""mean"":9509.333333333334},""D"":{""n"":5,""min"":24000,""median"":24000,""p90"":24000,""max"":24000,""mean"":24000},""L"":null}"
"unbounded_minus_disabled","v5","strata","pinned_supalosa__pacific-heights","8","disabled","separated_lanes_unbounded_d1","6","2","0","6","2","0","0.875","0.875","0.75","0.75","0.5237063285891094","0.5237063285891094","0","0","{""candidate_win"":6,""tick_cap_draw"":2}","{""candidate_win"":6,""tick_cap_draw"":2}","{""all"":{""n"":8,""min"":9274,""median"":10792,""p90"":24000,""max"":24000,""mean"":13775.5},""W"":{""n"":6,""min"":9274,""median"":9797,""p90"":13450,""max"":13450,""mean"":10367.333333333334},""D"":{""n"":2,""min"":24000,""median"":24000,""p90"":24000,""max"":24000,""mean"":24000},""L"":null}","{""all"":{""n"":8,""min"":9449,""median"":10163,""p90"":24000,""max"":24000,""mean"":14338.125},""W"":{""n"":6,""min"":9449,""median"":9880,""p90"":17560,""max"":17560,""mean"":11117.5},""D"":{""n"":2,""min"":24000,""median"":24000,""p90"":24000,""max"":24000,""mean"":24000},""L"":null}"
"unbounded_minus_disabled","v5","strata","pinned_supalosa__peak","8","disabled","separated_lanes_unbounded_d1","3","5","0","3","4","1","0.6875","0.625","0.375","0.375","0.19535795103474965","0.19535795103474965","-0.0625","0","{""candidate_win"":3,""tick_cap_draw"":5}","{""baseline_win"":1,""candidate_win"":3,""tick_cap_draw"":4}","{""all"":{""n"":8,""min"":9441,""median"":24000,""p90"":24000,""max"":24000,""mean"":18794.625},""W"":{""n"":3,""min"":9441,""median"":9458,""p90"":11458,""max"":11458,""mean"":10119},""D"":{""n"":5,""min"":24000,""median"":24000,""p90"":24000,""max"":24000,""mean"":24000},""L"":null}","{""all"":{""n"":8,""min"":9441,""median"":24000,""p90"":24000,""max"":24000,""mean"":18585.5},""W"":{""n"":3,""min"":9441,""median"":9458,""p90"":11520,""max"":11520,""mean"":10139.666666666666},""D"":{""n"":4,""min"":24000,""median"":24000,""p90"":24000,""max"":24000,""mean"":24000},""L"":{""n"":1,""min"":22265,""median"":22265,""p90"":22265,""max"":22265,""mean"":22265}}"
"unbounded_minus_disabled","v5","strata","pinned_supalosa__south-pacific","8","disabled","separated_lanes_unbounded_d1","0","6","2","0","6","2","0.375","0.375","0","0","0","0","0","0","{""baseline_win"":2,""engine_nonliteral_termination_draw"":2,""tick_cap_draw"":4}","{""baseline_win"":2,""engine_nonliteral_termination_draw"":1,""tick_cap_draw"":5}","{""all"":{""n"":8,""min"":9438,""median"":24000,""p90"":24000,""max"":24000,""mean"":19737.125},""W"":null,""D"":{""n"":6,""min"":17832,""median"":24000,""p90"":24000,""max"":24000,""mean"":22936.5},""L"":{""n"":2,""min"":9438,""median"":10840,""p90"":10840,""max"":10840,""mean"":10139}}","{""all"":{""n"":8,""min"":9438,""median"":24000,""p90"":24000,""max"":24000,""mean"":19763.75},""W"":null,""D"":{""n"":6,""min"":17832,""median"":24000,""p90"":24000,""max"":24000,""mean"":22972},""L"":{""n"":2,""min"":9438,""median"":10840,""p90"":10840,""max"":10840,""mean"":10139}}"
"unbounded_minus_disabled","v5","strata","pinned_supalosa__south-pacific-2","8","disabled","separated_lanes_unbounded_d1","0","6","2","0","6","2","0.375","0.375","0","0","0","0","0","0","{""baseline_win"":2,""engine_nonliteral_termination_draw"":2,""tick_cap_draw"":4}","{""baseline_win"":2,""tick_cap_draw"":6}","{""all"":{""n"":8,""min"":13501,""median"":24000,""p90"":24000,""max"":24000,""mean"":21338.125},""W"":null,""D"":{""n"":6,""min"":21642,""median"":24000,""p90"":24000,""max"":24000,""mean"":23261.5},""L"":{""n"":2,""min"":13501,""median"":17635,""p90"":17635,""max"":17635,""mean"":15568}}","{""all"":{""n"":8,""min"":13501,""median"":24000,""p90"":24000,""max"":24000,""mean"":21892},""W"":null,""D"":{""n"":6,""min"":24000,""median"":24000,""p90"":24000,""max"":24000,""mean"":24000},""L"":{""n"":2,""min"":13501,""median"":17635,""p90"":17635,""max"":17635,""mean"":15568}}"
"unbounded_minus_disabled","v5","strata","pinned_supalosa__tour-of-egypt","8","disabled","separated_lanes_unbounded_d1","1","1","6","1","1","6","0.1875","0.1875","0.125","0.125","0.038176543007959585","0.038176543007959585","0","0","{""baseline_win"":6,""candidate_win"":1,""tick_cap_draw"":1}","{""baseline_win"":6,""candidate_win"":1,""tick_cap_draw"":1}","{""all"":{""n"":8,""min"":5662,""median"":7960,""p90"":24000,""max"":24000,""mean"":9689.75},""W"":{""n"":1,""min"":9637,""median"":9637,""p90"":9637,""max"":9637,""mean"":9637},""D"":{""n"":1,""min"":24000,""median"":24000,""p90"":24000,""max"":24000,""mean"":24000},""L"":{""n"":6,""min"":5662,""median"":7197,""p90"":9922,""max"":9922,""mean"":7313.5}}","{""all"":{""n"":8,""min"":5662,""median"":7226,""p90"":24000,""max"":24000,""mean"":9580.75},""W"":{""n"":1,""min"":9637,""median"":9637,""p90"":9637,""max"":9637,""mean"":9637},""D"":{""n"":1,""min"":24000,""median"":24000,""p90"":24000,""max"":24000,""mean"":24000},""L"":{""n"":6,""min"":5662,""median"":7197,""p90"":9922,""max"":9922,""mean"":7168.166666666667}}"
"unbounded_minus_disabled","v5","strata","ra2web_advanced__hfo-bvb","8","disabled","separated_lanes_unbounded_d1","3","4","1","3","2","3","0.625","0.5","0.375","0.375","0.19535795103474965","0.19535795103474965","-0.125","0","{""baseline_win"":1,""candidate_win"":3,""tick_cap_draw"":4}","{""baseline_win"":3,""candidate_win"":3,""tick_cap_draw"":2}","{""all"":{""n"":8,""min"":8997,""median"":24000,""p90"":24000,""max"":24000,""mean"":17234.75},""W"":{""n"":3,""min"":8997,""median"":9443,""p90"":10053,""max"":10053,""mean"":9497.666666666666},""D"":{""n"":4,""min"":24000,""median"":24000,""p90"":24000,""max"":24000,""mean"":24000},""L"":{""n"":1,""min"":13385,""median"":13385,""p90"":13385,""max"":13385,""mean"":13385}}","{""all"":{""n"":8,""min"":8997,""median"":14401,""p90"":24000,""max"":24000,""mean"":15335.25},""W"":{""n"":3,""min"":8997,""median"":9916,""p90"":10053,""max"":10053,""mean"":9655.333333333334},""D"":{""n"":2,""min"":24000,""median"":24000,""p90"":24000,""max"":24000,""mean"":24000},""L"":{""n"":3,""min"":14390,""median"":14401,""p90"":16925,""max"":16925,""mean"":15238.666666666666}}"
"unbounded_minus_disabled","v5","strata","ra2web_advanced__hfo-corners","8","disabled","separated_lanes_unbounded_d1","0","6","2","2","4","2","0.375","0.5","0","0.25","0","0.10887074683495994","0.125","0.25","{""baseline_win"":2,""tick_cap_draw"":6}","{""baseline_win"":2,""candidate_win"":2,""tick_cap_draw"":4}","{""all"":{""n"":8,""min"":12085,""median"":24000,""p90"":24000,""max"":24000,""mean"":21166.5},""W"":null,""D"":{""n"":6,""min"":24000,""median"":24000,""p90"":24000,""max"":24000,""mean"":24000},""L"":{""n"":2,""min"":12085,""median"":13247,""p90"":13247,""max"":13247,""mean"":12666}}","{""all"":{""n"":8,""min"":12085,""median"":24000,""p90"":24000,""max"":24000,""mean"":18814.75},""W"":{""n"":2,""min"":12214,""median"":16972,""p90"":16972,""max"":16972,""mean"":14593},""D"":{""n"":4,""min"":24000,""median"":24000,""p90"":24000,""max"":24000,""mean"":24000},""L"":{""n"":2,""min"":12085,""median"":13247,""p90"":13247,""max"":13247,""mean"":12666}}"
"unbounded_minus_disabled","v5","strata","ra2web_advanced__hfo-corners-b","8","disabled","separated_lanes_unbounded_d1","2","6","0","2","5","1","0.625","0.5625","0.25","0.25","0.10887074683495994","0.10887074683495994","-0.0625","0","{""candidate_win"":2,""tick_cap_draw"":6}","{""baseline_win"":1,""candidate_win"":2,""tick_cap_draw"":5}","{""all"":{""n"":8,""min"":9928,""median"":24000,""p90"":24000,""max"":24000,""mean"":21345.25},""W"":{""n"":2,""min"":9928,""median"":16834,""p90"":16834,""max"":16834,""mean"":13381},""D"":{""n"":6,""min"":24000,""median"":24000,""p90"":24000,""max"":24000,""mean"":24000},""L"":null}","{""all"":{""n"":8,""min"":10960,""median"":24000,""p90"":24000,""max"":24000,""mean"":21808.25},""W"":{""n"":2,""min"":10960,""median"":19949,""p90"":19949,""max"":19949,""mean"":15454.5},""D"":{""n"":5,""min"":24000,""median"":24000,""p90"":24000,""max"":24000,""mean"":24000},""L"":{""n"":1,""min"":23557,""median"":23557,""p90"":23557,""max"":23557,""mean"":23557}}"
"unbounded_minus_disabled","v5","strata","ra2web_advanced__hfo-corners-b-golden","8","disabled","separated_lanes_unbounded_d1","2","4","2","2","4","2","0.5","0.5","0.25","0.25","0.10887074683495994","0.10887074683495994","0","0","{""baseline_win"":2,""candidate_win"":2,""tick_cap_draw"":4}","{""baseline_win"":2,""candidate_win"":2,""tick_cap_draw"":4}","{""all"":{""n"":8,""min"":9904,""median"":24000,""p90"":24000,""max"":24000,""mean"":20517.125},""W"":{""n"":2,""min"":9904,""median"":16204,""p90"":16204,""max"":16204,""mean"":13054},""D"":{""n"":4,""min"":24000,""median"":24000,""p90"":24000,""max"":24000,""mean"":24000},""L"":{""n"":2,""min"":20032,""median"":21997,""p90"":21997,""max"":21997,""mean"":21014.5}}","{""all"":{""n"":8,""min"":11362,""median"":24000,""p90"":24000,""max"":24000,""mean"":20495.125},""W"":{""n"":2,""min"":11362,""median"":13054,""p90"":13054,""max"":13054,""mean"":12208},""D"":{""n"":4,""min"":24000,""median"":24000,""p90"":24000,""max"":24000,""mean"":24000},""L"":{""n"":2,""min"":20021,""median"":23524,""p90"":23524,""max"":23524,""mean"":21772.5}}"
"unbounded_minus_disabled","v5","strata","ra2web_advanced__hfo-golden","8","disabled","separated_lanes_unbounded_d1","3","4","1","4","3","1","0.625","0.6875","0.375","0.5","0.19535795103474965","0.2936454286357453","0.0625","0.125","{""baseline_win"":1,""candidate_win"":3,""tick_cap_draw"":4}","{""baseline_win"":1,""candidate_win"":4,""tick_cap_draw"":3}","{""all"":{""n"":8,""min"":7894,""median"":24000,""p90"":24000,""max"":24000,""mean"":19172.75},""W"":{""n"":3,""min"":7894,""median"":11724,""p90"":19880,""max"":19880,""mean"":13166},""D"":{""n"":4,""min"":24000,""median"":24000,""p90"":24000,""max"":24000,""mean"":24000},""L"":{""n"":1,""min"":17884,""median"":17884,""p90"":17884,""max"":17884,""mean"":17884}}","{""all"":{""n"":8,""min"":8338,""median"":20707,""p90"":24000,""max"":24000,""mean"":18563.5},""W"":{""n"":4,""min"":8338,""median"":16336,""p90"":20707,""max"":20707,""mean"":14276.25},""D"":{""n"":3,""min"":24000,""median"":24000,""p90"":24000,""max"":24000,""mean"":24000},""L"":{""n"":1,""min"":19403,""median"":19403,""p90"":19403,""max"":19403,""mean"":19403}}"
"unbounded_minus_disabled","v5","strata","ra2web_advanced__hfo-le","8","disabled","separated_lanes_unbounded_d1","2","3","3","2","2","4","0.4375","0.375","0.25","0.25","0.10887074683495994","0.10887074683495994","-0.0625","0","{""baseline_win"":3,""candidate_win"":2,""tick_cap_draw"":3}","{""baseline_win"":4,""candidate_win"":2,""tick_cap_draw"":2}","{""all"":{""n"":8,""min"":18293,""median"":21453,""p90"":24000,""max"":24000,""mean"":21553},""W"":{""n"":2,""min"":18795,""median"":20464,""p90"":20464,""max"":20464,""mean"":19629.5},""D"":{""n"":3,""min"":24000,""median"":24000,""p90"":24000,""max"":24000,""mean"":24000},""L"":{""n"":3,""min"":18293,""median"":21419,""p90"":21453,""max"":21453,""mean"":20388.333333333332}}","{""all"":{""n"":8,""min"":18795,""median"":21544,""p90"":24000,""max"":24000,""mean"":21694.875},""W"":{""n"":2,""min"":18795,""median"":20464,""p90"":20464,""max"":20464,""mean"":19629.5},""D"":{""n"":2,""min"":24000,""median"":24000,""p90"":24000,""max"":24000,""mean"":24000},""L"":{""n"":4,""min"":21409,""median"":21544,""p90"":21850,""max"":21850,""mean"":21575}}"
"unbounded_minus_disabled","v5","strata","ra2web_advanced__hfo-lvl","8","disabled","separated_lanes_unbounded_d1","2","3","3","2","3","3","0.4375","0.4375","0.25","0.25","0.10887074683495994","0.10887074683495994","0","0","{""baseline_win"":3,""candidate_win"":2,""tick_cap_draw"":3}","{""baseline_win"":3,""candidate_win"":2,""tick_cap_draw"":3}","{""all"":{""n"":8,""min"":15857,""median"":23870,""p90"":24000,""max"":24000,""mean"":20883.375},""W"":{""n"":2,""min"":18447,""median"":18450,""p90"":18450,""max"":18450,""mean"":18448.5},""D"":{""n"":3,""min"":24000,""median"":24000,""p90"":24000,""max"":24000,""mean"":24000},""L"":{""n"":3,""min"":15857,""median"":18443,""p90"":23870,""max"":23870,""mean"":19390}}","{""all"":{""n"":8,""min"":18648,""median"":23870,""p90"":24000,""max"":24000,""mean"":22219.25},""W"":{""n"":2,""min"":18648,""median"":20277,""p90"":20277,""max"":20277,""mean"":19462.5},""D"":{""n"":3,""min"":24000,""median"":24000,""p90"":24000,""max"":24000,""mean"":24000},""L"":{""n"":3,""min"":20400,""median"":22559,""p90"":23870,""max"":23870,""mean"":22276.333333333332}}"
"unbounded_minus_disabled","v5","strata","ra2web_advanced__hfo-original","8","disabled","separated_lanes_unbounded_d1","4","2","2","4","2","2","0.625","0.625","0.5","0.5","0.2936454286357453","0.2936454286357453","0","0","{""baseline_win"":2,""candidate_win"":4,""tick_cap_draw"":2}","{""baseline_win"":2,""candidate_win"":4,""tick_cap_draw"":2}","{""all"":{""n"":8,""min"":10292,""median"":18131,""p90"":24000,""max"":24000,""mean"":17419},""W"":{""n"":4,""min"":10292,""median"":17170,""p90"":18620,""max"":18620,""mean"":14870.75},""D"":{""n"":2,""min"":24000,""median"":24000,""p90"":24000,""max"":24000,""mean"":24000},""L"":{""n"":2,""min"":13738,""median"":18131,""p90"":18131,""max"":18131,""mean"":15934.5}}","{""all"":{""n"":8,""min"":10292,""median"":19776,""p90"":24000,""max"":24000,""mean"":18089.625},""W"":{""n"":4,""min"":10292,""median"":13660,""p90"":19941,""max"":19941,""mean"":14323.5},""D"":{""n"":2,""min"":24000,""median"":24000,""p90"":24000,""max"":24000,""mean"":24000},""L"":{""n"":2,""min"":19647,""median"":19776,""p90"":19776,""max"":19776,""mean"":19711.5}}"
"unbounded_minus_disabled","v5","strata","ra2web_advanced__hfo-rvr","8","disabled","separated_lanes_unbounded_d1","1","5","2","0","5","3","0.4375","0.3125","0.125","0","0.038176543007959585","0","-0.125","-0.125","{""baseline_win"":2,""candidate_win"":1,""tick_cap_draw"":5}","{""baseline_win"":3,""tick_cap_draw"":5}","{""all"":{""n"":8,""min"":10780,""median"":24000,""p90"":24000,""max"":24000,""mean"":19854.25},""W"":{""n"":1,""min"":10780,""median"":10780,""p90"":10780,""max"":10780,""mean"":10780},""D"":{""n"":5,""min"":24000,""median"":24000,""p90"":24000,""max"":24000,""mean"":24000},""L"":{""n"":2,""min"":12735,""median"":15319,""p90"":15319,""max"":15319,""mean"":14027}}","{""all"":{""n"":8,""min"":13032,""median"":24000,""p90"":24000,""max"":24000,""mean"":22086.875},""W"":null,""D"":{""n"":5,""min"":24000,""median"":24000,""p90"":24000,""max"":24000,""mean"":24000},""L"":{""n"":3,""min"":13032,""median"":21134,""p90"":22529,""max"":22529,""mean"":18898.333333333332}}"
"unbounded_minus_disabled","v5","strata","ra2web_advanced__hfo-tvt","8","disabled","separated_lanes_unbounded_d1","5","2","1","6","2","0","0.75","0.875","0.625","0.75","0.4027757419118244","0.5237063285891094","0.125","0.125","{""baseline_win"":1,""candidate_win"":5,""tick_cap_draw"":2}","{""candidate_win"":6,""tick_cap_draw"":2}","{""all"":{""n"":8,""min"":7110,""median"":19961,""p90"":24000,""max"":24000,""mean"":15810.625},""W"":{""n"":5,""min"":7110,""median"":11296,""p90"":19961,""max"":19961,""mean"":11475.8},""D"":{""n"":2,""min"":24000,""median"":24000,""p90"":24000,""max"":24000,""mean"":24000},""L"":{""n"":1,""min"":21106,""median"":21106,""p90"":21106,""max"":21106,""mean"":21106}}","{""all"":{""n"":8,""min"":6527,""median"":11938,""p90"":24000,""max"":24000,""mean"":12665.375},""W"":{""n"":6,""min"":6527,""median"":7974,""p90"":12598,""max"":12598,""mean"":8887.166666666666},""D"":{""n"":2,""min"":24000,""median"":24000,""p90"":24000,""max"":24000,""mean"":24000},""L"":null}"
"unbounded_minus_disabled","v5","maps","hfo-bvb","16","disabled","separated_lanes_unbounded_d1","7","6","3","6","4","6","0.625","0.5","0.4375","0.375","0.29184763573272116","0.23846779627509276","-0.125","-0.0625","{""baseline_win"":3,""candidate_win"":7,""tick_cap_draw"":6}","{""baseline_win"":6,""candidate_win"":6,""tick_cap_draw"":4}","{""all"":{""n"":16,""min"":8997,""median"":14644,""p90"":24000,""max"":24000,""mean"":16620},""W"":{""n"":7,""min"":8997,""median"":10053,""p90"":14644,""max"":14644,""mean"":11164},""D"":{""n"":6,""min"":24000,""median"":24000,""p90"":24000,""max"":24000,""mean"":24000},""L"":{""n"":3,""min"":11556,""median"":13385,""p90"":18831,""max"":18831,""mean"":14590.666666666666}}","{""all"":{""n"":16,""min"":8997,""median"":14392,""p90"":24000,""max"":24000,""mean"":15396.9375},""W"":{""n"":6,""min"":8997,""median"":10053,""p90"":14392,""max"":14392,""mean"":10657.833333333334},""D"":{""n"":4,""min"":24000,""median"":24000,""p90"":24000,""max"":24000,""mean"":24000},""L"":{""n"":6,""min"":10175,""median"":14401,""p90"":18831,""max"":18831,""mean"":14400.666666666666}}"
"unbounded_minus_disabled","v5","maps","hfo-corners","16","disabled","separated_lanes_unbounded_d1","3","8","5","5","6","5","0.4375","0.5","0.1875","0.3125","0.09400111552644326","0.18745912692965838","0.0625","0.125","{""baseline_win"":5,""candidate_win"":3,""tick_cap_draw"":8}","{""baseline_win"":5,""candidate_win"":5,""tick_cap_draw"":6}","{""all"":{""n"":16,""min"":7006,""median"":24000,""p90"":24000,""max"":24000,""mean"":18690.5},""W"":{""n"":3,""min"":16546,""median"":20249,""p90"":21114,""max"":21114,""mean"":19303},""D"":{""n"":8,""min"":24000,""median"":24000,""p90"":24000,""max"":24000,""mean"":24000},""L"":{""n"":5,""min"":7006,""median"":8883,""p90"":13247,""max"":13247,""mean"":9827.8}}","{""all"":{""n"":16,""min"":7006,""median"":20249,""p90"":24000,""max"":24000,""mean"":17163.6875},""W"":{""n"":5,""min"":11488,""median"":16972,""p90"":21114,""max"":21114,""mean"":16407.4},""D"":{""n"":6,""min"":24000,""median"":24000,""p90"":24000,""max"":24000,""mean"":24000},""L"":{""n"":5,""min"":7006,""median"":8326,""p90"":13247,""max"":13247,""mean"":9716.4}}"
"unbounded_minus_disabled","v5","maps","hfo-corners-b","16","disabled","separated_lanes_unbounded_d1","4","9","3","5","7","4","0.53125","0.53125","0.25","0.3125","0.13912211071126457","0.18745912692965838","0","0.0625","{""baseline_win"":3,""candidate_win"":4,""tick_cap_draw"":9}","{""baseline_win"":4,""candidate_win"":5,""tick_cap_draw"":7}","{""all"":{""n"":16,""min"":6562,""median"":24000,""p90"":24000,""max"":24000,""mean"":19424.75},""W"":{""n"":4,""min"":9928,""median"":16834,""p90"":17644,""max"":17644,""mean"":14255.5},""D"":{""n"":9,""min"":24000,""median"":24000,""p90"":24000,""max"":24000,""mean"":24000},""L"":{""n"":3,""min"":6562,""median"":7738,""p90"":23474,""max"":23474,""mean"":12591.333333333334}}","{""all"":{""n"":16,""min"":6562,""median"":23557,""p90"":24000,""max"":24000,""mean"":18583.25},""W"":{""n"":5,""min"":8194,""median"":11374,""p90"":19949,""max"":19949,""mean"":13624.2},""D"":{""n"":7,""min"":24000,""median"":24000,""p90"":24000,""max"":24000,""mean"":24000},""L"":{""n"":4,""min"":6562,""median"":23474,""p90"":23557,""max"":23557,""mean"":15302.75}}"
"unbounded_minus_disabled","v5","maps","hfo-corners-b-golden","16","disabled","separated_lanes_unbounded_d1","6","5","5","6","6","4","0.53125","0.5625","0.375","0.375","0.23846779627509276","0.23846779627509276","0.03125","0","{""baseline_win"":5,""candidate_win"":6,""tick_cap_draw"":5}","{""baseline_win"":4,""candidate_win"":6,""tick_cap_draw"":6}","{""all"":{""n"":16,""min"":6454,""median"":16204,""p90"":24000,""max"":24000,""mean"":15550.75},""W"":{""n"":6,""min"":8077,""median"":10036,""p90"":16204,""max"":16204,""mean"":10563.166666666666},""D"":{""n"":5,""min"":24000,""median"":24000,""p90"":24000,""max"":24000,""mean"":24000},""L"":{""n"":5,""min"":6454,""median"":8785,""p90"":21997,""max"":21997,""mean"":13086.6}}","{""all"":{""n"":16,""min"":6454,""median"":20021,""p90"":24000,""max"":24000,""mean"":16289.25},""W"":{""n"":6,""min"":7264,""median"":10485,""p90"":13054,""max"":13054,""mean"":9744},""D"":{""n"":6,""min"":24000,""median"":24000,""p90"":24000,""max"":24000,""mean"":24000},""L"":{""n"":4,""min"":6454,""median"":20021,""p90"":23524,""max"":23524,""mean"":14541}}"
"unbounded_minus_disabled","v5","maps","hfo-golden","16","disabled","separated_lanes_unbounded_d1","7","6","3","7","5","4","0.625","0.59375","0.4375","0.4375","0.29184763573272116","0.29184763573272116","-0.03125","0","{""baseline_win"":3,""candidate_win"":7,""tick_cap_draw"":6}","{""baseline_win"":4,""candidate_win"":7,""tick_cap_draw"":5}","{""all"":{""n"":16,""min"":7096,""median"":17884,""p90"":24000,""max"":24000,""mean"":16252},""W"":{""n"":7,""min"":7096,""median"":11680,""p90"":19880,""max"":19880,""mean"":11538},""D"":{""n"":6,""min"":24000,""median"":24000,""p90"":24000,""max"":24000,""mean"":24000},""L"":{""n"":3,""min"":7962,""median"":9420,""p90"":17884,""max"":17884,""mean"":11755.333333333334}}","{""all"":{""n"":16,""min"":7330,""median"":17625,""p90"":24000,""max"":24000,""mean"":16569.875},""W"":{""n"":7,""min"":8338,""median"":11844,""p90"":20707,""max"":20707,""mean"":13048.57142857143},""D"":{""n"":5,""min"":24000,""median"":24000,""p90"":24000,""max"":24000,""mean"":24000},""L"":{""n"":4,""min"":7330,""median"":17625,""p90"":19403,""max"":19403,""mean"":13444.5}}"
"unbounded_minus_disabled","v5","maps","hfo-le","16","disabled","separated_lanes_unbounded_d1","6","5","5","5","5","6","0.53125","0.46875","0.375","0.3125","0.23846779627509276","0.18745912692965838","-0.0625","-0.0625","{""baseline_win"":5,""candidate_win"":6,""tick_cap_draw"":5}","{""baseline_win"":6,""candidate_win"":5,""tick_cap_draw"":5}","{""all"":{""n"":16,""min"":7420,""median"":20464,""p90"":24000,""max"":24000,""mean"":17190.4375},""W"":{""n"":6,""min"":9538,""median"":10903,""p90"":20464,""max"":20464,""mean"":13165.333333333334},""D"":{""n"":5,""min"":24000,""median"":24000,""p90"":24000,""max"":24000,""mean"":24000},""L"":{""n"":5,""min"":7420,""median"":18293,""p90"":21453,""max"":21453,""mean"":15211}}","{""all"":{""n"":16,""min"":7420,""median"":21497,""p90"":24000,""max"":24000,""mean"":18381.4375},""W"":{""n"":5,""min"":9586,""median"":13165,""p90"":20464,""max"":20464,""mean"":14582.6},""D"":{""n"":5,""min"":24000,""median"":24000,""p90"":24000,""max"":24000,""mean"":24000},""L"":{""n"":6,""min"":7420,""median"":21497,""p90"":21850,""max"":21850,""mean"":16865}}"
"unbounded_minus_disabled","v5","maps","hfo-lvl","16","disabled","separated_lanes_unbounded_d1","6","4","6","5","4","7","0.5","0.4375","0.375","0.3125","0.23846779627509276","0.18745912692965838","-0.0625","-0.0625","{""baseline_win"":6,""candidate_win"":6,""tick_cap_draw"":4}","{""baseline_win"":7,""candidate_win"":5,""tick_cap_draw"":4}","{""all"":{""n"":16,""min"":8918,""median"":21164,""p90"":24000,""max"":24000,""mean"":19919.375},""W"":{""n"":6,""min"":14396,""median"":19489,""p90"":21164,""max"":21164,""mean"":18691.666666666668},""D"":{""n"":4,""min"":24000,""median"":24000,""p90"":24000,""max"":24000,""mean"":24000},""L"":{""n"":6,""min"":8918,""median"":21483,""p90"":23870,""max"":23870,""mean"":18426.666666666668}}","{""all"":{""n"":16,""min"":8104,""median"":21483,""p90"":24000,""max"":24000,""mean"":19801.625},""W"":{""n"":5,""min"":14396,""median"":20029,""p90"":20277,""max"":20277,""mean"":18700.6},""D"":{""n"":4,""min"":24000,""median"":24000,""p90"":24000,""max"":24000,""mean"":24000},""L"":{""n"":7,""min"":8104,""median"":21483,""p90"":23870,""max"":23870,""mean"":18189}}"
"unbounded_minus_disabled","v5","maps","hfo-original","16","disabled","separated_lanes_unbounded_d1","7","4","5","7","4","5","0.5625","0.5625","0.4375","0.4375","0.29184763573272116","0.29184763573272116","0","0","{""baseline_win"":5,""candidate_win"":7,""tick_cap_draw"":4}","{""baseline_win"":5,""candidate_win"":7,""tick_cap_draw"":4}","{""all"":{""n"":16,""min"":7384,""median"":17170,""p90"":24000,""max"":24000,""mean"":16293.75},""W"":{""n"":7,""min"":10292,""median"":13606,""p90"":19267,""max"":19267,""mean"":14759.142857142857},""D"":{""n"":4,""min"":24000,""median"":24000,""p90"":24000,""max"":24000,""mean"":24000},""L"":{""n"":5,""min"":7384,""median"":12087,""p90"":18131,""max"":18131,""mean"":12277.2}}","{""all"":{""n"":16,""min"":7582,""median"":13660,""p90"":24000,""max"":24000,""mean"":15847},""W"":{""n"":7,""min"":9910,""median"":10958,""p90"":19941,""max"":19941,""mean"":12630.57142857143},""D"":{""n"":4,""min"":24000,""median"":24000,""p90"":24000,""max"":24000,""mean"":24000},""L"":{""n"":5,""min"":7582,""median"":12087,""p90"":19776,""max"":19776,""mean"":13827.6}}"
"unbounded_minus_disabled","v5","maps","hfo-rvr","16","disabled","separated_lanes_unbounded_d1","4","9","3","2","10","4","0.53125","0.4375","0.25","0.125","0.13912211071126457","0.053135703142265844","-0.09375","-0.125","{""baseline_win"":3,""candidate_win"":4,""tick_cap_draw"":9}","{""baseline_win"":4,""candidate_win"":2,""tick_cap_draw"":10}","{""all"":{""n"":16,""min"":8608,""median"":24000,""p90"":24000,""max"":24000,""mean"":20275.9375},""W"":{""n"":4,""min"":8608,""median"":20856,""p90"":21190,""max"":21190,""mean"":15358.5},""D"":{""n"":9,""min"":24000,""median"":24000,""p90"":24000,""max"":24000,""mean"":24000},""L"":{""n"":3,""min"":12735,""median"":15319,""p90"":18927,""max"":18927,""mean"":15660.333333333334}}","{""all"":{""n"":16,""min"":12464,""median"":24000,""p90"":24000,""max"":24000,""mean"":21871.4375},""W"":{""n"":2,""min"":12464,""median"":21190,""p90"":21190,""max"":21190,""mean"":16827},""D"":{""n"":10,""min"":24000,""median"":24000,""p90"":24000,""max"":24000,""mean"":24000},""L"":{""n"":4,""min"":13032,""median"":21134,""p90"":22529,""max"":22529,""mean"":19072.25}}"
"unbounded_minus_disabled","v5","maps","hfo-tvt","16","disabled","separated_lanes_unbounded_d1","9","6","1","9","7","0","0.75","0.78125","0.5625","0.5625","0.40521106136564305","0.40521106136564305","0.03125","0","{""baseline_win"":1,""candidate_win"":9,""tick_cap_draw"":6}","{""candidate_win"":9,""tick_cap_draw"":7}","{""all"":{""n"":16,""min"":7110,""median"":21106,""p90"":24000,""max"":24000,""mean"":17056.5},""W"":{""n"":9,""min"":7110,""median"":11296,""p90"":21315,""max"":21315,""mean"":11977.555555555555},""D"":{""n"":6,""min"":24000,""median"":24000,""p90"":24000,""max"":24000,""mean"":24000},""L"":{""n"":1,""min"":21106,""median"":21106,""p90"":21106,""max"":21106,""mean"":21106}}","{""all"":{""n"":16,""min"":6527,""median"":12598,""p90"":24000,""max"":24000,""mean"":15615.6875},""W"":{""n"":9,""min"":6527,""median"":7974,""p90"":12598,""max"":12598,""mean"":9094.555555555555},""D"":{""n"":7,""min"":24000,""median"":24000,""p90"":24000,""max"":24000,""mean"":24000},""L"":null}"
"unbounded_minus_disabled","v5","maps","pacific-heights","8","disabled","separated_lanes_unbounded_d1","6","2","0","6","2","0","0.875","0.875","0.75","0.75","0.5237063285891094","0.5237063285891094","0","0","{""candidate_win"":6,""tick_cap_draw"":2}","{""candidate_win"":6,""tick_cap_draw"":2}","{""all"":{""n"":8,""min"":9274,""median"":10792,""p90"":24000,""max"":24000,""mean"":13775.5},""W"":{""n"":6,""min"":9274,""median"":9797,""p90"":13450,""max"":13450,""mean"":10367.333333333334},""D"":{""n"":2,""min"":24000,""median"":24000,""p90"":24000,""max"":24000,""mean"":24000},""L"":null}","{""all"":{""n"":8,""min"":9449,""median"":10163,""p90"":24000,""max"":24000,""mean"":14338.125},""W"":{""n"":6,""min"":9449,""median"":9880,""p90"":17560,""max"":17560,""mean"":11117.5},""D"":{""n"":2,""min"":24000,""median"":24000,""p90"":24000,""max"":24000,""mean"":24000},""L"":null}"
"unbounded_minus_disabled","v5","maps","peak","8","disabled","separated_lanes_unbounded_d1","3","5","0","3","4","1","0.6875","0.625","0.375","0.375","0.19535795103474965","0.19535795103474965","-0.0625","0","{""candidate_win"":3,""tick_cap_draw"":5}","{""baseline_win"":1,""candidate_win"":3,""tick_cap_draw"":4}","{""all"":{""n"":8,""min"":9441,""median"":24000,""p90"":24000,""max"":24000,""mean"":18794.625},""W"":{""n"":3,""min"":9441,""median"":9458,""p90"":11458,""max"":11458,""mean"":10119},""D"":{""n"":5,""min"":24000,""median"":24000,""p90"":24000,""max"":24000,""mean"":24000},""L"":null}","{""all"":{""n"":8,""min"":9441,""median"":24000,""p90"":24000,""max"":24000,""mean"":18585.5},""W"":{""n"":3,""min"":9441,""median"":9458,""p90"":11520,""max"":11520,""mean"":10139.666666666666},""D"":{""n"":4,""min"":24000,""median"":24000,""p90"":24000,""max"":24000,""mean"":24000},""L"":{""n"":1,""min"":22265,""median"":22265,""p90"":22265,""max"":22265,""mean"":22265}}"
"unbounded_minus_disabled","v5","maps","south-pacific","8","disabled","separated_lanes_unbounded_d1","0","6","2","0","6","2","0.375","0.375","0","0","0","0","0","0","{""baseline_win"":2,""engine_nonliteral_termination_draw"":2,""tick_cap_draw"":4}","{""baseline_win"":2,""engine_nonliteral_termination_draw"":1,""tick_cap_draw"":5}","{""all"":{""n"":8,""min"":9438,""median"":24000,""p90"":24000,""max"":24000,""mean"":19737.125},""W"":null,""D"":{""n"":6,""min"":17832,""median"":24000,""p90"":24000,""max"":24000,""mean"":22936.5},""L"":{""n"":2,""min"":9438,""median"":10840,""p90"":10840,""max"":10840,""mean"":10139}}","{""all"":{""n"":8,""min"":9438,""median"":24000,""p90"":24000,""max"":24000,""mean"":19763.75},""W"":null,""D"":{""n"":6,""min"":17832,""median"":24000,""p90"":24000,""max"":24000,""mean"":22972},""L"":{""n"":2,""min"":9438,""median"":10840,""p90"":10840,""max"":10840,""mean"":10139}}"
"unbounded_minus_disabled","v5","maps","south-pacific-2","8","disabled","separated_lanes_unbounded_d1","0","6","2","0","6","2","0.375","0.375","0","0","0","0","0","0","{""baseline_win"":2,""engine_nonliteral_termination_draw"":2,""tick_cap_draw"":4}","{""baseline_win"":2,""tick_cap_draw"":6}","{""all"":{""n"":8,""min"":13501,""median"":24000,""p90"":24000,""max"":24000,""mean"":21338.125},""W"":null,""D"":{""n"":6,""min"":21642,""median"":24000,""p90"":24000,""max"":24000,""mean"":23261.5},""L"":{""n"":2,""min"":13501,""median"":17635,""p90"":17635,""max"":17635,""mean"":15568}}","{""all"":{""n"":8,""min"":13501,""median"":24000,""p90"":24000,""max"":24000,""mean"":21892},""W"":null,""D"":{""n"":6,""min"":24000,""median"":24000,""p90"":24000,""max"":24000,""mean"":24000},""L"":{""n"":2,""min"":13501,""median"":17635,""p90"":17635,""max"":17635,""mean"":15568}}"
"unbounded_minus_disabled","v5","maps","tour-of-egypt","8","disabled","separated_lanes_unbounded_d1","1","1","6","1","1","6","0.1875","0.1875","0.125","0.125","0.038176543007959585","0.038176543007959585","0","0","{""baseline_win"":6,""candidate_win"":1,""tick_cap_draw"":1}","{""baseline_win"":6,""candidate_win"":1,""tick_cap_draw"":1}","{""all"":{""n"":8,""min"":5662,""median"":7960,""p90"":24000,""max"":24000,""mean"":9689.75},""W"":{""n"":1,""min"":9637,""median"":9637,""p90"":9637,""max"":9637,""mean"":9637},""D"":{""n"":1,""min"":24000,""median"":24000,""p90"":24000,""max"":24000,""mean"":24000},""L"":{""n"":6,""min"":5662,""median"":7197,""p90"":9922,""max"":9922,""mean"":7313.5}}","{""all"":{""n"":8,""min"":5662,""median"":7226,""p90"":24000,""max"":24000,""mean"":9580.75},""W"":{""n"":1,""min"":9637,""median"":9637,""p90"":9637,""max"":9637,""mean"":9637},""D"":{""n"":1,""min"":24000,""median"":24000,""p90"":24000,""max"":24000,""mean"":24000},""L"":{""n"":6,""min"":5662,""median"":7197,""p90"":9922,""max"":9922,""mean"":7168.166666666667}}"
"unbounded_minus_disabled","v5","countries","Africans","100","disabled","separated_lanes_unbounded_d1","29","57","14","29","56","15","0.575","0.57","0.29","0.29","0.23561331862811485","0.23561331862811485","-0.005","0","{""baseline_win"":14,""candidate_win"":29,""tick_cap_draw"":57}","{""baseline_win"":15,""candidate_win"":29,""tick_cap_draw"":56}","{""all"":{""n"":100,""min"":7076,""median"":24000,""p90"":24000,""max"":24000,""mean"":19138.6},""W"":{""n"":29,""min"":7110,""median"":10773,""p90"":20464,""max"":21190,""mean"":12207.793103448275},""D"":{""n"":57,""min"":24000,""median"":24000,""p90"":24000,""max"":24000,""mean"":24000},""L"":{""n"":14,""min"":7076,""median"":10840,""p90"":23474,""max"":23870,""mean"":13702.42857142857}}","{""all"":{""n"":100,""min"":7076,""median"":24000,""p90"":24000,""max"":24000,""mean"":19121.87},""W"":{""n"":29,""min"":7110,""median"":10773,""p90"":20464,""max"":21190,""mean"":12209.931034482759},""D"":{""n"":56,""min"":24000,""median"":24000,""p90"":24000,""max"":24000,""mean"":24000},""L"":{""n"":15,""min"":7076,""median"":10840,""p90"":23474,""max"":23870,""mean"":14273.266666666666}}"
"unbounded_minus_disabled","v5","countries","Americans","100","disabled","separated_lanes_unbounded_d1","40","25","35","38","21","41","0.525","0.485","0.4","0.38","0.3393212288182525","0.32020837801802177","-0.04","-0.02","{""baseline_win"":35,""candidate_win"":40,""engine_nonliteral_termination_draw"":4,""tick_cap_draw"":21}","{""baseline_win"":41,""candidate_win"":38,""engine_nonliteral_termination_draw"":1,""tick_cap_draw"":20}","{""all"":{""n"":100,""min"":5662,""median"":16546,""p90"":24000,""max"":24000,""mean"":15892.05},""W"":{""n"":40,""min"":7096,""median"":12616,""p90"":20204,""max"":21315,""mean"":13727.1},""D"":{""n"":25,""min"":17832,""median"":24000,""p90"":24000,""max"":24000,""mean"":23567.52},""L"":{""n"":35,""min"":5662,""median"":12735,""p90"":21106,""max"":21997,""mean"":12883.8}}","{""all"":{""n"":100,""min"":5662,""median"":14401,""p90"":24000,""max"":24000,""mean"":15694.17},""W"":{""n"":38,""min"":6527,""median"":11938,""p90"":20029,""max"":20707,""mean"":12813.605263157895},""D"":{""n"":21,""min"":17832,""median"":24000,""p90"":24000,""max"":24000,""mean"":23706.285714285714},""L"":{""n"":41,""min"":5662,""median"":13501,""p90"":21850,""max"":23557,""mean"":14260.19512195122}}"
"unbounded_minus_disabled","v5","factions","Allied","100","disabled","separated_lanes_unbounded_d1","40","25","35","38","21","41","0.525","0.485","0.4","0.38","0.3393212288182525","0.32020837801802177","-0.04","-0.02","{""baseline_win"":35,""candidate_win"":40,""engine_nonliteral_termination_draw"":4,""tick_cap_draw"":21}","{""baseline_win"":41,""candidate_win"":38,""engine_nonliteral_termination_draw"":1,""tick_cap_draw"":20}","{""all"":{""n"":100,""min"":5662,""median"":16546,""p90"":24000,""max"":24000,""mean"":15892.05},""W"":{""n"":40,""min"":7096,""median"":12616,""p90"":20204,""max"":21315,""mean"":13727.1},""D"":{""n"":25,""min"":17832,""median"":24000,""p90"":24000,""max"":24000,""mean"":23567.52},""L"":{""n"":35,""min"":5662,""median"":12735,""p90"":21106,""max"":21997,""mean"":12883.8}}","{""all"":{""n"":100,""min"":5662,""median"":14401,""p90"":24000,""max"":24000,""mean"":15694.17},""W"":{""n"":38,""min"":6527,""median"":11938,""p90"":20029,""max"":20707,""mean"":12813.605263157895},""D"":{""n"":21,""min"":17832,""median"":24000,""p90"":24000,""max"":24000,""mean"":23706.285714285714},""L"":{""n"":41,""min"":5662,""median"":13501,""p90"":21850,""max"":23557,""mean"":14260.19512195122}}"
"unbounded_minus_disabled","v5","factions","Soviet","100","disabled","separated_lanes_unbounded_d1","29","57","14","29","56","15","0.575","0.57","0.29","0.29","0.23561331862811485","0.23561331862811485","-0.005","0","{""baseline_win"":14,""candidate_win"":29,""tick_cap_draw"":57}","{""baseline_win"":15,""candidate_win"":29,""tick_cap_draw"":56}","{""all"":{""n"":100,""min"":7076,""median"":24000,""p90"":24000,""max"":24000,""mean"":19138.6},""W"":{""n"":29,""min"":7110,""median"":10773,""p90"":20464,""max"":21190,""mean"":12207.793103448275},""D"":{""n"":57,""min"":24000,""median"":24000,""p90"":24000,""max"":24000,""mean"":24000},""L"":{""n"":14,""min"":7076,""median"":10840,""p90"":23474,""max"":23870,""mean"":13702.42857142857}}","{""all"":{""n"":100,""min"":7076,""median"":24000,""p90"":24000,""max"":24000,""mean"":19121.87},""W"":{""n"":29,""min"":7110,""median"":10773,""p90"":20464,""max"":21190,""mean"":12209.931034482759},""D"":{""n"":56,""min"":24000,""median"":24000,""p90"":24000,""max"":24000,""mean"":24000},""L"":{""n"":15,""min"":7076,""median"":10840,""p90"":23474,""max"":23870,""mean"":14273.266666666666}}"
"unbounded_minus_disabled","v5","slots","0","100","disabled","separated_lanes_unbounded_d1","31","40","29","32","38","30","0.51","0.51","0.31","0.32","0.2541998982546286","0.26354084363358415","0","0.01","{""baseline_win"":29,""candidate_win"":31,""engine_nonliteral_termination_draw"":3,""tick_cap_draw"":37}","{""baseline_win"":30,""candidate_win"":32,""engine_nonliteral_termination_draw"":1,""tick_cap_draw"":37}","{""all"":{""n"":100,""min"":6454,""median"":18795,""p90"":24000,""max"":24000,""mean"":17185.22},""W"":{""n"":31,""min"":7110,""median"":11458,""p90"":19880,""max"":21315,""mean"":12985.870967741936},""D"":{""n"":40,""min"":17832,""median"":24000,""p90"":24000,""max"":24000,""mean"":23788.65},""L"":{""n"":29,""min"":6454,""median"":9438,""p90"":21989,""max"":23870,""mean"":12566}}","{""all"":{""n"":100,""min"":6454,""median"":18795,""p90"":24000,""max"":24000,""mean"":16970.09},""W"":{""n"":32,""min"":6527,""median"":11520,""p90"":18795,""max"":21114,""mean"":12500.84375},""D"":{""n"":38,""min"":17832,""median"":24000,""p90"":24000,""max"":24000,""mean"":23837.684210526317},""L"":{""n"":30,""min"":6454,""median"":9922,""p90"":22559,""max"":23870,""mean"":13038.333333333334}}"
"unbounded_minus_disabled","v5","slots","1","100","disabled","separated_lanes_unbounded_d1","38","42","20","35","39","26","0.59","0.545","0.38","0.35","0.32020837801802177","0.2917450742017554","-0.045","-0.03","{""baseline_win"":20,""candidate_win"":38,""engine_nonliteral_termination_draw"":1,""tick_cap_draw"":41}","{""baseline_win"":26,""candidate_win"":35,""tick_cap_draw"":39}","{""all"":{""n"":100,""min"":5662,""median"":20204,""p90"":24000,""max"":24000,""mean"":17845.43},""W"":{""n"":38,""min"":7096,""median"":11296,""p90"":20249,""max"":21190,""mean"":13172.315789473685},""D"":{""n"":42,""min"":21642,""median"":24000,""p90"":24000,""max"":24000,""mean"":23943.85714285714},""L"":{""n"":20,""min"":5662,""median"":13385,""p90"":21483,""max"":23474,""mean"":13917.65}}","{""all"":{""n"":100,""min"":5662,""median"":20400,""p90"":24000,""max"":24000,""mean"":17845.95},""W"":{""n"":35,""min"":6718,""median"":11362,""p90"":20277,""max"":21190,""mean"":12599.371428571429},""D"":{""n"":39,""min"":24000,""median"":24000,""p90"":24000,""max"":24000,""mean"":24000},""L"":{""n"":26,""min"":5662,""median"":17625,""p90"":22265,""max"":23557,""mean"":15677.576923076924}}"
"unbounded_minus_disabled","v5","directions","0","100","disabled","separated_lanes_unbounded_d1","26","38","36","27","37","36","0.45","0.455","0.26","0.27","0.2079860753672008","0.21716003386651903","0.005","0.01","{""baseline_win"":36,""candidate_win"":26,""engine_nonliteral_termination_draw"":1,""tick_cap_draw"":37}","{""baseline_win"":36,""candidate_win"":27,""engine_nonliteral_termination_draw"":1,""tick_cap_draw"":36}","{""all"":{""n"":100,""min"":6064,""median"":19489,""p90"":24000,""max"":24000,""mean"":17293.15},""W"":{""n"":26,""min"":7096,""median"":9816,""p90"":20249,""max"":21114,""mean"":12146.076923076924},""D"":{""n"":38,""min"":17832,""median"":24000,""p90"":24000,""max"":24000,""mean"":23837.684210526317},""L"":{""n"":36,""min"":6064,""median"":13501,""p90"":21989,""max"":23870,""mean"":14102.361111111111}}","{""all"":{""n"":100,""min"":5926,""median"":20249,""p90"":24000,""max"":24000,""mean"":17422.71},""W"":{""n"":27,""min"":6527,""median"":9856,""p90"":20249,""max"":21114,""mean"":11536},""D"":{""n"":37,""min"":17832,""median"":24000,""p90"":24000,""max"":24000,""mean"":23833.297297297297},""L"":{""n"":36,""min"":5926,""median"":17625,""p90"":23474,""max"":23870,""mean"":15249.083333333334}}"
"unbounded_minus_disabled","v5","directions","1","100","disabled","separated_lanes_unbounded_d1","43","44","13","40","40","20","0.65","0.6","0.43","0.4","0.3681890946354633","0.3393212288182525","-0.05","-0.03","{""baseline_win"":13,""candidate_win"":43,""engine_nonliteral_termination_draw"":3,""tick_cap_draw"":41}","{""baseline_win"":20,""candidate_win"":40,""tick_cap_draw"":40}","{""all"":{""n"":100,""min"":5662,""median"":20204,""p90"":24000,""max"":24000,""mean"":17737.5},""W"":{""n"":43,""min"":8997,""median"":11836,""p90"":20204,""max"":21315,""mean"":13658.418604651162},""D"":{""n"":44,""min"":21642,""median"":24000,""p90"":24000,""max"":24000,""mean"":23894.454545454544},""L"":{""n"":13,""min"":5662,""median"":9420,""p90"":18831,""max"":21453,""mean"":10390.923076923076}}","{""all"":{""n"":100,""min"":5662,""median"":19941,""p90"":24000,""max"":24000,""mean"":17393.33},""W"":{""n"":40,""min"":8997,""median"":12002,""p90"":20153,""max"":21190,""mean"":13238.325},""D"":{""n"":40,""min"":24000,""median"":24000,""p90"":24000,""max"":24000,""mean"":24000},""L"":{""n"":20,""min"":5662,""median"":10175,""p90"":21544,""max"":22265,""mean"":12490}}"
"unbounded_minus_disabled","v5","countryDirection","Africans/0","50","disabled","separated_lanes_unbounded_d1","15","27","8","15","27","8","0.57","0.57","0.3","0.3","0.22439073162097423","0.22439073162097423","0","0","{""baseline_win"":8,""candidate_win"":15,""tick_cap_draw"":27}","{""baseline_win"":8,""candidate_win"":15,""tick_cap_draw"":27}","{""all"":{""n"":50,""min"":7076,""median"":24000,""p90"":24000,""max"":24000,""mean"":19290.16},""W"":{""n"":15,""min"":7110,""median"":10773,""p90"":20464,""max"":21114,""mean"":12742.733333333334},""D"":{""n"":27,""min"":24000,""median"":24000,""p90"":24000,""max"":24000,""mean"":24000},""L"":{""n"":8,""min"":7076,""median"":21483,""p90"":23870,""max"":23870,""mean"":15670.875}}","{""all"":{""n"":50,""min"":7076,""median"":24000,""p90"":24000,""max"":24000,""mean"":19290.16},""W"":{""n"":15,""min"":7110,""median"":10773,""p90"":20464,""max"":21114,""mean"":12742.733333333334},""D"":{""n"":27,""min"":24000,""median"":24000,""p90"":24000,""max"":24000,""mean"":24000},""L"":{""n"":8,""min"":7076,""median"":21483,""p90"":23870,""max"":23870,""mean"":15670.875}}"
"unbounded_minus_disabled","v5","countryDirection","Africans/1","50","disabled","separated_lanes_unbounded_d1","14","30","6","14","29","7","0.58","0.57","0.28","0.28","0.20661997331532897","0.20661997331532897","-0.01","0","{""baseline_win"":6,""candidate_win"":14,""tick_cap_draw"":30}","{""baseline_win"":7,""candidate_win"":14,""tick_cap_draw"":29}","{""all"":{""n"":50,""min"":7918,""median"":24000,""p90"":24000,""max"":24000,""mean"":18987.04},""W"":{""n"":14,""min"":8997,""median"":10903,""p90"":14396,""max"":21190,""mean"":11634.642857142857},""D"":{""n"":30,""min"":24000,""median"":24000,""p90"":24000,""max"":24000,""mean"":24000},""L"":{""n"":6,""min"":7918,""median"":10046,""p90"":18831,""max"":18831,""mean"":11077.833333333334}}","{""all"":{""n"":50,""min"":7918,""median"":24000,""p90"":24000,""max"":24000,""mean"":18953.58},""W"":{""n"":14,""min"":8997,""median"":10903,""p90"":14396,""max"":21190,""mean"":11639.07142857143},""D"":{""n"":29,""min"":24000,""median"":24000,""p90"":24000,""max"":24000,""mean"":24000},""L"":{""n"":7,""min"":7918,""median"":10046,""p90"":22265,""max"":22265,""mean"":12676}}"
"unbounded_minus_disabled","v5","countryDirection","Americans/0","50","disabled","separated_lanes_unbounded_d1","11","11","28","12","10","28","0.33","0.34","0.22","0.24","0.1544960365752851","0.17165796405478714","0.01","0.02","{""baseline_win"":28,""candidate_win"":11,""engine_nonliteral_termination_draw"":1,""tick_cap_draw"":10}","{""baseline_win"":28,""candidate_win"":12,""engine_nonliteral_termination_draw"":1,""tick_cap_draw"":9}","{""all"":{""n"":50,""min"":6064,""median"":15319,""p90"":24000,""max"":24000,""mean"":15296.14},""W"":{""n"":11,""min"":7096,""median"":9442,""p90"":19489,""max"":19961,""mean"":11332.454545454546},""D"":{""n"":11,""min"":17832,""median"":24000,""p90"":24000,""max"":24000,""mean"":23439.272727272728},""L"":{""n"":28,""min"":6064,""median"":13501,""p90"":21106,""max"":21997,""mean"":13654.214285714286}}","{""all"":{""n"":50,""min"":5926,""median"":17625,""p90"":24000,""max"":24000,""mean"":15555.26},""W"":{""n"":12,""min"":6527,""median"":9856,""p90"":14392,""max"":20029,""mean"":10027.583333333334},""D"":{""n"":10,""min"":17832,""median"":24000,""p90"":24000,""max"":24000,""mean"":23383.2},""L"":{""n"":28,""min"":5926,""median"":17625,""p90"":22559,""max"":23557,""mean"":15128.57142857143}}"
"unbounded_minus_disabled","v5","countryDirection","Americans/1","50","disabled","separated_lanes_unbounded_d1","29","14","7","26","11","13","0.72","0.63","0.58","0.52","0.48940098225729495","0.43026627414796137","-0.09","-0.06","{""baseline_win"":7,""candidate_win"":29,""engine_nonliteral_termination_draw"":3,""tick_cap_draw"":11}","{""baseline_win"":13,""candidate_win"":26,""tick_cap_draw"":11}","{""all"":{""n"":50,""min"":5662,""median"":17170,""p90"":24000,""max"":24000,""mean"":16487.96},""W"":{""n"":29,""min"":9232,""median"":13606,""p90"":20856,""max"":21315,""mean"":14635.413793103447},""D"":{""n"":14,""min"":21642,""median"":24000,""p90"":24000,""max"":24000,""mean"":23668.285714285714},""L"":{""n"":7,""min"":5662,""median"":7006,""p90"":21453,""max"":21453,""mean"":9802.142857142857}}","{""all"":{""n"":50,""min"":5662,""median"":14401,""p90"":24000,""max"":24000,""mean"":15833.08},""W"":{""n"":26,""min"":9544,""median"":12847,""p90"":20153,""max"":20707,""mean"":14099.461538461539},""D"":{""n"":11,""min"":24000,""median"":24000,""p90"":24000,""max"":24000,""mean"":24000},""L"":{""n"":13,""min"":5662,""median"":10175,""p90"":21497,""max"":21544,""mean"":12389.846153846154}}"
"unbounded_minus_disabled","v5","opponentCountry","pinned_supalosa/Africans","60","disabled","separated_lanes_unbounded_d1","20","27","13","20","26","14","0.5583333333333333","0.55","0.3333333333333333","0.3333333333333333","0.2606991787230655","0.2606991787230655","-0.008333333333333333","0","{""baseline_win"":13,""candidate_win"":20,""tick_cap_draw"":27}","{""baseline_win"":14,""candidate_win"":20,""tick_cap_draw"":26}","{""all"":{""n"":60,""min"":7076,""median"":21483,""p90"":24000,""max"":24000,""mean"":17699.633333333335},""W"":{""n"":20,""min"":8077,""median"":10903,""p90"":21114,""max"":21190,""mean"":12300.7},""D"":{""n"":27,""min"":24000,""median"":24000,""p90"":24000,""max"":24000,""mean"":24000},""L"":{""n"":13,""min"":7076,""median"":10046,""p90"":21989,""max"":23474,""mean"":12920.307692307691}}","{""all"":{""n"":60,""min"":7076,""median"":21483,""p90"":24000,""max"":24000,""mean"":17671.75},""W"":{""n"":20,""min"":8077,""median"":10903,""p90"":21114,""max"":21190,""mean"":12303.8},""D"":{""n"":26,""min"":24000,""median"":24000,""p90"":24000,""max"":24000,""mean"":24000},""L"":{""n"":14,""min"":7076,""median"":10840,""p90"":22265,""max"":23474,""mean"":13587.785714285714}}"
"unbounded_minus_disabled","v5","opponentCountry","pinned_supalosa/Americans","60","disabled","separated_lanes_unbounded_d1","25","16","19","20","19","21","0.55","0.49166666666666664","0.4166666666666667","0.3333333333333333","0.3383835293528456","0.2606991787230655","-0.058333333333333334","-0.08333333333333333","{""baseline_win"":19,""candidate_win"":25,""engine_nonliteral_termination_draw"":4,""tick_cap_draw"":12}","{""baseline_win"":21,""candidate_win"":20,""engine_nonliteral_termination_draw"":1,""tick_cap_draw"":18}","{""all"":{""n"":60,""min"":5662,""median"":13450,""p90"":24000,""max"":24000,""mean"":14690.566666666668},""W"":{""n"":25,""min"":7096,""median"":11680,""p90"":20856,""max"":21315,""mean"":13297.48},""D"":{""n"":16,""min"":17832,""median"":24000,""p90"":24000,""max"":24000,""mean"":23324.25},""L"":{""n"":19,""min"":5662,""median"":7960,""p90"":17635,""max"":18927,""mean"":9253.105263157895}}","{""all"":{""n"":60,""min"":5662,""median"":12464,""p90"":24000,""max"":24000,""mean"":14785.266666666666},""W"":{""n"":20,""min"":6718,""median"":10485,""p90"":20029,""max"":20153,""mean"":11777.3},""D"":{""n"":19,""min"":17832,""median"":24000,""p90"":24000,""max"":24000,""mean"":23675.36842105263},""L"":{""n"":21,""min"":5662,""median"":7618,""p90"":17625,""max"":19594,""mean"":9606.57142857143}}"
"unbounded_minus_disabled","v5","opponentCountry","ra2web_advanced/Africans","40","disabled","separated_lanes_unbounded_d1","9","30","1","9","30","1","0.6","0.6","0.225","0.225","0.15220998483534723","0.15220998483534723","0","0","{""baseline_win"":1,""candidate_win"":9,""tick_cap_draw"":30}","{""baseline_win"":1,""candidate_win"":9,""tick_cap_draw"":30}","{""all"":{""n"":40,""min"":7110,""median"":24000,""p90"":24000,""max"":24000,""mean"":21297.05},""W"":{""n"":9,""min"":7110,""median"":10292,""p90"":20464,""max"":20464,""mean"":12001.333333333334},""D"":{""n"":30,""min"":24000,""median"":24000,""p90"":24000,""max"":24000,""mean"":24000},""L"":{""n"":1,""min"":23870,""median"":23870,""p90"":23870,""max"":23870,""mean"":23870}}","{""all"":{""n"":40,""min"":7110,""median"":24000,""p90"":24000,""max"":24000,""mean"":21297.05},""W"":{""n"":9,""min"":7110,""median"":10292,""p90"":20464,""max"":20464,""mean"":12001.333333333334},""D"":{""n"":30,""min"":24000,""median"":24000,""p90"":24000,""max"":24000,""mean"":24000},""L"":{""n"":1,""min"":23870,""median"":23870,""p90"":23870,""max"":23870,""mean"":23870}}"
"unbounded_minus_disabled","v5","opponentCountry","ra2web_advanced/Americans","40","disabled","separated_lanes_unbounded_d1","15","9","16","18","2","20","0.4875","0.475","0.375","0.45","0.2836592844391007","0.3531525483026235","-0.0125","0.075","{""baseline_win"":16,""candidate_win"":15,""tick_cap_draw"":9}","{""baseline_win"":20,""candidate_win"":18,""tick_cap_draw"":2}","{""all"":{""n"":40,""min"":7894,""median"":18443,""p90"":24000,""max"":24000,""mean"":17694.275},""W"":{""n"":15,""min"":7894,""median"":16204,""p90"":19880,""max"":19961,""mean"":14443.133333333333},""D"":{""n"":9,""min"":24000,""median"":24000,""p90"":24000,""max"":24000,""mean"":24000},""L"":{""n"":16,""min"":12085,""median"":18131,""p90"":21453,""max"":21997,""mean"":17195.25}}","{""all"":{""n"":40,""min"":6527,""median"":19403,""p90"":23524,""max"":24000,""mean"":17057.525},""W"":{""n"":18,""min"":6527,""median"":13054,""p90"":20277,""max"":20707,""mean"":13965.055555555555},""D"":{""n"":2,""min"":24000,""median"":24000,""p90"":24000,""max"":24000,""mean"":24000},""L"":{""n"":20,""min"":12085,""median"":20400,""p90"":23524,""max"":23557,""mean"":19146.5}}"
"unbounded_minus_disabled","v5","opponentFaction","pinned_supalosa/Allied","60","disabled","separated_lanes_unbounded_d1","25","16","19","20","19","21","0.55","0.49166666666666664","0.4166666666666667","0.3333333333333333","0.3383835293528456","0.2606991787230655","-0.058333333333333334","-0.08333333333333333","{""baseline_win"":19,""candidate_win"":25,""engine_nonliteral_termination_draw"":4,""tick_cap_draw"":12}","{""baseline_win"":21,""candidate_win"":20,""engine_nonliteral_termination_draw"":1,""tick_cap_draw"":18}","{""all"":{""n"":60,""min"":5662,""median"":13450,""p90"":24000,""max"":24000,""mean"":14690.566666666668},""W"":{""n"":25,""min"":7096,""median"":11680,""p90"":20856,""max"":21315,""mean"":13297.48},""D"":{""n"":16,""min"":17832,""median"":24000,""p90"":24000,""max"":24000,""mean"":23324.25},""L"":{""n"":19,""min"":5662,""median"":7960,""p90"":17635,""max"":18927,""mean"":9253.105263157895}}","{""all"":{""n"":60,""min"":5662,""median"":12464,""p90"":24000,""max"":24000,""mean"":14785.266666666666},""W"":{""n"":20,""min"":6718,""median"":10485,""p90"":20029,""max"":20153,""mean"":11777.3},""D"":{""n"":19,""min"":17832,""median"":24000,""p90"":24000,""max"":24000,""mean"":23675.36842105263},""L"":{""n"":21,""min"":5662,""median"":7618,""p90"":17625,""max"":19594,""mean"":9606.57142857143}}"
"unbounded_minus_disabled","v5","opponentFaction","pinned_supalosa/Soviet","60","disabled","separated_lanes_unbounded_d1","20","27","13","20","26","14","0.5583333333333333","0.55","0.3333333333333333","0.3333333333333333","0.2606991787230655","0.2606991787230655","-0.008333333333333333","0","{""baseline_win"":13,""candidate_win"":20,""tick_cap_draw"":27}","{""baseline_win"":14,""candidate_win"":20,""tick_cap_draw"":26}","{""all"":{""n"":60,""min"":7076,""median"":21483,""p90"":24000,""max"":24000,""mean"":17699.633333333335},""W"":{""n"":20,""min"":8077,""median"":10903,""p90"":21114,""max"":21190,""mean"":12300.7},""D"":{""n"":27,""min"":24000,""median"":24000,""p90"":24000,""max"":24000,""mean"":24000},""L"":{""n"":13,""min"":7076,""median"":10046,""p90"":21989,""max"":23474,""mean"":12920.307692307691}}","{""all"":{""n"":60,""min"":7076,""median"":21483,""p90"":24000,""max"":24000,""mean"":17671.75},""W"":{""n"":20,""min"":8077,""median"":10903,""p90"":21114,""max"":21190,""mean"":12303.8},""D"":{""n"":26,""min"":24000,""median"":24000,""p90"":24000,""max"":24000,""mean"":24000},""L"":{""n"":14,""min"":7076,""median"":10840,""p90"":22265,""max"":23474,""mean"":13587.785714285714}}"
"unbounded_minus_disabled","v5","opponentFaction","ra2web_advanced/Allied","40","disabled","separated_lanes_unbounded_d1","15","9","16","18","2","20","0.4875","0.475","0.375","0.45","0.2836592844391007","0.3531525483026235","-0.0125","0.075","{""baseline_win"":16,""candidate_win"":15,""tick_cap_draw"":9}","{""baseline_win"":20,""candidate_win"":18,""tick_cap_draw"":2}","{""all"":{""n"":40,""min"":7894,""median"":18443,""p90"":24000,""max"":24000,""mean"":17694.275},""W"":{""n"":15,""min"":7894,""median"":16204,""p90"":19880,""max"":19961,""mean"":14443.133333333333},""D"":{""n"":9,""min"":24000,""median"":24000,""p90"":24000,""max"":24000,""mean"":24000},""L"":{""n"":16,""min"":12085,""median"":18131,""p90"":21453,""max"":21997,""mean"":17195.25}}","{""all"":{""n"":40,""min"":6527,""median"":19403,""p90"":23524,""max"":24000,""mean"":17057.525},""W"":{""n"":18,""min"":6527,""median"":13054,""p90"":20277,""max"":20707,""mean"":13965.055555555555},""D"":{""n"":2,""min"":24000,""median"":24000,""p90"":24000,""max"":24000,""mean"":24000},""L"":{""n"":20,""min"":12085,""median"":20400,""p90"":23524,""max"":23557,""mean"":19146.5}}"
"unbounded_minus_disabled","v5","opponentFaction","ra2web_advanced/Soviet","40","disabled","separated_lanes_unbounded_d1","9","30","1","9","30","1","0.6","0.6","0.225","0.225","0.15220998483534723","0.15220998483534723","0","0","{""baseline_win"":1,""candidate_win"":9,""tick_cap_draw"":30}","{""baseline_win"":1,""candidate_win"":9,""tick_cap_draw"":30}","{""all"":{""n"":40,""min"":7110,""median"":24000,""p90"":24000,""max"":24000,""mean"":21297.05},""W"":{""n"":9,""min"":7110,""median"":10292,""p90"":20464,""max"":20464,""mean"":12001.333333333334},""D"":{""n"":30,""min"":24000,""median"":24000,""p90"":24000,""max"":24000,""mean"":24000},""L"":{""n"":1,""min"":23870,""median"":23870,""p90"":23870,""max"":23870,""mean"":23870}}","{""all"":{""n"":40,""min"":7110,""median"":24000,""p90"":24000,""max"":24000,""mean"":21297.05},""W"":{""n"":9,""min"":7110,""median"":10292,""p90"":20464,""max"":20464,""mean"":12001.333333333334},""D"":{""n"":30,""min"":24000,""median"":24000,""p90"":24000,""max"":24000,""mean"":24000},""L"":{""n"":1,""min"":23870,""median"":23870,""p90"":23870,""max"":23870,""mean"":23870}}"
"unbounded_minus_disabled","v5","opponentSlot","pinned_supalosa/0","60","disabled","separated_lanes_unbounded_d1","19","21","20","17","22","21","0.49166666666666664","0.4666666666666667","0.31666666666666665","0.2833333333333333","0.24546428560641853","0.2153263396944523","-0.025","-0.03333333333333333","{""baseline_win"":20,""candidate_win"":19,""engine_nonliteral_termination_draw"":3,""tick_cap_draw"":18}","{""baseline_win"":21,""candidate_win"":17,""engine_nonliteral_termination_draw"":1,""tick_cap_draw"":21}","{""all"":{""n"":60,""min"":6454,""median"":13606,""p90"":24000,""max"":24000,""mean"":15669.933333333332},""W"":{""n"":19,""min"":8077,""median"":11458,""p90"":21164,""max"":21315,""mean"":12900.842105263158},""D"":{""n"":21,""min"":17832,""median"":24000,""p90"":24000,""max"":24000,""mean"":23597.428571428572},""L"":{""n"":20,""min"":6454,""median"":8785,""p90"":18927,""max"":21989,""mean"":9976.7}}","{""all"":{""n"":60,""min"":6454,""median"":12847,""p90"":24000,""max"":24000,""mean"":15611.566666666668},""W"":{""n"":17,""min"":8077,""median"":10958,""p90"":17644,""max"":21114,""mean"":12177.176470588236},""D"":{""n"":22,""min"":17832,""median"":24000,""p90"":24000,""max"":24000,""mean"":23719.636363636364},""L"":{""n"":21,""min"":6454,""median"":8104,""p90"":17635,""max"":21989,""mean"":9897.619047619048}}"
"unbounded_minus_disabled","v5","opponentSlot","pinned_supalosa/1","60","disabled","separated_lanes_unbounded_d1","26","22","12","23","23","14","0.6166666666666667","0.575","0.43333333333333335","0.38333333333333336","0.3542044579989498","0.3070193885526255","-0.041666666666666664","-0.05","{""baseline_win"":12,""candidate_win"":26,""engine_nonliteral_termination_draw"":1,""tick_cap_draw"":21}","{""baseline_win"":14,""candidate_win"":23,""tick_cap_draw"":23}","{""all"":{""n"":60,""min"":5662,""median"":19267,""p90"":24000,""max"":24000,""mean"":16720.266666666666},""W"":{""n"":26,""min"":7096,""median"":10792,""p90"":20249,""max"":21190,""mean"":12820.576923076924},""D"":{""n"":22,""min"":21642,""median"":24000,""p90"":24000,""max"":24000,""mean"":23892.81818181818},""L"":{""n"":12,""min"":5662,""median"":10840,""p90"":21483,""max"":23474,""mean"":12019.916666666666}}","{""all"":{""n"":60,""min"":5662,""median"":20029,""p90"":24000,""max"":24000,""mean"":16845.45},""W"":{""n"":23,""min"":6718,""median"":9910,""p90"":20153,""max"":21190,""mean"":11939.565217391304},""D"":{""n"":23,""min"":24000,""median"":24000,""p90"":24000,""max"":24000,""mean"":24000},""L"":{""n"":14,""min"":5662,""median"":11682,""p90"":22265,""max"":23474,""mean"":13151.214285714286}}"
"unbounded_minus_disabled","v5","opponentSlot","ra2web_advanced/0","40","disabled","separated_lanes_unbounded_d1","12","19","9","15","16","9","0.5375","0.575","0.3","0.375","0.21653912471300574","0.2836592844391007","0.0375","0.075","{""baseline_win"":9,""candidate_win"":12,""tick_cap_draw"":19}","{""baseline_win"":9,""candidate_win"":15,""tick_cap_draw"":16}","{""all"":{""n"":40,""min"":7110,""median"":23870,""p90"":24000,""max"":24000,""mean"":19458.15},""W"":{""n"":12,""min"":7110,""median"":11836,""p90"":18795,""max"":19880,""mean"":13120.5},""D"":{""n"":19,""min"":24000,""median"":24000,""p90"":24000,""max"":24000,""mean"":24000},""L"":{""n"":9,""min"":13247,""median"":18293,""p90"":23870,""max"":23870,""mean"":18320}}","{""all"":{""n"":40,""min"":6527,""median"":22529,""p90"":24000,""max"":24000,""mean"":19007.875},""W"":{""n"":15,""min"":6527,""median"":11938,""p90"":19941,""max"":19949,""mean"":12867.666666666666},""D"":{""n"":16,""min"":24000,""median"":24000,""p90"":24000,""max"":24000,""mean"":24000},""L"":{""n"":9,""min"":13247,""median"":21850,""p90"":23870,""max"":23870,""mean"":20366.666666666668}}"
"unbounded_minus_disabled","v5","opponentSlot","ra2web_advanced/1","40","disabled","separated_lanes_unbounded_d1","12","20","8","12","16","12","0.55","0.5","0.3","0.3","0.21653912471300574","0.21653912471300574","-0.05","0","{""baseline_win"":8,""candidate_win"":12,""tick_cap_draw"":20}","{""baseline_win"":12,""candidate_win"":12,""tick_cap_draw"":16}","{""all"":{""n"":40,""min"":7176,""median"":24000,""p90"":24000,""max"":24000,""mean"":19533.175},""W"":{""n"":12,""min"":7176,""median"":13401,""p90"":19961,""max"":20464,""mean"":13934.416666666666},""D"":{""n"":20,""min"":24000,""median"":24000,""p90"":24000,""max"":24000,""mean"":24000},""L"":{""n"":8,""min"":12085,""median"":18131,""p90"":21419,""max"":21419,""mean"":16764.25}}","{""all"":{""n"":40,""min"":7176,""median"":21134,""p90"":24000,""max"":24000,""mean"":19346.7},""W"":{""n"":12,""min"":7176,""median"":13401,""p90"":20464,""max"":20707,""mean"":13864},""D"":{""n"":16,""min"":24000,""median"":24000,""p90"":24000,""max"":24000,""mean"":24000},""L"":{""n"":12,""min"":12085,""median"":20021,""p90"":21497,""max"":23557,""mean"":18625}}"
"unbounded_minus_disabled","v5","opponentDirection","pinned_supalosa/0","60","disabled","separated_lanes_unbounded_d1","19","21","20","18","22","20","0.49166666666666664","0.48333333333333334","0.31666666666666665","0.3","0.24546428560641853","0.230338385840729","-0.008333333333333333","-0.016666666666666666","{""baseline_win"":20,""candidate_win"":19,""engine_nonliteral_termination_draw"":1,""tick_cap_draw"":20}","{""baseline_win"":20,""candidate_win"":18,""engine_nonliteral_termination_draw"":1,""tick_cap_draw"":21}","{""all"":{""n"":60,""min"":6064,""median"":17635,""p90"":24000,""max"":24000,""mean"":15882.183333333332},""W"":{""n"":19,""min"":7096,""median"":9816,""p90"":20249,""max"":21114,""mean"":11839.736842105263},""D"":{""n"":21,""min"":17832,""median"":24000,""p90"":24000,""max"":24000,""mean"":23706.285714285714},""L"":{""n"":20,""min"":6064,""median"":8883,""p90"":21989,""max"":23474,""mean"":11507.2}}","{""all"":{""n"":60,""min"":5926,""median"":17644,""p90"":24000,""max"":24000,""mean"":16228.533333333333},""W"":{""n"":18,""min"":6718,""median"":10163,""p90"":20249,""max"":21114,""mean"":11900.666666666666},""D"":{""n"":22,""min"":17832,""median"":24000,""p90"":24000,""max"":24000,""mean"":23719.636363636364},""L"":{""n"":20,""min"":5926,""median"":8918,""p90"":21989,""max"":23474,""mean"":11883.4}}"
"unbounded_minus_disabled","v5","opponentDirection","pinned_supalosa/1","60","disabled","separated_lanes_unbounded_d1","26","22","12","22","23","15","0.6166666666666667","0.5583333333333333","0.43333333333333335","0.36666666666666664","0.3542044579989498","0.2914799892975567","-0.058333333333333334","-0.06666666666666667","{""baseline_win"":12,""candidate_win"":26,""engine_nonliteral_termination_draw"":3,""tick_cap_draw"":19}","{""baseline_win"":15,""candidate_win"":22,""tick_cap_draw"":23}","{""all"":{""n"":60,""min"":5662,""median"":16546,""p90"":24000,""max"":24000,""mean"":16508.016666666666},""W"":{""n"":26,""min"":9232,""median"":12002,""p90"":21164,""max"":21315,""mean"":13596},""D"":{""n"":22,""min"":21642,""median"":24000,""p90"":24000,""max"":24000,""mean"":23788.909090909092},""L"":{""n"":12,""min"":5662,""median"":9420,""p90"":12087,""max"":18831,""mean"":9469.083333333334}}","{""all"":{""n"":60,""min"":5662,""median"":13165,""p90"":24000,""max"":24000,""mean"":16228.483333333334},""W"":{""n"":22,""min"":9449,""median"":11374,""p90"":17560,""max"":21190,""mean"":12155},""D"":{""n"":23,""min"":24000,""median"":24000,""p90"":24000,""max"":24000,""mean"":24000},""L"":{""n"":15,""min"":5662,""median"":9420,""p90"":18831,""max"":22265,""mean"":10286.6}}"
"unbounded_minus_disabled","v5","opponentDirection","ra2web_advanced/0","40","disabled","separated_lanes_unbounded_d1","7","17","16","9","15","16","0.3875","0.4125","0.175","0.225","0.11127749394260136","0.15220998483534723","0.025","0.05","{""baseline_win"":16,""candidate_win"":7,""tick_cap_draw"":17}","{""baseline_win"":16,""candidate_win"":9,""tick_cap_draw"":15}","{""all"":{""n"":40,""min"":7110,""median"":21419,""p90"":24000,""max"":24000,""mean"":19409.6},""W"":{""n"":7,""min"":7110,""median"":9443,""p90"":20464,""max"":20464,""mean"":12977.57142857143},""D"":{""n"":17,""min"":24000,""median"":24000,""p90"":24000,""max"":24000,""mean"":24000},""L"":{""n"":16,""min"":12085,""median"":18131,""p90"":21997,""max"":23870,""mean"":17346.3125}}","{""all"":{""n"":40,""min"":6527,""median"":22529,""p90"":24000,""max"":24000,""mean"":19213.975},""W"":{""n"":9,""min"":6527,""median"":8338,""p90"":20464,""max"":20464,""mean"":10806.666666666666},""D"":{""n"":15,""min"":24000,""median"":24000,""p90"":24000,""max"":24000,""mean"":24000},""L"":{""n"":16,""min"":12085,""median"":20400,""p90"":23557,""max"":23870,""mean"":19456.1875}}"
"unbounded_minus_disabled","v5","opponentDirection","ra2web_advanced/1","40","disabled","separated_lanes_unbounded_d1","17","22","1","18","17","5","0.7","0.6625","0.425","0.45","0.3297393909273828","0.3531525483026235","-0.0375","0.025","{""baseline_win"":1,""candidate_win"":17,""tick_cap_draw"":22}","{""baseline_win"":5,""candidate_win"":18,""tick_cap_draw"":17}","{""all"":{""n"":40,""min"":8997,""median"":24000,""p90"":24000,""max"":24000,""mean"":19581.725},""W"":{""n"":17,""min"":8997,""median"":11836,""p90"":18620,""max"":19880,""mean"":13753.882352941177},""D"":{""n"":22,""min"":24000,""median"":24000,""p90"":24000,""max"":24000,""mean"":24000},""L"":{""n"":1,""min"":21453,""median"":21453,""p90"":21453,""max"":21453,""mean"":21453}}","{""all"":{""n"":40,""min"":8997,""median"":21134,""p90"":24000,""max"":24000,""mean"":19140.6},""W"":{""n"":18,""min"":8997,""median"":13401,""p90"":20277,""max"":20707,""mean"":14562.388888888889},""D"":{""n"":17,""min"":24000,""median"":24000,""p90"":24000,""max"":24000,""mean"":24000},""L"":{""n"":5,""min"":14401,""median"":21134,""p90"":21544,""max"":21544,""mean"":19100.2}}"
"unbounded_minus_disabled","v5","opponentCountryDirection","pinned_supalosa/Africans/0","30","disabled","separated_lanes_unbounded_d1","11","12","7","11","12","7","0.5666666666666667","0.5666666666666667","0.36666666666666664","0.36666666666666664","0.2635816922512699","0.2635816922512699","0","0","{""baseline_win"":7,""candidate_win"":11,""tick_cap_draw"":12}","{""baseline_win"":7,""candidate_win"":11,""tick_cap_draw"":12}","{""all"":{""n"":30,""min"":7076,""median"":21483,""p90"":24000,""max"":24000,""mean"":17569.766666666666},""W"":{""n"":11,""min"":8077,""median"":10773,""p90"":20249,""max"":21114,""mean"":12508.727272727272},""D"":{""n"":12,""min"":24000,""median"":24000,""p90"":24000,""max"":24000,""mean"":24000},""L"":{""n"":7,""min"":7076,""median"":10840,""p90"":23474,""max"":23474,""mean"":14499.57142857143}}","{""all"":{""n"":30,""min"":7076,""median"":21483,""p90"":24000,""max"":24000,""mean"":17569.766666666666},""W"":{""n"":11,""min"":8077,""median"":10773,""p90"":20249,""max"":21114,""mean"":12508.727272727272},""D"":{""n"":12,""min"":24000,""median"":24000,""p90"":24000,""max"":24000,""mean"":24000},""L"":{""n"":7,""min"":7076,""median"":10840,""p90"":23474,""max"":23474,""mean"":14499.57142857143}}"
"unbounded_minus_disabled","v5","opponentCountryDirection","pinned_supalosa/Africans/1","30","disabled","separated_lanes_unbounded_d1","9","15","6","9","14","7","0.55","0.5333333333333333","0.3","0.3","0.2054634616809264","0.2054634616809264","-0.016666666666666666","0","{""baseline_win"":6,""candidate_win"":9,""tick_cap_draw"":15}","{""baseline_win"":7,""candidate_win"":9,""tick_cap_draw"":14}","{""all"":{""n"":30,""min"":7918,""median"":24000,""p90"":24000,""max"":24000,""mean"":17829.5},""W"":{""n"":9,""min"":9449,""median"":10903,""p90"":21190,""max"":21190,""mean"":12046.444444444445},""D"":{""n"":15,""min"":24000,""median"":24000,""p90"":24000,""max"":24000,""mean"":24000},""L"":{""n"":6,""min"":7918,""median"":10046,""p90"":18831,""max"":18831,""mean"":11077.833333333334}}","{""all"":{""n"":30,""min"":7918,""median"":22265,""p90"":24000,""max"":24000,""mean"":17773.733333333334},""W"":{""n"":9,""min"":9449,""median"":10903,""p90"":21190,""max"":21190,""mean"":12053.333333333334},""D"":{""n"":14,""min"":24000,""median"":24000,""p90"":24000,""max"":24000,""mean"":24000},""L"":{""n"":7,""min"":7918,""median"":10046,""p90"":22265,""max"":22265,""mean"":12676}}"
"unbounded_minus_disabled","v5","opponentCountryDirection","pinned_supalosa/Americans/0","30","disabled","separated_lanes_unbounded_d1","8","9","13","7","10","13","0.4166666666666667","0.4","0.26666666666666666","0.23333333333333334","0.17730429246164628","0.14982625883730233","-0.016666666666666666","-0.03333333333333333","{""baseline_win"":13,""candidate_win"":8,""engine_nonliteral_termination_draw"":1,""tick_cap_draw"":8}","{""baseline_win"":13,""candidate_win"":7,""engine_nonliteral_termination_draw"":1,""tick_cap_draw"":9}","{""all"":{""n"":30,""min"":6064,""median"":10936,""p90"":24000,""max"":24000,""mean"":14194.6},""W"":{""n"":8,""min"":7096,""median"":9442,""p90"":19489,""max"":19489,""mean"":10919.875},""D"":{""n"":9,""min"":17832,""median"":24000,""p90"":24000,""max"":24000,""mean"":23314.666666666668},""L"":{""n"":13,""min"":6064,""median"":7962,""p90"":17635,""max"":18927,""mean"":9895.923076923076}}","{""all"":{""n"":30,""min"":5926,""median"":14392,""p90"":24000,""max"":24000,""mean"":14887.3},""W"":{""n"":7,""min"":6718,""median"":9856,""p90"":20029,""max"":20029,""mean"":10945.142857142857},""D"":{""n"":10,""min"":17832,""median"":24000,""p90"":24000,""max"":24000,""mean"":23383.2},""L"":{""n"":13,""min"":5926,""median"":7618,""p90"":17635,""max"":19594,""mean"":10474.692307692309}}"
"unbounded_minus_disabled","v5","opponentCountryDirection","pinned_supalosa/Americans/1","30","disabled","separated_lanes_unbounded_d1","17","7","6","13","9","8","0.6833333333333333","0.5833333333333334","0.5666666666666667","0.43333333333333335","0.45025791585891195","0.3238451521541481","-0.1","-0.13333333333333333","{""baseline_win"":6,""candidate_win"":17,""engine_nonliteral_termination_draw"":3,""tick_cap_draw"":4}","{""baseline_win"":8,""candidate_win"":13,""tick_cap_draw"":9}","{""all"":{""n"":30,""min"":5662,""median"":13606,""p90"":24000,""max"":24000,""mean"":15186.533333333333},""W"":{""n"":17,""min"":9232,""median"":13450,""p90"":21164,""max"":21315,""mean"":14416.35294117647},""D"":{""n"":7,""min"":21642,""median"":24000,""p90"":24000,""max"":24000,""mean"":23336.571428571428},""L"":{""n"":6,""min"":5662,""median"":7006,""p90"":11556,""max"":11556,""mean"":7860.333333333333}}","{""all"":{""n"":30,""min"":5662,""median"":11682,""p90"":24000,""max"":24000,""mean"":14683.233333333334},""W"":{""n"":13,""min"":9544,""median"":11374,""p90"":17560,""max"":20153,""mean"":12225.384615384615},""D"":{""n"":9,""min"":24000,""median"":24000,""p90"":24000,""max"":24000,""mean"":24000},""L"":{""n"":8,""min"":5662,""median"":8104,""p90"":11682,""max"":11682,""mean"":8195.875}}"
"unbounded_minus_disabled","v5","opponentCountryDirection","ra2web_advanced/Africans/0","20","disabled","separated_lanes_unbounded_d1","4","15","1","4","15","1","0.575","0.575","0.2","0.2","0.11024848763714991","0.11024848763714991","0","0","{""baseline_win"":1,""candidate_win"":4,""tick_cap_draw"":15}","{""baseline_win"":1,""candidate_win"":4,""tick_cap_draw"":15}","{""all"":{""n"":20,""min"":7110,""median"":24000,""p90"":24000,""max"":24000,""mean"":21870.75},""W"":{""n"":4,""min"":7110,""median"":18795,""p90"":20464,""max"":20464,""mean"":13386.25},""D"":{""n"":15,""min"":24000,""median"":24000,""p90"":24000,""max"":24000,""mean"":24000},""L"":{""n"":1,""min"":23870,""median"":23870,""p90"":23870,""max"":23870,""mean"":23870}}","{""all"":{""n"":20,""min"":7110,""median"":24000,""p90"":24000,""max"":24000,""mean"":21870.75},""W"":{""n"":4,""min"":7110,""median"":18795,""p90"":20464,""max"":20464,""mean"":13386.25},""D"":{""n"":15,""min"":24000,""median"":24000,""p90"":24000,""max"":24000,""mean"":24000},""L"":{""n"":1,""min"":23870,""median"":23870,""p90"":23870,""max"":23870,""mean"":23870}}"
"unbounded_minus_disabled","v5","opponentCountryDirection","ra2web_advanced/Africans/1","20","disabled","separated_lanes_unbounded_d1","5","15","0","5","15","0","0.625","0.625","0.25","0.25","0.14818790611051605","0.14818790611051605","0","0","{""candidate_win"":5,""tick_cap_draw"":15}","{""candidate_win"":5,""tick_cap_draw"":15}","{""all"":{""n"":20,""min"":8997,""median"":24000,""p90"":24000,""max"":24000,""mean"":20723.35},""W"":{""n"":5,""min"":8997,""median"":10292,""p90"":13401,""max"":13401,""mean"":10893.4},""D"":{""n"":15,""min"":24000,""median"":24000,""p90"":24000,""max"":24000,""mean"":24000},""L"":null}","{""all"":{""n"":20,""min"":8997,""median"":24000,""p90"":24000,""max"":24000,""mean"":20723.35},""W"":{""n"":5,""min"":8997,""median"":10292,""p90"":13401,""max"":13401,""mean"":10893.4},""D"":{""n"":15,""min"":24000,""median"":24000,""p90"":24000,""max"":24000,""mean"":24000},""L"":null}"
"unbounded_minus_disabled","v5","opponentCountryDirection","ra2web_advanced/Americans/0","20","disabled","separated_lanes_unbounded_d1","3","2","15","5","0","15","0.2","0.25","0.15","0.25","0.07467301975322671","0.14818790611051605","0.05","0.1","{""baseline_win"":15,""candidate_win"":3,""tick_cap_draw"":2}","{""baseline_win"":15,""candidate_win"":5}","{""all"":{""n"":20,""min"":7894,""median"":18131,""p90"":24000,""max"":24000,""mean"":16948.45},""W"":{""n"":3,""min"":7894,""median"":9443,""p90"":19961,""max"":19961,""mean"":12432.666666666666},""D"":{""n"":2,""min"":24000,""median"":24000,""p90"":24000,""max"":24000,""mean"":24000},""L"":{""n"":15,""min"":12085,""median"":17884,""p90"":21419,""max"":21997,""mean"":16911.4}}","{""all"":{""n"":20,""min"":6527,""median"":19647,""p90"":23524,""max"":23557,""mean"":16557.2},""W"":{""n"":5,""min"":6527,""median"":8338,""p90"":10960,""max"":10960,""mean"":8743},""D"":null,""L"":{""n"":15,""min"":12085,""median"":20021,""p90"":23524,""max"":23557,""mean"":19161.933333333334}}"
"unbounded_minus_disabled","v5","opponentCountryDirection","ra2web_advanced/Americans/1","20","disabled","separated_lanes_unbounded_d1","12","7","1","13","2","5","0.775","0.7","0.6","0.65","0.4572430242920638","0.5067311635134781","-0.075","0.05","{""baseline_win"":1,""candidate_win"":12,""tick_cap_draw"":7}","{""baseline_win"":5,""candidate_win"":13,""tick_cap_draw"":2}","{""all"":{""n"":20,""min"":9904,""median"":18620,""p90"":24000,""max"":24000,""mean"":18440.1},""W"":{""n"":12,""min"":9904,""median"":16834,""p90"":18620,""max"":19880,""mean"":14945.75},""D"":{""n"":7,""min"":24000,""median"":24000,""p90"":24000,""max"":24000,""mean"":24000},""L"":{""n"":1,""min"":21453,""median"":21453,""p90"":21453,""max"":21453,""mean"":21453}}","{""all"":{""n"":20,""min"":11362,""median"":18648,""p90"":24000,""max"":24000,""mean"":17557.85},""W"":{""n"":13,""min"":11362,""median"":16336,""p90"":20277,""max"":20707,""mean"":15973.538461538461},""D"":{""n"":2,""min"":24000,""median"":24000,""p90"":24000,""max"":24000,""mean"":24000},""L"":{""n"":5,""min"":14401,""median"":21134,""p90"":21544,""max"":21544,""mean"":19100.2}}"
"v2_minus_disabled","v6","populations","overall","200","disabled","separated_lanes_v2","70","81","49","49","92","59","0.5525","0.475","0.35","0.245","0.30815810792421205","0.20820625395670245","-0.0775","-0.105","{""baseline_win"":49,""candidate_win"":70,""engine_nonliteral_termination_draw"":3,""tick_cap_draw"":78}","{""baseline_win"":59,""candidate_win"":49,""engine_nonliteral_termination_draw"":1,""tick_cap_draw"":91}","{""all"":{""n"":200,""min"":5662,""median"":19880,""p90"":24000,""max"":24000,""mean"":17510.695},""W"":{""n"":70,""min"":7096,""median"":11458,""p90"":20464,""max"":21315,""mean"":13201.585714285715},""D"":{""n"":81,""min"":17832,""median"":24000,""p90"":24000,""max"":24000,""mean"":23892.11111111111},""L"":{""n"":49,""min"":5662,""median"":12085,""p90"":21483,""max"":23870,""mean"":13117.69387755102}}","{""all"":{""n"":200,""min"":5872,""median"":20756,""p90"":24000,""max"":24000,""mean"":18826.875},""W"":{""n"":49,""min"":6718,""median"":15004,""p90"":20426,""max"":22249,""mean"":14744.081632653062},""D"":{""n"":92,""min"":17832,""median"":24000,""p90"":24000,""max"":24000,""mean"":23932.956521739132},""L"":{""n"":59,""min"":5872,""median"":13881,""p90"":22643,""max"":23512,""mean"":14255.64406779661}}"
"v2_minus_disabled","v6","populations","supalosa","120","disabled","separated_lanes_v2","46","42","32","34","50","36","0.5583333333333333","0.49166666666666664","0.38333333333333336","0.2833333333333333","0.3283919414814477","0.233816863802125","-0.06666666666666667","-0.1","{""baseline_win"":32,""candidate_win"":46,""engine_nonliteral_termination_draw"":3,""tick_cap_draw"":39}","{""baseline_win"":36,""candidate_win"":34,""engine_nonliteral_termination_draw"":1,""tick_cap_draw"":49}","{""all"":{""n"":120,""min"":5662,""median"":16546,""p90"":24000,""max"":24000,""mean"":16187.383333333333},""W"":{""n"":46,""min"":7096,""median"":10958,""p90"":21001,""max"":21315,""mean"":13031.565217391304},""D"":{""n"":42,""min"":17832,""median"":24000,""p90"":24000,""max"":24000,""mean"":23791.928571428572},""L"":{""n"":32,""min"":5662,""median"":8883,""p90"":18927,""max"":23474,""mean"":10742.90625}}","{""all"":{""n"":120,""min"":5872,""median"":19637,""p90"":24000,""max"":24000,""mean"":17348.033333333333},""W"":{""n"":34,""min"":6718,""median"":14128,""p90"":20426,""max"":22249,""mean"":14521.85294117647},""D"":{""n"":50,""min"":17832,""median"":24000,""p90"":24000,""max"":24000,""mean"":23876.64},""L"":{""n"":36,""min"":5872,""median"":9032,""p90"":18235,""max"":20537,""mean"":10949.694444444445}}"
"v2_minus_disabled","v6","populations","advanced","80","disabled","separated_lanes_v2","24","39","17","15","42","23","0.54375","0.45","0.3","0.1875","0.2389027396739289","0.13807137109455367","-0.09375","-0.1125","{""baseline_win"":17,""candidate_win"":24,""tick_cap_draw"":39}","{""baseline_win"":23,""candidate_win"":15,""tick_cap_draw"":42}","{""all"":{""n"":80,""min"":7110,""median"":23870,""p90"":24000,""max"":24000,""mean"":19495.6625},""W"":{""n"":24,""min"":7110,""median"":11836,""p90"":19880,""max"":20464,""mean"":13527.458333333334},""D"":{""n"":39,""min"":24000,""median"":24000,""p90"":24000,""max"":24000,""mean"":24000},""L"":{""n"":17,""min"":12085,""median"":18131,""p90"":21997,""max"":23870,""mean"":17587.882352941175}}","{""all"":{""n"":80,""min"":7474,""median"":24000,""p90"":24000,""max"":24000,""mean"":21045.1375},""W"":{""n"":15,""min"":7474,""median"":15843,""p90"":20217,""max"":20660,""mean"":15247.8},""D"":{""n"":42,""min"":24000,""median"":24000,""p90"":24000,""max"":24000,""mean"":24000},""L"":{""n"":23,""min"":11566,""median"":19730,""p90"":23350,""max"":23512,""mean"":19430.17391304348}}"
"v2_minus_disabled","v6","strata","pinned_supalosa__hfo-bvb","8","disabled","separated_lanes_v2","4","2","2","3","0","5","0.625","0.375","0.5","0.375","0.2936454286357453","0.19535795103474965","-0.25","-0.125","{""baseline_win"":2,""candidate_win"":4,""tick_cap_draw"":2}","{""baseline_win"":5,""candidate_win"":3}","{""all"":{""n"":8,""min"":9816,""median"":14644,""p90"":24000,""max"":24000,""mean"":16005.25},""W"":{""n"":4,""min"":9816,""median"":14422,""p90"":14644,""max"":14644,""mean"":12413.75},""D"":{""n"":2,""min"":24000,""median"":24000,""p90"":24000,""max"":24000,""mean"":24000},""L"":{""n"":2,""min"":11556,""median"":18831,""p90"":18831,""max"":18831,""mean"":15193.5}}","{""all"":{""n"":8,""min"":11556,""median"":15460,""p90"":20537,""max"":20537,""mean"":15073.875},""W"":{""n"":3,""min"":11556,""median"":14128,""p90"":16510,""max"":16510,""mean"":14064.666666666666},""D"":null,""L"":{""n"":5,""min"":11726,""median"":15460,""p90"":20537,""max"":20537,""mean"":15679.4}}"
"v2_minus_disabled","v6","strata","pinned_supalosa__hfo-corners","8","disabled","separated_lanes_v2","3","2","3","2","5","1","0.5","0.5625","0.375","0.25","0.19535795103474965","0.10887074683495994","0.0625","-0.125","{""baseline_win"":3,""candidate_win"":3,""tick_cap_draw"":2}","{""baseline_win"":1,""candidate_win"":2,""tick_cap_draw"":5}","{""all"":{""n"":8,""min"":7006,""median"":20249,""p90"":24000,""max"":24000,""mean"":16214.5},""W"":{""n"":3,""min"":16546,""median"":20249,""p90"":21114,""max"":21114,""mean"":19303},""D"":{""n"":2,""min"":24000,""median"":24000,""p90"":24000,""max"":24000,""mean"":24000},""L"":{""n"":3,""min"":7006,""median"":7918,""p90"":8883,""max"":8883,""mean"":7935.666666666667}}","{""all"":{""n"":8,""min"":7663,""median"":24000,""p90"":24000,""max"":24000,""mean"":20172.125},""W"":{""n"":2,""min"":13580,""median"":20134,""p90"":20134,""max"":20134,""mean"":16857},""D"":{""n"":5,""min"":24000,""median"":24000,""p90"":24000,""max"":24000,""mean"":24000},""L"":{""n"":1,""min"":7663,""median"":7663,""p90"":7663,""max"":7663,""mean"":7663}}"
"v2_minus_disabled","v6","strata","pinned_supalosa__hfo-corners-b","8","disabled","separated_lanes_v2","2","3","3","1","5","2","0.4375","0.4375","0.25","0.125","0.10887074683495994","0.038176543007959585","0","-0.125","{""baseline_win"":3,""candidate_win"":2,""tick_cap_draw"":3}","{""baseline_win"":2,""candidate_win"":1,""tick_cap_draw"":5}","{""all"":{""n"":8,""min"":6562,""median"":23474,""p90"":24000,""max"":24000,""mean"":17504.25},""W"":{""n"":2,""min"":12616,""median"":17644,""p90"":17644,""max"":17644,""mean"":15130},""D"":{""n"":3,""min"":24000,""median"":24000,""p90"":24000,""max"":24000,""mean"":24000},""L"":{""n"":3,""min"":6562,""median"":7738,""p90"":23474,""max"":23474,""mean"":12591.333333333334}}","{""all"":{""n"":8,""min"":6538,""median"":24000,""p90"":24000,""max"":24000,""mean"":18441.5},""W"":{""n"":1,""min"":13376,""median"":13376,""p90"":13376,""max"":13376,""mean"":13376},""D"":{""n"":5,""min"":24000,""median"":24000,""p90"":24000,""max"":24000,""mean"":24000},""L"":{""n"":2,""min"":6538,""median"":7618,""p90"":7618,""max"":7618,""mean"":7078}}"
"v2_minus_disabled","v6","strata","pinned_supalosa__hfo-corners-b-golden","8","disabled","separated_lanes_v2","4","1","3","2","1","5","0.5625","0.3125","0.5","0.25","0.2936454286357453","0.10887074683495994","-0.25","-0.25","{""baseline_win"":3,""candidate_win"":4,""tick_cap_draw"":1}","{""baseline_win"":5,""candidate_win"":2,""tick_cap_draw"":1}","{""all"":{""n"":8,""min"":6454,""median"":8785,""p90"":24000,""max"":24000,""mean"":10584.375},""W"":{""n"":4,""min"":8077,""median"":10036,""p90"":10936,""max"":10936,""mean"":9317.75},""D"":{""n"":1,""min"":24000,""median"":24000,""p90"":24000,""max"":24000,""mean"":24000},""L"":{""n"":3,""min"":6454,""median"":8165,""p90"":8785,""max"":8785,""mean"":7801.333333333333}}","{""all"":{""n"":8,""min"":6730,""median"":16938,""p90"":24000,""max"":24000,""mean"":14425.625},""W"":{""n"":2,""min"":11146,""median"":20015,""p90"":20015,""max"":20015,""mean"":15580.5},""D"":{""n"":1,""min"":24000,""median"":24000,""p90"":24000,""max"":24000,""mean"":24000},""L"":{""n"":5,""min"":6730,""median"":8606,""p90"":20286,""max"":20286,""mean"":12048.8}}"
"v2_minus_disabled","v6","strata","pinned_supalosa__hfo-golden","8","disabled","separated_lanes_v2","4","2","2","3","2","3","0.625","0.5","0.5","0.375","0.2936454286357453","0.19535795103474965","-0.125","-0.125","{""baseline_win"":2,""candidate_win"":4,""tick_cap_draw"":2}","{""baseline_win"":3,""candidate_win"":3,""tick_cap_draw"":2}","{""all"":{""n"":8,""min"":7096,""median"":11680,""p90"":24000,""max"":24000,""mean"":13331.25},""W"":{""n"":4,""min"":7096,""median"":11680,""p90"":11844,""max"":11844,""mean"":10317},""D"":{""n"":2,""min"":24000,""median"":24000,""p90"":24000,""max"":24000,""mean"":24000},""L"":{""n"":2,""min"":7962,""median"":9420,""p90"":9420,""max"":9420,""mean"":8691}}","{""all"":{""n"":8,""min"":7330,""median"":12490,""p90"":24000,""max"":24000,""mean"":13896.25},""W"":{""n"":3,""min"":9575,""median"":12490,""p90"":13577,""max"":13577,""mean"":11880.666666666666},""D"":{""n"":2,""min"":24000,""median"":24000,""p90"":24000,""max"":24000,""mean"":24000},""L"":{""n"":3,""min"":7330,""median"":8310,""p90"":11888,""max"":11888,""mean"":9176}}"
"v2_minus_disabled","v6","strata","pinned_supalosa__hfo-le","8","disabled","separated_lanes_v2","4","2","2","2","4","2","0.625","0.5","0.5","0.25","0.2936454286357453","0.10887074683495994","-0.125","-0.25","{""baseline_win"":2,""candidate_win"":4,""tick_cap_draw"":2}","{""baseline_win"":2,""candidate_win"":2,""tick_cap_draw"":4}","{""all"":{""n"":8,""min"":7420,""median"":9706,""p90"":24000,""max"":24000,""mean"":12827.875},""W"":{""n"":4,""min"":9538,""median"":9706,""p90"":10903,""max"":10903,""mean"":9933.25},""D"":{""n"":2,""min"":24000,""median"":24000,""p90"":24000,""max"":24000,""mean"":24000},""L"":{""n"":2,""min"":7420,""median"":7470,""p90"":7470,""max"":7470,""mean"":7445}}","{""all"":{""n"":8,""min"":8092,""median"":24000,""p90"":24000,""max"":24000,""mean"":17734.375},""W"":{""n"":2,""min"":14459,""median"":15160,""p90"":15160,""max"":15160,""mean"":14809.5},""D"":{""n"":4,""min"":24000,""median"":24000,""p90"":24000,""max"":24000,""mean"":24000},""L"":{""n"":2,""min"":8092,""median"":8164,""p90"":8164,""max"":8164,""mean"":8128}}"
"v2_minus_disabled","v6","strata","pinned_supalosa__hfo-lvl","8","disabled","separated_lanes_v2","4","1","3","4","1","3","0.5625","0.5625","0.5","0.5","0.2936454286357453","0.2936454286357453","0","0","{""baseline_win"":3,""candidate_win"":4,""tick_cap_draw"":1}","{""baseline_win"":3,""candidate_win"":4,""tick_cap_draw"":1}","{""all"":{""n"":8,""min"":8918,""median"":21164,""p90"":24000,""max"":24000,""mean"":18955.375},""W"":{""n"":4,""min"":14396,""median"":20204,""p90"":21164,""max"":21164,""mean"":18813.25},""D"":{""n"":1,""min"":24000,""median"":24000,""p90"":24000,""max"":24000,""mean"":24000},""L"":{""n"":3,""min"":8918,""median"":21483,""p90"":21989,""max"":21989,""mean"":17463.333333333332}}","{""all"":{""n"":8,""min"":8044,""median"":20088,""p90"":24000,""max"":24000,""mean"":17000},""W"":{""n"":4,""min"":19637,""median"":20107,""p90"":20426,""max"":20426,""mean"":20064.5},""D"":{""n"":1,""min"":24000,""median"":24000,""p90"":24000,""max"":24000,""mean"":24000},""L"":{""n"":3,""min"":8044,""median"":8918,""p90"":14780,""max"":14780,""mean"":10580.666666666666}}"
"v2_minus_disabled","v6","strata","pinned_supalosa__hfo-original","8","disabled","separated_lanes_v2","3","2","3","2","3","3","0.5","0.4375","0.375","0.25","0.19535795103474965","0.10887074683495994","-0.0625","-0.125","{""baseline_win"":3,""candidate_win"":3,""tick_cap_draw"":2}","{""baseline_win"":3,""candidate_win"":2,""tick_cap_draw"":3}","{""all"":{""n"":8,""min"":7384,""median"":13606,""p90"":24000,""max"":24000,""mean"":15168.5},""W"":{""n"":3,""min"":10958,""median"":13606,""p90"":19267,""max"":19267,""mean"":14610.333333333334},""D"":{""n"":2,""min"":24000,""median"":24000,""p90"":24000,""max"":24000,""mean"":24000},""L"":{""n"":3,""min"":7384,""median"":10046,""p90"":12087,""max"":12087,""mean"":9839}}","{""all"":{""n"":8,""min"":7582,""median"":22249,""p90"":24000,""max"":24000,""mean"":17237.5},""W"":{""n"":2,""min"":9717,""median"":22249,""p90"":22249,""max"":22249,""mean"":15983},""D"":{""n"":3,""min"":24000,""median"":24000,""p90"":24000,""max"":24000,""mean"":24000},""L"":{""n"":3,""min"":7582,""median"":11791,""p90"":14561,""max"":14561,""mean"":11311.333333333334}}"
"v2_minus_disabled","v6","strata","pinned_supalosa__hfo-rvr","8","disabled","separated_lanes_v2","3","4","1","1","6","1","0.625","0.5","0.375","0.125","0.19535795103474965","0.038176543007959585","-0.125","-0.25","{""baseline_win"":1,""candidate_win"":3,""tick_cap_draw"":4}","{""baseline_win"":1,""candidate_win"":1,""tick_cap_draw"":6}","{""all"":{""n"":8,""min"":8608,""median"":24000,""p90"":24000,""max"":24000,""mean"":20697.625},""W"":{""n"":3,""min"":8608,""median"":20856,""p90"":21190,""max"":21190,""mean"":16884.666666666668},""D"":{""n"":4,""min"":24000,""median"":24000,""p90"":24000,""max"":24000,""mean"":24000},""L"":{""n"":1,""min"":18927,""median"":18927,""p90"":18927,""max"":18927,""mean"":18927}}","{""all"":{""n"":8,""min"":18450,""median"":24000,""p90"":24000,""max"":24000,""mean"":22755.5},""W"":{""n"":1,""min"":18450,""median"":18450,""p90"":18450,""max"":18450,""mean"":18450},""D"":{""n"":6,""min"":24000,""median"":24000,""p90"":24000,""max"":24000,""mean"":24000},""L"":{""n"":1,""min"":19594,""median"":19594,""p90"":19594,""max"":19594,""mean"":19594}}"
"v2_minus_disabled","v6","strata","pinned_supalosa__hfo-tvt","8","disabled","separated_lanes_v2","4","4","0","3","5","0","0.75","0.6875","0.5","0.375","0.2936454286357453","0.19535795103474965","-0.0625","-0.125","{""candidate_win"":4,""tick_cap_draw"":4}","{""candidate_win"":3,""tick_cap_draw"":5}","{""all"":{""n"":8,""min"":7870,""median"":24000,""p90"":24000,""max"":24000,""mean"":18302.375},""W"":{""n"":4,""min"":7870,""median"":12002,""p90"":21315,""max"":21315,""mean"":12604.75},""D"":{""n"":4,""min"":24000,""median"":24000,""p90"":24000,""max"":24000,""mean"":24000},""L"":null}","{""all"":{""n"":8,""min"":6718,""median"":24000,""p90"":24000,""max"":24000,""mean"":20999.875},""W"":{""n"":3,""min"":6718,""median"":20525,""p90"":20756,""max"":20756,""mean"":15999.666666666666},""D"":{""n"":5,""min"":24000,""median"":24000,""p90"":24000,""max"":24000,""mean"":24000},""L"":null}"
"v2_minus_disabled","v6","strata","pinned_supalosa__pacific-heights","8","disabled","separated_lanes_v2","6","2","0","4","2","2","0.875","0.625","0.75","0.5","0.5237063285891094","0.2936454286357453","-0.25","-0.25","{""candidate_win"":6,""tick_cap_draw"":2}","{""baseline_win"":2,""candidate_win"":4,""tick_cap_draw"":2}","{""all"":{""n"":8,""min"":9274,""median"":10792,""p90"":24000,""max"":24000,""mean"":13775.5},""W"":{""n"":6,""min"":9274,""median"":9797,""p90"":13450,""max"":13450,""mean"":10367.333333333334},""D"":{""n"":2,""min"":24000,""median"":24000,""p90"":24000,""max"":24000,""mean"":24000},""L"":null}","{""all"":{""n"":8,""min"":9045,""median"":16698,""p90"":24000,""max"":24000,""mean"":15652.875},""W"":{""n"":4,""min"":9507,""median"":16698,""p90"":18411,""max"":18411,""mean"":13772},""D"":{""n"":2,""min"":24000,""median"":24000,""p90"":24000,""max"":24000,""mean"":24000},""L"":{""n"":2,""min"":9045,""median"":13090,""p90"":13090,""max"":13090,""mean"":11067.5}}"
"v2_minus_disabled","v6","strata","pinned_supalosa__peak","8","disabled","separated_lanes_v2","3","5","0","5","3","0","0.6875","0.8125","0.375","0.625","0.19535795103474965","0.4027757419118244","0.125","0.25","{""candidate_win"":3,""tick_cap_draw"":5}","{""candidate_win"":5,""tick_cap_draw"":3}","{""all"":{""n"":8,""min"":9441,""median"":24000,""p90"":24000,""max"":24000,""mean"":18794.625},""W"":{""n"":3,""min"":9441,""median"":9458,""p90"":11458,""max"":11458,""mean"":10119},""D"":{""n"":5,""min"":24000,""median"":24000,""p90"":24000,""max"":24000,""mean"":24000},""L"":null}","{""all"":{""n"":8,""min"":8420,""median"":18713,""p90"":24000,""max"":24000,""mean"":16284.125},""W"":{""n"":5,""min"":8420,""median"":10078,""p90"":18713,""max"":18713,""mean"":11654.6},""D"":{""n"":3,""min"":24000,""median"":24000,""p90"":24000,""max"":24000,""mean"":24000},""L"":null}"
"v2_minus_disabled","v6","strata","pinned_supalosa__south-pacific","8","disabled","separated_lanes_v2","0","6","2","0","6","2","0.375","0.375","0","0","0","0","0","0","{""baseline_win"":2,""engine_nonliteral_termination_draw"":2,""tick_cap_draw"":4}","{""baseline_win"":2,""engine_nonliteral_termination_draw"":1,""tick_cap_draw"":5}","{""all"":{""n"":8,""min"":9438,""median"":24000,""p90"":24000,""max"":24000,""mean"":19737.125},""W"":null,""D"":{""n"":6,""min"":17832,""median"":24000,""p90"":24000,""max"":24000,""mean"":22936.5},""L"":{""n"":2,""min"":9438,""median"":10840,""p90"":10840,""max"":10840,""mean"":10139}}","{""all"":{""n"":8,""min"":9438,""median"":24000,""p90"":24000,""max"":24000,""mean"":19763.75},""W"":null,""D"":{""n"":6,""min"":17832,""median"":24000,""p90"":24000,""max"":24000,""mean"":22972},""L"":{""n"":2,""min"":9438,""median"":10840,""p90"":10840,""max"":10840,""mean"":10139}}"
"v2_minus_disabled","v6","strata","pinned_supalosa__south-pacific-2","8","disabled","separated_lanes_v2","1","5","2","0","7","1","0.4375","0.4375","0.125","0","0.038176543007959585","0","0","-0.125","{""baseline_win"":2,""candidate_win"":1,""engine_nonliteral_termination_draw"":1,""tick_cap_draw"":4}","{""baseline_win"":1,""tick_cap_draw"":7}","{""all"":{""n"":8,""min"":13501,""median"":24000,""p90"":24000,""max"":24000,""mean"":21222.375},""W"":{""n"":1,""min"":21001,""median"":21001,""p90"":21001,""max"":21001,""mean"":21001},""D"":{""n"":5,""min"":21642,""median"":24000,""p90"":24000,""max"":24000,""mean"":23528.4},""L"":{""n"":2,""min"":13501,""median"":17635,""p90"":17635,""max"":17635,""mean"":15568}}","{""all"":{""n"":8,""min"":18235,""median"":24000,""p90"":24000,""max"":24000,""mean"":23279.375},""W"":null,""D"":{""n"":7,""min"":24000,""median"":24000,""p90"":24000,""max"":24000,""mean"":24000},""L"":{""n"":1,""min"":18235,""median"":18235,""p90"":18235,""max"":18235,""mean"":18235}}"
"v2_minus_disabled","v6","strata","pinned_supalosa__tour-of-egypt","8","disabled","separated_lanes_v2","1","1","6","2","0","6","0.1875","0.25","0.125","0.25","0.038176543007959585","0.10887074683495994","0.0625","0.125","{""baseline_win"":6,""candidate_win"":1,""tick_cap_draw"":1}","{""baseline_win"":6,""candidate_win"":2}","{""all"":{""n"":8,""min"":5662,""median"":7960,""p90"":24000,""max"":24000,""mean"":9689.75},""W"":{""n"":1,""min"":9637,""median"":9637,""p90"":9637,""max"":9637,""mean"":9637},""D"":{""n"":1,""min"":24000,""median"":24000,""p90"":24000,""max"":24000,""mean"":24000},""L"":{""n"":6,""min"":5662,""median"":7197,""p90"":9922,""max"":9922,""mean"":7313.5}}","{""all"":{""n"":8,""min"":5872,""median"":7652,""p90"":9032,""max"":9032,""mean"":7503.75},""W"":{""n"":2,""min"":7652,""median"":8351,""p90"":8351,""max"":8351,""mean"":8001.5},""D"":null,""L"":{""n"":6,""min"":5872,""median"":7619,""p90"":9032,""max"":9032,""mean"":7337.833333333333}}"
"v2_minus_disabled","v6","strata","ra2web_advanced__hfo-bvb","8","disabled","separated_lanes_v2","3","4","1","1","4","3","0.625","0.375","0.375","0.125","0.19535795103474965","0.038176543007959585","-0.25","-0.25","{""baseline_win"":1,""candidate_win"":3,""tick_cap_draw"":4}","{""baseline_win"":3,""candidate_win"":1,""tick_cap_draw"":4}","{""all"":{""n"":8,""min"":8997,""median"":24000,""p90"":24000,""max"":24000,""mean"":17234.75},""W"":{""n"":3,""min"":8997,""median"":9443,""p90"":10053,""max"":10053,""mean"":9497.666666666666},""D"":{""n"":4,""min"":24000,""median"":24000,""p90"":24000,""max"":24000,""mean"":24000},""L"":{""n"":1,""min"":13385,""median"":13385,""p90"":13385,""max"":13385,""mean"":13385}}","{""all"":{""n"":8,""min"":18136,""median"":24000,""p90"":24000,""max"":24000,""mean"":22215.125},""W"":{""n"":1,""min"":18136,""median"":18136,""p90"":18136,""max"":18136,""mean"":18136},""D"":{""n"":4,""min"":24000,""median"":24000,""p90"":24000,""max"":24000,""mean"":24000},""L"":{""n"":3,""min"":19771,""median"":20308,""p90"":23506,""max"":23506,""mean"":21195}}"
"v2_minus_disabled","v6","strata","ra2web_advanced__hfo-corners","8","disabled","separated_lanes_v2","0","6","2","1","5","2","0.375","0.4375","0","0.125","0","0.038176543007959585","0.0625","0.125","{""baseline_win"":2,""tick_cap_draw"":6}","{""baseline_win"":2,""candidate_win"":1,""tick_cap_draw"":5}","{""all"":{""n"":8,""min"":12085,""median"":24000,""p90"":24000,""max"":24000,""mean"":21166.5},""W"":null,""D"":{""n"":6,""min"":24000,""median"":24000,""p90"":24000,""max"":24000,""mean"":24000},""L"":{""n"":2,""min"":12085,""median"":13247,""p90"":13247,""max"":13247,""mean"":12666}}","{""all"":{""n"":8,""min"":15843,""median"":24000,""p90"":24000,""max"":24000,""mean"":21866.125},""W"":{""n"":1,""min"":15843,""median"":15843,""p90"":15843,""max"":15843,""mean"":15843},""D"":{""n"":5,""min"":24000,""median"":24000,""p90"":24000,""max"":24000,""mean"":24000},""L"":{""n"":2,""min"":19356,""median"":19730,""p90"":19730,""max"":19730,""mean"":19543}}"
"v2_minus_disabled","v6","strata","ra2web_advanced__hfo-corners-b","8","disabled","separated_lanes_v2","2","6","0","2","6","0","0.625","0.625","0.25","0.25","0.10887074683495994","0.10887074683495994","0","0","{""candidate_win"":2,""tick_cap_draw"":6}","{""candidate_win"":2,""tick_cap_draw"":6}","{""all"":{""n"":8,""min"":9928,""median"":24000,""p90"":24000,""max"":24000,""mean"":21345.25},""W"":{""n"":2,""min"":9928,""median"":16834,""p90"":16834,""max"":16834,""mean"":13381},""D"":{""n"":6,""min"":24000,""median"":24000,""p90"":24000,""max"":24000,""mean"":24000},""L"":null}","{""all"":{""n"":8,""min"":7474,""median"":24000,""p90"":24000,""max"":24000,""mean"":19910.5},""W"":{""n"":2,""min"":7474,""median"":7810,""p90"":7810,""max"":7810,""mean"":7642},""D"":{""n"":6,""min"":24000,""median"":24000,""p90"":24000,""max"":24000,""mean"":24000},""L"":null}"
"v2_minus_disabled","v6","strata","ra2web_advanced__hfo-corners-b-golden","8","disabled","separated_lanes_v2","2","4","2","1","3","4","0.5","0.3125","0.25","0.125","0.10887074683495994","0.038176543007959585","-0.1875","-0.125","{""baseline_win"":2,""candidate_win"":2,""tick_cap_draw"":4}","{""baseline_win"":4,""candidate_win"":1,""tick_cap_draw"":3}","{""all"":{""n"":8,""min"":9904,""median"":24000,""p90"":24000,""max"":24000,""mean"":20517.125},""W"":{""n"":2,""min"":9904,""median"":16204,""p90"":16204,""max"":16204,""mean"":13054},""D"":{""n"":4,""min"":24000,""median"":24000,""p90"":24000,""max"":24000,""mean"":24000},""L"":{""n"":2,""min"":20032,""median"":21997,""p90"":21997,""max"":21997,""mean"":21014.5}}","{""all"":{""n"":8,""min"":10344,""median"":23512,""p90"":24000,""max"":24000,""mean"":21097.5},""W"":{""n"":1,""min"":10344,""median"":10344,""p90"":10344,""max"":10344,""mean"":10344},""D"":{""n"":3,""min"":24000,""median"":24000,""p90"":24000,""max"":24000,""mean"":24000},""L"":{""n"":4,""min"":19409,""median"":23350,""p90"":23512,""max"":23512,""mean"":21609}}"
"v2_minus_disabled","v6","strata","ra2web_advanced__hfo-golden","8","disabled","separated_lanes_v2","3","4","1","2","3","3","0.625","0.4375","0.375","0.25","0.19535795103474965","0.10887074683495994","-0.1875","-0.125","{""baseline_win"":1,""candidate_win"":3,""tick_cap_draw"":4}","{""baseline_win"":3,""candidate_win"":2,""tick_cap_draw"":3}","{""all"":{""n"":8,""min"":7894,""median"":24000,""p90"":24000,""max"":24000,""mean"":19172.75},""W"":{""n"":3,""min"":7894,""median"":11724,""p90"":19880,""max"":19880,""mean"":13166},""D"":{""n"":4,""min"":24000,""median"":24000,""p90"":24000,""max"":24000,""mean"":24000},""L"":{""n"":1,""min"":17884,""median"":17884,""p90"":17884,""max"":17884,""mean"":17884}}","{""all"":{""n"":8,""min"":13881,""median"":18761,""p90"":24000,""max"":24000,""mean"":19227.25},""W"":{""n"":2,""min"":15004,""median"":15442,""p90"":15442,""max"":15442,""mean"":15223},""D"":{""n"":3,""min"":24000,""median"":24000,""p90"":24000,""max"":24000,""mean"":24000},""L"":{""n"":3,""min"":13881,""median"":18730,""p90"":18761,""max"":18761,""mean"":17124}}"
"v2_minus_disabled","v6","strata","ra2web_advanced__hfo-le","8","disabled","separated_lanes_v2","2","3","3","2","4","2","0.4375","0.5","0.25","0.25","0.10887074683495994","0.10887074683495994","0.0625","0","{""baseline_win"":3,""candidate_win"":2,""tick_cap_draw"":3}","{""baseline_win"":2,""candidate_win"":2,""tick_cap_draw"":4}","{""all"":{""n"":8,""min"":18293,""median"":21453,""p90"":24000,""max"":24000,""mean"":21553},""W"":{""n"":2,""min"":18795,""median"":20464,""p90"":20464,""max"":20464,""mean"":19629.5},""D"":{""n"":3,""min"":24000,""median"":24000,""p90"":24000,""max"":24000,""mean"":24000},""L"":{""n"":3,""min"":18293,""median"":21419,""p90"":21453,""max"":21453,""mean"":20388.333333333332}}","{""all"":{""n"":8,""min"":19009,""median"":24000,""p90"":24000,""max"":24000,""mean"":22522.25},""W"":{""n"":2,""min"":19009,""median"":20217,""p90"":20217,""max"":20217,""mean"":19613},""D"":{""n"":4,""min"":24000,""median"":24000,""p90"":24000,""max"":24000,""mean"":24000},""L"":{""n"":2,""min"":21856,""median"":23096,""p90"":23096,""max"":23096,""mean"":22476}}"
"v2_minus_disabled","v6","strata","ra2web_advanced__hfo-lvl","8","disabled","separated_lanes_v2","2","3","3","2","4","2","0.4375","0.5","0.25","0.25","0.10887074683495994","0.10887074683495994","0.0625","0","{""baseline_win"":3,""candidate_win"":2,""tick_cap_draw"":3}","{""baseline_win"":2,""candidate_win"":2,""tick_cap_draw"":4}","{""all"":{""n"":8,""min"":15857,""median"":23870,""p90"":24000,""max"":24000,""mean"":20883.375},""W"":{""n"":2,""min"":18447,""median"":18450,""p90"":18450,""max"":18450,""mean"":18448.5},""D"":{""n"":3,""min"":24000,""median"":24000,""p90"":24000,""max"":24000,""mean"":24000},""L"":{""n"":3,""min"":15857,""median"":18443,""p90"":23870,""max"":23870,""mean"":19390}}","{""all"":{""n"":8,""min"":17007,""median"":24000,""p90"":24000,""max"":24000,""mean"":21292.5},""W"":{""n"":2,""min"":18627,""median"":20660,""p90"":20660,""max"":20660,""mean"":19643.5},""D"":{""n"":4,""min"":24000,""median"":24000,""p90"":24000,""max"":24000,""mean"":24000},""L"":{""n"":2,""min"":17007,""median"":18046,""p90"":18046,""max"":18046,""mean"":17526.5}}"
"v2_minus_disabled","v6","strata","ra2web_advanced__hfo-original","8","disabled","separated_lanes_v2","4","2","2","2","3","3","0.625","0.4375","0.5","0.25","0.2936454286357453","0.10887074683495994","-0.1875","-0.25","{""baseline_win"":2,""candidate_win"":4,""tick_cap_draw"":2}","{""baseline_win"":3,""candidate_win"":2,""tick_cap_draw"":3}","{""all"":{""n"":8,""min"":10292,""median"":18131,""p90"":24000,""max"":24000,""mean"":17419},""W"":{""n"":4,""min"":10292,""median"":17170,""p90"":18620,""max"":18620,""mean"":14870.75},""D"":{""n"":2,""min"":24000,""median"":24000,""p90"":24000,""max"":24000,""mean"":24000},""L"":{""n"":2,""min"":13738,""median"":18131,""p90"":18131,""max"":18131,""mean"":15934.5}}","{""all"":{""n"":8,""min"":11535,""median"":22643,""p90"":24000,""max"":24000,""mean"":19374.875},""W"":{""n"":2,""min"":11535,""median"":19232,""p90"":19232,""max"":19232,""mean"":15383.5},""D"":{""n"":3,""min"":24000,""median"":24000,""p90"":24000,""max"":24000,""mean"":24000},""L"":{""n"":3,""min"":11566,""median"":18023,""p90"":22643,""max"":22643,""mean"":17410.666666666668}}"
"v2_minus_disabled","v6","strata","ra2web_advanced__hfo-rvr","8","disabled","separated_lanes_v2","1","5","2","0","6","2","0.4375","0.375","0.125","0","0.038176543007959585","0","-0.0625","-0.125","{""baseline_win"":2,""candidate_win"":1,""tick_cap_draw"":5}","{""baseline_win"":2,""tick_cap_draw"":6}","{""all"":{""n"":8,""min"":10780,""median"":24000,""p90"":24000,""max"":24000,""mean"":19854.25},""W"":{""n"":1,""min"":10780,""median"":10780,""p90"":10780,""max"":10780,""mean"":10780},""D"":{""n"":5,""min"":24000,""median"":24000,""p90"":24000,""max"":24000,""mean"":24000},""L"":{""n"":2,""min"":12735,""median"":15319,""p90"":15319,""max"":15319,""mean"":14027}}","{""all"":{""n"":8,""min"":13032,""median"":24000,""p90"":24000,""max"":24000,""mean"":22527.875},""W"":null,""D"":{""n"":6,""min"":24000,""median"":24000,""p90"":24000,""max"":24000,""mean"":24000},""L"":{""n"":2,""min"":13032,""median"":23191,""p90"":23191,""max"":23191,""mean"":18111.5}}"
"v2_minus_disabled","v6","strata","ra2web_advanced__hfo-tvt","8","disabled","separated_lanes_v2","5","2","1","2","4","2","0.75","0.5","0.625","0.25","0.4027757419118244","0.10887074683495994","-0.25","-0.375","{""baseline_win"":1,""candidate_win"":5,""tick_cap_draw"":2}","{""baseline_win"":2,""candidate_win"":2,""tick_cap_draw"":4}","{""all"":{""n"":8,""min"":7110,""median"":19961,""p90"":24000,""max"":24000,""mean"":15810.625},""W"":{""n"":5,""min"":7110,""median"":11296,""p90"":19961,""max"":19961,""mean"":11475.8},""D"":{""n"":2,""min"":24000,""median"":24000,""p90"":24000,""max"":24000,""mean"":24000},""L"":{""n"":1,""min"":21106,""median"":21106,""p90"":21106,""max"":21106,""mean"":21106}}","{""all"":{""n"":8,""min"":11440,""median"":24000,""p90"":24000,""max"":24000,""mean"":20417.375},""W"":{""n"":2,""min"":11440,""median"":17944,""p90"":17944,""max"":17944,""mean"":14692},""D"":{""n"":4,""min"":24000,""median"":24000,""p90"":24000,""max"":24000,""mean"":24000},""L"":{""n"":2,""min"":18003,""median"":19952,""p90"":19952,""max"":19952,""mean"":18977.5}}"
"v2_minus_disabled","v6","maps","hfo-bvb","16","disabled","separated_lanes_v2","7","6","3","4","4","8","0.625","0.375","0.4375","0.25","0.29184763573272116","0.13912211071126457","-0.25","-0.1875","{""baseline_win"":3,""candidate_win"":7,""tick_cap_draw"":6}","{""baseline_win"":8,""candidate_win"":4,""tick_cap_draw"":4}","{""all"":{""n"":16,""min"":8997,""median"":14644,""p90"":24000,""max"":24000,""mean"":16620},""W"":{""n"":7,""min"":8997,""median"":10053,""p90"":14644,""max"":14644,""mean"":11164},""D"":{""n"":6,""min"":24000,""median"":24000,""p90"":24000,""max"":24000,""mean"":24000},""L"":{""n"":3,""min"":11556,""median"":13385,""p90"":18831,""max"":18831,""mean"":14590.666666666666}}","{""all"":{""n"":16,""min"":11556,""median"":19771,""p90"":24000,""max"":24000,""mean"":18644.5},""W"":{""n"":4,""min"":11556,""median"":16510,""p90"":18136,""max"":18136,""mean"":15082.5},""D"":{""n"":4,""min"":24000,""median"":24000,""p90"":24000,""max"":24000,""mean"":24000},""L"":{""n"":8,""min"":11726,""median"":19771,""p90"":23506,""max"":23506,""mean"":17747.75}}"
"v2_minus_disabled","v6","maps","hfo-corners","16","disabled","separated_lanes_v2","3","8","5","3","10","3","0.4375","0.5","0.1875","0.1875","0.09400111552644326","0.09400111552644326","0.0625","0","{""baseline_win"":5,""candidate_win"":3,""tick_cap_draw"":8}","{""baseline_win"":3,""candidate_win"":3,""tick_cap_draw"":10}","{""all"":{""n"":16,""min"":7006,""median"":24000,""p90"":24000,""max"":24000,""mean"":18690.5},""W"":{""n"":3,""min"":16546,""median"":20249,""p90"":21114,""max"":21114,""mean"":19303},""D"":{""n"":8,""min"":24000,""median"":24000,""p90"":24000,""max"":24000,""mean"":24000},""L"":{""n"":5,""min"":7006,""median"":8883,""p90"":13247,""max"":13247,""mean"":9827.8}}","{""all"":{""n"":16,""min"":7663,""median"":24000,""p90"":24000,""max"":24000,""mean"":21019.125},""W"":{""n"":3,""min"":13580,""median"":15843,""p90"":20134,""max"":20134,""mean"":16519},""D"":{""n"":10,""min"":24000,""median"":24000,""p90"":24000,""max"":24000,""mean"":24000},""L"":{""n"":3,""min"":7663,""median"":19356,""p90"":19730,""max"":19730,""mean"":15583}}"
"v2_minus_disabled","v6","maps","hfo-corners-b","16","disabled","separated_lanes_v2","4","9","3","3","11","2","0.53125","0.53125","0.25","0.1875","0.13912211071126457","0.09400111552644326","0","-0.0625","{""baseline_win"":3,""candidate_win"":4,""tick_cap_draw"":9}","{""baseline_win"":2,""candidate_win"":3,""tick_cap_draw"":11}","{""all"":{""n"":16,""min"":6562,""median"":24000,""p90"":24000,""max"":24000,""mean"":19424.75},""W"":{""n"":4,""min"":9928,""median"":16834,""p90"":17644,""max"":17644,""mean"":14255.5},""D"":{""n"":9,""min"":24000,""median"":24000,""p90"":24000,""max"":24000,""mean"":24000},""L"":{""n"":3,""min"":6562,""median"":7738,""p90"":23474,""max"":23474,""mean"":12591.333333333334}}","{""all"":{""n"":16,""min"":6538,""median"":24000,""p90"":24000,""max"":24000,""mean"":19176},""W"":{""n"":3,""min"":7474,""median"":7810,""p90"":13376,""max"":13376,""mean"":9553.333333333334},""D"":{""n"":11,""min"":24000,""median"":24000,""p90"":24000,""max"":24000,""mean"":24000},""L"":{""n"":2,""min"":6538,""median"":7618,""p90"":7618,""max"":7618,""mean"":7078}}"
"v2_minus_disabled","v6","maps","hfo-corners-b-golden","16","disabled","separated_lanes_v2","6","5","5","3","4","9","0.53125","0.3125","0.375","0.1875","0.23846779627509276","0.09400111552644326","-0.21875","-0.1875","{""baseline_win"":5,""candidate_win"":6,""tick_cap_draw"":5}","{""baseline_win"":9,""candidate_win"":3,""tick_cap_draw"":4}","{""all"":{""n"":16,""min"":6454,""median"":16204,""p90"":24000,""max"":24000,""mean"":15550.75},""W"":{""n"":6,""min"":8077,""median"":10036,""p90"":16204,""max"":16204,""mean"":10563.166666666666},""D"":{""n"":5,""min"":24000,""median"":24000,""p90"":24000,""max"":24000,""mean"":24000},""L"":{""n"":5,""min"":6454,""median"":8785,""p90"":21997,""max"":21997,""mean"":13086.6}}","{""all"":{""n"":16,""min"":6730,""median"":20165,""p90"":24000,""max"":24000,""mean"":17761.5625},""W"":{""n"":3,""min"":10344,""median"":11146,""p90"":20015,""max"":20015,""mean"":13835},""D"":{""n"":4,""min"":24000,""median"":24000,""p90"":24000,""max"":24000,""mean"":24000},""L"":{""n"":9,""min"":6730,""median"":19409,""p90"":23512,""max"":23512,""mean"":16297.777777777777}}"
"v2_minus_disabled","v6","maps","hfo-golden","16","disabled","separated_lanes_v2","7","6","3","5","5","6","0.625","0.46875","0.4375","0.3125","0.29184763573272116","0.18745912692965838","-0.15625","-0.125","{""baseline_win"":3,""candidate_win"":7,""tick_cap_draw"":6}","{""baseline_win"":6,""candidate_win"":5,""tick_cap_draw"":5}","{""all"":{""n"":16,""min"":7096,""median"":17884,""p90"":24000,""max"":24000,""mean"":16252},""W"":{""n"":7,""min"":7096,""median"":11680,""p90"":19880,""max"":19880,""mean"":11538},""D"":{""n"":6,""min"":24000,""median"":24000,""p90"":24000,""max"":24000,""mean"":24000},""L"":{""n"":3,""min"":7962,""median"":9420,""p90"":17884,""max"":17884,""mean"":11755.333333333334}}","{""all"":{""n"":16,""min"":7330,""median"":15442,""p90"":24000,""max"":24000,""mean"":16561.75},""W"":{""n"":5,""min"":9575,""median"":13577,""p90"":15442,""max"":15442,""mean"":13217.6},""D"":{""n"":5,""min"":24000,""median"":24000,""p90"":24000,""max"":24000,""mean"":24000},""L"":{""n"":6,""min"":7330,""median"":13881,""p90"":18761,""max"":18761,""mean"":13150}}"
"v2_minus_disabled","v6","maps","hfo-le","16","disabled","separated_lanes_v2","6","5","5","4","8","4","0.53125","0.5","0.375","0.25","0.23846779627509276","0.13912211071126457","-0.03125","-0.125","{""baseline_win"":5,""candidate_win"":6,""tick_cap_draw"":5}","{""baseline_win"":4,""candidate_win"":4,""tick_cap_draw"":8}","{""all"":{""n"":16,""min"":7420,""median"":20464,""p90"":24000,""max"":24000,""mean"":17190.4375},""W"":{""n"":6,""min"":9538,""median"":10903,""p90"":20464,""max"":20464,""mean"":13165.333333333334},""D"":{""n"":5,""min"":24000,""median"":24000,""p90"":24000,""max"":24000,""mean"":24000},""L"":{""n"":5,""min"":7420,""median"":18293,""p90"":21453,""max"":21453,""mean"":15211}}","{""all"":{""n"":16,""min"":8092,""median"":24000,""p90"":24000,""max"":24000,""mean"":20128.3125},""W"":{""n"":4,""min"":14459,""median"":19009,""p90"":20217,""max"":20217,""mean"":17211.25},""D"":{""n"":8,""min"":24000,""median"":24000,""p90"":24000,""max"":24000,""mean"":24000},""L"":{""n"":4,""min"":8092,""median"":21856,""p90"":23096,""max"":23096,""mean"":15302}}"
"v2_minus_disabled","v6","maps","hfo-lvl","16","disabled","separated_lanes_v2","6","4","6","6","5","5","0.5","0.53125","0.375","0.375","0.23846779627509276","0.23846779627509276","0.03125","0","{""baseline_win"":6,""candidate_win"":6,""tick_cap_draw"":4}","{""baseline_win"":5,""candidate_win"":6,""tick_cap_draw"":5}","{""all"":{""n"":16,""min"":8918,""median"":21164,""p90"":24000,""max"":24000,""mean"":19919.375},""W"":{""n"":6,""min"":14396,""median"":19489,""p90"":21164,""max"":21164,""mean"":18691.666666666668},""D"":{""n"":4,""min"":24000,""median"":24000,""p90"":24000,""max"":24000,""mean"":24000},""L"":{""n"":6,""min"":8918,""median"":21483,""p90"":23870,""max"":23870,""mean"":18426.666666666668}}","{""all"":{""n"":16,""min"":8044,""median"":20107,""p90"":24000,""max"":24000,""mean"":19146.25},""W"":{""n"":6,""min"":18627,""median"":20107,""p90"":20660,""max"":20660,""mean"":19924.166666666668},""D"":{""n"":5,""min"":24000,""median"":24000,""p90"":24000,""max"":24000,""mean"":24000},""L"":{""n"":5,""min"":8044,""median"":14780,""p90"":18046,""max"":18046,""mean"":13359}}"
"v2_minus_disabled","v6","maps","hfo-original","16","disabled","separated_lanes_v2","7","4","5","4","6","6","0.5625","0.4375","0.4375","0.25","0.29184763573272116","0.13912211071126457","-0.125","-0.1875","{""baseline_win"":5,""candidate_win"":7,""tick_cap_draw"":4}","{""baseline_win"":6,""candidate_win"":4,""tick_cap_draw"":6}","{""all"":{""n"":16,""min"":7384,""median"":17170,""p90"":24000,""max"":24000,""mean"":16293.75},""W"":{""n"":7,""min"":10292,""median"":13606,""p90"":19267,""max"":19267,""mean"":14759.142857142857},""D"":{""n"":4,""min"":24000,""median"":24000,""p90"":24000,""max"":24000,""mean"":24000},""L"":{""n"":5,""min"":7384,""median"":12087,""p90"":18131,""max"":18131,""mean"":12277.2}}","{""all"":{""n"":16,""min"":7582,""median"":22249,""p90"":24000,""max"":24000,""mean"":18306.1875},""W"":{""n"":4,""min"":9717,""median"":19232,""p90"":22249,""max"":22249,""mean"":15683.25},""D"":{""n"":6,""min"":24000,""median"":24000,""p90"":24000,""max"":24000,""mean"":24000},""L"":{""n"":6,""min"":7582,""median"":14561,""p90"":22643,""max"":22643,""mean"":14361}}"
"v2_minus_disabled","v6","maps","hfo-rvr","16","disabled","separated_lanes_v2","4","9","3","1","12","3","0.53125","0.4375","0.25","0.0625","0.13912211071126457","0.01888694640528186","-0.09375","-0.1875","{""baseline_win"":3,""candidate_win"":4,""tick_cap_draw"":9}","{""baseline_win"":3,""candidate_win"":1,""tick_cap_draw"":12}","{""all"":{""n"":16,""min"":8608,""median"":24000,""p90"":24000,""max"":24000,""mean"":20275.9375},""W"":{""n"":4,""min"":8608,""median"":20856,""p90"":21190,""max"":21190,""mean"":15358.5},""D"":{""n"":9,""min"":24000,""median"":24000,""p90"":24000,""max"":24000,""mean"":24000},""L"":{""n"":3,""min"":12735,""median"":15319,""p90"":18927,""max"":18927,""mean"":15660.333333333334}}","{""all"":{""n"":16,""min"":13032,""median"":24000,""p90"":24000,""max"":24000,""mean"":22641.6875},""W"":{""n"":1,""min"":18450,""median"":18450,""p90"":18450,""max"":18450,""mean"":18450},""D"":{""n"":12,""min"":24000,""median"":24000,""p90"":24000,""max"":24000,""mean"":24000},""L"":{""n"":3,""min"":13032,""median"":19594,""p90"":23191,""max"":23191,""mean"":18605.666666666668}}"
"v2_minus_disabled","v6","maps","hfo-tvt","16","disabled","separated_lanes_v2","9","6","1","5","9","2","0.75","0.59375","0.5625","0.3125","0.40521106136564305","0.18745912692965838","-0.15625","-0.25","{""baseline_win"":1,""candidate_win"":9,""tick_cap_draw"":6}","{""baseline_win"":2,""candidate_win"":5,""tick_cap_draw"":9}","{""all"":{""n"":16,""min"":7110,""median"":21106,""p90"":24000,""max"":24000,""mean"":17056.5},""W"":{""n"":9,""min"":7110,""median"":11296,""p90"":21315,""max"":21315,""mean"":11977.555555555555},""D"":{""n"":6,""min"":24000,""median"":24000,""p90"":24000,""max"":24000,""mean"":24000},""L"":{""n"":1,""min"":21106,""median"":21106,""p90"":21106,""max"":21106,""mean"":21106}}","{""all"":{""n"":16,""min"":6718,""median"":24000,""p90"":24000,""max"":24000,""mean"":20708.625},""W"":{""n"":5,""min"":6718,""median"":17944,""p90"":20756,""max"":20756,""mean"":15476.6},""D"":{""n"":9,""min"":24000,""median"":24000,""p90"":24000,""max"":24000,""mean"":24000},""L"":{""n"":2,""min"":18003,""median"":19952,""p90"":19952,""max"":19952,""mean"":18977.5}}"
"v2_minus_disabled","v6","maps","pacific-heights","8","disabled","separated_lanes_v2","6","2","0","4","2","2","0.875","0.625","0.75","0.5","0.5237063285891094","0.2936454286357453","-0.25","-0.25","{""candidate_win"":6,""tick_cap_draw"":2}","{""baseline_win"":2,""candidate_win"":4,""tick_cap_draw"":2}","{""all"":{""n"":8,""min"":9274,""median"":10792,""p90"":24000,""max"":24000,""mean"":13775.5},""W"":{""n"":6,""min"":9274,""median"":9797,""p90"":13450,""max"":13450,""mean"":10367.333333333334},""D"":{""n"":2,""min"":24000,""median"":24000,""p90"":24000,""max"":24000,""mean"":24000},""L"":null}","{""all"":{""n"":8,""min"":9045,""median"":16698,""p90"":24000,""max"":24000,""mean"":15652.875},""W"":{""n"":4,""min"":9507,""median"":16698,""p90"":18411,""max"":18411,""mean"":13772},""D"":{""n"":2,""min"":24000,""median"":24000,""p90"":24000,""max"":24000,""mean"":24000},""L"":{""n"":2,""min"":9045,""median"":13090,""p90"":13090,""max"":13090,""mean"":11067.5}}"
"v2_minus_disabled","v6","maps","peak","8","disabled","separated_lanes_v2","3","5","0","5","3","0","0.6875","0.8125","0.375","0.625","0.19535795103474965","0.4027757419118244","0.125","0.25","{""candidate_win"":3,""tick_cap_draw"":5}","{""candidate_win"":5,""tick_cap_draw"":3}","{""all"":{""n"":8,""min"":9441,""median"":24000,""p90"":24000,""max"":24000,""mean"":18794.625},""W"":{""n"":3,""min"":9441,""median"":9458,""p90"":11458,""max"":11458,""mean"":10119},""D"":{""n"":5,""min"":24000,""median"":24000,""p90"":24000,""max"":24000,""mean"":24000},""L"":null}","{""all"":{""n"":8,""min"":8420,""median"":18713,""p90"":24000,""max"":24000,""mean"":16284.125},""W"":{""n"":5,""min"":8420,""median"":10078,""p90"":18713,""max"":18713,""mean"":11654.6},""D"":{""n"":3,""min"":24000,""median"":24000,""p90"":24000,""max"":24000,""mean"":24000},""L"":null}"
"v2_minus_disabled","v6","maps","south-pacific","8","disabled","separated_lanes_v2","0","6","2","0","6","2","0.375","0.375","0","0","0","0","0","0","{""baseline_win"":2,""engine_nonliteral_termination_draw"":2,""tick_cap_draw"":4}","{""baseline_win"":2,""engine_nonliteral_termination_draw"":1,""tick_cap_draw"":5}","{""all"":{""n"":8,""min"":9438,""median"":24000,""p90"":24000,""max"":24000,""mean"":19737.125},""W"":null,""D"":{""n"":6,""min"":17832,""median"":24000,""p90"":24000,""max"":24000,""mean"":22936.5},""L"":{""n"":2,""min"":9438,""median"":10840,""p90"":10840,""max"":10840,""mean"":10139}}","{""all"":{""n"":8,""min"":9438,""median"":24000,""p90"":24000,""max"":24000,""mean"":19763.75},""W"":null,""D"":{""n"":6,""min"":17832,""median"":24000,""p90"":24000,""max"":24000,""mean"":22972},""L"":{""n"":2,""min"":9438,""median"":10840,""p90"":10840,""max"":10840,""mean"":10139}}"
"v2_minus_disabled","v6","maps","south-pacific-2","8","disabled","separated_lanes_v2","1","5","2","0","7","1","0.4375","0.4375","0.125","0","0.038176543007959585","0","0","-0.125","{""baseline_win"":2,""candidate_win"":1,""engine_nonliteral_termination_draw"":1,""tick_cap_draw"":4}","{""baseline_win"":1,""tick_cap_draw"":7}","{""all"":{""n"":8,""min"":13501,""median"":24000,""p90"":24000,""max"":24000,""mean"":21222.375},""W"":{""n"":1,""min"":21001,""median"":21001,""p90"":21001,""max"":21001,""mean"":21001},""D"":{""n"":5,""min"":21642,""median"":24000,""p90"":24000,""max"":24000,""mean"":23528.4},""L"":{""n"":2,""min"":13501,""median"":17635,""p90"":17635,""max"":17635,""mean"":15568}}","{""all"":{""n"":8,""min"":18235,""median"":24000,""p90"":24000,""max"":24000,""mean"":23279.375},""W"":null,""D"":{""n"":7,""min"":24000,""median"":24000,""p90"":24000,""max"":24000,""mean"":24000},""L"":{""n"":1,""min"":18235,""median"":18235,""p90"":18235,""max"":18235,""mean"":18235}}"
"v2_minus_disabled","v6","maps","tour-of-egypt","8","disabled","separated_lanes_v2","1","1","6","2","0","6","0.1875","0.25","0.125","0.25","0.038176543007959585","0.10887074683495994","0.0625","0.125","{""baseline_win"":6,""candidate_win"":1,""tick_cap_draw"":1}","{""baseline_win"":6,""candidate_win"":2}","{""all"":{""n"":8,""min"":5662,""median"":7960,""p90"":24000,""max"":24000,""mean"":9689.75},""W"":{""n"":1,""min"":9637,""median"":9637,""p90"":9637,""max"":9637,""mean"":9637},""D"":{""n"":1,""min"":24000,""median"":24000,""p90"":24000,""max"":24000,""mean"":24000},""L"":{""n"":6,""min"":5662,""median"":7197,""p90"":9922,""max"":9922,""mean"":7313.5}}","{""all"":{""n"":8,""min"":5872,""median"":7652,""p90"":9032,""max"":9032,""mean"":7503.75},""W"":{""n"":2,""min"":7652,""median"":8351,""p90"":8351,""max"":8351,""mean"":8001.5},""D"":null,""L"":{""n"":6,""min"":5872,""median"":7619,""p90"":9032,""max"":9032,""mean"":7337.833333333333}}"
"v2_minus_disabled","v6","countries","Africans","100","disabled","separated_lanes_v2","29","57","14","21","61","18","0.575","0.515","0.29","0.21","0.23561331862811485","0.16269909652925027","-0.06","-0.08","{""baseline_win"":14,""candidate_win"":29,""tick_cap_draw"":57}","{""baseline_win"":18,""candidate_win"":21,""tick_cap_draw"":61}","{""all"":{""n"":100,""min"":7076,""median"":24000,""p90"":24000,""max"":24000,""mean"":19138.6},""W"":{""n"":29,""min"":7110,""median"":10773,""p90"":20464,""max"":21190,""mean"":12207.793103448275},""D"":{""n"":57,""min"":24000,""median"":24000,""p90"":24000,""max"":24000,""mean"":24000},""L"":{""n"":14,""min"":7076,""median"":10840,""p90"":23474,""max"":23870,""mean"":13702.42857142857}}","{""all"":{""n"":100,""min"":7652,""median"":24000,""p90"":24000,""max"":24000,""mean"":19765.28},""W"":{""n"":21,""min"":7652,""median"":11544,""p90"":20217,""max"":20525,""mean"":13267.142857142857},""D"":{""n"":61,""min"":24000,""median"":24000,""p90"":24000,""max"":24000,""mean"":24000},""L"":{""n"":18,""min"":8310,""median"":11888,""p90"":20286,""max"":23506,""mean"":12995.444444444445}}"
"v2_minus_disabled","v6","countries","Americans","100","disabled","separated_lanes_v2","41","24","35","28","31","41","0.53","0.435","0.41","0.28","0.3489176798835327","0.22636950148279011","-0.095","-0.13","{""baseline_win"":35,""candidate_win"":41,""engine_nonliteral_termination_draw"":3,""tick_cap_draw"":21}","{""baseline_win"":41,""candidate_win"":28,""engine_nonliteral_termination_draw"":1,""tick_cap_draw"":30}","{""all"":{""n"":100,""min"":5662,""median"":16546,""p90"":24000,""max"":24000,""mean"":15882.79},""W"":{""n"":41,""min"":7096,""median"":12616,""p90"":20204,""max"":21315,""mean"":13904.512195121952},""D"":{""n"":24,""min"":17832,""median"":24000,""p90"":24000,""max"":24000,""mean"":23635.875},""L"":{""n"":35,""min"":5662,""median"":12735,""p90"":21106,""max"":21997,""mean"":12883.8}}","{""all"":{""n"":100,""min"":5872,""median"":19594,""p90"":24000,""max"":24000,""mean"":17888.47},""W"":{""n"":28,""min"":6718,""median"":16698,""p90"":20660,""max"":22249,""mean"":15851.785714285714},""D"":{""n"":31,""min"":17832,""median"":24000,""p90"":24000,""max"":24000,""mean"":23801.032258064515},""L"":{""n"":41,""min"":5872,""median"":18003,""p90"":22643,""max"":23512,""mean"":14808.90243902439}}"
"v2_minus_disabled","v6","factions","Allied","100","disabled","separated_lanes_v2","41","24","35","28","31","41","0.53","0.435","0.41","0.28","0.3489176798835327","0.22636950148279011","-0.095","-0.13","{""baseline_win"":35,""candidate_win"":41,""engine_nonliteral_termination_draw"":3,""tick_cap_draw"":21}","{""baseline_win"":41,""candidate_win"":28,""engine_nonliteral_termination_draw"":1,""tick_cap_draw"":30}","{""all"":{""n"":100,""min"":5662,""median"":16546,""p90"":24000,""max"":24000,""mean"":15882.79},""W"":{""n"":41,""min"":7096,""median"":12616,""p90"":20204,""max"":21315,""mean"":13904.512195121952},""D"":{""n"":24,""min"":17832,""median"":24000,""p90"":24000,""max"":24000,""mean"":23635.875},""L"":{""n"":35,""min"":5662,""median"":12735,""p90"":21106,""max"":21997,""mean"":12883.8}}","{""all"":{""n"":100,""min"":5872,""median"":19594,""p90"":24000,""max"":24000,""mean"":17888.47},""W"":{""n"":28,""min"":6718,""median"":16698,""p90"":20660,""max"":22249,""mean"":15851.785714285714},""D"":{""n"":31,""min"":17832,""median"":24000,""p90"":24000,""max"":24000,""mean"":23801.032258064515},""L"":{""n"":41,""min"":5872,""median"":18003,""p90"":22643,""max"":23512,""mean"":14808.90243902439}}"
"v2_minus_disabled","v6","factions","Soviet","100","disabled","separated_lanes_v2","29","57","14","21","61","18","0.575","0.515","0.29","0.21","0.23561331862811485","0.16269909652925027","-0.06","-0.08","{""baseline_win"":14,""candidate_win"":29,""tick_cap_draw"":57}","{""baseline_win"":18,""candidate_win"":21,""tick_cap_draw"":61}","{""all"":{""n"":100,""min"":7076,""median"":24000,""p90"":24000,""max"":24000,""mean"":19138.6},""W"":{""n"":29,""min"":7110,""median"":10773,""p90"":20464,""max"":21190,""mean"":12207.793103448275},""D"":{""n"":57,""min"":24000,""median"":24000,""p90"":24000,""max"":24000,""mean"":24000},""L"":{""n"":14,""min"":7076,""median"":10840,""p90"":23474,""max"":23870,""mean"":13702.42857142857}}","{""all"":{""n"":100,""min"":7652,""median"":24000,""p90"":24000,""max"":24000,""mean"":19765.28},""W"":{""n"":21,""min"":7652,""median"":11544,""p90"":20217,""max"":20525,""mean"":13267.142857142857},""D"":{""n"":61,""min"":24000,""median"":24000,""p90"":24000,""max"":24000,""mean"":24000},""L"":{""n"":18,""min"":8310,""median"":11888,""p90"":20286,""max"":23506,""mean"":12995.444444444445}}"
"v2_minus_disabled","v6","slots","0","100","disabled","separated_lanes_v2","32","39","29","21","44","35","0.515","0.43","0.32","0.21","0.26354084363358415","0.16269909652925027","-0.085","-0.11","{""baseline_win"":29,""candidate_win"":32,""engine_nonliteral_termination_draw"":2,""tick_cap_draw"":37}","{""baseline_win"":35,""candidate_win"":21,""engine_nonliteral_termination_draw"":1,""tick_cap_draw"":43}","{""all"":{""n"":100,""min"":6454,""median"":18795,""p90"":24000,""max"":24000,""mean"":17175.96},""W"":{""n"":32,""min"":7110,""median"":11680,""p90"":21001,""max"":21315,""mean"":13236.34375},""D"":{""n"":39,""min"":17832,""median"":24000,""p90"":24000,""max"":24000,""mean"":23836.384615384617},""L"":{""n"":29,""min"":6454,""median"":9438,""p90"":21989,""max"":23870,""mean"":12566}}","{""all"":{""n"":100,""min"":5938,""median"":20286,""p90"":24000,""max"":24000,""mean"":18256},""W"":{""n"":21,""min"":7810,""median"":13577,""p90"":19009,""max"":22249,""mean"":14140.857142857143},""D"":{""n"":44,""min"":17832,""median"":24000,""p90"":24000,""max"":24000,""mean"":23859.81818181818},""L"":{""n"":35,""min"":5938,""median"":13090,""p90"":20537,""max"":23191,""mean"":13680.285714285714}}"
"v2_minus_disabled","v6","slots","1","100","disabled","separated_lanes_v2","38","42","20","28","48","24","0.59","0.52","0.38","0.28","0.32020837801802177","0.22636950148279011","-0.07","-0.1","{""baseline_win"":20,""candidate_win"":38,""engine_nonliteral_termination_draw"":1,""tick_cap_draw"":41}","{""baseline_win"":24,""candidate_win"":28,""tick_cap_draw"":48}","{""all"":{""n"":100,""min"":5662,""median"":20204,""p90"":24000,""max"":24000,""mean"":17845.43},""W"":{""n"":38,""min"":7096,""median"":11296,""p90"":20249,""max"":21190,""mean"":13172.315789473685},""D"":{""n"":42,""min"":21642,""median"":24000,""p90"":24000,""max"":24000,""mean"":23943.85714285714},""L"":{""n"":20,""min"":5662,""median"":13385,""p90"":21483,""max"":23474,""mean"":13917.65}}","{""all"":{""n"":100,""min"":5872,""median"":23506,""p90"":24000,""max"":24000,""mean"":19397.75},""W"":{""n"":28,""min"":6718,""median"":15843,""p90"":20525,""max"":20756,""mean"":15196.5},""D"":{""n"":48,""min"":24000,""median"":24000,""p90"":24000,""max"":24000,""mean"":24000},""L"":{""n"":24,""min"":5872,""median"":17510,""p90"":23350,""max"":23512,""mean"":15094.708333333334}}"
"v2_minus_disabled","v6","directions","0","100","disabled","separated_lanes_v2","26","38","36","20","42","38","0.45","0.41","0.26","0.2","0.2079860753672008","0.15377073858613402","-0.04","-0.06","{""baseline_win"":36,""candidate_win"":26,""engine_nonliteral_termination_draw"":1,""tick_cap_draw"":37}","{""baseline_win"":38,""candidate_win"":20,""engine_nonliteral_termination_draw"":1,""tick_cap_draw"":41}","{""all"":{""n"":100,""min"":6064,""median"":19489,""p90"":24000,""max"":24000,""mean"":17293.15},""W"":{""n"":26,""min"":7096,""median"":9816,""p90"":20249,""max"":21114,""mean"":12146.076923076924},""D"":{""n"":38,""min"":17832,""median"":24000,""p90"":24000,""max"":24000,""mean"":23837.684210526317},""L"":{""n"":36,""min"":6064,""median"":13501,""p90"":21989,""max"":23870,""mean"":14102.361111111111}}","{""all"":{""n"":100,""min"":5872,""median"":20015,""p90"":24000,""max"":24000,""mean"":18411.46},""W"":{""n"":20,""min"":6718,""median"":13580,""p90"":20015,""max"":20217,""mean"":13635.4},""D"":{""n"":42,""min"":17832,""median"":24000,""p90"":24000,""max"":24000,""mean"":23853.14285714286},""L"":{""n"":38,""min"":5872,""median"":17007,""p90"":22643,""max"":23512,""mean"":14910.684210526315}}"
"v2_minus_disabled","v6","directions","1","100","disabled","separated_lanes_v2","44","43","13","29","50","21","0.655","0.54","0.44","0.29","0.37786355392345133","0.23561331862811485","-0.115","-0.15","{""baseline_win"":13,""candidate_win"":44,""engine_nonliteral_termination_draw"":2,""tick_cap_draw"":41}","{""baseline_win"":21,""candidate_win"":29,""tick_cap_draw"":50}","{""all"":{""n"":100,""min"":5662,""median"":20204,""p90"":24000,""max"":24000,""mean"":17728.24},""W"":{""n"":44,""min"":8997,""median"":12002,""p90"":20856,""max"":21315,""mean"":13825.295454545454},""D"":{""n"":43,""min"":21642,""median"":24000,""p90"":24000,""max"":24000,""mean"":23940.20930232558},""L"":{""n"":13,""min"":5662,""median"":9420,""p90"":18831,""max"":21453,""mean"":10390.923076923076}}","{""all"":{""n"":100,""min"":5938,""median"":24000,""p90"":24000,""max"":24000,""mean"":19242.29},""W"":{""n"":29,""min"":7652,""median"":15442,""p90"":20660,""max"":22249,""mean"":15508.689655172413},""D"":{""n"":50,""min"":24000,""median"":24000,""p90"":24000,""max"":24000,""mean"":24000},""L"":{""n"":21,""min"":5938,""median"":11888,""p90"":20286,""max"":23350,""mean"":13070.333333333334}}"
"v2_minus_disabled","v6","countryDirection","Africans/0","50","disabled","separated_lanes_v2","15","27","8","11","29","10","0.57","0.51","0.3","0.22","0.22439073162097423","0.1544960365752851","-0.06","-0.08","{""baseline_win"":8,""candidate_win"":15,""tick_cap_draw"":27}","{""baseline_win"":10,""candidate_win"":11,""tick_cap_draw"":29}","{""all"":{""n"":50,""min"":7076,""median"":24000,""p90"":24000,""max"":24000,""mean"":19290.16},""W"":{""n"":15,""min"":7110,""median"":10773,""p90"":20464,""max"":21114,""mean"":12742.733333333334},""D"":{""n"":27,""min"":24000,""median"":24000,""p90"":24000,""max"":24000,""mean"":24000},""L"":{""n"":8,""min"":7076,""median"":21483,""p90"":23870,""max"":23870,""mean"":15670.875}}","{""all"":{""n"":50,""min"":8776,""median"":24000,""p90"":24000,""max"":24000,""mean"":19349.66},""W"":{""n"":11,""min"":9518,""median"":11556,""p90"":19009,""max"":20217,""mean"":13061.90909090909},""D"":{""n"":29,""min"":24000,""median"":24000,""p90"":24000,""max"":24000,""mean"":24000},""L"":{""n"":10,""min"":8776,""median"":11566,""p90"":23506,""max"":23506,""mean"":12780.2}}"
"v2_minus_disabled","v6","countryDirection","Africans/1","50","disabled","separated_lanes_v2","14","30","6","10","32","8","0.58","0.52","0.28","0.2","0.20661997331532897","0.13757222802510888","-0.06","-0.08","{""baseline_win"":6,""candidate_win"":14,""tick_cap_draw"":30}","{""baseline_win"":8,""candidate_win"":10,""tick_cap_draw"":32}","{""all"":{""n"":50,""min"":7918,""median"":24000,""p90"":24000,""max"":24000,""mean"":18987.04},""W"":{""n"":14,""min"":8997,""median"":10903,""p90"":14396,""max"":21190,""mean"":11634.642857142857},""D"":{""n"":30,""min"":24000,""median"":24000,""p90"":24000,""max"":24000,""mean"":24000},""L"":{""n"":6,""min"":7918,""median"":10046,""p90"":18831,""max"":18831,""mean"":11077.833333333334}}","{""all"":{""n"":50,""min"":7652,""median"":24000,""p90"":24000,""max"":24000,""mean"":20180.9},""W"":{""n"":10,""min"":7652,""median"":11544,""p90"":20525,""max"":20525,""mean"":13492.9},""D"":{""n"":32,""min"":24000,""median"":24000,""p90"":24000,""max"":24000,""mean"":24000},""L"":{""n"":8,""min"":8310,""median"":13164,""p90"":20286,""max"":20286,""mean"":13264.5}}"
"v2_minus_disabled","v6","countryDirection","Americans/0","50","disabled","separated_lanes_v2","11","11","28","9","13","28","0.33","0.31","0.22","0.18","0.1544960365752851","0.12091169981100518","-0.02","-0.04","{""baseline_win"":28,""candidate_win"":11,""engine_nonliteral_termination_draw"":1,""tick_cap_draw"":10}","{""baseline_win"":28,""candidate_win"":9,""engine_nonliteral_termination_draw"":1,""tick_cap_draw"":12}","{""all"":{""n"":50,""min"":6064,""median"":15319,""p90"":24000,""max"":24000,""mean"":15296.14},""W"":{""n"":11,""min"":7096,""median"":9442,""p90"":19489,""max"":19961,""mean"":11332.454545454546},""D"":{""n"":11,""min"":17832,""median"":24000,""p90"":24000,""max"":24000,""mean"":23439.272727272728},""L"":{""n"":28,""min"":6064,""median"":13501,""p90"":21106,""max"":21997,""mean"":13654.214285714286}}","{""all"":{""n"":50,""min"":5872,""median"":19356,""p90"":24000,""max"":24000,""mean"":17473.26},""W"":{""n"":9,""min"":6718,""median"":16698,""p90"":20015,""max"":20015,""mean"":14336.333333333334},""D"":{""n"":13,""min"":17832,""median"":24000,""p90"":24000,""max"":24000,""mean"":23525.53846153846},""L"":{""n"":28,""min"":5872,""median"":18235,""p90"":22643,""max"":23512,""mean"":15671.57142857143}}"
"v2_minus_disabled","v6","countryDirection","Americans/1","50","disabled","separated_lanes_v2","30","13","7","19","18","13","0.73","0.56","0.6","0.38","0.5093966239252362","0.2971715799541635","-0.17","-0.22","{""baseline_win"":7,""candidate_win"":30,""engine_nonliteral_termination_draw"":2,""tick_cap_draw"":11}","{""baseline_win"":13,""candidate_win"":19,""tick_cap_draw"":18}","{""all"":{""n"":50,""min"":5662,""median"":17170,""p90"":24000,""max"":24000,""mean"":16469.44},""W"":{""n"":30,""min"":9232,""median"":14422,""p90"":21001,""max"":21315,""mean"":14847.6},""D"":{""n"":13,""min"":21642,""median"":24000,""p90"":24000,""max"":24000,""mean"":23802.23076923077},""L"":{""n"":7,""min"":5662,""median"":7006,""p90"":21453,""max"":21453,""mean"":9802.142857142857}}","{""all"":{""n"":50,""min"":5938,""median"":20134,""p90"":24000,""max"":24000,""mean"":18303.68},""W"":{""n"":19,""min"":11146,""median"":15843,""p90"":20756,""max"":22249,""mean"":16569.63157894737},""D"":{""n"":18,""min"":24000,""median"":24000,""p90"":24000,""max"":24000,""mean"":24000},""L"":{""n"":13,""min"":5938,""median"":11726,""p90"":23096,""max"":23350,""mean"":12950.846153846154}}"
"v2_minus_disabled","v6","opponentCountry","pinned_supalosa/Africans","60","disabled","separated_lanes_v2","20","27","13","17","28","15","0.5583333333333333","0.5166666666666667","0.3333333333333333","0.2833333333333333","0.2606991787230655","0.2153263396944523","-0.041666666666666664","-0.05","{""baseline_win"":13,""candidate_win"":20,""tick_cap_draw"":27}","{""baseline_win"":15,""candidate_win"":17,""tick_cap_draw"":28}","{""all"":{""n"":60,""min"":7076,""median"":21483,""p90"":24000,""max"":24000,""mean"":17699.633333333335},""W"":{""n"":20,""min"":8077,""median"":10903,""p90"":21114,""max"":21190,""mean"":12300.7},""D"":{""n"":27,""min"":24000,""median"":24000,""p90"":24000,""max"":24000,""mean"":24000},""L"":{""n"":13,""min"":7076,""median"":10046,""p90"":21989,""max"":23474,""mean"":12920.307692307691}}","{""all"":{""n"":60,""min"":7652,""median"":20426,""p90"":24000,""max"":24000,""mean"":17801.016666666666},""W"":{""n"":17,""min"":7652,""median"":10472,""p90"":20426,""max"":20525,""mean"":12417.411764705883},""D"":{""n"":28,""min"":24000,""median"":24000,""p90"":24000,""max"":24000,""mean"":24000},""L"":{""n"":15,""min"":8310,""median"":11791,""p90"":17510,""max"":20286,""mean"":12331}}"
"v2_minus_disabled","v6","opponentCountry","pinned_supalosa/Americans","60","disabled","separated_lanes_v2","26","15","19","17","22","21","0.5583333333333333","0.4666666666666667","0.43333333333333335","0.2833333333333333","0.3542044579989498","0.2153263396944523","-0.09166666666666666","-0.15","{""baseline_win"":19,""candidate_win"":26,""engine_nonliteral_termination_draw"":3,""tick_cap_draw"":12}","{""baseline_win"":21,""candidate_win"":17,""engine_nonliteral_termination_draw"":1,""tick_cap_draw"":21}","{""all"":{""n"":60,""min"":5662,""median"":13450,""p90"":24000,""max"":24000,""mean"":14675.133333333333},""W"":{""n"":26,""min"":7096,""median"":12616,""p90"":21001,""max"":21315,""mean"":13593.76923076923},""D"":{""n"":15,""min"":17832,""median"":24000,""p90"":24000,""max"":24000,""mean"":23417.4},""L"":{""n"":19,""min"":5662,""median"":7960,""p90"":17635,""max"":18927,""mean"":9253.105263157895}}","{""all"":{""n"":60,""min"":5872,""median"":18713,""p90"":24000,""max"":24000,""mean"":16895.05},""W"":{""n"":17,""min"":6718,""median"":18411,""p90"":20756,""max"":22249,""mean"":16626.29411764706},""D"":{""n"":22,""min"":17832,""median"":24000,""p90"":24000,""max"":24000,""mean"":23719.636363636364},""L"":{""n"":21,""min"":5872,""median"":7684,""p90"":18235,""max"":20537,""mean"":9963.047619047618}}"
"v2_minus_disabled","v6","opponentCountry","ra2web_advanced/Africans","40","disabled","separated_lanes_v2","9","30","1","4","33","3","0.6","0.5125","0.225","0.1","0.15220998483534723","0.05414418101779652","-0.0875","-0.125","{""baseline_win"":1,""candidate_win"":9,""tick_cap_draw"":30}","{""baseline_win"":3,""candidate_win"":4,""tick_cap_draw"":33}","{""all"":{""n"":40,""min"":7110,""median"":24000,""p90"":24000,""max"":24000,""mean"":21297.05},""W"":{""n"":9,""min"":7110,""median"":10292,""p90"":20464,""max"":20464,""mean"":12001.333333333334},""D"":{""n"":30,""min"":24000,""median"":24000,""p90"":24000,""max"":24000,""mean"":24000},""L"":{""n"":1,""min"":23870,""median"":23870,""p90"":23870,""max"":23870,""mean"":23870}}","{""all"":{""n"":40,""min"":10344,""median"":24000,""p90"":24000,""max"":24000,""mean"":22711.675},""W"":{""n"":4,""min"":10344,""median"":19009,""p90"":20217,""max"":20217,""mean"":16878.5},""D"":{""n"":33,""min"":24000,""median"":24000,""p90"":24000,""max"":24000,""mean"":24000},""L"":{""n"":3,""min"":11566,""median"":13881,""p90"":23506,""max"":23506,""mean"":16317.666666666666}}"
"v2_minus_disabled","v6","opponentCountry","ra2web_advanced/Americans","40","disabled","separated_lanes_v2","15","9","16","11","9","20","0.4875","0.3875","0.375","0.275","0.2836592844391007","0.19475556972393063","-0.1","-0.1","{""baseline_win"":16,""candidate_win"":15,""tick_cap_draw"":9}","{""baseline_win"":20,""candidate_win"":11,""tick_cap_draw"":9}","{""all"":{""n"":40,""min"":7894,""median"":18443,""p90"":24000,""max"":24000,""mean"":17694.275},""W"":{""n"":15,""min"":7894,""median"":16204,""p90"":19880,""max"":19961,""mean"":14443.133333333333},""D"":{""n"":9,""min"":24000,""median"":24000,""p90"":24000,""max"":24000,""mean"":24000},""L"":{""n"":16,""min"":12085,""median"":18131,""p90"":21453,""max"":21997,""mean"":17195.25}}","{""all"":{""n"":40,""min"":7474,""median"":19771,""p90"":24000,""max"":24000,""mean"":19378.6},""W"":{""n"":11,""min"":7474,""median"":15442,""p90"":19232,""max"":20660,""mean"":14654.818181818182},""D"":{""n"":9,""min"":24000,""median"":24000,""p90"":24000,""max"":24000,""mean"":24000},""L"":{""n"":20,""min"":13032,""median"":19771,""p90"":23350,""max"":23512,""mean"":19897.05}}"
"v2_minus_disabled","v6","opponentFaction","pinned_supalosa/Allied","60","disabled","separated_lanes_v2","26","15","19","17","22","21","0.5583333333333333","0.4666666666666667","0.43333333333333335","0.2833333333333333","0.3542044579989498","0.2153263396944523","-0.09166666666666666","-0.15","{""baseline_win"":19,""candidate_win"":26,""engine_nonliteral_termination_draw"":3,""tick_cap_draw"":12}","{""baseline_win"":21,""candidate_win"":17,""engine_nonliteral_termination_draw"":1,""tick_cap_draw"":21}","{""all"":{""n"":60,""min"":5662,""median"":13450,""p90"":24000,""max"":24000,""mean"":14675.133333333333},""W"":{""n"":26,""min"":7096,""median"":12616,""p90"":21001,""max"":21315,""mean"":13593.76923076923},""D"":{""n"":15,""min"":17832,""median"":24000,""p90"":24000,""max"":24000,""mean"":23417.4},""L"":{""n"":19,""min"":5662,""median"":7960,""p90"":17635,""max"":18927,""mean"":9253.105263157895}}","{""all"":{""n"":60,""min"":5872,""median"":18713,""p90"":24000,""max"":24000,""mean"":16895.05},""W"":{""n"":17,""min"":6718,""median"":18411,""p90"":20756,""max"":22249,""mean"":16626.29411764706},""D"":{""n"":22,""min"":17832,""median"":24000,""p90"":24000,""max"":24000,""mean"":23719.636363636364},""L"":{""n"":21,""min"":5872,""median"":7684,""p90"":18235,""max"":20537,""mean"":9963.047619047618}}"
"v2_minus_disabled","v6","opponentFaction","pinned_supalosa/Soviet","60","disabled","separated_lanes_v2","20","27","13","17","28","15","0.5583333333333333","0.5166666666666667","0.3333333333333333","0.2833333333333333","0.2606991787230655","0.2153263396944523","-0.041666666666666664","-0.05","{""baseline_win"":13,""candidate_win"":20,""tick_cap_draw"":27}","{""baseline_win"":15,""candidate_win"":17,""tick_cap_draw"":28}","{""all"":{""n"":60,""min"":7076,""median"":21483,""p90"":24000,""max"":24000,""mean"":17699.633333333335},""W"":{""n"":20,""min"":8077,""median"":10903,""p90"":21114,""max"":21190,""mean"":12300.7},""D"":{""n"":27,""min"":24000,""median"":24000,""p90"":24000,""max"":24000,""mean"":24000},""L"":{""n"":13,""min"":7076,""median"":10046,""p90"":21989,""max"":23474,""mean"":12920.307692307691}}","{""all"":{""n"":60,""min"":7652,""median"":20426,""p90"":24000,""max"":24000,""mean"":17801.016666666666},""W"":{""n"":17,""min"":7652,""median"":10472,""p90"":20426,""max"":20525,""mean"":12417.411764705883},""D"":{""n"":28,""min"":24000,""median"":24000,""p90"":24000,""max"":24000,""mean"":24000},""L"":{""n"":15,""min"":8310,""median"":11791,""p90"":17510,""max"":20286,""mean"":12331}}"
"v2_minus_disabled","v6","opponentFaction","ra2web_advanced/Allied","40","disabled","separated_lanes_v2","15","9","16","11","9","20","0.4875","0.3875","0.375","0.275","0.2836592844391007","0.19475556972393063","-0.1","-0.1","{""baseline_win"":16,""candidate_win"":15,""tick_cap_draw"":9}","{""baseline_win"":20,""candidate_win"":11,""tick_cap_draw"":9}","{""all"":{""n"":40,""min"":7894,""median"":18443,""p90"":24000,""max"":24000,""mean"":17694.275},""W"":{""n"":15,""min"":7894,""median"":16204,""p90"":19880,""max"":19961,""mean"":14443.133333333333},""D"":{""n"":9,""min"":24000,""median"":24000,""p90"":24000,""max"":24000,""mean"":24000},""L"":{""n"":16,""min"":12085,""median"":18131,""p90"":21453,""max"":21997,""mean"":17195.25}}","{""all"":{""n"":40,""min"":7474,""median"":19771,""p90"":24000,""max"":24000,""mean"":19378.6},""W"":{""n"":11,""min"":7474,""median"":15442,""p90"":19232,""max"":20660,""mean"":14654.818181818182},""D"":{""n"":9,""min"":24000,""median"":24000,""p90"":24000,""max"":24000,""mean"":24000},""L"":{""n"":20,""min"":13032,""median"":19771,""p90"":23350,""max"":23512,""mean"":19897.05}}"
"v2_minus_disabled","v6","opponentFaction","ra2web_advanced/Soviet","40","disabled","separated_lanes_v2","9","30","1","4","33","3","0.6","0.5125","0.225","0.1","0.15220998483534723","0.05414418101779652","-0.0875","-0.125","{""baseline_win"":1,""candidate_win"":9,""tick_cap_draw"":30}","{""baseline_win"":3,""candidate_win"":4,""tick_cap_draw"":33}","{""all"":{""n"":40,""min"":7110,""median"":24000,""p90"":24000,""max"":24000,""mean"":21297.05},""W"":{""n"":9,""min"":7110,""median"":10292,""p90"":20464,""max"":20464,""mean"":12001.333333333334},""D"":{""n"":30,""min"":24000,""median"":24000,""p90"":24000,""max"":24000,""mean"":24000},""L"":{""n"":1,""min"":23870,""median"":23870,""p90"":23870,""max"":23870,""mean"":23870}}","{""all"":{""n"":40,""min"":10344,""median"":24000,""p90"":24000,""max"":24000,""mean"":22711.675},""W"":{""n"":4,""min"":10344,""median"":19009,""p90"":20217,""max"":20217,""mean"":16878.5},""D"":{""n"":33,""min"":24000,""median"":24000,""p90"":24000,""max"":24000,""mean"":24000},""L"":{""n"":3,""min"":11566,""median"":13881,""p90"":23506,""max"":23506,""mean"":16317.666666666666}}"
"v2_minus_disabled","v6","opponentSlot","pinned_supalosa/0","60","disabled","separated_lanes_v2","20","20","20","13","23","24","0.5","0.4083333333333333","0.3333333333333333","0.21666666666666667","0.2606991787230655","0.15654739328841472","-0.09166666666666666","-0.11666666666666667","{""baseline_win"":20,""candidate_win"":20,""engine_nonliteral_termination_draw"":2,""tick_cap_draw"":18}","{""baseline_win"":24,""candidate_win"":13,""engine_nonliteral_termination_draw"":1,""tick_cap_draw"":22}","{""all"":{""n"":60,""min"":6454,""median"":13606,""p90"":24000,""max"":24000,""mean"":15654.5},""W"":{""n"":20,""min"":8077,""median"":11680,""p90"":21164,""max"":21315,""mean"":13305.85},""D"":{""n"":20,""min"":17832,""median"":24000,""p90"":24000,""max"":24000,""mean"":23680.95},""L"":{""n"":20,""min"":6454,""median"":8785,""p90"":18927,""max"":21989,""mean"":9976.7}}","{""all"":{""n"":60,""min"":5938,""median"":18411,""p90"":24000,""max"":24000,""mean"":16587.283333333333},""W"":{""n"":13,""min"":8351,""median"":13577,""p90"":20426,""max"":22249,""mean"":14201.153846153846},""D"":{""n"":23,""min"":17832,""median"":24000,""p90"":24000,""max"":24000,""mean"":23731.82608695652},""L"":{""n"":24,""min"":5938,""median"":9032,""p90"":19594,""max"":20537,""mean"":11032.916666666666}}"
"v2_minus_disabled","v6","opponentSlot","pinned_supalosa/1","60","disabled","separated_lanes_v2","26","22","12","21","27","12","0.6166666666666667","0.575","0.43333333333333335","0.35","0.3542044579989498","0.2760389222825774","-0.041666666666666664","-0.08333333333333333","{""baseline_win"":12,""candidate_win"":26,""engine_nonliteral_termination_draw"":1,""tick_cap_draw"":21}","{""baseline_win"":12,""candidate_win"":21,""tick_cap_draw"":27}","{""all"":{""n"":60,""min"":5662,""median"":19267,""p90"":24000,""max"":24000,""mean"":16720.266666666666},""W"":{""n"":26,""min"":7096,""median"":10792,""p90"":20249,""max"":21190,""mean"":12820.576923076924},""D"":{""n"":22,""min"":21642,""median"":24000,""p90"":24000,""max"":24000,""mean"":23892.81818181818},""L"":{""n"":12,""min"":5662,""median"":10840,""p90"":21483,""max"":23474,""mean"":12019.916666666666}}","{""all"":{""n"":60,""min"":5872,""median"":20134,""p90"":24000,""max"":24000,""mean"":18108.783333333333},""W"":{""n"":21,""min"":6718,""median"":14128,""p90"":20134,""max"":20756,""mean"":14720.380952380952},""D"":{""n"":27,""min"":24000,""median"":24000,""p90"":24000,""max"":24000,""mean"":24000},""L"":{""n"":12,""min"":5872,""median"":9045,""p90"":17510,""max"":18235,""mean"":10783.25}}"
"v2_minus_disabled","v6","opponentSlot","ra2web_advanced/0","40","disabled","separated_lanes_v2","12","19","9","8","21","11","0.5375","0.4625","0.3","0.2","0.21653912471300574","0.13151765602069693","-0.075","-0.1","{""baseline_win"":9,""candidate_win"":12,""tick_cap_draw"":19}","{""baseline_win"":11,""candidate_win"":8,""tick_cap_draw"":21}","{""all"":{""n"":40,""min"":7110,""median"":23870,""p90"":24000,""max"":24000,""mean"":19458.15},""W"":{""n"":12,""min"":7110,""median"":11836,""p90"":18795,""max"":19880,""mean"":13120.5},""D"":{""n"":19,""min"":24000,""median"":24000,""p90"":24000,""max"":24000,""mean"":24000},""L"":{""n"":9,""min"":13247,""median"":18293,""p90"":23870,""max"":23870,""mean"":18320}}","{""all"":{""n"":40,""min"":7810,""median"":24000,""p90"":24000,""max"":24000,""mean"":20759.075},""W"":{""n"":8,""min"":7810,""median"":15442,""p90"":19009,""max"":19009,""mean"":14042.875},""D"":{""n"":21,""min"":24000,""median"":24000,""p90"":24000,""max"":24000,""mean"":24000},""L"":{""n"":11,""min"":11566,""median"":19771,""p90"":22643,""max"":23191,""mean"":19456.363636363636}}"
"v2_minus_disabled","v6","opponentSlot","ra2web_advanced/1","40","disabled","separated_lanes_v2","12","20","8","7","21","12","0.55","0.4375","0.3","0.175","0.21653912471300574","0.11127749394260136","-0.1125","-0.125","{""baseline_win"":8,""candidate_win"":12,""tick_cap_draw"":20}","{""baseline_win"":12,""candidate_win"":7,""tick_cap_draw"":21}","{""all"":{""n"":40,""min"":7176,""median"":24000,""p90"":24000,""max"":24000,""mean"":19533.175},""W"":{""n"":12,""min"":7176,""median"":13401,""p90"":19961,""max"":20464,""mean"":13934.416666666666},""D"":{""n"":20,""min"":24000,""median"":24000,""p90"":24000,""max"":24000,""mean"":24000},""L"":{""n"":8,""min"":12085,""median"":18131,""p90"":21419,""max"":21419,""mean"":16764.25}}","{""all"":{""n"":40,""min"":7474,""median"":24000,""p90"":24000,""max"":24000,""mean"":21331.2},""W"":{""n"":7,""min"":7474,""median"":17944,""p90"":20660,""max"":20660,""mean"":16624.85714285714},""D"":{""n"":21,""min"":24000,""median"":24000,""p90"":24000,""max"":24000,""mean"":24000},""L"":{""n"":12,""min"":13032,""median"":19356,""p90"":23506,""max"":23512,""mean"":19406.166666666668}}"
"v2_minus_disabled","v6","opponentDirection","pinned_supalosa/0","60","disabled","separated_lanes_v2","19","21","20","14","27","19","0.49166666666666664","0.4583333333333333","0.31666666666666665","0.23333333333333334","0.24546428560641853","0.17103567360437824","-0.03333333333333333","-0.08333333333333333","{""baseline_win"":20,""candidate_win"":19,""engine_nonliteral_termination_draw"":1,""tick_cap_draw"":20}","{""baseline_win"":19,""candidate_win"":14,""engine_nonliteral_termination_draw"":1,""tick_cap_draw"":26}","{""all"":{""n"":60,""min"":6064,""median"":17635,""p90"":24000,""max"":24000,""mean"":15882.183333333332},""W"":{""n"":19,""min"":7096,""median"":9816,""p90"":20249,""max"":21114,""mean"":11839.736842105263},""D"":{""n"":21,""min"":17832,""median"":24000,""p90"":24000,""max"":24000,""mean"":23706.285714285714},""L"":{""n"":20,""min"":6064,""median"":8883,""p90"":21989,""max"":23474,""mean"":11507.2}}","{""all"":{""n"":60,""min"":5872,""median"":19594,""p90"":24000,""max"":24000,""mean"":17294.066666666666},""W"":{""n"":14,""min"":6718,""median"":13580,""p90"":19637,""max"":20015,""mean"":13551.285714285714},""D"":{""n"":27,""min"":17832,""median"":24000,""p90"":24000,""max"":24000,""mean"":23771.555555555555},""L"":{""n"":19,""min"":5872,""median"":8918,""p90"":19594,""max"":20537,""mean"":10847.052631578947}}"
"v2_minus_disabled","v6","opponentDirection","pinned_supalosa/1","60","disabled","separated_lanes_v2","27","21","12","20","23","17","0.625","0.525","0.45","0.3333333333333333","0.3701160218997553","0.2606991787230655","-0.1","-0.11666666666666667","{""baseline_win"":12,""candidate_win"":27,""engine_nonliteral_termination_draw"":2,""tick_cap_draw"":19}","{""baseline_win"":17,""candidate_win"":20,""tick_cap_draw"":23}","{""all"":{""n"":60,""min"":5662,""median"":16546,""p90"":24000,""max"":24000,""mean"":16492.583333333332},""W"":{""n"":27,""min"":9232,""median"":12002,""p90"":21164,""max"":21315,""mean"":13870.25925925926},""D"":{""n"":21,""min"":21642,""median"":24000,""p90"":24000,""max"":24000,""mean"":23877.571428571428},""L"":{""n"":12,""min"":5662,""median"":9420,""p90"":12087,""max"":18831,""mean"":9469.083333333334}}","{""all"":{""n"":60,""min"":5938,""median"":20107,""p90"":24000,""max"":24000,""mean"":17402},""W"":{""n"":20,""min"":7652,""median"":15160,""p90"":20756,""max"":22249,""mean"":15201.25},""D"":{""n"":23,""min"":24000,""median"":24000,""p90"":24000,""max"":24000,""mean"":24000},""L"":{""n"":17,""min"":5938,""median"":11726,""p90"":17510,""max"":20286,""mean"":11064.411764705883}}"
"v2_minus_disabled","v6","opponentDirection","ra2web_advanced/0","40","disabled","separated_lanes_v2","7","17","16","6","15","19","0.3875","0.3375","0.175","0.15","0.11127749394260136","0.09156032424656435","-0.05","-0.025","{""baseline_win"":16,""candidate_win"":7,""tick_cap_draw"":17}","{""baseline_win"":19,""candidate_win"":6,""tick_cap_draw"":15}","{""all"":{""n"":40,""min"":7110,""median"":21419,""p90"":24000,""max"":24000,""mean"":19409.6},""W"":{""n"":7,""min"":7110,""median"":9443,""p90"":20464,""max"":20464,""mean"":12977.57142857143},""D"":{""n"":17,""min"":24000,""median"":24000,""p90"":24000,""max"":24000,""mean"":24000},""L"":{""n"":16,""min"":12085,""median"":18131,""p90"":21997,""max"":23870,""mean"":17346.3125}}","{""all"":{""n"":40,""min"":7474,""median"":21856,""p90"":24000,""max"":24000,""mean"":20087.55},""W"":{""n"":6,""min"":7474,""median"":18136,""p90"":20217,""max"":20217,""mean"":13831.666666666666},""D"":{""n"":15,""min"":24000,""median"":24000,""p90"":24000,""max"":24000,""mean"":24000},""L"":{""n"":19,""min"":11566,""median"":19356,""p90"":23506,""max"":23512,""mean"":18974.315789473683}}"
"v2_minus_disabled","v6","opponentDirection","ra2web_advanced/1","40","disabled","separated_lanes_v2","17","22","1","9","27","4","0.7","0.5625","0.425","0.225","0.3297393909273828","0.15220998483534723","-0.1375","-0.2","{""baseline_win"":1,""candidate_win"":17,""tick_cap_draw"":22}","{""baseline_win"":4,""candidate_win"":9,""tick_cap_draw"":27}","{""all"":{""n"":40,""min"":8997,""median"":24000,""p90"":24000,""max"":24000,""mean"":19581.725},""W"":{""n"":17,""min"":8997,""median"":11836,""p90"":18620,""max"":19880,""mean"":13753.882352941177},""D"":{""n"":22,""min"":24000,""median"":24000,""p90"":24000,""max"":24000,""mean"":24000},""L"":{""n"":1,""min"":21453,""median"":21453,""p90"":21453,""max"":21453,""mean"":21453}}","{""all"":{""n"":40,""min"":11440,""median"":24000,""p90"":24000,""max"":24000,""mean"":22002.725},""W"":{""n"":9,""min"":11440,""median"":15843,""p90"":20660,""max"":20660,""mean"":16191.888888888889},""D"":{""n"":27,""min"":24000,""median"":24000,""p90"":24000,""max"":24000,""mean"":24000},""L"":{""n"":4,""min"":19771,""median"":23096,""p90"":23350,""max"":23350,""mean"":21595.5}}"
"v2_minus_disabled","v6","opponentCountryDirection","pinned_supalosa/Africans/0","30","disabled","separated_lanes_v2","11","12","7","8","15","7","0.5666666666666667","0.5166666666666667","0.36666666666666664","0.26666666666666666","0.2635816922512699","0.17730429246164628","-0.05","-0.1","{""baseline_win"":7,""candidate_win"":11,""tick_cap_draw"":12}","{""baseline_win"":7,""candidate_win"":8,""tick_cap_draw"":15}","{""all"":{""n"":30,""min"":7076,""median"":21483,""p90"":24000,""max"":24000,""mean"":17569.766666666666},""W"":{""n"":11,""min"":8077,""median"":10773,""p90"":20249,""max"":21114,""mean"":12508.727272727272},""D"":{""n"":12,""min"":24000,""median"":24000,""p90"":24000,""max"":24000,""mean"":24000},""L"":{""n"":7,""min"":7076,""median"":10840,""p90"":23474,""max"":23474,""mean"":14499.57142857143}}","{""all"":{""n"":30,""min"":8776,""median"":24000,""p90"":24000,""max"":24000,""mean"":17765.333333333332},""W"":{""n"":8,""min"":9518,""median"":11556,""p90"":16510,""max"":16510,""mean"":11763.875},""D"":{""n"":15,""min"":24000,""median"":24000,""p90"":24000,""max"":24000,""mean"":24000},""L"":{""n"":7,""min"":8776,""median"":9438,""p90"":16938,""max"":16938,""mean"":11264.142857142857}}"
"v2_minus_disabled","v6","opponentCountryDirection","pinned_supalosa/Africans/1","30","disabled","separated_lanes_v2","9","15","6","9","13","8","0.55","0.5166666666666667","0.3","0.3","0.2054634616809264","0.2054634616809264","-0.03333333333333333","0","{""baseline_win"":6,""candidate_win"":9,""tick_cap_draw"":15}","{""baseline_win"":8,""candidate_win"":9,""tick_cap_draw"":13}","{""all"":{""n"":30,""min"":7918,""median"":24000,""p90"":24000,""max"":24000,""mean"":17829.5},""W"":{""n"":9,""min"":9449,""median"":10903,""p90"":21190,""max"":21190,""mean"":12046.444444444445},""D"":{""n"":15,""min"":24000,""median"":24000,""p90"":24000,""max"":24000,""mean"":24000},""L"":{""n"":6,""min"":7918,""median"":10046,""p90"":18831,""max"":18831,""mean"":11077.833333333334}}","{""all"":{""n"":30,""min"":7652,""median"":20426,""p90"":24000,""max"":24000,""mean"":17836.7},""W"":{""n"":9,""min"":7652,""median"":10472,""p90"":20525,""max"":20525,""mean"":12998.333333333334},""D"":{""n"":13,""min"":24000,""median"":24000,""p90"":24000,""max"":24000,""mean"":24000},""L"":{""n"":8,""min"":8310,""median"":13164,""p90"":20286,""max"":20286,""mean"":13264.5}}"
"v2_minus_disabled","v6","opponentCountryDirection","pinned_supalosa/Americans/0","30","disabled","separated_lanes_v2","8","9","13","6","12","12","0.4166666666666667","0.4","0.26666666666666666","0.2","0.17730429246164628","0.12312049277120735","-0.016666666666666666","-0.06666666666666667","{""baseline_win"":13,""candidate_win"":8,""engine_nonliteral_termination_draw"":1,""tick_cap_draw"":8}","{""baseline_win"":12,""candidate_win"":6,""engine_nonliteral_termination_draw"":1,""tick_cap_draw"":11}","{""all"":{""n"":30,""min"":6064,""median"":10936,""p90"":24000,""max"":24000,""mean"":14194.6},""W"":{""n"":8,""min"":7096,""median"":9442,""p90"":19489,""max"":19489,""mean"":10919.875},""D"":{""n"":9,""min"":17832,""median"":24000,""p90"":24000,""max"":24000,""mean"":23314.666666666668},""L"":{""n"":13,""min"":6064,""median"":7962,""p90"":17635,""max"":18927,""mean"":9895.923076923076}}","{""all"":{""n"":30,""min"":5872,""median"":19594,""p90"":24000,""max"":24000,""mean"":16822.8},""W"":{""n"":6,""min"":6718,""median"":18411,""p90"":20015,""max"":20015,""mean"":15934.5},""D"":{""n"":12,""min"":17832,""median"":24000,""p90"":24000,""max"":24000,""mean"":23486},""L"":{""n"":12,""min"":5872,""median"":8092,""p90"":19594,""max"":20537,""mean"":10603.75}}"
"v2_minus_disabled","v6","opponentCountryDirection","pinned_supalosa/Americans/1","30","disabled","separated_lanes_v2","18","6","6","11","10","9","0.7","0.5333333333333333","0.6","0.36666666666666664","0.4830779037399071","0.2635816922512699","-0.16666666666666666","-0.23333333333333334","{""baseline_win"":6,""candidate_win"":18,""engine_nonliteral_termination_draw"":2,""tick_cap_draw"":4}","{""baseline_win"":9,""candidate_win"":11,""tick_cap_draw"":10}","{""all"":{""n"":30,""min"":5662,""median"":13606,""p90"":24000,""max"":24000,""mean"":15155.666666666666},""W"":{""n"":18,""min"":9232,""median"":13606,""p90"":21164,""max"":21315,""mean"":14782.166666666666},""D"":{""n"":6,""min"":21642,""median"":24000,""p90"":24000,""max"":24000,""mean"":23571.5},""L"":{""n"":6,""min"":5662,""median"":7006,""p90"":11556,""max"":11556,""mean"":7860.333333333333}}","{""all"":{""n"":30,""min"":5938,""median"":18713,""p90"":24000,""max"":24000,""mean"":16967.3},""W"":{""n"":11,""min"":11146,""median"":18450,""p90"":20756,""max"":22249,""mean"":17003.636363636364},""D"":{""n"":10,""min"":24000,""median"":24000,""p90"":24000,""max"":24000,""mean"":24000},""L"":{""n"":9,""min"":5938,""median"":7663,""p90"":15460,""max"":15460,""mean"":9108.777777777777}}"
"v2_minus_disabled","v6","opponentCountryDirection","ra2web_advanced/Africans/0","20","disabled","separated_lanes_v2","4","15","1","3","14","3","0.575","0.5","0.2","0.15","0.11024848763714991","0.07467301975322671","-0.075","-0.05","{""baseline_win"":1,""candidate_win"":4,""tick_cap_draw"":15}","{""baseline_win"":3,""candidate_win"":3,""tick_cap_draw"":14}","{""all"":{""n"":20,""min"":7110,""median"":24000,""p90"":24000,""max"":24000,""mean"":21870.75},""W"":{""n"":4,""min"":7110,""median"":18795,""p90"":20464,""max"":20464,""mean"":13386.25},""D"":{""n"":15,""min"":24000,""median"":24000,""p90"":24000,""max"":24000,""mean"":24000},""L"":{""n"":1,""min"":23870,""median"":23870,""p90"":23870,""max"":23870,""mean"":23870}}","{""all"":{""n"":20,""min"":10344,""median"":24000,""p90"":24000,""max"":24000,""mean"":21726.15},""W"":{""n"":3,""min"":10344,""median"":19009,""p90"":20217,""max"":20217,""mean"":16523.333333333332},""D"":{""n"":14,""min"":24000,""median"":24000,""p90"":24000,""max"":24000,""mean"":24000},""L"":{""n"":3,""min"":11566,""median"":13881,""p90"":23506,""max"":23506,""mean"":16317.666666666666}}"
"v2_minus_disabled","v6","opponentCountryDirection","ra2web_advanced/Africans/1","20","disabled","separated_lanes_v2","5","15","0","1","19","0","0.625","0.525","0.25","0.05","0.14818790611051605","0.015078196553383891","-0.1","-0.2","{""candidate_win"":5,""tick_cap_draw"":15}","{""candidate_win"":1,""tick_cap_draw"":19}","{""all"":{""n"":20,""min"":8997,""median"":24000,""p90"":24000,""max"":24000,""mean"":20723.35},""W"":{""n"":5,""min"":8997,""median"":10292,""p90"":13401,""max"":13401,""mean"":10893.4},""D"":{""n"":15,""min"":24000,""median"":24000,""p90"":24000,""max"":24000,""mean"":24000},""L"":null}","{""all"":{""n"":20,""min"":17944,""median"":24000,""p90"":24000,""max"":24000,""mean"":23697.2},""W"":{""n"":1,""min"":17944,""median"":17944,""p90"":17944,""max"":17944,""mean"":17944},""D"":{""n"":19,""min"":24000,""median"":24000,""p90"":24000,""max"":24000,""mean"":24000},""L"":null}"
"v2_minus_disabled","v6","opponentCountryDirection","ra2web_advanced/Americans/0","20","disabled","separated_lanes_v2","3","2","15","3","1","16","0.2","0.175","0.15","0.15","0.07467301975322671","0.07467301975322671","-0.025","0","{""baseline_win"":15,""candidate_win"":3,""tick_cap_draw"":2}","{""baseline_win"":16,""candidate_win"":3,""tick_cap_draw"":1}","{""all"":{""n"":20,""min"":7894,""median"":18131,""p90"":24000,""max"":24000,""mean"":16948.45},""W"":{""n"":3,""min"":7894,""median"":9443,""p90"":19961,""max"":19961,""mean"":12432.666666666666},""D"":{""n"":2,""min"":24000,""median"":24000,""p90"":24000,""max"":24000,""mean"":24000},""L"":{""n"":15,""min"":12085,""median"":17884,""p90"":21419,""max"":21997,""mean"":16911.4}}","{""all"":{""n"":20,""min"":7474,""median"":19356,""p90"":23512,""max"":24000,""mean"":18448.95},""W"":{""n"":3,""min"":7474,""median"":7810,""p90"":18136,""max"":18136,""mean"":11140},""D"":{""n"":1,""min"":24000,""median"":24000,""p90"":24000,""max"":24000,""mean"":24000},""L"":{""n"":16,""min"":13032,""median"":19409,""p90"":23191,""max"":23512,""mean"":19472.4375}}"
"v2_minus_disabled","v6","opponentCountryDirection","ra2web_advanced/Americans/1","20","disabled","separated_lanes_v2","12","7","1","8","8","4","0.775","0.6","0.6","0.4","0.4572430242920638","0.27242042011421685","-0.175","-0.2","{""baseline_win"":1,""candidate_win"":12,""tick_cap_draw"":7}","{""baseline_win"":4,""candidate_win"":8,""tick_cap_draw"":8}","{""all"":{""n"":20,""min"":9904,""median"":18620,""p90"":24000,""max"":24000,""mean"":18440.1},""W"":{""n"":12,""min"":9904,""median"":16834,""p90"":18620,""max"":19880,""mean"":14945.75},""D"":{""n"":7,""min"":24000,""median"":24000,""p90"":24000,""max"":24000,""mean"":24000},""L"":{""n"":1,""min"":21453,""median"":21453,""p90"":21453,""max"":21453,""mean"":21453}}","{""all"":{""n"":20,""min"":11440,""median"":23096,""p90"":24000,""max"":24000,""mean"":20308.25},""W"":{""n"":8,""min"":11440,""median"":15843,""p90"":20660,""max"":20660,""mean"":15972.875},""D"":{""n"":8,""min"":24000,""median"":24000,""p90"":24000,""max"":24000,""mean"":24000},""L"":{""n"":4,""min"":19771,""median"":23096,""p90"":23350,""max"":23350,""mean"":21595.5}}"
"v2_minus_disabled","v5","populations","overall","200","disabled","separated_lanes_v2","69","82","49","49","92","59","0.55","0.475","0.345","0.245","0.3033421145706862","0.20820625395670245","-0.075","-0.1","{""baseline_win"":49,""candidate_win"":69,""engine_nonliteral_termination_draw"":4,""tick_cap_draw"":78}","{""baseline_win"":59,""candidate_win"":49,""engine_nonliteral_termination_draw"":1,""tick_cap_draw"":91}","{""all"":{""n"":200,""min"":5662,""median"":19880,""p90"":24000,""max"":24000,""mean"":17515.325},""W"":{""n"":69,""min"":7096,""median"":11296,""p90"":20249,""max"":21315,""mean"":13088.550724637682},""D"":{""n"":82,""min"":17832,""median"":24000,""p90"":24000,""max"":24000,""mean"":23868.146341463416},""L"":{""n"":49,""min"":5662,""median"":12085,""p90"":21483,""max"":23870,""mean"":13117.69387755102}}","{""all"":{""n"":200,""min"":5872,""median"":20756,""p90"":24000,""max"":24000,""mean"":18826.875},""W"":{""n"":49,""min"":6718,""median"":15004,""p90"":20426,""max"":22249,""mean"":14744.081632653062},""D"":{""n"":92,""min"":17832,""median"":24000,""p90"":24000,""max"":24000,""mean"":23932.956521739132},""L"":{""n"":59,""min"":5872,""median"":13881,""p90"":22643,""max"":23512,""mean"":14255.64406779661}}"
"v2_minus_disabled","v5","populations","supalosa","120","disabled","separated_lanes_v2","45","43","32","34","50","36","0.5541666666666667","0.49166666666666664","0.375","0.2833333333333333","0.3204089307987089","0.233816863802125","-0.0625","-0.09166666666666666","{""baseline_win"":32,""candidate_win"":45,""engine_nonliteral_termination_draw"":4,""tick_cap_draw"":39}","{""baseline_win"":36,""candidate_win"":34,""engine_nonliteral_termination_draw"":1,""tick_cap_draw"":49}","{""all"":{""n"":120,""min"":5662,""median"":16546,""p90"":24000,""max"":24000,""mean"":16195.1},""W"":{""n"":45,""min"":7096,""median"":10936,""p90"":20856,""max"":21315,""mean"":12854.466666666667},""D"":{""n"":43,""min"":17832,""median"":24000,""p90"":24000,""max"":24000,""mean"":23748.558139534885},""L"":{""n"":32,""min"":5662,""median"":8883,""p90"":18927,""max"":23474,""mean"":10742.90625}}","{""all"":{""n"":120,""min"":5872,""median"":19637,""p90"":24000,""max"":24000,""mean"":17348.033333333333},""W"":{""n"":34,""min"":6718,""median"":14128,""p90"":20426,""max"":22249,""mean"":14521.85294117647},""D"":{""n"":50,""min"":17832,""median"":24000,""p90"":24000,""max"":24000,""mean"":23876.64},""L"":{""n"":36,""min"":5872,""median"":9032,""p90"":18235,""max"":20537,""mean"":10949.694444444445}}"
"v2_minus_disabled","v5","populations","advanced","80","disabled","separated_lanes_v2","24","39","17","15","42","23","0.54375","0.45","0.3","0.1875","0.2389027396739289","0.13807137109455367","-0.09375","-0.1125","{""baseline_win"":17,""candidate_win"":24,""tick_cap_draw"":39}","{""baseline_win"":23,""candidate_win"":15,""tick_cap_draw"":42}","{""all"":{""n"":80,""min"":7110,""median"":23870,""p90"":24000,""max"":24000,""mean"":19495.6625},""W"":{""n"":24,""min"":7110,""median"":11836,""p90"":19880,""max"":20464,""mean"":13527.458333333334},""D"":{""n"":39,""min"":24000,""median"":24000,""p90"":24000,""max"":24000,""mean"":24000},""L"":{""n"":17,""min"":12085,""median"":18131,""p90"":21997,""max"":23870,""mean"":17587.882352941175}}","{""all"":{""n"":80,""min"":7474,""median"":24000,""p90"":24000,""max"":24000,""mean"":21045.1375},""W"":{""n"":15,""min"":7474,""median"":15843,""p90"":20217,""max"":20660,""mean"":15247.8},""D"":{""n"":42,""min"":24000,""median"":24000,""p90"":24000,""max"":24000,""mean"":24000},""L"":{""n"":23,""min"":11566,""median"":19730,""p90"":23350,""max"":23512,""mean"":19430.17391304348}}"
"v2_minus_disabled","v5","strata","pinned_supalosa__hfo-bvb","8","disabled","separated_lanes_v2","4","2","2","3","0","5","0.625","0.375","0.5","0.375","0.2936454286357453","0.19535795103474965","-0.25","-0.125","{""baseline_win"":2,""candidate_win"":4,""tick_cap_draw"":2}","{""baseline_win"":5,""candidate_win"":3}","{""all"":{""n"":8,""min"":9816,""median"":14644,""p90"":24000,""max"":24000,""mean"":16005.25},""W"":{""n"":4,""min"":9816,""median"":14422,""p90"":14644,""max"":14644,""mean"":12413.75},""D"":{""n"":2,""min"":24000,""median"":24000,""p90"":24000,""max"":24000,""mean"":24000},""L"":{""n"":2,""min"":11556,""median"":18831,""p90"":18831,""max"":18831,""mean"":15193.5}}","{""all"":{""n"":8,""min"":11556,""median"":15460,""p90"":20537,""max"":20537,""mean"":15073.875},""W"":{""n"":3,""min"":11556,""median"":14128,""p90"":16510,""max"":16510,""mean"":14064.666666666666},""D"":null,""L"":{""n"":5,""min"":11726,""median"":15460,""p90"":20537,""max"":20537,""mean"":15679.4}}"
"v2_minus_disabled","v5","strata","pinned_supalosa__hfo-corners","8","disabled","separated_lanes_v2","3","2","3","2","5","1","0.5","0.5625","0.375","0.25","0.19535795103474965","0.10887074683495994","0.0625","-0.125","{""baseline_win"":3,""candidate_win"":3,""tick_cap_draw"":2}","{""baseline_win"":1,""candidate_win"":2,""tick_cap_draw"":5}","{""all"":{""n"":8,""min"":7006,""median"":20249,""p90"":24000,""max"":24000,""mean"":16214.5},""W"":{""n"":3,""min"":16546,""median"":20249,""p90"":21114,""max"":21114,""mean"":19303},""D"":{""n"":2,""min"":24000,""median"":24000,""p90"":24000,""max"":24000,""mean"":24000},""L"":{""n"":3,""min"":7006,""median"":7918,""p90"":8883,""max"":8883,""mean"":7935.666666666667}}","{""all"":{""n"":8,""min"":7663,""median"":24000,""p90"":24000,""max"":24000,""mean"":20172.125},""W"":{""n"":2,""min"":13580,""median"":20134,""p90"":20134,""max"":20134,""mean"":16857},""D"":{""n"":5,""min"":24000,""median"":24000,""p90"":24000,""max"":24000,""mean"":24000},""L"":{""n"":1,""min"":7663,""median"":7663,""p90"":7663,""max"":7663,""mean"":7663}}"
"v2_minus_disabled","v5","strata","pinned_supalosa__hfo-corners-b","8","disabled","separated_lanes_v2","2","3","3","1","5","2","0.4375","0.4375","0.25","0.125","0.10887074683495994","0.038176543007959585","0","-0.125","{""baseline_win"":3,""candidate_win"":2,""tick_cap_draw"":3}","{""baseline_win"":2,""candidate_win"":1,""tick_cap_draw"":5}","{""all"":{""n"":8,""min"":6562,""median"":23474,""p90"":24000,""max"":24000,""mean"":17504.25},""W"":{""n"":2,""min"":12616,""median"":17644,""p90"":17644,""max"":17644,""mean"":15130},""D"":{""n"":3,""min"":24000,""median"":24000,""p90"":24000,""max"":24000,""mean"":24000},""L"":{""n"":3,""min"":6562,""median"":7738,""p90"":23474,""max"":23474,""mean"":12591.333333333334}}","{""all"":{""n"":8,""min"":6538,""median"":24000,""p90"":24000,""max"":24000,""mean"":18441.5},""W"":{""n"":1,""min"":13376,""median"":13376,""p90"":13376,""max"":13376,""mean"":13376},""D"":{""n"":5,""min"":24000,""median"":24000,""p90"":24000,""max"":24000,""mean"":24000},""L"":{""n"":2,""min"":6538,""median"":7618,""p90"":7618,""max"":7618,""mean"":7078}}"
"v2_minus_disabled","v5","strata","pinned_supalosa__hfo-corners-b-golden","8","disabled","separated_lanes_v2","4","1","3","2","1","5","0.5625","0.3125","0.5","0.25","0.2936454286357453","0.10887074683495994","-0.25","-0.25","{""baseline_win"":3,""candidate_win"":4,""tick_cap_draw"":1}","{""baseline_win"":5,""candidate_win"":2,""tick_cap_draw"":1}","{""all"":{""n"":8,""min"":6454,""median"":8785,""p90"":24000,""max"":24000,""mean"":10584.375},""W"":{""n"":4,""min"":8077,""median"":10036,""p90"":10936,""max"":10936,""mean"":9317.75},""D"":{""n"":1,""min"":24000,""median"":24000,""p90"":24000,""max"":24000,""mean"":24000},""L"":{""n"":3,""min"":6454,""median"":8165,""p90"":8785,""max"":8785,""mean"":7801.333333333333}}","{""all"":{""n"":8,""min"":6730,""median"":16938,""p90"":24000,""max"":24000,""mean"":14425.625},""W"":{""n"":2,""min"":11146,""median"":20015,""p90"":20015,""max"":20015,""mean"":15580.5},""D"":{""n"":1,""min"":24000,""median"":24000,""p90"":24000,""max"":24000,""mean"":24000},""L"":{""n"":5,""min"":6730,""median"":8606,""p90"":20286,""max"":20286,""mean"":12048.8}}"
"v2_minus_disabled","v5","strata","pinned_supalosa__hfo-golden","8","disabled","separated_lanes_v2","4","2","2","3","2","3","0.625","0.5","0.5","0.375","0.2936454286357453","0.19535795103474965","-0.125","-0.125","{""baseline_win"":2,""candidate_win"":4,""tick_cap_draw"":2}","{""baseline_win"":3,""candidate_win"":3,""tick_cap_draw"":2}","{""all"":{""n"":8,""min"":7096,""median"":11680,""p90"":24000,""max"":24000,""mean"":13331.25},""W"":{""n"":4,""min"":7096,""median"":11680,""p90"":11844,""max"":11844,""mean"":10317},""D"":{""n"":2,""min"":24000,""median"":24000,""p90"":24000,""max"":24000,""mean"":24000},""L"":{""n"":2,""min"":7962,""median"":9420,""p90"":9420,""max"":9420,""mean"":8691}}","{""all"":{""n"":8,""min"":7330,""median"":12490,""p90"":24000,""max"":24000,""mean"":13896.25},""W"":{""n"":3,""min"":9575,""median"":12490,""p90"":13577,""max"":13577,""mean"":11880.666666666666},""D"":{""n"":2,""min"":24000,""median"":24000,""p90"":24000,""max"":24000,""mean"":24000},""L"":{""n"":3,""min"":7330,""median"":8310,""p90"":11888,""max"":11888,""mean"":9176}}"
"v2_minus_disabled","v5","strata","pinned_supalosa__hfo-le","8","disabled","separated_lanes_v2","4","2","2","2","4","2","0.625","0.5","0.5","0.25","0.2936454286357453","0.10887074683495994","-0.125","-0.25","{""baseline_win"":2,""candidate_win"":4,""tick_cap_draw"":2}","{""baseline_win"":2,""candidate_win"":2,""tick_cap_draw"":4}","{""all"":{""n"":8,""min"":7420,""median"":9706,""p90"":24000,""max"":24000,""mean"":12827.875},""W"":{""n"":4,""min"":9538,""median"":9706,""p90"":10903,""max"":10903,""mean"":9933.25},""D"":{""n"":2,""min"":24000,""median"":24000,""p90"":24000,""max"":24000,""mean"":24000},""L"":{""n"":2,""min"":7420,""median"":7470,""p90"":7470,""max"":7470,""mean"":7445}}","{""all"":{""n"":8,""min"":8092,""median"":24000,""p90"":24000,""max"":24000,""mean"":17734.375},""W"":{""n"":2,""min"":14459,""median"":15160,""p90"":15160,""max"":15160,""mean"":14809.5},""D"":{""n"":4,""min"":24000,""median"":24000,""p90"":24000,""max"":24000,""mean"":24000},""L"":{""n"":2,""min"":8092,""median"":8164,""p90"":8164,""max"":8164,""mean"":8128}}"
"v2_minus_disabled","v5","strata","pinned_supalosa__hfo-lvl","8","disabled","separated_lanes_v2","4","1","3","4","1","3","0.5625","0.5625","0.5","0.5","0.2936454286357453","0.2936454286357453","0","0","{""baseline_win"":3,""candidate_win"":4,""tick_cap_draw"":1}","{""baseline_win"":3,""candidate_win"":4,""tick_cap_draw"":1}","{""all"":{""n"":8,""min"":8918,""median"":21164,""p90"":24000,""max"":24000,""mean"":18955.375},""W"":{""n"":4,""min"":14396,""median"":20204,""p90"":21164,""max"":21164,""mean"":18813.25},""D"":{""n"":1,""min"":24000,""median"":24000,""p90"":24000,""max"":24000,""mean"":24000},""L"":{""n"":3,""min"":8918,""median"":21483,""p90"":21989,""max"":21989,""mean"":17463.333333333332}}","{""all"":{""n"":8,""min"":8044,""median"":20088,""p90"":24000,""max"":24000,""mean"":17000},""W"":{""n"":4,""min"":19637,""median"":20107,""p90"":20426,""max"":20426,""mean"":20064.5},""D"":{""n"":1,""min"":24000,""median"":24000,""p90"":24000,""max"":24000,""mean"":24000},""L"":{""n"":3,""min"":8044,""median"":8918,""p90"":14780,""max"":14780,""mean"":10580.666666666666}}"
"v2_minus_disabled","v5","strata","pinned_supalosa__hfo-original","8","disabled","separated_lanes_v2","3","2","3","2","3","3","0.5","0.4375","0.375","0.25","0.19535795103474965","0.10887074683495994","-0.0625","-0.125","{""baseline_win"":3,""candidate_win"":3,""tick_cap_draw"":2}","{""baseline_win"":3,""candidate_win"":2,""tick_cap_draw"":3}","{""all"":{""n"":8,""min"":7384,""median"":13606,""p90"":24000,""max"":24000,""mean"":15168.5},""W"":{""n"":3,""min"":10958,""median"":13606,""p90"":19267,""max"":19267,""mean"":14610.333333333334},""D"":{""n"":2,""min"":24000,""median"":24000,""p90"":24000,""max"":24000,""mean"":24000},""L"":{""n"":3,""min"":7384,""median"":10046,""p90"":12087,""max"":12087,""mean"":9839}}","{""all"":{""n"":8,""min"":7582,""median"":22249,""p90"":24000,""max"":24000,""mean"":17237.5},""W"":{""n"":2,""min"":9717,""median"":22249,""p90"":22249,""max"":22249,""mean"":15983},""D"":{""n"":3,""min"":24000,""median"":24000,""p90"":24000,""max"":24000,""mean"":24000},""L"":{""n"":3,""min"":7582,""median"":11791,""p90"":14561,""max"":14561,""mean"":11311.333333333334}}"
"v2_minus_disabled","v5","strata","pinned_supalosa__hfo-rvr","8","disabled","separated_lanes_v2","3","4","1","1","6","1","0.625","0.5","0.375","0.125","0.19535795103474965","0.038176543007959585","-0.125","-0.25","{""baseline_win"":1,""candidate_win"":3,""tick_cap_draw"":4}","{""baseline_win"":1,""candidate_win"":1,""tick_cap_draw"":6}","{""all"":{""n"":8,""min"":8608,""median"":24000,""p90"":24000,""max"":24000,""mean"":20697.625},""W"":{""n"":3,""min"":8608,""median"":20856,""p90"":21190,""max"":21190,""mean"":16884.666666666668},""D"":{""n"":4,""min"":24000,""median"":24000,""p90"":24000,""max"":24000,""mean"":24000},""L"":{""n"":1,""min"":18927,""median"":18927,""p90"":18927,""max"":18927,""mean"":18927}}","{""all"":{""n"":8,""min"":18450,""median"":24000,""p90"":24000,""max"":24000,""mean"":22755.5},""W"":{""n"":1,""min"":18450,""median"":18450,""p90"":18450,""max"":18450,""mean"":18450},""D"":{""n"":6,""min"":24000,""median"":24000,""p90"":24000,""max"":24000,""mean"":24000},""L"":{""n"":1,""min"":19594,""median"":19594,""p90"":19594,""max"":19594,""mean"":19594}}"
"v2_minus_disabled","v5","strata","pinned_supalosa__hfo-tvt","8","disabled","separated_lanes_v2","4","4","0","3","5","0","0.75","0.6875","0.5","0.375","0.2936454286357453","0.19535795103474965","-0.0625","-0.125","{""candidate_win"":4,""tick_cap_draw"":4}","{""candidate_win"":3,""tick_cap_draw"":5}","{""all"":{""n"":8,""min"":7870,""median"":24000,""p90"":24000,""max"":24000,""mean"":18302.375},""W"":{""n"":4,""min"":7870,""median"":12002,""p90"":21315,""max"":21315,""mean"":12604.75},""D"":{""n"":4,""min"":24000,""median"":24000,""p90"":24000,""max"":24000,""mean"":24000},""L"":null}","{""all"":{""n"":8,""min"":6718,""median"":24000,""p90"":24000,""max"":24000,""mean"":20999.875},""W"":{""n"":3,""min"":6718,""median"":20525,""p90"":20756,""max"":20756,""mean"":15999.666666666666},""D"":{""n"":5,""min"":24000,""median"":24000,""p90"":24000,""max"":24000,""mean"":24000},""L"":null}"
"v2_minus_disabled","v5","strata","pinned_supalosa__pacific-heights","8","disabled","separated_lanes_v2","6","2","0","4","2","2","0.875","0.625","0.75","0.5","0.5237063285891094","0.2936454286357453","-0.25","-0.25","{""candidate_win"":6,""tick_cap_draw"":2}","{""baseline_win"":2,""candidate_win"":4,""tick_cap_draw"":2}","{""all"":{""n"":8,""min"":9274,""median"":10792,""p90"":24000,""max"":24000,""mean"":13775.5},""W"":{""n"":6,""min"":9274,""median"":9797,""p90"":13450,""max"":13450,""mean"":10367.333333333334},""D"":{""n"":2,""min"":24000,""median"":24000,""p90"":24000,""max"":24000,""mean"":24000},""L"":null}","{""all"":{""n"":8,""min"":9045,""median"":16698,""p90"":24000,""max"":24000,""mean"":15652.875},""W"":{""n"":4,""min"":9507,""median"":16698,""p90"":18411,""max"":18411,""mean"":13772},""D"":{""n"":2,""min"":24000,""median"":24000,""p90"":24000,""max"":24000,""mean"":24000},""L"":{""n"":2,""min"":9045,""median"":13090,""p90"":13090,""max"":13090,""mean"":11067.5}}"
"v2_minus_disabled","v5","strata","pinned_supalosa__peak","8","disabled","separated_lanes_v2","3","5","0","5","3","0","0.6875","0.8125","0.375","0.625","0.19535795103474965","0.4027757419118244","0.125","0.25","{""candidate_win"":3,""tick_cap_draw"":5}","{""candidate_win"":5,""tick_cap_draw"":3}","{""all"":{""n"":8,""min"":9441,""median"":24000,""p90"":24000,""max"":24000,""mean"":18794.625},""W"":{""n"":3,""min"":9441,""median"":9458,""p90"":11458,""max"":11458,""mean"":10119},""D"":{""n"":5,""min"":24000,""median"":24000,""p90"":24000,""max"":24000,""mean"":24000},""L"":null}","{""all"":{""n"":8,""min"":8420,""median"":18713,""p90"":24000,""max"":24000,""mean"":16284.125},""W"":{""n"":5,""min"":8420,""median"":10078,""p90"":18713,""max"":18713,""mean"":11654.6},""D"":{""n"":3,""min"":24000,""median"":24000,""p90"":24000,""max"":24000,""mean"":24000},""L"":null}"
"v2_minus_disabled","v5","strata","pinned_supalosa__south-pacific","8","disabled","separated_lanes_v2","0","6","2","0","6","2","0.375","0.375","0","0","0","0","0","0","{""baseline_win"":2,""engine_nonliteral_termination_draw"":2,""tick_cap_draw"":4}","{""baseline_win"":2,""engine_nonliteral_termination_draw"":1,""tick_cap_draw"":5}","{""all"":{""n"":8,""min"":9438,""median"":24000,""p90"":24000,""max"":24000,""mean"":19737.125},""W"":null,""D"":{""n"":6,""min"":17832,""median"":24000,""p90"":24000,""max"":24000,""mean"":22936.5},""L"":{""n"":2,""min"":9438,""median"":10840,""p90"":10840,""max"":10840,""mean"":10139}}","{""all"":{""n"":8,""min"":9438,""median"":24000,""p90"":24000,""max"":24000,""mean"":19763.75},""W"":null,""D"":{""n"":6,""min"":17832,""median"":24000,""p90"":24000,""max"":24000,""mean"":22972},""L"":{""n"":2,""min"":9438,""median"":10840,""p90"":10840,""max"":10840,""mean"":10139}}"
"v2_minus_disabled","v5","strata","pinned_supalosa__south-pacific-2","8","disabled","separated_lanes_v2","0","6","2","0","7","1","0.375","0.4375","0","0","0","0","0.0625","0","{""baseline_win"":2,""engine_nonliteral_termination_draw"":2,""tick_cap_draw"":4}","{""baseline_win"":1,""tick_cap_draw"":7}","{""all"":{""n"":8,""min"":13501,""median"":24000,""p90"":24000,""max"":24000,""mean"":21338.125},""W"":null,""D"":{""n"":6,""min"":21642,""median"":24000,""p90"":24000,""max"":24000,""mean"":23261.5},""L"":{""n"":2,""min"":13501,""median"":17635,""p90"":17635,""max"":17635,""mean"":15568}}","{""all"":{""n"":8,""min"":18235,""median"":24000,""p90"":24000,""max"":24000,""mean"":23279.375},""W"":null,""D"":{""n"":7,""min"":24000,""median"":24000,""p90"":24000,""max"":24000,""mean"":24000},""L"":{""n"":1,""min"":18235,""median"":18235,""p90"":18235,""max"":18235,""mean"":18235}}"
"v2_minus_disabled","v5","strata","pinned_supalosa__tour-of-egypt","8","disabled","separated_lanes_v2","1","1","6","2","0","6","0.1875","0.25","0.125","0.25","0.038176543007959585","0.10887074683495994","0.0625","0.125","{""baseline_win"":6,""candidate_win"":1,""tick_cap_draw"":1}","{""baseline_win"":6,""candidate_win"":2}","{""all"":{""n"":8,""min"":5662,""median"":7960,""p90"":24000,""max"":24000,""mean"":9689.75},""W"":{""n"":1,""min"":9637,""median"":9637,""p90"":9637,""max"":9637,""mean"":9637},""D"":{""n"":1,""min"":24000,""median"":24000,""p90"":24000,""max"":24000,""mean"":24000},""L"":{""n"":6,""min"":5662,""median"":7197,""p90"":9922,""max"":9922,""mean"":7313.5}}","{""all"":{""n"":8,""min"":5872,""median"":7652,""p90"":9032,""max"":9032,""mean"":7503.75},""W"":{""n"":2,""min"":7652,""median"":8351,""p90"":8351,""max"":8351,""mean"":8001.5},""D"":null,""L"":{""n"":6,""min"":5872,""median"":7619,""p90"":9032,""max"":9032,""mean"":7337.833333333333}}"
"v2_minus_disabled","v5","strata","ra2web_advanced__hfo-bvb","8","disabled","separated_lanes_v2","3","4","1","1","4","3","0.625","0.375","0.375","0.125","0.19535795103474965","0.038176543007959585","-0.25","-0.25","{""baseline_win"":1,""candidate_win"":3,""tick_cap_draw"":4}","{""baseline_win"":3,""candidate_win"":1,""tick_cap_draw"":4}","{""all"":{""n"":8,""min"":8997,""median"":24000,""p90"":24000,""max"":24000,""mean"":17234.75},""W"":{""n"":3,""min"":8997,""median"":9443,""p90"":10053,""max"":10053,""mean"":9497.666666666666},""D"":{""n"":4,""min"":24000,""median"":24000,""p90"":24000,""max"":24000,""mean"":24000},""L"":{""n"":1,""min"":13385,""median"":13385,""p90"":13385,""max"":13385,""mean"":13385}}","{""all"":{""n"":8,""min"":18136,""median"":24000,""p90"":24000,""max"":24000,""mean"":22215.125},""W"":{""n"":1,""min"":18136,""median"":18136,""p90"":18136,""max"":18136,""mean"":18136},""D"":{""n"":4,""min"":24000,""median"":24000,""p90"":24000,""max"":24000,""mean"":24000},""L"":{""n"":3,""min"":19771,""median"":20308,""p90"":23506,""max"":23506,""mean"":21195}}"
"v2_minus_disabled","v5","strata","ra2web_advanced__hfo-corners","8","disabled","separated_lanes_v2","0","6","2","1","5","2","0.375","0.4375","0","0.125","0","0.038176543007959585","0.0625","0.125","{""baseline_win"":2,""tick_cap_draw"":6}","{""baseline_win"":2,""candidate_win"":1,""tick_cap_draw"":5}","{""all"":{""n"":8,""min"":12085,""median"":24000,""p90"":24000,""max"":24000,""mean"":21166.5},""W"":null,""D"":{""n"":6,""min"":24000,""median"":24000,""p90"":24000,""max"":24000,""mean"":24000},""L"":{""n"":2,""min"":12085,""median"":13247,""p90"":13247,""max"":13247,""mean"":12666}}","{""all"":{""n"":8,""min"":15843,""median"":24000,""p90"":24000,""max"":24000,""mean"":21866.125},""W"":{""n"":1,""min"":15843,""median"":15843,""p90"":15843,""max"":15843,""mean"":15843},""D"":{""n"":5,""min"":24000,""median"":24000,""p90"":24000,""max"":24000,""mean"":24000},""L"":{""n"":2,""min"":19356,""median"":19730,""p90"":19730,""max"":19730,""mean"":19543}}"
"v2_minus_disabled","v5","strata","ra2web_advanced__hfo-corners-b","8","disabled","separated_lanes_v2","2","6","0","2","6","0","0.625","0.625","0.25","0.25","0.10887074683495994","0.10887074683495994","0","0","{""candidate_win"":2,""tick_cap_draw"":6}","{""candidate_win"":2,""tick_cap_draw"":6}","{""all"":{""n"":8,""min"":9928,""median"":24000,""p90"":24000,""max"":24000,""mean"":21345.25},""W"":{""n"":2,""min"":9928,""median"":16834,""p90"":16834,""max"":16834,""mean"":13381},""D"":{""n"":6,""min"":24000,""median"":24000,""p90"":24000,""max"":24000,""mean"":24000},""L"":null}","{""all"":{""n"":8,""min"":7474,""median"":24000,""p90"":24000,""max"":24000,""mean"":19910.5},""W"":{""n"":2,""min"":7474,""median"":7810,""p90"":7810,""max"":7810,""mean"":7642},""D"":{""n"":6,""min"":24000,""median"":24000,""p90"":24000,""max"":24000,""mean"":24000},""L"":null}"
"v2_minus_disabled","v5","strata","ra2web_advanced__hfo-corners-b-golden","8","disabled","separated_lanes_v2","2","4","2","1","3","4","0.5","0.3125","0.25","0.125","0.10887074683495994","0.038176543007959585","-0.1875","-0.125","{""baseline_win"":2,""candidate_win"":2,""tick_cap_draw"":4}","{""baseline_win"":4,""candidate_win"":1,""tick_cap_draw"":3}","{""all"":{""n"":8,""min"":9904,""median"":24000,""p90"":24000,""max"":24000,""mean"":20517.125},""W"":{""n"":2,""min"":9904,""median"":16204,""p90"":16204,""max"":16204,""mean"":13054},""D"":{""n"":4,""min"":24000,""median"":24000,""p90"":24000,""max"":24000,""mean"":24000},""L"":{""n"":2,""min"":20032,""median"":21997,""p90"":21997,""max"":21997,""mean"":21014.5}}","{""all"":{""n"":8,""min"":10344,""median"":23512,""p90"":24000,""max"":24000,""mean"":21097.5},""W"":{""n"":1,""min"":10344,""median"":10344,""p90"":10344,""max"":10344,""mean"":10344},""D"":{""n"":3,""min"":24000,""median"":24000,""p90"":24000,""max"":24000,""mean"":24000},""L"":{""n"":4,""min"":19409,""median"":23350,""p90"":23512,""max"":23512,""mean"":21609}}"
"v2_minus_disabled","v5","strata","ra2web_advanced__hfo-golden","8","disabled","separated_lanes_v2","3","4","1","2","3","3","0.625","0.4375","0.375","0.25","0.19535795103474965","0.10887074683495994","-0.1875","-0.125","{""baseline_win"":1,""candidate_win"":3,""tick_cap_draw"":4}","{""baseline_win"":3,""candidate_win"":2,""tick_cap_draw"":3}","{""all"":{""n"":8,""min"":7894,""median"":24000,""p90"":24000,""max"":24000,""mean"":19172.75},""W"":{""n"":3,""min"":7894,""median"":11724,""p90"":19880,""max"":19880,""mean"":13166},""D"":{""n"":4,""min"":24000,""median"":24000,""p90"":24000,""max"":24000,""mean"":24000},""L"":{""n"":1,""min"":17884,""median"":17884,""p90"":17884,""max"":17884,""mean"":17884}}","{""all"":{""n"":8,""min"":13881,""median"":18761,""p90"":24000,""max"":24000,""mean"":19227.25},""W"":{""n"":2,""min"":15004,""median"":15442,""p90"":15442,""max"":15442,""mean"":15223},""D"":{""n"":3,""min"":24000,""median"":24000,""p90"":24000,""max"":24000,""mean"":24000},""L"":{""n"":3,""min"":13881,""median"":18730,""p90"":18761,""max"":18761,""mean"":17124}}"
"v2_minus_disabled","v5","strata","ra2web_advanced__hfo-le","8","disabled","separated_lanes_v2","2","3","3","2","4","2","0.4375","0.5","0.25","0.25","0.10887074683495994","0.10887074683495994","0.0625","0","{""baseline_win"":3,""candidate_win"":2,""tick_cap_draw"":3}","{""baseline_win"":2,""candidate_win"":2,""tick_cap_draw"":4}","{""all"":{""n"":8,""min"":18293,""median"":21453,""p90"":24000,""max"":24000,""mean"":21553},""W"":{""n"":2,""min"":18795,""median"":20464,""p90"":20464,""max"":20464,""mean"":19629.5},""D"":{""n"":3,""min"":24000,""median"":24000,""p90"":24000,""max"":24000,""mean"":24000},""L"":{""n"":3,""min"":18293,""median"":21419,""p90"":21453,""max"":21453,""mean"":20388.333333333332}}","{""all"":{""n"":8,""min"":19009,""median"":24000,""p90"":24000,""max"":24000,""mean"":22522.25},""W"":{""n"":2,""min"":19009,""median"":20217,""p90"":20217,""max"":20217,""mean"":19613},""D"":{""n"":4,""min"":24000,""median"":24000,""p90"":24000,""max"":24000,""mean"":24000},""L"":{""n"":2,""min"":21856,""median"":23096,""p90"":23096,""max"":23096,""mean"":22476}}"
"v2_minus_disabled","v5","strata","ra2web_advanced__hfo-lvl","8","disabled","separated_lanes_v2","2","3","3","2","4","2","0.4375","0.5","0.25","0.25","0.10887074683495994","0.10887074683495994","0.0625","0","{""baseline_win"":3,""candidate_win"":2,""tick_cap_draw"":3}","{""baseline_win"":2,""candidate_win"":2,""tick_cap_draw"":4}","{""all"":{""n"":8,""min"":15857,""median"":23870,""p90"":24000,""max"":24000,""mean"":20883.375},""W"":{""n"":2,""min"":18447,""median"":18450,""p90"":18450,""max"":18450,""mean"":18448.5},""D"":{""n"":3,""min"":24000,""median"":24000,""p90"":24000,""max"":24000,""mean"":24000},""L"":{""n"":3,""min"":15857,""median"":18443,""p90"":23870,""max"":23870,""mean"":19390}}","{""all"":{""n"":8,""min"":17007,""median"":24000,""p90"":24000,""max"":24000,""mean"":21292.5},""W"":{""n"":2,""min"":18627,""median"":20660,""p90"":20660,""max"":20660,""mean"":19643.5},""D"":{""n"":4,""min"":24000,""median"":24000,""p90"":24000,""max"":24000,""mean"":24000},""L"":{""n"":2,""min"":17007,""median"":18046,""p90"":18046,""max"":18046,""mean"":17526.5}}"
"v2_minus_disabled","v5","strata","ra2web_advanced__hfo-original","8","disabled","separated_lanes_v2","4","2","2","2","3","3","0.625","0.4375","0.5","0.25","0.2936454286357453","0.10887074683495994","-0.1875","-0.25","{""baseline_win"":2,""candidate_win"":4,""tick_cap_draw"":2}","{""baseline_win"":3,""candidate_win"":2,""tick_cap_draw"":3}","{""all"":{""n"":8,""min"":10292,""median"":18131,""p90"":24000,""max"":24000,""mean"":17419},""W"":{""n"":4,""min"":10292,""median"":17170,""p90"":18620,""max"":18620,""mean"":14870.75},""D"":{""n"":2,""min"":24000,""median"":24000,""p90"":24000,""max"":24000,""mean"":24000},""L"":{""n"":2,""min"":13738,""median"":18131,""p90"":18131,""max"":18131,""mean"":15934.5}}","{""all"":{""n"":8,""min"":11535,""median"":22643,""p90"":24000,""max"":24000,""mean"":19374.875},""W"":{""n"":2,""min"":11535,""median"":19232,""p90"":19232,""max"":19232,""mean"":15383.5},""D"":{""n"":3,""min"":24000,""median"":24000,""p90"":24000,""max"":24000,""mean"":24000},""L"":{""n"":3,""min"":11566,""median"":18023,""p90"":22643,""max"":22643,""mean"":17410.666666666668}}"
"v2_minus_disabled","v5","strata","ra2web_advanced__hfo-rvr","8","disabled","separated_lanes_v2","1","5","2","0","6","2","0.4375","0.375","0.125","0","0.038176543007959585","0","-0.0625","-0.125","{""baseline_win"":2,""candidate_win"":1,""tick_cap_draw"":5}","{""baseline_win"":2,""tick_cap_draw"":6}","{""all"":{""n"":8,""min"":10780,""median"":24000,""p90"":24000,""max"":24000,""mean"":19854.25},""W"":{""n"":1,""min"":10780,""median"":10780,""p90"":10780,""max"":10780,""mean"":10780},""D"":{""n"":5,""min"":24000,""median"":24000,""p90"":24000,""max"":24000,""mean"":24000},""L"":{""n"":2,""min"":12735,""median"":15319,""p90"":15319,""max"":15319,""mean"":14027}}","{""all"":{""n"":8,""min"":13032,""median"":24000,""p90"":24000,""max"":24000,""mean"":22527.875},""W"":null,""D"":{""n"":6,""min"":24000,""median"":24000,""p90"":24000,""max"":24000,""mean"":24000},""L"":{""n"":2,""min"":13032,""median"":23191,""p90"":23191,""max"":23191,""mean"":18111.5}}"
"v2_minus_disabled","v5","strata","ra2web_advanced__hfo-tvt","8","disabled","separated_lanes_v2","5","2","1","2","4","2","0.75","0.5","0.625","0.25","0.4027757419118244","0.10887074683495994","-0.25","-0.375","{""baseline_win"":1,""candidate_win"":5,""tick_cap_draw"":2}","{""baseline_win"":2,""candidate_win"":2,""tick_cap_draw"":4}","{""all"":{""n"":8,""min"":7110,""median"":19961,""p90"":24000,""max"":24000,""mean"":15810.625},""W"":{""n"":5,""min"":7110,""median"":11296,""p90"":19961,""max"":19961,""mean"":11475.8},""D"":{""n"":2,""min"":24000,""median"":24000,""p90"":24000,""max"":24000,""mean"":24000},""L"":{""n"":1,""min"":21106,""median"":21106,""p90"":21106,""max"":21106,""mean"":21106}}","{""all"":{""n"":8,""min"":11440,""median"":24000,""p90"":24000,""max"":24000,""mean"":20417.375},""W"":{""n"":2,""min"":11440,""median"":17944,""p90"":17944,""max"":17944,""mean"":14692},""D"":{""n"":4,""min"":24000,""median"":24000,""p90"":24000,""max"":24000,""mean"":24000},""L"":{""n"":2,""min"":18003,""median"":19952,""p90"":19952,""max"":19952,""mean"":18977.5}}"
"v2_minus_disabled","v5","maps","hfo-bvb","16","disabled","separated_lanes_v2","7","6","3","4","4","8","0.625","0.375","0.4375","0.25","0.29184763573272116","0.13912211071126457","-0.25","-0.1875","{""baseline_win"":3,""candidate_win"":7,""tick_cap_draw"":6}","{""baseline_win"":8,""candidate_win"":4,""tick_cap_draw"":4}","{""all"":{""n"":16,""min"":8997,""median"":14644,""p90"":24000,""max"":24000,""mean"":16620},""W"":{""n"":7,""min"":8997,""median"":10053,""p90"":14644,""max"":14644,""mean"":11164},""D"":{""n"":6,""min"":24000,""median"":24000,""p90"":24000,""max"":24000,""mean"":24000},""L"":{""n"":3,""min"":11556,""median"":13385,""p90"":18831,""max"":18831,""mean"":14590.666666666666}}","{""all"":{""n"":16,""min"":11556,""median"":19771,""p90"":24000,""max"":24000,""mean"":18644.5},""W"":{""n"":4,""min"":11556,""median"":16510,""p90"":18136,""max"":18136,""mean"":15082.5},""D"":{""n"":4,""min"":24000,""median"":24000,""p90"":24000,""max"":24000,""mean"":24000},""L"":{""n"":8,""min"":11726,""median"":19771,""p90"":23506,""max"":23506,""mean"":17747.75}}"
"v2_minus_disabled","v5","maps","hfo-corners","16","disabled","separated_lanes_v2","3","8","5","3","10","3","0.4375","0.5","0.1875","0.1875","0.09400111552644326","0.09400111552644326","0.0625","0","{""baseline_win"":5,""candidate_win"":3,""tick_cap_draw"":8}","{""baseline_win"":3,""candidate_win"":3,""tick_cap_draw"":10}","{""all"":{""n"":16,""min"":7006,""median"":24000,""p90"":24000,""max"":24000,""mean"":18690.5},""W"":{""n"":3,""min"":16546,""median"":20249,""p90"":21114,""max"":21114,""mean"":19303},""D"":{""n"":8,""min"":24000,""median"":24000,""p90"":24000,""max"":24000,""mean"":24000},""L"":{""n"":5,""min"":7006,""median"":8883,""p90"":13247,""max"":13247,""mean"":9827.8}}","{""all"":{""n"":16,""min"":7663,""median"":24000,""p90"":24000,""max"":24000,""mean"":21019.125},""W"":{""n"":3,""min"":13580,""median"":15843,""p90"":20134,""max"":20134,""mean"":16519},""D"":{""n"":10,""min"":24000,""median"":24000,""p90"":24000,""max"":24000,""mean"":24000},""L"":{""n"":3,""min"":7663,""median"":19356,""p90"":19730,""max"":19730,""mean"":15583}}"
"v2_minus_disabled","v5","maps","hfo-corners-b","16","disabled","separated_lanes_v2","4","9","3","3","11","2","0.53125","0.53125","0.25","0.1875","0.13912211071126457","0.09400111552644326","0","-0.0625","{""baseline_win"":3,""candidate_win"":4,""tick_cap_draw"":9}","{""baseline_win"":2,""candidate_win"":3,""tick_cap_draw"":11}","{""all"":{""n"":16,""min"":6562,""median"":24000,""p90"":24000,""max"":24000,""mean"":19424.75},""W"":{""n"":4,""min"":9928,""median"":16834,""p90"":17644,""max"":17644,""mean"":14255.5},""D"":{""n"":9,""min"":24000,""median"":24000,""p90"":24000,""max"":24000,""mean"":24000},""L"":{""n"":3,""min"":6562,""median"":7738,""p90"":23474,""max"":23474,""mean"":12591.333333333334}}","{""all"":{""n"":16,""min"":6538,""median"":24000,""p90"":24000,""max"":24000,""mean"":19176},""W"":{""n"":3,""min"":7474,""median"":7810,""p90"":13376,""max"":13376,""mean"":9553.333333333334},""D"":{""n"":11,""min"":24000,""median"":24000,""p90"":24000,""max"":24000,""mean"":24000},""L"":{""n"":2,""min"":6538,""median"":7618,""p90"":7618,""max"":7618,""mean"":7078}}"
"v2_minus_disabled","v5","maps","hfo-corners-b-golden","16","disabled","separated_lanes_v2","6","5","5","3","4","9","0.53125","0.3125","0.375","0.1875","0.23846779627509276","0.09400111552644326","-0.21875","-0.1875","{""baseline_win"":5,""candidate_win"":6,""tick_cap_draw"":5}","{""baseline_win"":9,""candidate_win"":3,""tick_cap_draw"":4}","{""all"":{""n"":16,""min"":6454,""median"":16204,""p90"":24000,""max"":24000,""mean"":15550.75},""W"":{""n"":6,""min"":8077,""median"":10036,""p90"":16204,""max"":16204,""mean"":10563.166666666666},""D"":{""n"":5,""min"":24000,""median"":24000,""p90"":24000,""max"":24000,""mean"":24000},""L"":{""n"":5,""min"":6454,""median"":8785,""p90"":21997,""max"":21997,""mean"":13086.6}}","{""all"":{""n"":16,""min"":6730,""median"":20165,""p90"":24000,""max"":24000,""mean"":17761.5625},""W"":{""n"":3,""min"":10344,""median"":11146,""p90"":20015,""max"":20015,""mean"":13835},""D"":{""n"":4,""min"":24000,""median"":24000,""p90"":24000,""max"":24000,""mean"":24000},""L"":{""n"":9,""min"":6730,""median"":19409,""p90"":23512,""max"":23512,""mean"":16297.777777777777}}"
"v2_minus_disabled","v5","maps","hfo-golden","16","disabled","separated_lanes_v2","7","6","3","5","5","6","0.625","0.46875","0.4375","0.3125","0.29184763573272116","0.18745912692965838","-0.15625","-0.125","{""baseline_win"":3,""candidate_win"":7,""tick_cap_draw"":6}","{""baseline_win"":6,""candidate_win"":5,""tick_cap_draw"":5}","{""all"":{""n"":16,""min"":7096,""median"":17884,""p90"":24000,""max"":24000,""mean"":16252},""W"":{""n"":7,""min"":7096,""median"":11680,""p90"":19880,""max"":19880,""mean"":11538},""D"":{""n"":6,""min"":24000,""median"":24000,""p90"":24000,""max"":24000,""mean"":24000},""L"":{""n"":3,""min"":7962,""median"":9420,""p90"":17884,""max"":17884,""mean"":11755.333333333334}}","{""all"":{""n"":16,""min"":7330,""median"":15442,""p90"":24000,""max"":24000,""mean"":16561.75},""W"":{""n"":5,""min"":9575,""median"":13577,""p90"":15442,""max"":15442,""mean"":13217.6},""D"":{""n"":5,""min"":24000,""median"":24000,""p90"":24000,""max"":24000,""mean"":24000},""L"":{""n"":6,""min"":7330,""median"":13881,""p90"":18761,""max"":18761,""mean"":13150}}"
"v2_minus_disabled","v5","maps","hfo-le","16","disabled","separated_lanes_v2","6","5","5","4","8","4","0.53125","0.5","0.375","0.25","0.23846779627509276","0.13912211071126457","-0.03125","-0.125","{""baseline_win"":5,""candidate_win"":6,""tick_cap_draw"":5}","{""baseline_win"":4,""candidate_win"":4,""tick_cap_draw"":8}","{""all"":{""n"":16,""min"":7420,""median"":20464,""p90"":24000,""max"":24000,""mean"":17190.4375},""W"":{""n"":6,""min"":9538,""median"":10903,""p90"":20464,""max"":20464,""mean"":13165.333333333334},""D"":{""n"":5,""min"":24000,""median"":24000,""p90"":24000,""max"":24000,""mean"":24000},""L"":{""n"":5,""min"":7420,""median"":18293,""p90"":21453,""max"":21453,""mean"":15211}}","{""all"":{""n"":16,""min"":8092,""median"":24000,""p90"":24000,""max"":24000,""mean"":20128.3125},""W"":{""n"":4,""min"":14459,""median"":19009,""p90"":20217,""max"":20217,""mean"":17211.25},""D"":{""n"":8,""min"":24000,""median"":24000,""p90"":24000,""max"":24000,""mean"":24000},""L"":{""n"":4,""min"":8092,""median"":21856,""p90"":23096,""max"":23096,""mean"":15302}}"
"v2_minus_disabled","v5","maps","hfo-lvl","16","disabled","separated_lanes_v2","6","4","6","6","5","5","0.5","0.53125","0.375","0.375","0.23846779627509276","0.23846779627509276","0.03125","0","{""baseline_win"":6,""candidate_win"":6,""tick_cap_draw"":4}","{""baseline_win"":5,""candidate_win"":6,""tick_cap_draw"":5}","{""all"":{""n"":16,""min"":8918,""median"":21164,""p90"":24000,""max"":24000,""mean"":19919.375},""W"":{""n"":6,""min"":14396,""median"":19489,""p90"":21164,""max"":21164,""mean"":18691.666666666668},""D"":{""n"":4,""min"":24000,""median"":24000,""p90"":24000,""max"":24000,""mean"":24000},""L"":{""n"":6,""min"":8918,""median"":21483,""p90"":23870,""max"":23870,""mean"":18426.666666666668}}","{""all"":{""n"":16,""min"":8044,""median"":20107,""p90"":24000,""max"":24000,""mean"":19146.25},""W"":{""n"":6,""min"":18627,""median"":20107,""p90"":20660,""max"":20660,""mean"":19924.166666666668},""D"":{""n"":5,""min"":24000,""median"":24000,""p90"":24000,""max"":24000,""mean"":24000},""L"":{""n"":5,""min"":8044,""median"":14780,""p90"":18046,""max"":18046,""mean"":13359}}"
"v2_minus_disabled","v5","maps","hfo-original","16","disabled","separated_lanes_v2","7","4","5","4","6","6","0.5625","0.4375","0.4375","0.25","0.29184763573272116","0.13912211071126457","-0.125","-0.1875","{""baseline_win"":5,""candidate_win"":7,""tick_cap_draw"":4}","{""baseline_win"":6,""candidate_win"":4,""tick_cap_draw"":6}","{""all"":{""n"":16,""min"":7384,""median"":17170,""p90"":24000,""max"":24000,""mean"":16293.75},""W"":{""n"":7,""min"":10292,""median"":13606,""p90"":19267,""max"":19267,""mean"":14759.142857142857},""D"":{""n"":4,""min"":24000,""median"":24000,""p90"":24000,""max"":24000,""mean"":24000},""L"":{""n"":5,""min"":7384,""median"":12087,""p90"":18131,""max"":18131,""mean"":12277.2}}","{""all"":{""n"":16,""min"":7582,""median"":22249,""p90"":24000,""max"":24000,""mean"":18306.1875},""W"":{""n"":4,""min"":9717,""median"":19232,""p90"":22249,""max"":22249,""mean"":15683.25},""D"":{""n"":6,""min"":24000,""median"":24000,""p90"":24000,""max"":24000,""mean"":24000},""L"":{""n"":6,""min"":7582,""median"":14561,""p90"":22643,""max"":22643,""mean"":14361}}"
"v2_minus_disabled","v5","maps","hfo-rvr","16","disabled","separated_lanes_v2","4","9","3","1","12","3","0.53125","0.4375","0.25","0.0625","0.13912211071126457","0.01888694640528186","-0.09375","-0.1875","{""baseline_win"":3,""candidate_win"":4,""tick_cap_draw"":9}","{""baseline_win"":3,""candidate_win"":1,""tick_cap_draw"":12}","{""all"":{""n"":16,""min"":8608,""median"":24000,""p90"":24000,""max"":24000,""mean"":20275.9375},""W"":{""n"":4,""min"":8608,""median"":20856,""p90"":21190,""max"":21190,""mean"":15358.5},""D"":{""n"":9,""min"":24000,""median"":24000,""p90"":24000,""max"":24000,""mean"":24000},""L"":{""n"":3,""min"":12735,""median"":15319,""p90"":18927,""max"":18927,""mean"":15660.333333333334}}","{""all"":{""n"":16,""min"":13032,""median"":24000,""p90"":24000,""max"":24000,""mean"":22641.6875},""W"":{""n"":1,""min"":18450,""median"":18450,""p90"":18450,""max"":18450,""mean"":18450},""D"":{""n"":12,""min"":24000,""median"":24000,""p90"":24000,""max"":24000,""mean"":24000},""L"":{""n"":3,""min"":13032,""median"":19594,""p90"":23191,""max"":23191,""mean"":18605.666666666668}}"
"v2_minus_disabled","v5","maps","hfo-tvt","16","disabled","separated_lanes_v2","9","6","1","5","9","2","0.75","0.59375","0.5625","0.3125","0.40521106136564305","0.18745912692965838","-0.15625","-0.25","{""baseline_win"":1,""candidate_win"":9,""tick_cap_draw"":6}","{""baseline_win"":2,""candidate_win"":5,""tick_cap_draw"":9}","{""all"":{""n"":16,""min"":7110,""median"":21106,""p90"":24000,""max"":24000,""mean"":17056.5},""W"":{""n"":9,""min"":7110,""median"":11296,""p90"":21315,""max"":21315,""mean"":11977.555555555555},""D"":{""n"":6,""min"":24000,""median"":24000,""p90"":24000,""max"":24000,""mean"":24000},""L"":{""n"":1,""min"":21106,""median"":21106,""p90"":21106,""max"":21106,""mean"":21106}}","{""all"":{""n"":16,""min"":6718,""median"":24000,""p90"":24000,""max"":24000,""mean"":20708.625},""W"":{""n"":5,""min"":6718,""median"":17944,""p90"":20756,""max"":20756,""mean"":15476.6},""D"":{""n"":9,""min"":24000,""median"":24000,""p90"":24000,""max"":24000,""mean"":24000},""L"":{""n"":2,""min"":18003,""median"":19952,""p90"":19952,""max"":19952,""mean"":18977.5}}"
"v2_minus_disabled","v5","maps","pacific-heights","8","disabled","separated_lanes_v2","6","2","0","4","2","2","0.875","0.625","0.75","0.5","0.5237063285891094","0.2936454286357453","-0.25","-0.25","{""candidate_win"":6,""tick_cap_draw"":2}","{""baseline_win"":2,""candidate_win"":4,""tick_cap_draw"":2}","{""all"":{""n"":8,""min"":9274,""median"":10792,""p90"":24000,""max"":24000,""mean"":13775.5},""W"":{""n"":6,""min"":9274,""median"":9797,""p90"":13450,""max"":13450,""mean"":10367.333333333334},""D"":{""n"":2,""min"":24000,""median"":24000,""p90"":24000,""max"":24000,""mean"":24000},""L"":null}","{""all"":{""n"":8,""min"":9045,""median"":16698,""p90"":24000,""max"":24000,""mean"":15652.875},""W"":{""n"":4,""min"":9507,""median"":16698,""p90"":18411,""max"":18411,""mean"":13772},""D"":{""n"":2,""min"":24000,""median"":24000,""p90"":24000,""max"":24000,""mean"":24000},""L"":{""n"":2,""min"":9045,""median"":13090,""p90"":13090,""max"":13090,""mean"":11067.5}}"
"v2_minus_disabled","v5","maps","peak","8","disabled","separated_lanes_v2","3","5","0","5","3","0","0.6875","0.8125","0.375","0.625","0.19535795103474965","0.4027757419118244","0.125","0.25","{""candidate_win"":3,""tick_cap_draw"":5}","{""candidate_win"":5,""tick_cap_draw"":3}","{""all"":{""n"":8,""min"":9441,""median"":24000,""p90"":24000,""max"":24000,""mean"":18794.625},""W"":{""n"":3,""min"":9441,""median"":9458,""p90"":11458,""max"":11458,""mean"":10119},""D"":{""n"":5,""min"":24000,""median"":24000,""p90"":24000,""max"":24000,""mean"":24000},""L"":null}","{""all"":{""n"":8,""min"":8420,""median"":18713,""p90"":24000,""max"":24000,""mean"":16284.125},""W"":{""n"":5,""min"":8420,""median"":10078,""p90"":18713,""max"":18713,""mean"":11654.6},""D"":{""n"":3,""min"":24000,""median"":24000,""p90"":24000,""max"":24000,""mean"":24000},""L"":null}"
"v2_minus_disabled","v5","maps","south-pacific","8","disabled","separated_lanes_v2","0","6","2","0","6","2","0.375","0.375","0","0","0","0","0","0","{""baseline_win"":2,""engine_nonliteral_termination_draw"":2,""tick_cap_draw"":4}","{""baseline_win"":2,""engine_nonliteral_termination_draw"":1,""tick_cap_draw"":5}","{""all"":{""n"":8,""min"":9438,""median"":24000,""p90"":24000,""max"":24000,""mean"":19737.125},""W"":null,""D"":{""n"":6,""min"":17832,""median"":24000,""p90"":24000,""max"":24000,""mean"":22936.5},""L"":{""n"":2,""min"":9438,""median"":10840,""p90"":10840,""max"":10840,""mean"":10139}}","{""all"":{""n"":8,""min"":9438,""median"":24000,""p90"":24000,""max"":24000,""mean"":19763.75},""W"":null,""D"":{""n"":6,""min"":17832,""median"":24000,""p90"":24000,""max"":24000,""mean"":22972},""L"":{""n"":2,""min"":9438,""median"":10840,""p90"":10840,""max"":10840,""mean"":10139}}"
"v2_minus_disabled","v5","maps","south-pacific-2","8","disabled","separated_lanes_v2","0","6","2","0","7","1","0.375","0.4375","0","0","0","0","0.0625","0","{""baseline_win"":2,""engine_nonliteral_termination_draw"":2,""tick_cap_draw"":4}","{""baseline_win"":1,""tick_cap_draw"":7}","{""all"":{""n"":8,""min"":13501,""median"":24000,""p90"":24000,""max"":24000,""mean"":21338.125},""W"":null,""D"":{""n"":6,""min"":21642,""median"":24000,""p90"":24000,""max"":24000,""mean"":23261.5},""L"":{""n"":2,""min"":13501,""median"":17635,""p90"":17635,""max"":17635,""mean"":15568}}","{""all"":{""n"":8,""min"":18235,""median"":24000,""p90"":24000,""max"":24000,""mean"":23279.375},""W"":null,""D"":{""n"":7,""min"":24000,""median"":24000,""p90"":24000,""max"":24000,""mean"":24000},""L"":{""n"":1,""min"":18235,""median"":18235,""p90"":18235,""max"":18235,""mean"":18235}}"
"v2_minus_disabled","v5","maps","tour-of-egypt","8","disabled","separated_lanes_v2","1","1","6","2","0","6","0.1875","0.25","0.125","0.25","0.038176543007959585","0.10887074683495994","0.0625","0.125","{""baseline_win"":6,""candidate_win"":1,""tick_cap_draw"":1}","{""baseline_win"":6,""candidate_win"":2}","{""all"":{""n"":8,""min"":5662,""median"":7960,""p90"":24000,""max"":24000,""mean"":9689.75},""W"":{""n"":1,""min"":9637,""median"":9637,""p90"":9637,""max"":9637,""mean"":9637},""D"":{""n"":1,""min"":24000,""median"":24000,""p90"":24000,""max"":24000,""mean"":24000},""L"":{""n"":6,""min"":5662,""median"":7197,""p90"":9922,""max"":9922,""mean"":7313.5}}","{""all"":{""n"":8,""min"":5872,""median"":7652,""p90"":9032,""max"":9032,""mean"":7503.75},""W"":{""n"":2,""min"":7652,""median"":8351,""p90"":8351,""max"":8351,""mean"":8001.5},""D"":null,""L"":{""n"":6,""min"":5872,""median"":7619,""p90"":9032,""max"":9032,""mean"":7337.833333333333}}"
"v2_minus_disabled","v5","countries","Africans","100","disabled","separated_lanes_v2","29","57","14","21","61","18","0.575","0.515","0.29","0.21","0.23561331862811485","0.16269909652925027","-0.06","-0.08","{""baseline_win"":14,""candidate_win"":29,""tick_cap_draw"":57}","{""baseline_win"":18,""candidate_win"":21,""tick_cap_draw"":61}","{""all"":{""n"":100,""min"":7076,""median"":24000,""p90"":24000,""max"":24000,""mean"":19138.6},""W"":{""n"":29,""min"":7110,""median"":10773,""p90"":20464,""max"":21190,""mean"":12207.793103448275},""D"":{""n"":57,""min"":24000,""median"":24000,""p90"":24000,""max"":24000,""mean"":24000},""L"":{""n"":14,""min"":7076,""median"":10840,""p90"":23474,""max"":23870,""mean"":13702.42857142857}}","{""all"":{""n"":100,""min"":7652,""median"":24000,""p90"":24000,""max"":24000,""mean"":19765.28},""W"":{""n"":21,""min"":7652,""median"":11544,""p90"":20217,""max"":20525,""mean"":13267.142857142857},""D"":{""n"":61,""min"":24000,""median"":24000,""p90"":24000,""max"":24000,""mean"":24000},""L"":{""n"":18,""min"":8310,""median"":11888,""p90"":20286,""max"":23506,""mean"":12995.444444444445}}"
"v2_minus_disabled","v5","countries","Americans","100","disabled","separated_lanes_v2","40","25","35","28","31","41","0.525","0.435","0.4","0.28","0.3393212288182525","0.22636950148279011","-0.09","-0.12","{""baseline_win"":35,""candidate_win"":40,""engine_nonliteral_termination_draw"":4,""tick_cap_draw"":21}","{""baseline_win"":41,""candidate_win"":28,""engine_nonliteral_termination_draw"":1,""tick_cap_draw"":30}","{""all"":{""n"":100,""min"":5662,""median"":16546,""p90"":24000,""max"":24000,""mean"":15892.05},""W"":{""n"":40,""min"":7096,""median"":12616,""p90"":20204,""max"":21315,""mean"":13727.1},""D"":{""n"":25,""min"":17832,""median"":24000,""p90"":24000,""max"":24000,""mean"":23567.52},""L"":{""n"":35,""min"":5662,""median"":12735,""p90"":21106,""max"":21997,""mean"":12883.8}}","{""all"":{""n"":100,""min"":5872,""median"":19594,""p90"":24000,""max"":24000,""mean"":17888.47},""W"":{""n"":28,""min"":6718,""median"":16698,""p90"":20660,""max"":22249,""mean"":15851.785714285714},""D"":{""n"":31,""min"":17832,""median"":24000,""p90"":24000,""max"":24000,""mean"":23801.032258064515},""L"":{""n"":41,""min"":5872,""median"":18003,""p90"":22643,""max"":23512,""mean"":14808.90243902439}}"
"v2_minus_disabled","v5","factions","Allied","100","disabled","separated_lanes_v2","40","25","35","28","31","41","0.525","0.435","0.4","0.28","0.3393212288182525","0.22636950148279011","-0.09","-0.12","{""baseline_win"":35,""candidate_win"":40,""engine_nonliteral_termination_draw"":4,""tick_cap_draw"":21}","{""baseline_win"":41,""candidate_win"":28,""engine_nonliteral_termination_draw"":1,""tick_cap_draw"":30}","{""all"":{""n"":100,""min"":5662,""median"":16546,""p90"":24000,""max"":24000,""mean"":15892.05},""W"":{""n"":40,""min"":7096,""median"":12616,""p90"":20204,""max"":21315,""mean"":13727.1},""D"":{""n"":25,""min"":17832,""median"":24000,""p90"":24000,""max"":24000,""mean"":23567.52},""L"":{""n"":35,""min"":5662,""median"":12735,""p90"":21106,""max"":21997,""mean"":12883.8}}","{""all"":{""n"":100,""min"":5872,""median"":19594,""p90"":24000,""max"":24000,""mean"":17888.47},""W"":{""n"":28,""min"":6718,""median"":16698,""p90"":20660,""max"":22249,""mean"":15851.785714285714},""D"":{""n"":31,""min"":17832,""median"":24000,""p90"":24000,""max"":24000,""mean"":23801.032258064515},""L"":{""n"":41,""min"":5872,""median"":18003,""p90"":22643,""max"":23512,""mean"":14808.90243902439}}"
"v2_minus_disabled","v5","factions","Soviet","100","disabled","separated_lanes_v2","29","57","14","21","61","18","0.575","0.515","0.29","0.21","0.23561331862811485","0.16269909652925027","-0.06","-0.08","{""baseline_win"":14,""candidate_win"":29,""tick_cap_draw"":57}","{""baseline_win"":18,""candidate_win"":21,""tick_cap_draw"":61}","{""all"":{""n"":100,""min"":7076,""median"":24000,""p90"":24000,""max"":24000,""mean"":19138.6},""W"":{""n"":29,""min"":7110,""median"":10773,""p90"":20464,""max"":21190,""mean"":12207.793103448275},""D"":{""n"":57,""min"":24000,""median"":24000,""p90"":24000,""max"":24000,""mean"":24000},""L"":{""n"":14,""min"":7076,""median"":10840,""p90"":23474,""max"":23870,""mean"":13702.42857142857}}","{""all"":{""n"":100,""min"":7652,""median"":24000,""p90"":24000,""max"":24000,""mean"":19765.28},""W"":{""n"":21,""min"":7652,""median"":11544,""p90"":20217,""max"":20525,""mean"":13267.142857142857},""D"":{""n"":61,""min"":24000,""median"":24000,""p90"":24000,""max"":24000,""mean"":24000},""L"":{""n"":18,""min"":8310,""median"":11888,""p90"":20286,""max"":23506,""mean"":12995.444444444445}}"
"v2_minus_disabled","v5","slots","0","100","disabled","separated_lanes_v2","31","40","29","21","44","35","0.51","0.43","0.31","0.21","0.2541998982546286","0.16269909652925027","-0.08","-0.1","{""baseline_win"":29,""candidate_win"":31,""engine_nonliteral_termination_draw"":3,""tick_cap_draw"":37}","{""baseline_win"":35,""candidate_win"":21,""engine_nonliteral_termination_draw"":1,""tick_cap_draw"":43}","{""all"":{""n"":100,""min"":6454,""median"":18795,""p90"":24000,""max"":24000,""mean"":17185.22},""W"":{""n"":31,""min"":7110,""median"":11458,""p90"":19880,""max"":21315,""mean"":12985.870967741936},""D"":{""n"":40,""min"":17832,""median"":24000,""p90"":24000,""max"":24000,""mean"":23788.65},""L"":{""n"":29,""min"":6454,""median"":9438,""p90"":21989,""max"":23870,""mean"":12566}}","{""all"":{""n"":100,""min"":5938,""median"":20286,""p90"":24000,""max"":24000,""mean"":18256},""W"":{""n"":21,""min"":7810,""median"":13577,""p90"":19009,""max"":22249,""mean"":14140.857142857143},""D"":{""n"":44,""min"":17832,""median"":24000,""p90"":24000,""max"":24000,""mean"":23859.81818181818},""L"":{""n"":35,""min"":5938,""median"":13090,""p90"":20537,""max"":23191,""mean"":13680.285714285714}}"
"v2_minus_disabled","v5","slots","1","100","disabled","separated_lanes_v2","38","42","20","28","48","24","0.59","0.52","0.38","0.28","0.32020837801802177","0.22636950148279011","-0.07","-0.1","{""baseline_win"":20,""candidate_win"":38,""engine_nonliteral_termination_draw"":1,""tick_cap_draw"":41}","{""baseline_win"":24,""candidate_win"":28,""tick_cap_draw"":48}","{""all"":{""n"":100,""min"":5662,""median"":20204,""p90"":24000,""max"":24000,""mean"":17845.43},""W"":{""n"":38,""min"":7096,""median"":11296,""p90"":20249,""max"":21190,""mean"":13172.315789473685},""D"":{""n"":42,""min"":21642,""median"":24000,""p90"":24000,""max"":24000,""mean"":23943.85714285714},""L"":{""n"":20,""min"":5662,""median"":13385,""p90"":21483,""max"":23474,""mean"":13917.65}}","{""all"":{""n"":100,""min"":5872,""median"":23506,""p90"":24000,""max"":24000,""mean"":19397.75},""W"":{""n"":28,""min"":6718,""median"":15843,""p90"":20525,""max"":20756,""mean"":15196.5},""D"":{""n"":48,""min"":24000,""median"":24000,""p90"":24000,""max"":24000,""mean"":24000},""L"":{""n"":24,""min"":5872,""median"":17510,""p90"":23350,""max"":23512,""mean"":15094.708333333334}}"
"v2_minus_disabled","v5","directions","0","100","disabled","separated_lanes_v2","26","38","36","20","42","38","0.45","0.41","0.26","0.2","0.2079860753672008","0.15377073858613402","-0.04","-0.06","{""baseline_win"":36,""candidate_win"":26,""engine_nonliteral_termination_draw"":1,""tick_cap_draw"":37}","{""baseline_win"":38,""candidate_win"":20,""engine_nonliteral_termination_draw"":1,""tick_cap_draw"":41}","{""all"":{""n"":100,""min"":6064,""median"":19489,""p90"":24000,""max"":24000,""mean"":17293.15},""W"":{""n"":26,""min"":7096,""median"":9816,""p90"":20249,""max"":21114,""mean"":12146.076923076924},""D"":{""n"":38,""min"":17832,""median"":24000,""p90"":24000,""max"":24000,""mean"":23837.684210526317},""L"":{""n"":36,""min"":6064,""median"":13501,""p90"":21989,""max"":23870,""mean"":14102.361111111111}}","{""all"":{""n"":100,""min"":5872,""median"":20015,""p90"":24000,""max"":24000,""mean"":18411.46},""W"":{""n"":20,""min"":6718,""median"":13580,""p90"":20015,""max"":20217,""mean"":13635.4},""D"":{""n"":42,""min"":17832,""median"":24000,""p90"":24000,""max"":24000,""mean"":23853.14285714286},""L"":{""n"":38,""min"":5872,""median"":17007,""p90"":22643,""max"":23512,""mean"":14910.684210526315}}"
"v2_minus_disabled","v5","directions","1","100","disabled","separated_lanes_v2","43","44","13","29","50","21","0.65","0.54","0.43","0.29","0.3681890946354633","0.23561331862811485","-0.11","-0.14","{""baseline_win"":13,""candidate_win"":43,""engine_nonliteral_termination_draw"":3,""tick_cap_draw"":41}","{""baseline_win"":21,""candidate_win"":29,""tick_cap_draw"":50}","{""all"":{""n"":100,""min"":5662,""median"":20204,""p90"":24000,""max"":24000,""mean"":17737.5},""W"":{""n"":43,""min"":8997,""median"":11836,""p90"":20204,""max"":21315,""mean"":13658.418604651162},""D"":{""n"":44,""min"":21642,""median"":24000,""p90"":24000,""max"":24000,""mean"":23894.454545454544},""L"":{""n"":13,""min"":5662,""median"":9420,""p90"":18831,""max"":21453,""mean"":10390.923076923076}}","{""all"":{""n"":100,""min"":5938,""median"":24000,""p90"":24000,""max"":24000,""mean"":19242.29},""W"":{""n"":29,""min"":7652,""median"":15442,""p90"":20660,""max"":22249,""mean"":15508.689655172413},""D"":{""n"":50,""min"":24000,""median"":24000,""p90"":24000,""max"":24000,""mean"":24000},""L"":{""n"":21,""min"":5938,""median"":11888,""p90"":20286,""max"":23350,""mean"":13070.333333333334}}"
"v2_minus_disabled","v5","countryDirection","Africans/0","50","disabled","separated_lanes_v2","15","27","8","11","29","10","0.57","0.51","0.3","0.22","0.22439073162097423","0.1544960365752851","-0.06","-0.08","{""baseline_win"":8,""candidate_win"":15,""tick_cap_draw"":27}","{""baseline_win"":10,""candidate_win"":11,""tick_cap_draw"":29}","{""all"":{""n"":50,""min"":7076,""median"":24000,""p90"":24000,""max"":24000,""mean"":19290.16},""W"":{""n"":15,""min"":7110,""median"":10773,""p90"":20464,""max"":21114,""mean"":12742.733333333334},""D"":{""n"":27,""min"":24000,""median"":24000,""p90"":24000,""max"":24000,""mean"":24000},""L"":{""n"":8,""min"":7076,""median"":21483,""p90"":23870,""max"":23870,""mean"":15670.875}}","{""all"":{""n"":50,""min"":8776,""median"":24000,""p90"":24000,""max"":24000,""mean"":19349.66},""W"":{""n"":11,""min"":9518,""median"":11556,""p90"":19009,""max"":20217,""mean"":13061.90909090909},""D"":{""n"":29,""min"":24000,""median"":24000,""p90"":24000,""max"":24000,""mean"":24000},""L"":{""n"":10,""min"":8776,""median"":11566,""p90"":23506,""max"":23506,""mean"":12780.2}}"
"v2_minus_disabled","v5","countryDirection","Africans/1","50","disabled","separated_lanes_v2","14","30","6","10","32","8","0.58","0.52","0.28","0.2","0.20661997331532897","0.13757222802510888","-0.06","-0.08","{""baseline_win"":6,""candidate_win"":14,""tick_cap_draw"":30}","{""baseline_win"":8,""candidate_win"":10,""tick_cap_draw"":32}","{""all"":{""n"":50,""min"":7918,""median"":24000,""p90"":24000,""max"":24000,""mean"":18987.04},""W"":{""n"":14,""min"":8997,""median"":10903,""p90"":14396,""max"":21190,""mean"":11634.642857142857},""D"":{""n"":30,""min"":24000,""median"":24000,""p90"":24000,""max"":24000,""mean"":24000},""L"":{""n"":6,""min"":7918,""median"":10046,""p90"":18831,""max"":18831,""mean"":11077.833333333334}}","{""all"":{""n"":50,""min"":7652,""median"":24000,""p90"":24000,""max"":24000,""mean"":20180.9},""W"":{""n"":10,""min"":7652,""median"":11544,""p90"":20525,""max"":20525,""mean"":13492.9},""D"":{""n"":32,""min"":24000,""median"":24000,""p90"":24000,""max"":24000,""mean"":24000},""L"":{""n"":8,""min"":8310,""median"":13164,""p90"":20286,""max"":20286,""mean"":13264.5}}"
"v2_minus_disabled","v5","countryDirection","Americans/0","50","disabled","separated_lanes_v2","11","11","28","9","13","28","0.33","0.31","0.22","0.18","0.1544960365752851","0.12091169981100518","-0.02","-0.04","{""baseline_win"":28,""candidate_win"":11,""engine_nonliteral_termination_draw"":1,""tick_cap_draw"":10}","{""baseline_win"":28,""candidate_win"":9,""engine_nonliteral_termination_draw"":1,""tick_cap_draw"":12}","{""all"":{""n"":50,""min"":6064,""median"":15319,""p90"":24000,""max"":24000,""mean"":15296.14},""W"":{""n"":11,""min"":7096,""median"":9442,""p90"":19489,""max"":19961,""mean"":11332.454545454546},""D"":{""n"":11,""min"":17832,""median"":24000,""p90"":24000,""max"":24000,""mean"":23439.272727272728},""L"":{""n"":28,""min"":6064,""median"":13501,""p90"":21106,""max"":21997,""mean"":13654.214285714286}}","{""all"":{""n"":50,""min"":5872,""median"":19356,""p90"":24000,""max"":24000,""mean"":17473.26},""W"":{""n"":9,""min"":6718,""median"":16698,""p90"":20015,""max"":20015,""mean"":14336.333333333334},""D"":{""n"":13,""min"":17832,""median"":24000,""p90"":24000,""max"":24000,""mean"":23525.53846153846},""L"":{""n"":28,""min"":5872,""median"":18235,""p90"":22643,""max"":23512,""mean"":15671.57142857143}}"
"v2_minus_disabled","v5","countryDirection","Americans/1","50","disabled","separated_lanes_v2","29","14","7","19","18","13","0.72","0.56","0.58","0.38","0.48940098225729495","0.2971715799541635","-0.16","-0.2","{""baseline_win"":7,""candidate_win"":29,""engine_nonliteral_termination_draw"":3,""tick_cap_draw"":11}","{""baseline_win"":13,""candidate_win"":19,""tick_cap_draw"":18}","{""all"":{""n"":50,""min"":5662,""median"":17170,""p90"":24000,""max"":24000,""mean"":16487.96},""W"":{""n"":29,""min"":9232,""median"":13606,""p90"":20856,""max"":21315,""mean"":14635.413793103447},""D"":{""n"":14,""min"":21642,""median"":24000,""p90"":24000,""max"":24000,""mean"":23668.285714285714},""L"":{""n"":7,""min"":5662,""median"":7006,""p90"":21453,""max"":21453,""mean"":9802.142857142857}}","{""all"":{""n"":50,""min"":5938,""median"":20134,""p90"":24000,""max"":24000,""mean"":18303.68},""W"":{""n"":19,""min"":11146,""median"":15843,""p90"":20756,""max"":22249,""mean"":16569.63157894737},""D"":{""n"":18,""min"":24000,""median"":24000,""p90"":24000,""max"":24000,""mean"":24000},""L"":{""n"":13,""min"":5938,""median"":11726,""p90"":23096,""max"":23350,""mean"":12950.846153846154}}"
"v2_minus_disabled","v5","opponentCountry","pinned_supalosa/Africans","60","disabled","separated_lanes_v2","20","27","13","17","28","15","0.5583333333333333","0.5166666666666667","0.3333333333333333","0.2833333333333333","0.2606991787230655","0.2153263396944523","-0.041666666666666664","-0.05","{""baseline_win"":13,""candidate_win"":20,""tick_cap_draw"":27}","{""baseline_win"":15,""candidate_win"":17,""tick_cap_draw"":28}","{""all"":{""n"":60,""min"":7076,""median"":21483,""p90"":24000,""max"":24000,""mean"":17699.633333333335},""W"":{""n"":20,""min"":8077,""median"":10903,""p90"":21114,""max"":21190,""mean"":12300.7},""D"":{""n"":27,""min"":24000,""median"":24000,""p90"":24000,""max"":24000,""mean"":24000},""L"":{""n"":13,""min"":7076,""median"":10046,""p90"":21989,""max"":23474,""mean"":12920.307692307691}}","{""all"":{""n"":60,""min"":7652,""median"":20426,""p90"":24000,""max"":24000,""mean"":17801.016666666666},""W"":{""n"":17,""min"":7652,""median"":10472,""p90"":20426,""max"":20525,""mean"":12417.411764705883},""D"":{""n"":28,""min"":24000,""median"":24000,""p90"":24000,""max"":24000,""mean"":24000},""L"":{""n"":15,""min"":8310,""median"":11791,""p90"":17510,""max"":20286,""mean"":12331}}"
"v2_minus_disabled","v5","opponentCountry","pinned_supalosa/Americans","60","disabled","separated_lanes_v2","25","16","19","17","22","21","0.55","0.4666666666666667","0.4166666666666667","0.2833333333333333","0.3383835293528456","0.2153263396944523","-0.08333333333333333","-0.13333333333333333","{""baseline_win"":19,""candidate_win"":25,""engine_nonliteral_termination_draw"":4,""tick_cap_draw"":12}","{""baseline_win"":21,""candidate_win"":17,""engine_nonliteral_termination_draw"":1,""tick_cap_draw"":21}","{""all"":{""n"":60,""min"":5662,""median"":13450,""p90"":24000,""max"":24000,""mean"":14690.566666666668},""W"":{""n"":25,""min"":7096,""median"":11680,""p90"":20856,""max"":21315,""mean"":13297.48},""D"":{""n"":16,""min"":17832,""median"":24000,""p90"":24000,""max"":24000,""mean"":23324.25},""L"":{""n"":19,""min"":5662,""median"":7960,""p90"":17635,""max"":18927,""mean"":9253.105263157895}}","{""all"":{""n"":60,""min"":5872,""median"":18713,""p90"":24000,""max"":24000,""mean"":16895.05},""W"":{""n"":17,""min"":6718,""median"":18411,""p90"":20756,""max"":22249,""mean"":16626.29411764706},""D"":{""n"":22,""min"":17832,""median"":24000,""p90"":24000,""max"":24000,""mean"":23719.636363636364},""L"":{""n"":21,""min"":5872,""median"":7684,""p90"":18235,""max"":20537,""mean"":9963.047619047618}}"
"v2_minus_disabled","v5","opponentCountry","ra2web_advanced/Africans","40","disabled","separated_lanes_v2","9","30","1","4","33","3","0.6","0.5125","0.225","0.1","0.15220998483534723","0.05414418101779652","-0.0875","-0.125","{""baseline_win"":1,""candidate_win"":9,""tick_cap_draw"":30}","{""baseline_win"":3,""candidate_win"":4,""tick_cap_draw"":33}","{""all"":{""n"":40,""min"":7110,""median"":24000,""p90"":24000,""max"":24000,""mean"":21297.05},""W"":{""n"":9,""min"":7110,""median"":10292,""p90"":20464,""max"":20464,""mean"":12001.333333333334},""D"":{""n"":30,""min"":24000,""median"":24000,""p90"":24000,""max"":24000,""mean"":24000},""L"":{""n"":1,""min"":23870,""median"":23870,""p90"":23870,""max"":23870,""mean"":23870}}","{""all"":{""n"":40,""min"":10344,""median"":24000,""p90"":24000,""max"":24000,""mean"":22711.675},""W"":{""n"":4,""min"":10344,""median"":19009,""p90"":20217,""max"":20217,""mean"":16878.5},""D"":{""n"":33,""min"":24000,""median"":24000,""p90"":24000,""max"":24000,""mean"":24000},""L"":{""n"":3,""min"":11566,""median"":13881,""p90"":23506,""max"":23506,""mean"":16317.666666666666}}"
"v2_minus_disabled","v5","opponentCountry","ra2web_advanced/Americans","40","disabled","separated_lanes_v2","15","9","16","11","9","20","0.4875","0.3875","0.375","0.275","0.2836592844391007","0.19475556972393063","-0.1","-0.1","{""baseline_win"":16,""candidate_win"":15,""tick_cap_draw"":9}","{""baseline_win"":20,""candidate_win"":11,""tick_cap_draw"":9}","{""all"":{""n"":40,""min"":7894,""median"":18443,""p90"":24000,""max"":24000,""mean"":17694.275},""W"":{""n"":15,""min"":7894,""median"":16204,""p90"":19880,""max"":19961,""mean"":14443.133333333333},""D"":{""n"":9,""min"":24000,""median"":24000,""p90"":24000,""max"":24000,""mean"":24000},""L"":{""n"":16,""min"":12085,""median"":18131,""p90"":21453,""max"":21997,""mean"":17195.25}}","{""all"":{""n"":40,""min"":7474,""median"":19771,""p90"":24000,""max"":24000,""mean"":19378.6},""W"":{""n"":11,""min"":7474,""median"":15442,""p90"":19232,""max"":20660,""mean"":14654.818181818182},""D"":{""n"":9,""min"":24000,""median"":24000,""p90"":24000,""max"":24000,""mean"":24000},""L"":{""n"":20,""min"":13032,""median"":19771,""p90"":23350,""max"":23512,""mean"":19897.05}}"
"v2_minus_disabled","v5","opponentFaction","pinned_supalosa/Allied","60","disabled","separated_lanes_v2","25","16","19","17","22","21","0.55","0.4666666666666667","0.4166666666666667","0.2833333333333333","0.3383835293528456","0.2153263396944523","-0.08333333333333333","-0.13333333333333333","{""baseline_win"":19,""candidate_win"":25,""engine_nonliteral_termination_draw"":4,""tick_cap_draw"":12}","{""baseline_win"":21,""candidate_win"":17,""engine_nonliteral_termination_draw"":1,""tick_cap_draw"":21}","{""all"":{""n"":60,""min"":5662,""median"":13450,""p90"":24000,""max"":24000,""mean"":14690.566666666668},""W"":{""n"":25,""min"":7096,""median"":11680,""p90"":20856,""max"":21315,""mean"":13297.48},""D"":{""n"":16,""min"":17832,""median"":24000,""p90"":24000,""max"":24000,""mean"":23324.25},""L"":{""n"":19,""min"":5662,""median"":7960,""p90"":17635,""max"":18927,""mean"":9253.105263157895}}","{""all"":{""n"":60,""min"":5872,""median"":18713,""p90"":24000,""max"":24000,""mean"":16895.05},""W"":{""n"":17,""min"":6718,""median"":18411,""p90"":20756,""max"":22249,""mean"":16626.29411764706},""D"":{""n"":22,""min"":17832,""median"":24000,""p90"":24000,""max"":24000,""mean"":23719.636363636364},""L"":{""n"":21,""min"":5872,""median"":7684,""p90"":18235,""max"":20537,""mean"":9963.047619047618}}"
"v2_minus_disabled","v5","opponentFaction","pinned_supalosa/Soviet","60","disabled","separated_lanes_v2","20","27","13","17","28","15","0.5583333333333333","0.5166666666666667","0.3333333333333333","0.2833333333333333","0.2606991787230655","0.2153263396944523","-0.041666666666666664","-0.05","{""baseline_win"":13,""candidate_win"":20,""tick_cap_draw"":27}","{""baseline_win"":15,""candidate_win"":17,""tick_cap_draw"":28}","{""all"":{""n"":60,""min"":7076,""median"":21483,""p90"":24000,""max"":24000,""mean"":17699.633333333335},""W"":{""n"":20,""min"":8077,""median"":10903,""p90"":21114,""max"":21190,""mean"":12300.7},""D"":{""n"":27,""min"":24000,""median"":24000,""p90"":24000,""max"":24000,""mean"":24000},""L"":{""n"":13,""min"":7076,""median"":10046,""p90"":21989,""max"":23474,""mean"":12920.307692307691}}","{""all"":{""n"":60,""min"":7652,""median"":20426,""p90"":24000,""max"":24000,""mean"":17801.016666666666},""W"":{""n"":17,""min"":7652,""median"":10472,""p90"":20426,""max"":20525,""mean"":12417.411764705883},""D"":{""n"":28,""min"":24000,""median"":24000,""p90"":24000,""max"":24000,""mean"":24000},""L"":{""n"":15,""min"":8310,""median"":11791,""p90"":17510,""max"":20286,""mean"":12331}}"
"v2_minus_disabled","v5","opponentFaction","ra2web_advanced/Allied","40","disabled","separated_lanes_v2","15","9","16","11","9","20","0.4875","0.3875","0.375","0.275","0.2836592844391007","0.19475556972393063","-0.1","-0.1","{""baseline_win"":16,""candidate_win"":15,""tick_cap_draw"":9}","{""baseline_win"":20,""candidate_win"":11,""tick_cap_draw"":9}","{""all"":{""n"":40,""min"":7894,""median"":18443,""p90"":24000,""max"":24000,""mean"":17694.275},""W"":{""n"":15,""min"":7894,""median"":16204,""p90"":19880,""max"":19961,""mean"":14443.133333333333},""D"":{""n"":9,""min"":24000,""median"":24000,""p90"":24000,""max"":24000,""mean"":24000},""L"":{""n"":16,""min"":12085,""median"":18131,""p90"":21453,""max"":21997,""mean"":17195.25}}","{""all"":{""n"":40,""min"":7474,""median"":19771,""p90"":24000,""max"":24000,""mean"":19378.6},""W"":{""n"":11,""min"":7474,""median"":15442,""p90"":19232,""max"":20660,""mean"":14654.818181818182},""D"":{""n"":9,""min"":24000,""median"":24000,""p90"":24000,""max"":24000,""mean"":24000},""L"":{""n"":20,""min"":13032,""median"":19771,""p90"":23350,""max"":23512,""mean"":19897.05}}"
"v2_minus_disabled","v5","opponentFaction","ra2web_advanced/Soviet","40","disabled","separated_lanes_v2","9","30","1","4","33","3","0.6","0.5125","0.225","0.1","0.15220998483534723","0.05414418101779652","-0.0875","-0.125","{""baseline_win"":1,""candidate_win"":9,""tick_cap_draw"":30}","{""baseline_win"":3,""candidate_win"":4,""tick_cap_draw"":33}","{""all"":{""n"":40,""min"":7110,""median"":24000,""p90"":24000,""max"":24000,""mean"":21297.05},""W"":{""n"":9,""min"":7110,""median"":10292,""p90"":20464,""max"":20464,""mean"":12001.333333333334},""D"":{""n"":30,""min"":24000,""median"":24000,""p90"":24000,""max"":24000,""mean"":24000},""L"":{""n"":1,""min"":23870,""median"":23870,""p90"":23870,""max"":23870,""mean"":23870}}","{""all"":{""n"":40,""min"":10344,""median"":24000,""p90"":24000,""max"":24000,""mean"":22711.675},""W"":{""n"":4,""min"":10344,""median"":19009,""p90"":20217,""max"":20217,""mean"":16878.5},""D"":{""n"":33,""min"":24000,""median"":24000,""p90"":24000,""max"":24000,""mean"":24000},""L"":{""n"":3,""min"":11566,""median"":13881,""p90"":23506,""max"":23506,""mean"":16317.666666666666}}"
"v2_minus_disabled","v5","opponentSlot","pinned_supalosa/0","60","disabled","separated_lanes_v2","19","21","20","13","23","24","0.49166666666666664","0.4083333333333333","0.31666666666666665","0.21666666666666667","0.24546428560641853","0.15654739328841472","-0.08333333333333333","-0.1","{""baseline_win"":20,""candidate_win"":19,""engine_nonliteral_termination_draw"":3,""tick_cap_draw"":18}","{""baseline_win"":24,""candidate_win"":13,""engine_nonliteral_termination_draw"":1,""tick_cap_draw"":22}","{""all"":{""n"":60,""min"":6454,""median"":13606,""p90"":24000,""max"":24000,""mean"":15669.933333333332},""W"":{""n"":19,""min"":8077,""median"":11458,""p90"":21164,""max"":21315,""mean"":12900.842105263158},""D"":{""n"":21,""min"":17832,""median"":24000,""p90"":24000,""max"":24000,""mean"":23597.428571428572},""L"":{""n"":20,""min"":6454,""median"":8785,""p90"":18927,""max"":21989,""mean"":9976.7}}","{""all"":{""n"":60,""min"":5938,""median"":18411,""p90"":24000,""max"":24000,""mean"":16587.283333333333},""W"":{""n"":13,""min"":8351,""median"":13577,""p90"":20426,""max"":22249,""mean"":14201.153846153846},""D"":{""n"":23,""min"":17832,""median"":24000,""p90"":24000,""max"":24000,""mean"":23731.82608695652},""L"":{""n"":24,""min"":5938,""median"":9032,""p90"":19594,""max"":20537,""mean"":11032.916666666666}}"
"v2_minus_disabled","v5","opponentSlot","pinned_supalosa/1","60","disabled","separated_lanes_v2","26","22","12","21","27","12","0.6166666666666667","0.575","0.43333333333333335","0.35","0.3542044579989498","0.2760389222825774","-0.041666666666666664","-0.08333333333333333","{""baseline_win"":12,""candidate_win"":26,""engine_nonliteral_termination_draw"":1,""tick_cap_draw"":21}","{""baseline_win"":12,""candidate_win"":21,""tick_cap_draw"":27}","{""all"":{""n"":60,""min"":5662,""median"":19267,""p90"":24000,""max"":24000,""mean"":16720.266666666666},""W"":{""n"":26,""min"":7096,""median"":10792,""p90"":20249,""max"":21190,""mean"":12820.576923076924},""D"":{""n"":22,""min"":21642,""median"":24000,""p90"":24000,""max"":24000,""mean"":23892.81818181818},""L"":{""n"":12,""min"":5662,""median"":10840,""p90"":21483,""max"":23474,""mean"":12019.916666666666}}","{""all"":{""n"":60,""min"":5872,""median"":20134,""p90"":24000,""max"":24000,""mean"":18108.783333333333},""W"":{""n"":21,""min"":6718,""median"":14128,""p90"":20134,""max"":20756,""mean"":14720.380952380952},""D"":{""n"":27,""min"":24000,""median"":24000,""p90"":24000,""max"":24000,""mean"":24000},""L"":{""n"":12,""min"":5872,""median"":9045,""p90"":17510,""max"":18235,""mean"":10783.25}}"
"v2_minus_disabled","v5","opponentSlot","ra2web_advanced/0","40","disabled","separated_lanes_v2","12","19","9","8","21","11","0.5375","0.4625","0.3","0.2","0.21653912471300574","0.13151765602069693","-0.075","-0.1","{""baseline_win"":9,""candidate_win"":12,""tick_cap_draw"":19}","{""baseline_win"":11,""candidate_win"":8,""tick_cap_draw"":21}","{""all"":{""n"":40,""min"":7110,""median"":23870,""p90"":24000,""max"":24000,""mean"":19458.15},""W"":{""n"":12,""min"":7110,""median"":11836,""p90"":18795,""max"":19880,""mean"":13120.5},""D"":{""n"":19,""min"":24000,""median"":24000,""p90"":24000,""max"":24000,""mean"":24000},""L"":{""n"":9,""min"":13247,""median"":18293,""p90"":23870,""max"":23870,""mean"":18320}}","{""all"":{""n"":40,""min"":7810,""median"":24000,""p90"":24000,""max"":24000,""mean"":20759.075},""W"":{""n"":8,""min"":7810,""median"":15442,""p90"":19009,""max"":19009,""mean"":14042.875},""D"":{""n"":21,""min"":24000,""median"":24000,""p90"":24000,""max"":24000,""mean"":24000},""L"":{""n"":11,""min"":11566,""median"":19771,""p90"":22643,""max"":23191,""mean"":19456.363636363636}}"
"v2_minus_disabled","v5","opponentSlot","ra2web_advanced/1","40","disabled","separated_lanes_v2","12","20","8","7","21","12","0.55","0.4375","0.3","0.175","0.21653912471300574","0.11127749394260136","-0.1125","-0.125","{""baseline_win"":8,""candidate_win"":12,""tick_cap_draw"":20}","{""baseline_win"":12,""candidate_win"":7,""tick_cap_draw"":21}","{""all"":{""n"":40,""min"":7176,""median"":24000,""p90"":24000,""max"":24000,""mean"":19533.175},""W"":{""n"":12,""min"":7176,""median"":13401,""p90"":19961,""max"":20464,""mean"":13934.416666666666},""D"":{""n"":20,""min"":24000,""median"":24000,""p90"":24000,""max"":24000,""mean"":24000},""L"":{""n"":8,""min"":12085,""median"":18131,""p90"":21419,""max"":21419,""mean"":16764.25}}","{""all"":{""n"":40,""min"":7474,""median"":24000,""p90"":24000,""max"":24000,""mean"":21331.2},""W"":{""n"":7,""min"":7474,""median"":17944,""p90"":20660,""max"":20660,""mean"":16624.85714285714},""D"":{""n"":21,""min"":24000,""median"":24000,""p90"":24000,""max"":24000,""mean"":24000},""L"":{""n"":12,""min"":13032,""median"":19356,""p90"":23506,""max"":23512,""mean"":19406.166666666668}}"
"v2_minus_disabled","v5","opponentDirection","pinned_supalosa/0","60","disabled","separated_lanes_v2","19","21","20","14","27","19","0.49166666666666664","0.4583333333333333","0.31666666666666665","0.23333333333333334","0.24546428560641853","0.17103567360437824","-0.03333333333333333","-0.08333333333333333","{""baseline_win"":20,""candidate_win"":19,""engine_nonliteral_termination_draw"":1,""tick_cap_draw"":20}","{""baseline_win"":19,""candidate_win"":14,""engine_nonliteral_termination_draw"":1,""tick_cap_draw"":26}","{""all"":{""n"":60,""min"":6064,""median"":17635,""p90"":24000,""max"":24000,""mean"":15882.183333333332},""W"":{""n"":19,""min"":7096,""median"":9816,""p90"":20249,""max"":21114,""mean"":11839.736842105263},""D"":{""n"":21,""min"":17832,""median"":24000,""p90"":24000,""max"":24000,""mean"":23706.285714285714},""L"":{""n"":20,""min"":6064,""median"":8883,""p90"":21989,""max"":23474,""mean"":11507.2}}","{""all"":{""n"":60,""min"":5872,""median"":19594,""p90"":24000,""max"":24000,""mean"":17294.066666666666},""W"":{""n"":14,""min"":6718,""median"":13580,""p90"":19637,""max"":20015,""mean"":13551.285714285714},""D"":{""n"":27,""min"":17832,""median"":24000,""p90"":24000,""max"":24000,""mean"":23771.555555555555},""L"":{""n"":19,""min"":5872,""median"":8918,""p90"":19594,""max"":20537,""mean"":10847.052631578947}}"
"v2_minus_disabled","v5","opponentDirection","pinned_supalosa/1","60","disabled","separated_lanes_v2","26","22","12","20","23","17","0.6166666666666667","0.525","0.43333333333333335","0.3333333333333333","0.3542044579989498","0.2606991787230655","-0.09166666666666666","-0.1","{""baseline_win"":12,""candidate_win"":26,""engine_nonliteral_termination_draw"":3,""tick_cap_draw"":19}","{""baseline_win"":17,""candidate_win"":20,""tick_cap_draw"":23}","{""all"":{""n"":60,""min"":5662,""median"":16546,""p90"":24000,""max"":24000,""mean"":16508.016666666666},""W"":{""n"":26,""min"":9232,""median"":12002,""p90"":21164,""max"":21315,""mean"":13596},""D"":{""n"":22,""min"":21642,""median"":24000,""p90"":24000,""max"":24000,""mean"":23788.909090909092},""L"":{""n"":12,""min"":5662,""median"":9420,""p90"":12087,""max"":18831,""mean"":9469.083333333334}}","{""all"":{""n"":60,""min"":5938,""median"":20107,""p90"":24000,""max"":24000,""mean"":17402},""W"":{""n"":20,""min"":7652,""median"":15160,""p90"":20756,""max"":22249,""mean"":15201.25},""D"":{""n"":23,""min"":24000,""median"":24000,""p90"":24000,""max"":24000,""mean"":24000},""L"":{""n"":17,""min"":5938,""median"":11726,""p90"":17510,""max"":20286,""mean"":11064.411764705883}}"
"v2_minus_disabled","v5","opponentDirection","ra2web_advanced/0","40","disabled","separated_lanes_v2","7","17","16","6","15","19","0.3875","0.3375","0.175","0.15","0.11127749394260136","0.09156032424656435","-0.05","-0.025","{""baseline_win"":16,""candidate_win"":7,""tick_cap_draw"":17}","{""baseline_win"":19,""candidate_win"":6,""tick_cap_draw"":15}","{""all"":{""n"":40,""min"":7110,""median"":21419,""p90"":24000,""max"":24000,""mean"":19409.6},""W"":{""n"":7,""min"":7110,""median"":9443,""p90"":20464,""max"":20464,""mean"":12977.57142857143},""D"":{""n"":17,""min"":24000,""median"":24000,""p90"":24000,""max"":24000,""mean"":24000},""L"":{""n"":16,""min"":12085,""median"":18131,""p90"":21997,""max"":23870,""mean"":17346.3125}}","{""all"":{""n"":40,""min"":7474,""median"":21856,""p90"":24000,""max"":24000,""mean"":20087.55},""W"":{""n"":6,""min"":7474,""median"":18136,""p90"":20217,""max"":20217,""mean"":13831.666666666666},""D"":{""n"":15,""min"":24000,""median"":24000,""p90"":24000,""max"":24000,""mean"":24000},""L"":{""n"":19,""min"":11566,""median"":19356,""p90"":23506,""max"":23512,""mean"":18974.315789473683}}"
"v2_minus_disabled","v5","opponentDirection","ra2web_advanced/1","40","disabled","separated_lanes_v2","17","22","1","9","27","4","0.7","0.5625","0.425","0.225","0.3297393909273828","0.15220998483534723","-0.1375","-0.2","{""baseline_win"":1,""candidate_win"":17,""tick_cap_draw"":22}","{""baseline_win"":4,""candidate_win"":9,""tick_cap_draw"":27}","{""all"":{""n"":40,""min"":8997,""median"":24000,""p90"":24000,""max"":24000,""mean"":19581.725},""W"":{""n"":17,""min"":8997,""median"":11836,""p90"":18620,""max"":19880,""mean"":13753.882352941177},""D"":{""n"":22,""min"":24000,""median"":24000,""p90"":24000,""max"":24000,""mean"":24000},""L"":{""n"":1,""min"":21453,""median"":21453,""p90"":21453,""max"":21453,""mean"":21453}}","{""all"":{""n"":40,""min"":11440,""median"":24000,""p90"":24000,""max"":24000,""mean"":22002.725},""W"":{""n"":9,""min"":11440,""median"":15843,""p90"":20660,""max"":20660,""mean"":16191.888888888889},""D"":{""n"":27,""min"":24000,""median"":24000,""p90"":24000,""max"":24000,""mean"":24000},""L"":{""n"":4,""min"":19771,""median"":23096,""p90"":23350,""max"":23350,""mean"":21595.5}}"
"v2_minus_disabled","v5","opponentCountryDirection","pinned_supalosa/Africans/0","30","disabled","separated_lanes_v2","11","12","7","8","15","7","0.5666666666666667","0.5166666666666667","0.36666666666666664","0.26666666666666666","0.2635816922512699","0.17730429246164628","-0.05","-0.1","{""baseline_win"":7,""candidate_win"":11,""tick_cap_draw"":12}","{""baseline_win"":7,""candidate_win"":8,""tick_cap_draw"":15}","{""all"":{""n"":30,""min"":7076,""median"":21483,""p90"":24000,""max"":24000,""mean"":17569.766666666666},""W"":{""n"":11,""min"":8077,""median"":10773,""p90"":20249,""max"":21114,""mean"":12508.727272727272},""D"":{""n"":12,""min"":24000,""median"":24000,""p90"":24000,""max"":24000,""mean"":24000},""L"":{""n"":7,""min"":7076,""median"":10840,""p90"":23474,""max"":23474,""mean"":14499.57142857143}}","{""all"":{""n"":30,""min"":8776,""median"":24000,""p90"":24000,""max"":24000,""mean"":17765.333333333332},""W"":{""n"":8,""min"":9518,""median"":11556,""p90"":16510,""max"":16510,""mean"":11763.875},""D"":{""n"":15,""min"":24000,""median"":24000,""p90"":24000,""max"":24000,""mean"":24000},""L"":{""n"":7,""min"":8776,""median"":9438,""p90"":16938,""max"":16938,""mean"":11264.142857142857}}"
"v2_minus_disabled","v5","opponentCountryDirection","pinned_supalosa/Africans/1","30","disabled","separated_lanes_v2","9","15","6","9","13","8","0.55","0.5166666666666667","0.3","0.3","0.2054634616809264","0.2054634616809264","-0.03333333333333333","0","{""baseline_win"":6,""candidate_win"":9,""tick_cap_draw"":15}","{""baseline_win"":8,""candidate_win"":9,""tick_cap_draw"":13}","{""all"":{""n"":30,""min"":7918,""median"":24000,""p90"":24000,""max"":24000,""mean"":17829.5},""W"":{""n"":9,""min"":9449,""median"":10903,""p90"":21190,""max"":21190,""mean"":12046.444444444445},""D"":{""n"":15,""min"":24000,""median"":24000,""p90"":24000,""max"":24000,""mean"":24000},""L"":{""n"":6,""min"":7918,""median"":10046,""p90"":18831,""max"":18831,""mean"":11077.833333333334}}","{""all"":{""n"":30,""min"":7652,""median"":20426,""p90"":24000,""max"":24000,""mean"":17836.7},""W"":{""n"":9,""min"":7652,""median"":10472,""p90"":20525,""max"":20525,""mean"":12998.333333333334},""D"":{""n"":13,""min"":24000,""median"":24000,""p90"":24000,""max"":24000,""mean"":24000},""L"":{""n"":8,""min"":8310,""median"":13164,""p90"":20286,""max"":20286,""mean"":13264.5}}"
"v2_minus_disabled","v5","opponentCountryDirection","pinned_supalosa/Americans/0","30","disabled","separated_lanes_v2","8","9","13","6","12","12","0.4166666666666667","0.4","0.26666666666666666","0.2","0.17730429246164628","0.12312049277120735","-0.016666666666666666","-0.06666666666666667","{""baseline_win"":13,""candidate_win"":8,""engine_nonliteral_termination_draw"":1,""tick_cap_draw"":8}","{""baseline_win"":12,""candidate_win"":6,""engine_nonliteral_termination_draw"":1,""tick_cap_draw"":11}","{""all"":{""n"":30,""min"":6064,""median"":10936,""p90"":24000,""max"":24000,""mean"":14194.6},""W"":{""n"":8,""min"":7096,""median"":9442,""p90"":19489,""max"":19489,""mean"":10919.875},""D"":{""n"":9,""min"":17832,""median"":24000,""p90"":24000,""max"":24000,""mean"":23314.666666666668},""L"":{""n"":13,""min"":6064,""median"":7962,""p90"":17635,""max"":18927,""mean"":9895.923076923076}}","{""all"":{""n"":30,""min"":5872,""median"":19594,""p90"":24000,""max"":24000,""mean"":16822.8},""W"":{""n"":6,""min"":6718,""median"":18411,""p90"":20015,""max"":20015,""mean"":15934.5},""D"":{""n"":12,""min"":17832,""median"":24000,""p90"":24000,""max"":24000,""mean"":23486},""L"":{""n"":12,""min"":5872,""median"":8092,""p90"":19594,""max"":20537,""mean"":10603.75}}"
"v2_minus_disabled","v5","opponentCountryDirection","pinned_supalosa/Americans/1","30","disabled","separated_lanes_v2","17","7","6","11","10","9","0.6833333333333333","0.5333333333333333","0.5666666666666667","0.36666666666666664","0.45025791585891195","0.2635816922512699","-0.15","-0.2","{""baseline_win"":6,""candidate_win"":17,""engine_nonliteral_termination_draw"":3,""tick_cap_draw"":4}","{""baseline_win"":9,""candidate_win"":11,""tick_cap_draw"":10}","{""all"":{""n"":30,""min"":5662,""median"":13606,""p90"":24000,""max"":24000,""mean"":15186.533333333333},""W"":{""n"":17,""min"":9232,""median"":13450,""p90"":21164,""max"":21315,""mean"":14416.35294117647},""D"":{""n"":7,""min"":21642,""median"":24000,""p90"":24000,""max"":24000,""mean"":23336.571428571428},""L"":{""n"":6,""min"":5662,""median"":7006,""p90"":11556,""max"":11556,""mean"":7860.333333333333}}","{""all"":{""n"":30,""min"":5938,""median"":18713,""p90"":24000,""max"":24000,""mean"":16967.3},""W"":{""n"":11,""min"":11146,""median"":18450,""p90"":20756,""max"":22249,""mean"":17003.636363636364},""D"":{""n"":10,""min"":24000,""median"":24000,""p90"":24000,""max"":24000,""mean"":24000},""L"":{""n"":9,""min"":5938,""median"":7663,""p90"":15460,""max"":15460,""mean"":9108.777777777777}}"
"v2_minus_disabled","v5","opponentCountryDirection","ra2web_advanced/Africans/0","20","disabled","separated_lanes_v2","4","15","1","3","14","3","0.575","0.5","0.2","0.15","0.11024848763714991","0.07467301975322671","-0.075","-0.05","{""baseline_win"":1,""candidate_win"":4,""tick_cap_draw"":15}","{""baseline_win"":3,""candidate_win"":3,""tick_cap_draw"":14}","{""all"":{""n"":20,""min"":7110,""median"":24000,""p90"":24000,""max"":24000,""mean"":21870.75},""W"":{""n"":4,""min"":7110,""median"":18795,""p90"":20464,""max"":20464,""mean"":13386.25},""D"":{""n"":15,""min"":24000,""median"":24000,""p90"":24000,""max"":24000,""mean"":24000},""L"":{""n"":1,""min"":23870,""median"":23870,""p90"":23870,""max"":23870,""mean"":23870}}","{""all"":{""n"":20,""min"":10344,""median"":24000,""p90"":24000,""max"":24000,""mean"":21726.15},""W"":{""n"":3,""min"":10344,""median"":19009,""p90"":20217,""max"":20217,""mean"":16523.333333333332},""D"":{""n"":14,""min"":24000,""median"":24000,""p90"":24000,""max"":24000,""mean"":24000},""L"":{""n"":3,""min"":11566,""median"":13881,""p90"":23506,""max"":23506,""mean"":16317.666666666666}}"
"v2_minus_disabled","v5","opponentCountryDirection","ra2web_advanced/Africans/1","20","disabled","separated_lanes_v2","5","15","0","1","19","0","0.625","0.525","0.25","0.05","0.14818790611051605","0.015078196553383891","-0.1","-0.2","{""candidate_win"":5,""tick_cap_draw"":15}","{""candidate_win"":1,""tick_cap_draw"":19}","{""all"":{""n"":20,""min"":8997,""median"":24000,""p90"":24000,""max"":24000,""mean"":20723.35},""W"":{""n"":5,""min"":8997,""median"":10292,""p90"":13401,""max"":13401,""mean"":10893.4},""D"":{""n"":15,""min"":24000,""median"":24000,""p90"":24000,""max"":24000,""mean"":24000},""L"":null}","{""all"":{""n"":20,""min"":17944,""median"":24000,""p90"":24000,""max"":24000,""mean"":23697.2},""W"":{""n"":1,""min"":17944,""median"":17944,""p90"":17944,""max"":17944,""mean"":17944},""D"":{""n"":19,""min"":24000,""median"":24000,""p90"":24000,""max"":24000,""mean"":24000},""L"":null}"
"v2_minus_disabled","v5","opponentCountryDirection","ra2web_advanced/Americans/0","20","disabled","separated_lanes_v2","3","2","15","3","1","16","0.2","0.175","0.15","0.15","0.07467301975322671","0.07467301975322671","-0.025","0","{""baseline_win"":15,""candidate_win"":3,""tick_cap_draw"":2}","{""baseline_win"":16,""candidate_win"":3,""tick_cap_draw"":1}","{""all"":{""n"":20,""min"":7894,""median"":18131,""p90"":24000,""max"":24000,""mean"":16948.45},""W"":{""n"":3,""min"":7894,""median"":9443,""p90"":19961,""max"":19961,""mean"":12432.666666666666},""D"":{""n"":2,""min"":24000,""median"":24000,""p90"":24000,""max"":24000,""mean"":24000},""L"":{""n"":15,""min"":12085,""median"":17884,""p90"":21419,""max"":21997,""mean"":16911.4}}","{""all"":{""n"":20,""min"":7474,""median"":19356,""p90"":23512,""max"":24000,""mean"":18448.95},""W"":{""n"":3,""min"":7474,""median"":7810,""p90"":18136,""max"":18136,""mean"":11140},""D"":{""n"":1,""min"":24000,""median"":24000,""p90"":24000,""max"":24000,""mean"":24000},""L"":{""n"":16,""min"":13032,""median"":19409,""p90"":23191,""max"":23512,""mean"":19472.4375}}"
"v2_minus_disabled","v5","opponentCountryDirection","ra2web_advanced/Americans/1","20","disabled","separated_lanes_v2","12","7","1","8","8","4","0.775","0.6","0.6","0.4","0.4572430242920638","0.27242042011421685","-0.175","-0.2","{""baseline_win"":1,""candidate_win"":12,""tick_cap_draw"":7}","{""baseline_win"":4,""candidate_win"":8,""tick_cap_draw"":8}","{""all"":{""n"":20,""min"":9904,""median"":18620,""p90"":24000,""max"":24000,""mean"":18440.1},""W"":{""n"":12,""min"":9904,""median"":16834,""p90"":18620,""max"":19880,""mean"":14945.75},""D"":{""n"":7,""min"":24000,""median"":24000,""p90"":24000,""max"":24000,""mean"":24000},""L"":{""n"":1,""min"":21453,""median"":21453,""p90"":21453,""max"":21453,""mean"":21453}}","{""all"":{""n"":20,""min"":11440,""median"":23096,""p90"":24000,""max"":24000,""mean"":20308.25},""W"":{""n"":8,""min"":11440,""median"":15843,""p90"":20660,""max"":20660,""mean"":15972.875},""D"":{""n"":8,""min"":24000,""median"":24000,""p90"":24000,""max"":24000,""mean"":24000},""L"":{""n"":4,""min"":19771,""median"":23096,""p90"":23350,""max"":23350,""mean"":21595.5}}"
