"caseIndex","opponent","opponentMapOrdinal","mapId","directionOrdinal","candidateStart","opponentStart","candidateStartOrdinal","opponentStartOrdinal","countryOrdinal","country","candidateSlot","requestedEngineSeed","maxUpdates","stratumId","topologyId","role","jobId","artifactSha256","artifactBytes","sourceCommit","runnerSha256","protocolSha256","mapSha256","v5","v6"
"0","pinned_supalosa","0","hfo-le","0","39,82","88,34","0","1","0","Americans","0","3350110000","24000","pinned_supalosa__hfo-le","hfo","competitive","27365756","68b10185214bb819348033bcb06b7de08071033448643cd54695543241fd008b","212092","18dde712dac64b2f76ec5c91c4e87a7140db78a1","61a3d2de51c60b3bc910e9a358dc1ef0324337e1c9c7535694379490652e14b0","151c4cd5719459b8a6dc218f17d55f7fbc563803a11d6a0b7298a0a121247ebe","e4dfc736a6355e0e68d4681e4d67419516e6bb94549e2d42880c9414e95e2e8d","{""disabled"":{""status"":""baseline_win"",""tick"":7470,""winner"":""baseline""},""separated_lanes_v2"":{""status"":""baseline_win"",""tick"":8092,""winner"":""baseline""},""separated_lanes_unbounded_d1"":{""status"":""baseline_win"",""tick"":7470,""winner"":""baseline""}}","{""disabled"":{""status"":""baseline_win"",""tick"":7470,""winner"":""baseline""},""separated_lanes_v2"":{""status"":""baseline_win"",""tick"":8092,""winner"":""baseline""},""separated_lanes_unbounded_d1"":{""status"":""baseline_win"",""tick"":7470,""winner"":""baseline""}}"
"1","pinned_supalosa","0","hfo-le","0","39,82","88,34","0","1","0","Americans","1","3350110001","24000","pinned_supalosa__hfo-le","hfo","competitive","27365757","72eafd2b584ac3153c4b3c1df7c67571008d1a35c3526aa6a459bdad57d1b824","204860","18dde712dac64b2f76ec5c91c4e87a7140db78a1","61a3d2de51c60b3bc910e9a358dc1ef0324337e1c9c7535694379490652e14b0","151c4cd5719459b8a6dc218f17d55f7fbc563803a11d6a0b7298a0a121247ebe","e4dfc736a6355e0e68d4681e4d67419516e6bb94549e2d42880c9414e95e2e8d","{""disabled"":{""status"":""baseline_win"",""tick"":7420,""winner"":""baseline""},""separated_lanes_v2"":{""status"":""baseline_win"",""tick"":8164,""winner"":""baseline""},""separated_lanes_unbounded_d1"":{""status"":""baseline_win"",""tick"":7420,""winner"":""baseline""}}","{""disabled"":{""status"":""baseline_win"",""tick"":7420,""winner"":""baseline""},""separated_lanes_v2"":{""status"":""baseline_win"",""tick"":8164,""winner"":""baseline""},""separated_lanes_unbounded_d1"":{""status"":""baseline_win"",""tick"":7420,""winner"":""baseline""}}"
"2","pinned_supalosa","0","hfo-le","0","39,82","88,34","0","1","1","Africans","0","3350110002","24000","pinned_supalosa__hfo-le","hfo","competitive","27365758","ad18ff163e576a0ea44d7fbc5f5e0a224fbb09237743a83a5974eb47a4eda3c0","316425","18dde712dac64b2f76ec5c91c4e87a7140db78a1","61a3d2de51c60b3bc910e9a358dc1ef0324337e1c9c7535694379490652e14b0","151c4cd5719459b8a6dc218f17d55f7fbc563803a11d6a0b7298a0a121247ebe","e4dfc736a6355e0e68d4681e4d67419516e6bb94549e2d42880c9414e95e2e8d","{""disabled"":{""status"":""tick_cap_draw"",""tick"":24000,""winner"":""draw""},""separated_lanes_v2"":{""status"":""tick_cap_draw"",""tick"":24000,""winner"":""draw""},""separated_lanes_unbounded_d1"":{""status"":""tick_cap_draw"",""tick"":24000,""winner"":""draw""}}","{""disabled"":{""status"":""tick_cap_draw"",""tick"":24000,""winner"":""draw""},""separated_lanes_v2"":{""status"":""tick_cap_draw"",""tick"":24000,""winner"":""draw""},""separated_lanes_unbounded_d1"":{""status"":""tick_cap_draw"",""tick"":24000,""winner"":""draw""}}"
"3","pinned_supalosa","0","hfo-le","0","39,82","88,34","0","1","1","Africans","1","3350110003","24000","pinned_supalosa__hfo-le","hfo","competitive","27365759","c903fd9a92b50d7b813ece4fdeba4623a9fdebe10f24cd0f9be1ba30a9b9d4c5","386909","18dde712dac64b2f76ec5c91c4e87a7140db78a1","61a3d2de51c60b3bc910e9a358dc1ef0324337e1c9c7535694379490652e14b0","151c4cd5719459b8a6dc218f17d55f7fbc563803a11d6a0b7298a0a121247ebe","e4dfc736a6355e0e68d4681e4d67419516e6bb94549e2d42880c9414e95e2e8d","{""disabled"":{""status"":""tick_cap_draw"",""tick"":24000,""winner"":""draw""},""separated_lanes_v2"":{""status"":""tick_cap_draw"",""tick"":24000,""winner"":""draw""},""separated_lanes_unbounded_d1"":{""status"":""tick_cap_draw"",""tick"":24000,""winner"":""draw""}}","{""disabled"":{""status"":""tick_cap_draw"",""tick"":24000,""winner"":""draw""},""separated_lanes_v2"":{""status"":""tick_cap_draw"",""tick"":24000,""winner"":""draw""},""separated_lanes_unbounded_d1"":{""status"":""tick_cap_draw"",""tick"":24000,""winner"":""draw""}}"
"4","pinned_supalosa","0","hfo-le","1","88,34","39,82","1","0","0","Americans","0","3350110004","24000","pinned_supalosa__hfo-le","hfo","competitive","27365760","27d9ee2791ef175c9637619752174f3d6decde081c4515e28b80ac42080cf63e","369612","18dde712dac64b2f76ec5c91c4e87a7140db78a1","61a3d2de51c60b3bc910e9a358dc1ef0324337e1c9c7535694379490652e14b0","151c4cd5719459b8a6dc218f17d55f7fbc563803a11d6a0b7298a0a121247ebe","e4dfc736a6355e0e68d4681e4d67419516e6bb94549e2d42880c9414e95e2e8d","{""disabled"":{""status"":""candidate_win"",""tick"":9538,""winner"":""candidate""},""separated_lanes_v2"":{""status"":""candidate_win"",""tick"":15160,""winner"":""candidate""},""separated_lanes_unbounded_d1"":{""status"":""candidate_win"",""tick"":13165,""winner"":""candidate""}}","{""disabled"":{""status"":""candidate_win"",""tick"":9538,""winner"":""candidate""},""separated_lanes_v2"":{""status"":""candidate_win"",""tick"":15160,""winner"":""candidate""},""separated_lanes_unbounded_d1"":{""status"":""candidate_win"",""tick"":13165,""winner"":""candidate""}}"
"5","pinned_supalosa","0","hfo-le","1","88,34","39,82","1","0","0","Americans","1","3350110005","24000","pinned_supalosa__hfo-le","hfo","competitive","27365761","f380759c50813c8c63f061a4db2d577f410a3c061ce82b5a93fe5e9bbe1c54b1","385981","18dde712dac64b2f76ec5c91c4e87a7140db78a1","61a3d2de51c60b3bc910e9a358dc1ef0324337e1c9c7535694379490652e14b0","151c4cd5719459b8a6dc218f17d55f7fbc563803a11d6a0b7298a0a121247ebe","e4dfc736a6355e0e68d4681e4d67419516e6bb94549e2d42880c9414e95e2e8d","{""disabled"":{""status"":""candidate_win"",""tick"":9706,""winner"":""candidate""},""separated_lanes_v2"":{""status"":""candidate_win"",""tick"":14459,""winner"":""candidate""},""separated_lanes_unbounded_d1"":{""status"":""tick_cap_draw"",""tick"":24000,""winner"":""draw""}}","{""disabled"":{""status"":""candidate_win"",""tick"":9706,""winner"":""candidate""},""separated_lanes_v2"":{""status"":""candidate_win"",""tick"":14459,""winner"":""candidate""},""separated_lanes_unbounded_d1"":{""status"":""tick_cap_draw"",""tick"":24000,""winner"":""draw""}}"
"6","pinned_supalosa","0","hfo-le","1","88,34","39,82","1","0","1","Africans","0","3350110006","24000","pinned_supalosa__hfo-le","hfo","competitive","27365762","d338d746bb5033cdca3c3d8921a1b96d1b9446f2b829233b9985dc4e2535c252","461512","18dde712dac64b2f76ec5c91c4e87a7140db78a1","61a3d2de51c60b3bc910e9a358dc1ef0324337e1c9c7535694379490652e14b0","151c4cd5719459b8a6dc218f17d55f7fbc563803a11d6a0b7298a0a121247ebe","e4dfc736a6355e0e68d4681e4d67419516e6bb94549e2d42880c9414e95e2e8d","{""disabled"":{""status"":""candidate_win"",""tick"":10903,""winner"":""candidate""},""separated_lanes_v2"":{""status"":""tick_cap_draw"",""tick"":24000,""winner"":""draw""},""separated_lanes_unbounded_d1"":{""status"":""candidate_win"",""tick"":10903,""winner"":""candidate""}}","{""disabled"":{""status"":""candidate_win"",""tick"":10903,""winner"":""candidate""},""separated_lanes_v2"":{""status"":""tick_cap_draw"",""tick"":24000,""winner"":""draw""},""separated_lanes_unbounded_d1"":{""status"":""candidate_win"",""tick"":10903,""winner"":""candidate""}}"
"7","pinned_supalosa","0","hfo-le","1","88,34","39,82","1","0","1","Africans","1","3350110007","24000","pinned_supalosa__hfo-le","hfo","competitive","27365763","f7aeefb30167bd8f576b507a1e35f64ce07e2d1e519e768e62e3865aaef906b6","439848","18dde712dac64b2f76ec5c91c4e87a7140db78a1","61a3d2de51c60b3bc910e9a358dc1ef0324337e1c9c7535694379490652e14b0","151c4cd5719459b8a6dc218f17d55f7fbc563803a11d6a0b7298a0a121247ebe","e4dfc736a6355e0e68d4681e4d67419516e6bb94549e2d42880c9414e95e2e8d","{""disabled"":{""status"":""candidate_win"",""tick"":9586,""winner"":""candidate""},""separated_lanes_v2"":{""status"":""tick_cap_draw"",""tick"":24000,""winner"":""draw""},""separated_lanes_unbounded_d1"":{""status"":""candidate_win"",""tick"":9586,""winner"":""candidate""}}","{""disabled"":{""status"":""candidate_win"",""tick"":9586,""winner"":""candidate""},""separated_lanes_v2"":{""status"":""tick_cap_draw"",""tick"":24000,""winner"":""draw""},""separated_lanes_unbounded_d1"":{""status"":""candidate_win"",""tick"":9586,""winner"":""candidate""}}"
"8","pinned_supalosa","1","peak","0","118,73","37,73","0","1","0","Americans","0","3350110008","24000","pinned_supalosa__peak","peak","competitive","27365764","42392f411f16744274279d6904e3e640e8b7914099083ea0fa60d087681ca090","209691","18dde712dac64b2f76ec5c91c4e87a7140db78a1","61a3d2de51c60b3bc910e9a358dc1ef0324337e1c9c7535694379490652e14b0","151c4cd5719459b8a6dc218f17d55f7fbc563803a11d6a0b7298a0a121247ebe","440715dc154ac10b4b922159824140d40c48990311c6838345b66958f3b3a442","{""disabled"":{""status"":""tick_cap_draw"",""tick"":24000,""winner"":""draw""},""separated_lanes_v2"":{""status"":""tick_cap_draw"",""tick"":24000,""winner"":""draw""},""separated_lanes_unbounded_d1"":{""status"":""tick_cap_draw"",""tick"":24000,""winner"":""draw""}}","{""disabled"":{""status"":""tick_cap_draw"",""tick"":24000,""winner"":""draw""},""separated_lanes_v2"":{""status"":""tick_cap_draw"",""tick"":24000,""winner"":""draw""},""separated_lanes_unbounded_d1"":{""status"":""tick_cap_draw"",""tick"":24000,""winner"":""draw""}}"
"9","pinned_supalosa","1","peak","0","118,73","37,73","0","1","0","Americans","1","3350110009","24000","pinned_supalosa__peak","peak","competitive","27365765","2aed65d27b8507306a45b6406f4c5b8b1c3549585705090f4ba81b0bf802a84f","204083","18dde712dac64b2f76ec5c91c4e87a7140db78a1","61a3d2de51c60b3bc910e9a358dc1ef0324337e1c9c7535694379490652e14b0","151c4cd5719459b8a6dc218f17d55f7fbc563803a11d6a0b7298a0a121247ebe","440715dc154ac10b4b922159824140d40c48990311c6838345b66958f3b3a442","{""disabled"":{""status"":""tick_cap_draw"",""tick"":24000,""winner"":""draw""},""separated_lanes_v2"":{""status"":""tick_cap_draw"",""tick"":24000,""winner"":""draw""},""separated_lanes_unbounded_d1"":{""status"":""tick_cap_draw"",""tick"":24000,""winner"":""draw""}}","{""disabled"":{""status"":""tick_cap_draw"",""tick"":24000,""winner"":""draw""},""separated_lanes_v2"":{""status"":""tick_cap_draw"",""tick"":24000,""winner"":""draw""},""separated_lanes_unbounded_d1"":{""status"":""tick_cap_draw"",""tick"":24000,""winner"":""draw""}}"
"10","pinned_supalosa","1","peak","0","118,73","37,73","0","1","1","Africans","0","3350110010","24000","pinned_supalosa__peak","peak","competitive","27365766","caec1e5a154a13bc347d4762b313cdb25295c7a9563e95b10a8174eb0a1bf5bf","414891","18dde712dac64b2f76ec5c91c4e87a7140db78a1","61a3d2de51c60b3bc910e9a358dc1ef0324337e1c9c7535694379490652e14b0","151c4cd5719459b8a6dc218f17d55f7fbc563803a11d6a0b7298a0a121247ebe","440715dc154ac10b4b922159824140d40c48990311c6838345b66958f3b3a442","{""disabled"":{""status"":""candidate_win"",""tick"":9441,""winner"":""candidate""},""separated_lanes_v2"":{""status"":""candidate_win"",""tick"":10078,""winner"":""candidate""},""separated_lanes_unbounded_d1"":{""status"":""candidate_win"",""tick"":9441,""winner"":""candidate""}}","{""disabled"":{""status"":""candidate_win"",""tick"":9441,""winner"":""candidate""},""separated_lanes_v2"":{""status"":""candidate_win"",""tick"":10078,""winner"":""candidate""},""separated_lanes_unbounded_d1"":{""status"":""candidate_win"",""tick"":9441,""winner"":""candidate""}}"
"11","pinned_supalosa","1","peak","0","118,73","37,73","0","1","1","Africans","1","3350110011","24000","pinned_supalosa__peak","peak","competitive","27365767","0b8d3a1fd1907ba4f41a898a67a3691dc53806072fa18bc8ae39707f976cdbfc","380062","18dde712dac64b2f76ec5c91c4e87a7140db78a1","61a3d2de51c60b3bc910e9a358dc1ef0324337e1c9c7535694379490652e14b0","151c4cd5719459b8a6dc218f17d55f7fbc563803a11d6a0b7298a0a121247ebe","440715dc154ac10b4b922159824140d40c48990311c6838345b66958f3b3a442","{""disabled"":{""status"":""candidate_win"",""tick"":9458,""winner"":""candidate""},""separated_lanes_v2"":{""status"":""candidate_win"",""tick"":9518,""winner"":""candidate""},""separated_lanes_unbounded_d1"":{""status"":""candidate_win"",""tick"":9458,""winner"":""candidate""}}","{""disabled"":{""status"":""candidate_win"",""tick"":9458,""winner"":""candidate""},""separated_lanes_v2"":{""status"":""candidate_win"",""tick"":9518,""winner"":""candidate""},""separated_lanes_unbounded_d1"":{""status"":""candidate_win"",""tick"":9458,""winner"":""candidate""}}"
"12","pinned_supalosa","1","peak","1","37,73","118,73","1","0","0","Americans","0","3350110012","24000","pinned_supalosa__peak","peak","competitive","27365768","2e5ebbfacdc2b0b10ef85dcdf79141edf7ec9d82a1bbdbc4a6c09ed5cd76b685","564003","18dde712dac64b2f76ec5c91c4e87a7140db78a1","61a3d2de51c60b3bc910e9a358dc1ef0324337e1c9c7535694379490652e14b0","151c4cd5719459b8a6dc218f17d55f7fbc563803a11d6a0b7298a0a121247ebe","440715dc154ac10b4b922159824140d40c48990311c6838345b66958f3b3a442","{""disabled"":{""status"":""tick_cap_draw"",""tick"":24000,""winner"":""draw""},""separated_lanes_v2"":{""status"":""candidate_win"",""tick"":18713,""winner"":""candidate""},""separated_lanes_unbounded_d1"":{""status"":""tick_cap_draw"",""tick"":24000,""winner"":""draw""}}","{""disabled"":{""status"":""tick_cap_draw"",""tick"":24000,""winner"":""draw""},""separated_lanes_v2"":{""status"":""candidate_win"",""tick"":18713,""winner"":""candidate""},""separated_lanes_unbounded_d1"":{""status"":""tick_cap_draw"",""tick"":24000,""winner"":""draw""}}"
"13","pinned_supalosa","1","peak","1","37,73","118,73","1","0","0","Americans","1","3350110013","24000","pinned_supalosa__peak","peak","competitive","27365769","8ef1532f60299b9d6b5a10ba25595910835639ed320e9d319f07169dfd7160d0","454883","18dde712dac64b2f76ec5c91c4e87a7140db78a1","61a3d2de51c60b3bc910e9a358dc1ef0324337e1c9c7535694379490652e14b0","151c4cd5719459b8a6dc218f17d55f7fbc563803a11d6a0b7298a0a121247ebe","440715dc154ac10b4b922159824140d40c48990311c6838345b66958f3b3a442","{""disabled"":{""status"":""tick_cap_draw"",""tick"":24000,""winner"":""draw""},""separated_lanes_v2"":{""status"":""tick_cap_draw"",""tick"":24000,""winner"":""draw""},""separated_lanes_unbounded_d1"":{""status"":""tick_cap_draw"",""tick"":24000,""winner"":""draw""}}","{""disabled"":{""status"":""tick_cap_draw"",""tick"":24000,""winner"":""draw""},""separated_lanes_v2"":{""status"":""tick_cap_draw"",""tick"":24000,""winner"":""draw""},""separated_lanes_unbounded_d1"":{""status"":""tick_cap_draw"",""tick"":24000,""winner"":""draw""}}"
"14","pinned_supalosa","1","peak","1","37,73","118,73","1","0","1","Africans","0","3350110014","24000","pinned_supalosa__peak","peak","competitive","27365770","f9b514439e119f2f850dbba99d06208d2f62ee874e872f9a34f8aeb0d1a1b621","458649","18dde712dac64b2f76ec5c91c4e87a7140db78a1","61a3d2de51c60b3bc910e9a358dc1ef0324337e1c9c7535694379490652e14b0","151c4cd5719459b8a6dc218f17d55f7fbc563803a11d6a0b7298a0a121247ebe","440715dc154ac10b4b922159824140d40c48990311c6838345b66958f3b3a442","{""disabled"":{""status"":""candidate_win"",""tick"":11458,""winner"":""candidate""},""separated_lanes_v2"":{""status"":""candidate_win"",""tick"":8420,""winner"":""candidate""},""separated_lanes_unbounded_d1"":{""status"":""candidate_win"",""tick"":11520,""winner"":""candidate""}}","{""disabled"":{""status"":""candidate_win"",""tick"":11458,""winner"":""candidate""},""separated_lanes_v2"":{""status"":""candidate_win"",""tick"":8420,""winner"":""candidate""},""separated_lanes_unbounded_d1"":{""status"":""candidate_win"",""tick"":11520,""winner"":""candidate""}}"
"15","pinned_supalosa","1","peak","1","37,73","118,73","1","0","1","Africans","1","3350110015","24000","pinned_supalosa__peak","peak","competitive","27365771","1f59447231c8654ca595d597da53ed18a8f93ba8de5c5e50b0fc043b639befd5","706729","18dde712dac64b2f76ec5c91c4e87a7140db78a1","61a3d2de51c60b3bc910e9a358dc1ef0324337e1c9c7535694379490652e14b0","151c4cd5719459b8a6dc218f17d55f7fbc563803a11d6a0b7298a0a121247ebe","440715dc154ac10b4b922159824140d40c48990311c6838345b66958f3b3a442","{""disabled"":{""status"":""tick_cap_draw"",""tick"":24000,""winner"":""draw""},""separated_lanes_v2"":{""status"":""candidate_win"",""tick"":11544,""winner"":""candidate""},""separated_lanes_unbounded_d1"":{""status"":""baseline_win"",""tick"":22265,""winner"":""baseline""}}","{""disabled"":{""status"":""tick_cap_draw"",""tick"":24000,""winner"":""draw""},""separated_lanes_v2"":{""status"":""candidate_win"",""tick"":11544,""winner"":""candidate""},""separated_lanes_unbounded_d1"":{""status"":""baseline_win"",""tick"":22265,""winner"":""baseline""}}"
"16","pinned_supalosa","2","hfo-original","0","39,82","88,34","0","1","0","Americans","0","3350110016","24000","pinned_supalosa__hfo-original","hfo","competitive","27365772","419ab4fa8ca8fa049808022062108b488935927b66246bf4ea72be37875c8aa7","197799","18dde712dac64b2f76ec5c91c4e87a7140db78a1","61a3d2de51c60b3bc910e9a358dc1ef0324337e1c9c7535694379490652e14b0","151c4cd5719459b8a6dc218f17d55f7fbc563803a11d6a0b7298a0a121247ebe","907e5ab677a03c50f375da1bec4871880240de2fab790a38dac85674d0f65bf1","{""disabled"":{""status"":""baseline_win"",""tick"":7384,""winner"":""baseline""},""separated_lanes_v2"":{""status"":""baseline_win"",""tick"":7582,""winner"":""baseline""},""separated_lanes_unbounded_d1"":{""status"":""baseline_win"",""tick"":7582,""winner"":""baseline""}}","{""disabled"":{""status"":""baseline_win"",""tick"":7384,""winner"":""baseline""},""separated_lanes_v2"":{""status"":""baseline_win"",""tick"":7582,""winner"":""baseline""},""separated_lanes_unbounded_d1"":{""status"":""baseline_win"",""tick"":7582,""winner"":""baseline""}}"
"17","pinned_supalosa","2","hfo-original","0","39,82","88,34","0","1","0","Americans","1","3350110017","24000","pinned_supalosa__hfo-original","hfo","competitive","27365773","c8551d7ce70ea73d7d5bfbf81f79ab1474fe2575df29de789ad4341f9e773b1d","386491","18dde712dac64b2f76ec5c91c4e87a7140db78a1","61a3d2de51c60b3bc910e9a358dc1ef0324337e1c9c7535694379490652e14b0","151c4cd5719459b8a6dc218f17d55f7fbc563803a11d6a0b7298a0a121247ebe","907e5ab677a03c50f375da1bec4871880240de2fab790a38dac85674d0f65bf1","{""disabled"":{""status"":""tick_cap_draw"",""tick"":24000,""winner"":""draw""},""separated_lanes_v2"":{""status"":""tick_cap_draw"",""tick"":24000,""winner"":""draw""},""separated_lanes_unbounded_d1"":{""status"":""tick_cap_draw"",""tick"":24000,""winner"":""draw""}}","{""disabled"":{""status"":""tick_cap_draw"",""tick"":24000,""winner"":""draw""},""separated_lanes_v2"":{""status"":""tick_cap_draw"",""tick"":24000,""winner"":""draw""},""separated_lanes_unbounded_d1"":{""status"":""tick_cap_draw"",""tick"":24000,""winner"":""draw""}}"
"18","pinned_supalosa","2","hfo-original","0","39,82","88,34","0","1","1","Africans","0","3350110018","24000","pinned_supalosa__hfo-original","hfo","competitive","27365774","69a6715c61f3863b3e11beff7efdc7b48e38542616909e8150b5305ae914f058","426990","18dde712dac64b2f76ec5c91c4e87a7140db78a1","61a3d2de51c60b3bc910e9a358dc1ef0324337e1c9c7535694379490652e14b0","151c4cd5719459b8a6dc218f17d55f7fbc563803a11d6a0b7298a0a121247ebe","907e5ab677a03c50f375da1bec4871880240de2fab790a38dac85674d0f65bf1","{""disabled"":{""status"":""candidate_win"",""tick"":10958,""winner"":""candidate""},""separated_lanes_v2"":{""status"":""candidate_win"",""tick"":9717,""winner"":""candidate""},""separated_lanes_unbounded_d1"":{""status"":""candidate_win"",""tick"":10958,""winner"":""candidate""}}","{""disabled"":{""status"":""candidate_win"",""tick"":10958,""winner"":""candidate""},""separated_lanes_v2"":{""status"":""candidate_win"",""tick"":9717,""winner"":""candidate""},""separated_lanes_unbounded_d1"":{""status"":""candidate_win"",""tick"":10958,""winner"":""candidate""}}"
"19","pinned_supalosa","2","hfo-original","0","39,82","88,34","0","1","1","Africans","1","3350110019","24000","pinned_supalosa__hfo-original","hfo","competitive","27365775","9c8f7cc9f4e1232e9e1f48fe8626931fb03831873157f231ac9fe046c2f06ca8","411655","18dde712dac64b2f76ec5c91c4e87a7140db78a1","61a3d2de51c60b3bc910e9a358dc1ef0324337e1c9c7535694379490652e14b0","151c4cd5719459b8a6dc218f17d55f7fbc563803a11d6a0b7298a0a121247ebe","907e5ab677a03c50f375da1bec4871880240de2fab790a38dac85674d0f65bf1","{""disabled"":{""status"":""tick_cap_draw"",""tick"":24000,""winner"":""draw""},""separated_lanes_v2"":{""status"":""tick_cap_draw"",""tick"":24000,""winner"":""draw""},""separated_lanes_unbounded_d1"":{""status"":""tick_cap_draw"",""tick"":24000,""winner"":""draw""}}","{""disabled"":{""status"":""tick_cap_draw"",""tick"":24000,""winner"":""draw""},""separated_lanes_v2"":{""status"":""tick_cap_draw"",""tick"":24000,""winner"":""draw""},""separated_lanes_unbounded_d1"":{""status"":""tick_cap_draw"",""tick"":24000,""winner"":""draw""}}"
"20","pinned_supalosa","2","hfo-original","1","88,34","39,82","1","0","0","Americans","0","3350110020","24000","pinned_supalosa__hfo-original","hfo","competitive","27365776","679ae13d8d71e548c7ea40231609e3bb81c0ef7e34d895a0320c589f61fc2ac2","359992","18dde712dac64b2f76ec5c91c4e87a7140db78a1","61a3d2de51c60b3bc910e9a358dc1ef0324337e1c9c7535694379490652e14b0","151c4cd5719459b8a6dc218f17d55f7fbc563803a11d6a0b7298a0a121247ebe","907e5ab677a03c50f375da1bec4871880240de2fab790a38dac85674d0f65bf1","{""disabled"":{""status"":""candidate_win"",""tick"":13606,""winner"":""candidate""},""separated_lanes_v2"":{""status"":""candidate_win"",""tick"":22249,""winner"":""candidate""},""separated_lanes_unbounded_d1"":{""status"":""candidate_win"",""tick"":10252,""winner"":""candidate""}}","{""disabled"":{""status"":""candidate_win"",""tick"":13606,""winner"":""candidate""},""separated_lanes_v2"":{""status"":""candidate_win"",""tick"":22249,""winner"":""candidate""},""separated_lanes_unbounded_d1"":{""status"":""candidate_win"",""tick"":10252,""winner"":""candidate""}}"
"21","pinned_supalosa","2","hfo-original","1","88,34","39,82","1","0","0","Americans","1","3350110021","24000","pinned_supalosa__hfo-original","hfo","competitive","27365777","d4890108252cdeec6a6e5b82a731e188ecbbace4d72253eea53c5f1a9053fbd0","366728","18dde712dac64b2f76ec5c91c4e87a7140db78a1","61a3d2de51c60b3bc910e9a358dc1ef0324337e1c9c7535694379490652e14b0","151c4cd5719459b8a6dc218f17d55f7fbc563803a11d6a0b7298a0a121247ebe","907e5ab677a03c50f375da1bec4871880240de2fab790a38dac85674d0f65bf1","{""disabled"":{""status"":""candidate_win"",""tick"":19267,""winner"":""candidate""},""separated_lanes_v2"":{""status"":""tick_cap_draw"",""tick"":24000,""winner"":""draw""},""separated_lanes_unbounded_d1"":{""status"":""candidate_win"",""tick"":9910,""winner"":""candidate""}}","{""disabled"":{""status"":""candidate_win"",""tick"":19267,""winner"":""candidate""},""separated_lanes_v2"":{""status"":""tick_cap_draw"",""tick"":24000,""winner"":""draw""},""separated_lanes_unbounded_d1"":{""status"":""candidate_win"",""tick"":9910,""winner"":""candidate""}}"
"22","pinned_supalosa","2","hfo-original","1","88,34","39,82","1","0","1","Africans","0","3350110022","24000","pinned_supalosa__hfo-original","hfo","competitive","27365778","e420be1d483232a2a0ba825a966269cdc1c9c94f56b580fa96f20c97c6bb84c3","648982","18dde712dac64b2f76ec5c91c4e87a7140db78a1","61a3d2de51c60b3bc910e9a358dc1ef0324337e1c9c7535694379490652e14b0","151c4cd5719459b8a6dc218f17d55f7fbc563803a11d6a0b7298a0a121247ebe","907e5ab677a03c50f375da1bec4871880240de2fab790a38dac85674d0f65bf1","{""disabled"":{""status"":""baseline_win"",""tick"":12087,""winner"":""baseline""},""separated_lanes_v2"":{""status"":""baseline_win"",""tick"":14561,""winner"":""baseline""},""separated_lanes_unbounded_d1"":{""status"":""baseline_win"",""tick"":12087,""winner"":""baseline""}}","{""disabled"":{""status"":""baseline_win"",""tick"":12087,""winner"":""baseline""},""separated_lanes_v2"":{""status"":""baseline_win"",""tick"":14561,""winner"":""baseline""},""separated_lanes_unbounded_d1"":{""status"":""baseline_win"",""tick"":12087,""winner"":""baseline""}}"
"23","pinned_supalosa","2","hfo-original","1","88,34","39,82","1","0","1","Africans","1","3350110023","24000","pinned_supalosa__hfo-original","hfo","competitive","27365779","2d7f04b830422545e16d1a228ae8af552c32f20d21118b15c7dbc9ca2f649cf7","540824","18dde712dac64b2f76ec5c91c4e87a7140db78a1","61a3d2de51c60b3bc910e9a358dc1ef0324337e1c9c7535694379490652e14b0","151c4cd5719459b8a6dc218f17d55f7fbc563803a11d6a0b7298a0a121247ebe","907e5ab677a03c50f375da1bec4871880240de2fab790a38dac85674d0f65bf1","{""disabled"":{""status"":""baseline_win"",""tick"":10046,""winner"":""baseline""},""separated_lanes_v2"":{""status"":""baseline_win"",""tick"":11791,""winner"":""baseline""},""separated_lanes_unbounded_d1"":{""status"":""baseline_win"",""tick"":10046,""winner"":""baseline""}}","{""disabled"":{""status"":""baseline_win"",""tick"":10046,""winner"":""baseline""},""separated_lanes_v2"":{""status"":""baseline_win"",""tick"":11791,""winner"":""baseline""},""separated_lanes_unbounded_d1"":{""status"":""baseline_win"",""tick"":10046,""winner"":""baseline""}}"
"24","pinned_supalosa","3","hfo-golden","0","39,82","88,34","0","1","0","Americans","0","3350110024","24000","pinned_supalosa__hfo-golden","hfo","competitive","27365780","d873aefaceab5d5b883287c202ae11f018635a72f2e58830dd143747dcb553cb","209307","18dde712dac64b2f76ec5c91c4e87a7140db78a1","61a3d2de51c60b3bc910e9a358dc1ef0324337e1c9c7535694379490652e14b0","151c4cd5719459b8a6dc218f17d55f7fbc563803a11d6a0b7298a0a121247ebe","845359bfe0ea2ad3bb9dda90e0c00a7b97946fda132e87f717c22025923bd296","{""disabled"":{""status"":""baseline_win"",""tick"":7962,""winner"":""baseline""},""separated_lanes_v2"":{""status"":""baseline_win"",""tick"":7330,""winner"":""baseline""},""separated_lanes_unbounded_d1"":{""status"":""baseline_win"",""tick"":7330,""winner"":""baseline""}}","{""disabled"":{""status"":""baseline_win"",""tick"":7962,""winner"":""baseline""},""separated_lanes_v2"":{""status"":""baseline_win"",""tick"":7330,""winner"":""baseline""},""separated_lanes_unbounded_d1"":{""status"":""baseline_win"",""tick"":7330,""winner"":""baseline""}}"
"25","pinned_supalosa","3","hfo-golden","0","39,82","88,34","0","1","0","Americans","1","3350110025","24000","pinned_supalosa__hfo-golden","hfo","competitive","27365781","b89fdcaca99b9ce6deb919a828ad1b8cecff35182b2b83c063d4d86bf2eb4398","304629","18dde712dac64b2f76ec5c91c4e87a7140db78a1","61a3d2de51c60b3bc910e9a358dc1ef0324337e1c9c7535694379490652e14b0","151c4cd5719459b8a6dc218f17d55f7fbc563803a11d6a0b7298a0a121247ebe","845359bfe0ea2ad3bb9dda90e0c00a7b97946fda132e87f717c22025923bd296","{""disabled"":{""status"":""candidate_win"",""tick"":7096,""winner"":""candidate""},""separated_lanes_v2"":{""status"":""tick_cap_draw"",""tick"":24000,""winner"":""draw""},""separated_lanes_unbounded_d1"":{""status"":""baseline_win"",""tick"":17625,""winner"":""baseline""}}","{""disabled"":{""status"":""candidate_win"",""tick"":7096,""winner"":""candidate""},""separated_lanes_v2"":{""status"":""tick_cap_draw"",""tick"":24000,""winner"":""draw""},""separated_lanes_unbounded_d1"":{""status"":""baseline_win"",""tick"":17625,""winner"":""baseline""}}"
"26","pinned_supalosa","3","hfo-golden","0","39,82","88,34","0","1","1","Africans","0","3350110026","24000","pinned_supalosa__hfo-golden","hfo","competitive","27365782","acbc94dbc4ae79a409820225a1b421c837c4055bbb74c96c1d64cb3292041bb1","563035","18dde712dac64b2f76ec5c91c4e87a7140db78a1","61a3d2de51c60b3bc910e9a358dc1ef0324337e1c9c7535694379490652e14b0","151c4cd5719459b8a6dc218f17d55f7fbc563803a11d6a0b7298a0a121247ebe","845359bfe0ea2ad3bb9dda90e0c00a7b97946fda132e87f717c22025923bd296","{""disabled"":{""status"":""tick_cap_draw"",""tick"":24000,""winner"":""draw""},""separated_lanes_v2"":{""status"":""candidate_win"",""tick"":13577,""winner"":""candidate""},""separated_lanes_unbounded_d1"":{""status"":""tick_cap_draw"",""tick"":24000,""winner"":""draw""}}","{""disabled"":{""status"":""tick_cap_draw"",""tick"":24000,""winner"":""draw""},""separated_lanes_v2"":{""status"":""candidate_win"",""tick"":13577,""winner"":""candidate""},""separated_lanes_unbounded_d1"":{""status"":""tick_cap_draw"",""tick"":24000,""winner"":""draw""}}"
"27","pinned_supalosa","3","hfo-golden","0","39,82","88,34","0","1","1","Africans","1","3350110027","24000","pinned_supalosa__hfo-golden","hfo","competitive","27365783","c6e04d8ac1c187758134a32d87ef0eca00511ae955e60353e6e0d6372151f71a","500998","18dde712dac64b2f76ec5c91c4e87a7140db78a1","61a3d2de51c60b3bc910e9a358dc1ef0324337e1c9c7535694379490652e14b0","151c4cd5719459b8a6dc218f17d55f7fbc563803a11d6a0b7298a0a121247ebe","845359bfe0ea2ad3bb9dda90e0c00a7b97946fda132e87f717c22025923bd296","{""disabled"":{""status"":""candidate_win"",""tick"":11844,""winner"":""candidate""},""separated_lanes_v2"":{""status"":""candidate_win"",""tick"":9575,""winner"":""candidate""},""separated_lanes_unbounded_d1"":{""status"":""candidate_win"",""tick"":11844,""winner"":""candidate""}}","{""disabled"":{""status"":""candidate_win"",""tick"":11844,""winner"":""candidate""},""separated_lanes_v2"":{""status"":""candidate_win"",""tick"":9575,""winner"":""candidate""},""separated_lanes_unbounded_d1"":{""status"":""candidate_win"",""tick"":11844,""winner"":""candidate""}}"
"28","pinned_supalosa","3","hfo-golden","1","88,34","39,82","1","0","0","Americans","0","3350110028","24000","pinned_supalosa__hfo-golden","hfo","competitive","27365784","65e19884e5c5a154befa94fb8e08177b9ef775fea59d1a882db84137c7f7d47e","366199","18dde712dac64b2f76ec5c91c4e87a7140db78a1","61a3d2de51c60b3bc910e9a358dc1ef0324337e1c9c7535694379490652e14b0","151c4cd5719459b8a6dc218f17d55f7fbc563803a11d6a0b7298a0a121247ebe","845359bfe0ea2ad3bb9dda90e0c00a7b97946fda132e87f717c22025923bd296","{""disabled"":{""status"":""candidate_win"",""tick"":11680,""winner"":""candidate""},""separated_lanes_v2"":{""status"":""tick_cap_draw"",""tick"":24000,""winner"":""draw""},""separated_lanes_unbounded_d1"":{""status"":""candidate_win"",""tick"":12847,""winner"":""candidate""}}","{""disabled"":{""status"":""candidate_win"",""tick"":11680,""winner"":""candidate""},""separated_lanes_v2"":{""status"":""tick_cap_draw"",""tick"":24000,""winner"":""draw""},""separated_lanes_unbounded_d1"":{""status"":""candidate_win"",""tick"":12847,""winner"":""candidate""}}"
"29","pinned_supalosa","3","hfo-golden","1","88,34","39,82","1","0","0","Americans","1","3350110029","24000","pinned_supalosa__hfo-golden","hfo","competitive","27365785","8e58198fda2102ebe8cec0871f4e6a2afd0bdfd228eea952ee453b45056b4d15","323816","18dde712dac64b2f76ec5c91c4e87a7140db78a1","61a3d2de51c60b3bc910e9a358dc1ef0324337e1c9c7535694379490652e14b0","151c4cd5719459b8a6dc218f17d55f7fbc563803a11d6a0b7298a0a121247ebe","845359bfe0ea2ad3bb9dda90e0c00a7b97946fda132e87f717c22025923bd296","{""disabled"":{""status"":""candidate_win"",""tick"":10648,""winner"":""candidate""},""separated_lanes_v2"":{""status"":""candidate_win"",""tick"":12490,""winner"":""candidate""},""separated_lanes_unbounded_d1"":{""status"":""candidate_win"",""tick"":9544,""winner"":""candidate""}}","{""disabled"":{""status"":""candidate_win"",""tick"":10648,""winner"":""candidate""},""separated_lanes_v2"":{""status"":""candidate_win"",""tick"":12490,""winner"":""candidate""},""separated_lanes_unbounded_d1"":{""status"":""candidate_win"",""tick"":9544,""winner"":""candidate""}}"
"30","pinned_supalosa","3","hfo-golden","1","88,34","39,82","1","0","1","Africans","0","3350110030","24000","pinned_supalosa__hfo-golden","hfo","competitive","27365786","38662cbb41b2a0007a8874ecdada21d53fb44e483c1f51820bc5a0b7b73cbcbd","518835","18dde712dac64b2f76ec5c91c4e87a7140db78a1","61a3d2de51c60b3bc910e9a358dc1ef0324337e1c9c7535694379490652e14b0","151c4cd5719459b8a6dc218f17d55f7fbc563803a11d6a0b7298a0a121247ebe","845359bfe0ea2ad3bb9dda90e0c00a7b97946fda132e87f717c22025923bd296","{""disabled"":{""status"":""baseline_win"",""tick"":9420,""winner"":""baseline""},""separated_lanes_v2"":{""status"":""baseline_win"",""tick"":11888,""winner"":""baseline""},""separated_lanes_unbounded_d1"":{""status"":""baseline_win"",""tick"":9420,""winner"":""baseline""}}","{""disabled"":{""status"":""baseline_win"",""tick"":9420,""winner"":""baseline""},""separated_lanes_v2"":{""status"":""baseline_win"",""tick"":11888,""winner"":""baseline""},""separated_lanes_unbounded_d1"":{""status"":""baseline_win"",""tick"":9420,""winner"":""baseline""}}"
"31","pinned_supalosa","3","hfo-golden","1","88,34","39,82","1","0","1","Africans","1","3350110031","24000","pinned_supalosa__hfo-golden","hfo","competitive","27365787","a2c4615af9246a910cadcd96aea5599bcb743e50faab6b1efa761a4f958d142a","751518","18dde712dac64b2f76ec5c91c4e87a7140db78a1","61a3d2de51c60b3bc910e9a358dc1ef0324337e1c9c7535694379490652e14b0","151c4cd5719459b8a6dc218f17d55f7fbc563803a11d6a0b7298a0a121247ebe","845359bfe0ea2ad3bb9dda90e0c00a7b97946fda132e87f717c22025923bd296","{""disabled"":{""status"":""tick_cap_draw"",""tick"":24000,""winner"":""draw""},""separated_lanes_v2"":{""status"":""baseline_win"",""tick"":8310,""winner"":""baseline""},""separated_lanes_unbounded_d1"":{""status"":""tick_cap_draw"",""tick"":24000,""winner"":""draw""}}","{""disabled"":{""status"":""tick_cap_draw"",""tick"":24000,""winner"":""draw""},""separated_lanes_v2"":{""status"":""baseline_win"",""tick"":8310,""winner"":""baseline""},""separated_lanes_unbounded_d1"":{""status"":""tick_cap_draw"",""tick"":24000,""winner"":""draw""}}"
"32","pinned_supalosa","4","hfo-corners","0","39,82","88,34","0","1","0","Americans","0","3350110032","24000","pinned_supalosa__hfo-corners","hfo","competitive","27365896","82cb6134512582e2b0558aa7b86b2c794ee2e703bc2f5e947e07f431b3277194","215744","18dde712dac64b2f76ec5c91c4e87a7140db78a1","61a3d2de51c60b3bc910e9a358dc1ef0324337e1c9c7535694379490652e14b0","151c4cd5719459b8a6dc218f17d55f7fbc563803a11d6a0b7298a0a121247ebe","3aa63da555db30d0d97d9319057650c440ebf57f655c8c001705e312768e628a","{""disabled"":{""status"":""baseline_win"",""tick"":8883,""winner"":""baseline""},""separated_lanes_v2"":{""status"":""tick_cap_draw"",""tick"":24000,""winner"":""draw""},""separated_lanes_unbounded_d1"":{""status"":""baseline_win"",""tick"":8326,""winner"":""baseline""}}","{""disabled"":{""status"":""baseline_win"",""tick"":8883,""winner"":""baseline""},""separated_lanes_v2"":{""status"":""tick_cap_draw"",""tick"":24000,""winner"":""draw""},""separated_lanes_unbounded_d1"":{""status"":""baseline_win"",""tick"":8326,""winner"":""baseline""}}"
"33","pinned_supalosa","4","hfo-corners","0","39,82","88,34","0","1","0","Americans","1","3350110033","24000","pinned_supalosa__hfo-corners","hfo","competitive","27365898","1bb5f5beee6ca22784ae71b56abd638959384048a675926727562823efa76cd3","243675","18dde712dac64b2f76ec5c91c4e87a7140db78a1","61a3d2de51c60b3bc910e9a358dc1ef0324337e1c9c7535694379490652e14b0","151c4cd5719459b8a6dc218f17d55f7fbc563803a11d6a0b7298a0a121247ebe","3aa63da555db30d0d97d9319057650c440ebf57f655c8c001705e312768e628a","{""disabled"":{""status"":""tick_cap_draw"",""tick"":24000,""winner"":""draw""},""separated_lanes_v2"":{""status"":""tick_cap_draw"",""tick"":24000,""winner"":""draw""},""separated_lanes_unbounded_d1"":{""status"":""tick_cap_draw"",""tick"":24000,""winner"":""draw""}}","{""disabled"":{""status"":""tick_cap_draw"",""tick"":24000,""winner"":""draw""},""separated_lanes_v2"":{""status"":""tick_cap_draw"",""tick"":24000,""winner"":""draw""},""separated_lanes_unbounded_d1"":{""status"":""tick_cap_draw"",""tick"":24000,""winner"":""draw""}}"
"34","pinned_supalosa","4","hfo-corners","0","39,82","88,34","0","1","1","Africans","0","3350110034","24000","pinned_supalosa__hfo-corners","hfo","competitive","27365902","3bf4aa3b3dbe7efa5a18b90ae0980676cfeae58d4054c8570f1caa31d021b790","522598","18dde712dac64b2f76ec5c91c4e87a7140db78a1","61a3d2de51c60b3bc910e9a358dc1ef0324337e1c9c7535694379490652e14b0","151c4cd5719459b8a6dc218f17d55f7fbc563803a11d6a0b7298a0a121247ebe","3aa63da555db30d0d97d9319057650c440ebf57f655c8c001705e312768e628a","{""disabled"":{""status"":""candidate_win"",""tick"":21114,""winner"":""candidate""},""separated_lanes_v2"":{""status"":""tick_cap_draw"",""tick"":24000,""winner"":""draw""},""separated_lanes_unbounded_d1"":{""status"":""candidate_win"",""tick"":21114,""winner"":""candidate""}}","{""disabled"":{""status"":""candidate_win"",""tick"":21114,""winner"":""candidate""},""separated_lanes_v2"":{""status"":""tick_cap_draw"",""tick"":24000,""winner"":""draw""},""separated_lanes_unbounded_d1"":{""status"":""candidate_win"",""tick"":21114,""winner"":""candidate""}}"
"35","pinned_supalosa","4","hfo-corners","0","39,82","88,34","0","1","1","Africans","1","3350110035","24000","pinned_supalosa__hfo-corners","hfo","competitive","27365903","3bb83f3d21a7de97aab73ee1c6d7cb140d1912521a2e0922f6f5887c84be0df0","524381","18dde712dac64b2f76ec5c91c4e87a7140db78a1","61a3d2de51c60b3bc910e9a358dc1ef0324337e1c9c7535694379490652e14b0","151c4cd5719459b8a6dc218f17d55f7fbc563803a11d6a0b7298a0a121247ebe","3aa63da555db30d0d97d9319057650c440ebf57f655c8c001705e312768e628a","{""disabled"":{""status"":""candidate_win"",""tick"":20249,""winner"":""candidate""},""separated_lanes_v2"":{""status"":""candidate_win"",""tick"":13580,""winner"":""candidate""},""separated_lanes_unbounded_d1"":{""status"":""candidate_win"",""tick"":20249,""winner"":""candidate""}}","{""disabled"":{""status"":""candidate_win"",""tick"":20249,""winner"":""candidate""},""separated_lanes_v2"":{""status"":""candidate_win"",""tick"":13580,""winner"":""candidate""},""separated_lanes_unbounded_d1"":{""status"":""candidate_win"",""tick"":20249,""winner"":""candidate""}}"
"36","pinned_supalosa","4","hfo-corners","1","88,34","39,82","1","0","0","Americans","0","3350110036","24000","pinned_supalosa__hfo-corners","hfo","competitive","27365951","e3bd7fe77bbe3904dcdc57da1c546843b2bcb6ce6dfa09284618daf8a0281098","252475","18dde712dac64b2f76ec5c91c4e87a7140db78a1","61a3d2de51c60b3bc910e9a358dc1ef0324337e1c9c7535694379490652e14b0","151c4cd5719459b8a6dc218f17d55f7fbc563803a11d6a0b7298a0a121247ebe","3aa63da555db30d0d97d9319057650c440ebf57f655c8c001705e312768e628a","{""disabled"":{""status"":""baseline_win"",""tick"":7006,""winner"":""baseline""},""separated_lanes_v2"":{""status"":""baseline_win"",""tick"":7663,""winner"":""baseline""},""separated_lanes_unbounded_d1"":{""status"":""baseline_win"",""tick"":7006,""winner"":""baseline""}}","{""disabled"":{""status"":""baseline_win"",""tick"":7006,""winner"":""baseline""},""separated_lanes_v2"":{""status"":""baseline_win"",""tick"":7663,""winner"":""baseline""},""separated_lanes_unbounded_d1"":{""status"":""baseline_win"",""tick"":7006,""winner"":""baseline""}}"
"37","pinned_supalosa","4","hfo-corners","1","88,34","39,82","1","0","0","Americans","1","3350110037","24000","pinned_supalosa__hfo-corners","hfo","competitive","27365954","b86a1bc54e4265058c2cc3fbaab7c4d7d3159ce3ed0a38870501fc7eea47586c","344439","18dde712dac64b2f76ec5c91c4e87a7140db78a1","61a3d2de51c60b3bc910e9a358dc1ef0324337e1c9c7535694379490652e14b0","151c4cd5719459b8a6dc218f17d55f7fbc563803a11d6a0b7298a0a121247ebe","3aa63da555db30d0d97d9319057650c440ebf57f655c8c001705e312768e628a","{""disabled"":{""status"":""candidate_win"",""tick"":16546,""winner"":""candidate""},""separated_lanes_v2"":{""status"":""candidate_win"",""tick"":20134,""winner"":""candidate""},""separated_lanes_unbounded_d1"":{""status"":""candidate_win"",""tick"":11488,""winner"":""candidate""}}","{""disabled"":{""status"":""candidate_win"",""tick"":16546,""winner"":""candidate""},""separated_lanes_v2"":{""status"":""candidate_win"",""tick"":20134,""winner"":""candidate""},""separated_lanes_unbounded_d1"":{""status"":""candidate_win"",""tick"":11488,""winner"":""candidate""}}"
"38","pinned_supalosa","4","hfo-corners","1","88,34","39,82","1","0","1","Africans","0","3350110038","24000","pinned_supalosa__hfo-corners","hfo","competitive","27365958","94f2003d8fe319b23af2f6f3e4603ad54080a40fc3b6ec6074a3d15a96dc117b","376650","18dde712dac64b2f76ec5c91c4e87a7140db78a1","61a3d2de51c60b3bc910e9a358dc1ef0324337e1c9c7535694379490652e14b0","151c4cd5719459b8a6dc218f17d55f7fbc563803a11d6a0b7298a0a121247ebe","3aa63da555db30d0d97d9319057650c440ebf57f655c8c001705e312768e628a","{""disabled"":{""status"":""baseline_win"",""tick"":7918,""winner"":""baseline""},""separated_lanes_v2"":{""status"":""tick_cap_draw"",""tick"":24000,""winner"":""draw""},""separated_lanes_unbounded_d1"":{""status"":""baseline_win"",""tick"":7918,""winner"":""baseline""}}","{""disabled"":{""status"":""baseline_win"",""tick"":7918,""winner"":""baseline""},""separated_lanes_v2"":{""status"":""tick_cap_draw"",""tick"":24000,""winner"":""draw""},""separated_lanes_unbounded_d1"":{""status"":""baseline_win"",""tick"":7918,""winner"":""baseline""}}"
"39","pinned_supalosa","4","hfo-corners","1","88,34","39,82","1","0","1","Africans","1","3350110039","24000","pinned_supalosa__hfo-corners","hfo","competitive","27365960","241da6e22813a7579e7c5df834caa41d1e9ac975f90dbe33d17a5c87150624cd","489783","18dde712dac64b2f76ec5c91c4e87a7140db78a1","61a3d2de51c60b3bc910e9a358dc1ef0324337e1c9c7535694379490652e14b0","151c4cd5719459b8a6dc218f17d55f7fbc563803a11d6a0b7298a0a121247ebe","3aa63da555db30d0d97d9319057650c440ebf57f655c8c001705e312768e628a","{""disabled"":{""status"":""tick_cap_draw"",""tick"":24000,""winner"":""draw""},""separated_lanes_v2"":{""status"":""tick_cap_draw"",""tick"":24000,""winner"":""draw""},""separated_lanes_unbounded_d1"":{""status"":""tick_cap_draw"",""tick"":24000,""winner"":""draw""}}","{""disabled"":{""status"":""tick_cap_draw"",""tick"":24000,""winner"":""draw""},""separated_lanes_v2"":{""status"":""tick_cap_draw"",""tick"":24000,""winner"":""draw""},""separated_lanes_unbounded_d1"":{""status"":""tick_cap_draw"",""tick"":24000,""winner"":""draw""}}"
"40","pinned_supalosa","5","hfo-corners-b","0","39,82","88,34","0","1","0","Americans","0","3350110040","24000","pinned_supalosa__hfo-corners-b","hfo","competitive","27365976","8cf25eabf2b1fee3a2d76c967dfd009b1df0ae2ce7bbd14552d65604ace39bef","205449","18dde712dac64b2f76ec5c91c4e87a7140db78a1","61a3d2de51c60b3bc910e9a358dc1ef0324337e1c9c7535694379490652e14b0","151c4cd5719459b8a6dc218f17d55f7fbc563803a11d6a0b7298a0a121247ebe","fb4ffb59de9f0ba114bd7f37a943f1ce9a4496e3ecb3e9382e72392039833a73","{""disabled"":{""status"":""baseline_win"",""tick"":7738,""winner"":""baseline""},""separated_lanes_v2"":{""status"":""baseline_win"",""tick"":7618,""winner"":""baseline""},""separated_lanes_unbounded_d1"":{""status"":""baseline_win"",""tick"":7618,""winner"":""baseline""}}","{""disabled"":{""status"":""baseline_win"",""tick"":7738,""winner"":""baseline""},""separated_lanes_v2"":{""status"":""baseline_win"",""tick"":7618,""winner"":""baseline""},""separated_lanes_unbounded_d1"":{""status"":""baseline_win"",""tick"":7618,""winner"":""baseline""}}"
"41","pinned_supalosa","5","hfo-corners-b","0","39,82","88,34","0","1","0","Americans","1","3350110041","24000","pinned_supalosa__hfo-corners-b","hfo","competitive","27366020","d45e423fbac201c1b538c124a27d1d96cdc6adde39c0d3c0c18002807a43a1f2","382104","18dde712dac64b2f76ec5c91c4e87a7140db78a1","61a3d2de51c60b3bc910e9a358dc1ef0324337e1c9c7535694379490652e14b0","151c4cd5719459b8a6dc218f17d55f7fbc563803a11d6a0b7298a0a121247ebe","fb4ffb59de9f0ba114bd7f37a943f1ce9a4496e3ecb3e9382e72392039833a73","{""disabled"":{""status"":""tick_cap_draw"",""tick"":24000,""winner"":""draw""},""separated_lanes_v2"":{""status"":""tick_cap_draw"",""tick"":24000,""winner"":""draw""},""separated_lanes_unbounded_d1"":{""status"":""candidate_win"",""tick"":8194,""winner"":""candidate""}}","{""disabled"":{""status"":""tick_cap_draw"",""tick"":24000,""winner"":""draw""},""separated_lanes_v2"":{""status"":""tick_cap_draw"",""tick"":24000,""winner"":""draw""},""separated_lanes_unbounded_d1"":{""status"":""candidate_win"",""tick"":8194,""winner"":""candidate""}}"
"42","pinned_supalosa","5","hfo-corners-b","0","39,82","88,34","0","1","1","Africans","0","3350110042","24000","pinned_supalosa__hfo-corners-b","hfo","competitive","27366037","15983a1ab7e6941d87b82387143d49f3f9f49fcca6fd2197e344f2daf9ecea4d","425029","18dde712dac64b2f76ec5c91c4e87a7140db78a1","61a3d2de51c60b3bc910e9a358dc1ef0324337e1c9c7535694379490652e14b0","151c4cd5719459b8a6dc218f17d55f7fbc563803a11d6a0b7298a0a121247ebe","fb4ffb59de9f0ba114bd7f37a943f1ce9a4496e3ecb3e9382e72392039833a73","{""disabled"":{""status"":""candidate_win"",""tick"":17644,""winner"":""candidate""},""separated_lanes_v2"":{""status"":""tick_cap_draw"",""tick"":24000,""winner"":""draw""},""separated_lanes_unbounded_d1"":{""status"":""candidate_win"",""tick"":17644,""winner"":""candidate""}}","{""disabled"":{""status"":""candidate_win"",""tick"":17644,""winner"":""candidate""},""separated_lanes_v2"":{""status"":""tick_cap_draw"",""tick"":24000,""winner"":""draw""},""separated_lanes_unbounded_d1"":{""status"":""candidate_win"",""tick"":17644,""winner"":""candidate""}}"
"43","pinned_supalosa","5","hfo-corners-b","0","39,82","88,34","0","1","1","Africans","1","3350110043","24000","pinned_supalosa__hfo-corners-b","hfo","competitive","27366041","94bbb52e6734b53c848611ca5bac288c5798e06c7c0f437a767ec1a9f860db42","498021","18dde712dac64b2f76ec5c91c4e87a7140db78a1","61a3d2de51c60b3bc910e9a358dc1ef0324337e1c9c7535694379490652e14b0","151c4cd5719459b8a6dc218f17d55f7fbc563803a11d6a0b7298a0a121247ebe","fb4ffb59de9f0ba114bd7f37a943f1ce9a4496e3ecb3e9382e72392039833a73","{""disabled"":{""status"":""baseline_win"",""tick"":23474,""winner"":""baseline""},""separated_lanes_v2"":{""status"":""tick_cap_draw"",""tick"":24000,""winner"":""draw""},""separated_lanes_unbounded_d1"":{""status"":""baseline_win"",""tick"":23474,""winner"":""baseline""}}","{""disabled"":{""status"":""baseline_win"",""tick"":23474,""winner"":""baseline""},""separated_lanes_v2"":{""status"":""tick_cap_draw"",""tick"":24000,""winner"":""draw""},""separated_lanes_unbounded_d1"":{""status"":""baseline_win"",""tick"":23474,""winner"":""baseline""}}"
"44","pinned_supalosa","5","hfo-corners-b","1","88,34","39,82","1","0","0","Americans","0","3350110044","24000","pinned_supalosa__hfo-corners-b","hfo","competitive","27366043","c8f28a42372f4347ac3f7abedfbed2f4db12e0242c5a5e75a2942debb70d42ea","188422","18dde712dac64b2f76ec5c91c4e87a7140db78a1","61a3d2de51c60b3bc910e9a358dc1ef0324337e1c9c7535694379490652e14b0","151c4cd5719459b8a6dc218f17d55f7fbc563803a11d6a0b7298a0a121247ebe","fb4ffb59de9f0ba114bd7f37a943f1ce9a4496e3ecb3e9382e72392039833a73","{""disabled"":{""status"":""baseline_win"",""tick"":6562,""winner"":""baseline""},""separated_lanes_v2"":{""status"":""baseline_win"",""tick"":6538,""winner"":""baseline""},""separated_lanes_unbounded_d1"":{""status"":""baseline_win"",""tick"":6562,""winner"":""baseline""}}","{""disabled"":{""status"":""baseline_win"",""tick"":6562,""winner"":""baseline""},""separated_lanes_v2"":{""status"":""baseline_win"",""tick"":6538,""winner"":""baseline""},""separated_lanes_unbounded_d1"":{""status"":""baseline_win"",""tick"":6562,""winner"":""baseline""}}"
"45","pinned_supalosa","5","hfo-corners-b","1","88,34","39,82","1","0","0","Americans","1","3350110045","24000","pinned_supalosa__hfo-corners-b","hfo","competitive","27366053","a5e12c06f20ac45dec2806d27c365954aa7eae5d330fa50b8f45af4259b9bf51","351593","18dde712dac64b2f76ec5c91c4e87a7140db78a1","61a3d2de51c60b3bc910e9a358dc1ef0324337e1c9c7535694379490652e14b0","151c4cd5719459b8a6dc218f17d55f7fbc563803a11d6a0b7298a0a121247ebe","fb4ffb59de9f0ba114bd7f37a943f1ce9a4496e3ecb3e9382e72392039833a73","{""disabled"":{""status"":""candidate_win"",""tick"":12616,""winner"":""candidate""},""separated_lanes_v2"":{""status"":""candidate_win"",""tick"":13376,""winner"":""candidate""},""separated_lanes_unbounded_d1"":{""status"":""candidate_win"",""tick"":11374,""winner"":""candidate""}}","{""disabled"":{""status"":""candidate_win"",""tick"":12616,""winner"":""candidate""},""separated_lanes_v2"":{""status"":""candidate_win"",""tick"":13376,""winner"":""candidate""},""separated_lanes_unbounded_d1"":{""status"":""candidate_win"",""tick"":11374,""winner"":""candidate""}}"
"46","pinned_supalosa","5","hfo-corners-b","1","88,34","39,82","1","0","1","Africans","0","3350110046","24000","pinned_supalosa__hfo-corners-b","hfo","competitive","27366104","2aed5778e37af336086e83edde5779d9492f9ba64a3753f013046c77fe9815dc","338559","18dde712dac64b2f76ec5c91c4e87a7140db78a1","61a3d2de51c60b3bc910e9a358dc1ef0324337e1c9c7535694379490652e14b0","151c4cd5719459b8a6dc218f17d55f7fbc563803a11d6a0b7298a0a121247ebe","fb4ffb59de9f0ba114bd7f37a943f1ce9a4496e3ecb3e9382e72392039833a73","{""disabled"":{""status"":""tick_cap_draw"",""tick"":24000,""winner"":""draw""},""separated_lanes_v2"":{""status"":""tick_cap_draw"",""tick"":24000,""winner"":""draw""},""separated_lanes_unbounded_d1"":{""status"":""tick_cap_draw"",""tick"":24000,""winner"":""draw""}}","{""disabled"":{""status"":""tick_cap_draw"",""tick"":24000,""winner"":""draw""},""separated_lanes_v2"":{""status"":""tick_cap_draw"",""tick"":24000,""winner"":""draw""},""separated_lanes_unbounded_d1"":{""status"":""tick_cap_draw"",""tick"":24000,""winner"":""draw""}}"
"47","pinned_supalosa","5","hfo-corners-b","1","88,34","39,82","1","0","1","Africans","1","3350110047","24000","pinned_supalosa__hfo-corners-b","hfo","competitive","27366105","69d333edf084c32821a923e1764240a1742ec98d40bc68f26bb4ba6229324ff3","357035","18dde712dac64b2f76ec5c91c4e87a7140db78a1","61a3d2de51c60b3bc910e9a358dc1ef0324337e1c9c7535694379490652e14b0","151c4cd5719459b8a6dc218f17d55f7fbc563803a11d6a0b7298a0a121247ebe","fb4ffb59de9f0ba114bd7f37a943f1ce9a4496e3ecb3e9382e72392039833a73","{""disabled"":{""status"":""tick_cap_draw"",""tick"":24000,""winner"":""draw""},""separated_lanes_v2"":{""status"":""tick_cap_draw"",""tick"":24000,""winner"":""draw""},""separated_lanes_unbounded_d1"":{""status"":""tick_cap_draw"",""tick"":24000,""winner"":""draw""}}","{""disabled"":{""status"":""tick_cap_draw"",""tick"":24000,""winner"":""draw""},""separated_lanes_v2"":{""status"":""tick_cap_draw"",""tick"":24000,""winner"":""draw""},""separated_lanes_unbounded_d1"":{""status"":""tick_cap_draw"",""tick"":24000,""winner"":""draw""}}"
"48","pinned_supalosa","6","hfo-corners-b-golden","0","39,82","88,34","0","1","0","Americans","0","3350110048","24000","pinned_supalosa__hfo-corners-b-golden","hfo","competitive","27366110","bae6f01efd868961f6ff685696a40fcfc10c9e2b6632a65c5a69d98641e6c86d","221945","18dde712dac64b2f76ec5c91c4e87a7140db78a1","61a3d2de51c60b3bc910e9a358dc1ef0324337e1c9c7535694379490652e14b0","151c4cd5719459b8a6dc218f17d55f7fbc563803a11d6a0b7298a0a121247ebe","52cdb880326a3d39db5c8a9939830947496f7c009a8cbe3d02ce973563180f50","{""disabled"":{""status"":""baseline_win"",""tick"":8785,""winner"":""baseline""},""separated_lanes_v2"":{""status"":""baseline_win"",""tick"":7684,""winner"":""baseline""},""separated_lanes_unbounded_d1"":{""status"":""tick_cap_draw"",""tick"":24000,""winner"":""draw""}}","{""disabled"":{""status"":""baseline_win"",""tick"":8785,""winner"":""baseline""},""separated_lanes_v2"":{""status"":""baseline_win"",""tick"":7684,""winner"":""baseline""},""separated_lanes_unbounded_d1"":{""status"":""tick_cap_draw"",""tick"":24000,""winner"":""draw""}}"
"49","pinned_supalosa","6","hfo-corners-b-golden","0","39,82","88,34","0","1","0","Americans","1","3350110049","24000","pinned_supalosa__hfo-corners-b-golden","hfo","competitive","27366111","406a7d7dabb95f1fd288b9928146d558b0580a126017a58511ee5287da181611","306742","18dde712dac64b2f76ec5c91c4e87a7140db78a1","61a3d2de51c60b3bc910e9a358dc1ef0324337e1c9c7535694379490652e14b0","151c4cd5719459b8a6dc218f17d55f7fbc563803a11d6a0b7298a0a121247ebe","52cdb880326a3d39db5c8a9939830947496f7c009a8cbe3d02ce973563180f50","{""disabled"":{""status"":""candidate_win"",""tick"":10936,""winner"":""candidate""},""separated_lanes_v2"":{""status"":""candidate_win"",""tick"":20015,""winner"":""candidate""},""separated_lanes_unbounded_d1"":{""status"":""candidate_win"",""tick"":7264,""winner"":""candidate""}}","{""disabled"":{""status"":""candidate_win"",""tick"":10936,""winner"":""candidate""},""separated_lanes_v2"":{""status"":""candidate_win"",""tick"":20015,""winner"":""candidate""},""separated_lanes_unbounded_d1"":{""status"":""candidate_win"",""tick"":7264,""winner"":""candidate""}}"
"50","pinned_supalosa","6","hfo-corners-b-golden","0","39,82","88,34","0","1","1","Africans","0","3350110050","24000","pinned_supalosa__hfo-corners-b-golden","hfo","competitive","27366116","308770a716d8e5bca4437d8dfe4daf54978f92817a1c4e82064987b3581f7c2c","346085","18dde712dac64b2f76ec5c91c4e87a7140db78a1","61a3d2de51c60b3bc910e9a358dc1ef0324337e1c9c7535694379490652e14b0","151c4cd5719459b8a6dc218f17d55f7fbc563803a11d6a0b7298a0a121247ebe","52cdb880326a3d39db5c8a9939830947496f7c009a8cbe3d02ce973563180f50","{""disabled"":{""status"":""candidate_win"",""tick"":8077,""winner"":""candidate""},""separated_lanes_v2"":{""status"":""baseline_win"",""tick"":16938,""winner"":""baseline""},""separated_lanes_unbounded_d1"":{""status"":""candidate_win"",""tick"":8077,""winner"":""candidate""}}","{""disabled"":{""status"":""candidate_win"",""tick"":8077,""winner"":""candidate""},""separated_lanes_v2"":{""status"":""baseline_win"",""tick"":16938,""winner"":""baseline""},""separated_lanes_unbounded_d1"":{""status"":""candidate_win"",""tick"":8077,""winner"":""candidate""}}"
"51","pinned_supalosa","6","hfo-corners-b-golden","0","39,82","88,34","0","1","1","Africans","1","3350110051","24000","pinned_supalosa__hfo-corners-b-golden","hfo","competitive","27366117","a92b8ade3a90f89d61d821d8fe3f38466f4351497bebd9c639a89659c61e2115","374709","18dde712dac64b2f76ec5c91c4e87a7140db78a1","61a3d2de51c60b3bc910e9a358dc1ef0324337e1c9c7535694379490652e14b0","151c4cd5719459b8a6dc218f17d55f7fbc563803a11d6a0b7298a0a121247ebe","52cdb880326a3d39db5c8a9939830947496f7c009a8cbe3d02ce973563180f50","{""disabled"":{""status"":""candidate_win"",""tick"":8222,""winner"":""candidate""},""separated_lanes_v2"":{""status"":""tick_cap_draw"",""tick"":24000,""winner"":""draw""},""separated_lanes_unbounded_d1"":{""status"":""candidate_win"",""tick"":8222,""winner"":""candidate""}}","{""disabled"":{""status"":""candidate_win"",""tick"":8222,""winner"":""candidate""},""separated_lanes_v2"":{""status"":""tick_cap_draw"",""tick"":24000,""winner"":""draw""},""separated_lanes_unbounded_d1"":{""status"":""candidate_win"",""tick"":8222,""winner"":""candidate""}}"
"52","pinned_supalosa","6","hfo-corners-b-golden","1","88,34","39,82","1","0","0","Americans","0","3350110052","24000","pinned_supalosa__hfo-corners-b-golden","hfo","competitive","27366141","518413dfcb5d21904d253af0d565a702e93dd0eecc0198104a4bf145faf3c78c","190612","18dde712dac64b2f76ec5c91c4e87a7140db78a1","61a3d2de51c60b3bc910e9a358dc1ef0324337e1c9c7535694379490652e14b0","151c4cd5719459b8a6dc218f17d55f7fbc563803a11d6a0b7298a0a121247ebe","52cdb880326a3d39db5c8a9939830947496f7c009a8cbe3d02ce973563180f50","{""disabled"":{""status"":""baseline_win"",""tick"":6454,""winner"":""baseline""},""separated_lanes_v2"":{""status"":""baseline_win"",""tick"":6730,""winner"":""baseline""},""separated_lanes_unbounded_d1"":{""status"":""baseline_win"",""tick"":6454,""winner"":""baseline""}}","{""disabled"":{""status"":""baseline_win"",""tick"":6454,""winner"":""baseline""},""separated_lanes_v2"":{""status"":""baseline_win"",""tick"":6730,""winner"":""baseline""},""separated_lanes_unbounded_d1"":{""status"":""baseline_win"",""tick"":6454,""winner"":""baseline""}}"
"53","pinned_supalosa","6","hfo-corners-b-golden","1","88,34","39,82","1","0","0","Americans","1","3350110053","24000","pinned_supalosa__hfo-corners-b-golden","hfo","competitive","27366143","b513b525a6ecd3a17b373e626a44c1c2fa3534624837744ed61be4aa1593a51f","294006","18dde712dac64b2f76ec5c91c4e87a7140db78a1","61a3d2de51c60b3bc910e9a358dc1ef0324337e1c9c7535694379490652e14b0","151c4cd5719459b8a6dc218f17d55f7fbc563803a11d6a0b7298a0a121247ebe","52cdb880326a3d39db5c8a9939830947496f7c009a8cbe3d02ce973563180f50","{""disabled"":{""status"":""candidate_win"",""tick"":10036,""winner"":""candidate""},""separated_lanes_v2"":{""status"":""candidate_win"",""tick"":11146,""winner"":""candidate""},""separated_lanes_unbounded_d1"":{""status"":""candidate_win"",""tick"":10485,""winner"":""candidate""}}","{""disabled"":{""status"":""candidate_win"",""tick"":10036,""winner"":""candidate""},""separated_lanes_v2"":{""status"":""candidate_win"",""tick"":11146,""winner"":""candidate""},""separated_lanes_unbounded_d1"":{""status"":""candidate_win"",""tick"":10485,""winner"":""candidate""}}"
"54","pinned_supalosa","6","hfo-corners-b-golden","1","88,34","39,82","1","0","1","Africans","0","3350110054","24000","pinned_supalosa__hfo-corners-b-golden","hfo","competitive","27366145","b26e8664548fce958c626b50bca2bcaff7ca3b18a40a30d58c48a72f58571c6b","374025","18dde712dac64b2f76ec5c91c4e87a7140db78a1","61a3d2de51c60b3bc910e9a358dc1ef0324337e1c9c7535694379490652e14b0","151c4cd5719459b8a6dc218f17d55f7fbc563803a11d6a0b7298a0a121247ebe","52cdb880326a3d39db5c8a9939830947496f7c009a8cbe3d02ce973563180f50","{""disabled"":{""status"":""tick_cap_draw"",""tick"":24000,""winner"":""draw""},""separated_lanes_v2"":{""status"":""baseline_win"",""tick"":20286,""winner"":""baseline""},""separated_lanes_unbounded_d1"":{""status"":""tick_cap_draw"",""tick"":24000,""winner"":""draw""}}","{""disabled"":{""status"":""tick_cap_draw"",""tick"":24000,""winner"":""draw""},""separated_lanes_v2"":{""status"":""baseline_win"",""tick"":20286,""winner"":""baseline""},""separated_lanes_unbounded_d1"":{""status"":""tick_cap_draw"",""tick"":24000,""winner"":""draw""}}"
"55","pinned_supalosa","6","hfo-corners-b-golden","1","88,34","39,82","1","0","1","Africans","1","3350110055","24000","pinned_supalosa__hfo-corners-b-golden","hfo","competitive","27366146","1ef89d56ddeab42df25b77c9d4c7ae7679c205af2fc8514f5a847c69a3da1500","368815","18dde712dac64b2f76ec5c91c4e87a7140db78a1","61a3d2de51c60b3bc910e9a358dc1ef0324337e1c9c7535694379490652e14b0","151c4cd5719459b8a6dc218f17d55f7fbc563803a11d6a0b7298a0a121247ebe","52cdb880326a3d39db5c8a9939830947496f7c009a8cbe3d02ce973563180f50","{""disabled"":{""status"":""baseline_win"",""tick"":8165,""winner"":""baseline""},""separated_lanes_v2"":{""status"":""baseline_win"",""tick"":8606,""winner"":""baseline""},""separated_lanes_unbounded_d1"":{""status"":""baseline_win"",""tick"":8165,""winner"":""baseline""}}","{""disabled"":{""status"":""baseline_win"",""tick"":8165,""winner"":""baseline""},""separated_lanes_v2"":{""status"":""baseline_win"",""tick"":8606,""winner"":""baseline""},""separated_lanes_unbounded_d1"":{""status"":""baseline_win"",""tick"":8165,""winner"":""baseline""}}"
"56","pinned_supalosa","7","hfo-bvb","0","87,158","151,119","0","1","0","Americans","0","3350110056","24000","pinned_supalosa__hfo-bvb","hfo","competitive","27366205","11a8282e0688f22eba9ebab1b4330d60c12622caaeb63d039d40f57aa4e5cc2a","391515","18dde712dac64b2f76ec5c91c4e87a7140db78a1","61a3d2de51c60b3bc910e9a358dc1ef0324337e1c9c7535694379490652e14b0","151c4cd5719459b8a6dc218f17d55f7fbc563803a11d6a0b7298a0a121247ebe","5a7554fb64a16bd345cb42bf3bcbccd376fa92ad1c0356058f0427e9f0910f04","{""disabled"":{""status"":""tick_cap_draw"",""tick"":24000,""winner"":""draw""},""separated_lanes_v2"":{""status"":""baseline_win"",""tick"":20537,""winner"":""baseline""},""separated_lanes_unbounded_d1"":{""status"":""tick_cap_draw"",""tick"":24000,""winner"":""draw""}}","{""disabled"":{""status"":""tick_cap_draw"",""tick"":24000,""winner"":""draw""},""separated_lanes_v2"":{""status"":""baseline_win"",""tick"":20537,""winner"":""baseline""},""separated_lanes_unbounded_d1"":{""status"":""tick_cap_draw"",""tick"":24000,""winner"":""draw""}}"
"57","pinned_supalosa","7","hfo-bvb","0","87,158","151,119","0","1","0","Americans","1","3350110057","24000","pinned_supalosa__hfo-bvb","hfo","competitive","27366206","6aaf0e7f21579d59c51fac3d7f32dd49d2229cc84d8db82f63ef712c09c0e7f9","325811","18dde712dac64b2f76ec5c91c4e87a7140db78a1","61a3d2de51c60b3bc910e9a358dc1ef0324337e1c9c7535694379490652e14b0","151c4cd5719459b8a6dc218f17d55f7fbc563803a11d6a0b7298a0a121247ebe","5a7554fb64a16bd345cb42bf3bcbccd376fa92ad1c0356058f0427e9f0910f04","{""disabled"":{""status"":""candidate_win"",""tick"":14644,""winner"":""candidate""},""separated_lanes_v2"":{""status"":""candidate_win"",""tick"":14128,""winner"":""candidate""},""separated_lanes_unbounded_d1"":{""status"":""candidate_win"",""tick"":14392,""winner"":""candidate""}}","{""disabled"":{""status"":""candidate_win"",""tick"":14644,""winner"":""candidate""},""separated_lanes_v2"":{""status"":""candidate_win"",""tick"":14128,""winner"":""candidate""},""separated_lanes_unbounded_d1"":{""status"":""candidate_win"",""tick"":14392,""winner"":""candidate""}}"
"58","pinned_supalosa","7","hfo-bvb","0","87,158","151,119","0","1","1","Africans","0","3350110058","24000","pinned_supalosa__hfo-bvb","hfo","competitive","27366207","6df0124f602dadfd47ad8b38408b218f76f7e2c9ceb61b221fb2e979e661e3da","381148","18dde712dac64b2f76ec5c91c4e87a7140db78a1","61a3d2de51c60b3bc910e9a358dc1ef0324337e1c9c7535694379490652e14b0","151c4cd5719459b8a6dc218f17d55f7fbc563803a11d6a0b7298a0a121247ebe","5a7554fb64a16bd345cb42bf3bcbccd376fa92ad1c0356058f0427e9f0910f04","{""disabled"":{""status"":""candidate_win"",""tick"":9816,""winner"":""candidate""},""separated_lanes_v2"":{""status"":""candidate_win"",""tick"":11556,""winner"":""candidate""},""separated_lanes_unbounded_d1"":{""status"":""candidate_win"",""tick"":9816,""winner"":""candidate""}}","{""disabled"":{""status"":""candidate_win"",""tick"":9816,""winner"":""candidate""},""separated_lanes_v2"":{""status"":""candidate_win"",""tick"":11556,""winner"":""candidate""},""separated_lanes_unbounded_d1"":{""status"":""candidate_win"",""tick"":9816,""winner"":""candidate""}}"
"59","pinned_supalosa","7","hfo-bvb","0","87,158","151,119","0","1","1","Africans","1","3350110059","24000","pinned_supalosa__hfo-bvb","hfo","competitive","27366267","6ea7a9e9e7080575151213619632dcbe4c8bbbc2d197426907055d59f0a9f23e","469965","18dde712dac64b2f76ec5c91c4e87a7140db78a1","61a3d2de51c60b3bc910e9a358dc1ef0324337e1c9c7535694379490652e14b0","151c4cd5719459b8a6dc218f17d55f7fbc563803a11d6a0b7298a0a121247ebe","5a7554fb64a16bd345cb42bf3bcbccd376fa92ad1c0356058f0427e9f0910f04","{""disabled"":{""status"":""candidate_win"",""tick"":10773,""winner"":""candidate""},""separated_lanes_v2"":{""status"":""candidate_win"",""tick"":16510,""winner"":""candidate""},""separated_lanes_unbounded_d1"":{""status"":""candidate_win"",""tick"":10773,""winner"":""candidate""}}","{""disabled"":{""status"":""candidate_win"",""tick"":10773,""winner"":""candidate""},""separated_lanes_v2"":{""status"":""candidate_win"",""tick"":16510,""winner"":""candidate""},""separated_lanes_unbounded_d1"":{""status"":""candidate_win"",""tick"":10773,""winner"":""candidate""}}"
"60","pinned_supalosa","7","hfo-bvb","1","151,119","87,158","1","0","0","Americans","0","3350110060","24000","pinned_supalosa__hfo-bvb","hfo","competitive","27366272","83de7760b41da54ab066252bb38363dfe7b8c5c54516d233cdae0c53ec945d87","234009","18dde712dac64b2f76ec5c91c4e87a7140db78a1","61a3d2de51c60b3bc910e9a358dc1ef0324337e1c9c7535694379490652e14b0","151c4cd5719459b8a6dc218f17d55f7fbc563803a11d6a0b7298a0a121247ebe","5a7554fb64a16bd345cb42bf3bcbccd376fa92ad1c0356058f0427e9f0910f04","{""disabled"":{""status"":""candidate_win"",""tick"":14422,""winner"":""candidate""},""separated_lanes_v2"":{""status"":""baseline_win"",""tick"":11726,""winner"":""baseline""},""separated_lanes_unbounded_d1"":{""status"":""baseline_win"",""tick"":10175,""winner"":""baseline""}}","{""disabled"":{""status"":""candidate_win"",""tick"":14422,""winner"":""candidate""},""separated_lanes_v2"":{""status"":""baseline_win"",""tick"":11726,""winner"":""baseline""},""separated_lanes_unbounded_d1"":{""status"":""baseline_win"",""tick"":10175,""winner"":""baseline""}}"
"61","pinned_supalosa","7","hfo-bvb","1","151,119","87,158","1","0","0","Americans","1","3350110061","24000","pinned_supalosa__hfo-bvb","hfo","competitive","27366273","637e758ff1601efc136b295b681b39a5594a66b19829de2260b7afd310a51bf9","240744","18dde712dac64b2f76ec5c91c4e87a7140db78a1","61a3d2de51c60b3bc910e9a358dc1ef0324337e1c9c7535694379490652e14b0","151c4cd5719459b8a6dc218f17d55f7fbc563803a11d6a0b7298a0a121247ebe","5a7554fb64a16bd345cb42bf3bcbccd376fa92ad1c0356058f0427e9f0910f04","{""disabled"":{""status"":""baseline_win"",""tick"":11556,""winner"":""baseline""},""separated_lanes_v2"":{""status"":""baseline_win"",""tick"":15460,""winner"":""baseline""},""separated_lanes_unbounded_d1"":{""status"":""baseline_win"",""tick"":11682,""winner"":""baseline""}}","{""disabled"":{""status"":""baseline_win"",""tick"":11556,""winner"":""baseline""},""separated_lanes_v2"":{""status"":""baseline_win"",""tick"":15460,""winner"":""baseline""},""separated_lanes_unbounded_d1"":{""status"":""baseline_win"",""tick"":11682,""winner"":""baseline""}}"
"62","pinned_supalosa","7","hfo-bvb","1","151,119","87,158","1","0","1","Africans","0","3350110062","24000","pinned_supalosa__hfo-bvb","hfo","competitive","27366274","c3307dc90a94f92119a50704b5a7ba7ac52bb0697e06b81d32e0694496eb5a84","610202","18dde712dac64b2f76ec5c91c4e87a7140db78a1","61a3d2de51c60b3bc910e9a358dc1ef0324337e1c9c7535694379490652e14b0","151c4cd5719459b8a6dc218f17d55f7fbc563803a11d6a0b7298a0a121247ebe","5a7554fb64a16bd345cb42bf3bcbccd376fa92ad1c0356058f0427e9f0910f04","{""disabled"":{""status"":""tick_cap_draw"",""tick"":24000,""winner"":""draw""},""separated_lanes_v2"":{""status"":""baseline_win"",""tick"":13164,""winner"":""baseline""},""separated_lanes_unbounded_d1"":{""status"":""tick_cap_draw"",""tick"":24000,""winner"":""draw""}}","{""disabled"":{""status"":""tick_cap_draw"",""tick"":24000,""winner"":""draw""},""separated_lanes_v2"":{""status"":""baseline_win"",""tick"":13164,""winner"":""baseline""},""separated_lanes_unbounded_d1"":{""status"":""tick_cap_draw"",""tick"":24000,""winner"":""draw""}}"
"63","pinned_supalosa","7","hfo-bvb","1","151,119","87,158","1","0","1","Africans","1","3350110063","24000","pinned_supalosa__hfo-bvb","hfo","competitive","27366276","3c64b15fcf3c30f5c3549cd5e9b8333698ec2530cf724037a0e5a2cc5b2394be","411643","18dde712dac64b2f76ec5c91c4e87a7140db78a1","61a3d2de51c60b3bc910e9a358dc1ef0324337e1c9c7535694379490652e14b0","151c4cd5719459b8a6dc218f17d55f7fbc563803a11d6a0b7298a0a121247ebe","5a7554fb64a16bd345cb42bf3bcbccd376fa92ad1c0356058f0427e9f0910f04","{""disabled"":{""status"":""baseline_win"",""tick"":18831,""winner"":""baseline""},""separated_lanes_v2"":{""status"":""baseline_win"",""tick"":17510,""winner"":""baseline""},""separated_lanes_unbounded_d1"":{""status"":""baseline_win"",""tick"":18831,""winner"":""baseline""}}","{""disabled"":{""status"":""baseline_win"",""tick"":18831,""winner"":""baseline""},""separated_lanes_v2"":{""status"":""baseline_win"",""tick"":17510,""winner"":""baseline""},""separated_lanes_unbounded_d1"":{""status"":""baseline_win"",""tick"":18831,""winner"":""baseline""}}"
"64","pinned_supalosa","8","hfo-lvl","0","39,82","87,157","0","1","0","Americans","0","3350110064","24000","pinned_supalosa__hfo-lvl","hfo","competitive","27366277","4ea2931dbed0e4ace3b2ea537db15afe7d4e9b4c3ca30b686248bc6f17b65caa","215521","18dde712dac64b2f76ec5c91c4e87a7140db78a1","61a3d2de51c60b3bc910e9a358dc1ef0324337e1c9c7535694379490652e14b0","151c4cd5719459b8a6dc218f17d55f7fbc563803a11d6a0b7298a0a121247ebe","aa0b71473092d701834920275f8d42aeeb2614d4ad1244d6fb3741e8f62f7efc","{""disabled"":{""status"":""baseline_win"",""tick"":8918,""winner"":""baseline""},""separated_lanes_v2"":{""status"":""baseline_win"",""tick"":8918,""winner"":""baseline""},""separated_lanes_unbounded_d1"":{""status"":""baseline_win"",""tick"":8918,""winner"":""baseline""}}","{""disabled"":{""status"":""baseline_win"",""tick"":8918,""winner"":""baseline""},""separated_lanes_v2"":{""status"":""baseline_win"",""tick"":8918,""winner"":""baseline""},""separated_lanes_unbounded_d1"":{""status"":""baseline_win"",""tick"":8918,""winner"":""baseline""}}"
"65","pinned_supalosa","8","hfo-lvl","0","39,82","87,157","0","1","0","Americans","1","3350110065","24000","pinned_supalosa__hfo-lvl","hfo","competitive","27366311","ae3602ce2d9fa1b580a0364b83fb5a683a23fbb15988af58a22260125868b1a3","273752","18dde712dac64b2f76ec5c91c4e87a7140db78a1","61a3d2de51c60b3bc910e9a358dc1ef0324337e1c9c7535694379490652e14b0","151c4cd5719459b8a6dc218f17d55f7fbc563803a11d6a0b7298a0a121247ebe","aa0b71473092d701834920275f8d42aeeb2614d4ad1244d6fb3741e8f62f7efc","{""disabled"":{""status"":""candidate_win"",""tick"":19489,""winner"":""candidate""},""separated_lanes_v2"":{""status"":""candidate_win"",""tick"":19637,""winner"":""candidate""},""separated_lanes_unbounded_d1"":{""status"":""candidate_win"",""tick"":20029,""winner"":""candidate""}}","{""disabled"":{""status"":""candidate_win"",""tick"":19489,""winner"":""candidate""},""separated_lanes_v2"":{""status"":""candidate_win"",""tick"":19637,""winner"":""candidate""},""separated_lanes_unbounded_d1"":{""status"":""candidate_win"",""tick"":20029,""winner"":""candidate""}}"
"66","pinned_supalosa","8","hfo-lvl","0","39,82","87,157","0","1","1","Africans","0","3350110066","24000","pinned_supalosa__hfo-lvl","hfo","competitive","27366315","df5449229e48385e4b79dd949f5bed221a66037f2938c92a14c37dc4da81879a","551573","18dde712dac64b2f76ec5c91c4e87a7140db78a1","61a3d2de51c60b3bc910e9a358dc1ef0324337e1c9c7535694379490652e14b0","151c4cd5719459b8a6dc218f17d55f7fbc563803a11d6a0b7298a0a121247ebe","aa0b71473092d701834920275f8d42aeeb2614d4ad1244d6fb3741e8f62f7efc","{""disabled"":{""status"":""baseline_win"",""tick"":21989,""winner"":""baseline""},""separated_lanes_v2"":{""status"":""baseline_win"",""tick"":14780,""winner"":""baseline""},""separated_lanes_unbounded_d1"":{""status"":""baseline_win"",""tick"":21989,""winner"":""baseline""}}","{""disabled"":{""status"":""baseline_win"",""tick"":21989,""winner"":""baseline""},""separated_lanes_v2"":{""status"":""baseline_win"",""tick"":14780,""winner"":""baseline""},""separated_lanes_unbounded_d1"":{""status"":""baseline_win"",""tick"":21989,""winner"":""baseline""}}"
"67","pinned_supalosa","8","hfo-lvl","0","39,82","87,157","0","1","1","Africans","1","3350110067","24000","pinned_supalosa__hfo-lvl","hfo","competitive","27366322","6fd5f8837ab5e6ce840bf7e78ae0330c899fab420e640a585a06d169519e30c7","488009","18dde712dac64b2f76ec5c91c4e87a7140db78a1","61a3d2de51c60b3bc910e9a358dc1ef0324337e1c9c7535694379490652e14b0","151c4cd5719459b8a6dc218f17d55f7fbc563803a11d6a0b7298a0a121247ebe","aa0b71473092d701834920275f8d42aeeb2614d4ad1244d6fb3741e8f62f7efc","{""disabled"":{""status"":""baseline_win"",""tick"":21483,""winner"":""baseline""},""separated_lanes_v2"":{""status"":""tick_cap_draw"",""tick"":24000,""winner"":""draw""},""separated_lanes_unbounded_d1"":{""status"":""baseline_win"",""tick"":21483,""winner"":""baseline""}}","{""disabled"":{""status"":""baseline_win"",""tick"":21483,""winner"":""baseline""},""separated_lanes_v2"":{""status"":""tick_cap_draw"",""tick"":24000,""winner"":""draw""},""separated_lanes_unbounded_d1"":{""status"":""baseline_win"",""tick"":21483,""winner"":""baseline""}}"
"68","pinned_supalosa","8","hfo-lvl","1","87,157","39,82","1","0","0","Americans","0","3350110068","24000","pinned_supalosa__hfo-lvl","hfo","competitive","27366324","9b63a0088d4eb7cdc39ad0ac57949f2662936f04f57b7a5a68f9cf034b5d554e","216123","18dde712dac64b2f76ec5c91c4e87a7140db78a1","61a3d2de51c60b3bc910e9a358dc1ef0324337e1c9c7535694379490652e14b0","151c4cd5719459b8a6dc218f17d55f7fbc563803a11d6a0b7298a0a121247ebe","aa0b71473092d701834920275f8d42aeeb2614d4ad1244d6fb3741e8f62f7efc","{""disabled"":{""status"":""candidate_win"",""tick"":21164,""winner"":""candidate""},""separated_lanes_v2"":{""status"":""baseline_win"",""tick"":8044,""winner"":""baseline""},""separated_lanes_unbounded_d1"":{""status"":""baseline_win"",""tick"":8104,""winner"":""baseline""}}","{""disabled"":{""status"":""candidate_win"",""tick"":21164,""winner"":""candidate""},""separated_lanes_v2"":{""status"":""baseline_win"",""tick"":8044,""winner"":""baseline""},""separated_lanes_unbounded_d1"":{""status"":""baseline_win"",""tick"":8104,""winner"":""baseline""}}"
"69","pinned_supalosa","8","hfo-lvl","1","87,157","39,82","1","0","0","Americans","1","3350110069","24000","pinned_supalosa__hfo-lvl","hfo","competitive","27366325","a552daa9b0aa71a0ea419fd08e2caa5c53a07a9da0002aa34078b620144a6630","214839","18dde712dac64b2f76ec5c91c4e87a7140db78a1","61a3d2de51c60b3bc910e9a358dc1ef0324337e1c9c7535694379490652e14b0","151c4cd5719459b8a6dc218f17d55f7fbc563803a11d6a0b7298a0a121247ebe","aa0b71473092d701834920275f8d42aeeb2614d4ad1244d6fb3741e8f62f7efc","{""disabled"":{""status"":""candidate_win"",""tick"":20204,""winner"":""candidate""},""separated_lanes_v2"":{""status"":""candidate_win"",""tick"":20107,""winner"":""candidate""},""separated_lanes_unbounded_d1"":{""status"":""candidate_win"",""tick"":20153,""winner"":""candidate""}}","{""disabled"":{""status"":""candidate_win"",""tick"":20204,""winner"":""candidate""},""separated_lanes_v2"":{""status"":""candidate_win"",""tick"":20107,""winner"":""candidate""},""separated_lanes_unbounded_d1"":{""status"":""candidate_win"",""tick"":20153,""winner"":""candidate""}}"
"70","pinned_supalosa","8","hfo-lvl","1","87,157","39,82","1","0","1","Africans","0","3350110070","24000","pinned_supalosa__hfo-lvl","hfo","competitive","27366327","c258dcf4aeb9b0687edfdb3bb6b41e6971113968b177010ec805b007d5e72f3c","376041","18dde712dac64b2f76ec5c91c4e87a7140db78a1","61a3d2de51c60b3bc910e9a358dc1ef0324337e1c9c7535694379490652e14b0","151c4cd5719459b8a6dc218f17d55f7fbc563803a11d6a0b7298a0a121247ebe","aa0b71473092d701834920275f8d42aeeb2614d4ad1244d6fb3741e8f62f7efc","{""disabled"":{""status"":""tick_cap_draw"",""tick"":24000,""winner"":""draw""},""separated_lanes_v2"":{""status"":""candidate_win"",""tick"":20426,""winner"":""candidate""},""separated_lanes_unbounded_d1"":{""status"":""tick_cap_draw"",""tick"":24000,""winner"":""draw""}}","{""disabled"":{""status"":""tick_cap_draw"",""tick"":24000,""winner"":""draw""},""separated_lanes_v2"":{""status"":""candidate_win"",""tick"":20426,""winner"":""candidate""},""separated_lanes_unbounded_d1"":{""status"":""tick_cap_draw"",""tick"":24000,""winner"":""draw""}}"
"71","pinned_supalosa","8","hfo-lvl","1","87,157","39,82","1","0","1","Africans","1","3350110071","24000","pinned_supalosa__hfo-lvl","hfo","competitive","27366360","3183813606857299ea2478e53b1eceb77b193f4fdbccce9024b13bcfdac047de","430655","18dde712dac64b2f76ec5c91c4e87a7140db78a1","61a3d2de51c60b3bc910e9a358dc1ef0324337e1c9c7535694379490652e14b0","151c4cd5719459b8a6dc218f17d55f7fbc563803a11d6a0b7298a0a121247ebe","aa0b71473092d701834920275f8d42aeeb2614d4ad1244d6fb3741e8f62f7efc","{""disabled"":{""status"":""candidate_win"",""tick"":14396,""winner"":""candidate""},""separated_lanes_v2"":{""status"":""candidate_win"",""tick"":20088,""winner"":""candidate""},""separated_lanes_unbounded_d1"":{""status"":""candidate_win"",""tick"":14396,""winner"":""candidate""}}","{""disabled"":{""status"":""candidate_win"",""tick"":14396,""winner"":""candidate""},""separated_lanes_v2"":{""status"":""candidate_win"",""tick"":20088,""winner"":""candidate""},""separated_lanes_unbounded_d1"":{""status"":""candidate_win"",""tick"":14396,""winner"":""candidate""}}"
"72","pinned_supalosa","9","hfo-rvr","0","151,118","88,34","0","1","0","Americans","0","3350110072","24000","pinned_supalosa__hfo-rvr","hfo","competitive","27366362","a7ab7ad715da1d7eaad69cd3c8b12db663c08152c5768bb40d61ebf343e78b78","541056","18dde712dac64b2f76ec5c91c4e87a7140db78a1","61a3d2de51c60b3bc910e9a358dc1ef0324337e1c9c7535694379490652e14b0","151c4cd5719459b8a6dc218f17d55f7fbc563803a11d6a0b7298a0a121247ebe","8f17a78d2de245716b33c78b848dff13ae3db5b7ebb08d2efa4da165ac995488","{""disabled"":{""status"":""baseline_win"",""tick"":18927,""winner"":""baseline""},""separated_lanes_v2"":{""status"":""baseline_win"",""tick"":19594,""winner"":""baseline""},""separated_lanes_unbounded_d1"":{""status"":""baseline_win"",""tick"":19594,""winner"":""baseline""}}","{""disabled"":{""status"":""baseline_win"",""tick"":18927,""winner"":""baseline""},""separated_lanes_v2"":{""status"":""baseline_win"",""tick"":19594,""winner"":""baseline""},""separated_lanes_unbounded_d1"":{""status"":""baseline_win"",""tick"":19594,""winner"":""baseline""}}"
"73","pinned_supalosa","9","hfo-rvr","0","151,118","88,34","0","1","0","Americans","1","3350110073","24000","pinned_supalosa__hfo-rvr","hfo","competitive","27366370","7f897e7f35ce656d494d26592c42b2fda0a39c53e6c7bbc823394fb001262626","315528","18dde712dac64b2f76ec5c91c4e87a7140db78a1","61a3d2de51c60b3bc910e9a358dc1ef0324337e1c9c7535694379490652e14b0","151c4cd5719459b8a6dc218f17d55f7fbc563803a11d6a0b7298a0a121247ebe","8f17a78d2de245716b33c78b848dff13ae3db5b7ebb08d2efa4da165ac995488","{""disabled"":{""status"":""candidate_win"",""tick"":8608,""winner"":""candidate""},""separated_lanes_v2"":{""status"":""tick_cap_draw"",""tick"":24000,""winner"":""draw""},""separated_lanes_unbounded_d1"":{""status"":""tick_cap_draw"",""tick"":24000,""winner"":""draw""}}","{""disabled"":{""status"":""candidate_win"",""tick"":8608,""winner"":""candidate""},""separated_lanes_v2"":{""status"":""tick_cap_draw"",""tick"":24000,""winner"":""draw""},""separated_lanes_unbounded_d1"":{""status"":""tick_cap_draw"",""tick"":24000,""winner"":""draw""}}"
"74","pinned_supalosa","9","hfo-rvr","0","151,118","88,34","0","1","1","Africans","0","3350110074","24000","pinned_supalosa__hfo-rvr","hfo","competitive","27366371","0c2ea300893005d490fcfa27f69c668255af2b8d1870f88eaa0d74ca8d860ac9","465666","18dde712dac64b2f76ec5c91c4e87a7140db78a1","61a3d2de51c60b3bc910e9a358dc1ef0324337e1c9c7535694379490652e14b0","151c4cd5719459b8a6dc218f17d55f7fbc563803a11d6a0b7298a0a121247ebe","8f17a78d2de245716b33c78b848dff13ae3db5b7ebb08d2efa4da165ac995488","{""disabled"":{""status"":""tick_cap_draw"",""tick"":24000,""winner"":""draw""},""separated_lanes_v2"":{""status"":""tick_cap_draw"",""tick"":24000,""winner"":""draw""},""separated_lanes_unbounded_d1"":{""status"":""tick_cap_draw"",""tick"":24000,""winner"":""draw""}}","{""disabled"":{""status"":""tick_cap_draw"",""tick"":24000,""winner"":""draw""},""separated_lanes_v2"":{""status"":""tick_cap_draw"",""tick"":24000,""winner"":""draw""},""separated_lanes_unbounded_d1"":{""status"":""tick_cap_draw"",""tick"":24000,""winner"":""draw""}}"
"75","pinned_supalosa","9","hfo-rvr","0","151,118","88,34","0","1","1","Africans","1","3350110075","24000","pinned_supalosa__hfo-rvr","hfo","competitive","27366405","d7d4f6b72397f1143ec1dd499bc837ff02f3ab7d3130a77c4cbc922e45d2e997","628588","18dde712dac64b2f76ec5c91c4e87a7140db78a1","61a3d2de51c60b3bc910e9a358dc1ef0324337e1c9c7535694379490652e14b0","151c4cd5719459b8a6dc218f17d55f7fbc563803a11d6a0b7298a0a121247ebe","8f17a78d2de245716b33c78b848dff13ae3db5b7ebb08d2efa4da165ac995488","{""disabled"":{""status"":""tick_cap_draw"",""tick"":24000,""winner"":""draw""},""separated_lanes_v2"":{""status"":""tick_cap_draw"",""tick"":24000,""winner"":""draw""},""separated_lanes_unbounded_d1"":{""status"":""tick_cap_draw"",""tick"":24000,""winner"":""draw""}}","{""disabled"":{""status"":""tick_cap_draw"",""tick"":24000,""winner"":""draw""},""separated_lanes_v2"":{""status"":""tick_cap_draw"",""tick"":24000,""winner"":""draw""},""separated_lanes_unbounded_d1"":{""status"":""tick_cap_draw"",""tick"":24000,""winner"":""draw""}}"
"76","pinned_supalosa","9","hfo-rvr","1","88,34","151,118","1","0","0","Americans","0","3350110076","24000","pinned_supalosa__hfo-rvr","hfo","competitive","27366406","e42ae89d13bac3c8d82de4b99ea589610a9ca2e7ed3f4812f20528186f48ca69","309787","18dde712dac64b2f76ec5c91c4e87a7140db78a1","61a3d2de51c60b3bc910e9a358dc1ef0324337e1c9c7535694379490652e14b0","151c4cd5719459b8a6dc218f17d55f7fbc563803a11d6a0b7298a0a121247ebe","8f17a78d2de245716b33c78b848dff13ae3db5b7ebb08d2efa4da165ac995488","{""disabled"":{""status"":""tick_cap_draw"",""tick"":24000,""winner"":""draw""},""separated_lanes_v2"":{""status"":""candidate_win"",""tick"":18450,""winner"":""candidate""},""separated_lanes_unbounded_d1"":{""status"":""candidate_win"",""tick"":12464,""winner"":""candidate""}}","{""disabled"":{""status"":""tick_cap_draw"",""tick"":24000,""winner"":""draw""},""separated_lanes_v2"":{""status"":""candidate_win"",""tick"":18450,""winner"":""candidate""},""separated_lanes_unbounded_d1"":{""status"":""candidate_win"",""tick"":12464,""winner"":""candidate""}}"
"77","pinned_supalosa","9","hfo-rvr","1","88,34","151,118","1","0","0","Americans","1","3350110077","24000","pinned_supalosa__hfo-rvr","hfo","competitive","27366407","f674d570567d0d1f23fc546900eaa8d4a8435571393ddde868ba77c40f034e05","516427","18dde712dac64b2f76ec5c91c4e87a7140db78a1","61a3d2de51c60b3bc910e9a358dc1ef0324337e1c9c7535694379490652e14b0","151c4cd5719459b8a6dc218f17d55f7fbc563803a11d6a0b7298a0a121247ebe","8f17a78d2de245716b33c78b848dff13ae3db5b7ebb08d2efa4da165ac995488","{""disabled"":{""status"":""candidate_win"",""tick"":20856,""winner"":""candidate""},""separated_lanes_v2"":{""status"":""tick_cap_draw"",""tick"":24000,""winner"":""draw""},""separated_lanes_unbounded_d1"":{""status"":""tick_cap_draw"",""tick"":24000,""winner"":""draw""}}","{""disabled"":{""status"":""candidate_win"",""tick"":20856,""winner"":""candidate""},""separated_lanes_v2"":{""status"":""tick_cap_draw"",""tick"":24000,""winner"":""draw""},""separated_lanes_unbounded_d1"":{""status"":""tick_cap_draw"",""tick"":24000,""winner"":""draw""}}"
"78","pinned_supalosa","9","hfo-rvr","1","88,34","151,118","1","0","1","Africans","0","3350110078","24000","pinned_supalosa__hfo-rvr","hfo","competitive","27366408","3212008a20173542738979780d5f19446899fcfed8a06d1b28150b5349eec030","592694","18dde712dac64b2f76ec5c91c4e87a7140db78a1","61a3d2de51c60b3bc910e9a358dc1ef0324337e1c9c7535694379490652e14b0","151c4cd5719459b8a6dc218f17d55f7fbc563803a11d6a0b7298a0a121247ebe","8f17a78d2de245716b33c78b848dff13ae3db5b7ebb08d2efa4da165ac995488","{""disabled"":{""status"":""tick_cap_draw"",""tick"":24000,""winner"":""draw""},""separated_lanes_v2"":{""status"":""tick_cap_draw"",""tick"":24000,""winner"":""draw""},""separated_lanes_unbounded_d1"":{""status"":""tick_cap_draw"",""tick"":24000,""winner"":""draw""}}","{""disabled"":{""status"":""tick_cap_draw"",""tick"":24000,""winner"":""draw""},""separated_lanes_v2"":{""status"":""tick_cap_draw"",""tick"":24000,""winner"":""draw""},""separated_lanes_unbounded_d1"":{""status"":""tick_cap_draw"",""tick"":24000,""winner"":""draw""}}"
"79","pinned_supalosa","9","hfo-rvr","1","88,34","151,118","1","0","1","Africans","1","3350110079","24000","pinned_supalosa__hfo-rvr","hfo","competitive","27366409","0af1f06f8f35b761d78625bcdc9cb52f282f78276ac2337e1d9b0d0d2fa7769c","483743","18dde712dac64b2f76ec5c91c4e87a7140db78a1","61a3d2de51c60b3bc910e9a358dc1ef0324337e1c9c7535694379490652e14b0","151c4cd5719459b8a6dc218f17d55f7fbc563803a11d6a0b7298a0a121247ebe","8f17a78d2de245716b33c78b848dff13ae3db5b7ebb08d2efa4da165ac995488","{""disabled"":{""status"":""candidate_win"",""tick"":21190,""winner"":""candidate""},""separated_lanes_v2"":{""status"":""tick_cap_draw"",""tick"":24000,""winner"":""draw""},""separated_lanes_unbounded_d1"":{""status"":""candidate_win"",""tick"":21190,""winner"":""candidate""}}","{""disabled"":{""status"":""candidate_win"",""tick"":21190,""winner"":""candidate""},""separated_lanes_v2"":{""status"":""tick_cap_draw"",""tick"":24000,""winner"":""draw""},""separated_lanes_unbounded_d1"":{""status"":""candidate_win"",""tick"":21190,""winner"":""candidate""}}"
"80","pinned_supalosa","10","hfo-tvt","0","39,82","88,34","0","1","0","Americans","0","3350110080","24000","pinned_supalosa__hfo-tvt","hfo","competitive","27366411","302f754dead5f2fc6523575303e00a7d04798ef237d88c7fdb98647598d14320","219474","18dde712dac64b2f76ec5c91c4e87a7140db78a1","61a3d2de51c60b3bc910e9a358dc1ef0324337e1c9c7535694379490652e14b0","151c4cd5719459b8a6dc218f17d55f7fbc563803a11d6a0b7298a0a121247ebe","084d215b1ccb2a30cfb467e5f009d51b77e91c6a441ed24b4a6aef24d68c0c74","{""disabled"":{""status"":""tick_cap_draw"",""tick"":24000,""winner"":""draw""},""separated_lanes_v2"":{""status"":""tick_cap_draw"",""tick"":24000,""winner"":""draw""},""separated_lanes_unbounded_d1"":{""status"":""tick_cap_draw"",""tick"":24000,""winner"":""draw""}}","{""disabled"":{""status"":""tick_cap_draw"",""tick"":24000,""winner"":""draw""},""separated_lanes_v2"":{""status"":""tick_cap_draw"",""tick"":24000,""winner"":""draw""},""separated_lanes_unbounded_d1"":{""status"":""tick_cap_draw"",""tick"":24000,""winner"":""draw""}}"
"81","pinned_supalosa","10","hfo-tvt","0","39,82","88,34","0","1","0","Americans","1","3350110081","24000","pinned_supalosa__hfo-tvt","hfo","competitive","27366416","a1be892aeeed845993e0dc40b5b4139b6213b5a37212b40cc008088bdca474a7","241783","18dde712dac64b2f76ec5c91c4e87a7140db78a1","61a3d2de51c60b3bc910e9a358dc1ef0324337e1c9c7535694379490652e14b0","151c4cd5719459b8a6dc218f17d55f7fbc563803a11d6a0b7298a0a121247ebe","084d215b1ccb2a30cfb467e5f009d51b77e91c6a441ed24b4a6aef24d68c0c74","{""disabled"":{""status"":""candidate_win"",""tick"":7870,""winner"":""candidate""},""separated_lanes_v2"":{""status"":""candidate_win"",""tick"":6718,""winner"":""candidate""},""separated_lanes_unbounded_d1"":{""status"":""candidate_win"",""tick"":6718,""winner"":""candidate""}}","{""disabled"":{""status"":""candidate_win"",""tick"":7870,""winner"":""candidate""},""separated_lanes_v2"":{""status"":""candidate_win"",""tick"":6718,""winner"":""candidate""},""separated_lanes_unbounded_d1"":{""status"":""candidate_win"",""tick"":6718,""winner"":""candidate""}}"
"82","pinned_supalosa","10","hfo-tvt","0","39,82","88,34","0","1","1","Africans","0","3350110082","24000","pinned_supalosa__hfo-tvt","hfo","competitive","27366417","4be225251a508852bcc43b7c2adf49964e21f3c7e4be98c8d8630cd5b9bc4c19","400589","18dde712dac64b2f76ec5c91c4e87a7140db78a1","61a3d2de51c60b3bc910e9a358dc1ef0324337e1c9c7535694379490652e14b0","151c4cd5719459b8a6dc218f17d55f7fbc563803a11d6a0b7298a0a121247ebe","084d215b1ccb2a30cfb467e5f009d51b77e91c6a441ed24b4a6aef24d68c0c74","{""disabled"":{""status"":""tick_cap_draw"",""tick"":24000,""winner"":""draw""},""separated_lanes_v2"":{""status"":""tick_cap_draw"",""tick"":24000,""winner"":""draw""},""separated_lanes_unbounded_d1"":{""status"":""tick_cap_draw"",""tick"":24000,""winner"":""draw""}}","{""disabled"":{""status"":""tick_cap_draw"",""tick"":24000,""winner"":""draw""},""separated_lanes_v2"":{""status"":""tick_cap_draw"",""tick"":24000,""winner"":""draw""},""separated_lanes_unbounded_d1"":{""status"":""tick_cap_draw"",""tick"":24000,""winner"":""draw""}}"
"83","pinned_supalosa","10","hfo-tvt","0","39,82","88,34","0","1","1","Africans","1","3350110083","24000","pinned_supalosa__hfo-tvt","hfo","competitive","27366466","f41d1f4049e03492bc51500c827601de85d9fe7ac65eefb34106b88d5e72bb1e","557676","18dde712dac64b2f76ec5c91c4e87a7140db78a1","61a3d2de51c60b3bc910e9a358dc1ef0324337e1c9c7535694379490652e14b0","151c4cd5719459b8a6dc218f17d55f7fbc563803a11d6a0b7298a0a121247ebe","084d215b1ccb2a30cfb467e5f009d51b77e91c6a441ed24b4a6aef24d68c0c74","{""disabled"":{""status"":""tick_cap_draw"",""tick"":24000,""winner"":""draw""},""separated_lanes_v2"":{""status"":""tick_cap_draw"",""tick"":24000,""winner"":""draw""},""separated_lanes_unbounded_d1"":{""status"":""tick_cap_draw"",""tick"":24000,""winner"":""draw""}}","{""disabled"":{""status"":""tick_cap_draw"",""tick"":24000,""winner"":""draw""},""separated_lanes_v2"":{""status"":""tick_cap_draw"",""tick"":24000,""winner"":""draw""},""separated_lanes_unbounded_d1"":{""status"":""tick_cap_draw"",""tick"":24000,""winner"":""draw""}}"
"84","pinned_supalosa","10","hfo-tvt","1","88,34","39,82","1","0","0","Americans","0","3350110084","24000","pinned_supalosa__hfo-tvt","hfo","competitive","27366467","6a3bba6a0b443815d12875baa26aabe098f48ab1b94d309ffa47bbf0ff95f527","434531","18dde712dac64b2f76ec5c91c4e87a7140db78a1","61a3d2de51c60b3bc910e9a358dc1ef0324337e1c9c7535694379490652e14b0","151c4cd5719459b8a6dc218f17d55f7fbc563803a11d6a0b7298a0a121247ebe","084d215b1ccb2a30cfb467e5f009d51b77e91c6a441ed24b4a6aef24d68c0c74","{""disabled"":{""status"":""candidate_win"",""tick"":21315,""winner"":""candidate""},""separated_lanes_v2"":{""status"":""tick_cap_draw"",""tick"":24000,""winner"":""draw""},""separated_lanes_unbounded_d1"":{""status"":""tick_cap_draw"",""tick"":24000,""winner"":""draw""}}","{""disabled"":{""status"":""candidate_win"",""tick"":21315,""winner"":""candidate""},""separated_lanes_v2"":{""status"":""tick_cap_draw"",""tick"":24000,""winner"":""draw""},""separated_lanes_unbounded_d1"":{""status"":""tick_cap_draw"",""tick"":24000,""winner"":""draw""}}"
"85","pinned_supalosa","10","hfo-tvt","1","88,34","39,82","1","0","0","Americans","1","3350110085","24000","pinned_supalosa__hfo-tvt","hfo","competitive","27366468","76c6f481772f6f1299a1358bc12978dcdad1b17daa66d199176b63cca11c1f00","273751","18dde712dac64b2f76ec5c91c4e87a7140db78a1","61a3d2de51c60b3bc910e9a358dc1ef0324337e1c9c7535694379490652e14b0","151c4cd5719459b8a6dc218f17d55f7fbc563803a11d6a0b7298a0a121247ebe","084d215b1ccb2a30cfb467e5f009d51b77e91c6a441ed24b4a6aef24d68c0c74","{""disabled"":{""status"":""candidate_win"",""tick"":9232,""winner"":""candidate""},""separated_lanes_v2"":{""status"":""candidate_win"",""tick"":20756,""winner"":""candidate""},""separated_lanes_unbounded_d1"":{""status"":""candidate_win"",""tick"":9808,""winner"":""candidate""}}","{""disabled"":{""status"":""candidate_win"",""tick"":9232,""winner"":""candidate""},""separated_lanes_v2"":{""status"":""candidate_win"",""tick"":20756,""winner"":""candidate""},""separated_lanes_unbounded_d1"":{""status"":""candidate_win"",""tick"":9808,""winner"":""candidate""}}"
"86","pinned_supalosa","10","hfo-tvt","1","88,34","39,82","1","0","1","Africans","0","3350110086","24000","pinned_supalosa__hfo-tvt","hfo","competitive","27366469","a6d33f59cc1a162d533c0752f11936c6c177212971ae19d1913cd7817345884a","436824","18dde712dac64b2f76ec5c91c4e87a7140db78a1","61a3d2de51c60b3bc910e9a358dc1ef0324337e1c9c7535694379490652e14b0","151c4cd5719459b8a6dc218f17d55f7fbc563803a11d6a0b7298a0a121247ebe","084d215b1ccb2a30cfb467e5f009d51b77e91c6a441ed24b4a6aef24d68c0c74","{""disabled"":{""status"":""candidate_win"",""tick"":12002,""winner"":""candidate""},""separated_lanes_v2"":{""status"":""tick_cap_draw"",""tick"":24000,""winner"":""draw""},""separated_lanes_unbounded_d1"":{""status"":""candidate_win"",""tick"":12002,""winner"":""candidate""}}","{""disabled"":{""status"":""candidate_win"",""tick"":12002,""winner"":""candidate""},""separated_lanes_v2"":{""status"":""tick_cap_draw"",""tick"":24000,""winner"":""draw""},""separated_lanes_unbounded_d1"":{""status"":""candidate_win"",""tick"":12002,""winner"":""candidate""}}"
"87","pinned_supalosa","10","hfo-tvt","1","88,34","39,82","1","0","1","Africans","1","3350110087","24000","pinned_supalosa__hfo-tvt","hfo","competitive","27366485","f77432722f85f9569a6fe41ef1bc49162c6d582a4a1d96adcc5198695cac31b2","500258","18dde712dac64b2f76ec5c91c4e87a7140db78a1","61a3d2de51c60b3bc910e9a358dc1ef0324337e1c9c7535694379490652e14b0","151c4cd5719459b8a6dc218f17d55f7fbc563803a11d6a0b7298a0a121247ebe","084d215b1ccb2a30cfb467e5f009d51b77e91c6a441ed24b4a6aef24d68c0c74","{""disabled"":{""status"":""tick_cap_draw"",""tick"":24000,""winner"":""draw""},""separated_lanes_v2"":{""status"":""candidate_win"",""tick"":20525,""winner"":""candidate""},""separated_lanes_unbounded_d1"":{""status"":""tick_cap_draw"",""tick"":24000,""winner"":""draw""}}","{""disabled"":{""status"":""tick_cap_draw"",""tick"":24000,""winner"":""draw""},""separated_lanes_v2"":{""status"":""candidate_win"",""tick"":20525,""winner"":""candidate""},""separated_lanes_unbounded_d1"":{""status"":""tick_cap_draw"",""tick"":24000,""winner"":""draw""}}"
"88","pinned_supalosa","11","tour-of-egypt","0","22,72","41,91","0","1","0","Americans","0","3350110088","24000","pinned_supalosa__tour-of-egypt","tour-of-egypt","competitive","27366525","fe3b902c7c96739dd820c81b00189d529e255640fb9502d5ad040fa56be7ba06","277442","18dde712dac64b2f76ec5c91c4e87a7140db78a1","61a3d2de51c60b3bc910e9a358dc1ef0324337e1c9c7535694379490652e14b0","151c4cd5719459b8a6dc218f17d55f7fbc563803a11d6a0b7298a0a121247ebe","2e660f22cf5ef994ca7453d14b9f68349063f9086b7c7c038f58e2067706236e","{""disabled"":{""status"":""baseline_win"",""tick"":7960,""winner"":""baseline""},""separated_lanes_v2"":{""status"":""baseline_win"",""tick"":7619,""winner"":""baseline""},""separated_lanes_unbounded_d1"":{""status"":""baseline_win"",""tick"":7226,""winner"":""baseline""}}","{""disabled"":{""status"":""baseline_win"",""tick"":7960,""winner"":""baseline""},""separated_lanes_v2"":{""status"":""baseline_win"",""tick"":7619,""winner"":""baseline""},""separated_lanes_unbounded_d1"":{""status"":""baseline_win"",""tick"":7226,""winner"":""baseline""}}"
"89","pinned_supalosa","11","tour-of-egypt","0","22,72","41,91","0","1","0","Americans","1","3350110089","24000","pinned_supalosa__tour-of-egypt","tour-of-egypt","competitive","27366532","53774433de83cd72aa68eefb9caa3e44edf0e53552ef9db698acda00435844b2","228253","18dde712dac64b2f76ec5c91c4e87a7140db78a1","61a3d2de51c60b3bc910e9a358dc1ef0324337e1c9c7535694379490652e14b0","151c4cd5719459b8a6dc218f17d55f7fbc563803a11d6a0b7298a0a121247ebe","2e660f22cf5ef994ca7453d14b9f68349063f9086b7c7c038f58e2067706236e","{""disabled"":{""status"":""baseline_win"",""tick"":6064,""winner"":""baseline""},""separated_lanes_v2"":{""status"":""baseline_win"",""tick"":5872,""winner"":""baseline""},""separated_lanes_unbounded_d1"":{""status"":""baseline_win"",""tick"":5926,""winner"":""baseline""}}","{""disabled"":{""status"":""baseline_win"",""tick"":6064,""winner"":""baseline""},""separated_lanes_v2"":{""status"":""baseline_win"",""tick"":5872,""winner"":""baseline""},""separated_lanes_unbounded_d1"":{""status"":""baseline_win"",""tick"":5926,""winner"":""baseline""}}"
"90","pinned_supalosa","11","tour-of-egypt","0","22,72","41,91","0","1","1","Africans","0","3350110090","24000","pinned_supalosa__tour-of-egypt","tour-of-egypt","competitive","27366533","1e98dd0c119384f35add32ff27a7bf25cdee6052d2683125bf796a4919acfc28","363798","18dde712dac64b2f76ec5c91c4e87a7140db78a1","61a3d2de51c60b3bc910e9a358dc1ef0324337e1c9c7535694379490652e14b0","151c4cd5719459b8a6dc218f17d55f7fbc563803a11d6a0b7298a0a121247ebe","2e660f22cf5ef994ca7453d14b9f68349063f9086b7c7c038f58e2067706236e","{""disabled"":{""status"":""baseline_win"",""tick"":7076,""winner"":""baseline""},""separated_lanes_v2"":{""status"":""baseline_win"",""tick"":9032,""winner"":""baseline""},""separated_lanes_unbounded_d1"":{""status"":""baseline_win"",""tick"":7076,""winner"":""baseline""}}","{""disabled"":{""status"":""baseline_win"",""tick"":7076,""winner"":""baseline""},""separated_lanes_v2"":{""status"":""baseline_win"",""tick"":9032,""winner"":""baseline""},""separated_lanes_unbounded_d1"":{""status"":""baseline_win"",""tick"":7076,""winner"":""baseline""}}"
"91","pinned_supalosa","11","tour-of-egypt","0","22,72","41,91","0","1","1","Africans","1","3350110091","24000","pinned_supalosa__tour-of-egypt","tour-of-egypt","competitive","27366568","249d8d10082a5b8a4dd89912f9b1b5f1cb371fa93d1eac018cc27169572a0da5","377461","18dde712dac64b2f76ec5c91c4e87a7140db78a1","61a3d2de51c60b3bc910e9a358dc1ef0324337e1c9c7535694379490652e14b0","151c4cd5719459b8a6dc218f17d55f7fbc563803a11d6a0b7298a0a121247ebe","2e660f22cf5ef994ca7453d14b9f68349063f9086b7c7c038f58e2067706236e","{""disabled"":{""status"":""baseline_win"",""tick"":7197,""winner"":""baseline""},""separated_lanes_v2"":{""status"":""baseline_win"",""tick"":8776,""winner"":""baseline""},""separated_lanes_unbounded_d1"":{""status"":""baseline_win"",""tick"":7197,""winner"":""baseline""}}","{""disabled"":{""status"":""baseline_win"",""tick"":7197,""winner"":""baseline""},""separated_lanes_v2"":{""status"":""baseline_win"",""tick"":8776,""winner"":""baseline""},""separated_lanes_unbounded_d1"":{""status"":""baseline_win"",""tick"":7197,""winner"":""baseline""}}"
"92","pinned_supalosa","11","tour-of-egypt","1","41,91","22,72","1","0","0","Americans","0","3350110092","24000","pinned_supalosa__tour-of-egypt","tour-of-egypt","competitive","27366569","951e1b7d41de72a92496f28610815a7db3a1ffe5e41b914d9b674fee1afc9b9e","222205","18dde712dac64b2f76ec5c91c4e87a7140db78a1","61a3d2de51c60b3bc910e9a358dc1ef0324337e1c9c7535694379490652e14b0","151c4cd5719459b8a6dc218f17d55f7fbc563803a11d6a0b7298a0a121247ebe","2e660f22cf5ef994ca7453d14b9f68349063f9086b7c7c038f58e2067706236e","{""disabled"":{""status"":""baseline_win"",""tick"":9922,""winner"":""baseline""},""separated_lanes_v2"":{""status"":""baseline_win"",""tick"":5938,""winner"":""baseline""},""separated_lanes_unbounded_d1"":{""status"":""baseline_win"",""tick"":9922,""winner"":""baseline""}}","{""disabled"":{""status"":""baseline_win"",""tick"":9922,""winner"":""baseline""},""separated_lanes_v2"":{""status"":""baseline_win"",""tick"":5938,""winner"":""baseline""},""separated_lanes_unbounded_d1"":{""status"":""baseline_win"",""tick"":9922,""winner"":""baseline""}}"
"93","pinned_supalosa","11","tour-of-egypt","1","41,91","22,72","1","0","0","Americans","1","3350110093","24000","pinned_supalosa__tour-of-egypt","tour-of-egypt","competitive","27366574","7727046903830dd3911163b88fb3413f82e86ea3e172a8ca46265308a533cea7","202079","18dde712dac64b2f76ec5c91c4e87a7140db78a1","61a3d2de51c60b3bc910e9a358dc1ef0324337e1c9c7535694379490652e14b0","151c4cd5719459b8a6dc218f17d55f7fbc563803a11d6a0b7298a0a121247ebe","2e660f22cf5ef994ca7453d14b9f68349063f9086b7c7c038f58e2067706236e","{""disabled"":{""status"":""baseline_win"",""tick"":5662,""winner"":""baseline""},""separated_lanes_v2"":{""status"":""baseline_win"",""tick"":6790,""winner"":""baseline""},""separated_lanes_unbounded_d1"":{""status"":""baseline_win"",""tick"":5662,""winner"":""baseline""}}","{""disabled"":{""status"":""baseline_win"",""tick"":5662,""winner"":""baseline""},""separated_lanes_v2"":{""status"":""baseline_win"",""tick"":6790,""winner"":""baseline""},""separated_lanes_unbounded_d1"":{""status"":""baseline_win"",""tick"":5662,""winner"":""baseline""}}"
"94","pinned_supalosa","11","tour-of-egypt","1","41,91","22,72","1","0","1","Africans","0","3350110094","24000","pinned_supalosa__tour-of-egypt","tour-of-egypt","competitive","27366609","34d45e14484db63fb58c03a77f45934bf30308f34462217db6a08ebb28375da7","485150","18dde712dac64b2f76ec5c91c4e87a7140db78a1","61a3d2de51c60b3bc910e9a358dc1ef0324337e1c9c7535694379490652e14b0","151c4cd5719459b8a6dc218f17d55f7fbc563803a11d6a0b7298a0a121247ebe","2e660f22cf5ef994ca7453d14b9f68349063f9086b7c7c038f58e2067706236e","{""disabled"":{""status"":""candidate_win"",""tick"":9637,""winner"":""candidate""},""separated_lanes_v2"":{""status"":""candidate_win"",""tick"":8351,""winner"":""candidate""},""separated_lanes_unbounded_d1"":{""status"":""candidate_win"",""tick"":9637,""winner"":""candidate""}}","{""disabled"":{""status"":""candidate_win"",""tick"":9637,""winner"":""candidate""},""separated_lanes_v2"":{""status"":""candidate_win"",""tick"":8351,""winner"":""candidate""},""separated_lanes_unbounded_d1"":{""status"":""candidate_win"",""tick"":9637,""winner"":""candidate""}}"
"95","pinned_supalosa","11","tour-of-egypt","1","41,91","22,72","1","0","1","Africans","1","3350110095","24000","pinned_supalosa__tour-of-egypt","tour-of-egypt","competitive","27366610","a0f8c39558888f15a0dbd1a8c42985d2806778fbe4418b795352724a95a578fb","423829","18dde712dac64b2f76ec5c91c4e87a7140db78a1","61a3d2de51c60b3bc910e9a358dc1ef0324337e1c9c7535694379490652e14b0","151c4cd5719459b8a6dc218f17d55f7fbc563803a11d6a0b7298a0a121247ebe","2e660f22cf5ef994ca7453d14b9f68349063f9086b7c7c038f58e2067706236e","{""disabled"":{""status"":""tick_cap_draw"",""tick"":24000,""winner"":""draw""},""separated_lanes_v2"":{""status"":""candidate_win"",""tick"":7652,""winner"":""candidate""},""separated_lanes_unbounded_d1"":{""status"":""tick_cap_draw"",""tick"":24000,""winner"":""draw""}}","{""disabled"":{""status"":""tick_cap_draw"",""tick"":24000,""winner"":""draw""},""separated_lanes_v2"":{""status"":""candidate_win"",""tick"":7652,""winner"":""candidate""},""separated_lanes_unbounded_d1"":{""status"":""tick_cap_draw"",""tick"":24000,""winner"":""draw""}}"
"96","pinned_supalosa","12","south-pacific","0","57,98","99,148","0","1","0","Americans","0","3350110096","24000","pinned_supalosa__south-pacific","south-pacific","competitive","27366612","7958db562f9c4fc1bd3b952530d43c77b0fd465ce62e8204ec03b0907110c456","428107","18dde712dac64b2f76ec5c91c4e87a7140db78a1","61a3d2de51c60b3bc910e9a358dc1ef0324337e1c9c7535694379490652e14b0","151c4cd5719459b8a6dc218f17d55f7fbc563803a11d6a0b7298a0a121247ebe","89a428f214d5ca2a5f650b94e2847fc493d51805aac04f869f1fcc76e4db3381","{""disabled"":{""status"":""engine_nonliteral_termination_draw"",""tick"":17832,""winner"":""draw""},""separated_lanes_v2"":{""status"":""engine_nonliteral_termination_draw"",""tick"":17832,""winner"":""draw""},""separated_lanes_unbounded_d1"":{""status"":""engine_nonliteral_termination_draw"",""tick"":17832,""winner"":""draw""}}","{""disabled"":{""status"":""engine_nonliteral_termination_draw"",""tick"":17832,""winner"":""draw""},""separated_lanes_v2"":{""status"":""engine_nonliteral_termination_draw"",""tick"":17832,""winner"":""draw""},""separated_lanes_unbounded_d1"":{""status"":""engine_nonliteral_termination_draw"",""tick"":17832,""winner"":""draw""}}"
"97","pinned_supalosa","12","south-pacific","0","57,98","99,148","0","1","0","Americans","1","3350110097","24000","pinned_supalosa__south-pacific","south-pacific","competitive","27366613","5ac60f7f57c9e6ff9d3be0f7d69255862d537ea6123760208f17a634f4b8bc22","553794","18dde712dac64b2f76ec5c91c4e87a7140db78a1","61a3d2de51c60b3bc910e9a358dc1ef0324337e1c9c7535694379490652e14b0","151c4cd5719459b8a6dc218f17d55f7fbc563803a11d6a0b7298a0a121247ebe","89a428f214d5ca2a5f650b94e2847fc493d51805aac04f869f1fcc76e4db3381","{""disabled"":{""status"":""tick_cap_draw"",""tick"":24000,""winner"":""draw""},""separated_lanes_v2"":{""status"":""tick_cap_draw"",""tick"":24000,""winner"":""draw""},""separated_lanes_unbounded_d1"":{""status"":""tick_cap_draw"",""tick"":24000,""winner"":""draw""}}","{""disabled"":{""status"":""tick_cap_draw"",""tick"":24000,""winner"":""draw""},""separated_lanes_v2"":{""status"":""tick_cap_draw"",""tick"":24000,""winner"":""draw""},""separated_lanes_unbounded_d1"":{""status"":""tick_cap_draw"",""tick"":24000,""winner"":""draw""}}"
"98","pinned_supalosa","12","south-pacific","0","57,98","99,148","0","1","1","Africans","0","3350110098","24000","pinned_supalosa__south-pacific","south-pacific","competitive","27366617","b542fdb01a59c09ccc8522a6d86974e509a51a6649c863944c1c643b16893324","514400","18dde712dac64b2f76ec5c91c4e87a7140db78a1","61a3d2de51c60b3bc910e9a358dc1ef0324337e1c9c7535694379490652e14b0","151c4cd5719459b8a6dc218f17d55f7fbc563803a11d6a0b7298a0a121247ebe","89a428f214d5ca2a5f650b94e2847fc493d51805aac04f869f1fcc76e4db3381","{""disabled"":{""status"":""baseline_win"",""tick"":9438,""winner"":""baseline""},""separated_lanes_v2"":{""status"":""baseline_win"",""tick"":9438,""winner"":""baseline""},""separated_lanes_unbounded_d1"":{""status"":""baseline_win"",""tick"":9438,""winner"":""baseline""}}","{""disabled"":{""status"":""baseline_win"",""tick"":9438,""winner"":""baseline""},""separated_lanes_v2"":{""status"":""baseline_win"",""tick"":9438,""winner"":""baseline""},""separated_lanes_unbounded_d1"":{""status"":""baseline_win"",""tick"":9438,""winner"":""baseline""}}"
"99","pinned_supalosa","12","south-pacific","0","57,98","99,148","0","1","1","Africans","1","3350110099","24000","pinned_supalosa__south-pacific","south-pacific","competitive","27366618","cabc57df116ec12e61f4536802d940fab71dc443b20ba75f76fcf6d6b5a8099e","373544","18dde712dac64b2f76ec5c91c4e87a7140db78a1","61a3d2de51c60b3bc910e9a358dc1ef0324337e1c9c7535694379490652e14b0","151c4cd5719459b8a6dc218f17d55f7fbc563803a11d6a0b7298a0a121247ebe","89a428f214d5ca2a5f650b94e2847fc493d51805aac04f869f1fcc76e4db3381","{""disabled"":{""status"":""baseline_win"",""tick"":10840,""winner"":""baseline""},""separated_lanes_v2"":{""status"":""baseline_win"",""tick"":10840,""winner"":""baseline""},""separated_lanes_unbounded_d1"":{""status"":""baseline_win"",""tick"":10840,""winner"":""baseline""}}","{""disabled"":{""status"":""baseline_win"",""tick"":10840,""winner"":""baseline""},""separated_lanes_v2"":{""status"":""baseline_win"",""tick"":10840,""winner"":""baseline""},""separated_lanes_unbounded_d1"":{""status"":""baseline_win"",""tick"":10840,""winner"":""baseline""}}"
"100","pinned_supalosa","12","south-pacific","1","99,148","57,98","1","0","0","Americans","0","3350110100","24000","pinned_supalosa__south-pacific","south-pacific","competitive","27366655","35e92fb64a6d60dae837774b3e1e8dda164be50e03d90892e796871f37aed8a2","602682","18dde712dac64b2f76ec5c91c4e87a7140db78a1","61a3d2de51c60b3bc910e9a358dc1ef0324337e1c9c7535694379490652e14b0","151c4cd5719459b8a6dc218f17d55f7fbc563803a11d6a0b7298a0a121247ebe","89a428f214d5ca2a5f650b94e2847fc493d51805aac04f869f1fcc76e4db3381","{""disabled"":{""status"":""engine_nonliteral_termination_draw"",""tick"":23787,""winner"":""draw""},""separated_lanes_v2"":{""status"":""tick_cap_draw"",""tick"":24000,""winner"":""draw""},""separated_lanes_unbounded_d1"":{""status"":""tick_cap_draw"",""tick"":24000,""winner"":""draw""}}","{""disabled"":{""status"":""engine_nonliteral_termination_draw"",""tick"":23787,""winner"":""draw""},""separated_lanes_v2"":{""status"":""tick_cap_draw"",""tick"":24000,""winner"":""draw""},""separated_lanes_unbounded_d1"":{""status"":""tick_cap_draw"",""tick"":24000,""winner"":""draw""}}"
"101","pinned_supalosa","12","south-pacific","1","99,148","57,98","1","0","0","Americans","1","3350110101","24000","pinned_supalosa__south-pacific","south-pacific","competitive","27366658","7d304db4cc48c179bcd13cef943ca454eeb96e9c7e3ff6784fc051fcf2b90ec1","702457","18dde712dac64b2f76ec5c91c4e87a7140db78a1","61a3d2de51c60b3bc910e9a358dc1ef0324337e1c9c7535694379490652e14b0","151c4cd5719459b8a6dc218f17d55f7fbc563803a11d6a0b7298a0a121247ebe","89a428f214d5ca2a5f650b94e2847fc493d51805aac04f869f1fcc76e4db3381","{""disabled"":{""status"":""tick_cap_draw"",""tick"":24000,""winner"":""draw""},""separated_lanes_v2"":{""status"":""tick_cap_draw"",""tick"":24000,""winner"":""draw""},""separated_lanes_unbounded_d1"":{""status"":""tick_cap_draw"",""tick"":24000,""winner"":""draw""}}","{""disabled"":{""status"":""tick_cap_draw"",""tick"":24000,""winner"":""draw""},""separated_lanes_v2"":{""status"":""tick_cap_draw"",""tick"":24000,""winner"":""draw""},""separated_lanes_unbounded_d1"":{""status"":""tick_cap_draw"",""tick"":24000,""winner"":""draw""}}"
"102","pinned_supalosa","12","south-pacific","1","99,148","57,98","1","0","1","Africans","0","3350110102","24000","pinned_supalosa__south-pacific","south-pacific","competitive","27366659","e405cad5189ff8e8ba1d4e978aca482172a4d3d5c53bbf02e270d1f9aaf288f5","413876","18dde712dac64b2f76ec5c91c4e87a7140db78a1","61a3d2de51c60b3bc910e9a358dc1ef0324337e1c9c7535694379490652e14b0","151c4cd5719459b8a6dc218f17d55f7fbc563803a11d6a0b7298a0a121247ebe","89a428f214d5ca2a5f650b94e2847fc493d51805aac04f869f1fcc76e4db3381","{""disabled"":{""status"":""tick_cap_draw"",""tick"":24000,""winner"":""draw""},""separated_lanes_v2"":{""status"":""tick_cap_draw"",""tick"":24000,""winner"":""draw""},""separated_lanes_unbounded_d1"":{""status"":""tick_cap_draw"",""tick"":24000,""winner"":""draw""}}","{""disabled"":{""status"":""tick_cap_draw"",""tick"":24000,""winner"":""draw""},""separated_lanes_v2"":{""status"":""tick_cap_draw"",""tick"":24000,""winner"":""draw""},""separated_lanes_unbounded_d1"":{""status"":""tick_cap_draw"",""tick"":24000,""winner"":""draw""}}"
"103","pinned_supalosa","12","south-pacific","1","99,148","57,98","1","0","1","Africans","1","3350110103","24000","pinned_supalosa__south-pacific","south-pacific","competitive","27366663","0131522a6a73db70af9874010c2249668e3563839250d1cb822cdf7b664a2324","386214","18dde712dac64b2f76ec5c91c4e87a7140db78a1","61a3d2de51c60b3bc910e9a358dc1ef0324337e1c9c7535694379490652e14b0","151c4cd5719459b8a6dc218f17d55f7fbc563803a11d6a0b7298a0a121247ebe","89a428f214d5ca2a5f650b94e2847fc493d51805aac04f869f1fcc76e4db3381","{""disabled"":{""status"":""tick_cap_draw"",""tick"":24000,""winner"":""draw""},""separated_lanes_v2"":{""status"":""tick_cap_draw"",""tick"":24000,""winner"":""draw""},""separated_lanes_unbounded_d1"":{""status"":""tick_cap_draw"",""tick"":24000,""winner"":""draw""}}","{""disabled"":{""status"":""tick_cap_draw"",""tick"":24000,""winner"":""draw""},""separated_lanes_v2"":{""status"":""tick_cap_draw"",""tick"":24000,""winner"":""draw""},""separated_lanes_unbounded_d1"":{""status"":""tick_cap_draw"",""tick"":24000,""winner"":""draw""}}"
"104","pinned_supalosa","13","south-pacific-2","0","57,98","152,96","0","1","0","Americans","0","3350110104","24000","pinned_supalosa__south-pacific-2","south-pacific","competitive","27366665","bd0aa6dcb22d43c5de28daa74591f32d4f6f871ac5e298b891412a5383c358da","350137","18dde712dac64b2f76ec5c91c4e87a7140db78a1","61a3d2de51c60b3bc910e9a358dc1ef0324337e1c9c7535694379490652e14b0","151c4cd5719459b8a6dc218f17d55f7fbc563803a11d6a0b7298a0a121247ebe","5d8122dc9234cc6fbcb68ec428cbea28b31496617253274ee15296a7c2807e2e","{""disabled"":{""status"":""baseline_win"",""tick"":17635,""winner"":""baseline""},""separated_lanes_v2"":{""status"":""tick_cap_draw"",""tick"":24000,""winner"":""draw""},""separated_lanes_unbounded_d1"":{""status"":""baseline_win"",""tick"":17635,""winner"":""baseline""}}","{""disabled"":{""status"":""baseline_win"",""tick"":17635,""winner"":""baseline""},""separated_lanes_v2"":{""status"":""tick_cap_draw"",""tick"":24000,""winner"":""draw""},""separated_lanes_unbounded_d1"":{""status"":""baseline_win"",""tick"":17635,""winner"":""baseline""}}"
"105","pinned_supalosa","13","south-pacific-2","0","57,98","152,96","0","1","0","Americans","1","3350110105","24000","pinned_supalosa__south-pacific-2","south-pacific","competitive","27366666","c1ea7972c4849ca741643f6b5a592aba40a5b69b280b9d50bbfa59f4e1ea9f01","401854","18dde712dac64b2f76ec5c91c4e87a7140db78a1","61a3d2de51c60b3bc910e9a358dc1ef0324337e1c9c7535694379490652e14b0","151c4cd5719459b8a6dc218f17d55f7fbc563803a11d6a0b7298a0a121247ebe","5d8122dc9234cc6fbcb68ec428cbea28b31496617253274ee15296a7c2807e2e","{""disabled"":{""status"":""baseline_win"",""tick"":13501,""winner"":""baseline""},""separated_lanes_v2"":{""status"":""baseline_win"",""tick"":18235,""winner"":""baseline""},""separated_lanes_unbounded_d1"":{""status"":""baseline_win"",""tick"":13501,""winner"":""baseline""}}","{""disabled"":{""status"":""baseline_win"",""tick"":13501,""winner"":""baseline""},""separated_lanes_v2"":{""status"":""baseline_win"",""tick"":18235,""winner"":""baseline""},""separated_lanes_unbounded_d1"":{""status"":""baseline_win"",""tick"":13501,""winner"":""baseline""}}"
"106","pinned_supalosa","13","south-pacific-2","0","57,98","152,96","0","1","1","Africans","0","3350110106","24000","pinned_supalosa__south-pacific-2","south-pacific","competitive","27366699","e3a30326390a03574d03a3484ded66b2681ab782e9cf67b1ea4e6fb5dc987262","134302","18dde712dac64b2f76ec5c91c4e87a7140db78a1","61a3d2de51c60b3bc910e9a358dc1ef0324337e1c9c7535694379490652e14b0","151c4cd5719459b8a6dc218f17d55f7fbc563803a11d6a0b7298a0a121247ebe","5d8122dc9234cc6fbcb68ec428cbea28b31496617253274ee15296a7c2807e2e","{""disabled"":{""status"":""tick_cap_draw"",""tick"":24000,""winner"":""draw""},""separated_lanes_v2"":{""status"":""tick_cap_draw"",""tick"":24000,""winner"":""draw""},""separated_lanes_unbounded_d1"":{""status"":""tick_cap_draw"",""tick"":24000,""winner"":""draw""}}","{""disabled"":{""status"":""tick_cap_draw"",""tick"":24000,""winner"":""draw""},""separated_lanes_v2"":{""status"":""tick_cap_draw"",""tick"":24000,""winner"":""draw""},""separated_lanes_unbounded_d1"":{""status"":""tick_cap_draw"",""tick"":24000,""winner"":""draw""}}"
"107","pinned_supalosa","13","south-pacific-2","0","57,98","152,96","0","1","1","Africans","1","3350110107","24000","pinned_supalosa__south-pacific-2","south-pacific","competitive","27366700","f58b52ff8e3ac2870dcecfccfa9fa135619f12e594c8fe9c8f68c0d6c5fef7a8","151008","18dde712dac64b2f76ec5c91c4e87a7140db78a1","61a3d2de51c60b3bc910e9a358dc1ef0324337e1c9c7535694379490652e14b0","151c4cd5719459b8a6dc218f17d55f7fbc563803a11d6a0b7298a0a121247ebe","5d8122dc9234cc6fbcb68ec428cbea28b31496617253274ee15296a7c2807e2e","{""disabled"":{""status"":""tick_cap_draw"",""tick"":24000,""winner"":""draw""},""separated_lanes_v2"":{""status"":""tick_cap_draw"",""tick"":24000,""winner"":""draw""},""separated_lanes_unbounded_d1"":{""status"":""tick_cap_draw"",""tick"":24000,""winner"":""draw""}}","{""disabled"":{""status"":""tick_cap_draw"",""tick"":24000,""winner"":""draw""},""separated_lanes_v2"":{""status"":""tick_cap_draw"",""tick"":24000,""winner"":""draw""},""separated_lanes_unbounded_d1"":{""status"":""tick_cap_draw"",""tick"":24000,""winner"":""draw""}}"
"108","pinned_supalosa","13","south-pacific-2","1","152,96","57,98","1","0","0","Americans","0","3350110108","24000","pinned_supalosa__south-pacific-2","south-pacific","competitive","27366702","de73b4325e05e4fabcd2fab49557c49da437f19ad3a365e2bbd62706c0006c48","439543","18dde712dac64b2f76ec5c91c4e87a7140db78a1","61a3d2de51c60b3bc910e9a358dc1ef0324337e1c9c7535694379490652e14b0","151c4cd5719459b8a6dc218f17d55f7fbc563803a11d6a0b7298a0a121247ebe","5d8122dc9234cc6fbcb68ec428cbea28b31496617253274ee15296a7c2807e2e","{""disabled"":{""status"":""engine_nonliteral_termination_draw"",""tick"":21927,""winner"":""draw""},""separated_lanes_v2"":{""status"":""tick_cap_draw"",""tick"":24000,""winner"":""draw""},""separated_lanes_unbounded_d1"":{""status"":""tick_cap_draw"",""tick"":24000,""winner"":""draw""}}","{""disabled"":{""status"":""candidate_win"",""tick"":21001,""winner"":""candidate""},""separated_lanes_v2"":{""status"":""tick_cap_draw"",""tick"":24000,""winner"":""draw""},""separated_lanes_unbounded_d1"":{""status"":""tick_cap_draw"",""tick"":24000,""winner"":""draw""}}"
"109","pinned_supalosa","13","south-pacific-2","1","152,96","57,98","1","0","0","Americans","1","3350110109","24000","pinned_supalosa__south-pacific-2","south-pacific","competitive","27366706","87d35343e54af1311334906f90d20c07069dce4d6ff1bc8e7d6033f3afea3d22","382582","18dde712dac64b2f76ec5c91c4e87a7140db78a1","61a3d2de51c60b3bc910e9a358dc1ef0324337e1c9c7535694379490652e14b0","151c4cd5719459b8a6dc218f17d55f7fbc563803a11d6a0b7298a0a121247ebe","5d8122dc9234cc6fbcb68ec428cbea28b31496617253274ee15296a7c2807e2e","{""disabled"":{""status"":""engine_nonliteral_termination_draw"",""tick"":21642,""winner"":""draw""},""separated_lanes_v2"":{""status"":""tick_cap_draw"",""tick"":24000,""winner"":""draw""},""separated_lanes_unbounded_d1"":{""status"":""tick_cap_draw"",""tick"":24000,""winner"":""draw""}}","{""disabled"":{""status"":""engine_nonliteral_termination_draw"",""tick"":21642,""winner"":""draw""},""separated_lanes_v2"":{""status"":""tick_cap_draw"",""tick"":24000,""winner"":""draw""},""separated_lanes_unbounded_d1"":{""status"":""candidate_win"",""tick"":22157,""winner"":""candidate""}}"
"110","pinned_supalosa","13","south-pacific-2","1","152,96","57,98","1","0","1","Africans","0","3350110110","24000","pinned_supalosa__south-pacific-2","south-pacific","competitive","27366710","9996659d55b82ed6b45ab88de5705b33b6eef58b12f738bcbbf6ba0f1b27fc6f","310607","18dde712dac64b2f76ec5c91c4e87a7140db78a1","61a3d2de51c60b3bc910e9a358dc1ef0324337e1c9c7535694379490652e14b0","151c4cd5719459b8a6dc218f17d55f7fbc563803a11d6a0b7298a0a121247ebe","5d8122dc9234cc6fbcb68ec428cbea28b31496617253274ee15296a7c2807e2e","{""disabled"":{""status"":""tick_cap_draw"",""tick"":24000,""winner"":""draw""},""separated_lanes_v2"":{""status"":""tick_cap_draw"",""tick"":24000,""winner"":""draw""},""separated_lanes_unbounded_d1"":{""status"":""tick_cap_draw"",""tick"":24000,""winner"":""draw""}}","{""disabled"":{""status"":""tick_cap_draw"",""tick"":24000,""winner"":""draw""},""separated_lanes_v2"":{""status"":""tick_cap_draw"",""tick"":24000,""winner"":""draw""},""separated_lanes_unbounded_d1"":{""status"":""tick_cap_draw"",""tick"":24000,""winner"":""draw""}}"
"111","pinned_supalosa","13","south-pacific-2","1","152,96","57,98","1","0","1","Africans","1","3350110111","24000","pinned_supalosa__south-pacific-2","south-pacific","competitive","27366713","1bbfbb7bc64ce4f3c34e236751efef1d463ec474ca468c26cab032cc14e708f5","325089","18dde712dac64b2f76ec5c91c4e87a7140db78a1","61a3d2de51c60b3bc910e9a358dc1ef0324337e1c9c7535694379490652e14b0","151c4cd5719459b8a6dc218f17d55f7fbc563803a11d6a0b7298a0a121247ebe","5d8122dc9234cc6fbcb68ec428cbea28b31496617253274ee15296a7c2807e2e","{""disabled"":{""status"":""tick_cap_draw"",""tick"":24000,""winner"":""draw""},""separated_lanes_v2"":{""status"":""tick_cap_draw"",""tick"":24000,""winner"":""draw""},""separated_lanes_unbounded_d1"":{""status"":""tick_cap_draw"",""tick"":24000,""winner"":""draw""}}","{""disabled"":{""status"":""tick_cap_draw"",""tick"":24000,""winner"":""draw""},""separated_lanes_v2"":{""status"":""tick_cap_draw"",""tick"":24000,""winner"":""draw""},""separated_lanes_unbounded_d1"":{""status"":""tick_cap_draw"",""tick"":24000,""winner"":""draw""}}"
"112","pinned_supalosa","14","pacific-heights","0","83,146","43,80","0","1","0","Americans","0","3350110112","24000","pinned_supalosa__pacific-heights","pacific-heights","competitive","27366750","c185a4263e7c04508a4060f73e0784528ece92c6adc82aad016844cbf8a04396","242504","18dde712dac64b2f76ec5c91c4e87a7140db78a1","61a3d2de51c60b3bc910e9a358dc1ef0324337e1c9c7535694379490652e14b0","151c4cd5719459b8a6dc218f17d55f7fbc563803a11d6a0b7298a0a121247ebe","8ba46066a7e034c37b2367bd07df94be8d6252757d4396ea68d21bc226fa8898","{""disabled"":{""status"":""candidate_win"",""tick"":9442,""winner"":""candidate""},""separated_lanes_v2"":{""status"":""candidate_win"",""tick"":18411,""winner"":""candidate""},""separated_lanes_unbounded_d1"":{""status"":""candidate_win"",""tick"":10163,""winner"":""candidate""}}","{""disabled"":{""status"":""candidate_win"",""tick"":9442,""winner"":""candidate""},""separated_lanes_v2"":{""status"":""candidate_win"",""tick"":18411,""winner"":""candidate""},""separated_lanes_unbounded_d1"":{""status"":""candidate_win"",""tick"":10163,""winner"":""candidate""}}"
"113","pinned_supalosa","14","pacific-heights","0","83,146","43,80","0","1","0","Americans","1","3350110113","24000","pinned_supalosa__pacific-heights","pacific-heights","competitive","27366751","3ad1adbd16d641f96f892ecf5f1da364650e6e8e3bd3e8db714f8f59fedc92b3","249762","18dde712dac64b2f76ec5c91c4e87a7140db78a1","61a3d2de51c60b3bc910e9a358dc1ef0324337e1c9c7535694379490652e14b0","151c4cd5719459b8a6dc218f17d55f7fbc563803a11d6a0b7298a0a121247ebe","8ba46066a7e034c37b2367bd07df94be8d6252757d4396ea68d21bc226fa8898","{""disabled"":{""status"":""candidate_win"",""tick"":9274,""winner"":""candidate""},""separated_lanes_v2"":{""status"":""candidate_win"",""tick"":16698,""winner"":""candidate""},""separated_lanes_unbounded_d1"":{""status"":""candidate_win"",""tick"":9856,""winner"":""candidate""}}","{""disabled"":{""status"":""candidate_win"",""tick"":9274,""winner"":""candidate""},""separated_lanes_v2"":{""status"":""candidate_win"",""tick"":16698,""winner"":""candidate""},""separated_lanes_unbounded_d1"":{""status"":""candidate_win"",""tick"":9856,""winner"":""candidate""}}"
"114","pinned_supalosa","14","pacific-heights","0","83,146","43,80","0","1","1","Africans","0","3350110114","24000","pinned_supalosa__pacific-heights","pacific-heights","competitive","27366754","f20921eebffe74b7724e937793015f433301ee56b58d67ae92b669f9dbe78811","622774","18dde712dac64b2f76ec5c91c4e87a7140db78a1","61a3d2de51c60b3bc910e9a358dc1ef0324337e1c9c7535694379490652e14b0","151c4cd5719459b8a6dc218f17d55f7fbc563803a11d6a0b7298a0a121247ebe","8ba46066a7e034c37b2367bd07df94be8d6252757d4396ea68d21bc226fa8898","{""disabled"":{""status"":""tick_cap_draw"",""tick"":24000,""winner"":""draw""},""separated_lanes_v2"":{""status"":""tick_cap_draw"",""tick"":24000,""winner"":""draw""},""separated_lanes_unbounded_d1"":{""status"":""tick_cap_draw"",""tick"":24000,""winner"":""draw""}}","{""disabled"":{""status"":""tick_cap_draw"",""tick"":24000,""winner"":""draw""},""separated_lanes_v2"":{""status"":""tick_cap_draw"",""tick"":24000,""winner"":""draw""},""separated_lanes_unbounded_d1"":{""status"":""tick_cap_draw"",""tick"":24000,""winner"":""draw""}}"
"115","pinned_supalosa","14","pacific-heights","0","83,146","43,80","0","1","1","Africans","1","3350110115","24000","pinned_supalosa__pacific-heights","pacific-heights","competitive","27366757","588af72366154a5ed471554d1516fdff74649dfda9e1791901b84db881e2643e","586419","18dde712dac64b2f76ec5c91c4e87a7140db78a1","61a3d2de51c60b3bc910e9a358dc1ef0324337e1c9c7535694379490652e14b0","151c4cd5719459b8a6dc218f17d55f7fbc563803a11d6a0b7298a0a121247ebe","8ba46066a7e034c37b2367bd07df94be8d6252757d4396ea68d21bc226fa8898","{""disabled"":{""status"":""tick_cap_draw"",""tick"":24000,""winner"":""draw""},""separated_lanes_v2"":{""status"":""baseline_win"",""tick"":9045,""winner"":""baseline""},""separated_lanes_unbounded_d1"":{""status"":""tick_cap_draw"",""tick"":24000,""winner"":""draw""}}","{""disabled"":{""status"":""tick_cap_draw"",""tick"":24000,""winner"":""draw""},""separated_lanes_v2"":{""status"":""baseline_win"",""tick"":9045,""winner"":""baseline""},""separated_lanes_unbounded_d1"":{""status"":""tick_cap_draw"",""tick"":24000,""winner"":""draw""}}"
"116","pinned_supalosa","14","pacific-heights","1","43,80","83,146","1","0","0","Americans","0","3350110116","24000","pinned_supalosa__pacific-heights","pacific-heights","competitive","27366767","b07da76ddd5d2abd5d34934a9207bf9580505779f01791be2c5fa14cdb446f8a","210541","18dde712dac64b2f76ec5c91c4e87a7140db78a1","61a3d2de51c60b3bc910e9a358dc1ef0324337e1c9c7535694379490652e14b0","151c4cd5719459b8a6dc218f17d55f7fbc563803a11d6a0b7298a0a121247ebe","8ba46066a7e034c37b2367bd07df94be8d6252757d4396ea68d21bc226fa8898","{""disabled"":{""status"":""candidate_win"",""tick"":13450,""winner"":""candidate""},""separated_lanes_v2"":{""status"":""baseline_win"",""tick"":13090,""winner"":""baseline""},""separated_lanes_unbounded_d1"":{""status"":""candidate_win"",""tick"":17560,""winner"":""candidate""}}","{""disabled"":{""status"":""candidate_win"",""tick"":13450,""winner"":""candidate""},""separated_lanes_v2"":{""status"":""baseline_win"",""tick"":13090,""winner"":""baseline""},""separated_lanes_unbounded_d1"":{""status"":""candidate_win"",""tick"":17560,""winner"":""candidate""}}"
"117","pinned_supalosa","14","pacific-heights","1","43,80","83,146","1","0","0","Americans","1","3350110117","24000","pinned_supalosa__pacific-heights","pacific-heights","competitive","27366804","ce7ad0a7a9fc4948370f14b8c8417a7c0dd1a9736571fc819bdfdacacd187bc0","325895","18dde712dac64b2f76ec5c91c4e87a7140db78a1","61a3d2de51c60b3bc910e9a358dc1ef0324337e1c9c7535694379490652e14b0","151c4cd5719459b8a6dc218f17d55f7fbc563803a11d6a0b7298a0a121247ebe","8ba46066a7e034c37b2367bd07df94be8d6252757d4396ea68d21bc226fa8898","{""disabled"":{""status"":""candidate_win"",""tick"":10792,""winner"":""candidate""},""separated_lanes_v2"":{""status"":""tick_cap_draw"",""tick"":24000,""winner"":""draw""},""separated_lanes_unbounded_d1"":{""status"":""candidate_win"",""tick"":9880,""winner"":""candidate""}}","{""disabled"":{""status"":""candidate_win"",""tick"":10792,""winner"":""candidate""},""separated_lanes_v2"":{""status"":""tick_cap_draw"",""tick"":24000,""winner"":""draw""},""separated_lanes_unbounded_d1"":{""status"":""candidate_win"",""tick"":9880,""winner"":""candidate""}}"
"118","pinned_supalosa","14","pacific-heights","1","43,80","83,146","1","0","1","Africans","0","3350110118","24000","pinned_supalosa__pacific-heights","pacific-heights","competitive","27366813","b82a2dddb6d31ffbc64f5b5a35886c5e73c48d7a1125a6edea72d618d2aa391c","285203","18dde712dac64b2f76ec5c91c4e87a7140db78a1","61a3d2de51c60b3bc910e9a358dc1ef0324337e1c9c7535694379490652e14b0","151c4cd5719459b8a6dc218f17d55f7fbc563803a11d6a0b7298a0a121247ebe","8ba46066a7e034c37b2367bd07df94be8d6252757d4396ea68d21bc226fa8898","{""disabled"":{""status"":""candidate_win"",""tick"":9449,""winner"":""candidate""},""separated_lanes_v2"":{""status"":""candidate_win"",""tick"":9507,""winner"":""candidate""},""separated_lanes_unbounded_d1"":{""status"":""candidate_win"",""tick"":9449,""winner"":""candidate""}}","{""disabled"":{""status"":""candidate_win"",""tick"":9449,""winner"":""candidate""},""separated_lanes_v2"":{""status"":""candidate_win"",""tick"":9507,""winner"":""candidate""},""separated_lanes_unbounded_d1"":{""status"":""candidate_win"",""tick"":9449,""winner"":""candidate""}}"
"119","pinned_supalosa","14","pacific-heights","1","43,80","83,146","1","0","1","Africans","1","3350110119","24000","pinned_supalosa__pacific-heights","pacific-heights","competitive","27366814","a79437eb318e870262420c8824ef38bb325705221b9994f67d63f1fbc5d9903f","300250","18dde712dac64b2f76ec5c91c4e87a7140db78a1","61a3d2de51c60b3bc910e9a358dc1ef0324337e1c9c7535694379490652e14b0","151c4cd5719459b8a6dc218f17d55f7fbc563803a11d6a0b7298a0a121247ebe","8ba46066a7e034c37b2367bd07df94be8d6252757d4396ea68d21bc226fa8898","{""disabled"":{""status"":""candidate_win"",""tick"":9797,""winner"":""candidate""},""separated_lanes_v2"":{""status"":""candidate_win"",""tick"":10472,""winner"":""candidate""},""separated_lanes_unbounded_d1"":{""status"":""candidate_win"",""tick"":9797,""winner"":""candidate""}}","{""disabled"":{""status"":""candidate_win"",""tick"":9797,""winner"":""candidate""},""separated_lanes_v2"":{""status"":""candidate_win"",""tick"":10472,""winner"":""candidate""},""separated_lanes_unbounded_d1"":{""status"":""candidate_win"",""tick"":9797,""winner"":""candidate""}}"
"120","ra2web_advanced","0","hfo-le","0","39,82","88,34","0","1","0","Americans","0","3350110120","24000","ra2web_advanced__hfo-le","hfo","competitive","27366853","e7b3533c49e0f982f8b3eaeaab9f4a1d76bc5ebbf6c585d966982240e5b74ad0","384549","18dde712dac64b2f76ec5c91c4e87a7140db78a1","61a3d2de51c60b3bc910e9a358dc1ef0324337e1c9c7535694379490652e14b0","151c4cd5719459b8a6dc218f17d55f7fbc563803a11d6a0b7298a0a121247ebe","e4dfc736a6355e0e68d4681e4d67419516e6bb94549e2d42880c9414e95e2e8d","{""disabled"":{""status"":""baseline_win"",""tick"":18293,""winner"":""baseline""},""separated_lanes_v2"":{""status"":""baseline_win"",""tick"":21856,""winner"":""baseline""},""separated_lanes_unbounded_d1"":{""status"":""baseline_win"",""tick"":21850,""winner"":""baseline""}}","{""disabled"":{""status"":""baseline_win"",""tick"":18293,""winner"":""baseline""},""separated_lanes_v2"":{""status"":""baseline_win"",""tick"":21856,""winner"":""baseline""},""separated_lanes_unbounded_d1"":{""status"":""baseline_win"",""tick"":21850,""winner"":""baseline""}}"
"121","ra2web_advanced","0","hfo-le","0","39,82","88,34","0","1","0","Americans","1","3350110121","24000","ra2web_advanced__hfo-le","hfo","competitive","27366857","8303d56ddf1df236e983fb674156df6b27084a13dfae60ed5822dfc6603c354f","355187","18dde712dac64b2f76ec5c91c4e87a7140db78a1","61a3d2de51c60b3bc910e9a358dc1ef0324337e1c9c7535694379490652e14b0","151c4cd5719459b8a6dc218f17d55f7fbc563803a11d6a0b7298a0a121247ebe","e4dfc736a6355e0e68d4681e4d67419516e6bb94549e2d42880c9414e95e2e8d","{""disabled"":{""status"":""baseline_win"",""tick"":21419,""winner"":""baseline""},""separated_lanes_v2"":{""status"":""tick_cap_draw"",""tick"":24000,""winner"":""draw""},""separated_lanes_unbounded_d1"":{""status"":""baseline_win"",""tick"":21409,""winner"":""baseline""}}","{""disabled"":{""status"":""baseline_win"",""tick"":21419,""winner"":""baseline""},""separated_lanes_v2"":{""status"":""tick_cap_draw"",""tick"":24000,""winner"":""draw""},""separated_lanes_unbounded_d1"":{""status"":""baseline_win"",""tick"":21409,""winner"":""baseline""}}"
"122","ra2web_advanced","0","hfo-le","0","39,82","88,34","0","1","1","Africans","0","3350110122","24000","ra2web_advanced__hfo-le","hfo","competitive","27366859","2fdbf740276f0568a342aeed6e1d7e2b3726837dc9af08a2dc950ff9389035d3","296359","18dde712dac64b2f76ec5c91c4e87a7140db78a1","61a3d2de51c60b3bc910e9a358dc1ef0324337e1c9c7535694379490652e14b0","151c4cd5719459b8a6dc218f17d55f7fbc563803a11d6a0b7298a0a121247ebe","e4dfc736a6355e0e68d4681e4d67419516e6bb94549e2d42880c9414e95e2e8d","{""disabled"":{""status"":""candidate_win"",""tick"":18795,""winner"":""candidate""},""separated_lanes_v2"":{""status"":""candidate_win"",""tick"":19009,""winner"":""candidate""},""separated_lanes_unbounded_d1"":{""status"":""candidate_win"",""tick"":18795,""winner"":""candidate""}}","{""disabled"":{""status"":""candidate_win"",""tick"":18795,""winner"":""candidate""},""separated_lanes_v2"":{""status"":""candidate_win"",""tick"":19009,""winner"":""candidate""},""separated_lanes_unbounded_d1"":{""status"":""candidate_win"",""tick"":18795,""winner"":""candidate""}}"
"123","ra2web_advanced","0","hfo-le","0","39,82","88,34","0","1","1","Africans","1","3350110123","24000","ra2web_advanced__hfo-le","hfo","competitive","27366860","962a07917e240f9a454a52992a95c1cb6f26e202810233ed9730c6b114f7a051","290374","18dde712dac64b2f76ec5c91c4e87a7140db78a1","61a3d2de51c60b3bc910e9a358dc1ef0324337e1c9c7535694379490652e14b0","151c4cd5719459b8a6dc218f17d55f7fbc563803a11d6a0b7298a0a121247ebe","e4dfc736a6355e0e68d4681e4d67419516e6bb94549e2d42880c9414e95e2e8d","{""disabled"":{""status"":""candidate_win"",""tick"":20464,""winner"":""candidate""},""separated_lanes_v2"":{""status"":""candidate_win"",""tick"":20217,""winner"":""candidate""},""separated_lanes_unbounded_d1"":{""status"":""candidate_win"",""tick"":20464,""winner"":""candidate""}}","{""disabled"":{""status"":""candidate_win"",""tick"":20464,""winner"":""candidate""},""separated_lanes_v2"":{""status"":""candidate_win"",""tick"":20217,""winner"":""candidate""},""separated_lanes_unbounded_d1"":{""status"":""candidate_win"",""tick"":20464,""winner"":""candidate""}}"
"124","ra2web_advanced","0","hfo-le","1","88,34","39,82","1","0","0","Americans","0","3350110124","24000","ra2web_advanced__hfo-le","hfo","competitive","27366922","ab3530bbb76c45f6ac7383d76da10b0590f2194423ca15776c1c3542f10ef989","393518","18dde712dac64b2f76ec5c91c4e87a7140db78a1","61a3d2de51c60b3bc910e9a358dc1ef0324337e1c9c7535694379490652e14b0","151c4cd5719459b8a6dc218f17d55f7fbc563803a11d6a0b7298a0a121247ebe","e4dfc736a6355e0e68d4681e4d67419516e6bb94549e2d42880c9414e95e2e8d","{""disabled"":{""status"":""baseline_win"",""tick"":21453,""winner"":""baseline""},""separated_lanes_v2"":{""status"":""tick_cap_draw"",""tick"":24000,""winner"":""draw""},""separated_lanes_unbounded_d1"":{""status"":""baseline_win"",""tick"":21544,""winner"":""baseline""}}","{""disabled"":{""status"":""baseline_win"",""tick"":21453,""winner"":""baseline""},""separated_lanes_v2"":{""status"":""tick_cap_draw"",""tick"":24000,""winner"":""draw""},""separated_lanes_unbounded_d1"":{""status"":""baseline_win"",""tick"":21544,""winner"":""baseline""}}"
"125","ra2web_advanced","0","hfo-le","1","88,34","39,82","1","0","0","Americans","1","3350110125","24000","ra2web_advanced__hfo-le","hfo","competitive","27366924","db96c64c595541759dc873079e480148697fd8276066df24721301810a90cd25","337565","18dde712dac64b2f76ec5c91c4e87a7140db78a1","61a3d2de51c60b3bc910e9a358dc1ef0324337e1c9c7535694379490652e14b0","151c4cd5719459b8a6dc218f17d55f7fbc563803a11d6a0b7298a0a121247ebe","e4dfc736a6355e0e68d4681e4d67419516e6bb94549e2d42880c9414e95e2e8d","{""disabled"":{""status"":""tick_cap_draw"",""tick"":24000,""winner"":""draw""},""separated_lanes_v2"":{""status"":""baseline_win"",""tick"":23096,""winner"":""baseline""},""separated_lanes_unbounded_d1"":{""status"":""baseline_win"",""tick"":21497,""winner"":""baseline""}}","{""disabled"":{""status"":""tick_cap_draw"",""tick"":24000,""winner"":""draw""},""separated_lanes_v2"":{""status"":""baseline_win"",""tick"":23096,""winner"":""baseline""},""separated_lanes_unbounded_d1"":{""status"":""baseline_win"",""tick"":21497,""winner"":""baseline""}}"
"126","ra2web_advanced","0","hfo-le","1","88,34","39,82","1","0","1","Africans","0","3350110126","24000","ra2web_advanced__hfo-le","hfo","competitive","27366927","2a4c9ffeb85c1429dea766ffabe4f7a2f0f079aa6edfa9b2b356f37cb97c9f53","411758","18dde712dac64b2f76ec5c91c4e87a7140db78a1","61a3d2de51c60b3bc910e9a358dc1ef0324337e1c9c7535694379490652e14b0","151c4cd5719459b8a6dc218f17d55f7fbc563803a11d6a0b7298a0a121247ebe","e4dfc736a6355e0e68d4681e4d67419516e6bb94549e2d42880c9414e95e2e8d","{""disabled"":{""status"":""tick_cap_draw"",""tick"":24000,""winner"":""draw""},""separated_lanes_v2"":{""status"":""tick_cap_draw"",""tick"":24000,""winner"":""draw""},""separated_lanes_unbounded_d1"":{""status"":""tick_cap_draw"",""tick"":24000,""winner"":""draw""}}","{""disabled"":{""status"":""tick_cap_draw"",""tick"":24000,""winner"":""draw""},""separated_lanes_v2"":{""status"":""tick_cap_draw"",""tick"":24000,""winner"":""draw""},""separated_lanes_unbounded_d1"":{""status"":""tick_cap_draw"",""tick"":24000,""winner"":""draw""}}"
"127","ra2web_advanced","0","hfo-le","1","88,34","39,82","1","0","1","Africans","1","3350110127","24000","ra2web_advanced__hfo-le","hfo","competitive","27366929","cee46ec51629dfdd5fc605f8f0e2610089f8c77236d9e81243729bf817b330d3","247055","18dde712dac64b2f76ec5c91c4e87a7140db78a1","61a3d2de51c60b3bc910e9a358dc1ef0324337e1c9c7535694379490652e14b0","151c4cd5719459b8a6dc218f17d55f7fbc563803a11d6a0b7298a0a121247ebe","e4dfc736a6355e0e68d4681e4d67419516e6bb94549e2d42880c9414e95e2e8d","{""disabled"":{""status"":""tick_cap_draw"",""tick"":24000,""winner"":""draw""},""separated_lanes_v2"":{""status"":""tick_cap_draw"",""tick"":24000,""winner"":""draw""},""separated_lanes_unbounded_d1"":{""status"":""tick_cap_draw"",""tick"":24000,""winner"":""draw""}}","{""disabled"":{""status"":""tick_cap_draw"",""tick"":24000,""winner"":""draw""},""separated_lanes_v2"":{""status"":""tick_cap_draw"",""tick"":24000,""winner"":""draw""},""separated_lanes_unbounded_d1"":{""status"":""tick_cap_draw"",""tick"":24000,""winner"":""draw""}}"
"128","ra2web_advanced","1","hfo-original","0","39,82","88,34","0","1","0","Americans","0","3350110128","24000","ra2web_advanced__hfo-original","hfo","competitive","27366974","f9588a8169ff9438d038428a846bc4fff4911a2b28f2e4c68ed65654cca07880","559995","18dde712dac64b2f76ec5c91c4e87a7140db78a1","61a3d2de51c60b3bc910e9a358dc1ef0324337e1c9c7535694379490652e14b0","151c4cd5719459b8a6dc218f17d55f7fbc563803a11d6a0b7298a0a121247ebe","907e5ab677a03c50f375da1bec4871880240de2fab790a38dac85674d0f65bf1","{""disabled"":{""status"":""baseline_win"",""tick"":13738,""winner"":""baseline""},""separated_lanes_v2"":{""status"":""baseline_win"",""tick"":22643,""winner"":""baseline""},""separated_lanes_unbounded_d1"":{""status"":""baseline_win"",""tick"":19776,""winner"":""baseline""}}","{""disabled"":{""status"":""baseline_win"",""tick"":13738,""winner"":""baseline""},""separated_lanes_v2"":{""status"":""baseline_win"",""tick"":22643,""winner"":""baseline""},""separated_lanes_unbounded_d1"":{""status"":""baseline_win"",""tick"":19776,""winner"":""baseline""}}"
"129","ra2web_advanced","1","hfo-original","0","39,82","88,34","0","1","0","Americans","1","3350110129","24000","ra2web_advanced__hfo-original","hfo","competitive","27367129","06ccd08ac4544314dfc53d10cfa9640a8c0d3f26c61e0074ad20d4f8f5a605f0","496976","18dde712dac64b2f76ec5c91c4e87a7140db78a1","61a3d2de51c60b3bc910e9a358dc1ef0324337e1c9c7535694379490652e14b0","151c4cd5719459b8a6dc218f17d55f7fbc563803a11d6a0b7298a0a121247ebe","907e5ab677a03c50f375da1bec4871880240de2fab790a38dac85674d0f65bf1","{""disabled"":{""status"":""baseline_win"",""tick"":18131,""winner"":""baseline""},""separated_lanes_v2"":{""status"":""baseline_win"",""tick"":18023,""winner"":""baseline""},""separated_lanes_unbounded_d1"":{""status"":""baseline_win"",""tick"":19647,""winner"":""baseline""}}","{""disabled"":{""status"":""baseline_win"",""tick"":18131,""winner"":""baseline""},""separated_lanes_v2"":{""status"":""baseline_win"",""tick"":18023,""winner"":""baseline""},""separated_lanes_unbounded_d1"":{""status"":""baseline_win"",""tick"":19647,""winner"":""baseline""}}"
"130","ra2web_advanced","1","hfo-original","0","39,82","88,34","0","1","1","Africans","0","3350110130","24000","ra2web_advanced__hfo-original","hfo","competitive","27367265","d50057df0b43abef324052134a72745df273ba909c83e82c653f2105f92a42e7","343501","18dde712dac64b2f76ec5c91c4e87a7140db78a1","61a3d2de51c60b3bc910e9a358dc1ef0324337e1c9c7535694379490652e14b0","151c4cd5719459b8a6dc218f17d55f7fbc563803a11d6a0b7298a0a121247ebe","907e5ab677a03c50f375da1bec4871880240de2fab790a38dac85674d0f65bf1","{""disabled"":{""status"":""tick_cap_draw"",""tick"":24000,""winner"":""draw""},""separated_lanes_v2"":{""status"":""baseline_win"",""tick"":11566,""winner"":""baseline""},""separated_lanes_unbounded_d1"":{""status"":""tick_cap_draw"",""tick"":24000,""winner"":""draw""}}","{""disabled"":{""status"":""tick_cap_draw"",""tick"":24000,""winner"":""draw""},""separated_lanes_v2"":{""status"":""baseline_win"",""tick"":11566,""winner"":""baseline""},""separated_lanes_unbounded_d1"":{""status"":""tick_cap_draw"",""tick"":24000,""winner"":""draw""}}"
"131","ra2web_advanced","1","hfo-original","0","39,82","88,34","0","1","1","Africans","1","3350110131","24000","ra2web_advanced__hfo-original","hfo","competitive","27367304","6083c044db8a2dbe253c371f2014803ff8e968abd9a6770e3ea539786ebb2eb1","317177","18dde712dac64b2f76ec5c91c4e87a7140db78a1","61a3d2de51c60b3bc910e9a358dc1ef0324337e1c9c7535694379490652e14b0","151c4cd5719459b8a6dc218f17d55f7fbc563803a11d6a0b7298a0a121247ebe","907e5ab677a03c50f375da1bec4871880240de2fab790a38dac85674d0f65bf1","{""disabled"":{""status"":""tick_cap_draw"",""tick"":24000,""winner"":""draw""},""separated_lanes_v2"":{""status"":""tick_cap_draw"",""tick"":24000,""winner"":""draw""},""separated_lanes_unbounded_d1"":{""status"":""tick_cap_draw"",""tick"":24000,""winner"":""draw""}}","{""disabled"":{""status"":""tick_cap_draw"",""tick"":24000,""winner"":""draw""},""separated_lanes_v2"":{""status"":""tick_cap_draw"",""tick"":24000,""winner"":""draw""},""separated_lanes_unbounded_d1"":{""status"":""tick_cap_draw"",""tick"":24000,""winner"":""draw""}}"
"132","ra2web_advanced","1","hfo-original","1","88,34","39,82","1","0","0","Americans","0","3350110132","24000","ra2web_advanced__hfo-original","hfo","competitive","27367306","28f7e5c9e9299273cda3130aedee9ced3504a1bb8a9b597b7f52de5d97b08eff","378931","18dde712dac64b2f76ec5c91c4e87a7140db78a1","61a3d2de51c60b3bc910e9a358dc1ef0324337e1c9c7535694379490652e14b0","151c4cd5719459b8a6dc218f17d55f7fbc563803a11d6a0b7298a0a121247ebe","907e5ab677a03c50f375da1bec4871880240de2fab790a38dac85674d0f65bf1","{""disabled"":{""status"":""candidate_win"",""tick"":18620,""winner"":""candidate""},""separated_lanes_v2"":{""status"":""candidate_win"",""tick"":11535,""winner"":""candidate""},""separated_lanes_unbounded_d1"":{""status"":""candidate_win"",""tick"":19941,""winner"":""candidate""}}","{""disabled"":{""status"":""candidate_win"",""tick"":18620,""winner"":""candidate""},""separated_lanes_v2"":{""status"":""candidate_win"",""tick"":11535,""winner"":""candidate""},""separated_lanes_unbounded_d1"":{""status"":""candidate_win"",""tick"":19941,""winner"":""candidate""}}"
"133","ra2web_advanced","1","hfo-original","1","88,34","39,82","1","0","0","Americans","1","3350110133","24000","ra2web_advanced__hfo-original","hfo","competitive","27367371","960978f215c874cd773592f3ea2b806c1bcf288e8a9bf9517d7ca494f25510ed","361052","18dde712dac64b2f76ec5c91c4e87a7140db78a1","61a3d2de51c60b3bc910e9a358dc1ef0324337e1c9c7535694379490652e14b0","151c4cd5719459b8a6dc218f17d55f7fbc563803a11d6a0b7298a0a121247ebe","907e5ab677a03c50f375da1bec4871880240de2fab790a38dac85674d0f65bf1","{""disabled"":{""status"":""candidate_win"",""tick"":17170,""winner"":""candidate""},""separated_lanes_v2"":{""status"":""candidate_win"",""tick"":19232,""winner"":""candidate""},""separated_lanes_unbounded_d1"":{""status"":""candidate_win"",""tick"":13660,""winner"":""candidate""}}","{""disabled"":{""status"":""candidate_win"",""tick"":17170,""winner"":""candidate""},""separated_lanes_v2"":{""status"":""candidate_win"",""tick"":19232,""winner"":""candidate""},""separated_lanes_unbounded_d1"":{""status"":""candidate_win"",""tick"":13660,""winner"":""candidate""}}"
"134","ra2web_advanced","1","hfo-original","1","88,34","39,82","1","0","1","Africans","0","3350110134","24000","ra2web_advanced__hfo-original","hfo","competitive","27367408","c48187790e0e8711a4e40869dea3aedbbb2d385e9a8b8ffbff3642f6ad9db777","401317","18dde712dac64b2f76ec5c91c4e87a7140db78a1","61a3d2de51c60b3bc910e9a358dc1ef0324337e1c9c7535694379490652e14b0","151c4cd5719459b8a6dc218f17d55f7fbc563803a11d6a0b7298a0a121247ebe","907e5ab677a03c50f375da1bec4871880240de2fab790a38dac85674d0f65bf1","{""disabled"":{""status"":""candidate_win"",""tick"":10292,""winner"":""candidate""},""separated_lanes_v2"":{""status"":""tick_cap_draw"",""tick"":24000,""winner"":""draw""},""separated_lanes_unbounded_d1"":{""status"":""candidate_win"",""tick"":10292,""winner"":""candidate""}}","{""disabled"":{""status"":""candidate_win"",""tick"":10292,""winner"":""candidate""},""separated_lanes_v2"":{""status"":""tick_cap_draw"",""tick"":24000,""winner"":""draw""},""separated_lanes_unbounded_d1"":{""status"":""candidate_win"",""tick"":10292,""winner"":""candidate""}}"
"135","ra2web_advanced","1","hfo-original","1","88,34","39,82","1","0","1","Africans","1","3350110135","24000","ra2web_advanced__hfo-original","hfo","competitive","27367410","d978a68b767ca823d97a21a56c30f059eaa244639ba10b9a86b897d36f6ca4c3","509523","18dde712dac64b2f76ec5c91c4e87a7140db78a1","61a3d2de51c60b3bc910e9a358dc1ef0324337e1c9c7535694379490652e14b0","151c4cd5719459b8a6dc218f17d55f7fbc563803a11d6a0b7298a0a121247ebe","907e5ab677a03c50f375da1bec4871880240de2fab790a38dac85674d0f65bf1","{""disabled"":{""status"":""candidate_win"",""tick"":13401,""winner"":""candidate""},""separated_lanes_v2"":{""status"":""tick_cap_draw"",""tick"":24000,""winner"":""draw""},""separated_lanes_unbounded_d1"":{""status"":""candidate_win"",""tick"":13401,""winner"":""candidate""}}","{""disabled"":{""status"":""candidate_win"",""tick"":13401,""winner"":""candidate""},""separated_lanes_v2"":{""status"":""tick_cap_draw"",""tick"":24000,""winner"":""draw""},""separated_lanes_unbounded_d1"":{""status"":""candidate_win"",""tick"":13401,""winner"":""candidate""}}"
"136","ra2web_advanced","2","hfo-golden","0","39,82","88,34","0","1","0","Americans","0","3350110136","24000","ra2web_advanced__hfo-golden","hfo","competitive","27367442","87f01bd65e6b9ea9c1f08c7993cd5e316d4e89b04ace9777dbbda547a1e05d54","316857","18dde712dac64b2f76ec5c91c4e87a7140db78a1","61a3d2de51c60b3bc910e9a358dc1ef0324337e1c9c7535694379490652e14b0","151c4cd5719459b8a6dc218f17d55f7fbc563803a11d6a0b7298a0a121247ebe","845359bfe0ea2ad3bb9dda90e0c00a7b97946fda132e87f717c22025923bd296","{""disabled"":{""status"":""candidate_win"",""tick"":7894,""winner"":""candidate""},""separated_lanes_v2"":{""status"":""baseline_win"",""tick"":18730,""winner"":""baseline""},""separated_lanes_unbounded_d1"":{""status"":""candidate_win"",""tick"":8338,""winner"":""candidate""}}","{""disabled"":{""status"":""candidate_win"",""tick"":7894,""winner"":""candidate""},""separated_lanes_v2"":{""status"":""baseline_win"",""tick"":18730,""winner"":""baseline""},""separated_lanes_unbounded_d1"":{""status"":""candidate_win"",""tick"":8338,""winner"":""candidate""}}"
"137","ra2web_advanced","2","hfo-golden","0","39,82","88,34","0","1","0","Americans","1","3350110137","24000","ra2web_advanced__hfo-golden","hfo","competitive","27367481","ebe8da424e1b5f81df66d9f458e0fa5d512ab50fc3ed6f5570ddd5b0c44d6f6d","382926","18dde712dac64b2f76ec5c91c4e87a7140db78a1","61a3d2de51c60b3bc910e9a358dc1ef0324337e1c9c7535694379490652e14b0","151c4cd5719459b8a6dc218f17d55f7fbc563803a11d6a0b7298a0a121247ebe","845359bfe0ea2ad3bb9dda90e0c00a7b97946fda132e87f717c22025923bd296","{""disabled"":{""status"":""baseline_win"",""tick"":17884,""winner"":""baseline""},""separated_lanes_v2"":{""status"":""baseline_win"",""tick"":18761,""winner"":""baseline""},""separated_lanes_unbounded_d1"":{""status"":""baseline_win"",""tick"":19403,""winner"":""baseline""}}","{""disabled"":{""status"":""baseline_win"",""tick"":17884,""winner"":""baseline""},""separated_lanes_v2"":{""status"":""baseline_win"",""tick"":18761,""winner"":""baseline""},""separated_lanes_unbounded_d1"":{""status"":""baseline_win"",""tick"":19403,""winner"":""baseline""}}"
"138","ra2web_advanced","2","hfo-golden","0","39,82","88,34","0","1","1","Africans","0","3350110138","24000","ra2web_advanced__hfo-golden","hfo","competitive","27367513","6aedccf2831cabdcb89ea9c7a4aa01483c23b7a70a217d3ec05345bd7d7a31b6","397618","18dde712dac64b2f76ec5c91c4e87a7140db78a1","61a3d2de51c60b3bc910e9a358dc1ef0324337e1c9c7535694379490652e14b0","151c4cd5719459b8a6dc218f17d55f7fbc563803a11d6a0b7298a0a121247ebe","845359bfe0ea2ad3bb9dda90e0c00a7b97946fda132e87f717c22025923bd296","{""disabled"":{""status"":""tick_cap_draw"",""tick"":24000,""winner"":""draw""},""separated_lanes_v2"":{""status"":""tick_cap_draw"",""tick"":24000,""winner"":""draw""},""separated_lanes_unbounded_d1"":{""status"":""tick_cap_draw"",""tick"":24000,""winner"":""draw""}}","{""disabled"":{""status"":""tick_cap_draw"",""tick"":24000,""winner"":""draw""},""separated_lanes_v2"":{""status"":""tick_cap_draw"",""tick"":24000,""winner"":""draw""},""separated_lanes_unbounded_d1"":{""status"":""tick_cap_draw"",""tick"":24000,""winner"":""draw""}}"
"139","ra2web_advanced","2","hfo-golden","0","39,82","88,34","0","1","1","Africans","1","3350110139","24000","ra2web_advanced__hfo-golden","hfo","competitive","27367516","28de6ab3c0a6de9d73b587ed8bf6537541fb2b358599d80101da46b18fbf814e","309667","18dde712dac64b2f76ec5c91c4e87a7140db78a1","61a3d2de51c60b3bc910e9a358dc1ef0324337e1c9c7535694379490652e14b0","151c4cd5719459b8a6dc218f17d55f7fbc563803a11d6a0b7298a0a121247ebe","845359bfe0ea2ad3bb9dda90e0c00a7b97946fda132e87f717c22025923bd296","{""disabled"":{""status"":""tick_cap_draw"",""tick"":24000,""winner"":""draw""},""separated_lanes_v2"":{""status"":""baseline_win"",""tick"":13881,""winner"":""baseline""},""separated_lanes_unbounded_d1"":{""status"":""tick_cap_draw"",""tick"":24000,""winner"":""draw""}}","{""disabled"":{""status"":""tick_cap_draw"",""tick"":24000,""winner"":""draw""},""separated_lanes_v2"":{""status"":""baseline_win"",""tick"":13881,""winner"":""baseline""},""separated_lanes_unbounded_d1"":{""status"":""tick_cap_draw"",""tick"":24000,""winner"":""draw""}}"
"140","ra2web_advanced","2","hfo-golden","1","88,34","39,82","1","0","0","Americans","0","3350110140","24000","ra2web_advanced__hfo-golden","hfo","competitive","27367583","4cdd2ec495edc1f40a0c10293103620429389073eccc723a577dddde09516376","323410","18dde712dac64b2f76ec5c91c4e87a7140db78a1","61a3d2de51c60b3bc910e9a358dc1ef0324337e1c9c7535694379490652e14b0","151c4cd5719459b8a6dc218f17d55f7fbc563803a11d6a0b7298a0a121247ebe","845359bfe0ea2ad3bb9dda90e0c00a7b97946fda132e87f717c22025923bd296","{""disabled"":{""status"":""candidate_win"",""tick"":19880,""winner"":""candidate""},""separated_lanes_v2"":{""status"":""candidate_win"",""tick"":15442,""winner"":""candidate""},""separated_lanes_unbounded_d1"":{""status"":""candidate_win"",""tick"":16336,""winner"":""candidate""}}","{""disabled"":{""status"":""candidate_win"",""tick"":19880,""winner"":""candidate""},""separated_lanes_v2"":{""status"":""candidate_win"",""tick"":15442,""winner"":""candidate""},""separated_lanes_unbounded_d1"":{""status"":""candidate_win"",""tick"":16336,""winner"":""candidate""}}"
"141","ra2web_advanced","2","hfo-golden","1","88,34","39,82","1","0","0","Americans","1","3350110141","24000","ra2web_advanced__hfo-golden","hfo","competitive","27367617","6c7fda8a5efa855d1ef39718e2178abc5639c3a813710f28ae29490a3bd217ac","446644","18dde712dac64b2f76ec5c91c4e87a7140db78a1","61a3d2de51c60b3bc910e9a358dc1ef0324337e1c9c7535694379490652e14b0","151c4cd5719459b8a6dc218f17d55f7fbc563803a11d6a0b7298a0a121247ebe","845359bfe0ea2ad3bb9dda90e0c00a7b97946fda132e87f717c22025923bd296","{""disabled"":{""status"":""tick_cap_draw"",""tick"":24000,""winner"":""draw""},""separated_lanes_v2"":{""status"":""candidate_win"",""tick"":15004,""winner"":""candidate""},""separated_lanes_unbounded_d1"":{""status"":""candidate_win"",""tick"":20707,""winner"":""candidate""}}","{""disabled"":{""status"":""tick_cap_draw"",""tick"":24000,""winner"":""draw""},""separated_lanes_v2"":{""status"":""candidate_win"",""tick"":15004,""winner"":""candidate""},""separated_lanes_unbounded_d1"":{""status"":""candidate_win"",""tick"":20707,""winner"":""candidate""}}"
"142","ra2web_advanced","2","hfo-golden","1","88,34","39,82","1","0","1","Africans","0","3350110142","24000","ra2web_advanced__hfo-golden","hfo","competitive","27367630","c3f96108f1330432eb32b543d2dbe3c5755cb7f672bdf104903790f92cc54b9c","527479","18dde712dac64b2f76ec5c91c4e87a7140db78a1","61a3d2de51c60b3bc910e9a358dc1ef0324337e1c9c7535694379490652e14b0","151c4cd5719459b8a6dc218f17d55f7fbc563803a11d6a0b7298a0a121247ebe","845359bfe0ea2ad3bb9dda90e0c00a7b97946fda132e87f717c22025923bd296","{""disabled"":{""status"":""tick_cap_draw"",""tick"":24000,""winner"":""draw""},""separated_lanes_v2"":{""status"":""tick_cap_draw"",""tick"":24000,""winner"":""draw""},""separated_lanes_unbounded_d1"":{""status"":""tick_cap_draw"",""tick"":24000,""winner"":""draw""}}","{""disabled"":{""status"":""tick_cap_draw"",""tick"":24000,""winner"":""draw""},""separated_lanes_v2"":{""status"":""tick_cap_draw"",""tick"":24000,""winner"":""draw""},""separated_lanes_unbounded_d1"":{""status"":""tick_cap_draw"",""tick"":24000,""winner"":""draw""}}"
"143","ra2web_advanced","2","hfo-golden","1","88,34","39,82","1","0","1","Africans","1","3350110143","24000","ra2web_advanced__hfo-golden","hfo","competitive","27367631","81d8b4c1da09d8c8b754e95d87dc2f8cbfe2454a917c975e864415a9cb9f72c5","462181","18dde712dac64b2f76ec5c91c4e87a7140db78a1","61a3d2de51c60b3bc910e9a358dc1ef0324337e1c9c7535694379490652e14b0","151c4cd5719459b8a6dc218f17d55f7fbc563803a11d6a0b7298a0a121247ebe","845359bfe0ea2ad3bb9dda90e0c00a7b97946fda132e87f717c22025923bd296","{""disabled"":{""status"":""candidate_win"",""tick"":11724,""winner"":""candidate""},""separated_lanes_v2"":{""status"":""tick_cap_draw"",""tick"":24000,""winner"":""draw""},""separated_lanes_unbounded_d1"":{""status"":""candidate_win"",""tick"":11724,""winner"":""candidate""}}","{""disabled"":{""status"":""candidate_win"",""tick"":11724,""winner"":""candidate""},""separated_lanes_v2"":{""status"":""tick_cap_draw"",""tick"":24000,""winner"":""draw""},""separated_lanes_unbounded_d1"":{""status"":""candidate_win"",""tick"":11724,""winner"":""candidate""}}"
"144","ra2web_advanced","3","hfo-corners","0","39,82","88,34","0","1","0","Americans","0","3350110144","24000","ra2web_advanced__hfo-corners","hfo","competitive","27367636","d7c427fe546c097c865621f907065593a28b02a6a8ab4faebc4c90dd07f1c046","404093","18dde712dac64b2f76ec5c91c4e87a7140db78a1","61a3d2de51c60b3bc910e9a358dc1ef0324337e1c9c7535694379490652e14b0","151c4cd5719459b8a6dc218f17d55f7fbc563803a11d6a0b7298a0a121247ebe","3aa63da555db30d0d97d9319057650c440ebf57f655c8c001705e312768e628a","{""disabled"":{""status"":""baseline_win"",""tick"":13247,""winner"":""baseline""},""separated_lanes_v2"":{""status"":""baseline_win"",""tick"":19730,""winner"":""baseline""},""separated_lanes_unbounded_d1"":{""status"":""baseline_win"",""tick"":13247,""winner"":""baseline""}}","{""disabled"":{""status"":""baseline_win"",""tick"":13247,""winner"":""baseline""},""separated_lanes_v2"":{""status"":""baseline_win"",""tick"":19730,""winner"":""baseline""},""separated_lanes_unbounded_d1"":{""status"":""baseline_win"",""tick"":13247,""winner"":""baseline""}}"
"145","ra2web_advanced","3","hfo-corners","0","39,82","88,34","0","1","0","Americans","1","3350110145","24000","ra2web_advanced__hfo-corners","hfo","competitive","27367669","655e6329f145ee1bfb4892f23657385c785e47b1d994205bdbedb589f651c65d","293339","18dde712dac64b2f76ec5c91c4e87a7140db78a1","61a3d2de51c60b3bc910e9a358dc1ef0324337e1c9c7535694379490652e14b0","151c4cd5719459b8a6dc218f17d55f7fbc563803a11d6a0b7298a0a121247ebe","3aa63da555db30d0d97d9319057650c440ebf57f655c8c001705e312768e628a","{""disabled"":{""status"":""baseline_win"",""tick"":12085,""winner"":""baseline""},""separated_lanes_v2"":{""status"":""baseline_win"",""tick"":19356,""winner"":""baseline""},""separated_lanes_unbounded_d1"":{""status"":""baseline_win"",""tick"":12085,""winner"":""baseline""}}","{""disabled"":{""status"":""baseline_win"",""tick"":12085,""winner"":""baseline""},""separated_lanes_v2"":{""status"":""baseline_win"",""tick"":19356,""winner"":""baseline""},""separated_lanes_unbounded_d1"":{""status"":""baseline_win"",""tick"":12085,""winner"":""baseline""}}"
"146","ra2web_advanced","3","hfo-corners","0","39,82","88,34","0","1","1","Africans","0","3350110146","24000","ra2web_advanced__hfo-corners","hfo","competitive","27367671","7c858e806b85f89eb17b97a6d7c7463e217eccaab7b8f43ccef4ecee0469c06d","399012","18dde712dac64b2f76ec5c91c4e87a7140db78a1","61a3d2de51c60b3bc910e9a358dc1ef0324337e1c9c7535694379490652e14b0","151c4cd5719459b8a6dc218f17d55f7fbc563803a11d6a0b7298a0a121247ebe","3aa63da555db30d0d97d9319057650c440ebf57f655c8c001705e312768e628a","{""disabled"":{""status"":""tick_cap_draw"",""tick"":24000,""winner"":""draw""},""separated_lanes_v2"":{""status"":""tick_cap_draw"",""tick"":24000,""winner"":""draw""},""separated_lanes_unbounded_d1"":{""status"":""tick_cap_draw"",""tick"":24000,""winner"":""draw""}}","{""disabled"":{""status"":""tick_cap_draw"",""tick"":24000,""winner"":""draw""},""separated_lanes_v2"":{""status"":""tick_cap_draw"",""tick"":24000,""winner"":""draw""},""separated_lanes_unbounded_d1"":{""status"":""tick_cap_draw"",""tick"":24000,""winner"":""draw""}}"
"147","ra2web_advanced","3","hfo-corners","0","39,82","88,34","0","1","1","Africans","1","3350110147","24000","ra2web_advanced__hfo-corners","hfo","competitive","27367676","de4bccbe8ae18a65596346b10224fdc8304d0b28414e90419ccd92f4247b56ba","432946","18dde712dac64b2f76ec5c91c4e87a7140db78a1","61a3d2de51c60b3bc910e9a358dc1ef0324337e1c9c7535694379490652e14b0","151c4cd5719459b8a6dc218f17d55f7fbc563803a11d6a0b7298a0a121247ebe","3aa63da555db30d0d97d9319057650c440ebf57f655c8c001705e312768e628a","{""disabled"":{""status"":""tick_cap_draw"",""tick"":24000,""winner"":""draw""},""separated_lanes_v2"":{""status"":""tick_cap_draw"",""tick"":24000,""winner"":""draw""},""separated_lanes_unbounded_d1"":{""status"":""tick_cap_draw"",""tick"":24000,""winner"":""draw""}}","{""disabled"":{""status"":""tick_cap_draw"",""tick"":24000,""winner"":""draw""},""separated_lanes_v2"":{""status"":""tick_cap_draw"",""tick"":24000,""winner"":""draw""},""separated_lanes_unbounded_d1"":{""status"":""tick_cap_draw"",""tick"":24000,""winner"":""draw""}}"
"148","ra2web_advanced","3","hfo-corners","1","88,34","39,82","1","0","0","Americans","0","3350110148","24000","ra2web_advanced__hfo-corners","hfo","competitive","27367750","902e0c98e24b5992db1dc35b7094953cab5d4a006919d16523ed5955d02b9de5","424372","18dde712dac64b2f76ec5c91c4e87a7140db78a1","61a3d2de51c60b3bc910e9a358dc1ef0324337e1c9c7535694379490652e14b0","151c4cd5719459b8a6dc218f17d55f7fbc563803a11d6a0b7298a0a121247ebe","3aa63da555db30d0d97d9319057650c440ebf57f655c8c001705e312768e628a","{""disabled"":{""status"":""tick_cap_draw"",""tick"":24000,""winner"":""draw""},""separated_lanes_v2"":{""status"":""tick_cap_draw"",""tick"":24000,""winner"":""draw""},""separated_lanes_unbounded_d1"":{""status"":""candidate_win"",""tick"":12214,""winner"":""candidate""}}","{""disabled"":{""status"":""tick_cap_draw"",""tick"":24000,""winner"":""draw""},""separated_lanes_v2"":{""status"":""tick_cap_draw"",""tick"":24000,""winner"":""draw""},""separated_lanes_unbounded_d1"":{""status"":""candidate_win"",""tick"":12214,""winner"":""candidate""}}"
"149","ra2web_advanced","3","hfo-corners","1","88,34","39,82","1","0","0","Americans","1","3350110149","24000","ra2web_advanced__hfo-corners","hfo","competitive","27367853","07fd807d1ba679f38fe2f929773e69d36550bfe54883d8901affc2bfe3318011","521221","18dde712dac64b2f76ec5c91c4e87a7140db78a1","61a3d2de51c60b3bc910e9a358dc1ef0324337e1c9c7535694379490652e14b0","151c4cd5719459b8a6dc218f17d55f7fbc563803a11d6a0b7298a0a121247ebe","3aa63da555db30d0d97d9319057650c440ebf57f655c8c001705e312768e628a","{""disabled"":{""status"":""tick_cap_draw"",""tick"":24000,""winner"":""draw""},""separated_lanes_v2"":{""status"":""candidate_win"",""tick"":15843,""winner"":""candidate""},""separated_lanes_unbounded_d1"":{""status"":""candidate_win"",""tick"":16972,""winner"":""candidate""}}","{""disabled"":{""status"":""tick_cap_draw"",""tick"":24000,""winner"":""draw""},""separated_lanes_v2"":{""status"":""candidate_win"",""tick"":15843,""winner"":""candidate""},""separated_lanes_unbounded_d1"":{""status"":""candidate_win"",""tick"":16972,""winner"":""candidate""}}"
"150","ra2web_advanced","3","hfo-corners","1","88,34","39,82","1","0","1","Africans","0","3350110150","24000","ra2web_advanced__hfo-corners","hfo","competitive","27367897","9258cb5a3f046e973f1e8b7069ced92b8f15df2152d013d4978acc27552a68b7","413401","18dde712dac64b2f76ec5c91c4e87a7140db78a1","61a3d2de51c60b3bc910e9a358dc1ef0324337e1c9c7535694379490652e14b0","151c4cd5719459b8a6dc218f17d55f7fbc563803a11d6a0b7298a0a121247ebe","3aa63da555db30d0d97d9319057650c440ebf57f655c8c001705e312768e628a","{""disabled"":{""status"":""tick_cap_draw"",""tick"":24000,""winner"":""draw""},""separated_lanes_v2"":{""status"":""tick_cap_draw"",""tick"":24000,""winner"":""draw""},""separated_lanes_unbounded_d1"":{""status"":""tick_cap_draw"",""tick"":24000,""winner"":""draw""}}","{""disabled"":{""status"":""tick_cap_draw"",""tick"":24000,""winner"":""draw""},""separated_lanes_v2"":{""status"":""tick_cap_draw"",""tick"":24000,""winner"":""draw""},""separated_lanes_unbounded_d1"":{""status"":""tick_cap_draw"",""tick"":24000,""winner"":""draw""}}"
"151","ra2web_advanced","3","hfo-corners","1","88,34","39,82","1","0","1","Africans","1","3350110151","24000","ra2web_advanced__hfo-corners","hfo","competitive","27367899","0010c30f820eab1ba64c57dd01c1390753c4f756c76d1037628f6b8444aff15e","391449","18dde712dac64b2f76ec5c91c4e87a7140db78a1","61a3d2de51c60b3bc910e9a358dc1ef0324337e1c9c7535694379490652e14b0","151c4cd5719459b8a6dc218f17d55f7fbc563803a11d6a0b7298a0a121247ebe","3aa63da555db30d0d97d9319057650c440ebf57f655c8c001705e312768e628a","{""disabled"":{""status"":""tick_cap_draw"",""tick"":24000,""winner"":""draw""},""separated_lanes_v2"":{""status"":""tick_cap_draw"",""tick"":24000,""winner"":""draw""},""separated_lanes_unbounded_d1"":{""status"":""tick_cap_draw"",""tick"":24000,""winner"":""draw""}}","{""disabled"":{""status"":""tick_cap_draw"",""tick"":24000,""winner"":""draw""},""separated_lanes_v2"":{""status"":""tick_cap_draw"",""tick"":24000,""winner"":""draw""},""separated_lanes_unbounded_d1"":{""status"":""tick_cap_draw"",""tick"":24000,""winner"":""draw""}}"
"152","ra2web_advanced","4","hfo-corners-b","0","39,82","88,34","0","1","0","Americans","0","3350110152","24000","ra2web_advanced__hfo-corners-b","hfo","competitive","27367946","71c4eb11a486a6c47b09c639efd245e4b825cdff67a9ad05db022d79e85a4440","333892","18dde712dac64b2f76ec5c91c4e87a7140db78a1","61a3d2de51c60b3bc910e9a358dc1ef0324337e1c9c7535694379490652e14b0","151c4cd5719459b8a6dc218f17d55f7fbc563803a11d6a0b7298a0a121247ebe","fb4ffb59de9f0ba114bd7f37a943f1ce9a4496e3ecb3e9382e72392039833a73","{""disabled"":{""status"":""tick_cap_draw"",""tick"":24000,""winner"":""draw""},""separated_lanes_v2"":{""status"":""candidate_win"",""tick"":7810,""winner"":""candidate""},""separated_lanes_unbounded_d1"":{""status"":""candidate_win"",""tick"":10960,""winner"":""candidate""}}","{""disabled"":{""status"":""tick_cap_draw"",""tick"":24000,""winner"":""draw""},""separated_lanes_v2"":{""status"":""candidate_win"",""tick"":7810,""winner"":""candidate""},""separated_lanes_unbounded_d1"":{""status"":""candidate_win"",""tick"":10960,""winner"":""candidate""}}"
"153","ra2web_advanced","4","hfo-corners-b","0","39,82","88,34","0","1","0","Americans","1","3350110153","24000","ra2web_advanced__hfo-corners-b","hfo","competitive","27367955","aaab323c49170247882c133a7518037bc5094b066e20b35dc6fe0004f0112245","406377","18dde712dac64b2f76ec5c91c4e87a7140db78a1","61a3d2de51c60b3bc910e9a358dc1ef0324337e1c9c7535694379490652e14b0","151c4cd5719459b8a6dc218f17d55f7fbc563803a11d6a0b7298a0a121247ebe","fb4ffb59de9f0ba114bd7f37a943f1ce9a4496e3ecb3e9382e72392039833a73","{""disabled"":{""status"":""tick_cap_draw"",""tick"":24000,""winner"":""draw""},""separated_lanes_v2"":{""status"":""candidate_win"",""tick"":7474,""winner"":""candidate""},""separated_lanes_unbounded_d1"":{""status"":""baseline_win"",""tick"":23557,""winner"":""baseline""}}","{""disabled"":{""status"":""tick_cap_draw"",""tick"":24000,""winner"":""draw""},""separated_lanes_v2"":{""status"":""candidate_win"",""tick"":7474,""winner"":""candidate""},""separated_lanes_unbounded_d1"":{""status"":""baseline_win"",""tick"":23557,""winner"":""baseline""}}"
"154","ra2web_advanced","4","hfo-corners-b","0","39,82","88,34","0","1","1","Africans","0","3350110154","24000","ra2web_advanced__hfo-corners-b","hfo","competitive","27367994","942c84ff744f785f0a84d4cb21f4ab40074f4e05bbf5ce1c9cdbdbc876284c39","355799","18dde712dac64b2f76ec5c91c4e87a7140db78a1","61a3d2de51c60b3bc910e9a358dc1ef0324337e1c9c7535694379490652e14b0","151c4cd5719459b8a6dc218f17d55f7fbc563803a11d6a0b7298a0a121247ebe","fb4ffb59de9f0ba114bd7f37a943f1ce9a4496e3ecb3e9382e72392039833a73","{""disabled"":{""status"":""tick_cap_draw"",""tick"":24000,""winner"":""draw""},""separated_lanes_v2"":{""status"":""tick_cap_draw"",""tick"":24000,""winner"":""draw""},""separated_lanes_unbounded_d1"":{""status"":""tick_cap_draw"",""tick"":24000,""winner"":""draw""}}","{""disabled"":{""status"":""tick_cap_draw"",""tick"":24000,""winner"":""draw""},""separated_lanes_v2"":{""status"":""tick_cap_draw"",""tick"":24000,""winner"":""draw""},""separated_lanes_unbounded_d1"":{""status"":""tick_cap_draw"",""tick"":24000,""winner"":""draw""}}"
"155","ra2web_advanced","4","hfo-corners-b","0","39,82","88,34","0","1","1","Africans","1","3350110155","24000","ra2web_advanced__hfo-corners-b","hfo","competitive","27368026","16e88ae370724d32cf1811d7fee2bdb6257f0c5ed885ec8091b150a07d0d6c3d","333379","18dde712dac64b2f76ec5c91c4e87a7140db78a1","61a3d2de51c60b3bc910e9a358dc1ef0324337e1c9c7535694379490652e14b0","151c4cd5719459b8a6dc218f17d55f7fbc563803a11d6a0b7298a0a121247ebe","fb4ffb59de9f0ba114bd7f37a943f1ce9a4496e3ecb3e9382e72392039833a73","{""disabled"":{""status"":""tick_cap_draw"",""tick"":24000,""winner"":""draw""},""separated_lanes_v2"":{""status"":""tick_cap_draw"",""tick"":24000,""winner"":""draw""},""separated_lanes_unbounded_d1"":{""status"":""tick_cap_draw"",""tick"":24000,""winner"":""draw""}}","{""disabled"":{""status"":""tick_cap_draw"",""tick"":24000,""winner"":""draw""},""separated_lanes_v2"":{""status"":""tick_cap_draw"",""tick"":24000,""winner"":""draw""},""separated_lanes_unbounded_d1"":{""status"":""tick_cap_draw"",""tick"":24000,""winner"":""draw""}}"
"156","ra2web_advanced","4","hfo-corners-b","1","88,34","39,82","1","0","0","Americans","0","3350110156","24000","ra2web_advanced__hfo-corners-b","hfo","competitive","27368027","b8f8f7758e1c0b5556bdfb7548e33396c465baa97b2206d3836dac85254b6837","413780","18dde712dac64b2f76ec5c91c4e87a7140db78a1","61a3d2de51c60b3bc910e9a358dc1ef0324337e1c9c7535694379490652e14b0","151c4cd5719459b8a6dc218f17d55f7fbc563803a11d6a0b7298a0a121247ebe","fb4ffb59de9f0ba114bd7f37a943f1ce9a4496e3ecb3e9382e72392039833a73","{""disabled"":{""status"":""candidate_win"",""tick"":9928,""winner"":""candidate""},""separated_lanes_v2"":{""status"":""tick_cap_draw"",""tick"":24000,""winner"":""draw""},""separated_lanes_unbounded_d1"":{""status"":""candidate_win"",""tick"":19949,""winner"":""candidate""}}","{""disabled"":{""status"":""candidate_win"",""tick"":9928,""winner"":""candidate""},""separated_lanes_v2"":{""status"":""tick_cap_draw"",""tick"":24000,""winner"":""draw""},""separated_lanes_unbounded_d1"":{""status"":""candidate_win"",""tick"":19949,""winner"":""candidate""}}"
"157","ra2web_advanced","4","hfo-corners-b","1","88,34","39,82","1","0","0","Americans","1","3350110157","24000","ra2web_advanced__hfo-corners-b","hfo","competitive","27368088","d86c318a5d253bdd77a6a68717dce6a2a239e2d8575247ee4f41e3f23b1395b7","428779","18dde712dac64b2f76ec5c91c4e87a7140db78a1","61a3d2de51c60b3bc910e9a358dc1ef0324337e1c9c7535694379490652e14b0","151c4cd5719459b8a6dc218f17d55f7fbc563803a11d6a0b7298a0a121247ebe","fb4ffb59de9f0ba114bd7f37a943f1ce9a4496e3ecb3e9382e72392039833a73","{""disabled"":{""status"":""candidate_win"",""tick"":16834,""winner"":""candidate""},""separated_lanes_v2"":{""status"":""tick_cap_draw"",""tick"":24000,""winner"":""draw""},""separated_lanes_unbounded_d1"":{""status"":""tick_cap_draw"",""tick"":24000,""winner"":""draw""}}","{""disabled"":{""status"":""candidate_win"",""tick"":16834,""winner"":""candidate""},""separated_lanes_v2"":{""status"":""tick_cap_draw"",""tick"":24000,""winner"":""draw""},""separated_lanes_unbounded_d1"":{""status"":""tick_cap_draw"",""tick"":24000,""winner"":""draw""}}"
"158","ra2web_advanced","4","hfo-corners-b","1","88,34","39,82","1","0","1","Africans","0","3350110158","24000","ra2web_advanced__hfo-corners-b","hfo","competitive","27368090","441ab164e8cb58e3c5e7bf8ad6df36035ed403187fb61adcb047777decd79b10","354808","18dde712dac64b2f76ec5c91c4e87a7140db78a1","61a3d2de51c60b3bc910e9a358dc1ef0324337e1c9c7535694379490652e14b0","151c4cd5719459b8a6dc218f17d55f7fbc563803a11d6a0b7298a0a121247ebe","fb4ffb59de9f0ba114bd7f37a943f1ce9a4496e3ecb3e9382e72392039833a73","{""disabled"":{""status"":""tick_cap_draw"",""tick"":24000,""winner"":""draw""},""separated_lanes_v2"":{""status"":""tick_cap_draw"",""tick"":24000,""winner"":""draw""},""separated_lanes_unbounded_d1"":{""status"":""tick_cap_draw"",""tick"":24000,""winner"":""draw""}}","{""disabled"":{""status"":""tick_cap_draw"",""tick"":24000,""winner"":""draw""},""separated_lanes_v2"":{""status"":""tick_cap_draw"",""tick"":24000,""winner"":""draw""},""separated_lanes_unbounded_d1"":{""status"":""tick_cap_draw"",""tick"":24000,""winner"":""draw""}}"
"159","ra2web_advanced","4","hfo-corners-b","1","88,34","39,82","1","0","1","Africans","1","3350110159","24000","ra2web_advanced__hfo-corners-b","hfo","competitive","27368091","01ce3008d48647945a95f5c1bf80eff3b2d5a35084f9c8401caea855708903df","467029","18dde712dac64b2f76ec5c91c4e87a7140db78a1","61a3d2de51c60b3bc910e9a358dc1ef0324337e1c9c7535694379490652e14b0","151c4cd5719459b8a6dc218f17d55f7fbc563803a11d6a0b7298a0a121247ebe","fb4ffb59de9f0ba114bd7f37a943f1ce9a4496e3ecb3e9382e72392039833a73","{""disabled"":{""status"":""tick_cap_draw"",""tick"":24000,""winner"":""draw""},""separated_lanes_v2"":{""status"":""tick_cap_draw"",""tick"":24000,""winner"":""draw""},""separated_lanes_unbounded_d1"":{""status"":""tick_cap_draw"",""tick"":24000,""winner"":""draw""}}","{""disabled"":{""status"":""tick_cap_draw"",""tick"":24000,""winner"":""draw""},""separated_lanes_v2"":{""status"":""tick_cap_draw"",""tick"":24000,""winner"":""draw""},""separated_lanes_unbounded_d1"":{""status"":""tick_cap_draw"",""tick"":24000,""winner"":""draw""}}"
"160","ra2web_advanced","5","hfo-corners-b-golden","0","39,82","88,34","0","1","0","Americans","0","3350110160","24000","ra2web_advanced__hfo-corners-b-golden","hfo","competitive","27368905","9282e94164db35a0424bcbe9e6cec48fbf2c7c05c0cee3a171c4691e1d044952","387496","18dde712dac64b2f76ec5c91c4e87a7140db78a1","61a3d2de51c60b3bc910e9a358dc1ef0324337e1c9c7535694379490652e14b0","151c4cd5719459b8a6dc218f17d55f7fbc563803a11d6a0b7298a0a121247ebe","52cdb880326a3d39db5c8a9939830947496f7c009a8cbe3d02ce973563180f50","{""disabled"":{""status"":""baseline_win"",""tick"":21997,""winner"":""baseline""},""separated_lanes_v2"":{""status"":""baseline_win"",""tick"":19409,""winner"":""baseline""},""separated_lanes_unbounded_d1"":{""status"":""baseline_win"",""tick"":23524,""winner"":""baseline""}}","{""disabled"":{""status"":""baseline_win"",""tick"":21997,""winner"":""baseline""},""separated_lanes_v2"":{""status"":""baseline_win"",""tick"":19409,""winner"":""baseline""},""separated_lanes_unbounded_d1"":{""status"":""baseline_win"",""tick"":23524,""winner"":""baseline""}}"
"161","ra2web_advanced","5","hfo-corners-b-golden","0","39,82","88,34","0","1","0","Americans","1","3350110161","24000","ra2web_advanced__hfo-corners-b-golden","hfo","competitive","27369110","3cc1e5137a6dcb0ec6826772e2cdcfca184b0655a91a910d08c8388a7f22c872","480119","18dde712dac64b2f76ec5c91c4e87a7140db78a1","61a3d2de51c60b3bc910e9a358dc1ef0324337e1c9c7535694379490652e14b0","151c4cd5719459b8a6dc218f17d55f7fbc563803a11d6a0b7298a0a121247ebe","52cdb880326a3d39db5c8a9939830947496f7c009a8cbe3d02ce973563180f50","{""disabled"":{""status"":""baseline_win"",""tick"":20032,""winner"":""baseline""},""separated_lanes_v2"":{""status"":""baseline_win"",""tick"":23512,""winner"":""baseline""},""separated_lanes_unbounded_d1"":{""status"":""baseline_win"",""tick"":20021,""winner"":""baseline""}}","{""disabled"":{""status"":""baseline_win"",""tick"":20032,""winner"":""baseline""},""separated_lanes_v2"":{""status"":""baseline_win"",""tick"":23512,""winner"":""baseline""},""separated_lanes_unbounded_d1"":{""status"":""baseline_win"",""tick"":20021,""winner"":""baseline""}}"
"162","ra2web_advanced","5","hfo-corners-b-golden","0","39,82","88,34","0","1","1","Africans","0","3350110162","24000","ra2web_advanced__hfo-corners-b-golden","hfo","competitive","27369112","5181df5b9ac8d10b5b3d1b691d2e5f6801aa5aa164a94012ebcc8b6aba7bf491","266887","18dde712dac64b2f76ec5c91c4e87a7140db78a1","61a3d2de51c60b3bc910e9a358dc1ef0324337e1c9c7535694379490652e14b0","151c4cd5719459b8a6dc218f17d55f7fbc563803a11d6a0b7298a0a121247ebe","52cdb880326a3d39db5c8a9939830947496f7c009a8cbe3d02ce973563180f50","{""disabled"":{""status"":""tick_cap_draw"",""tick"":24000,""winner"":""draw""},""separated_lanes_v2"":{""status"":""candidate_win"",""tick"":10344,""winner"":""candidate""},""separated_lanes_unbounded_d1"":{""status"":""tick_cap_draw"",""tick"":24000,""winner"":""draw""}}","{""disabled"":{""status"":""tick_cap_draw"",""tick"":24000,""winner"":""draw""},""separated_lanes_v2"":{""status"":""candidate_win"",""tick"":10344,""winner"":""candidate""},""separated_lanes_unbounded_d1"":{""status"":""tick_cap_draw"",""tick"":24000,""winner"":""draw""}}"
"163","ra2web_advanced","5","hfo-corners-b-golden","0","39,82","88,34","0","1","1","Africans","1","3350110163","24000","ra2web_advanced__hfo-corners-b-golden","hfo","competitive","27369121","d3e885ef409b3b109bdfa9317e3a3e0d5319106991e161447da6d41bd843586c","272177","18dde712dac64b2f76ec5c91c4e87a7140db78a1","61a3d2de51c60b3bc910e9a358dc1ef0324337e1c9c7535694379490652e14b0","151c4cd5719459b8a6dc218f17d55f7fbc563803a11d6a0b7298a0a121247ebe","52cdb880326a3d39db5c8a9939830947496f7c009a8cbe3d02ce973563180f50","{""disabled"":{""status"":""tick_cap_draw"",""tick"":24000,""winner"":""draw""},""separated_lanes_v2"":{""status"":""tick_cap_draw"",""tick"":24000,""winner"":""draw""},""separated_lanes_unbounded_d1"":{""status"":""tick_cap_draw"",""tick"":24000,""winner"":""draw""}}","{""disabled"":{""status"":""tick_cap_draw"",""tick"":24000,""winner"":""draw""},""separated_lanes_v2"":{""status"":""tick_cap_draw"",""tick"":24000,""winner"":""draw""},""separated_lanes_unbounded_d1"":{""status"":""tick_cap_draw"",""tick"":24000,""winner"":""draw""}}"
"164","ra2web_advanced","5","hfo-corners-b-golden","1","88,34","39,82","1","0","0","Americans","0","3350110164","24000","ra2web_advanced__hfo-corners-b-golden","hfo","competitive","27369206","202cbe07aad4057950599b52fdf8c04b87d8f22dcf38165486d31963ed6ba5de","516567","18dde712dac64b2f76ec5c91c4e87a7140db78a1","61a3d2de51c60b3bc910e9a358dc1ef0324337e1c9c7535694379490652e14b0","151c4cd5719459b8a6dc218f17d55f7fbc563803a11d6a0b7298a0a121247ebe","52cdb880326a3d39db5c8a9939830947496f7c009a8cbe3d02ce973563180f50","{""disabled"":{""status"":""candidate_win"",""tick"":16204,""winner"":""candidate""},""separated_lanes_v2"":{""status"":""baseline_win"",""tick"":20165,""winner"":""baseline""},""separated_lanes_unbounded_d1"":{""status"":""candidate_win"",""tick"":13054,""winner"":""candidate""}}","{""disabled"":{""status"":""candidate_win"",""tick"":16204,""winner"":""candidate""},""separated_lanes_v2"":{""status"":""baseline_win"",""tick"":20165,""winner"":""baseline""},""separated_lanes_unbounded_d1"":{""status"":""candidate_win"",""tick"":13054,""winner"":""candidate""}}"
"165","ra2web_advanced","5","hfo-corners-b-golden","1","88,34","39,82","1","0","0","Americans","1","3350110165","24000","ra2web_advanced__hfo-corners-b-golden","hfo","competitive","27369207","fb7b605f81c3dab3a103e34d4c710c32c4f75884810cf0b7f6a00cc99ab0ae2a","400998","18dde712dac64b2f76ec5c91c4e87a7140db78a1","61a3d2de51c60b3bc910e9a358dc1ef0324337e1c9c7535694379490652e14b0","151c4cd5719459b8a6dc218f17d55f7fbc563803a11d6a0b7298a0a121247ebe","52cdb880326a3d39db5c8a9939830947496f7c009a8cbe3d02ce973563180f50","{""disabled"":{""status"":""candidate_win"",""tick"":9904,""winner"":""candidate""},""separated_lanes_v2"":{""status"":""baseline_win"",""tick"":23350,""winner"":""baseline""},""separated_lanes_unbounded_d1"":{""status"":""candidate_win"",""tick"":11362,""winner"":""candidate""}}","{""disabled"":{""status"":""candidate_win"",""tick"":9904,""winner"":""candidate""},""separated_lanes_v2"":{""status"":""baseline_win"",""tick"":23350,""winner"":""baseline""},""separated_lanes_unbounded_d1"":{""status"":""candidate_win"",""tick"":11362,""winner"":""candidate""}}"
"166","ra2web_advanced","5","hfo-corners-b-golden","1","88,34","39,82","1","0","1","Africans","0","3350110166","24000","ra2web_advanced__hfo-corners-b-golden","hfo","competitive","27369249","1aad14bc446bb8e242e44002bb2fb3fc285f677978bfadbac5f0434979edb763","492088","18dde712dac64b2f76ec5c91c4e87a7140db78a1","61a3d2de51c60b3bc910e9a358dc1ef0324337e1c9c7535694379490652e14b0","151c4cd5719459b8a6dc218f17d55f7fbc563803a11d6a0b7298a0a121247ebe","52cdb880326a3d39db5c8a9939830947496f7c009a8cbe3d02ce973563180f50","{""disabled"":{""status"":""tick_cap_draw"",""tick"":24000,""winner"":""draw""},""separated_lanes_v2"":{""status"":""tick_cap_draw"",""tick"":24000,""winner"":""draw""},""separated_lanes_unbounded_d1"":{""status"":""tick_cap_draw"",""tick"":24000,""winner"":""draw""}}","{""disabled"":{""status"":""tick_cap_draw"",""tick"":24000,""winner"":""draw""},""separated_lanes_v2"":{""status"":""tick_cap_draw"",""tick"":24000,""winner"":""draw""},""separated_lanes_unbounded_d1"":{""status"":""tick_cap_draw"",""tick"":24000,""winner"":""draw""}}"
"167","ra2web_advanced","5","hfo-corners-b-golden","1","88,34","39,82","1","0","1","Africans","1","3350110167","24000","ra2web_advanced__hfo-corners-b-golden","hfo","competitive","27369250","04cf327c96823ae363faca221372dcf96536e5d45b839c946d684f04d59af518","583698","18dde712dac64b2f76ec5c91c4e87a7140db78a1","61a3d2de51c60b3bc910e9a358dc1ef0324337e1c9c7535694379490652e14b0","151c4cd5719459b8a6dc218f17d55f7fbc563803a11d6a0b7298a0a121247ebe","52cdb880326a3d39db5c8a9939830947496f7c009a8cbe3d02ce973563180f50","{""disabled"":{""status"":""tick_cap_draw"",""tick"":24000,""winner"":""draw""},""separated_lanes_v2"":{""status"":""tick_cap_draw"",""tick"":24000,""winner"":""draw""},""separated_lanes_unbounded_d1"":{""status"":""tick_cap_draw"",""tick"":24000,""winner"":""draw""}}","{""disabled"":{""status"":""tick_cap_draw"",""tick"":24000,""winner"":""draw""},""separated_lanes_v2"":{""status"":""tick_cap_draw"",""tick"":24000,""winner"":""draw""},""separated_lanes_unbounded_d1"":{""status"":""tick_cap_draw"",""tick"":24000,""winner"":""draw""}}"
"168","ra2web_advanced","6","hfo-bvb","0","87,158","151,119","0","1","0","Americans","0","3350110168","24000","ra2web_advanced__hfo-bvb","hfo","competitive","27369306","6e5af9c0a21b507b94d113a7173f1ece52b9edef884eb9b5c9d070c53d20f229","352586","18dde712dac64b2f76ec5c91c4e87a7140db78a1","61a3d2de51c60b3bc910e9a358dc1ef0324337e1c9c7535694379490652e14b0","151c4cd5719459b8a6dc218f17d55f7fbc563803a11d6a0b7298a0a121247ebe","5a7554fb64a16bd345cb42bf3bcbccd376fa92ad1c0356058f0427e9f0910f04","{""disabled"":{""status"":""candidate_win"",""tick"":9443,""winner"":""candidate""},""separated_lanes_v2"":{""status"":""candidate_win"",""tick"":18136,""winner"":""candidate""},""separated_lanes_unbounded_d1"":{""status"":""candidate_win"",""tick"":9916,""winner"":""candidate""}}","{""disabled"":{""status"":""candidate_win"",""tick"":9443,""winner"":""candidate""},""separated_lanes_v2"":{""status"":""candidate_win"",""tick"":18136,""winner"":""candidate""},""separated_lanes_unbounded_d1"":{""status"":""candidate_win"",""tick"":9916,""winner"":""candidate""}}"
"169","ra2web_advanced","6","hfo-bvb","0","87,158","151,119","0","1","0","Americans","1","3350110169","24000","ra2web_advanced__hfo-bvb","hfo","competitive","27369424","1452e4d1972179be5e0c2f82f78578a258226e9c0df31f2decf515d80fc079db","421120","18dde712dac64b2f76ec5c91c4e87a7140db78a1","61a3d2de51c60b3bc910e9a358dc1ef0324337e1c9c7535694379490652e14b0","151c4cd5719459b8a6dc218f17d55f7fbc563803a11d6a0b7298a0a121247ebe","5a7554fb64a16bd345cb42bf3bcbccd376fa92ad1c0356058f0427e9f0910f04","{""disabled"":{""status"":""baseline_win"",""tick"":13385,""winner"":""baseline""},""separated_lanes_v2"":{""status"":""baseline_win"",""tick"":20308,""winner"":""baseline""},""separated_lanes_unbounded_d1"":{""status"":""baseline_win"",""tick"":14390,""winner"":""baseline""}}","{""disabled"":{""status"":""baseline_win"",""tick"":13385,""winner"":""baseline""},""separated_lanes_v2"":{""status"":""baseline_win"",""tick"":20308,""winner"":""baseline""},""separated_lanes_unbounded_d1"":{""status"":""baseline_win"",""tick"":14390,""winner"":""baseline""}}"
"170","ra2web_advanced","6","hfo-bvb","0","87,158","151,119","0","1","1","Africans","0","3350110170","24000","ra2web_advanced__hfo-bvb","hfo","competitive","27369478","e211ddf7509779430e2623338cd7b0bb022c6d2dbe6ec69addbfbec58fc723a7","582816","18dde712dac64b2f76ec5c91c4e87a7140db78a1","61a3d2de51c60b3bc910e9a358dc1ef0324337e1c9c7535694379490652e14b0","151c4cd5719459b8a6dc218f17d55f7fbc563803a11d6a0b7298a0a121247ebe","5a7554fb64a16bd345cb42bf3bcbccd376fa92ad1c0356058f0427e9f0910f04","{""disabled"":{""status"":""tick_cap_draw"",""tick"":24000,""winner"":""draw""},""separated_lanes_v2"":{""status"":""tick_cap_draw"",""tick"":24000,""winner"":""draw""},""separated_lanes_unbounded_d1"":{""status"":""tick_cap_draw"",""tick"":24000,""winner"":""draw""}}","{""disabled"":{""status"":""tick_cap_draw"",""tick"":24000,""winner"":""draw""},""separated_lanes_v2"":{""status"":""tick_cap_draw"",""tick"":24000,""winner"":""draw""},""separated_lanes_unbounded_d1"":{""status"":""tick_cap_draw"",""tick"":24000,""winner"":""draw""}}"
"171","ra2web_advanced","6","hfo-bvb","0","87,158","151,119","0","1","1","Africans","1","3350110171","24000","ra2web_advanced__hfo-bvb","hfo","competitive","27369484","67cb279b50a918ee995a46d1ea1614b57e3d73aedf72cbe1ef5fc3e46e07d893","528616","18dde712dac64b2f76ec5c91c4e87a7140db78a1","61a3d2de51c60b3bc910e9a358dc1ef0324337e1c9c7535694379490652e14b0","151c4cd5719459b8a6dc218f17d55f7fbc563803a11d6a0b7298a0a121247ebe","5a7554fb64a16bd345cb42bf3bcbccd376fa92ad1c0356058f0427e9f0910f04","{""disabled"":{""status"":""tick_cap_draw"",""tick"":24000,""winner"":""draw""},""separated_lanes_v2"":{""status"":""baseline_win"",""tick"":23506,""winner"":""baseline""},""separated_lanes_unbounded_d1"":{""status"":""tick_cap_draw"",""tick"":24000,""winner"":""draw""}}","{""disabled"":{""status"":""tick_cap_draw"",""tick"":24000,""winner"":""draw""},""separated_lanes_v2"":{""status"":""baseline_win"",""tick"":23506,""winner"":""baseline""},""separated_lanes_unbounded_d1"":{""status"":""tick_cap_draw"",""tick"":24000,""winner"":""draw""}}"
"172","ra2web_advanced","6","hfo-bvb","1","151,119","87,158","1","0","0","Americans","0","3350110172","24000","ra2web_advanced__hfo-bvb","hfo","competitive","27369553","f9767ab6a79a41d9b1987d31c2ec40ebcbdcdefbdd4cc00336bc6d0aa1d60b58","501597","18dde712dac64b2f76ec5c91c4e87a7140db78a1","61a3d2de51c60b3bc910e9a358dc1ef0324337e1c9c7535694379490652e14b0","151c4cd5719459b8a6dc218f17d55f7fbc563803a11d6a0b7298a0a121247ebe","5a7554fb64a16bd345cb42bf3bcbccd376fa92ad1c0356058f0427e9f0910f04","{""disabled"":{""status"":""tick_cap_draw"",""tick"":24000,""winner"":""draw""},""separated_lanes_v2"":{""status"":""baseline_win"",""tick"":19771,""winner"":""baseline""},""separated_lanes_unbounded_d1"":{""status"":""baseline_win"",""tick"":14401,""winner"":""baseline""}}","{""disabled"":{""status"":""tick_cap_draw"",""tick"":24000,""winner"":""draw""},""separated_lanes_v2"":{""status"":""baseline_win"",""tick"":19771,""winner"":""baseline""},""separated_lanes_unbounded_d1"":{""status"":""baseline_win"",""tick"":14401,""winner"":""baseline""}}"
"173","ra2web_advanced","6","hfo-bvb","1","151,119","87,158","1","0","0","Americans","1","3350110173","24000","ra2web_advanced__hfo-bvb","hfo","competitive","27369555","6189b9253e047c72280aab5330c9f72cbda404c2298c1006fdc018597c4b8ac5","451456","18dde712dac64b2f76ec5c91c4e87a7140db78a1","61a3d2de51c60b3bc910e9a358dc1ef0324337e1c9c7535694379490652e14b0","151c4cd5719459b8a6dc218f17d55f7fbc563803a11d6a0b7298a0a121247ebe","5a7554fb64a16bd345cb42bf3bcbccd376fa92ad1c0356058f0427e9f0910f04","{""disabled"":{""status"":""tick_cap_draw"",""tick"":24000,""winner"":""draw""},""separated_lanes_v2"":{""status"":""tick_cap_draw"",""tick"":24000,""winner"":""draw""},""separated_lanes_unbounded_d1"":{""status"":""baseline_win"",""tick"":16925,""winner"":""baseline""}}","{""disabled"":{""status"":""tick_cap_draw"",""tick"":24000,""winner"":""draw""},""separated_lanes_v2"":{""status"":""tick_cap_draw"",""tick"":24000,""winner"":""draw""},""separated_lanes_unbounded_d1"":{""status"":""baseline_win"",""tick"":16925,""winner"":""baseline""}}"
"174","ra2web_advanced","6","hfo-bvb","1","151,119","87,158","1","0","1","Africans","0","3350110174","24000","ra2web_advanced__hfo-bvb","hfo","competitive","27369621","4e848df58c57cd432aea81d446b810a336518f13ba3c416dbf7737743af03e7e","453987","18dde712dac64b2f76ec5c91c4e87a7140db78a1","61a3d2de51c60b3bc910e9a358dc1ef0324337e1c9c7535694379490652e14b0","151c4cd5719459b8a6dc218f17d55f7fbc563803a11d6a0b7298a0a121247ebe","5a7554fb64a16bd345cb42bf3bcbccd376fa92ad1c0356058f0427e9f0910f04","{""disabled"":{""status"":""candidate_win"",""tick"":8997,""winner"":""candidate""},""separated_lanes_v2"":{""status"":""tick_cap_draw"",""tick"":24000,""winner"":""draw""},""separated_lanes_unbounded_d1"":{""status"":""candidate_win"",""tick"":8997,""winner"":""candidate""}}","{""disabled"":{""status"":""candidate_win"",""tick"":8997,""winner"":""candidate""},""separated_lanes_v2"":{""status"":""tick_cap_draw"",""tick"":24000,""winner"":""draw""},""separated_lanes_unbounded_d1"":{""status"":""candidate_win"",""tick"":8997,""winner"":""candidate""}}"
"175","ra2web_advanced","6","hfo-bvb","1","151,119","87,158","1","0","1","Africans","1","3350110175","24000","ra2web_advanced__hfo-bvb","hfo","competitive","27369622","805fb349a0d9855b7477450ebf7b715c593216565766c6328c20ca96bec54803","438503","18dde712dac64b2f76ec5c91c4e87a7140db78a1","61a3d2de51c60b3bc910e9a358dc1ef0324337e1c9c7535694379490652e14b0","151c4cd5719459b8a6dc218f17d55f7fbc563803a11d6a0b7298a0a121247ebe","5a7554fb64a16bd345cb42bf3bcbccd376fa92ad1c0356058f0427e9f0910f04","{""disabled"":{""status"":""candidate_win"",""tick"":10053,""winner"":""candidate""},""separated_lanes_v2"":{""status"":""tick_cap_draw"",""tick"":24000,""winner"":""draw""},""separated_lanes_unbounded_d1"":{""status"":""candidate_win"",""tick"":10053,""winner"":""candidate""}}","{""disabled"":{""status"":""candidate_win"",""tick"":10053,""winner"":""candidate""},""separated_lanes_v2"":{""status"":""tick_cap_draw"",""tick"":24000,""winner"":""draw""},""separated_lanes_unbounded_d1"":{""status"":""candidate_win"",""tick"":10053,""winner"":""candidate""}}"
"176","ra2web_advanced","7","hfo-lvl","0","39,82","87,157","0","1","0","Americans","0","3350110176","24000","ra2web_advanced__hfo-lvl","hfo","competitive","27369631","929aae372eada83e06349a7a94d29e0d76403959101d00c6648c1d408f16e926","472205","18dde712dac64b2f76ec5c91c4e87a7140db78a1","61a3d2de51c60b3bc910e9a358dc1ef0324337e1c9c7535694379490652e14b0","151c4cd5719459b8a6dc218f17d55f7fbc563803a11d6a0b7298a0a121247ebe","aa0b71473092d701834920275f8d42aeeb2614d4ad1244d6fb3741e8f62f7efc","{""disabled"":{""status"":""baseline_win"",""tick"":15857,""winner"":""baseline""},""separated_lanes_v2"":{""status"":""baseline_win"",""tick"":17007,""winner"":""baseline""},""separated_lanes_unbounded_d1"":{""status"":""baseline_win"",""tick"":22559,""winner"":""baseline""}}","{""disabled"":{""status"":""baseline_win"",""tick"":15857,""winner"":""baseline""},""separated_lanes_v2"":{""status"":""baseline_win"",""tick"":17007,""winner"":""baseline""},""separated_lanes_unbounded_d1"":{""status"":""baseline_win"",""tick"":22559,""winner"":""baseline""}}"
"177","ra2web_advanced","7","hfo-lvl","0","39,82","87,157","0","1","0","Americans","1","3350110177","24000","ra2web_advanced__hfo-lvl","hfo","competitive","27369632","e8c7f00c0ce581b5a4abb4b9d17b72b50fadfaae5da9ff32950f76db1d326c8f","369944","18dde712dac64b2f76ec5c91c4e87a7140db78a1","61a3d2de51c60b3bc910e9a358dc1ef0324337e1c9c7535694379490652e14b0","151c4cd5719459b8a6dc218f17d55f7fbc563803a11d6a0b7298a0a121247ebe","aa0b71473092d701834920275f8d42aeeb2614d4ad1244d6fb3741e8f62f7efc","{""disabled"":{""status"":""baseline_win"",""tick"":18443,""winner"":""baseline""},""separated_lanes_v2"":{""status"":""baseline_win"",""tick"":18046,""winner"":""baseline""},""separated_lanes_unbounded_d1"":{""status"":""baseline_win"",""tick"":20400,""winner"":""baseline""}}","{""disabled"":{""status"":""baseline_win"",""tick"":18443,""winner"":""baseline""},""separated_lanes_v2"":{""status"":""baseline_win"",""tick"":18046,""winner"":""baseline""},""separated_lanes_unbounded_d1"":{""status"":""baseline_win"",""tick"":20400,""winner"":""baseline""}}"
"178","ra2web_advanced","7","hfo-lvl","0","39,82","87,157","0","1","1","Africans","0","3350110178","24000","ra2web_advanced__hfo-lvl","hfo","competitive","27369638","39a912eacaff16d090744af54473a83bb2921ce38d9f658b663a7f3ad076e658","452930","18dde712dac64b2f76ec5c91c4e87a7140db78a1","61a3d2de51c60b3bc910e9a358dc1ef0324337e1c9c7535694379490652e14b0","151c4cd5719459b8a6dc218f17d55f7fbc563803a11d6a0b7298a0a121247ebe","aa0b71473092d701834920275f8d42aeeb2614d4ad1244d6fb3741e8f62f7efc","{""disabled"":{""status"":""baseline_win"",""tick"":23870,""winner"":""baseline""},""separated_lanes_v2"":{""status"":""tick_cap_draw"",""tick"":24000,""winner"":""draw""},""separated_lanes_unbounded_d1"":{""status"":""baseline_win"",""tick"":23870,""winner"":""baseline""}}","{""disabled"":{""status"":""baseline_win"",""tick"":23870,""winner"":""baseline""},""separated_lanes_v2"":{""status"":""tick_cap_draw"",""tick"":24000,""winner"":""draw""},""separated_lanes_unbounded_d1"":{""status"":""baseline_win"",""tick"":23870,""winner"":""baseline""}}"
"179","ra2web_advanced","7","hfo-lvl","0","39,82","87,157","0","1","1","Africans","1","3350110179","24000","ra2web_advanced__hfo-lvl","hfo","competitive","27369689","ba0136d89ac44f1744cc3e03d1566a1c97888130a86fde8913180bb707c3a9b9","398226","18dde712dac64b2f76ec5c91c4e87a7140db78a1","61a3d2de51c60b3bc910e9a358dc1ef0324337e1c9c7535694379490652e14b0","151c4cd5719459b8a6dc218f17d55f7fbc563803a11d6a0b7298a0a121247ebe","aa0b71473092d701834920275f8d42aeeb2614d4ad1244d6fb3741e8f62f7efc","{""disabled"":{""status"":""tick_cap_draw"",""tick"":24000,""winner"":""draw""},""separated_lanes_v2"":{""status"":""tick_cap_draw"",""tick"":24000,""winner"":""draw""},""separated_lanes_unbounded_d1"":{""status"":""tick_cap_draw"",""tick"":24000,""winner"":""draw""}}","{""disabled"":{""status"":""tick_cap_draw"",""tick"":24000,""winner"":""draw""},""separated_lanes_v2"":{""status"":""tick_cap_draw"",""tick"":24000,""winner"":""draw""},""separated_lanes_unbounded_d1"":{""status"":""tick_cap_draw"",""tick"":24000,""winner"":""draw""}}"
"180","ra2web_advanced","7","hfo-lvl","1","87,157","39,82","1","0","0","Americans","0","3350110180","24000","ra2web_advanced__hfo-lvl","hfo","competitive","27369690","cc0065d83c020d4a32a5ffdec43eeb1d61c15e5ba0db481aff3ff2d368c6b10b","311356","18dde712dac64b2f76ec5c91c4e87a7140db78a1","61a3d2de51c60b3bc910e9a358dc1ef0324337e1c9c7535694379490652e14b0","151c4cd5719459b8a6dc218f17d55f7fbc563803a11d6a0b7298a0a121247ebe","aa0b71473092d701834920275f8d42aeeb2614d4ad1244d6fb3741e8f62f7efc","{""disabled"":{""status"":""candidate_win"",""tick"":18447,""winner"":""candidate""},""separated_lanes_v2"":{""status"":""candidate_win"",""tick"":18627,""winner"":""candidate""},""separated_lanes_unbounded_d1"":{""status"":""candidate_win"",""tick"":18648,""winner"":""candidate""}}","{""disabled"":{""status"":""candidate_win"",""tick"":18447,""winner"":""candidate""},""separated_lanes_v2"":{""status"":""candidate_win"",""tick"":18627,""winner"":""candidate""},""separated_lanes_unbounded_d1"":{""status"":""candidate_win"",""tick"":18648,""winner"":""candidate""}}"
"181","ra2web_advanced","7","hfo-lvl","1","87,157","39,82","1","0","0","Americans","1","3350110181","24000","ra2web_advanced__hfo-lvl","hfo","competitive","27369708","70a597701c1b010335fc5c6ae858638fb7e0148a550e51ddafb6fe3394e466dd","421014","18dde712dac64b2f76ec5c91c4e87a7140db78a1","61a3d2de51c60b3bc910e9a358dc1ef0324337e1c9c7535694379490652e14b0","151c4cd5719459b8a6dc218f17d55f7fbc563803a11d6a0b7298a0a121247ebe","aa0b71473092d701834920275f8d42aeeb2614d4ad1244d6fb3741e8f62f7efc","{""disabled"":{""status"":""candidate_win"",""tick"":18450,""winner"":""candidate""},""separated_lanes_v2"":{""status"":""candidate_win"",""tick"":20660,""winner"":""candidate""},""separated_lanes_unbounded_d1"":{""status"":""candidate_win"",""tick"":20277,""winner"":""candidate""}}","{""disabled"":{""status"":""candidate_win"",""tick"":18450,""winner"":""candidate""},""separated_lanes_v2"":{""status"":""candidate_win"",""tick"":20660,""winner"":""candidate""},""separated_lanes_unbounded_d1"":{""status"":""candidate_win"",""tick"":20277,""winner"":""candidate""}}"
"182","ra2web_advanced","7","hfo-lvl","1","87,157","39,82","1","0","1","Africans","0","3350110182","24000","ra2web_advanced__hfo-lvl","hfo","competitive","27369775","035dd6e8c0a28b2cc8d960034b3222f7abcc15e2a22fd0bebb2964aa78a8ed30","265619","18dde712dac64b2f76ec5c91c4e87a7140db78a1","61a3d2de51c60b3bc910e9a358dc1ef0324337e1c9c7535694379490652e14b0","151c4cd5719459b8a6dc218f17d55f7fbc563803a11d6a0b7298a0a121247ebe","aa0b71473092d701834920275f8d42aeeb2614d4ad1244d6fb3741e8f62f7efc","{""disabled"":{""status"":""tick_cap_draw"",""tick"":24000,""winner"":""draw""},""separated_lanes_v2"":{""status"":""tick_cap_draw"",""tick"":24000,""winner"":""draw""},""separated_lanes_unbounded_d1"":{""status"":""tick_cap_draw"",""tick"":24000,""winner"":""draw""}}","{""disabled"":{""status"":""tick_cap_draw"",""tick"":24000,""winner"":""draw""},""separated_lanes_v2"":{""status"":""tick_cap_draw"",""tick"":24000,""winner"":""draw""},""separated_lanes_unbounded_d1"":{""status"":""tick_cap_draw"",""tick"":24000,""winner"":""draw""}}"
"183","ra2web_advanced","7","hfo-lvl","1","87,157","39,82","1","0","1","Africans","1","3350110183","24000","ra2web_advanced__hfo-lvl","hfo","competitive","27369776","2edc9deb08821ada931f0ec1b2d8e280e895af328dfdb26d2afe392a53450df2","294528","18dde712dac64b2f76ec5c91c4e87a7140db78a1","61a3d2de51c60b3bc910e9a358dc1ef0324337e1c9c7535694379490652e14b0","151c4cd5719459b8a6dc218f17d55f7fbc563803a11d6a0b7298a0a121247ebe","aa0b71473092d701834920275f8d42aeeb2614d4ad1244d6fb3741e8f62f7efc","{""disabled"":{""status"":""tick_cap_draw"",""tick"":24000,""winner"":""draw""},""separated_lanes_v2"":{""status"":""tick_cap_draw"",""tick"":24000,""winner"":""draw""},""separated_lanes_unbounded_d1"":{""status"":""tick_cap_draw"",""tick"":24000,""winner"":""draw""}}","{""disabled"":{""status"":""tick_cap_draw"",""tick"":24000,""winner"":""draw""},""separated_lanes_v2"":{""status"":""tick_cap_draw"",""tick"":24000,""winner"":""draw""},""separated_lanes_unbounded_d1"":{""status"":""tick_cap_draw"",""tick"":24000,""winner"":""draw""}}"
"184","ra2web_advanced","8","hfo-rvr","0","151,118","88,34","0","1","0","Americans","0","3350110184","24000","ra2web_advanced__hfo-rvr","hfo","competitive","27369827","6973a450c44335d941ef8ce2973a54aa07ad1ebc42581c5c007215b99588572c","529060","18dde712dac64b2f76ec5c91c4e87a7140db78a1","61a3d2de51c60b3bc910e9a358dc1ef0324337e1c9c7535694379490652e14b0","151c4cd5719459b8a6dc218f17d55f7fbc563803a11d6a0b7298a0a121247ebe","8f17a78d2de245716b33c78b848dff13ae3db5b7ebb08d2efa4da165ac995488","{""disabled"":{""status"":""baseline_win"",""tick"":15319,""winner"":""baseline""},""separated_lanes_v2"":{""status"":""baseline_win"",""tick"":23191,""winner"":""baseline""},""separated_lanes_unbounded_d1"":{""status"":""baseline_win"",""tick"":22529,""winner"":""baseline""}}","{""disabled"":{""status"":""baseline_win"",""tick"":15319,""winner"":""baseline""},""separated_lanes_v2"":{""status"":""baseline_win"",""tick"":23191,""winner"":""baseline""},""separated_lanes_unbounded_d1"":{""status"":""baseline_win"",""tick"":22529,""winner"":""baseline""}}"
"185","ra2web_advanced","8","hfo-rvr","0","151,118","88,34","0","1","0","Americans","1","3350110185","24000","ra2web_advanced__hfo-rvr","hfo","competitive","27369831","550844b8ded6d76bdbdacdbf2099bb125a6d32055f8a9e50fffe42a9c036762e","336581","18dde712dac64b2f76ec5c91c4e87a7140db78a1","61a3d2de51c60b3bc910e9a358dc1ef0324337e1c9c7535694379490652e14b0","151c4cd5719459b8a6dc218f17d55f7fbc563803a11d6a0b7298a0a121247ebe","8f17a78d2de245716b33c78b848dff13ae3db5b7ebb08d2efa4da165ac995488","{""disabled"":{""status"":""baseline_win"",""tick"":12735,""winner"":""baseline""},""separated_lanes_v2"":{""status"":""baseline_win"",""tick"":13032,""winner"":""baseline""},""separated_lanes_unbounded_d1"":{""status"":""baseline_win"",""tick"":13032,""winner"":""baseline""}}","{""disabled"":{""status"":""baseline_win"",""tick"":12735,""winner"":""baseline""},""separated_lanes_v2"":{""status"":""baseline_win"",""tick"":13032,""winner"":""baseline""},""separated_lanes_unbounded_d1"":{""status"":""baseline_win"",""tick"":13032,""winner"":""baseline""}}"
"186","ra2web_advanced","8","hfo-rvr","0","151,118","88,34","0","1","1","Africans","0","3350110186","24000","ra2web_advanced__hfo-rvr","hfo","competitive","27369953","6d0bc46fcc5286882ef16ced547acaa978e25a920a0951c856a26bcec4a0a229","533521","18dde712dac64b2f76ec5c91c4e87a7140db78a1","61a3d2de51c60b3bc910e9a358dc1ef0324337e1c9c7535694379490652e14b0","151c4cd5719459b8a6dc218f17d55f7fbc563803a11d6a0b7298a0a121247ebe","8f17a78d2de245716b33c78b848dff13ae3db5b7ebb08d2efa4da165ac995488","{""disabled"":{""status"":""tick_cap_draw"",""tick"":24000,""winner"":""draw""},""separated_lanes_v2"":{""status"":""tick_cap_draw"",""tick"":24000,""winner"":""draw""},""separated_lanes_unbounded_d1"":{""status"":""tick_cap_draw"",""tick"":24000,""winner"":""draw""}}","{""disabled"":{""status"":""tick_cap_draw"",""tick"":24000,""winner"":""draw""},""separated_lanes_v2"":{""status"":""tick_cap_draw"",""tick"":24000,""winner"":""draw""},""separated_lanes_unbounded_d1"":{""status"":""tick_cap_draw"",""tick"":24000,""winner"":""draw""}}"
"187","ra2web_advanced","8","hfo-rvr","0","151,118","88,34","0","1","1","Africans","1","3350110187","24000","ra2web_advanced__hfo-rvr","hfo","competitive","27369954","0c476776c2f45310418329200aff1184d8353c6f050f97418d0bc57eca9d8a7d","522805","18dde712dac64b2f76ec5c91c4e87a7140db78a1","61a3d2de51c60b3bc910e9a358dc1ef0324337e1c9c7535694379490652e14b0","151c4cd5719459b8a6dc218f17d55f7fbc563803a11d6a0b7298a0a121247ebe","8f17a78d2de245716b33c78b848dff13ae3db5b7ebb08d2efa4da165ac995488","{""disabled"":{""status"":""tick_cap_draw"",""tick"":24000,""winner"":""draw""},""separated_lanes_v2"":{""status"":""tick_cap_draw"",""tick"":24000,""winner"":""draw""},""separated_lanes_unbounded_d1"":{""status"":""tick_cap_draw"",""tick"":24000,""winner"":""draw""}}","{""disabled"":{""status"":""tick_cap_draw"",""tick"":24000,""winner"":""draw""},""separated_lanes_v2"":{""status"":""tick_cap_draw"",""tick"":24000,""winner"":""draw""},""separated_lanes_unbounded_d1"":{""status"":""tick_cap_draw"",""tick"":24000,""winner"":""draw""}}"
"188","ra2web_advanced","8","hfo-rvr","1","88,34","151,118","1","0","0","Americans","0","3350110188","24000","ra2web_advanced__hfo-rvr","hfo","competitive","27369957","fbf0a2de3cc66bce4d4cc6f1c8bf487342c5fd4d54f76906bb50513eeabb5ce7","720791","18dde712dac64b2f76ec5c91c4e87a7140db78a1","61a3d2de51c60b3bc910e9a358dc1ef0324337e1c9c7535694379490652e14b0","151c4cd5719459b8a6dc218f17d55f7fbc563803a11d6a0b7298a0a121247ebe","8f17a78d2de245716b33c78b848dff13ae3db5b7ebb08d2efa4da165ac995488","{""disabled"":{""status"":""tick_cap_draw"",""tick"":24000,""winner"":""draw""},""separated_lanes_v2"":{""status"":""tick_cap_draw"",""tick"":24000,""winner"":""draw""},""separated_lanes_unbounded_d1"":{""status"":""tick_cap_draw"",""tick"":24000,""winner"":""draw""}}","{""disabled"":{""status"":""tick_cap_draw"",""tick"":24000,""winner"":""draw""},""separated_lanes_v2"":{""status"":""tick_cap_draw"",""tick"":24000,""winner"":""draw""},""separated_lanes_unbounded_d1"":{""status"":""tick_cap_draw"",""tick"":24000,""winner"":""draw""}}"
"189","ra2web_advanced","8","hfo-rvr","1","88,34","151,118","1","0","0","Americans","1","3350110189","24000","ra2web_advanced__hfo-rvr","hfo","competitive","27369958","fe2e51081d61c906eb8a09ab1956d3f9273e3014efb45afbe9424c3dadac5ec3","649291","18dde712dac64b2f76ec5c91c4e87a7140db78a1","61a3d2de51c60b3bc910e9a358dc1ef0324337e1c9c7535694379490652e14b0","151c4cd5719459b8a6dc218f17d55f7fbc563803a11d6a0b7298a0a121247ebe","8f17a78d2de245716b33c78b848dff13ae3db5b7ebb08d2efa4da165ac995488","{""disabled"":{""status"":""candidate_win"",""tick"":10780,""winner"":""candidate""},""separated_lanes_v2"":{""status"":""tick_cap_draw"",""tick"":24000,""winner"":""draw""},""separated_lanes_unbounded_d1"":{""status"":""baseline_win"",""tick"":21134,""winner"":""baseline""}}","{""disabled"":{""status"":""candidate_win"",""tick"":10780,""winner"":""candidate""},""separated_lanes_v2"":{""status"":""tick_cap_draw"",""tick"":24000,""winner"":""draw""},""separated_lanes_unbounded_d1"":{""status"":""baseline_win"",""tick"":21134,""winner"":""baseline""}}"
"190","ra2web_advanced","8","hfo-rvr","1","88,34","151,118","1","0","1","Africans","0","3350110190","24000","ra2web_advanced__hfo-rvr","hfo","competitive","27370039","5bbe1bb85ccf6e2306160f50d7b10ae62d99e3284951fe87d37d6685103c7a9f","788657","18dde712dac64b2f76ec5c91c4e87a7140db78a1","61a3d2de51c60b3bc910e9a358dc1ef0324337e1c9c7535694379490652e14b0","151c4cd5719459b8a6dc218f17d55f7fbc563803a11d6a0b7298a0a121247ebe","8f17a78d2de245716b33c78b848dff13ae3db5b7ebb08d2efa4da165ac995488","{""disabled"":{""status"":""tick_cap_draw"",""tick"":24000,""winner"":""draw""},""separated_lanes_v2"":{""status"":""tick_cap_draw"",""tick"":24000,""winner"":""draw""},""separated_lanes_unbounded_d1"":{""status"":""tick_cap_draw"",""tick"":24000,""winner"":""draw""}}","{""disabled"":{""status"":""tick_cap_draw"",""tick"":24000,""winner"":""draw""},""separated_lanes_v2"":{""status"":""tick_cap_draw"",""tick"":24000,""winner"":""draw""},""separated_lanes_unbounded_d1"":{""status"":""tick_cap_draw"",""tick"":24000,""winner"":""draw""}}"
"191","ra2web_advanced","8","hfo-rvr","1","88,34","151,118","1","0","1","Africans","1","3350110191","24000","ra2web_advanced__hfo-rvr","hfo","competitive","27370041","d1f64257c2461bc2b08cb71cfb08fbaf4db9b1e83464c9b12192c69f4a07dbd0","732223","18dde712dac64b2f76ec5c91c4e87a7140db78a1","61a3d2de51c60b3bc910e9a358dc1ef0324337e1c9c7535694379490652e14b0","151c4cd5719459b8a6dc218f17d55f7fbc563803a11d6a0b7298a0a121247ebe","8f17a78d2de245716b33c78b848dff13ae3db5b7ebb08d2efa4da165ac995488","{""disabled"":{""status"":""tick_cap_draw"",""tick"":24000,""winner"":""draw""},""separated_lanes_v2"":{""status"":""tick_cap_draw"",""tick"":24000,""winner"":""draw""},""separated_lanes_unbounded_d1"":{""status"":""tick_cap_draw"",""tick"":24000,""winner"":""draw""}}","{""disabled"":{""status"":""tick_cap_draw"",""tick"":24000,""winner"":""draw""},""separated_lanes_v2"":{""status"":""tick_cap_draw"",""tick"":24000,""winner"":""draw""},""separated_lanes_unbounded_d1"":{""status"":""tick_cap_draw"",""tick"":24000,""winner"":""draw""}}"
"192","ra2web_advanced","9","hfo-tvt","0","39,82","88,34","0","1","0","Americans","0","3350110192","24000","ra2web_advanced__hfo-tvt","hfo","competitive","27370050","24efc1a1882f125c63362e37d44d57624aac7c6940a9bced008904c8c347947d","342441","18dde712dac64b2f76ec5c91c4e87a7140db78a1","61a3d2de51c60b3bc910e9a358dc1ef0324337e1c9c7535694379490652e14b0","151c4cd5719459b8a6dc218f17d55f7fbc563803a11d6a0b7298a0a121247ebe","084d215b1ccb2a30cfb467e5f009d51b77e91c6a441ed24b4a6aef24d68c0c74","{""disabled"":{""status"":""baseline_win"",""tick"":21106,""winner"":""baseline""},""separated_lanes_v2"":{""status"":""baseline_win"",""tick"":19952,""winner"":""baseline""},""separated_lanes_unbounded_d1"":{""status"":""candidate_win"",""tick"":6527,""winner"":""candidate""}}","{""disabled"":{""status"":""baseline_win"",""tick"":21106,""winner"":""baseline""},""separated_lanes_v2"":{""status"":""baseline_win"",""tick"":19952,""winner"":""baseline""},""separated_lanes_unbounded_d1"":{""status"":""candidate_win"",""tick"":6527,""winner"":""candidate""}}"
"193","ra2web_advanced","9","hfo-tvt","0","39,82","88,34","0","1","0","Americans","1","3350110193","24000","ra2web_advanced__hfo-tvt","hfo","competitive","27370051","5ceb450236d42d0e90093cacadfe5445c1ca651cf7c99ec4abd5795925ed0c2b","349269","18dde712dac64b2f76ec5c91c4e87a7140db78a1","61a3d2de51c60b3bc910e9a358dc1ef0324337e1c9c7535694379490652e14b0","151c4cd5719459b8a6dc218f17d55f7fbc563803a11d6a0b7298a0a121247ebe","084d215b1ccb2a30cfb467e5f009d51b77e91c6a441ed24b4a6aef24d68c0c74","{""disabled"":{""status"":""candidate_win"",""tick"":19961,""winner"":""candidate""},""separated_lanes_v2"":{""status"":""baseline_win"",""tick"":18003,""winner"":""baseline""},""separated_lanes_unbounded_d1"":{""status"":""candidate_win"",""tick"":7974,""winner"":""candidate""}}","{""disabled"":{""status"":""candidate_win"",""tick"":19961,""winner"":""candidate""},""separated_lanes_v2"":{""status"":""baseline_win"",""tick"":18003,""winner"":""baseline""},""separated_lanes_unbounded_d1"":{""status"":""candidate_win"",""tick"":7974,""winner"":""candidate""}}"
"194","ra2web_advanced","9","hfo-tvt","0","39,82","88,34","0","1","1","Africans","0","3350110194","24000","ra2web_advanced__hfo-tvt","hfo","competitive","27370107","486755e66db281cef8d67c8411365817d74eaccaf998ff516e7c38b6b3e21a38","342317","18dde712dac64b2f76ec5c91c4e87a7140db78a1","61a3d2de51c60b3bc910e9a358dc1ef0324337e1c9c7535694379490652e14b0","151c4cd5719459b8a6dc218f17d55f7fbc563803a11d6a0b7298a0a121247ebe","084d215b1ccb2a30cfb467e5f009d51b77e91c6a441ed24b4a6aef24d68c0c74","{""disabled"":{""status"":""candidate_win"",""tick"":7110,""winner"":""candidate""},""separated_lanes_v2"":{""status"":""tick_cap_draw"",""tick"":24000,""winner"":""draw""},""separated_lanes_unbounded_d1"":{""status"":""candidate_win"",""tick"":7110,""winner"":""candidate""}}","{""disabled"":{""status"":""candidate_win"",""tick"":7110,""winner"":""candidate""},""separated_lanes_v2"":{""status"":""tick_cap_draw"",""tick"":24000,""winner"":""draw""},""separated_lanes_unbounded_d1"":{""status"":""candidate_win"",""tick"":7110,""winner"":""candidate""}}"
"195","ra2web_advanced","9","hfo-tvt","0","39,82","88,34","0","1","1","Africans","1","3350110195","24000","ra2web_advanced__hfo-tvt","hfo","competitive","27370116","47d068622c28a16b042c19395895404b145d0399d81ef1a9f4e0edc495689eed","312851","18dde712dac64b2f76ec5c91c4e87a7140db78a1","61a3d2de51c60b3bc910e9a358dc1ef0324337e1c9c7535694379490652e14b0","151c4cd5719459b8a6dc218f17d55f7fbc563803a11d6a0b7298a0a121247ebe","084d215b1ccb2a30cfb467e5f009d51b77e91c6a441ed24b4a6aef24d68c0c74","{""disabled"":{""status"":""candidate_win"",""tick"":7176,""winner"":""candidate""},""separated_lanes_v2"":{""status"":""tick_cap_draw"",""tick"":24000,""winner"":""draw""},""separated_lanes_unbounded_d1"":{""status"":""candidate_win"",""tick"":7176,""winner"":""candidate""}}","{""disabled"":{""status"":""candidate_win"",""tick"":7176,""winner"":""candidate""},""separated_lanes_v2"":{""status"":""tick_cap_draw"",""tick"":24000,""winner"":""draw""},""separated_lanes_unbounded_d1"":{""status"":""candidate_win"",""tick"":7176,""winner"":""candidate""}}"
"196","ra2web_advanced","9","hfo-tvt","1","88,34","39,82","1","0","0","Americans","0","3350110196","24000","ra2web_advanced__hfo-tvt","hfo","competitive","27370180","ad77848eb301a1a66228f463e879a2fa9fb9cc1897b0fa8e287bd3204e45b2c5","448543","18dde712dac64b2f76ec5c91c4e87a7140db78a1","61a3d2de51c60b3bc910e9a358dc1ef0324337e1c9c7535694379490652e14b0","151c4cd5719459b8a6dc218f17d55f7fbc563803a11d6a0b7298a0a121247ebe","084d215b1ccb2a30cfb467e5f009d51b77e91c6a441ed24b4a6aef24d68c0c74","{""disabled"":{""status"":""candidate_win"",""tick"":11836,""winner"":""candidate""},""separated_lanes_v2"":{""status"":""candidate_win"",""tick"":11440,""winner"":""candidate""},""separated_lanes_unbounded_d1"":{""status"":""candidate_win"",""tick"":11938,""winner"":""candidate""}}","{""disabled"":{""status"":""candidate_win"",""tick"":11836,""winner"":""candidate""},""separated_lanes_v2"":{""status"":""candidate_win"",""tick"":11440,""winner"":""candidate""},""separated_lanes_unbounded_d1"":{""status"":""candidate_win"",""tick"":11938,""winner"":""candidate""}}"
"197","ra2web_advanced","9","hfo-tvt","1","88,34","39,82","1","0","0","Americans","1","3350110197","24000","ra2web_advanced__hfo-tvt","hfo","competitive","27370184","276280154d04ae730cf1c12c3909cc3b003a1e634973fb5cc0856f543d95fb39","433904","18dde712dac64b2f76ec5c91c4e87a7140db78a1","61a3d2de51c60b3bc910e9a358dc1ef0324337e1c9c7535694379490652e14b0","151c4cd5719459b8a6dc218f17d55f7fbc563803a11d6a0b7298a0a121247ebe","084d215b1ccb2a30cfb467e5f009d51b77e91c6a441ed24b4a6aef24d68c0c74","{""disabled"":{""status"":""candidate_win"",""tick"":11296,""winner"":""candidate""},""separated_lanes_v2"":{""status"":""tick_cap_draw"",""tick"":24000,""winner"":""draw""},""separated_lanes_unbounded_d1"":{""status"":""candidate_win"",""tick"":12598,""winner"":""candidate""}}","{""disabled"":{""status"":""candidate_win"",""tick"":11296,""winner"":""candidate""},""separated_lanes_v2"":{""status"":""tick_cap_draw"",""tick"":24000,""winner"":""draw""},""separated_lanes_unbounded_d1"":{""status"":""candidate_win"",""tick"":12598,""winner"":""candidate""}}"
"198","ra2web_advanced","9","hfo-tvt","1","88,34","39,82","1","0","1","Africans","0","3350110198","24000","ra2web_advanced__hfo-tvt","hfo","competitive","27370185","49659831ea194a40488770d95d876d7b33982b1276292db5377cf22d098d5749","715929","18dde712dac64b2f76ec5c91c4e87a7140db78a1","61a3d2de51c60b3bc910e9a358dc1ef0324337e1c9c7535694379490652e14b0","151c4cd5719459b8a6dc218f17d55f7fbc563803a11d6a0b7298a0a121247ebe","084d215b1ccb2a30cfb467e5f009d51b77e91c6a441ed24b4a6aef24d68c0c74","{""disabled"":{""status"":""tick_cap_draw"",""tick"":24000,""winner"":""draw""},""separated_lanes_v2"":{""status"":""tick_cap_draw"",""tick"":24000,""winner"":""draw""},""separated_lanes_unbounded_d1"":{""status"":""tick_cap_draw"",""tick"":24000,""winner"":""draw""}}","{""disabled"":{""status"":""tick_cap_draw"",""tick"":24000,""winner"":""draw""},""separated_lanes_v2"":{""status"":""tick_cap_draw"",""tick"":24000,""winner"":""draw""},""separated_lanes_unbounded_d1"":{""status"":""tick_cap_draw"",""tick"":24000,""winner"":""draw""}}"
"199","ra2web_advanced","9","hfo-tvt","1","88,34","39,82","1","0","1","Africans","1","3350110199","24000","ra2web_advanced__hfo-tvt","hfo","competitive","27365752","f2493abaf6ef9abf4a3528f3d8862fd500abfc63d6fe9057aa6353638175c9ca","440412","18dde712dac64b2f76ec5c91c4e87a7140db78a1","61a3d2de51c60b3bc910e9a358dc1ef0324337e1c9c7535694379490652e14b0","151c4cd5719459b8a6dc218f17d55f7fbc563803a11d6a0b7298a0a121247ebe","084d215b1ccb2a30cfb467e5f009d51b77e91c6a441ed24b4a6aef24d68c0c74","{""disabled"":{""status"":""tick_cap_draw"",""tick"":24000,""winner"":""draw""},""separated_lanes_v2"":{""status"":""candidate_win"",""tick"":17944,""winner"":""candidate""},""separated_lanes_unbounded_d1"":{""status"":""tick_cap_draw"",""tick"":24000,""winner"":""draw""}}","{""disabled"":{""status"":""tick_cap_draw"",""tick"":24000,""winner"":""draw""},""separated_lanes_v2"":{""status"":""candidate_win"",""tick"":17944,""winner"":""candidate""},""separated_lanes_unbounded_d1"":{""status"":""tick_cap_draw"",""tick"":24000,""winner"":""draw""}}"
