"contrast","endpoint","group","id","transition","count"
"unbounded_minus_v2","v6","populations","overall","W->W","39"
"unbounded_minus_v2","v6","populations","overall","W->D","8"
"unbounded_minus_v2","v6","populations","overall","W->L","2"
"unbounded_minus_v2","v6","populations","overall","D->W","22"
"unbounded_minus_v2","v6","populations","overall","D->D","59"
"unbounded_minus_v2","v6","populations","overall","D->L","11"
"unbounded_minus_v2","v6","populations","overall","L->W","7"
"unbounded_minus_v2","v6","populations","overall","L->D","9"
"unbounded_minus_v2","v6","populations","overall","L->L","43"
"unbounded_minus_v2","v6","populations","supalosa","W->W","27"
"unbounded_minus_v2","v6","populations","supalosa","W->D","6"
"unbounded_minus_v2","v6","populations","supalosa","W->L","1"
"unbounded_minus_v2","v6","populations","supalosa","D->W","12"
"unbounded_minus_v2","v6","populations","supalosa","D->D","32"
"unbounded_minus_v2","v6","populations","supalosa","D->L","6"
"unbounded_minus_v2","v6","populations","supalosa","L->W","2"
"unbounded_minus_v2","v6","populations","supalosa","L->D","6"
"unbounded_minus_v2","v6","populations","supalosa","L->L","28"
"unbounded_minus_v2","v6","populations","advanced","W->W","12"
"unbounded_minus_v2","v6","populations","advanced","W->D","2"
"unbounded_minus_v2","v6","populations","advanced","W->L","1"
"unbounded_minus_v2","v6","populations","advanced","D->W","10"
"unbounded_minus_v2","v6","populations","advanced","D->D","27"
"unbounded_minus_v2","v6","populations","advanced","D->L","5"
"unbounded_minus_v2","v6","populations","advanced","L->W","5"
"unbounded_minus_v2","v6","populations","advanced","L->D","3"
"unbounded_minus_v2","v6","populations","advanced","L->L","15"
"unbounded_minus_v2","v6","strata","pinned_supalosa__hfo-bvb","W->W","3"
"unbounded_minus_v2","v6","strata","pinned_supalosa__hfo-bvb","W->D","0"
"unbounded_minus_v2","v6","strata","pinned_supalosa__hfo-bvb","W->L","0"
"unbounded_minus_v2","v6","strata","pinned_supalosa__hfo-bvb","D->W","0"
"unbounded_minus_v2","v6","strata","pinned_supalosa__hfo-bvb","D->D","0"
"unbounded_minus_v2","v6","strata","pinned_supalosa__hfo-bvb","D->L","0"
"unbounded_minus_v2","v6","strata","pinned_supalosa__hfo-bvb","L->W","0"
"unbounded_minus_v2","v6","strata","pinned_supalosa__hfo-bvb","L->D","2"
"unbounded_minus_v2","v6","strata","pinned_supalosa__hfo-bvb","L->L","3"
"unbounded_minus_v2","v6","strata","pinned_supalosa__hfo-corners","W->W","2"
"unbounded_minus_v2","v6","strata","pinned_supalosa__hfo-corners","W->D","0"
"unbounded_minus_v2","v6","strata","pinned_supalosa__hfo-corners","W->L","0"
"unbounded_minus_v2","v6","strata","pinned_supalosa__hfo-corners","D->W","1"
"unbounded_minus_v2","v6","strata","pinned_supalosa__hfo-corners","D->D","2"
"unbounded_minus_v2","v6","strata","pinned_supalosa__hfo-corners","D->L","2"
"unbounded_minus_v2","v6","strata","pinned_supalosa__hfo-corners","L->W","0"
"unbounded_minus_v2","v6","strata","pinned_supalosa__hfo-corners","L->D","0"
"unbounded_minus_v2","v6","strata","pinned_supalosa__hfo-corners","L->L","1"
"unbounded_minus_v2","v6","strata","pinned_supalosa__hfo-corners-b","W->W","1"
"unbounded_minus_v2","v6","strata","pinned_supalosa__hfo-corners-b","W->D","0"
"unbounded_minus_v2","v6","strata","pinned_supalosa__hfo-corners-b","W->L","0"
"unbounded_minus_v2","v6","strata","pinned_supalosa__hfo-corners-b","D->W","2"
"unbounded_minus_v2","v6","strata","pinned_supalosa__hfo-corners-b","D->D","2"
"unbounded_minus_v2","v6","strata","pinned_supalosa__hfo-corners-b","D->L","1"
"unbounded_minus_v2","v6","strata","pinned_supalosa__hfo-corners-b","L->W","0"
"unbounded_minus_v2","v6","strata","pinned_supalosa__hfo-corners-b","L->D","0"
"unbounded_minus_v2","v6","strata","pinned_supalosa__hfo-corners-b","L->L","2"
"unbounded_minus_v2","v6","strata","pinned_supalosa__hfo-corners-b-golden","W->W","2"
"unbounded_minus_v2","v6","strata","pinned_supalosa__hfo-corners-b-golden","W->D","0"
"unbounded_minus_v2","v6","strata","pinned_supalosa__hfo-corners-b-golden","W->L","0"
"unbounded_minus_v2","v6","strata","pinned_supalosa__hfo-corners-b-golden","D->W","1"
"unbounded_minus_v2","v6","strata","pinned_supalosa__hfo-corners-b-golden","D->D","0"
"unbounded_minus_v2","v6","strata","pinned_supalosa__hfo-corners-b-golden","D->L","0"
"unbounded_minus_v2","v6","strata","pinned_supalosa__hfo-corners-b-golden","L->W","1"
"unbounded_minus_v2","v6","strata","pinned_supalosa__hfo-corners-b-golden","L->D","2"
"unbounded_minus_v2","v6","strata","pinned_supalosa__hfo-corners-b-golden","L->L","2"
"unbounded_minus_v2","v6","strata","pinned_supalosa__hfo-golden","W->W","2"
"unbounded_minus_v2","v6","strata","pinned_supalosa__hfo-golden","W->D","1"
"unbounded_minus_v2","v6","strata","pinned_supalosa__hfo-golden","W->L","0"
"unbounded_minus_v2","v6","strata","pinned_supalosa__hfo-golden","D->W","1"
"unbounded_minus_v2","v6","strata","pinned_supalosa__hfo-golden","D->D","0"
"unbounded_minus_v2","v6","strata","pinned_supalosa__hfo-golden","D->L","1"
"unbounded_minus_v2","v6","strata","pinned_supalosa__hfo-golden","L->W","0"
"unbounded_minus_v2","v6","strata","pinned_supalosa__hfo-golden","L->D","1"
"unbounded_minus_v2","v6","strata","pinned_supalosa__hfo-golden","L->L","2"
"unbounded_minus_v2","v6","strata","pinned_supalosa__hfo-le","W->W","1"
"unbounded_minus_v2","v6","strata","pinned_supalosa__hfo-le","W->D","1"
"unbounded_minus_v2","v6","strata","pinned_supalosa__hfo-le","W->L","0"
"unbounded_minus_v2","v6","strata","pinned_supalosa__hfo-le","D->W","2"
"unbounded_minus_v2","v6","strata","pinned_supalosa__hfo-le","D->D","2"
"unbounded_minus_v2","v6","strata","pinned_supalosa__hfo-le","D->L","0"
"unbounded_minus_v2","v6","strata","pinned_supalosa__hfo-le","L->W","0"
"unbounded_minus_v2","v6","strata","pinned_supalosa__hfo-le","L->D","0"
"unbounded_minus_v2","v6","strata","pinned_supalosa__hfo-le","L->L","2"
"unbounded_minus_v2","v6","strata","pinned_supalosa__hfo-lvl","W->W","3"
"unbounded_minus_v2","v6","strata","pinned_supalosa__hfo-lvl","W->D","1"
"unbounded_minus_v2","v6","strata","pinned_supalosa__hfo-lvl","W->L","0"
"unbounded_minus_v2","v6","strata","pinned_supalosa__hfo-lvl","D->W","0"
"unbounded_minus_v2","v6","strata","pinned_supalosa__hfo-lvl","D->D","0"
"unbounded_minus_v2","v6","strata","pinned_supalosa__hfo-lvl","D->L","1"
"unbounded_minus_v2","v6","strata","pinned_supalosa__hfo-lvl","L->W","0"
"unbounded_minus_v2","v6","strata","pinned_supalosa__hfo-lvl","L->D","0"
"unbounded_minus_v2","v6","strata","pinned_supalosa__hfo-lvl","L->L","3"
"unbounded_minus_v2","v6","strata","pinned_supalosa__hfo-original","W->W","2"
"unbounded_minus_v2","v6","strata","pinned_supalosa__hfo-original","W->D","0"
"unbounded_minus_v2","v6","strata","pinned_supalosa__hfo-original","W->L","0"
"unbounded_minus_v2","v6","strata","pinned_supalosa__hfo-original","D->W","1"
"unbounded_minus_v2","v6","strata","pinned_supalosa__hfo-original","D->D","2"
"unbounded_minus_v2","v6","strata","pinned_supalosa__hfo-original","D->L","0"
"unbounded_minus_v2","v6","strata","pinned_supalosa__hfo-original","L->W","0"
"unbounded_minus_v2","v6","strata","pinned_supalosa__hfo-original","L->D","0"
"unbounded_minus_v2","v6","strata","pinned_supalosa__hfo-original","L->L","3"
"unbounded_minus_v2","v6","strata","pinned_supalosa__hfo-rvr","W->W","1"
"unbounded_minus_v2","v6","strata","pinned_supalosa__hfo-rvr","W->D","0"
"unbounded_minus_v2","v6","strata","pinned_supalosa__hfo-rvr","W->L","0"
"unbounded_minus_v2","v6","strata","pinned_supalosa__hfo-rvr","D->W","1"
"unbounded_minus_v2","v6","strata","pinned_supalosa__hfo-rvr","D->D","5"
"unbounded_minus_v2","v6","strata","pinned_supalosa__hfo-rvr","D->L","0"
"unbounded_minus_v2","v6","strata","pinned_supalosa__hfo-rvr","L->W","0"
"unbounded_minus_v2","v6","strata","pinned_supalosa__hfo-rvr","L->D","0"
"unbounded_minus_v2","v6","strata","pinned_supalosa__hfo-rvr","L->L","1"
"unbounded_minus_v2","v6","strata","pinned_supalosa__hfo-tvt","W->W","2"
"unbounded_minus_v2","v6","strata","pinned_supalosa__hfo-tvt","W->D","1"
"unbounded_minus_v2","v6","strata","pinned_supalosa__hfo-tvt","W->L","0"
"unbounded_minus_v2","v6","strata","pinned_supalosa__hfo-tvt","D->W","1"
"unbounded_minus_v2","v6","strata","pinned_supalosa__hfo-tvt","D->D","4"
"unbounded_minus_v2","v6","strata","pinned_supalosa__hfo-tvt","D->L","0"
"unbounded_minus_v2","v6","strata","pinned_supalosa__hfo-tvt","L->W","0"
"unbounded_minus_v2","v6","strata","pinned_supalosa__hfo-tvt","L->D","0"
"unbounded_minus_v2","v6","strata","pinned_supalosa__hfo-tvt","L->L","0"
"unbounded_minus_v2","v6","strata","pinned_supalosa__pacific-heights","W->W","4"
"unbounded_minus_v2","v6","strata","pinned_supalosa__pacific-heights","W->D","0"
"unbounded_minus_v2","v6","strata","pinned_supalosa__pacific-heights","W->L","0"
"unbounded_minus_v2","v6","strata","pinned_supalosa__pacific-heights","D->W","1"
"unbounded_minus_v2","v6","strata","pinned_supalosa__pacific-heights","D->D","1"
"unbounded_minus_v2","v6","strata","pinned_supalosa__pacific-heights","D->L","0"
"unbounded_minus_v2","v6","strata","pinned_supalosa__pacific-heights","L->W","1"
"unbounded_minus_v2","v6","strata","pinned_supalosa__pacific-heights","L->D","1"
"unbounded_minus_v2","v6","strata","pinned_supalosa__pacific-heights","L->L","0"
"unbounded_minus_v2","v6","strata","pinned_supalosa__peak","W->W","3"
"unbounded_minus_v2","v6","strata","pinned_supalosa__peak","W->D","1"
"unbounded_minus_v2","v6","strata","pinned_supalosa__peak","W->L","1"
"unbounded_minus_v2","v6","strata","pinned_supalosa__peak","D->W","0"
"unbounded_minus_v2","v6","strata","pinned_supalosa__peak","D->D","3"
"unbounded_minus_v2","v6","strata","pinned_supalosa__peak","D->L","0"
"unbounded_minus_v2","v6","strata","pinned_supalosa__peak","L->W","0"
"unbounded_minus_v2","v6","strata","pinned_supalosa__peak","L->D","0"
"unbounded_minus_v2","v6","strata","pinned_supalosa__peak","L->L","0"
"unbounded_minus_v2","v6","strata","pinned_supalosa__south-pacific","W->W","0"
"unbounded_minus_v2","v6","strata","pinned_supalosa__south-pacific","W->D","0"
"unbounded_minus_v2","v6","strata","pinned_supalosa__south-pacific","W->L","0"
"unbounded_minus_v2","v6","strata","pinned_supalosa__south-pacific","D->W","0"
"unbounded_minus_v2","v6","strata","pinned_supalosa__south-pacific","D->D","6"
"unbounded_minus_v2","v6","strata","pinned_supalosa__south-pacific","D->L","0"
"unbounded_minus_v2","v6","strata","pinned_supalosa__south-pacific","L->W","0"
"unbounded_minus_v2","v6","strata","pinned_supalosa__south-pacific","L->D","0"
"unbounded_minus_v2","v6","strata","pinned_supalosa__south-pacific","L->L","2"
"unbounded_minus_v2","v6","strata","pinned_supalosa__south-pacific-2","W->W","0"
"unbounded_minus_v2","v6","strata","pinned_supalosa__south-pacific-2","W->D","0"
"unbounded_minus_v2","v6","strata","pinned_supalosa__south-pacific-2","W->L","0"
"unbounded_minus_v2","v6","strata","pinned_supalosa__south-pacific-2","D->W","1"
"unbounded_minus_v2","v6","strata","pinned_supalosa__south-pacific-2","D->D","5"
"unbounded_minus_v2","v6","strata","pinned_supalosa__south-pacific-2","D->L","1"
"unbounded_minus_v2","v6","strata","pinned_supalosa__south-pacific-2","L->W","0"
"unbounded_minus_v2","v6","strata","pinned_supalosa__south-pacific-2","L->D","0"
"unbounded_minus_v2","v6","strata","pinned_supalosa__south-pacific-2","L->L","1"
"unbounded_minus_v2","v6","strata","pinned_supalosa__tour-of-egypt","W->W","1"
"unbounded_minus_v2","v6","strata","pinned_supalosa__tour-of-egypt","W->D","1"
"unbounded_minus_v2","v6","strata","pinned_supalosa__tour-of-egypt","W->L","0"
"unbounded_minus_v2","v6","strata","pinned_supalosa__tour-of-egypt","D->W","0"
"unbounded_minus_v2","v6","strata","pinned_supalosa__tour-of-egypt","D->D","0"
"unbounded_minus_v2","v6","strata","pinned_supalosa__tour-of-egypt","D->L","0"
"unbounded_minus_v2","v6","strata","pinned_supalosa__tour-of-egypt","L->W","0"
"unbounded_minus_v2","v6","strata","pinned_supalosa__tour-of-egypt","L->D","0"
"unbounded_minus_v2","v6","strata","pinned_supalosa__tour-of-egypt","L->L","6"
"unbounded_minus_v2","v6","strata","ra2web_advanced__hfo-bvb","W->W","1"
"unbounded_minus_v2","v6","strata","ra2web_advanced__hfo-bvb","W->D","0"
"unbounded_minus_v2","v6","strata","ra2web_advanced__hfo-bvb","W->L","0"
"unbounded_minus_v2","v6","strata","ra2web_advanced__hfo-bvb","D->W","2"
"unbounded_minus_v2","v6","strata","ra2web_advanced__hfo-bvb","D->D","1"
"unbounded_minus_v2","v6","strata","ra2web_advanced__hfo-bvb","D->L","1"
"unbounded_minus_v2","v6","strata","ra2web_advanced__hfo-bvb","L->W","0"
"unbounded_minus_v2","v6","strata","ra2web_advanced__hfo-bvb","L->D","1"
"unbounded_minus_v2","v6","strata","ra2web_advanced__hfo-bvb","L->L","2"
"unbounded_minus_v2","v6","strata","ra2web_advanced__hfo-corners","W->W","1"
"unbounded_minus_v2","v6","strata","ra2web_advanced__hfo-corners","W->D","0"
"unbounded_minus_v2","v6","strata","ra2web_advanced__hfo-corners","W->L","0"
"unbounded_minus_v2","v6","strata","ra2web_advanced__hfo-corners","D->W","1"
"unbounded_minus_v2","v6","strata","ra2web_advanced__hfo-corners","D->D","4"
"unbounded_minus_v2","v6","strata","ra2web_advanced__hfo-corners","D->L","0"
"unbounded_minus_v2","v6","strata","ra2web_advanced__hfo-corners","L->W","0"
"unbounded_minus_v2","v6","strata","ra2web_advanced__hfo-corners","L->D","0"
"unbounded_minus_v2","v6","strata","ra2web_advanced__hfo-corners","L->L","2"
"unbounded_minus_v2","v6","strata","ra2web_advanced__hfo-corners-b","W->W","1"
"unbounded_minus_v2","v6","strata","ra2web_advanced__hfo-corners-b","W->D","0"
"unbounded_minus_v2","v6","strata","ra2web_advanced__hfo-corners-b","W->L","1"
"unbounded_minus_v2","v6","strata","ra2web_advanced__hfo-corners-b","D->W","1"
"unbounded_minus_v2","v6","strata","ra2web_advanced__hfo-corners-b","D->D","5"
"unbounded_minus_v2","v6","strata","ra2web_advanced__hfo-corners-b","D->L","0"
"unbounded_minus_v2","v6","strata","ra2web_advanced__hfo-corners-b","L->W","0"
"unbounded_minus_v2","v6","strata","ra2web_advanced__hfo-corners-b","L->D","0"
"unbounded_minus_v2","v6","strata","ra2web_advanced__hfo-corners-b","L->L","0"
"unbounded_minus_v2","v6","strata","ra2web_advanced__hfo-corners-b-golden","W->W","0"
"unbounded_minus_v2","v6","strata","ra2web_advanced__hfo-corners-b-golden","W->D","1"
"unbounded_minus_v2","v6","strata","ra2web_advanced__hfo-corners-b-golden","W->L","0"
"unbounded_minus_v2","v6","strata","ra2web_advanced__hfo-corners-b-golden","D->W","0"
"unbounded_minus_v2","v6","strata","ra2web_advanced__hfo-corners-b-golden","D->D","3"
"unbounded_minus_v2","v6","strata","ra2web_advanced__hfo-corners-b-golden","D->L","0"
"unbounded_minus_v2","v6","strata","ra2web_advanced__hfo-corners-b-golden","L->W","2"
"unbounded_minus_v2","v6","strata","ra2web_advanced__hfo-corners-b-golden","L->D","0"
"unbounded_minus_v2","v6","strata","ra2web_advanced__hfo-corners-b-golden","L->L","2"
"unbounded_minus_v2","v6","strata","ra2web_advanced__hfo-golden","W->W","2"
"unbounded_minus_v2","v6","strata","ra2web_advanced__hfo-golden","W->D","0"
"unbounded_minus_v2","v6","strata","ra2web_advanced__hfo-golden","W->L","0"
"unbounded_minus_v2","v6","strata","ra2web_advanced__hfo-golden","D->W","1"
"unbounded_minus_v2","v6","strata","ra2web_advanced__hfo-golden","D->D","2"
"unbounded_minus_v2","v6","strata","ra2web_advanced__hfo-golden","D->L","0"
"unbounded_minus_v2","v6","strata","ra2web_advanced__hfo-golden","L->W","1"
"unbounded_minus_v2","v6","strata","ra2web_advanced__hfo-golden","L->D","1"
"unbounded_minus_v2","v6","strata","ra2web_advanced__hfo-golden","L->L","1"
"unbounded_minus_v2","v6","strata","ra2web_advanced__hfo-le","W->W","2"
"unbounded_minus_v2","v6","strata","ra2web_advanced__hfo-le","W->D","0"
"unbounded_minus_v2","v6","strata","ra2web_advanced__hfo-le","W->L","0"
"unbounded_minus_v2","v6","strata","ra2web_advanced__hfo-le","D->W","0"
"unbounded_minus_v2","v6","strata","ra2web_advanced__hfo-le","D->D","2"
"unbounded_minus_v2","v6","strata","ra2web_advanced__hfo-le","D->L","2"
"unbounded_minus_v2","v6","strata","ra2web_advanced__hfo-le","L->W","0"
"unbounded_minus_v2","v6","strata","ra2web_advanced__hfo-le","L->D","0"
"unbounded_minus_v2","v6","strata","ra2web_advanced__hfo-le","L->L","2"
"unbounded_minus_v2","v6","strata","ra2web_advanced__hfo-lvl","W->W","2"
"unbounded_minus_v2","v6","strata","ra2web_advanced__hfo-lvl","W->D","0"
"unbounded_minus_v2","v6","strata","ra2web_advanced__hfo-lvl","W->L","0"
"unbounded_minus_v2","v6","strata","ra2web_advanced__hfo-lvl","D->W","0"
"unbounded_minus_v2","v6","strata","ra2web_advanced__hfo-lvl","D->D","3"
"unbounded_minus_v2","v6","strata","ra2web_advanced__hfo-lvl","D->L","1"
"unbounded_minus_v2","v6","strata","ra2web_advanced__hfo-lvl","L->W","0"
"unbounded_minus_v2","v6","strata","ra2web_advanced__hfo-lvl","L->D","0"
"unbounded_minus_v2","v6","strata","ra2web_advanced__hfo-lvl","L->L","2"
"unbounded_minus_v2","v6","strata","ra2web_advanced__hfo-original","W->W","2"
"unbounded_minus_v2","v6","strata","ra2web_advanced__hfo-original","W->D","0"
"unbounded_minus_v2","v6","strata","ra2web_advanced__hfo-original","W->L","0"
"unbounded_minus_v2","v6","strata","ra2web_advanced__hfo-original","D->W","2"
"unbounded_minus_v2","v6","strata","ra2web_advanced__hfo-original","D->D","1"
"unbounded_minus_v2","v6","strata","ra2web_advanced__hfo-original","D->L","0"
"unbounded_minus_v2","v6","strata","ra2web_advanced__hfo-original","L->W","0"
"unbounded_minus_v2","v6","strata","ra2web_advanced__hfo-original","L->D","1"
"unbounded_minus_v2","v6","strata","ra2web_advanced__hfo-original","L->L","2"
"unbounded_minus_v2","v6","strata","ra2web_advanced__hfo-rvr","W->W","0"
"unbounded_minus_v2","v6","strata","ra2web_advanced__hfo-rvr","W->D","0"
"unbounded_minus_v2","v6","strata","ra2web_advanced__hfo-rvr","W->L","0"
"unbounded_minus_v2","v6","strata","ra2web_advanced__hfo-rvr","D->W","0"
"unbounded_minus_v2","v6","strata","ra2web_advanced__hfo-rvr","D->D","5"
"unbounded_minus_v2","v6","strata","ra2web_advanced__hfo-rvr","D->L","1"
"unbounded_minus_v2","v6","strata","ra2web_advanced__hfo-rvr","L->W","0"
"unbounded_minus_v2","v6","strata","ra2web_advanced__hfo-rvr","L->D","0"
"unbounded_minus_v2","v6","strata","ra2web_advanced__hfo-rvr","L->L","2"
"unbounded_minus_v2","v6","strata","ra2web_advanced__hfo-tvt","W->W","1"
"unbounded_minus_v2","v6","strata","ra2web_advanced__hfo-tvt","W->D","1"
"unbounded_minus_v2","v6","strata","ra2web_advanced__hfo-tvt","W->L","0"
"unbounded_minus_v2","v6","strata","ra2web_advanced__hfo-tvt","D->W","3"
"unbounded_minus_v2","v6","strata","ra2web_advanced__hfo-tvt","D->D","1"
"unbounded_minus_v2","v6","strata","ra2web_advanced__hfo-tvt","D->L","0"
"unbounded_minus_v2","v6","strata","ra2web_advanced__hfo-tvt","L->W","2"
"unbounded_minus_v2","v6","strata","ra2web_advanced__hfo-tvt","L->D","0"
"unbounded_minus_v2","v6","strata","ra2web_advanced__hfo-tvt","L->L","0"
"unbounded_minus_v2","v6","maps","hfo-bvb","W->W","4"
"unbounded_minus_v2","v6","maps","hfo-bvb","W->D","0"
"unbounded_minus_v2","v6","maps","hfo-bvb","W->L","0"
"unbounded_minus_v2","v6","maps","hfo-bvb","D->W","2"
"unbounded_minus_v2","v6","maps","hfo-bvb","D->D","1"
"unbounded_minus_v2","v6","maps","hfo-bvb","D->L","1"
"unbounded_minus_v2","v6","maps","hfo-bvb","L->W","0"
"unbounded_minus_v2","v6","maps","hfo-bvb","L->D","3"
"unbounded_minus_v2","v6","maps","hfo-bvb","L->L","5"
"unbounded_minus_v2","v6","maps","hfo-corners","W->W","3"
"unbounded_minus_v2","v6","maps","hfo-corners","W->D","0"
"unbounded_minus_v2","v6","maps","hfo-corners","W->L","0"
"unbounded_minus_v2","v6","maps","hfo-corners","D->W","2"
"unbounded_minus_v2","v6","maps","hfo-corners","D->D","6"
"unbounded_minus_v2","v6","maps","hfo-corners","D->L","2"
"unbounded_minus_v2","v6","maps","hfo-corners","L->W","0"
"unbounded_minus_v2","v6","maps","hfo-corners","L->D","0"
"unbounded_minus_v2","v6","maps","hfo-corners","L->L","3"
"unbounded_minus_v2","v6","maps","hfo-corners-b","W->W","2"
"unbounded_minus_v2","v6","maps","hfo-corners-b","W->D","0"
"unbounded_minus_v2","v6","maps","hfo-corners-b","W->L","1"
"unbounded_minus_v2","v6","maps","hfo-corners-b","D->W","3"
"unbounded_minus_v2","v6","maps","hfo-corners-b","D->D","7"
"unbounded_minus_v2","v6","maps","hfo-corners-b","D->L","1"
"unbounded_minus_v2","v6","maps","hfo-corners-b","L->W","0"
"unbounded_minus_v2","v6","maps","hfo-corners-b","L->D","0"
"unbounded_minus_v2","v6","maps","hfo-corners-b","L->L","2"
"unbounded_minus_v2","v6","maps","hfo-corners-b-golden","W->W","2"
"unbounded_minus_v2","v6","maps","hfo-corners-b-golden","W->D","1"
"unbounded_minus_v2","v6","maps","hfo-corners-b-golden","W->L","0"
"unbounded_minus_v2","v6","maps","hfo-corners-b-golden","D->W","1"
"unbounded_minus_v2","v6","maps","hfo-corners-b-golden","D->D","3"
"unbounded_minus_v2","v6","maps","hfo-corners-b-golden","D->L","0"
"unbounded_minus_v2","v6","maps","hfo-corners-b-golden","L->W","3"
"unbounded_minus_v2","v6","maps","hfo-corners-b-golden","L->D","2"
"unbounded_minus_v2","v6","maps","hfo-corners-b-golden","L->L","4"
"unbounded_minus_v2","v6","maps","hfo-golden","W->W","4"
"unbounded_minus_v2","v6","maps","hfo-golden","W->D","1"
"unbounded_minus_v2","v6","maps","hfo-golden","W->L","0"
"unbounded_minus_v2","v6","maps","hfo-golden","D->W","2"
"unbounded_minus_v2","v6","maps","hfo-golden","D->D","2"
"unbounded_minus_v2","v6","maps","hfo-golden","D->L","1"
"unbounded_minus_v2","v6","maps","hfo-golden","L->W","1"
"unbounded_minus_v2","v6","maps","hfo-golden","L->D","2"
"unbounded_minus_v2","v6","maps","hfo-golden","L->L","3"
"unbounded_minus_v2","v6","maps","hfo-le","W->W","3"
"unbounded_minus_v2","v6","maps","hfo-le","W->D","1"
"unbounded_minus_v2","v6","maps","hfo-le","W->L","0"
"unbounded_minus_v2","v6","maps","hfo-le","D->W","2"
"unbounded_minus_v2","v6","maps","hfo-le","D->D","4"
"unbounded_minus_v2","v6","maps","hfo-le","D->L","2"
"unbounded_minus_v2","v6","maps","hfo-le","L->W","0"
"unbounded_minus_v2","v6","maps","hfo-le","L->D","0"
"unbounded_minus_v2","v6","maps","hfo-le","L->L","4"
"unbounded_minus_v2","v6","maps","hfo-lvl","W->W","5"
"unbounded_minus_v2","v6","maps","hfo-lvl","W->D","1"
"unbounded_minus_v2","v6","maps","hfo-lvl","W->L","0"
"unbounded_minus_v2","v6","maps","hfo-lvl","D->W","0"
"unbounded_minus_v2","v6","maps","hfo-lvl","D->D","3"
"unbounded_minus_v2","v6","maps","hfo-lvl","D->L","2"
"unbounded_minus_v2","v6","maps","hfo-lvl","L->W","0"
"unbounded_minus_v2","v6","maps","hfo-lvl","L->D","0"
"unbounded_minus_v2","v6","maps","hfo-lvl","L->L","5"
"unbounded_minus_v2","v6","maps","hfo-original","W->W","4"
"unbounded_minus_v2","v6","maps","hfo-original","W->D","0"
"unbounded_minus_v2","v6","maps","hfo-original","W->L","0"
"unbounded_minus_v2","v6","maps","hfo-original","D->W","3"
"unbounded_minus_v2","v6","maps","hfo-original","D->D","3"
"unbounded_minus_v2","v6","maps","hfo-original","D->L","0"
"unbounded_minus_v2","v6","maps","hfo-original","L->W","0"
"unbounded_minus_v2","v6","maps","hfo-original","L->D","1"
"unbounded_minus_v2","v6","maps","hfo-original","L->L","5"
"unbounded_minus_v2","v6","maps","hfo-rvr","W->W","1"
"unbounded_minus_v2","v6","maps","hfo-rvr","W->D","0"
"unbounded_minus_v2","v6","maps","hfo-rvr","W->L","0"
"unbounded_minus_v2","v6","maps","hfo-rvr","D->W","1"
"unbounded_minus_v2","v6","maps","hfo-rvr","D->D","10"
"unbounded_minus_v2","v6","maps","hfo-rvr","D->L","1"
"unbounded_minus_v2","v6","maps","hfo-rvr","L->W","0"
"unbounded_minus_v2","v6","maps","hfo-rvr","L->D","0"
"unbounded_minus_v2","v6","maps","hfo-rvr","L->L","3"
"unbounded_minus_v2","v6","maps","hfo-tvt","W->W","3"
"unbounded_minus_v2","v6","maps","hfo-tvt","W->D","2"
"unbounded_minus_v2","v6","maps","hfo-tvt","W->L","0"
"unbounded_minus_v2","v6","maps","hfo-tvt","D->W","4"
"unbounded_minus_v2","v6","maps","hfo-tvt","D->D","5"
"unbounded_minus_v2","v6","maps","hfo-tvt","D->L","0"
"unbounded_minus_v2","v6","maps","hfo-tvt","L->W","2"
"unbounded_minus_v2","v6","maps","hfo-tvt","L->D","0"
"unbounded_minus_v2","v6","maps","hfo-tvt","L->L","0"
"unbounded_minus_v2","v6","maps","pacific-heights","W->W","4"
"unbounded_minus_v2","v6","maps","pacific-heights","W->D","0"
"unbounded_minus_v2","v6","maps","pacific-heights","W->L","0"
"unbounded_minus_v2","v6","maps","pacific-heights","D->W","1"
"unbounded_minus_v2","v6","maps","pacific-heights","D->D","1"
"unbounded_minus_v2","v6","maps","pacific-heights","D->L","0"
"unbounded_minus_v2","v6","maps","pacific-heights","L->W","1"
"unbounded_minus_v2","v6","maps","pacific-heights","L->D","1"
"unbounded_minus_v2","v6","maps","pacific-heights","L->L","0"
"unbounded_minus_v2","v6","maps","peak","W->W","3"
"unbounded_minus_v2","v6","maps","peak","W->D","1"
"unbounded_minus_v2","v6","maps","peak","W->L","1"
"unbounded_minus_v2","v6","maps","peak","D->W","0"
"unbounded_minus_v2","v6","maps","peak","D->D","3"
"unbounded_minus_v2","v6","maps","peak","D->L","0"
"unbounded_minus_v2","v6","maps","peak","L->W","0"
"unbounded_minus_v2","v6","maps","peak","L->D","0"
"unbounded_minus_v2","v6","maps","peak","L->L","0"
"unbounded_minus_v2","v6","maps","south-pacific","W->W","0"
"unbounded_minus_v2","v6","maps","south-pacific","W->D","0"
"unbounded_minus_v2","v6","maps","south-pacific","W->L","0"
"unbounded_minus_v2","v6","maps","south-pacific","D->W","0"
"unbounded_minus_v2","v6","maps","south-pacific","D->D","6"
"unbounded_minus_v2","v6","maps","south-pacific","D->L","0"
"unbounded_minus_v2","v6","maps","south-pacific","L->W","0"
"unbounded_minus_v2","v6","maps","south-pacific","L->D","0"
"unbounded_minus_v2","v6","maps","south-pacific","L->L","2"
"unbounded_minus_v2","v6","maps","south-pacific-2","W->W","0"
"unbounded_minus_v2","v6","maps","south-pacific-2","W->D","0"
"unbounded_minus_v2","v6","maps","south-pacific-2","W->L","0"
"unbounded_minus_v2","v6","maps","south-pacific-2","D->W","1"
"unbounded_minus_v2","v6","maps","south-pacific-2","D->D","5"
"unbounded_minus_v2","v6","maps","south-pacific-2","D->L","1"
"unbounded_minus_v2","v6","maps","south-pacific-2","L->W","0"
"unbounded_minus_v2","v6","maps","south-pacific-2","L->D","0"
"unbounded_minus_v2","v6","maps","south-pacific-2","L->L","1"
"unbounded_minus_v2","v6","maps","tour-of-egypt","W->W","1"
"unbounded_minus_v2","v6","maps","tour-of-egypt","W->D","1"
"unbounded_minus_v2","v6","maps","tour-of-egypt","W->L","0"
"unbounded_minus_v2","v6","maps","tour-of-egypt","D->W","0"
"unbounded_minus_v2","v6","maps","tour-of-egypt","D->D","0"
"unbounded_minus_v2","v6","maps","tour-of-egypt","D->L","0"
"unbounded_minus_v2","v6","maps","tour-of-egypt","L->W","0"
"unbounded_minus_v2","v6","maps","tour-of-egypt","L->D","0"
"unbounded_minus_v2","v6","maps","tour-of-egypt","L->L","6"
"unbounded_minus_v2","v6","countries","Africans","W->W","14"
"unbounded_minus_v2","v6","countries","Africans","W->D","6"
"unbounded_minus_v2","v6","countries","Africans","W->L","1"
"unbounded_minus_v2","v6","countries","Africans","D->W","14"
"unbounded_minus_v2","v6","countries","Africans","D->D","43"
"unbounded_minus_v2","v6","countries","Africans","D->L","4"
"unbounded_minus_v2","v6","countries","Africans","L->W","1"
"unbounded_minus_v2","v6","countries","Africans","L->D","7"
"unbounded_minus_v2","v6","countries","Africans","L->L","10"
"unbounded_minus_v2","v6","countries","Americans","W->W","25"
"unbounded_minus_v2","v6","countries","Americans","W->D","2"
"unbounded_minus_v2","v6","countries","Americans","W->L","1"
"unbounded_minus_v2","v6","countries","Americans","D->W","8"
"unbounded_minus_v2","v6","countries","Americans","D->D","16"
"unbounded_minus_v2","v6","countries","Americans","D->L","7"
"unbounded_minus_v2","v6","countries","Americans","L->W","6"
"unbounded_minus_v2","v6","countries","Americans","L->D","2"
"unbounded_minus_v2","v6","countries","Americans","L->L","33"
"unbounded_minus_v2","v6","factions","Allied","W->W","25"
"unbounded_minus_v2","v6","factions","Allied","W->D","2"
"unbounded_minus_v2","v6","factions","Allied","W->L","1"
"unbounded_minus_v2","v6","factions","Allied","D->W","8"
"unbounded_minus_v2","v6","factions","Allied","D->D","16"
"unbounded_minus_v2","v6","factions","Allied","D->L","7"
"unbounded_minus_v2","v6","factions","Allied","L->W","6"
"unbounded_minus_v2","v6","factions","Allied","L->D","2"
"unbounded_minus_v2","v6","factions","Allied","L->L","33"
"unbounded_minus_v2","v6","factions","Soviet","W->W","14"
"unbounded_minus_v2","v6","factions","Soviet","W->D","6"
"unbounded_minus_v2","v6","factions","Soviet","W->L","1"
"unbounded_minus_v2","v6","factions","Soviet","D->W","14"
"unbounded_minus_v2","v6","factions","Soviet","D->D","43"
"unbounded_minus_v2","v6","factions","Soviet","D->L","4"
"unbounded_minus_v2","v6","factions","Soviet","L->W","1"
"unbounded_minus_v2","v6","factions","Soviet","L->D","7"
"unbounded_minus_v2","v6","factions","Soviet","L->L","10"
"unbounded_minus_v2","v6","slots","0","W->W","17"
"unbounded_minus_v2","v6","slots","0","W->D","4"
"unbounded_minus_v2","v6","slots","0","W->L","0"
"unbounded_minus_v2","v6","slots","0","D->W","10"
"unbounded_minus_v2","v6","slots","0","D->D","29"
"unbounded_minus_v2","v6","slots","0","D->L","5"
"unbounded_minus_v2","v6","slots","0","L->W","5"
"unbounded_minus_v2","v6","slots","0","L->D","5"
"unbounded_minus_v2","v6","slots","0","L->L","25"
"unbounded_minus_v2","v6","slots","1","W->W","22"
"unbounded_minus_v2","v6","slots","1","W->D","4"
"unbounded_minus_v2","v6","slots","1","W->L","2"
"unbounded_minus_v2","v6","slots","1","D->W","12"
"unbounded_minus_v2","v6","slots","1","D->D","30"
"unbounded_minus_v2","v6","slots","1","D->L","6"
"unbounded_minus_v2","v6","slots","1","L->W","2"
"unbounded_minus_v2","v6","slots","1","L->D","4"
"unbounded_minus_v2","v6","slots","1","L->L","18"
"unbounded_minus_v2","v6","directions","0","W->W","17"
"unbounded_minus_v2","v6","directions","0","W->D","2"
"unbounded_minus_v2","v6","directions","0","W->L","1"
"unbounded_minus_v2","v6","directions","0","D->W","6"
"unbounded_minus_v2","v6","directions","0","D->D","29"
"unbounded_minus_v2","v6","directions","0","D->L","7"
"unbounded_minus_v2","v6","directions","0","L->W","4"
"unbounded_minus_v2","v6","directions","0","L->D","6"
"unbounded_minus_v2","v6","directions","0","L->L","28"
"unbounded_minus_v2","v6","directions","1","W->W","22"
"unbounded_minus_v2","v6","directions","1","W->D","6"
"unbounded_minus_v2","v6","directions","1","W->L","1"
"unbounded_minus_v2","v6","directions","1","D->W","16"
"unbounded_minus_v2","v6","directions","1","D->D","30"
"unbounded_minus_v2","v6","directions","1","D->L","4"
"unbounded_minus_v2","v6","directions","1","L->W","3"
"unbounded_minus_v2","v6","directions","1","L->D","3"
"unbounded_minus_v2","v6","directions","1","L->L","15"
"unbounded_minus_v2","v6","countryDirection","Africans/0","W->W","9"
"unbounded_minus_v2","v6","countryDirection","Africans/0","W->D","2"
"unbounded_minus_v2","v6","countryDirection","Africans/0","W->L","0"
"unbounded_minus_v2","v6","countryDirection","Africans/0","D->W","5"
"unbounded_minus_v2","v6","countryDirection","Africans/0","D->D","21"
"unbounded_minus_v2","v6","countryDirection","Africans/0","D->L","3"
"unbounded_minus_v2","v6","countryDirection","Africans/0","L->W","1"
"unbounded_minus_v2","v6","countryDirection","Africans/0","L->D","4"
"unbounded_minus_v2","v6","countryDirection","Africans/0","L->L","5"
"unbounded_minus_v2","v6","countryDirection","Africans/1","W->W","5"
"unbounded_minus_v2","v6","countryDirection","Africans/1","W->D","4"
"unbounded_minus_v2","v6","countryDirection","Africans/1","W->L","1"
"unbounded_minus_v2","v6","countryDirection","Africans/1","D->W","9"
"unbounded_minus_v2","v6","countryDirection","Africans/1","D->D","22"
"unbounded_minus_v2","v6","countryDirection","Africans/1","D->L","1"
"unbounded_minus_v2","v6","countryDirection","Africans/1","L->W","0"
"unbounded_minus_v2","v6","countryDirection","Africans/1","L->D","3"
"unbounded_minus_v2","v6","countryDirection","Africans/1","L->L","5"
"unbounded_minus_v2","v6","countryDirection","Americans/0","W->W","8"
"unbounded_minus_v2","v6","countryDirection","Americans/0","W->D","0"
"unbounded_minus_v2","v6","countryDirection","Americans/0","W->L","1"
"unbounded_minus_v2","v6","countryDirection","Americans/0","D->W","1"
"unbounded_minus_v2","v6","countryDirection","Americans/0","D->D","8"
"unbounded_minus_v2","v6","countryDirection","Americans/0","D->L","4"
"unbounded_minus_v2","v6","countryDirection","Americans/0","L->W","3"
"unbounded_minus_v2","v6","countryDirection","Americans/0","L->D","2"
"unbounded_minus_v2","v6","countryDirection","Americans/0","L->L","23"
"unbounded_minus_v2","v6","countryDirection","Americans/1","W->W","17"
"unbounded_minus_v2","v6","countryDirection","Americans/1","W->D","2"
"unbounded_minus_v2","v6","countryDirection","Americans/1","W->L","0"
"unbounded_minus_v2","v6","countryDirection","Americans/1","D->W","7"
"unbounded_minus_v2","v6","countryDirection","Americans/1","D->D","8"
"unbounded_minus_v2","v6","countryDirection","Americans/1","D->L","3"
"unbounded_minus_v2","v6","countryDirection","Americans/1","L->W","3"
"unbounded_minus_v2","v6","countryDirection","Americans/1","L->D","0"
"unbounded_minus_v2","v6","countryDirection","Americans/1","L->L","10"
"unbounded_minus_v2","v6","opponentCountry","pinned_supalosa/Africans","W->W","12"
"unbounded_minus_v2","v6","opponentCountry","pinned_supalosa/Africans","W->D","4"
"unbounded_minus_v2","v6","opponentCountry","pinned_supalosa/Africans","W->L","1"
"unbounded_minus_v2","v6","opponentCountry","pinned_supalosa/Africans","D->W","7"
"unbounded_minus_v2","v6","opponentCountry","pinned_supalosa/Africans","D->D","18"
"unbounded_minus_v2","v6","opponentCountry","pinned_supalosa/Africans","D->L","3"
"unbounded_minus_v2","v6","opponentCountry","pinned_supalosa/Africans","L->W","1"
"unbounded_minus_v2","v6","opponentCountry","pinned_supalosa/Africans","L->D","4"
"unbounded_minus_v2","v6","opponentCountry","pinned_supalosa/Africans","L->L","10"
"unbounded_minus_v2","v6","opponentCountry","pinned_supalosa/Americans","W->W","15"
"unbounded_minus_v2","v6","opponentCountry","pinned_supalosa/Americans","W->D","2"
"unbounded_minus_v2","v6","opponentCountry","pinned_supalosa/Americans","W->L","0"
"unbounded_minus_v2","v6","opponentCountry","pinned_supalosa/Americans","D->W","5"
"unbounded_minus_v2","v6","opponentCountry","pinned_supalosa/Americans","D->D","14"
"unbounded_minus_v2","v6","opponentCountry","pinned_supalosa/Americans","D->L","3"
"unbounded_minus_v2","v6","opponentCountry","pinned_supalosa/Americans","L->W","1"
"unbounded_minus_v2","v6","opponentCountry","pinned_supalosa/Americans","L->D","2"
"unbounded_minus_v2","v6","opponentCountry","pinned_supalosa/Americans","L->L","18"
"unbounded_minus_v2","v6","opponentCountry","ra2web_advanced/Africans","W->W","2"
"unbounded_minus_v2","v6","opponentCountry","ra2web_advanced/Africans","W->D","2"
"unbounded_minus_v2","v6","opponentCountry","ra2web_advanced/Africans","W->L","0"
"unbounded_minus_v2","v6","opponentCountry","ra2web_advanced/Africans","D->W","7"
"unbounded_minus_v2","v6","opponentCountry","ra2web_advanced/Africans","D->D","25"
"unbounded_minus_v2","v6","opponentCountry","ra2web_advanced/Africans","D->L","1"
"unbounded_minus_v2","v6","opponentCountry","ra2web_advanced/Africans","L->W","0"
"unbounded_minus_v2","v6","opponentCountry","ra2web_advanced/Africans","L->D","3"
"unbounded_minus_v2","v6","opponentCountry","ra2web_advanced/Africans","L->L","0"
"unbounded_minus_v2","v6","opponentCountry","ra2web_advanced/Americans","W->W","10"
"unbounded_minus_v2","v6","opponentCountry","ra2web_advanced/Americans","W->D","0"
"unbounded_minus_v2","v6","opponentCountry","ra2web_advanced/Americans","W->L","1"
"unbounded_minus_v2","v6","opponentCountry","ra2web_advanced/Americans","D->W","3"
"unbounded_minus_v2","v6","opponentCountry","ra2web_advanced/Americans","D->D","2"
"unbounded_minus_v2","v6","opponentCountry","ra2web_advanced/Americans","D->L","4"
"unbounded_minus_v2","v6","opponentCountry","ra2web_advanced/Americans","L->W","5"
"unbounded_minus_v2","v6","opponentCountry","ra2web_advanced/Americans","L->D","0"
"unbounded_minus_v2","v6","opponentCountry","ra2web_advanced/Americans","L->L","15"
"unbounded_minus_v2","v6","opponentFaction","pinned_supalosa/Allied","W->W","15"
"unbounded_minus_v2","v6","opponentFaction","pinned_supalosa/Allied","W->D","2"
"unbounded_minus_v2","v6","opponentFaction","pinned_supalosa/Allied","W->L","0"
"unbounded_minus_v2","v6","opponentFaction","pinned_supalosa/Allied","D->W","5"
"unbounded_minus_v2","v6","opponentFaction","pinned_supalosa/Allied","D->D","14"
"unbounded_minus_v2","v6","opponentFaction","pinned_supalosa/Allied","D->L","3"
"unbounded_minus_v2","v6","opponentFaction","pinned_supalosa/Allied","L->W","1"
"unbounded_minus_v2","v6","opponentFaction","pinned_supalosa/Allied","L->D","2"
"unbounded_minus_v2","v6","opponentFaction","pinned_supalosa/Allied","L->L","18"
"unbounded_minus_v2","v6","opponentFaction","pinned_supalosa/Soviet","W->W","12"
"unbounded_minus_v2","v6","opponentFaction","pinned_supalosa/Soviet","W->D","4"
"unbounded_minus_v2","v6","opponentFaction","pinned_supalosa/Soviet","W->L","1"
"unbounded_minus_v2","v6","opponentFaction","pinned_supalosa/Soviet","D->W","7"
"unbounded_minus_v2","v6","opponentFaction","pinned_supalosa/Soviet","D->D","18"
"unbounded_minus_v2","v6","opponentFaction","pinned_supalosa/Soviet","D->L","3"
"unbounded_minus_v2","v6","opponentFaction","pinned_supalosa/Soviet","L->W","1"
"unbounded_minus_v2","v6","opponentFaction","pinned_supalosa/Soviet","L->D","4"
"unbounded_minus_v2","v6","opponentFaction","pinned_supalosa/Soviet","L->L","10"
"unbounded_minus_v2","v6","opponentFaction","ra2web_advanced/Allied","W->W","10"
"unbounded_minus_v2","v6","opponentFaction","ra2web_advanced/Allied","W->D","0"
"unbounded_minus_v2","v6","opponentFaction","ra2web_advanced/Allied","W->L","1"
"unbounded_minus_v2","v6","opponentFaction","ra2web_advanced/Allied","D->W","3"
"unbounded_minus_v2","v6","opponentFaction","ra2web_advanced/Allied","D->D","2"
"unbounded_minus_v2","v6","opponentFaction","ra2web_advanced/Allied","D->L","4"
"unbounded_minus_v2","v6","opponentFaction","ra2web_advanced/Allied","L->W","5"
"unbounded_minus_v2","v6","opponentFaction","ra2web_advanced/Allied","L->D","0"
"unbounded_minus_v2","v6","opponentFaction","ra2web_advanced/Allied","L->L","15"
"unbounded_minus_v2","v6","opponentFaction","ra2web_advanced/Soviet","W->W","2"
"unbounded_minus_v2","v6","opponentFaction","ra2web_advanced/Soviet","W->D","2"
"unbounded_minus_v2","v6","opponentFaction","ra2web_advanced/Soviet","W->L","0"
"unbounded_minus_v2","v6","opponentFaction","ra2web_advanced/Soviet","D->W","7"
"unbounded_minus_v2","v6","opponentFaction","ra2web_advanced/Soviet","D->D","25"
"unbounded_minus_v2","v6","opponentFaction","ra2web_advanced/Soviet","D->L","1"
"unbounded_minus_v2","v6","opponentFaction","ra2web_advanced/Soviet","L->W","0"
"unbounded_minus_v2","v6","opponentFaction","ra2web_advanced/Soviet","L->D","3"
"unbounded_minus_v2","v6","opponentFaction","ra2web_advanced/Soviet","L->L","0"
"unbounded_minus_v2","v6","opponentSlot","pinned_supalosa/0","W->W","10"
"unbounded_minus_v2","v6","opponentSlot","pinned_supalosa/0","W->D","3"
"unbounded_minus_v2","v6","opponentSlot","pinned_supalosa/0","W->L","0"
"unbounded_minus_v2","v6","opponentSlot","pinned_supalosa/0","D->W","5"
"unbounded_minus_v2","v6","opponentSlot","pinned_supalosa/0","D->D","15"
"unbounded_minus_v2","v6","opponentSlot","pinned_supalosa/0","D->L","3"
"unbounded_minus_v2","v6","opponentSlot","pinned_supalosa/0","L->W","2"
"unbounded_minus_v2","v6","opponentSlot","pinned_supalosa/0","L->D","4"
"unbounded_minus_v2","v6","opponentSlot","pinned_supalosa/0","L->L","18"
"unbounded_minus_v2","v6","opponentSlot","pinned_supalosa/1","W->W","17"
"unbounded_minus_v2","v6","opponentSlot","pinned_supalosa/1","W->D","3"
"unbounded_minus_v2","v6","opponentSlot","pinned_supalosa/1","W->L","1"
"unbounded_minus_v2","v6","opponentSlot","pinned_supalosa/1","D->W","7"
"unbounded_minus_v2","v6","opponentSlot","pinned_supalosa/1","D->D","17"
"unbounded_minus_v2","v6","opponentSlot","pinned_supalosa/1","D->L","3"
"unbounded_minus_v2","v6","opponentSlot","pinned_supalosa/1","L->W","0"
"unbounded_minus_v2","v6","opponentSlot","pinned_supalosa/1","L->D","2"
"unbounded_minus_v2","v6","opponentSlot","pinned_supalosa/1","L->L","10"
"unbounded_minus_v2","v6","opponentSlot","ra2web_advanced/0","W->W","7"
"unbounded_minus_v2","v6","opponentSlot","ra2web_advanced/0","W->D","1"
"unbounded_minus_v2","v6","opponentSlot","ra2web_advanced/0","W->L","0"
"unbounded_minus_v2","v6","opponentSlot","ra2web_advanced/0","D->W","5"
"unbounded_minus_v2","v6","opponentSlot","ra2web_advanced/0","D->D","14"
"unbounded_minus_v2","v6","opponentSlot","ra2web_advanced/0","D->L","2"
"unbounded_minus_v2","v6","opponentSlot","ra2web_advanced/0","L->W","3"
"unbounded_minus_v2","v6","opponentSlot","ra2web_advanced/0","L->D","1"
"unbounded_minus_v2","v6","opponentSlot","ra2web_advanced/0","L->L","7"
"unbounded_minus_v2","v6","opponentSlot","ra2web_advanced/1","W->W","5"
"unbounded_minus_v2","v6","opponentSlot","ra2web_advanced/1","W->D","1"
"unbounded_minus_v2","v6","opponentSlot","ra2web_advanced/1","W->L","1"
"unbounded_minus_v2","v6","opponentSlot","ra2web_advanced/1","D->W","5"
"unbounded_minus_v2","v6","opponentSlot","ra2web_advanced/1","D->D","13"
"unbounded_minus_v2","v6","opponentSlot","ra2web_advanced/1","D->L","3"
"unbounded_minus_v2","v6","opponentSlot","ra2web_advanced/1","L->W","2"
"unbounded_minus_v2","v6","opponentSlot","ra2web_advanced/1","L->D","2"
"unbounded_minus_v2","v6","opponentSlot","ra2web_advanced/1","L->L","8"
"unbounded_minus_v2","v6","opponentDirection","pinned_supalosa/0","W->W","13"
"unbounded_minus_v2","v6","opponentDirection","pinned_supalosa/0","W->D","1"
"unbounded_minus_v2","v6","opponentDirection","pinned_supalosa/0","W->L","0"
"unbounded_minus_v2","v6","opponentDirection","pinned_supalosa/0","D->W","4"
"unbounded_minus_v2","v6","opponentDirection","pinned_supalosa/0","D->D","18"
"unbounded_minus_v2","v6","opponentDirection","pinned_supalosa/0","D->L","5"
"unbounded_minus_v2","v6","opponentDirection","pinned_supalosa/0","L->W","1"
"unbounded_minus_v2","v6","opponentDirection","pinned_supalosa/0","L->D","3"
"unbounded_minus_v2","v6","opponentDirection","pinned_supalosa/0","L->L","15"
"unbounded_minus_v2","v6","opponentDirection","pinned_supalosa/1","W->W","14"
"unbounded_minus_v2","v6","opponentDirection","pinned_supalosa/1","W->D","5"
"unbounded_minus_v2","v6","opponentDirection","pinned_supalosa/1","W->L","1"
"unbounded_minus_v2","v6","opponentDirection","pinned_supalosa/1","D->W","8"
"unbounded_minus_v2","v6","opponentDirection","pinned_supalosa/1","D->D","14"
"unbounded_minus_v2","v6","opponentDirection","pinned_supalosa/1","D->L","1"
"unbounded_minus_v2","v6","opponentDirection","pinned_supalosa/1","L->W","1"
"unbounded_minus_v2","v6","opponentDirection","pinned_supalosa/1","L->D","3"
"unbounded_minus_v2","v6","opponentDirection","pinned_supalosa/1","L->L","13"
"unbounded_minus_v2","v6","opponentDirection","ra2web_advanced/0","W->W","4"
"unbounded_minus_v2","v6","opponentDirection","ra2web_advanced/0","W->D","1"
"unbounded_minus_v2","v6","opponentDirection","ra2web_advanced/0","W->L","1"
"unbounded_minus_v2","v6","opponentDirection","ra2web_advanced/0","D->W","2"
"unbounded_minus_v2","v6","opponentDirection","ra2web_advanced/0","D->D","11"
"unbounded_minus_v2","v6","opponentDirection","ra2web_advanced/0","D->L","2"
"unbounded_minus_v2","v6","opponentDirection","ra2web_advanced/0","L->W","3"
"unbounded_minus_v2","v6","opponentDirection","ra2web_advanced/0","L->D","3"
"unbounded_minus_v2","v6","opponentDirection","ra2web_advanced/0","L->L","13"
"unbounded_minus_v2","v6","opponentDirection","ra2web_advanced/1","W->W","8"
"unbounded_minus_v2","v6","opponentDirection","ra2web_advanced/1","W->D","1"
"unbounded_minus_v2","v6","opponentDirection","ra2web_advanced/1","W->L","0"
"unbounded_minus_v2","v6","opponentDirection","ra2web_advanced/1","D->W","8"
"unbounded_minus_v2","v6","opponentDirection","ra2web_advanced/1","D->D","16"
"unbounded_minus_v2","v6","opponentDirection","ra2web_advanced/1","D->L","3"
"unbounded_minus_v2","v6","opponentDirection","ra2web_advanced/1","L->W","2"
"unbounded_minus_v2","v6","opponentDirection","ra2web_advanced/1","L->D","0"
"unbounded_minus_v2","v6","opponentDirection","ra2web_advanced/1","L->L","2"
"unbounded_minus_v2","v6","opponentCountryDirection","pinned_supalosa/Africans/0","W->W","7"
"unbounded_minus_v2","v6","opponentCountryDirection","pinned_supalosa/Africans/0","W->D","1"
"unbounded_minus_v2","v6","opponentCountryDirection","pinned_supalosa/Africans/0","W->L","0"
"unbounded_minus_v2","v6","opponentCountryDirection","pinned_supalosa/Africans/0","D->W","3"
"unbounded_minus_v2","v6","opponentCountryDirection","pinned_supalosa/Africans/0","D->D","10"
"unbounded_minus_v2","v6","opponentCountryDirection","pinned_supalosa/Africans/0","D->L","2"
"unbounded_minus_v2","v6","opponentCountryDirection","pinned_supalosa/Africans/0","L->W","1"
"unbounded_minus_v2","v6","opponentCountryDirection","pinned_supalosa/Africans/0","L->D","1"
"unbounded_minus_v2","v6","opponentCountryDirection","pinned_supalosa/Africans/0","L->L","5"
"unbounded_minus_v2","v6","opponentCountryDirection","pinned_supalosa/Africans/1","W->W","5"
"unbounded_minus_v2","v6","opponentCountryDirection","pinned_supalosa/Africans/1","W->D","3"
"unbounded_minus_v2","v6","opponentCountryDirection","pinned_supalosa/Africans/1","W->L","1"
"unbounded_minus_v2","v6","opponentCountryDirection","pinned_supalosa/Africans/1","D->W","4"
"unbounded_minus_v2","v6","opponentCountryDirection","pinned_supalosa/Africans/1","D->D","8"
"unbounded_minus_v2","v6","opponentCountryDirection","pinned_supalosa/Africans/1","D->L","1"
"unbounded_minus_v2","v6","opponentCountryDirection","pinned_supalosa/Africans/1","L->W","0"
"unbounded_minus_v2","v6","opponentCountryDirection","pinned_supalosa/Africans/1","L->D","3"
"unbounded_minus_v2","v6","opponentCountryDirection","pinned_supalosa/Africans/1","L->L","5"
"unbounded_minus_v2","v6","opponentCountryDirection","pinned_supalosa/Americans/0","W->W","6"
"unbounded_minus_v2","v6","opponentCountryDirection","pinned_supalosa/Americans/0","W->D","0"
"unbounded_minus_v2","v6","opponentCountryDirection","pinned_supalosa/Americans/0","W->L","0"
"unbounded_minus_v2","v6","opponentCountryDirection","pinned_supalosa/Americans/0","D->W","1"
"unbounded_minus_v2","v6","opponentCountryDirection","pinned_supalosa/Americans/0","D->D","8"
"unbounded_minus_v2","v6","opponentCountryDirection","pinned_supalosa/Americans/0","D->L","3"
"unbounded_minus_v2","v6","opponentCountryDirection","pinned_supalosa/Americans/0","L->W","0"
"unbounded_minus_v2","v6","opponentCountryDirection","pinned_supalosa/Americans/0","L->D","2"
"unbounded_minus_v2","v6","opponentCountryDirection","pinned_supalosa/Americans/0","L->L","10"
"unbounded_minus_v2","v6","opponentCountryDirection","pinned_supalosa/Americans/1","W->W","9"
"unbounded_minus_v2","v6","opponentCountryDirection","pinned_supalosa/Americans/1","W->D","2"
"unbounded_minus_v2","v6","opponentCountryDirection","pinned_supalosa/Americans/1","W->L","0"
"unbounded_minus_v2","v6","opponentCountryDirection","pinned_supalosa/Americans/1","D->W","4"
"unbounded_minus_v2","v6","opponentCountryDirection","pinned_supalosa/Americans/1","D->D","6"
"unbounded_minus_v2","v6","opponentCountryDirection","pinned_supalosa/Americans/1","D->L","0"
"unbounded_minus_v2","v6","opponentCountryDirection","pinned_supalosa/Americans/1","L->W","1"
"unbounded_minus_v2","v6","opponentCountryDirection","pinned_supalosa/Americans/1","L->D","0"
"unbounded_minus_v2","v6","opponentCountryDirection","pinned_supalosa/Americans/1","L->L","8"
"unbounded_minus_v2","v6","opponentCountryDirection","ra2web_advanced/Africans/0","W->W","2"
"unbounded_minus_v2","v6","opponentCountryDirection","ra2web_advanced/Africans/0","W->D","1"
"unbounded_minus_v2","v6","opponentCountryDirection","ra2web_advanced/Africans/0","W->L","0"
"unbounded_minus_v2","v6","opponentCountryDirection","ra2web_advanced/Africans/0","D->W","2"
"unbounded_minus_v2","v6","opponentCountryDirection","ra2web_advanced/Africans/0","D->D","11"
"unbounded_minus_v2","v6","opponentCountryDirection","ra2web_advanced/Africans/0","D->L","1"
"unbounded_minus_v2","v6","opponentCountryDirection","ra2web_advanced/Africans/0","L->W","0"
"unbounded_minus_v2","v6","opponentCountryDirection","ra2web_advanced/Africans/0","L->D","3"
"unbounded_minus_v2","v6","opponentCountryDirection","ra2web_advanced/Africans/0","L->L","0"
"unbounded_minus_v2","v6","opponentCountryDirection","ra2web_advanced/Africans/1","W->W","0"
"unbounded_minus_v2","v6","opponentCountryDirection","ra2web_advanced/Africans/1","W->D","1"
"unbounded_minus_v2","v6","opponentCountryDirection","ra2web_advanced/Africans/1","W->L","0"
"unbounded_minus_v2","v6","opponentCountryDirection","ra2web_advanced/Africans/1","D->W","5"
"unbounded_minus_v2","v6","opponentCountryDirection","ra2web_advanced/Africans/1","D->D","14"
"unbounded_minus_v2","v6","opponentCountryDirection","ra2web_advanced/Africans/1","D->L","0"
"unbounded_minus_v2","v6","opponentCountryDirection","ra2web_advanced/Africans/1","L->W","0"
"unbounded_minus_v2","v6","opponentCountryDirection","ra2web_advanced/Africans/1","L->D","0"
"unbounded_minus_v2","v6","opponentCountryDirection","ra2web_advanced/Africans/1","L->L","0"
"unbounded_minus_v2","v6","opponentCountryDirection","ra2web_advanced/Americans/0","W->W","2"
"unbounded_minus_v2","v6","opponentCountryDirection","ra2web_advanced/Americans/0","W->D","0"
"unbounded_minus_v2","v6","opponentCountryDirection","ra2web_advanced/Americans/0","W->L","1"
"unbounded_minus_v2","v6","opponentCountryDirection","ra2web_advanced/Americans/0","D->W","0"
"unbounded_minus_v2","v6","opponentCountryDirection","ra2web_advanced/Americans/0","D->D","0"
"unbounded_minus_v2","v6","opponentCountryDirection","ra2web_advanced/Americans/0","D->L","1"
"unbounded_minus_v2","v6","opponentCountryDirection","ra2web_advanced/Americans/0","L->W","3"
"unbounded_minus_v2","v6","opponentCountryDirection","ra2web_advanced/Americans/0","L->D","0"
"unbounded_minus_v2","v6","opponentCountryDirection","ra2web_advanced/Americans/0","L->L","13"
"unbounded_minus_v2","v6","opponentCountryDirection","ra2web_advanced/Americans/1","W->W","8"
"unbounded_minus_v2","v6","opponentCountryDirection","ra2web_advanced/Americans/1","W->D","0"
"unbounded_minus_v2","v6","opponentCountryDirection","ra2web_advanced/Americans/1","W->L","0"
"unbounded_minus_v2","v6","opponentCountryDirection","ra2web_advanced/Americans/1","D->W","3"
"unbounded_minus_v2","v6","opponentCountryDirection","ra2web_advanced/Americans/1","D->D","2"
"unbounded_minus_v2","v6","opponentCountryDirection","ra2web_advanced/Americans/1","D->L","3"
"unbounded_minus_v2","v6","opponentCountryDirection","ra2web_advanced/Americans/1","L->W","2"
"unbounded_minus_v2","v6","opponentCountryDirection","ra2web_advanced/Americans/1","L->D","0"
"unbounded_minus_v2","v6","opponentCountryDirection","ra2web_advanced/Americans/1","L->L","2"
"unbounded_minus_v2","v5","populations","overall","W->W","39"
"unbounded_minus_v2","v5","populations","overall","W->D","8"
"unbounded_minus_v2","v5","populations","overall","W->L","2"
"unbounded_minus_v2","v5","populations","overall","D->W","21"
"unbounded_minus_v2","v5","populations","overall","D->D","60"
"unbounded_minus_v2","v5","populations","overall","D->L","11"
"unbounded_minus_v2","v5","populations","overall","L->W","7"
"unbounded_minus_v2","v5","populations","overall","L->D","9"
"unbounded_minus_v2","v5","populations","overall","L->L","43"
"unbounded_minus_v2","v5","populations","supalosa","W->W","27"
"unbounded_minus_v2","v5","populations","supalosa","W->D","6"
"unbounded_minus_v2","v5","populations","supalosa","W->L","1"
"unbounded_minus_v2","v5","populations","supalosa","D->W","11"
"unbounded_minus_v2","v5","populations","supalosa","D->D","33"
"unbounded_minus_v2","v5","populations","supalosa","D->L","6"
"unbounded_minus_v2","v5","populations","supalosa","L->W","2"
"unbounded_minus_v2","v5","populations","supalosa","L->D","6"
"unbounded_minus_v2","v5","populations","supalosa","L->L","28"
"unbounded_minus_v2","v5","populations","advanced","W->W","12"
"unbounded_minus_v2","v5","populations","advanced","W->D","2"
"unbounded_minus_v2","v5","populations","advanced","W->L","1"
"unbounded_minus_v2","v5","populations","advanced","D->W","10"
"unbounded_minus_v2","v5","populations","advanced","D->D","27"
"unbounded_minus_v2","v5","populations","advanced","D->L","5"
"unbounded_minus_v2","v5","populations","advanced","L->W","5"
"unbounded_minus_v2","v5","populations","advanced","L->D","3"
"unbounded_minus_v2","v5","populations","advanced","L->L","15"
"unbounded_minus_v2","v5","strata","pinned_supalosa__hfo-bvb","W->W","3"
"unbounded_minus_v2","v5","strata","pinned_supalosa__hfo-bvb","W->D","0"
"unbounded_minus_v2","v5","strata","pinned_supalosa__hfo-bvb","W->L","0"
"unbounded_minus_v2","v5","strata","pinned_supalosa__hfo-bvb","D->W","0"
"unbounded_minus_v2","v5","strata","pinned_supalosa__hfo-bvb","D->D","0"
"unbounded_minus_v2","v5","strata","pinned_supalosa__hfo-bvb","D->L","0"
"unbounded_minus_v2","v5","strata","pinned_supalosa__hfo-bvb","L->W","0"
"unbounded_minus_v2","v5","strata","pinned_supalosa__hfo-bvb","L->D","2"
"unbounded_minus_v2","v5","strata","pinned_supalosa__hfo-bvb","L->L","3"
"unbounded_minus_v2","v5","strata","pinned_supalosa__hfo-corners","W->W","2"
"unbounded_minus_v2","v5","strata","pinned_supalosa__hfo-corners","W->D","0"
"unbounded_minus_v2","v5","strata","pinned_supalosa__hfo-corners","W->L","0"
"unbounded_minus_v2","v5","strata","pinned_supalosa__hfo-corners","D->W","1"
"unbounded_minus_v2","v5","strata","pinned_supalosa__hfo-corners","D->D","2"
"unbounded_minus_v2","v5","strata","pinned_supalosa__hfo-corners","D->L","2"
"unbounded_minus_v2","v5","strata","pinned_supalosa__hfo-corners","L->W","0"
"unbounded_minus_v2","v5","strata","pinned_supalosa__hfo-corners","L->D","0"
"unbounded_minus_v2","v5","strata","pinned_supalosa__hfo-corners","L->L","1"
"unbounded_minus_v2","v5","strata","pinned_supalosa__hfo-corners-b","W->W","1"
"unbounded_minus_v2","v5","strata","pinned_supalosa__hfo-corners-b","W->D","0"
"unbounded_minus_v2","v5","strata","pinned_supalosa__hfo-corners-b","W->L","0"
"unbounded_minus_v2","v5","strata","pinned_supalosa__hfo-corners-b","D->W","2"
"unbounded_minus_v2","v5","strata","pinned_supalosa__hfo-corners-b","D->D","2"
"unbounded_minus_v2","v5","strata","pinned_supalosa__hfo-corners-b","D->L","1"
"unbounded_minus_v2","v5","strata","pinned_supalosa__hfo-corners-b","L->W","0"
"unbounded_minus_v2","v5","strata","pinned_supalosa__hfo-corners-b","L->D","0"
"unbounded_minus_v2","v5","strata","pinned_supalosa__hfo-corners-b","L->L","2"
"unbounded_minus_v2","v5","strata","pinned_supalosa__hfo-corners-b-golden","W->W","2"
"unbounded_minus_v2","v5","strata","pinned_supalosa__hfo-corners-b-golden","W->D","0"
"unbounded_minus_v2","v5","strata","pinned_supalosa__hfo-corners-b-golden","W->L","0"
"unbounded_minus_v2","v5","strata","pinned_supalosa__hfo-corners-b-golden","D->W","1"
"unbounded_minus_v2","v5","strata","pinned_supalosa__hfo-corners-b-golden","D->D","0"
"unbounded_minus_v2","v5","strata","pinned_supalosa__hfo-corners-b-golden","D->L","0"
"unbounded_minus_v2","v5","strata","pinned_supalosa__hfo-corners-b-golden","L->W","1"
"unbounded_minus_v2","v5","strata","pinned_supalosa__hfo-corners-b-golden","L->D","2"
"unbounded_minus_v2","v5","strata","pinned_supalosa__hfo-corners-b-golden","L->L","2"
"unbounded_minus_v2","v5","strata","pinned_supalosa__hfo-golden","W->W","2"
"unbounded_minus_v2","v5","strata","pinned_supalosa__hfo-golden","W->D","1"
"unbounded_minus_v2","v5","strata","pinned_supalosa__hfo-golden","W->L","0"
"unbounded_minus_v2","v5","strata","pinned_supalosa__hfo-golden","D->W","1"
"unbounded_minus_v2","v5","strata","pinned_supalosa__hfo-golden","D->D","0"
"unbounded_minus_v2","v5","strata","pinned_supalosa__hfo-golden","D->L","1"
"unbounded_minus_v2","v5","strata","pinned_supalosa__hfo-golden","L->W","0"
"unbounded_minus_v2","v5","strata","pinned_supalosa__hfo-golden","L->D","1"
"unbounded_minus_v2","v5","strata","pinned_supalosa__hfo-golden","L->L","2"
"unbounded_minus_v2","v5","strata","pinned_supalosa__hfo-le","W->W","1"
"unbounded_minus_v2","v5","strata","pinned_supalosa__hfo-le","W->D","1"
"unbounded_minus_v2","v5","strata","pinned_supalosa__hfo-le","W->L","0"
"unbounded_minus_v2","v5","strata","pinned_supalosa__hfo-le","D->W","2"
"unbounded_minus_v2","v5","strata","pinned_supalosa__hfo-le","D->D","2"
"unbounded_minus_v2","v5","strata","pinned_supalosa__hfo-le","D->L","0"
"unbounded_minus_v2","v5","strata","pinned_supalosa__hfo-le","L->W","0"
"unbounded_minus_v2","v5","strata","pinned_supalosa__hfo-le","L->D","0"
"unbounded_minus_v2","v5","strata","pinned_supalosa__hfo-le","L->L","2"
"unbounded_minus_v2","v5","strata","pinned_supalosa__hfo-lvl","W->W","3"
"unbounded_minus_v2","v5","strata","pinned_supalosa__hfo-lvl","W->D","1"
"unbounded_minus_v2","v5","strata","pinned_supalosa__hfo-lvl","W->L","0"
"unbounded_minus_v2","v5","strata","pinned_supalosa__hfo-lvl","D->W","0"
"unbounded_minus_v2","v5","strata","pinned_supalosa__hfo-lvl","D->D","0"
"unbounded_minus_v2","v5","strata","pinned_supalosa__hfo-lvl","D->L","1"
"unbounded_minus_v2","v5","strata","pinned_supalosa__hfo-lvl","L->W","0"
"unbounded_minus_v2","v5","strata","pinned_supalosa__hfo-lvl","L->D","0"
"unbounded_minus_v2","v5","strata","pinned_supalosa__hfo-lvl","L->L","3"
"unbounded_minus_v2","v5","strata","pinned_supalosa__hfo-original","W->W","2"
"unbounded_minus_v2","v5","strata","pinned_supalosa__hfo-original","W->D","0"
"unbounded_minus_v2","v5","strata","pinned_supalosa__hfo-original","W->L","0"
"unbounded_minus_v2","v5","strata","pinned_supalosa__hfo-original","D->W","1"
"unbounded_minus_v2","v5","strata","pinned_supalosa__hfo-original","D->D","2"
"unbounded_minus_v2","v5","strata","pinned_supalosa__hfo-original","D->L","0"
"unbounded_minus_v2","v5","strata","pinned_supalosa__hfo-original","L->W","0"
"unbounded_minus_v2","v5","strata","pinned_supalosa__hfo-original","L->D","0"
"unbounded_minus_v2","v5","strata","pinned_supalosa__hfo-original","L->L","3"
"unbounded_minus_v2","v5","strata","pinned_supalosa__hfo-rvr","W->W","1"
"unbounded_minus_v2","v5","strata","pinned_supalosa__hfo-rvr","W->D","0"
"unbounded_minus_v2","v5","strata","pinned_supalosa__hfo-rvr","W->L","0"
"unbounded_minus_v2","v5","strata","pinned_supalosa__hfo-rvr","D->W","1"
"unbounded_minus_v2","v5","strata","pinned_supalosa__hfo-rvr","D->D","5"
"unbounded_minus_v2","v5","strata","pinned_supalosa__hfo-rvr","D->L","0"
"unbounded_minus_v2","v5","strata","pinned_supalosa__hfo-rvr","L->W","0"
"unbounded_minus_v2","v5","strata","pinned_supalosa__hfo-rvr","L->D","0"
"unbounded_minus_v2","v5","strata","pinned_supalosa__hfo-rvr","L->L","1"
"unbounded_minus_v2","v5","strata","pinned_supalosa__hfo-tvt","W->W","2"
"unbounded_minus_v2","v5","strata","pinned_supalosa__hfo-tvt","W->D","1"
"unbounded_minus_v2","v5","strata","pinned_supalosa__hfo-tvt","W->L","0"
"unbounded_minus_v2","v5","strata","pinned_supalosa__hfo-tvt","D->W","1"
"unbounded_minus_v2","v5","strata","pinned_supalosa__hfo-tvt","D->D","4"
"unbounded_minus_v2","v5","strata","pinned_supalosa__hfo-tvt","D->L","0"
"unbounded_minus_v2","v5","strata","pinned_supalosa__hfo-tvt","L->W","0"
"unbounded_minus_v2","v5","strata","pinned_supalosa__hfo-tvt","L->D","0"
"unbounded_minus_v2","v5","strata","pinned_supalosa__hfo-tvt","L->L","0"
"unbounded_minus_v2","v5","strata","pinned_supalosa__pacific-heights","W->W","4"
"unbounded_minus_v2","v5","strata","pinned_supalosa__pacific-heights","W->D","0"
"unbounded_minus_v2","v5","strata","pinned_supalosa__pacific-heights","W->L","0"
"unbounded_minus_v2","v5","strata","pinned_supalosa__pacific-heights","D->W","1"
"unbounded_minus_v2","v5","strata","pinned_supalosa__pacific-heights","D->D","1"
"unbounded_minus_v2","v5","strata","pinned_supalosa__pacific-heights","D->L","0"
"unbounded_minus_v2","v5","strata","pinned_supalosa__pacific-heights","L->W","1"
"unbounded_minus_v2","v5","strata","pinned_supalosa__pacific-heights","L->D","1"
"unbounded_minus_v2","v5","strata","pinned_supalosa__pacific-heights","L->L","0"
"unbounded_minus_v2","v5","strata","pinned_supalosa__peak","W->W","3"
"unbounded_minus_v2","v5","strata","pinned_supalosa__peak","W->D","1"
"unbounded_minus_v2","v5","strata","pinned_supalosa__peak","W->L","1"
"unbounded_minus_v2","v5","strata","pinned_supalosa__peak","D->W","0"
"unbounded_minus_v2","v5","strata","pinned_supalosa__peak","D->D","3"
"unbounded_minus_v2","v5","strata","pinned_supalosa__peak","D->L","0"
"unbounded_minus_v2","v5","strata","pinned_supalosa__peak","L->W","0"
"unbounded_minus_v2","v5","strata","pinned_supalosa__peak","L->D","0"
"unbounded_minus_v2","v5","strata","pinned_supalosa__peak","L->L","0"
"unbounded_minus_v2","v5","strata","pinned_supalosa__south-pacific","W->W","0"
"unbounded_minus_v2","v5","strata","pinned_supalosa__south-pacific","W->D","0"
"unbounded_minus_v2","v5","strata","pinned_supalosa__south-pacific","W->L","0"
"unbounded_minus_v2","v5","strata","pinned_supalosa__south-pacific","D->W","0"
"unbounded_minus_v2","v5","strata","pinned_supalosa__south-pacific","D->D","6"
"unbounded_minus_v2","v5","strata","pinned_supalosa__south-pacific","D->L","0"
"unbounded_minus_v2","v5","strata","pinned_supalosa__south-pacific","L->W","0"
"unbounded_minus_v2","v5","strata","pinned_supalosa__south-pacific","L->D","0"
"unbounded_minus_v2","v5","strata","pinned_supalosa__south-pacific","L->L","2"
"unbounded_minus_v2","v5","strata","pinned_supalosa__south-pacific-2","W->W","0"
"unbounded_minus_v2","v5","strata","pinned_supalosa__south-pacific-2","W->D","0"
"unbounded_minus_v2","v5","strata","pinned_supalosa__south-pacific-2","W->L","0"
"unbounded_minus_v2","v5","strata","pinned_supalosa__south-pacific-2","D->W","0"
"unbounded_minus_v2","v5","strata","pinned_supalosa__south-pacific-2","D->D","6"
"unbounded_minus_v2","v5","strata","pinned_supalosa__south-pacific-2","D->L","1"
"unbounded_minus_v2","v5","strata","pinned_supalosa__south-pacific-2","L->W","0"
"unbounded_minus_v2","v5","strata","pinned_supalosa__south-pacific-2","L->D","0"
"unbounded_minus_v2","v5","strata","pinned_supalosa__south-pacific-2","L->L","1"
"unbounded_minus_v2","v5","strata","pinned_supalosa__tour-of-egypt","W->W","1"
"unbounded_minus_v2","v5","strata","pinned_supalosa__tour-of-egypt","W->D","1"
"unbounded_minus_v2","v5","strata","pinned_supalosa__tour-of-egypt","W->L","0"
"unbounded_minus_v2","v5","strata","pinned_supalosa__tour-of-egypt","D->W","0"
"unbounded_minus_v2","v5","strata","pinned_supalosa__tour-of-egypt","D->D","0"
"unbounded_minus_v2","v5","strata","pinned_supalosa__tour-of-egypt","D->L","0"
"unbounded_minus_v2","v5","strata","pinned_supalosa__tour-of-egypt","L->W","0"
"unbounded_minus_v2","v5","strata","pinned_supalosa__tour-of-egypt","L->D","0"
"unbounded_minus_v2","v5","strata","pinned_supalosa__tour-of-egypt","L->L","6"
"unbounded_minus_v2","v5","strata","ra2web_advanced__hfo-bvb","W->W","1"
"unbounded_minus_v2","v5","strata","ra2web_advanced__hfo-bvb","W->D","0"
"unbounded_minus_v2","v5","strata","ra2web_advanced__hfo-bvb","W->L","0"
"unbounded_minus_v2","v5","strata","ra2web_advanced__hfo-bvb","D->W","2"
"unbounded_minus_v2","v5","strata","ra2web_advanced__hfo-bvb","D->D","1"
"unbounded_minus_v2","v5","strata","ra2web_advanced__hfo-bvb","D->L","1"
"unbounded_minus_v2","v5","strata","ra2web_advanced__hfo-bvb","L->W","0"
"unbounded_minus_v2","v5","strata","ra2web_advanced__hfo-bvb","L->D","1"
"unbounded_minus_v2","v5","strata","ra2web_advanced__hfo-bvb","L->L","2"
"unbounded_minus_v2","v5","strata","ra2web_advanced__hfo-corners","W->W","1"
"unbounded_minus_v2","v5","strata","ra2web_advanced__hfo-corners","W->D","0"
"unbounded_minus_v2","v5","strata","ra2web_advanced__hfo-corners","W->L","0"
"unbounded_minus_v2","v5","strata","ra2web_advanced__hfo-corners","D->W","1"
"unbounded_minus_v2","v5","strata","ra2web_advanced__hfo-corners","D->D","4"
"unbounded_minus_v2","v5","strata","ra2web_advanced__hfo-corners","D->L","0"
"unbounded_minus_v2","v5","strata","ra2web_advanced__hfo-corners","L->W","0"
"unbounded_minus_v2","v5","strata","ra2web_advanced__hfo-corners","L->D","0"
"unbounded_minus_v2","v5","strata","ra2web_advanced__hfo-corners","L->L","2"
"unbounded_minus_v2","v5","strata","ra2web_advanced__hfo-corners-b","W->W","1"
"unbounded_minus_v2","v5","strata","ra2web_advanced__hfo-corners-b","W->D","0"
"unbounded_minus_v2","v5","strata","ra2web_advanced__hfo-corners-b","W->L","1"
"unbounded_minus_v2","v5","strata","ra2web_advanced__hfo-corners-b","D->W","1"
"unbounded_minus_v2","v5","strata","ra2web_advanced__hfo-corners-b","D->D","5"
"unbounded_minus_v2","v5","strata","ra2web_advanced__hfo-corners-b","D->L","0"
"unbounded_minus_v2","v5","strata","ra2web_advanced__hfo-corners-b","L->W","0"
"unbounded_minus_v2","v5","strata","ra2web_advanced__hfo-corners-b","L->D","0"
"unbounded_minus_v2","v5","strata","ra2web_advanced__hfo-corners-b","L->L","0"
"unbounded_minus_v2","v5","strata","ra2web_advanced__hfo-corners-b-golden","W->W","0"
"unbounded_minus_v2","v5","strata","ra2web_advanced__hfo-corners-b-golden","W->D","1"
"unbounded_minus_v2","v5","strata","ra2web_advanced__hfo-corners-b-golden","W->L","0"
"unbounded_minus_v2","v5","strata","ra2web_advanced__hfo-corners-b-golden","D->W","0"
"unbounded_minus_v2","v5","strata","ra2web_advanced__hfo-corners-b-golden","D->D","3"
"unbounded_minus_v2","v5","strata","ra2web_advanced__hfo-corners-b-golden","D->L","0"
"unbounded_minus_v2","v5","strata","ra2web_advanced__hfo-corners-b-golden","L->W","2"
"unbounded_minus_v2","v5","strata","ra2web_advanced__hfo-corners-b-golden","L->D","0"
"unbounded_minus_v2","v5","strata","ra2web_advanced__hfo-corners-b-golden","L->L","2"
"unbounded_minus_v2","v5","strata","ra2web_advanced__hfo-golden","W->W","2"
"unbounded_minus_v2","v5","strata","ra2web_advanced__hfo-golden","W->D","0"
"unbounded_minus_v2","v5","strata","ra2web_advanced__hfo-golden","W->L","0"
"unbounded_minus_v2","v5","strata","ra2web_advanced__hfo-golden","D->W","1"
"unbounded_minus_v2","v5","strata","ra2web_advanced__hfo-golden","D->D","2"
"unbounded_minus_v2","v5","strata","ra2web_advanced__hfo-golden","D->L","0"
"unbounded_minus_v2","v5","strata","ra2web_advanced__hfo-golden","L->W","1"
"unbounded_minus_v2","v5","strata","ra2web_advanced__hfo-golden","L->D","1"
"unbounded_minus_v2","v5","strata","ra2web_advanced__hfo-golden","L->L","1"
"unbounded_minus_v2","v5","strata","ra2web_advanced__hfo-le","W->W","2"
"unbounded_minus_v2","v5","strata","ra2web_advanced__hfo-le","W->D","0"
"unbounded_minus_v2","v5","strata","ra2web_advanced__hfo-le","W->L","0"
"unbounded_minus_v2","v5","strata","ra2web_advanced__hfo-le","D->W","0"
"unbounded_minus_v2","v5","strata","ra2web_advanced__hfo-le","D->D","2"
"unbounded_minus_v2","v5","strata","ra2web_advanced__hfo-le","D->L","2"
"unbounded_minus_v2","v5","strata","ra2web_advanced__hfo-le","L->W","0"
"unbounded_minus_v2","v5","strata","ra2web_advanced__hfo-le","L->D","0"
"unbounded_minus_v2","v5","strata","ra2web_advanced__hfo-le","L->L","2"
"unbounded_minus_v2","v5","strata","ra2web_advanced__hfo-lvl","W->W","2"
"unbounded_minus_v2","v5","strata","ra2web_advanced__hfo-lvl","W->D","0"
"unbounded_minus_v2","v5","strata","ra2web_advanced__hfo-lvl","W->L","0"
"unbounded_minus_v2","v5","strata","ra2web_advanced__hfo-lvl","D->W","0"
"unbounded_minus_v2","v5","strata","ra2web_advanced__hfo-lvl","D->D","3"
"unbounded_minus_v2","v5","strata","ra2web_advanced__hfo-lvl","D->L","1"
"unbounded_minus_v2","v5","strata","ra2web_advanced__hfo-lvl","L->W","0"
"unbounded_minus_v2","v5","strata","ra2web_advanced__hfo-lvl","L->D","0"
"unbounded_minus_v2","v5","strata","ra2web_advanced__hfo-lvl","L->L","2"
"unbounded_minus_v2","v5","strata","ra2web_advanced__hfo-original","W->W","2"
"unbounded_minus_v2","v5","strata","ra2web_advanced__hfo-original","W->D","0"
"unbounded_minus_v2","v5","strata","ra2web_advanced__hfo-original","W->L","0"
"unbounded_minus_v2","v5","strata","ra2web_advanced__hfo-original","D->W","2"
"unbounded_minus_v2","v5","strata","ra2web_advanced__hfo-original","D->D","1"
"unbounded_minus_v2","v5","strata","ra2web_advanced__hfo-original","D->L","0"
"unbounded_minus_v2","v5","strata","ra2web_advanced__hfo-original","L->W","0"
"unbounded_minus_v2","v5","strata","ra2web_advanced__hfo-original","L->D","1"
"unbounded_minus_v2","v5","strata","ra2web_advanced__hfo-original","L->L","2"
"unbounded_minus_v2","v5","strata","ra2web_advanced__hfo-rvr","W->W","0"
"unbounded_minus_v2","v5","strata","ra2web_advanced__hfo-rvr","W->D","0"
"unbounded_minus_v2","v5","strata","ra2web_advanced__hfo-rvr","W->L","0"
"unbounded_minus_v2","v5","strata","ra2web_advanced__hfo-rvr","D->W","0"
"unbounded_minus_v2","v5","strata","ra2web_advanced__hfo-rvr","D->D","5"
"unbounded_minus_v2","v5","strata","ra2web_advanced__hfo-rvr","D->L","1"
"unbounded_minus_v2","v5","strata","ra2web_advanced__hfo-rvr","L->W","0"
"unbounded_minus_v2","v5","strata","ra2web_advanced__hfo-rvr","L->D","0"
"unbounded_minus_v2","v5","strata","ra2web_advanced__hfo-rvr","L->L","2"
"unbounded_minus_v2","v5","strata","ra2web_advanced__hfo-tvt","W->W","1"
"unbounded_minus_v2","v5","strata","ra2web_advanced__hfo-tvt","W->D","1"
"unbounded_minus_v2","v5","strata","ra2web_advanced__hfo-tvt","W->L","0"
"unbounded_minus_v2","v5","strata","ra2web_advanced__hfo-tvt","D->W","3"
"unbounded_minus_v2","v5","strata","ra2web_advanced__hfo-tvt","D->D","1"
"unbounded_minus_v2","v5","strata","ra2web_advanced__hfo-tvt","D->L","0"
"unbounded_minus_v2","v5","strata","ra2web_advanced__hfo-tvt","L->W","2"
"unbounded_minus_v2","v5","strata","ra2web_advanced__hfo-tvt","L->D","0"
"unbounded_minus_v2","v5","strata","ra2web_advanced__hfo-tvt","L->L","0"
"unbounded_minus_v2","v5","maps","hfo-bvb","W->W","4"
"unbounded_minus_v2","v5","maps","hfo-bvb","W->D","0"
"unbounded_minus_v2","v5","maps","hfo-bvb","W->L","0"
"unbounded_minus_v2","v5","maps","hfo-bvb","D->W","2"
"unbounded_minus_v2","v5","maps","hfo-bvb","D->D","1"
"unbounded_minus_v2","v5","maps","hfo-bvb","D->L","1"
"unbounded_minus_v2","v5","maps","hfo-bvb","L->W","0"
"unbounded_minus_v2","v5","maps","hfo-bvb","L->D","3"
"unbounded_minus_v2","v5","maps","hfo-bvb","L->L","5"
"unbounded_minus_v2","v5","maps","hfo-corners","W->W","3"
"unbounded_minus_v2","v5","maps","hfo-corners","W->D","0"
"unbounded_minus_v2","v5","maps","hfo-corners","W->L","0"
"unbounded_minus_v2","v5","maps","hfo-corners","D->W","2"
"unbounded_minus_v2","v5","maps","hfo-corners","D->D","6"
"unbounded_minus_v2","v5","maps","hfo-corners","D->L","2"
"unbounded_minus_v2","v5","maps","hfo-corners","L->W","0"
"unbounded_minus_v2","v5","maps","hfo-corners","L->D","0"
"unbounded_minus_v2","v5","maps","hfo-corners","L->L","3"
"unbounded_minus_v2","v5","maps","hfo-corners-b","W->W","2"
"unbounded_minus_v2","v5","maps","hfo-corners-b","W->D","0"
"unbounded_minus_v2","v5","maps","hfo-corners-b","W->L","1"
"unbounded_minus_v2","v5","maps","hfo-corners-b","D->W","3"
"unbounded_minus_v2","v5","maps","hfo-corners-b","D->D","7"
"unbounded_minus_v2","v5","maps","hfo-corners-b","D->L","1"
"unbounded_minus_v2","v5","maps","hfo-corners-b","L->W","0"
"unbounded_minus_v2","v5","maps","hfo-corners-b","L->D","0"
"unbounded_minus_v2","v5","maps","hfo-corners-b","L->L","2"
"unbounded_minus_v2","v5","maps","hfo-corners-b-golden","W->W","2"
"unbounded_minus_v2","v5","maps","hfo-corners-b-golden","W->D","1"
"unbounded_minus_v2","v5","maps","hfo-corners-b-golden","W->L","0"
"unbounded_minus_v2","v5","maps","hfo-corners-b-golden","D->W","1"
"unbounded_minus_v2","v5","maps","hfo-corners-b-golden","D->D","3"
"unbounded_minus_v2","v5","maps","hfo-corners-b-golden","D->L","0"
"unbounded_minus_v2","v5","maps","hfo-corners-b-golden","L->W","3"
"unbounded_minus_v2","v5","maps","hfo-corners-b-golden","L->D","2"
"unbounded_minus_v2","v5","maps","hfo-corners-b-golden","L->L","4"
"unbounded_minus_v2","v5","maps","hfo-golden","W->W","4"
"unbounded_minus_v2","v5","maps","hfo-golden","W->D","1"
"unbounded_minus_v2","v5","maps","hfo-golden","W->L","0"
"unbounded_minus_v2","v5","maps","hfo-golden","D->W","2"
"unbounded_minus_v2","v5","maps","hfo-golden","D->D","2"
"unbounded_minus_v2","v5","maps","hfo-golden","D->L","1"
"unbounded_minus_v2","v5","maps","hfo-golden","L->W","1"
"unbounded_minus_v2","v5","maps","hfo-golden","L->D","2"
"unbounded_minus_v2","v5","maps","hfo-golden","L->L","3"
"unbounded_minus_v2","v5","maps","hfo-le","W->W","3"
"unbounded_minus_v2","v5","maps","hfo-le","W->D","1"
"unbounded_minus_v2","v5","maps","hfo-le","W->L","0"
"unbounded_minus_v2","v5","maps","hfo-le","D->W","2"
"unbounded_minus_v2","v5","maps","hfo-le","D->D","4"
"unbounded_minus_v2","v5","maps","hfo-le","D->L","2"
"unbounded_minus_v2","v5","maps","hfo-le","L->W","0"
"unbounded_minus_v2","v5","maps","hfo-le","L->D","0"
"unbounded_minus_v2","v5","maps","hfo-le","L->L","4"
"unbounded_minus_v2","v5","maps","hfo-lvl","W->W","5"
"unbounded_minus_v2","v5","maps","hfo-lvl","W->D","1"
"unbounded_minus_v2","v5","maps","hfo-lvl","W->L","0"
"unbounded_minus_v2","v5","maps","hfo-lvl","D->W","0"
"unbounded_minus_v2","v5","maps","hfo-lvl","D->D","3"
"unbounded_minus_v2","v5","maps","hfo-lvl","D->L","2"
"unbounded_minus_v2","v5","maps","hfo-lvl","L->W","0"
"unbounded_minus_v2","v5","maps","hfo-lvl","L->D","0"
"unbounded_minus_v2","v5","maps","hfo-lvl","L->L","5"
"unbounded_minus_v2","v5","maps","hfo-original","W->W","4"
"unbounded_minus_v2","v5","maps","hfo-original","W->D","0"
"unbounded_minus_v2","v5","maps","hfo-original","W->L","0"
"unbounded_minus_v2","v5","maps","hfo-original","D->W","3"
"unbounded_minus_v2","v5","maps","hfo-original","D->D","3"
"unbounded_minus_v2","v5","maps","hfo-original","D->L","0"
"unbounded_minus_v2","v5","maps","hfo-original","L->W","0"
"unbounded_minus_v2","v5","maps","hfo-original","L->D","1"
"unbounded_minus_v2","v5","maps","hfo-original","L->L","5"
"unbounded_minus_v2","v5","maps","hfo-rvr","W->W","1"
"unbounded_minus_v2","v5","maps","hfo-rvr","W->D","0"
"unbounded_minus_v2","v5","maps","hfo-rvr","W->L","0"
"unbounded_minus_v2","v5","maps","hfo-rvr","D->W","1"
"unbounded_minus_v2","v5","maps","hfo-rvr","D->D","10"
"unbounded_minus_v2","v5","maps","hfo-rvr","D->L","1"
"unbounded_minus_v2","v5","maps","hfo-rvr","L->W","0"
"unbounded_minus_v2","v5","maps","hfo-rvr","L->D","0"
"unbounded_minus_v2","v5","maps","hfo-rvr","L->L","3"
"unbounded_minus_v2","v5","maps","hfo-tvt","W->W","3"
"unbounded_minus_v2","v5","maps","hfo-tvt","W->D","2"
"unbounded_minus_v2","v5","maps","hfo-tvt","W->L","0"
"unbounded_minus_v2","v5","maps","hfo-tvt","D->W","4"
"unbounded_minus_v2","v5","maps","hfo-tvt","D->D","5"
"unbounded_minus_v2","v5","maps","hfo-tvt","D->L","0"
"unbounded_minus_v2","v5","maps","hfo-tvt","L->W","2"
"unbounded_minus_v2","v5","maps","hfo-tvt","L->D","0"
"unbounded_minus_v2","v5","maps","hfo-tvt","L->L","0"
"unbounded_minus_v2","v5","maps","pacific-heights","W->W","4"
"unbounded_minus_v2","v5","maps","pacific-heights","W->D","0"
"unbounded_minus_v2","v5","maps","pacific-heights","W->L","0"
"unbounded_minus_v2","v5","maps","pacific-heights","D->W","1"
"unbounded_minus_v2","v5","maps","pacific-heights","D->D","1"
"unbounded_minus_v2","v5","maps","pacific-heights","D->L","0"
"unbounded_minus_v2","v5","maps","pacific-heights","L->W","1"
"unbounded_minus_v2","v5","maps","pacific-heights","L->D","1"
"unbounded_minus_v2","v5","maps","pacific-heights","L->L","0"
"unbounded_minus_v2","v5","maps","peak","W->W","3"
"unbounded_minus_v2","v5","maps","peak","W->D","1"
"unbounded_minus_v2","v5","maps","peak","W->L","1"
"unbounded_minus_v2","v5","maps","peak","D->W","0"
"unbounded_minus_v2","v5","maps","peak","D->D","3"
"unbounded_minus_v2","v5","maps","peak","D->L","0"
"unbounded_minus_v2","v5","maps","peak","L->W","0"
"unbounded_minus_v2","v5","maps","peak","L->D","0"
"unbounded_minus_v2","v5","maps","peak","L->L","0"
"unbounded_minus_v2","v5","maps","south-pacific","W->W","0"
"unbounded_minus_v2","v5","maps","south-pacific","W->D","0"
"unbounded_minus_v2","v5","maps","south-pacific","W->L","0"
"unbounded_minus_v2","v5","maps","south-pacific","D->W","0"
"unbounded_minus_v2","v5","maps","south-pacific","D->D","6"
"unbounded_minus_v2","v5","maps","south-pacific","D->L","0"
"unbounded_minus_v2","v5","maps","south-pacific","L->W","0"
"unbounded_minus_v2","v5","maps","south-pacific","L->D","0"
"unbounded_minus_v2","v5","maps","south-pacific","L->L","2"
"unbounded_minus_v2","v5","maps","south-pacific-2","W->W","0"
"unbounded_minus_v2","v5","maps","south-pacific-2","W->D","0"
"unbounded_minus_v2","v5","maps","south-pacific-2","W->L","0"
"unbounded_minus_v2","v5","maps","south-pacific-2","D->W","0"
"unbounded_minus_v2","v5","maps","south-pacific-2","D->D","6"
"unbounded_minus_v2","v5","maps","south-pacific-2","D->L","1"
"unbounded_minus_v2","v5","maps","south-pacific-2","L->W","0"
"unbounded_minus_v2","v5","maps","south-pacific-2","L->D","0"
"unbounded_minus_v2","v5","maps","south-pacific-2","L->L","1"
"unbounded_minus_v2","v5","maps","tour-of-egypt","W->W","1"
"unbounded_minus_v2","v5","maps","tour-of-egypt","W->D","1"
"unbounded_minus_v2","v5","maps","tour-of-egypt","W->L","0"
"unbounded_minus_v2","v5","maps","tour-of-egypt","D->W","0"
"unbounded_minus_v2","v5","maps","tour-of-egypt","D->D","0"
"unbounded_minus_v2","v5","maps","tour-of-egypt","D->L","0"
"unbounded_minus_v2","v5","maps","tour-of-egypt","L->W","0"
"unbounded_minus_v2","v5","maps","tour-of-egypt","L->D","0"
"unbounded_minus_v2","v5","maps","tour-of-egypt","L->L","6"
"unbounded_minus_v2","v5","countries","Africans","W->W","14"
"unbounded_minus_v2","v5","countries","Africans","W->D","6"
"unbounded_minus_v2","v5","countries","Africans","W->L","1"
"unbounded_minus_v2","v5","countries","Africans","D->W","14"
"unbounded_minus_v2","v5","countries","Africans","D->D","43"
"unbounded_minus_v2","v5","countries","Africans","D->L","4"
"unbounded_minus_v2","v5","countries","Africans","L->W","1"
"unbounded_minus_v2","v5","countries","Africans","L->D","7"
"unbounded_minus_v2","v5","countries","Africans","L->L","10"
"unbounded_minus_v2","v5","countries","Americans","W->W","25"
"unbounded_minus_v2","v5","countries","Americans","W->D","2"
"unbounded_minus_v2","v5","countries","Americans","W->L","1"
"unbounded_minus_v2","v5","countries","Americans","D->W","7"
"unbounded_minus_v2","v5","countries","Americans","D->D","17"
"unbounded_minus_v2","v5","countries","Americans","D->L","7"
"unbounded_minus_v2","v5","countries","Americans","L->W","6"
"unbounded_minus_v2","v5","countries","Americans","L->D","2"
"unbounded_minus_v2","v5","countries","Americans","L->L","33"
"unbounded_minus_v2","v5","factions","Allied","W->W","25"
"unbounded_minus_v2","v5","factions","Allied","W->D","2"
"unbounded_minus_v2","v5","factions","Allied","W->L","1"
"unbounded_minus_v2","v5","factions","Allied","D->W","7"
"unbounded_minus_v2","v5","factions","Allied","D->D","17"
"unbounded_minus_v2","v5","factions","Allied","D->L","7"
"unbounded_minus_v2","v5","factions","Allied","L->W","6"
"unbounded_minus_v2","v5","factions","Allied","L->D","2"
"unbounded_minus_v2","v5","factions","Allied","L->L","33"
"unbounded_minus_v2","v5","factions","Soviet","W->W","14"
"unbounded_minus_v2","v5","factions","Soviet","W->D","6"
"unbounded_minus_v2","v5","factions","Soviet","W->L","1"
"unbounded_minus_v2","v5","factions","Soviet","D->W","14"
"unbounded_minus_v2","v5","factions","Soviet","D->D","43"
"unbounded_minus_v2","v5","factions","Soviet","D->L","4"
"unbounded_minus_v2","v5","factions","Soviet","L->W","1"
"unbounded_minus_v2","v5","factions","Soviet","L->D","7"
"unbounded_minus_v2","v5","factions","Soviet","L->L","10"
"unbounded_minus_v2","v5","slots","0","W->W","17"
"unbounded_minus_v2","v5","slots","0","W->D","4"
"unbounded_minus_v2","v5","slots","0","W->L","0"
"unbounded_minus_v2","v5","slots","0","D->W","10"
"unbounded_minus_v2","v5","slots","0","D->D","29"
"unbounded_minus_v2","v5","slots","0","D->L","5"
"unbounded_minus_v2","v5","slots","0","L->W","5"
"unbounded_minus_v2","v5","slots","0","L->D","5"
"unbounded_minus_v2","v5","slots","0","L->L","25"
"unbounded_minus_v2","v5","slots","1","W->W","22"
"unbounded_minus_v2","v5","slots","1","W->D","4"
"unbounded_minus_v2","v5","slots","1","W->L","2"
"unbounded_minus_v2","v5","slots","1","D->W","11"
"unbounded_minus_v2","v5","slots","1","D->D","31"
"unbounded_minus_v2","v5","slots","1","D->L","6"
"unbounded_minus_v2","v5","slots","1","L->W","2"
"unbounded_minus_v2","v5","slots","1","L->D","4"
"unbounded_minus_v2","v5","slots","1","L->L","18"
"unbounded_minus_v2","v5","directions","0","W->W","17"
"unbounded_minus_v2","v5","directions","0","W->D","2"
"unbounded_minus_v2","v5","directions","0","W->L","1"
"unbounded_minus_v2","v5","directions","0","D->W","6"
"unbounded_minus_v2","v5","directions","0","D->D","29"
"unbounded_minus_v2","v5","directions","0","D->L","7"
"unbounded_minus_v2","v5","directions","0","L->W","4"
"unbounded_minus_v2","v5","directions","0","L->D","6"
"unbounded_minus_v2","v5","directions","0","L->L","28"
"unbounded_minus_v2","v5","directions","1","W->W","22"
"unbounded_minus_v2","v5","directions","1","W->D","6"
"unbounded_minus_v2","v5","directions","1","W->L","1"
"unbounded_minus_v2","v5","directions","1","D->W","15"
"unbounded_minus_v2","v5","directions","1","D->D","31"
"unbounded_minus_v2","v5","directions","1","D->L","4"
"unbounded_minus_v2","v5","directions","1","L->W","3"
"unbounded_minus_v2","v5","directions","1","L->D","3"
"unbounded_minus_v2","v5","directions","1","L->L","15"
"unbounded_minus_v2","v5","countryDirection","Africans/0","W->W","9"
"unbounded_minus_v2","v5","countryDirection","Africans/0","W->D","2"
"unbounded_minus_v2","v5","countryDirection","Africans/0","W->L","0"
"unbounded_minus_v2","v5","countryDirection","Africans/0","D->W","5"
"unbounded_minus_v2","v5","countryDirection","Africans/0","D->D","21"
"unbounded_minus_v2","v5","countryDirection","Africans/0","D->L","3"
"unbounded_minus_v2","v5","countryDirection","Africans/0","L->W","1"
"unbounded_minus_v2","v5","countryDirection","Africans/0","L->D","4"
"unbounded_minus_v2","v5","countryDirection","Africans/0","L->L","5"
"unbounded_minus_v2","v5","countryDirection","Africans/1","W->W","5"
"unbounded_minus_v2","v5","countryDirection","Africans/1","W->D","4"
"unbounded_minus_v2","v5","countryDirection","Africans/1","W->L","1"
"unbounded_minus_v2","v5","countryDirection","Africans/1","D->W","9"
"unbounded_minus_v2","v5","countryDirection","Africans/1","D->D","22"
"unbounded_minus_v2","v5","countryDirection","Africans/1","D->L","1"
"unbounded_minus_v2","v5","countryDirection","Africans/1","L->W","0"
"unbounded_minus_v2","v5","countryDirection","Africans/1","L->D","3"
"unbounded_minus_v2","v5","countryDirection","Africans/1","L->L","5"
"unbounded_minus_v2","v5","countryDirection","Americans/0","W->W","8"
"unbounded_minus_v2","v5","countryDirection","Americans/0","W->D","0"
"unbounded_minus_v2","v5","countryDirection","Americans/0","W->L","1"
"unbounded_minus_v2","v5","countryDirection","Americans/0","D->W","1"
"unbounded_minus_v2","v5","countryDirection","Americans/0","D->D","8"
"unbounded_minus_v2","v5","countryDirection","Americans/0","D->L","4"
"unbounded_minus_v2","v5","countryDirection","Americans/0","L->W","3"
"unbounded_minus_v2","v5","countryDirection","Americans/0","L->D","2"
"unbounded_minus_v2","v5","countryDirection","Americans/0","L->L","23"
"unbounded_minus_v2","v5","countryDirection","Americans/1","W->W","17"
"unbounded_minus_v2","v5","countryDirection","Americans/1","W->D","2"
"unbounded_minus_v2","v5","countryDirection","Americans/1","W->L","0"
"unbounded_minus_v2","v5","countryDirection","Americans/1","D->W","6"
"unbounded_minus_v2","v5","countryDirection","Americans/1","D->D","9"
"unbounded_minus_v2","v5","countryDirection","Americans/1","D->L","3"
"unbounded_minus_v2","v5","countryDirection","Americans/1","L->W","3"
"unbounded_minus_v2","v5","countryDirection","Americans/1","L->D","0"
"unbounded_minus_v2","v5","countryDirection","Americans/1","L->L","10"
"unbounded_minus_v2","v5","opponentCountry","pinned_supalosa/Africans","W->W","12"
"unbounded_minus_v2","v5","opponentCountry","pinned_supalosa/Africans","W->D","4"
"unbounded_minus_v2","v5","opponentCountry","pinned_supalosa/Africans","W->L","1"
"unbounded_minus_v2","v5","opponentCountry","pinned_supalosa/Africans","D->W","7"
"unbounded_minus_v2","v5","opponentCountry","pinned_supalosa/Africans","D->D","18"
"unbounded_minus_v2","v5","opponentCountry","pinned_supalosa/Africans","D->L","3"
"unbounded_minus_v2","v5","opponentCountry","pinned_supalosa/Africans","L->W","1"
"unbounded_minus_v2","v5","opponentCountry","pinned_supalosa/Africans","L->D","4"
"unbounded_minus_v2","v5","opponentCountry","pinned_supalosa/Africans","L->L","10"
"unbounded_minus_v2","v5","opponentCountry","pinned_supalosa/Americans","W->W","15"
"unbounded_minus_v2","v5","opponentCountry","pinned_supalosa/Americans","W->D","2"
"unbounded_minus_v2","v5","opponentCountry","pinned_supalosa/Americans","W->L","0"
"unbounded_minus_v2","v5","opponentCountry","pinned_supalosa/Americans","D->W","4"
"unbounded_minus_v2","v5","opponentCountry","pinned_supalosa/Americans","D->D","15"
"unbounded_minus_v2","v5","opponentCountry","pinned_supalosa/Americans","D->L","3"
"unbounded_minus_v2","v5","opponentCountry","pinned_supalosa/Americans","L->W","1"
"unbounded_minus_v2","v5","opponentCountry","pinned_supalosa/Americans","L->D","2"
"unbounded_minus_v2","v5","opponentCountry","pinned_supalosa/Americans","L->L","18"
"unbounded_minus_v2","v5","opponentCountry","ra2web_advanced/Africans","W->W","2"
"unbounded_minus_v2","v5","opponentCountry","ra2web_advanced/Africans","W->D","2"
"unbounded_minus_v2","v5","opponentCountry","ra2web_advanced/Africans","W->L","0"
"unbounded_minus_v2","v5","opponentCountry","ra2web_advanced/Africans","D->W","7"
"unbounded_minus_v2","v5","opponentCountry","ra2web_advanced/Africans","D->D","25"
"unbounded_minus_v2","v5","opponentCountry","ra2web_advanced/Africans","D->L","1"
"unbounded_minus_v2","v5","opponentCountry","ra2web_advanced/Africans","L->W","0"
"unbounded_minus_v2","v5","opponentCountry","ra2web_advanced/Africans","L->D","3"
"unbounded_minus_v2","v5","opponentCountry","ra2web_advanced/Africans","L->L","0"
"unbounded_minus_v2","v5","opponentCountry","ra2web_advanced/Americans","W->W","10"
"unbounded_minus_v2","v5","opponentCountry","ra2web_advanced/Americans","W->D","0"
"unbounded_minus_v2","v5","opponentCountry","ra2web_advanced/Americans","W->L","1"
"unbounded_minus_v2","v5","opponentCountry","ra2web_advanced/Americans","D->W","3"
"unbounded_minus_v2","v5","opponentCountry","ra2web_advanced/Americans","D->D","2"
"unbounded_minus_v2","v5","opponentCountry","ra2web_advanced/Americans","D->L","4"
"unbounded_minus_v2","v5","opponentCountry","ra2web_advanced/Americans","L->W","5"
"unbounded_minus_v2","v5","opponentCountry","ra2web_advanced/Americans","L->D","0"
"unbounded_minus_v2","v5","opponentCountry","ra2web_advanced/Americans","L->L","15"
"unbounded_minus_v2","v5","opponentFaction","pinned_supalosa/Allied","W->W","15"
"unbounded_minus_v2","v5","opponentFaction","pinned_supalosa/Allied","W->D","2"
"unbounded_minus_v2","v5","opponentFaction","pinned_supalosa/Allied","W->L","0"
"unbounded_minus_v2","v5","opponentFaction","pinned_supalosa/Allied","D->W","4"
"unbounded_minus_v2","v5","opponentFaction","pinned_supalosa/Allied","D->D","15"
"unbounded_minus_v2","v5","opponentFaction","pinned_supalosa/Allied","D->L","3"
"unbounded_minus_v2","v5","opponentFaction","pinned_supalosa/Allied","L->W","1"
"unbounded_minus_v2","v5","opponentFaction","pinned_supalosa/Allied","L->D","2"
"unbounded_minus_v2","v5","opponentFaction","pinned_supalosa/Allied","L->L","18"
"unbounded_minus_v2","v5","opponentFaction","pinned_supalosa/Soviet","W->W","12"
"unbounded_minus_v2","v5","opponentFaction","pinned_supalosa/Soviet","W->D","4"
"unbounded_minus_v2","v5","opponentFaction","pinned_supalosa/Soviet","W->L","1"
"unbounded_minus_v2","v5","opponentFaction","pinned_supalosa/Soviet","D->W","7"
"unbounded_minus_v2","v5","opponentFaction","pinned_supalosa/Soviet","D->D","18"
"unbounded_minus_v2","v5","opponentFaction","pinned_supalosa/Soviet","D->L","3"
"unbounded_minus_v2","v5","opponentFaction","pinned_supalosa/Soviet","L->W","1"
"unbounded_minus_v2","v5","opponentFaction","pinned_supalosa/Soviet","L->D","4"
"unbounded_minus_v2","v5","opponentFaction","pinned_supalosa/Soviet","L->L","10"
"unbounded_minus_v2","v5","opponentFaction","ra2web_advanced/Allied","W->W","10"
"unbounded_minus_v2","v5","opponentFaction","ra2web_advanced/Allied","W->D","0"
"unbounded_minus_v2","v5","opponentFaction","ra2web_advanced/Allied","W->L","1"
"unbounded_minus_v2","v5","opponentFaction","ra2web_advanced/Allied","D->W","3"
"unbounded_minus_v2","v5","opponentFaction","ra2web_advanced/Allied","D->D","2"
"unbounded_minus_v2","v5","opponentFaction","ra2web_advanced/Allied","D->L","4"
"unbounded_minus_v2","v5","opponentFaction","ra2web_advanced/Allied","L->W","5"
"unbounded_minus_v2","v5","opponentFaction","ra2web_advanced/Allied","L->D","0"
"unbounded_minus_v2","v5","opponentFaction","ra2web_advanced/Allied","L->L","15"
"unbounded_minus_v2","v5","opponentFaction","ra2web_advanced/Soviet","W->W","2"
"unbounded_minus_v2","v5","opponentFaction","ra2web_advanced/Soviet","W->D","2"
"unbounded_minus_v2","v5","opponentFaction","ra2web_advanced/Soviet","W->L","0"
"unbounded_minus_v2","v5","opponentFaction","ra2web_advanced/Soviet","D->W","7"
"unbounded_minus_v2","v5","opponentFaction","ra2web_advanced/Soviet","D->D","25"
"unbounded_minus_v2","v5","opponentFaction","ra2web_advanced/Soviet","D->L","1"
"unbounded_minus_v2","v5","opponentFaction","ra2web_advanced/Soviet","L->W","0"
"unbounded_minus_v2","v5","opponentFaction","ra2web_advanced/Soviet","L->D","3"
"unbounded_minus_v2","v5","opponentFaction","ra2web_advanced/Soviet","L->L","0"
"unbounded_minus_v2","v5","opponentSlot","pinned_supalosa/0","W->W","10"
"unbounded_minus_v2","v5","opponentSlot","pinned_supalosa/0","W->D","3"
"unbounded_minus_v2","v5","opponentSlot","pinned_supalosa/0","W->L","0"
"unbounded_minus_v2","v5","opponentSlot","pinned_supalosa/0","D->W","5"
"unbounded_minus_v2","v5","opponentSlot","pinned_supalosa/0","D->D","15"
"unbounded_minus_v2","v5","opponentSlot","pinned_supalosa/0","D->L","3"
"unbounded_minus_v2","v5","opponentSlot","pinned_supalosa/0","L->W","2"
"unbounded_minus_v2","v5","opponentSlot","pinned_supalosa/0","L->D","4"
"unbounded_minus_v2","v5","opponentSlot","pinned_supalosa/0","L->L","18"
"unbounded_minus_v2","v5","opponentSlot","pinned_supalosa/1","W->W","17"
"unbounded_minus_v2","v5","opponentSlot","pinned_supalosa/1","W->D","3"
"unbounded_minus_v2","v5","opponentSlot","pinned_supalosa/1","W->L","1"
"unbounded_minus_v2","v5","opponentSlot","pinned_supalosa/1","D->W","6"
"unbounded_minus_v2","v5","opponentSlot","pinned_supalosa/1","D->D","18"
"unbounded_minus_v2","v5","opponentSlot","pinned_supalosa/1","D->L","3"
"unbounded_minus_v2","v5","opponentSlot","pinned_supalosa/1","L->W","0"
"unbounded_minus_v2","v5","opponentSlot","pinned_supalosa/1","L->D","2"
"unbounded_minus_v2","v5","opponentSlot","pinned_supalosa/1","L->L","10"
"unbounded_minus_v2","v5","opponentSlot","ra2web_advanced/0","W->W","7"
"unbounded_minus_v2","v5","opponentSlot","ra2web_advanced/0","W->D","1"
"unbounded_minus_v2","v5","opponentSlot","ra2web_advanced/0","W->L","0"
"unbounded_minus_v2","v5","opponentSlot","ra2web_advanced/0","D->W","5"
"unbounded_minus_v2","v5","opponentSlot","ra2web_advanced/0","D->D","14"
"unbounded_minus_v2","v5","opponentSlot","ra2web_advanced/0","D->L","2"
"unbounded_minus_v2","v5","opponentSlot","ra2web_advanced/0","L->W","3"
"unbounded_minus_v2","v5","opponentSlot","ra2web_advanced/0","L->D","1"
"unbounded_minus_v2","v5","opponentSlot","ra2web_advanced/0","L->L","7"
"unbounded_minus_v2","v5","opponentSlot","ra2web_advanced/1","W->W","5"
"unbounded_minus_v2","v5","opponentSlot","ra2web_advanced/1","W->D","1"
"unbounded_minus_v2","v5","opponentSlot","ra2web_advanced/1","W->L","1"
"unbounded_minus_v2","v5","opponentSlot","ra2web_advanced/1","D->W","5"
"unbounded_minus_v2","v5","opponentSlot","ra2web_advanced/1","D->D","13"
"unbounded_minus_v2","v5","opponentSlot","ra2web_advanced/1","D->L","3"
"unbounded_minus_v2","v5","opponentSlot","ra2web_advanced/1","L->W","2"
"unbounded_minus_v2","v5","opponentSlot","ra2web_advanced/1","L->D","2"
"unbounded_minus_v2","v5","opponentSlot","ra2web_advanced/1","L->L","8"
"unbounded_minus_v2","v5","opponentDirection","pinned_supalosa/0","W->W","13"
"unbounded_minus_v2","v5","opponentDirection","pinned_supalosa/0","W->D","1"
"unbounded_minus_v2","v5","opponentDirection","pinned_supalosa/0","W->L","0"
"unbounded_minus_v2","v5","opponentDirection","pinned_supalosa/0","D->W","4"
"unbounded_minus_v2","v5","opponentDirection","pinned_supalosa/0","D->D","18"
"unbounded_minus_v2","v5","opponentDirection","pinned_supalosa/0","D->L","5"
"unbounded_minus_v2","v5","opponentDirection","pinned_supalosa/0","L->W","1"
"unbounded_minus_v2","v5","opponentDirection","pinned_supalosa/0","L->D","3"
"unbounded_minus_v2","v5","opponentDirection","pinned_supalosa/0","L->L","15"
"unbounded_minus_v2","v5","opponentDirection","pinned_supalosa/1","W->W","14"
"unbounded_minus_v2","v5","opponentDirection","pinned_supalosa/1","W->D","5"
"unbounded_minus_v2","v5","opponentDirection","pinned_supalosa/1","W->L","1"
"unbounded_minus_v2","v5","opponentDirection","pinned_supalosa/1","D->W","7"
"unbounded_minus_v2","v5","opponentDirection","pinned_supalosa/1","D->D","15"
"unbounded_minus_v2","v5","opponentDirection","pinned_supalosa/1","D->L","1"
"unbounded_minus_v2","v5","opponentDirection","pinned_supalosa/1","L->W","1"
"unbounded_minus_v2","v5","opponentDirection","pinned_supalosa/1","L->D","3"
"unbounded_minus_v2","v5","opponentDirection","pinned_supalosa/1","L->L","13"
"unbounded_minus_v2","v5","opponentDirection","ra2web_advanced/0","W->W","4"
"unbounded_minus_v2","v5","opponentDirection","ra2web_advanced/0","W->D","1"
"unbounded_minus_v2","v5","opponentDirection","ra2web_advanced/0","W->L","1"
"unbounded_minus_v2","v5","opponentDirection","ra2web_advanced/0","D->W","2"
"unbounded_minus_v2","v5","opponentDirection","ra2web_advanced/0","D->D","11"
"unbounded_minus_v2","v5","opponentDirection","ra2web_advanced/0","D->L","2"
"unbounded_minus_v2","v5","opponentDirection","ra2web_advanced/0","L->W","3"
"unbounded_minus_v2","v5","opponentDirection","ra2web_advanced/0","L->D","3"
"unbounded_minus_v2","v5","opponentDirection","ra2web_advanced/0","L->L","13"
"unbounded_minus_v2","v5","opponentDirection","ra2web_advanced/1","W->W","8"
"unbounded_minus_v2","v5","opponentDirection","ra2web_advanced/1","W->D","1"
"unbounded_minus_v2","v5","opponentDirection","ra2web_advanced/1","W->L","0"
"unbounded_minus_v2","v5","opponentDirection","ra2web_advanced/1","D->W","8"
"unbounded_minus_v2","v5","opponentDirection","ra2web_advanced/1","D->D","16"
"unbounded_minus_v2","v5","opponentDirection","ra2web_advanced/1","D->L","3"
"unbounded_minus_v2","v5","opponentDirection","ra2web_advanced/1","L->W","2"
"unbounded_minus_v2","v5","opponentDirection","ra2web_advanced/1","L->D","0"
"unbounded_minus_v2","v5","opponentDirection","ra2web_advanced/1","L->L","2"
"unbounded_minus_v2","v5","opponentCountryDirection","pinned_supalosa/Africans/0","W->W","7"
"unbounded_minus_v2","v5","opponentCountryDirection","pinned_supalosa/Africans/0","W->D","1"
"unbounded_minus_v2","v5","opponentCountryDirection","pinned_supalosa/Africans/0","W->L","0"
"unbounded_minus_v2","v5","opponentCountryDirection","pinned_supalosa/Africans/0","D->W","3"
"unbounded_minus_v2","v5","opponentCountryDirection","pinned_supalosa/Africans/0","D->D","10"
"unbounded_minus_v2","v5","opponentCountryDirection","pinned_supalosa/Africans/0","D->L","2"
"unbounded_minus_v2","v5","opponentCountryDirection","pinned_supalosa/Africans/0","L->W","1"
"unbounded_minus_v2","v5","opponentCountryDirection","pinned_supalosa/Africans/0","L->D","1"
"unbounded_minus_v2","v5","opponentCountryDirection","pinned_supalosa/Africans/0","L->L","5"
"unbounded_minus_v2","v5","opponentCountryDirection","pinned_supalosa/Africans/1","W->W","5"
"unbounded_minus_v2","v5","opponentCountryDirection","pinned_supalosa/Africans/1","W->D","3"
"unbounded_minus_v2","v5","opponentCountryDirection","pinned_supalosa/Africans/1","W->L","1"
"unbounded_minus_v2","v5","opponentCountryDirection","pinned_supalosa/Africans/1","D->W","4"
"unbounded_minus_v2","v5","opponentCountryDirection","pinned_supalosa/Africans/1","D->D","8"
"unbounded_minus_v2","v5","opponentCountryDirection","pinned_supalosa/Africans/1","D->L","1"
"unbounded_minus_v2","v5","opponentCountryDirection","pinned_supalosa/Africans/1","L->W","0"
"unbounded_minus_v2","v5","opponentCountryDirection","pinned_supalosa/Africans/1","L->D","3"
"unbounded_minus_v2","v5","opponentCountryDirection","pinned_supalosa/Africans/1","L->L","5"
"unbounded_minus_v2","v5","opponentCountryDirection","pinned_supalosa/Americans/0","W->W","6"
"unbounded_minus_v2","v5","opponentCountryDirection","pinned_supalosa/Americans/0","W->D","0"
"unbounded_minus_v2","v5","opponentCountryDirection","pinned_supalosa/Americans/0","W->L","0"
"unbounded_minus_v2","v5","opponentCountryDirection","pinned_supalosa/Americans/0","D->W","1"
"unbounded_minus_v2","v5","opponentCountryDirection","pinned_supalosa/Americans/0","D->D","8"
"unbounded_minus_v2","v5","opponentCountryDirection","pinned_supalosa/Americans/0","D->L","3"
"unbounded_minus_v2","v5","opponentCountryDirection","pinned_supalosa/Americans/0","L->W","0"
"unbounded_minus_v2","v5","opponentCountryDirection","pinned_supalosa/Americans/0","L->D","2"
"unbounded_minus_v2","v5","opponentCountryDirection","pinned_supalosa/Americans/0","L->L","10"
"unbounded_minus_v2","v5","opponentCountryDirection","pinned_supalosa/Americans/1","W->W","9"
"unbounded_minus_v2","v5","opponentCountryDirection","pinned_supalosa/Americans/1","W->D","2"
"unbounded_minus_v2","v5","opponentCountryDirection","pinned_supalosa/Americans/1","W->L","0"
"unbounded_minus_v2","v5","opponentCountryDirection","pinned_supalosa/Americans/1","D->W","3"
"unbounded_minus_v2","v5","opponentCountryDirection","pinned_supalosa/Americans/1","D->D","7"
"unbounded_minus_v2","v5","opponentCountryDirection","pinned_supalosa/Americans/1","D->L","0"
"unbounded_minus_v2","v5","opponentCountryDirection","pinned_supalosa/Americans/1","L->W","1"
"unbounded_minus_v2","v5","opponentCountryDirection","pinned_supalosa/Americans/1","L->D","0"
"unbounded_minus_v2","v5","opponentCountryDirection","pinned_supalosa/Americans/1","L->L","8"
"unbounded_minus_v2","v5","opponentCountryDirection","ra2web_advanced/Africans/0","W->W","2"
"unbounded_minus_v2","v5","opponentCountryDirection","ra2web_advanced/Africans/0","W->D","1"
"unbounded_minus_v2","v5","opponentCountryDirection","ra2web_advanced/Africans/0","W->L","0"
"unbounded_minus_v2","v5","opponentCountryDirection","ra2web_advanced/Africans/0","D->W","2"
"unbounded_minus_v2","v5","opponentCountryDirection","ra2web_advanced/Africans/0","D->D","11"
"unbounded_minus_v2","v5","opponentCountryDirection","ra2web_advanced/Africans/0","D->L","1"
"unbounded_minus_v2","v5","opponentCountryDirection","ra2web_advanced/Africans/0","L->W","0"
"unbounded_minus_v2","v5","opponentCountryDirection","ra2web_advanced/Africans/0","L->D","3"
"unbounded_minus_v2","v5","opponentCountryDirection","ra2web_advanced/Africans/0","L->L","0"
"unbounded_minus_v2","v5","opponentCountryDirection","ra2web_advanced/Africans/1","W->W","0"
"unbounded_minus_v2","v5","opponentCountryDirection","ra2web_advanced/Africans/1","W->D","1"
"unbounded_minus_v2","v5","opponentCountryDirection","ra2web_advanced/Africans/1","W->L","0"
"unbounded_minus_v2","v5","opponentCountryDirection","ra2web_advanced/Africans/1","D->W","5"
"unbounded_minus_v2","v5","opponentCountryDirection","ra2web_advanced/Africans/1","D->D","14"
"unbounded_minus_v2","v5","opponentCountryDirection","ra2web_advanced/Africans/1","D->L","0"
"unbounded_minus_v2","v5","opponentCountryDirection","ra2web_advanced/Africans/1","L->W","0"
"unbounded_minus_v2","v5","opponentCountryDirection","ra2web_advanced/Africans/1","L->D","0"
"unbounded_minus_v2","v5","opponentCountryDirection","ra2web_advanced/Africans/1","L->L","0"
"unbounded_minus_v2","v5","opponentCountryDirection","ra2web_advanced/Americans/0","W->W","2"
"unbounded_minus_v2","v5","opponentCountryDirection","ra2web_advanced/Americans/0","W->D","0"
"unbounded_minus_v2","v5","opponentCountryDirection","ra2web_advanced/Americans/0","W->L","1"
"unbounded_minus_v2","v5","opponentCountryDirection","ra2web_advanced/Americans/0","D->W","0"
"unbounded_minus_v2","v5","opponentCountryDirection","ra2web_advanced/Americans/0","D->D","0"
"unbounded_minus_v2","v5","opponentCountryDirection","ra2web_advanced/Americans/0","D->L","1"
"unbounded_minus_v2","v5","opponentCountryDirection","ra2web_advanced/Americans/0","L->W","3"
"unbounded_minus_v2","v5","opponentCountryDirection","ra2web_advanced/Americans/0","L->D","0"
"unbounded_minus_v2","v5","opponentCountryDirection","ra2web_advanced/Americans/0","L->L","13"
"unbounded_minus_v2","v5","opponentCountryDirection","ra2web_advanced/Americans/1","W->W","8"
"unbounded_minus_v2","v5","opponentCountryDirection","ra2web_advanced/Americans/1","W->D","0"
"unbounded_minus_v2","v5","opponentCountryDirection","ra2web_advanced/Americans/1","W->L","0"
"unbounded_minus_v2","v5","opponentCountryDirection","ra2web_advanced/Americans/1","D->W","3"
"unbounded_minus_v2","v5","opponentCountryDirection","ra2web_advanced/Americans/1","D->D","2"
"unbounded_minus_v2","v5","opponentCountryDirection","ra2web_advanced/Americans/1","D->L","3"
"unbounded_minus_v2","v5","opponentCountryDirection","ra2web_advanced/Americans/1","L->W","2"
"unbounded_minus_v2","v5","opponentCountryDirection","ra2web_advanced/Americans/1","L->D","0"
"unbounded_minus_v2","v5","opponentCountryDirection","ra2web_advanced/Americans/1","L->L","2"
"unbounded_minus_disabled","v6","populations","overall","W->W","60"
"unbounded_minus_disabled","v6","populations","overall","W->D","6"
"unbounded_minus_disabled","v6","populations","overall","W->L","4"
"unbounded_minus_disabled","v6","populations","overall","D->W","7"
"unbounded_minus_disabled","v6","populations","overall","D->D","69"
"unbounded_minus_disabled","v6","populations","overall","D->L","5"
"unbounded_minus_disabled","v6","populations","overall","L->W","1"
"unbounded_minus_disabled","v6","populations","overall","L->D","1"
"unbounded_minus_disabled","v6","populations","overall","L->L","47"
"unbounded_minus_disabled","v6","populations","supalosa","W->W","38"
"unbounded_minus_disabled","v6","populations","supalosa","W->D","5"
"unbounded_minus_disabled","v6","populations","supalosa","W->L","3"
"unbounded_minus_disabled","v6","populations","supalosa","D->W","3"
"unbounded_minus_disabled","v6","populations","supalosa","D->D","38"
"unbounded_minus_disabled","v6","populations","supalosa","D->L","1"
"unbounded_minus_disabled","v6","populations","supalosa","L->W","0"
"unbounded_minus_disabled","v6","populations","supalosa","L->D","1"
"unbounded_minus_disabled","v6","populations","supalosa","L->L","31"
"unbounded_minus_disabled","v6","populations","advanced","W->W","22"
"unbounded_minus_disabled","v6","populations","advanced","W->D","1"
"unbounded_minus_disabled","v6","populations","advanced","W->L","1"
"unbounded_minus_disabled","v6","populations","advanced","D->W","4"
"unbounded_minus_disabled","v6","populations","advanced","D->D","31"
"unbounded_minus_disabled","v6","populations","advanced","D->L","4"
"unbounded_minus_disabled","v6","populations","advanced","L->W","1"
"unbounded_minus_disabled","v6","populations","advanced","L->D","0"
"unbounded_minus_disabled","v6","populations","advanced","L->L","16"
"unbounded_minus_disabled","v6","strata","pinned_supalosa__hfo-bvb","W->W","3"
"unbounded_minus_disabled","v6","strata","pinned_supalosa__hfo-bvb","W->D","0"
"unbounded_minus_disabled","v6","strata","pinned_supalosa__hfo-bvb","W->L","1"
"unbounded_minus_disabled","v6","strata","pinned_supalosa__hfo-bvb","D->W","0"
"unbounded_minus_disabled","v6","strata","pinned_supalosa__hfo-bvb","D->D","2"
"unbounded_minus_disabled","v6","strata","pinned_supalosa__hfo-bvb","D->L","0"
"unbounded_minus_disabled","v6","strata","pinned_supalosa__hfo-bvb","L->W","0"
"unbounded_minus_disabled","v6","strata","pinned_supalosa__hfo-bvb","L->D","0"
"unbounded_minus_disabled","v6","strata","pinned_supalosa__hfo-bvb","L->L","2"
"unbounded_minus_disabled","v6","strata","pinned_supalosa__hfo-corners","W->W","3"
"unbounded_minus_disabled","v6","strata","pinned_supalosa__hfo-corners","W->D","0"
"unbounded_minus_disabled","v6","strata","pinned_supalosa__hfo-corners","W->L","0"
"unbounded_minus_disabled","v6","strata","pinned_supalosa__hfo-corners","D->W","0"
"unbounded_minus_disabled","v6","strata","pinned_supalosa__hfo-corners","D->D","2"
"unbounded_minus_disabled","v6","strata","pinned_supalosa__hfo-corners","D->L","0"
"unbounded_minus_disabled","v6","strata","pinned_supalosa__hfo-corners","L->W","0"
"unbounded_minus_disabled","v6","strata","pinned_supalosa__hfo-corners","L->D","0"
"unbounded_minus_disabled","v6","strata","pinned_supalosa__hfo-corners","L->L","3"
"unbounded_minus_disabled","v6","strata","pinned_supalosa__hfo-corners-b","W->W","2"
"unbounded_minus_disabled","v6","strata","pinned_supalosa__hfo-corners-b","W->D","0"
"unbounded_minus_disabled","v6","strata","pinned_supalosa__hfo-corners-b","W->L","0"
"unbounded_minus_disabled","v6","strata","pinned_supalosa__hfo-corners-b","D->W","1"
"unbounded_minus_disabled","v6","strata","pinned_supalosa__hfo-corners-b","D->D","2"
"unbounded_minus_disabled","v6","strata","pinned_supalosa__hfo-corners-b","D->L","0"
"unbounded_minus_disabled","v6","strata","pinned_supalosa__hfo-corners-b","L->W","0"
"unbounded_minus_disabled","v6","strata","pinned_supalosa__hfo-corners-b","L->D","0"
"unbounded_minus_disabled","v6","strata","pinned_supalosa__hfo-corners-b","L->L","3"
"unbounded_minus_disabled","v6","strata","pinned_supalosa__hfo-corners-b-golden","W->W","4"
"unbounded_minus_disabled","v6","strata","pinned_supalosa__hfo-corners-b-golden","W->D","0"
"unbounded_minus_disabled","v6","strata","pinned_supalosa__hfo-corners-b-golden","W->L","0"
"unbounded_minus_disabled","v6","strata","pinned_supalosa__hfo-corners-b-golden","D->W","0"
"unbounded_minus_disabled","v6","strata","pinned_supalosa__hfo-corners-b-golden","D->D","1"
"unbounded_minus_disabled","v6","strata","pinned_supalosa__hfo-corners-b-golden","D->L","0"
"unbounded_minus_disabled","v6","strata","pinned_supalosa__hfo-corners-b-golden","L->W","0"
"unbounded_minus_disabled","v6","strata","pinned_supalosa__hfo-corners-b-golden","L->D","1"
"unbounded_minus_disabled","v6","strata","pinned_supalosa__hfo-corners-b-golden","L->L","2"
"unbounded_minus_disabled","v6","strata","pinned_supalosa__hfo-golden","W->W","3"
"unbounded_minus_disabled","v6","strata","pinned_supalosa__hfo-golden","W->D","0"
"unbounded_minus_disabled","v6","strata","pinned_supalosa__hfo-golden","W->L","1"
"unbounded_minus_disabled","v6","strata","pinned_supalosa__hfo-golden","D->W","0"
"unbounded_minus_disabled","v6","strata","pinned_supalosa__hfo-golden","D->D","2"
"unbounded_minus_disabled","v6","strata","pinned_supalosa__hfo-golden","D->L","0"
"unbounded_minus_disabled","v6","strata","pinned_supalosa__hfo-golden","L->W","0"
"unbounded_minus_disabled","v6","strata","pinned_supalosa__hfo-golden","L->D","0"
"unbounded_minus_disabled","v6","strata","pinned_supalosa__hfo-golden","L->L","2"
"unbounded_minus_disabled","v6","strata","pinned_supalosa__hfo-le","W->W","3"
"unbounded_minus_disabled","v6","strata","pinned_supalosa__hfo-le","W->D","1"
"unbounded_minus_disabled","v6","strata","pinned_supalosa__hfo-le","W->L","0"
"unbounded_minus_disabled","v6","strata","pinned_supalosa__hfo-le","D->W","0"
"unbounded_minus_disabled","v6","strata","pinned_supalosa__hfo-le","D->D","2"
"unbounded_minus_disabled","v6","strata","pinned_supalosa__hfo-le","D->L","0"
"unbounded_minus_disabled","v6","strata","pinned_supalosa__hfo-le","L->W","0"
"unbounded_minus_disabled","v6","strata","pinned_supalosa__hfo-le","L->D","0"
"unbounded_minus_disabled","v6","strata","pinned_supalosa__hfo-le","L->L","2"
"unbounded_minus_disabled","v6","strata","pinned_supalosa__hfo-lvl","W->W","3"
"unbounded_minus_disabled","v6","strata","pinned_supalosa__hfo-lvl","W->D","0"
"unbounded_minus_disabled","v6","strata","pinned_supalosa__hfo-lvl","W->L","1"
"unbounded_minus_disabled","v6","strata","pinned_supalosa__hfo-lvl","D->W","0"
"unbounded_minus_disabled","v6","strata","pinned_supalosa__hfo-lvl","D->D","1"
"unbounded_minus_disabled","v6","strata","pinned_supalosa__hfo-lvl","D->L","0"
"unbounded_minus_disabled","v6","strata","pinned_supalosa__hfo-lvl","L->W","0"
"unbounded_minus_disabled","v6","strata","pinned_supalosa__hfo-lvl","L->D","0"
"unbounded_minus_disabled","v6","strata","pinned_supalosa__hfo-lvl","L->L","3"
"unbounded_minus_disabled","v6","strata","pinned_supalosa__hfo-original","W->W","3"
"unbounded_minus_disabled","v6","strata","pinned_supalosa__hfo-original","W->D","0"
"unbounded_minus_disabled","v6","strata","pinned_supalosa__hfo-original","W->L","0"
"unbounded_minus_disabled","v6","strata","pinned_supalosa__hfo-original","D->W","0"
"unbounded_minus_disabled","v6","strata","pinned_supalosa__hfo-original","D->D","2"
"unbounded_minus_disabled","v6","strata","pinned_supalosa__hfo-original","D->L","0"
"unbounded_minus_disabled","v6","strata","pinned_supalosa__hfo-original","L->W","0"
"unbounded_minus_disabled","v6","strata","pinned_supalosa__hfo-original","L->D","0"
"unbounded_minus_disabled","v6","strata","pinned_supalosa__hfo-original","L->L","3"
"unbounded_minus_disabled","v6","strata","pinned_supalosa__hfo-rvr","W->W","1"
"unbounded_minus_disabled","v6","strata","pinned_supalosa__hfo-rvr","W->D","2"
"unbounded_minus_disabled","v6","strata","pinned_supalosa__hfo-rvr","W->L","0"
"unbounded_minus_disabled","v6","strata","pinned_supalosa__hfo-rvr","D->W","1"
"unbounded_minus_disabled","v6","strata","pinned_supalosa__hfo-rvr","D->D","3"
"unbounded_minus_disabled","v6","strata","pinned_supalosa__hfo-rvr","D->L","0"
"unbounded_minus_disabled","v6","strata","pinned_supalosa__hfo-rvr","L->W","0"
"unbounded_minus_disabled","v6","strata","pinned_supalosa__hfo-rvr","L->D","0"
"unbounded_minus_disabled","v6","strata","pinned_supalosa__hfo-rvr","L->L","1"
"unbounded_minus_disabled","v6","strata","pinned_supalosa__hfo-tvt","W->W","3"
"unbounded_minus_disabled","v6","strata","pinned_supalosa__hfo-tvt","W->D","1"
"unbounded_minus_disabled","v6","strata","pinned_supalosa__hfo-tvt","W->L","0"
"unbounded_minus_disabled","v6","strata","pinned_supalosa__hfo-tvt","D->W","0"
"unbounded_minus_disabled","v6","strata","pinned_supalosa__hfo-tvt","D->D","4"
"unbounded_minus_disabled","v6","strata","pinned_supalosa__hfo-tvt","D->L","0"
"unbounded_minus_disabled","v6","strata","pinned_supalosa__hfo-tvt","L->W","0"
"unbounded_minus_disabled","v6","strata","pinned_supalosa__hfo-tvt","L->D","0"
"unbounded_minus_disabled","v6","strata","pinned_supalosa__hfo-tvt","L->L","0"
"unbounded_minus_disabled","v6","strata","pinned_supalosa__pacific-heights","W->W","6"
"unbounded_minus_disabled","v6","strata","pinned_supalosa__pacific-heights","W->D","0"
"unbounded_minus_disabled","v6","strata","pinned_supalosa__pacific-heights","W->L","0"
"unbounded_minus_disabled","v6","strata","pinned_supalosa__pacific-heights","D->W","0"
"unbounded_minus_disabled","v6","strata","pinned_supalosa__pacific-heights","D->D","2"
"unbounded_minus_disabled","v6","strata","pinned_supalosa__pacific-heights","D->L","0"
"unbounded_minus_disabled","v6","strata","pinned_supalosa__pacific-heights","L->W","0"
"unbounded_minus_disabled","v6","strata","pinned_supalosa__pacific-heights","L->D","0"
"unbounded_minus_disabled","v6","strata","pinned_supalosa__pacific-heights","L->L","0"
"unbounded_minus_disabled","v6","strata","pinned_supalosa__peak","W->W","3"
"unbounded_minus_disabled","v6","strata","pinned_supalosa__peak","W->D","0"
"unbounded_minus_disabled","v6","strata","pinned_supalosa__peak","W->L","0"
"unbounded_minus_disabled","v6","strata","pinned_supalosa__peak","D->W","0"
"unbounded_minus_disabled","v6","strata","pinned_supalosa__peak","D->D","4"
"unbounded_minus_disabled","v6","strata","pinned_supalosa__peak","D->L","1"
"unbounded_minus_disabled","v6","strata","pinned_supalosa__peak","L->W","0"
"unbounded_minus_disabled","v6","strata","pinned_supalosa__peak","L->D","0"
"unbounded_minus_disabled","v6","strata","pinned_supalosa__peak","L->L","0"
"unbounded_minus_disabled","v6","strata","pinned_supalosa__south-pacific","W->W","0"
"unbounded_minus_disabled","v6","strata","pinned_supalosa__south-pacific","W->D","0"
"unbounded_minus_disabled","v6","strata","pinned_supalosa__south-pacific","W->L","0"
"unbounded_minus_disabled","v6","strata","pinned_supalosa__south-pacific","D->W","0"
"unbounded_minus_disabled","v6","strata","pinned_supalosa__south-pacific","D->D","6"
"unbounded_minus_disabled","v6","strata","pinned_supalosa__south-pacific","D->L","0"
"unbounded_minus_disabled","v6","strata","pinned_supalosa__south-pacific","L->W","0"
"unbounded_minus_disabled","v6","strata","pinned_supalosa__south-pacific","L->D","0"
"unbounded_minus_disabled","v6","strata","pinned_supalosa__south-pacific","L->L","2"
"unbounded_minus_disabled","v6","strata","pinned_supalosa__south-pacific-2","W->W","0"
"unbounded_minus_disabled","v6","strata","pinned_supalosa__south-pacific-2","W->D","1"
"unbounded_minus_disabled","v6","strata","pinned_supalosa__south-pacific-2","W->L","0"
"unbounded_minus_disabled","v6","strata","pinned_supalosa__south-pacific-2","D->W","1"
"unbounded_minus_disabled","v6","strata","pinned_supalosa__south-pacific-2","D->D","4"
"unbounded_minus_disabled","v6","strata","pinned_supalosa__south-pacific-2","D->L","0"
"unbounded_minus_disabled","v6","strata","pinned_supalosa__south-pacific-2","L->W","0"
"unbounded_minus_disabled","v6","strata","pinned_supalosa__south-pacific-2","L->D","0"
"unbounded_minus_disabled","v6","strata","pinned_supalosa__south-pacific-2","L->L","2"
"unbounded_minus_disabled","v6","strata","pinned_supalosa__tour-of-egypt","W->W","1"
"unbounded_minus_disabled","v6","strata","pinned_supalosa__tour-of-egypt","W->D","0"
"unbounded_minus_disabled","v6","strata","pinned_supalosa__tour-of-egypt","W->L","0"
"unbounded_minus_disabled","v6","strata","pinned_supalosa__tour-of-egypt","D->W","0"
"unbounded_minus_disabled","v6","strata","pinned_supalosa__tour-of-egypt","D->D","1"
"unbounded_minus_disabled","v6","strata","pinned_supalosa__tour-of-egypt","D->L","0"
"unbounded_minus_disabled","v6","strata","pinned_supalosa__tour-of-egypt","L->W","0"
"unbounded_minus_disabled","v6","strata","pinned_supalosa__tour-of-egypt","L->D","0"
"unbounded_minus_disabled","v6","strata","pinned_supalosa__tour-of-egypt","L->L","6"
"unbounded_minus_disabled","v6","strata","ra2web_advanced__hfo-bvb","W->W","3"
"unbounded_minus_disabled","v6","strata","ra2web_advanced__hfo-bvb","W->D","0"
"unbounded_minus_disabled","v6","strata","ra2web_advanced__hfo-bvb","W->L","0"
"unbounded_minus_disabled","v6","strata","ra2web_advanced__hfo-bvb","D->W","0"
"unbounded_minus_disabled","v6","strata","ra2web_advanced__hfo-bvb","D->D","2"
"unbounded_minus_disabled","v6","strata","ra2web_advanced__hfo-bvb","D->L","2"
"unbounded_minus_disabled","v6","strata","ra2web_advanced__hfo-bvb","L->W","0"
"unbounded_minus_disabled","v6","strata","ra2web_advanced__hfo-bvb","L->D","0"
"unbounded_minus_disabled","v6","strata","ra2web_advanced__hfo-bvb","L->L","1"
"unbounded_minus_disabled","v6","strata","ra2web_advanced__hfo-corners","W->W","0"
"unbounded_minus_disabled","v6","strata","ra2web_advanced__hfo-corners","W->D","0"
"unbounded_minus_disabled","v6","strata","ra2web_advanced__hfo-corners","W->L","0"
"unbounded_minus_disabled","v6","strata","ra2web_advanced__hfo-corners","D->W","2"
"unbounded_minus_disabled","v6","strata","ra2web_advanced__hfo-corners","D->D","4"
"unbounded_minus_disabled","v6","strata","ra2web_advanced__hfo-corners","D->L","0"
"unbounded_minus_disabled","v6","strata","ra2web_advanced__hfo-corners","L->W","0"
"unbounded_minus_disabled","v6","strata","ra2web_advanced__hfo-corners","L->D","0"
"unbounded_minus_disabled","v6","strata","ra2web_advanced__hfo-corners","L->L","2"
"unbounded_minus_disabled","v6","strata","ra2web_advanced__hfo-corners-b","W->W","1"
"unbounded_minus_disabled","v6","strata","ra2web_advanced__hfo-corners-b","W->D","1"
"unbounded_minus_disabled","v6","strata","ra2web_advanced__hfo-corners-b","W->L","0"
"unbounded_minus_disabled","v6","strata","ra2web_advanced__hfo-corners-b","D->W","1"
"unbounded_minus_disabled","v6","strata","ra2web_advanced__hfo-corners-b","D->D","4"
"unbounded_minus_disabled","v6","strata","ra2web_advanced__hfo-corners-b","D->L","1"
"unbounded_minus_disabled","v6","strata","ra2web_advanced__hfo-corners-b","L->W","0"
"unbounded_minus_disabled","v6","strata","ra2web_advanced__hfo-corners-b","L->D","0"
"unbounded_minus_disabled","v6","strata","ra2web_advanced__hfo-corners-b","L->L","0"
"unbounded_minus_disabled","v6","strata","ra2web_advanced__hfo-corners-b-golden","W->W","2"
"unbounded_minus_disabled","v6","strata","ra2web_advanced__hfo-corners-b-golden","W->D","0"
"unbounded_minus_disabled","v6","strata","ra2web_advanced__hfo-corners-b-golden","W->L","0"
"unbounded_minus_disabled","v6","strata","ra2web_advanced__hfo-corners-b-golden","D->W","0"
"unbounded_minus_disabled","v6","strata","ra2web_advanced__hfo-corners-b-golden","D->D","4"
"unbounded_minus_disabled","v6","strata","ra2web_advanced__hfo-corners-b-golden","D->L","0"
"unbounded_minus_disabled","v6","strata","ra2web_advanced__hfo-corners-b-golden","L->W","0"
"unbounded_minus_disabled","v6","strata","ra2web_advanced__hfo-corners-b-golden","L->D","0"
"unbounded_minus_disabled","v6","strata","ra2web_advanced__hfo-corners-b-golden","L->L","2"
"unbounded_minus_disabled","v6","strata","ra2web_advanced__hfo-golden","W->W","3"
"unbounded_minus_disabled","v6","strata","ra2web_advanced__hfo-golden","W->D","0"
"unbounded_minus_disabled","v6","strata","ra2web_advanced__hfo-golden","W->L","0"
"unbounded_minus_disabled","v6","strata","ra2web_advanced__hfo-golden","D->W","1"
"unbounded_minus_disabled","v6","strata","ra2web_advanced__hfo-golden","D->D","3"
"unbounded_minus_disabled","v6","strata","ra2web_advanced__hfo-golden","D->L","0"
"unbounded_minus_disabled","v6","strata","ra2web_advanced__hfo-golden","L->W","0"
"unbounded_minus_disabled","v6","strata","ra2web_advanced__hfo-golden","L->D","0"
"unbounded_minus_disabled","v6","strata","ra2web_advanced__hfo-golden","L->L","1"
"unbounded_minus_disabled","v6","strata","ra2web_advanced__hfo-le","W->W","2"
"unbounded_minus_disabled","v6","strata","ra2web_advanced__hfo-le","W->D","0"
"unbounded_minus_disabled","v6","strata","ra2web_advanced__hfo-le","W->L","0"
"unbounded_minus_disabled","v6","strata","ra2web_advanced__hfo-le","D->W","0"
"unbounded_minus_disabled","v6","strata","ra2web_advanced__hfo-le","D->D","2"
"unbounded_minus_disabled","v6","strata","ra2web_advanced__hfo-le","D->L","1"
"unbounded_minus_disabled","v6","strata","ra2web_advanced__hfo-le","L->W","0"
"unbounded_minus_disabled","v6","strata","ra2web_advanced__hfo-le","L->D","0"
"unbounded_minus_disabled","v6","strata","ra2web_advanced__hfo-le","L->L","3"
"unbounded_minus_disabled","v6","strata","ra2web_advanced__hfo-lvl","W->W","2"
"unbounded_minus_disabled","v6","strata","ra2web_advanced__hfo-lvl","W->D","0"
"unbounded_minus_disabled","v6","strata","ra2web_advanced__hfo-lvl","W->L","0"
"unbounded_minus_disabled","v6","strata","ra2web_advanced__hfo-lvl","D->W","0"
"unbounded_minus_disabled","v6","strata","ra2web_advanced__hfo-lvl","D->D","3"
"unbounded_minus_disabled","v6","strata","ra2web_advanced__hfo-lvl","D->L","0"
"unbounded_minus_disabled","v6","strata","ra2web_advanced__hfo-lvl","L->W","0"
"unbounded_minus_disabled","v6","strata","ra2web_advanced__hfo-lvl","L->D","0"
"unbounded_minus_disabled","v6","strata","ra2web_advanced__hfo-lvl","L->L","3"
"unbounded_minus_disabled","v6","strata","ra2web_advanced__hfo-original","W->W","4"
"unbounded_minus_disabled","v6","strata","ra2web_advanced__hfo-original","W->D","0"
"unbounded_minus_disabled","v6","strata","ra2web_advanced__hfo-original","W->L","0"
"unbounded_minus_disabled","v6","strata","ra2web_advanced__hfo-original","D->W","0"
"unbounded_minus_disabled","v6","strata","ra2web_advanced__hfo-original","D->D","2"
"unbounded_minus_disabled","v6","strata","ra2web_advanced__hfo-original","D->L","0"
"unbounded_minus_disabled","v6","strata","ra2web_advanced__hfo-original","L->W","0"
"unbounded_minus_disabled","v6","strata","ra2web_advanced__hfo-original","L->D","0"
"unbounded_minus_disabled","v6","strata","ra2web_advanced__hfo-original","L->L","2"
"unbounded_minus_disabled","v6","strata","ra2web_advanced__hfo-rvr","W->W","0"
"unbounded_minus_disabled","v6","strata","ra2web_advanced__hfo-rvr","W->D","0"
"unbounded_minus_disabled","v6","strata","ra2web_advanced__hfo-rvr","W->L","1"
"unbounded_minus_disabled","v6","strata","ra2web_advanced__hfo-rvr","D->W","0"
"unbounded_minus_disabled","v6","strata","ra2web_advanced__hfo-rvr","D->D","5"
"unbounded_minus_disabled","v6","strata","ra2web_advanced__hfo-rvr","D->L","0"
"unbounded_minus_disabled","v6","strata","ra2web_advanced__hfo-rvr","L->W","0"
"unbounded_minus_disabled","v6","strata","ra2web_advanced__hfo-rvr","L->D","0"
"unbounded_minus_disabled","v6","strata","ra2web_advanced__hfo-rvr","L->L","2"
"unbounded_minus_disabled","v6","strata","ra2web_advanced__hfo-tvt","W->W","5"
"unbounded_minus_disabled","v6","strata","ra2web_advanced__hfo-tvt","W->D","0"
"unbounded_minus_disabled","v6","strata","ra2web_advanced__hfo-tvt","W->L","0"
"unbounded_minus_disabled","v6","strata","ra2web_advanced__hfo-tvt","D->W","0"
"unbounded_minus_disabled","v6","strata","ra2web_advanced__hfo-tvt","D->D","2"
"unbounded_minus_disabled","v6","strata","ra2web_advanced__hfo-tvt","D->L","0"
"unbounded_minus_disabled","v6","strata","ra2web_advanced__hfo-tvt","L->W","1"
"unbounded_minus_disabled","v6","strata","ra2web_advanced__hfo-tvt","L->D","0"
"unbounded_minus_disabled","v6","strata","ra2web_advanced__hfo-tvt","L->L","0"
"unbounded_minus_disabled","v6","maps","hfo-bvb","W->W","6"
"unbounded_minus_disabled","v6","maps","hfo-bvb","W->D","0"
"unbounded_minus_disabled","v6","maps","hfo-bvb","W->L","1"
"unbounded_minus_disabled","v6","maps","hfo-bvb","D->W","0"
"unbounded_minus_disabled","v6","maps","hfo-bvb","D->D","4"
"unbounded_minus_disabled","v6","maps","hfo-bvb","D->L","2"
"unbounded_minus_disabled","v6","maps","hfo-bvb","L->W","0"
"unbounded_minus_disabled","v6","maps","hfo-bvb","L->D","0"
"unbounded_minus_disabled","v6","maps","hfo-bvb","L->L","3"
"unbounded_minus_disabled","v6","maps","hfo-corners","W->W","3"
"unbounded_minus_disabled","v6","maps","hfo-corners","W->D","0"
"unbounded_minus_disabled","v6","maps","hfo-corners","W->L","0"
"unbounded_minus_disabled","v6","maps","hfo-corners","D->W","2"
"unbounded_minus_disabled","v6","maps","hfo-corners","D->D","6"
"unbounded_minus_disabled","v6","maps","hfo-corners","D->L","0"
"unbounded_minus_disabled","v6","maps","hfo-corners","L->W","0"
"unbounded_minus_disabled","v6","maps","hfo-corners","L->D","0"
"unbounded_minus_disabled","v6","maps","hfo-corners","L->L","5"
"unbounded_minus_disabled","v6","maps","hfo-corners-b","W->W","3"
"unbounded_minus_disabled","v6","maps","hfo-corners-b","W->D","1"
"unbounded_minus_disabled","v6","maps","hfo-corners-b","W->L","0"
"unbounded_minus_disabled","v6","maps","hfo-corners-b","D->W","2"
"unbounded_minus_disabled","v6","maps","hfo-corners-b","D->D","6"
"unbounded_minus_disabled","v6","maps","hfo-corners-b","D->L","1"
"unbounded_minus_disabled","v6","maps","hfo-corners-b","L->W","0"
"unbounded_minus_disabled","v6","maps","hfo-corners-b","L->D","0"
"unbounded_minus_disabled","v6","maps","hfo-corners-b","L->L","3"
"unbounded_minus_disabled","v6","maps","hfo-corners-b-golden","W->W","6"
"unbounded_minus_disabled","v6","maps","hfo-corners-b-golden","W->D","0"
"unbounded_minus_disabled","v6","maps","hfo-corners-b-golden","W->L","0"
"unbounded_minus_disabled","v6","maps","hfo-corners-b-golden","D->W","0"
"unbounded_minus_disabled","v6","maps","hfo-corners-b-golden","D->D","5"
"unbounded_minus_disabled","v6","maps","hfo-corners-b-golden","D->L","0"
"unbounded_minus_disabled","v6","maps","hfo-corners-b-golden","L->W","0"
"unbounded_minus_disabled","v6","maps","hfo-corners-b-golden","L->D","1"
"unbounded_minus_disabled","v6","maps","hfo-corners-b-golden","L->L","4"
"unbounded_minus_disabled","v6","maps","hfo-golden","W->W","6"
"unbounded_minus_disabled","v6","maps","hfo-golden","W->D","0"
"unbounded_minus_disabled","v6","maps","hfo-golden","W->L","1"
"unbounded_minus_disabled","v6","maps","hfo-golden","D->W","1"
"unbounded_minus_disabled","v6","maps","hfo-golden","D->D","5"
"unbounded_minus_disabled","v6","maps","hfo-golden","D->L","0"
"unbounded_minus_disabled","v6","maps","hfo-golden","L->W","0"
"unbounded_minus_disabled","v6","maps","hfo-golden","L->D","0"
"unbounded_minus_disabled","v6","maps","hfo-golden","L->L","3"
"unbounded_minus_disabled","v6","maps","hfo-le","W->W","5"
"unbounded_minus_disabled","v6","maps","hfo-le","W->D","1"
"unbounded_minus_disabled","v6","maps","hfo-le","W->L","0"
"unbounded_minus_disabled","v6","maps","hfo-le","D->W","0"
"unbounded_minus_disabled","v6","maps","hfo-le","D->D","4"
"unbounded_minus_disabled","v6","maps","hfo-le","D->L","1"
"unbounded_minus_disabled","v6","maps","hfo-le","L->W","0"
"unbounded_minus_disabled","v6","maps","hfo-le","L->D","0"
"unbounded_minus_disabled","v6","maps","hfo-le","L->L","5"
"unbounded_minus_disabled","v6","maps","hfo-lvl","W->W","5"
"unbounded_minus_disabled","v6","maps","hfo-lvl","W->D","0"
"unbounded_minus_disabled","v6","maps","hfo-lvl","W->L","1"
"unbounded_minus_disabled","v6","maps","hfo-lvl","D->W","0"
"unbounded_minus_disabled","v6","maps","hfo-lvl","D->D","4"
"unbounded_minus_disabled","v6","maps","hfo-lvl","D->L","0"
"unbounded_minus_disabled","v6","maps","hfo-lvl","L->W","0"
"unbounded_minus_disabled","v6","maps","hfo-lvl","L->D","0"
"unbounded_minus_disabled","v6","maps","hfo-lvl","L->L","6"
"unbounded_minus_disabled","v6","maps","hfo-original","W->W","7"
"unbounded_minus_disabled","v6","maps","hfo-original","W->D","0"
"unbounded_minus_disabled","v6","maps","hfo-original","W->L","0"
"unbounded_minus_disabled","v6","maps","hfo-original","D->W","0"
"unbounded_minus_disabled","v6","maps","hfo-original","D->D","4"
"unbounded_minus_disabled","v6","maps","hfo-original","D->L","0"
"unbounded_minus_disabled","v6","maps","hfo-original","L->W","0"
"unbounded_minus_disabled","v6","maps","hfo-original","L->D","0"
"unbounded_minus_disabled","v6","maps","hfo-original","L->L","5"
"unbounded_minus_disabled","v6","maps","hfo-rvr","W->W","1"
"unbounded_minus_disabled","v6","maps","hfo-rvr","W->D","2"
"unbounded_minus_disabled","v6","maps","hfo-rvr","W->L","1"
"unbounded_minus_disabled","v6","maps","hfo-rvr","D->W","1"
"unbounded_minus_disabled","v6","maps","hfo-rvr","D->D","8"
"unbounded_minus_disabled","v6","maps","hfo-rvr","D->L","0"
"unbounded_minus_disabled","v6","maps","hfo-rvr","L->W","0"
"unbounded_minus_disabled","v6","maps","hfo-rvr","L->D","0"
"unbounded_minus_disabled","v6","maps","hfo-rvr","L->L","3"
"unbounded_minus_disabled","v6","maps","hfo-tvt","W->W","8"
"unbounded_minus_disabled","v6","maps","hfo-tvt","W->D","1"
"unbounded_minus_disabled","v6","maps","hfo-tvt","W->L","0"
"unbounded_minus_disabled","v6","maps","hfo-tvt","D->W","0"
"unbounded_minus_disabled","v6","maps","hfo-tvt","D->D","6"
"unbounded_minus_disabled","v6","maps","hfo-tvt","D->L","0"
"unbounded_minus_disabled","v6","maps","hfo-tvt","L->W","1"
"unbounded_minus_disabled","v6","maps","hfo-tvt","L->D","0"
"unbounded_minus_disabled","v6","maps","hfo-tvt","L->L","0"
"unbounded_minus_disabled","v6","maps","pacific-heights","W->W","6"
"unbounded_minus_disabled","v6","maps","pacific-heights","W->D","0"
"unbounded_minus_disabled","v6","maps","pacific-heights","W->L","0"
"unbounded_minus_disabled","v6","maps","pacific-heights","D->W","0"
"unbounded_minus_disabled","v6","maps","pacific-heights","D->D","2"
"unbounded_minus_disabled","v6","maps","pacific-heights","D->L","0"
"unbounded_minus_disabled","v6","maps","pacific-heights","L->W","0"
"unbounded_minus_disabled","v6","maps","pacific-heights","L->D","0"
"unbounded_minus_disabled","v6","maps","pacific-heights","L->L","0"
"unbounded_minus_disabled","v6","maps","peak","W->W","3"
"unbounded_minus_disabled","v6","maps","peak","W->D","0"
"unbounded_minus_disabled","v6","maps","peak","W->L","0"
"unbounded_minus_disabled","v6","maps","peak","D->W","0"
"unbounded_minus_disabled","v6","maps","peak","D->D","4"
"unbounded_minus_disabled","v6","maps","peak","D->L","1"
"unbounded_minus_disabled","v6","maps","peak","L->W","0"
"unbounded_minus_disabled","v6","maps","peak","L->D","0"
"unbounded_minus_disabled","v6","maps","peak","L->L","0"
"unbounded_minus_disabled","v6","maps","south-pacific","W->W","0"
"unbounded_minus_disabled","v6","maps","south-pacific","W->D","0"
"unbounded_minus_disabled","v6","maps","south-pacific","W->L","0"
"unbounded_minus_disabled","v6","maps","south-pacific","D->W","0"
"unbounded_minus_disabled","v6","maps","south-pacific","D->D","6"
"unbounded_minus_disabled","v6","maps","south-pacific","D->L","0"
"unbounded_minus_disabled","v6","maps","south-pacific","L->W","0"
"unbounded_minus_disabled","v6","maps","south-pacific","L->D","0"
"unbounded_minus_disabled","v6","maps","south-pacific","L->L","2"
"unbounded_minus_disabled","v6","maps","south-pacific-2","W->W","0"
"unbounded_minus_disabled","v6","maps","south-pacific-2","W->D","1"
"unbounded_minus_disabled","v6","maps","south-pacific-2","W->L","0"
"unbounded_minus_disabled","v6","maps","south-pacific-2","D->W","1"
"unbounded_minus_disabled","v6","maps","south-pacific-2","D->D","4"
"unbounded_minus_disabled","v6","maps","south-pacific-2","D->L","0"
"unbounded_minus_disabled","v6","maps","south-pacific-2","L->W","0"
"unbounded_minus_disabled","v6","maps","south-pacific-2","L->D","0"
"unbounded_minus_disabled","v6","maps","south-pacific-2","L->L","2"
"unbounded_minus_disabled","v6","maps","tour-of-egypt","W->W","1"
"unbounded_minus_disabled","v6","maps","tour-of-egypt","W->D","0"
"unbounded_minus_disabled","v6","maps","tour-of-egypt","W->L","0"
"unbounded_minus_disabled","v6","maps","tour-of-egypt","D->W","0"
"unbounded_minus_disabled","v6","maps","tour-of-egypt","D->D","1"
"unbounded_minus_disabled","v6","maps","tour-of-egypt","D->L","0"
"unbounded_minus_disabled","v6","maps","tour-of-egypt","L->W","0"
"unbounded_minus_disabled","v6","maps","tour-of-egypt","L->D","0"
"unbounded_minus_disabled","v6","maps","tour-of-egypt","L->L","6"
"unbounded_minus_disabled","v6","countries","Africans","W->W","29"
"unbounded_minus_disabled","v6","countries","Africans","W->D","0"
"unbounded_minus_disabled","v6","countries","Africans","W->L","0"
"unbounded_minus_disabled","v6","countries","Africans","D->W","0"
"unbounded_minus_disabled","v6","countries","Africans","D->D","56"
"unbounded_minus_disabled","v6","countries","Africans","D->L","1"
"unbounded_minus_disabled","v6","countries","Africans","L->W","0"
"unbounded_minus_disabled","v6","countries","Africans","L->D","0"
"unbounded_minus_disabled","v6","countries","Africans","L->L","14"
"unbounded_minus_disabled","v6","countries","Americans","W->W","31"
"unbounded_minus_disabled","v6","countries","Americans","W->D","6"
"unbounded_minus_disabled","v6","countries","Americans","W->L","4"
"unbounded_minus_disabled","v6","countries","Americans","D->W","7"
"unbounded_minus_disabled","v6","countries","Americans","D->D","13"
"unbounded_minus_disabled","v6","countries","Americans","D->L","4"
"unbounded_minus_disabled","v6","countries","Americans","L->W","1"
"unbounded_minus_disabled","v6","countries","Americans","L->D","1"
"unbounded_minus_disabled","v6","countries","Americans","L->L","33"
"unbounded_minus_disabled","v6","factions","Allied","W->W","31"
"unbounded_minus_disabled","v6","factions","Allied","W->D","6"
"unbounded_minus_disabled","v6","factions","Allied","W->L","4"
"unbounded_minus_disabled","v6","factions","Allied","D->W","7"
"unbounded_minus_disabled","v6","factions","Allied","D->D","13"
"unbounded_minus_disabled","v6","factions","Allied","D->L","4"
"unbounded_minus_disabled","v6","factions","Allied","L->W","1"
"unbounded_minus_disabled","v6","factions","Allied","L->D","1"
"unbounded_minus_disabled","v6","factions","Allied","L->L","33"
"unbounded_minus_disabled","v6","factions","Soviet","W->W","29"
"unbounded_minus_disabled","v6","factions","Soviet","W->D","0"
"unbounded_minus_disabled","v6","factions","Soviet","W->L","0"
"unbounded_minus_disabled","v6","factions","Soviet","D->W","0"
"unbounded_minus_disabled","v6","factions","Soviet","D->D","56"
"unbounded_minus_disabled","v6","factions","Soviet","D->L","1"
"unbounded_minus_disabled","v6","factions","Soviet","L->W","0"
"unbounded_minus_disabled","v6","factions","Soviet","L->D","0"
"unbounded_minus_disabled","v6","factions","Soviet","L->L","14"
"unbounded_minus_disabled","v6","slots","0","W->W","28"
"unbounded_minus_disabled","v6","slots","0","W->D","2"
"unbounded_minus_disabled","v6","slots","0","W->L","2"
"unbounded_minus_disabled","v6","slots","0","D->W","3"
"unbounded_minus_disabled","v6","slots","0","D->D","35"
"unbounded_minus_disabled","v6","slots","0","D->L","1"
"unbounded_minus_disabled","v6","slots","0","L->W","1"
"unbounded_minus_disabled","v6","slots","0","L->D","1"
"unbounded_minus_disabled","v6","slots","0","L->L","27"
"unbounded_minus_disabled","v6","slots","1","W->W","32"
"unbounded_minus_disabled","v6","slots","1","W->D","4"
"unbounded_minus_disabled","v6","slots","1","W->L","2"
"unbounded_minus_disabled","v6","slots","1","D->W","4"
"unbounded_minus_disabled","v6","slots","1","D->D","34"
"unbounded_minus_disabled","v6","slots","1","D->L","4"
"unbounded_minus_disabled","v6","slots","1","L->W","0"
"unbounded_minus_disabled","v6","slots","1","L->D","0"
"unbounded_minus_disabled","v6","slots","1","L->L","20"
"unbounded_minus_disabled","v6","directions","0","W->W","24"
"unbounded_minus_disabled","v6","directions","0","W->D","1"
"unbounded_minus_disabled","v6","directions","0","W->L","1"
"unbounded_minus_disabled","v6","directions","0","D->W","2"
"unbounded_minus_disabled","v6","directions","0","D->D","35"
"unbounded_minus_disabled","v6","directions","0","D->L","1"
"unbounded_minus_disabled","v6","directions","0","L->W","1"
"unbounded_minus_disabled","v6","directions","0","L->D","1"
"unbounded_minus_disabled","v6","directions","0","L->L","34"
"unbounded_minus_disabled","v6","directions","1","W->W","36"
"unbounded_minus_disabled","v6","directions","1","W->D","5"
"unbounded_minus_disabled","v6","directions","1","W->L","3"
"unbounded_minus_disabled","v6","directions","1","D->W","5"
"unbounded_minus_disabled","v6","directions","1","D->D","34"
"unbounded_minus_disabled","v6","directions","1","D->L","4"
"unbounded_minus_disabled","v6","directions","1","L->W","0"
"unbounded_minus_disabled","v6","directions","1","L->D","0"
"unbounded_minus_disabled","v6","directions","1","L->L","13"
"unbounded_minus_disabled","v6","countryDirection","Africans/0","W->W","15"
"unbounded_minus_disabled","v6","countryDirection","Africans/0","W->D","0"
"unbounded_minus_disabled","v6","countryDirection","Africans/0","W->L","0"
"unbounded_minus_disabled","v6","countryDirection","Africans/0","D->W","0"
"unbounded_minus_disabled","v6","countryDirection","Africans/0","D->D","27"
"unbounded_minus_disabled","v6","countryDirection","Africans/0","D->L","0"
"unbounded_minus_disabled","v6","countryDirection","Africans/0","L->W","0"
"unbounded_minus_disabled","v6","countryDirection","Africans/0","L->D","0"
"unbounded_minus_disabled","v6","countryDirection","Africans/0","L->L","8"
"unbounded_minus_disabled","v6","countryDirection","Africans/1","W->W","14"
"unbounded_minus_disabled","v6","countryDirection","Africans/1","W->D","0"
"unbounded_minus_disabled","v6","countryDirection","Africans/1","W->L","0"
"unbounded_minus_disabled","v6","countryDirection","Africans/1","D->W","0"
"unbounded_minus_disabled","v6","countryDirection","Africans/1","D->D","29"
"unbounded_minus_disabled","v6","countryDirection","Africans/1","D->L","1"
"unbounded_minus_disabled","v6","countryDirection","Africans/1","L->W","0"
"unbounded_minus_disabled","v6","countryDirection","Africans/1","L->D","0"
"unbounded_minus_disabled","v6","countryDirection","Africans/1","L->L","6"
"unbounded_minus_disabled","v6","countryDirection","Americans/0","W->W","9"
"unbounded_minus_disabled","v6","countryDirection","Americans/0","W->D","1"
"unbounded_minus_disabled","v6","countryDirection","Americans/0","W->L","1"
"unbounded_minus_disabled","v6","countryDirection","Americans/0","D->W","2"
"unbounded_minus_disabled","v6","countryDirection","Americans/0","D->D","8"
"unbounded_minus_disabled","v6","countryDirection","Americans/0","D->L","1"
"unbounded_minus_disabled","v6","countryDirection","Americans/0","L->W","1"
"unbounded_minus_disabled","v6","countryDirection","Americans/0","L->D","1"
"unbounded_minus_disabled","v6","countryDirection","Americans/0","L->L","26"
"unbounded_minus_disabled","v6","countryDirection","Americans/1","W->W","22"
"unbounded_minus_disabled","v6","countryDirection","Americans/1","W->D","5"
"unbounded_minus_disabled","v6","countryDirection","Americans/1","W->L","3"
"unbounded_minus_disabled","v6","countryDirection","Americans/1","D->W","5"
"unbounded_minus_disabled","v6","countryDirection","Americans/1","D->D","5"
"unbounded_minus_disabled","v6","countryDirection","Americans/1","D->L","3"
"unbounded_minus_disabled","v6","countryDirection","Americans/1","L->W","0"
"unbounded_minus_disabled","v6","countryDirection","Americans/1","L->D","0"
"unbounded_minus_disabled","v6","countryDirection","Americans/1","L->L","7"
"unbounded_minus_disabled","v6","opponentCountry","pinned_supalosa/Africans","W->W","20"
"unbounded_minus_disabled","v6","opponentCountry","pinned_supalosa/Africans","W->D","0"
"unbounded_minus_disabled","v6","opponentCountry","pinned_supalosa/Africans","W->L","0"
"unbounded_minus_disabled","v6","opponentCountry","pinned_supalosa/Africans","D->W","0"
"unbounded_minus_disabled","v6","opponentCountry","pinned_supalosa/Africans","D->D","26"
"unbounded_minus_disabled","v6","opponentCountry","pinned_supalosa/Africans","D->L","1"
"unbounded_minus_disabled","v6","opponentCountry","pinned_supalosa/Africans","L->W","0"
"unbounded_minus_disabled","v6","opponentCountry","pinned_supalosa/Africans","L->D","0"
"unbounded_minus_disabled","v6","opponentCountry","pinned_supalosa/Africans","L->L","13"
"unbounded_minus_disabled","v6","opponentCountry","pinned_supalosa/Americans","W->W","18"
"unbounded_minus_disabled","v6","opponentCountry","pinned_supalosa/Americans","W->D","5"
"unbounded_minus_disabled","v6","opponentCountry","pinned_supalosa/Americans","W->L","3"
"unbounded_minus_disabled","v6","opponentCountry","pinned_supalosa/Americans","D->W","3"
"unbounded_minus_disabled","v6","opponentCountry","pinned_supalosa/Americans","D->D","12"
"unbounded_minus_disabled","v6","opponentCountry","pinned_supalosa/Americans","D->L","0"
"unbounded_minus_disabled","v6","opponentCountry","pinned_supalosa/Americans","L->W","0"
"unbounded_minus_disabled","v6","opponentCountry","pinned_supalosa/Americans","L->D","1"
"unbounded_minus_disabled","v6","opponentCountry","pinned_supalosa/Americans","L->L","18"
"unbounded_minus_disabled","v6","opponentCountry","ra2web_advanced/Africans","W->W","9"
"unbounded_minus_disabled","v6","opponentCountry","ra2web_advanced/Africans","W->D","0"
"unbounded_minus_disabled","v6","opponentCountry","ra2web_advanced/Africans","W->L","0"
"unbounded_minus_disabled","v6","opponentCountry","ra2web_advanced/Africans","D->W","0"
"unbounded_minus_disabled","v6","opponentCountry","ra2web_advanced/Africans","D->D","30"
"unbounded_minus_disabled","v6","opponentCountry","ra2web_advanced/Africans","D->L","0"
"unbounded_minus_disabled","v6","opponentCountry","ra2web_advanced/Africans","L->W","0"
"unbounded_minus_disabled","v6","opponentCountry","ra2web_advanced/Africans","L->D","0"
"unbounded_minus_disabled","v6","opponentCountry","ra2web_advanced/Africans","L->L","1"
"unbounded_minus_disabled","v6","opponentCountry","ra2web_advanced/Americans","W->W","13"
"unbounded_minus_disabled","v6","opponentCountry","ra2web_advanced/Americans","W->D","1"
"unbounded_minus_disabled","v6","opponentCountry","ra2web_advanced/Americans","W->L","1"
"unbounded_minus_disabled","v6","opponentCountry","ra2web_advanced/Americans","D->W","4"
"unbounded_minus_disabled","v6","opponentCountry","ra2web_advanced/Americans","D->D","1"
"unbounded_minus_disabled","v6","opponentCountry","ra2web_advanced/Americans","D->L","4"
"unbounded_minus_disabled","v6","opponentCountry","ra2web_advanced/Americans","L->W","1"
"unbounded_minus_disabled","v6","opponentCountry","ra2web_advanced/Americans","L->D","0"
"unbounded_minus_disabled","v6","opponentCountry","ra2web_advanced/Americans","L->L","15"
"unbounded_minus_disabled","v6","opponentFaction","pinned_supalosa/Allied","W->W","18"
"unbounded_minus_disabled","v6","opponentFaction","pinned_supalosa/Allied","W->D","5"
"unbounded_minus_disabled","v6","opponentFaction","pinned_supalosa/Allied","W->L","3"
"unbounded_minus_disabled","v6","opponentFaction","pinned_supalosa/Allied","D->W","3"
"unbounded_minus_disabled","v6","opponentFaction","pinned_supalosa/Allied","D->D","12"
"unbounded_minus_disabled","v6","opponentFaction","pinned_supalosa/Allied","D->L","0"
"unbounded_minus_disabled","v6","opponentFaction","pinned_supalosa/Allied","L->W","0"
"unbounded_minus_disabled","v6","opponentFaction","pinned_supalosa/Allied","L->D","1"
"unbounded_minus_disabled","v6","opponentFaction","pinned_supalosa/Allied","L->L","18"
"unbounded_minus_disabled","v6","opponentFaction","pinned_supalosa/Soviet","W->W","20"
"unbounded_minus_disabled","v6","opponentFaction","pinned_supalosa/Soviet","W->D","0"
"unbounded_minus_disabled","v6","opponentFaction","pinned_supalosa/Soviet","W->L","0"
"unbounded_minus_disabled","v6","opponentFaction","pinned_supalosa/Soviet","D->W","0"
"unbounded_minus_disabled","v6","opponentFaction","pinned_supalosa/Soviet","D->D","26"
"unbounded_minus_disabled","v6","opponentFaction","pinned_supalosa/Soviet","D->L","1"
"unbounded_minus_disabled","v6","opponentFaction","pinned_supalosa/Soviet","L->W","0"
"unbounded_minus_disabled","v6","opponentFaction","pinned_supalosa/Soviet","L->D","0"
"unbounded_minus_disabled","v6","opponentFaction","pinned_supalosa/Soviet","L->L","13"
"unbounded_minus_disabled","v6","opponentFaction","ra2web_advanced/Allied","W->W","13"
"unbounded_minus_disabled","v6","opponentFaction","ra2web_advanced/Allied","W->D","1"
"unbounded_minus_disabled","v6","opponentFaction","ra2web_advanced/Allied","W->L","1"
"unbounded_minus_disabled","v6","opponentFaction","ra2web_advanced/Allied","D->W","4"
"unbounded_minus_disabled","v6","opponentFaction","ra2web_advanced/Allied","D->D","1"
"unbounded_minus_disabled","v6","opponentFaction","ra2web_advanced/Allied","D->L","4"
"unbounded_minus_disabled","v6","opponentFaction","ra2web_advanced/Allied","L->W","1"
"unbounded_minus_disabled","v6","opponentFaction","ra2web_advanced/Allied","L->D","0"
"unbounded_minus_disabled","v6","opponentFaction","ra2web_advanced/Allied","L->L","15"
"unbounded_minus_disabled","v6","opponentFaction","ra2web_advanced/Soviet","W->W","9"
"unbounded_minus_disabled","v6","opponentFaction","ra2web_advanced/Soviet","W->D","0"
"unbounded_minus_disabled","v6","opponentFaction","ra2web_advanced/Soviet","W->L","0"
"unbounded_minus_disabled","v6","opponentFaction","ra2web_advanced/Soviet","D->W","0"
"unbounded_minus_disabled","v6","opponentFaction","ra2web_advanced/Soviet","D->D","30"
"unbounded_minus_disabled","v6","opponentFaction","ra2web_advanced/Soviet","D->L","0"
"unbounded_minus_disabled","v6","opponentFaction","ra2web_advanced/Soviet","L->W","0"
"unbounded_minus_disabled","v6","opponentFaction","ra2web_advanced/Soviet","L->D","0"
"unbounded_minus_disabled","v6","opponentFaction","ra2web_advanced/Soviet","L->L","1"
"unbounded_minus_disabled","v6","opponentSlot","pinned_supalosa/0","W->W","16"
"unbounded_minus_disabled","v6","opponentSlot","pinned_supalosa/0","W->D","2"
"unbounded_minus_disabled","v6","opponentSlot","pinned_supalosa/0","W->L","2"
"unbounded_minus_disabled","v6","opponentSlot","pinned_supalosa/0","D->W","1"
"unbounded_minus_disabled","v6","opponentSlot","pinned_supalosa/0","D->D","19"
"unbounded_minus_disabled","v6","opponentSlot","pinned_supalosa/0","D->L","0"
"unbounded_minus_disabled","v6","opponentSlot","pinned_supalosa/0","L->W","0"
"unbounded_minus_disabled","v6","opponentSlot","pinned_supalosa/0","L->D","1"
"unbounded_minus_disabled","v6","opponentSlot","pinned_supalosa/0","L->L","19"
"unbounded_minus_disabled","v6","opponentSlot","pinned_supalosa/1","W->W","22"
"unbounded_minus_disabled","v6","opponentSlot","pinned_supalosa/1","W->D","3"
"unbounded_minus_disabled","v6","opponentSlot","pinned_supalosa/1","W->L","1"
"unbounded_minus_disabled","v6","opponentSlot","pinned_supalosa/1","D->W","2"
"unbounded_minus_disabled","v6","opponentSlot","pinned_supalosa/1","D->D","19"
"unbounded_minus_disabled","v6","opponentSlot","pinned_supalosa/1","D->L","1"
"unbounded_minus_disabled","v6","opponentSlot","pinned_supalosa/1","L->W","0"
"unbounded_minus_disabled","v6","opponentSlot","pinned_supalosa/1","L->D","0"
"unbounded_minus_disabled","v6","opponentSlot","pinned_supalosa/1","L->L","12"
"unbounded_minus_disabled","v6","opponentSlot","ra2web_advanced/0","W->W","12"
"unbounded_minus_disabled","v6","opponentSlot","ra2web_advanced/0","W->D","0"
"unbounded_minus_disabled","v6","opponentSlot","ra2web_advanced/0","W->L","0"
"unbounded_minus_disabled","v6","opponentSlot","ra2web_advanced/0","D->W","2"
"unbounded_minus_disabled","v6","opponentSlot","ra2web_advanced/0","D->D","16"
"unbounded_minus_disabled","v6","opponentSlot","ra2web_advanced/0","D->L","1"
"unbounded_minus_disabled","v6","opponentSlot","ra2web_advanced/0","L->W","1"
"unbounded_minus_disabled","v6","opponentSlot","ra2web_advanced/0","L->D","0"
"unbounded_minus_disabled","v6","opponentSlot","ra2web_advanced/0","L->L","8"
"unbounded_minus_disabled","v6","opponentSlot","ra2web_advanced/1","W->W","10"
"unbounded_minus_disabled","v6","opponentSlot","ra2web_advanced/1","W->D","1"
"unbounded_minus_disabled","v6","opponentSlot","ra2web_advanced/1","W->L","1"
"unbounded_minus_disabled","v6","opponentSlot","ra2web_advanced/1","D->W","2"
"unbounded_minus_disabled","v6","opponentSlot","ra2web_advanced/1","D->D","15"
"unbounded_minus_disabled","v6","opponentSlot","ra2web_advanced/1","D->L","3"
"unbounded_minus_disabled","v6","opponentSlot","ra2web_advanced/1","L->W","0"
"unbounded_minus_disabled","v6","opponentSlot","ra2web_advanced/1","L->D","0"
"unbounded_minus_disabled","v6","opponentSlot","ra2web_advanced/1","L->L","8"
"unbounded_minus_disabled","v6","opponentDirection","pinned_supalosa/0","W->W","17"
"unbounded_minus_disabled","v6","opponentDirection","pinned_supalosa/0","W->D","1"
"unbounded_minus_disabled","v6","opponentDirection","pinned_supalosa/0","W->L","1"
"unbounded_minus_disabled","v6","opponentDirection","pinned_supalosa/0","D->W","1"
"unbounded_minus_disabled","v6","opponentDirection","pinned_supalosa/0","D->D","20"
"unbounded_minus_disabled","v6","opponentDirection","pinned_supalosa/0","D->L","0"
"unbounded_minus_disabled","v6","opponentDirection","pinned_supalosa/0","L->W","0"
"unbounded_minus_disabled","v6","opponentDirection","pinned_supalosa/0","L->D","1"
"unbounded_minus_disabled","v6","opponentDirection","pinned_supalosa/0","L->L","19"
"unbounded_minus_disabled","v6","opponentDirection","pinned_supalosa/1","W->W","21"
"unbounded_minus_disabled","v6","opponentDirection","pinned_supalosa/1","W->D","4"
"unbounded_minus_disabled","v6","opponentDirection","pinned_supalosa/1","W->L","2"
"unbounded_minus_disabled","v6","opponentDirection","pinned_supalosa/1","D->W","2"
"unbounded_minus_disabled","v6","opponentDirection","pinned_supalosa/1","D->D","18"
"unbounded_minus_disabled","v6","opponentDirection","pinned_supalosa/1","D->L","1"
"unbounded_minus_disabled","v6","opponentDirection","pinned_supalosa/1","L->W","0"
"unbounded_minus_disabled","v6","opponentDirection","pinned_supalosa/1","L->D","0"
"unbounded_minus_disabled","v6","opponentDirection","pinned_supalosa/1","L->L","12"
"unbounded_minus_disabled","v6","opponentDirection","ra2web_advanced/0","W->W","7"
"unbounded_minus_disabled","v6","opponentDirection","ra2web_advanced/0","W->D","0"
"unbounded_minus_disabled","v6","opponentDirection","ra2web_advanced/0","W->L","0"
"unbounded_minus_disabled","v6","opponentDirection","ra2web_advanced/0","D->W","1"
"unbounded_minus_disabled","v6","opponentDirection","ra2web_advanced/0","D->D","15"
"unbounded_minus_disabled","v6","opponentDirection","ra2web_advanced/0","D->L","1"
"unbounded_minus_disabled","v6","opponentDirection","ra2web_advanced/0","L->W","1"
"unbounded_minus_disabled","v6","opponentDirection","ra2web_advanced/0","L->D","0"
"unbounded_minus_disabled","v6","opponentDirection","ra2web_advanced/0","L->L","15"
"unbounded_minus_disabled","v6","opponentDirection","ra2web_advanced/1","W->W","15"
"unbounded_minus_disabled","v6","opponentDirection","ra2web_advanced/1","W->D","1"
"unbounded_minus_disabled","v6","opponentDirection","ra2web_advanced/1","W->L","1"
"unbounded_minus_disabled","v6","opponentDirection","ra2web_advanced/1","D->W","3"
"unbounded_minus_disabled","v6","opponentDirection","ra2web_advanced/1","D->D","16"
"unbounded_minus_disabled","v6","opponentDirection","ra2web_advanced/1","D->L","3"
"unbounded_minus_disabled","v6","opponentDirection","ra2web_advanced/1","L->W","0"
"unbounded_minus_disabled","v6","opponentDirection","ra2web_advanced/1","L->D","0"
"unbounded_minus_disabled","v6","opponentDirection","ra2web_advanced/1","L->L","1"
"unbounded_minus_disabled","v6","opponentCountryDirection","pinned_supalosa/Africans/0","W->W","11"
"unbounded_minus_disabled","v6","opponentCountryDirection","pinned_supalosa/Africans/0","W->D","0"
"unbounded_minus_disabled","v6","opponentCountryDirection","pinned_supalosa/Africans/0","W->L","0"
"unbounded_minus_disabled","v6","opponentCountryDirection","pinned_supalosa/Africans/0","D->W","0"
"unbounded_minus_disabled","v6","opponentCountryDirection","pinned_supalosa/Africans/0","D->D","12"
"unbounded_minus_disabled","v6","opponentCountryDirection","pinned_supalosa/Africans/0","D->L","0"
"unbounded_minus_disabled","v6","opponentCountryDirection","pinned_supalosa/Africans/0","L->W","0"
"unbounded_minus_disabled","v6","opponentCountryDirection","pinned_supalosa/Africans/0","L->D","0"
"unbounded_minus_disabled","v6","opponentCountryDirection","pinned_supalosa/Africans/0","L->L","7"
"unbounded_minus_disabled","v6","opponentCountryDirection","pinned_supalosa/Africans/1","W->W","9"
"unbounded_minus_disabled","v6","opponentCountryDirection","pinned_supalosa/Africans/1","W->D","0"
"unbounded_minus_disabled","v6","opponentCountryDirection","pinned_supalosa/Africans/1","W->L","0"
"unbounded_minus_disabled","v6","opponentCountryDirection","pinned_supalosa/Africans/1","D->W","0"
"unbounded_minus_disabled","v6","opponentCountryDirection","pinned_supalosa/Africans/1","D->D","14"
"unbounded_minus_disabled","v6","opponentCountryDirection","pinned_supalosa/Africans/1","D->L","1"
"unbounded_minus_disabled","v6","opponentCountryDirection","pinned_supalosa/Africans/1","L->W","0"
"unbounded_minus_disabled","v6","opponentCountryDirection","pinned_supalosa/Africans/1","L->D","0"
"unbounded_minus_disabled","v6","opponentCountryDirection","pinned_supalosa/Africans/1","L->L","6"
"unbounded_minus_disabled","v6","opponentCountryDirection","pinned_supalosa/Americans/0","W->W","6"
"unbounded_minus_disabled","v6","opponentCountryDirection","pinned_supalosa/Americans/0","W->D","1"
"unbounded_minus_disabled","v6","opponentCountryDirection","pinned_supalosa/Americans/0","W->L","1"
"unbounded_minus_disabled","v6","opponentCountryDirection","pinned_supalosa/Americans/0","D->W","1"
"unbounded_minus_disabled","v6","opponentCountryDirection","pinned_supalosa/Americans/0","D->D","8"
"unbounded_minus_disabled","v6","opponentCountryDirection","pinned_supalosa/Americans/0","D->L","0"
"unbounded_minus_disabled","v6","opponentCountryDirection","pinned_supalosa/Americans/0","L->W","0"
"unbounded_minus_disabled","v6","opponentCountryDirection","pinned_supalosa/Americans/0","L->D","1"
"unbounded_minus_disabled","v6","opponentCountryDirection","pinned_supalosa/Americans/0","L->L","12"
"unbounded_minus_disabled","v6","opponentCountryDirection","pinned_supalosa/Americans/1","W->W","12"
"unbounded_minus_disabled","v6","opponentCountryDirection","pinned_supalosa/Americans/1","W->D","4"
"unbounded_minus_disabled","v6","opponentCountryDirection","pinned_supalosa/Americans/1","W->L","2"
"unbounded_minus_disabled","v6","opponentCountryDirection","pinned_supalosa/Americans/1","D->W","2"
"unbounded_minus_disabled","v6","opponentCountryDirection","pinned_supalosa/Americans/1","D->D","4"
"unbounded_minus_disabled","v6","opponentCountryDirection","pinned_supalosa/Americans/1","D->L","0"
"unbounded_minus_disabled","v6","opponentCountryDirection","pinned_supalosa/Americans/1","L->W","0"
"unbounded_minus_disabled","v6","opponentCountryDirection","pinned_supalosa/Americans/1","L->D","0"
"unbounded_minus_disabled","v6","opponentCountryDirection","pinned_supalosa/Americans/1","L->L","6"
"unbounded_minus_disabled","v6","opponentCountryDirection","ra2web_advanced/Africans/0","W->W","4"
"unbounded_minus_disabled","v6","opponentCountryDirection","ra2web_advanced/Africans/0","W->D","0"
"unbounded_minus_disabled","v6","opponentCountryDirection","ra2web_advanced/Africans/0","W->L","0"
"unbounded_minus_disabled","v6","opponentCountryDirection","ra2web_advanced/Africans/0","D->W","0"
"unbounded_minus_disabled","v6","opponentCountryDirection","ra2web_advanced/Africans/0","D->D","15"
"unbounded_minus_disabled","v6","opponentCountryDirection","ra2web_advanced/Africans/0","D->L","0"
"unbounded_minus_disabled","v6","opponentCountryDirection","ra2web_advanced/Africans/0","L->W","0"
"unbounded_minus_disabled","v6","opponentCountryDirection","ra2web_advanced/Africans/0","L->D","0"
"unbounded_minus_disabled","v6","opponentCountryDirection","ra2web_advanced/Africans/0","L->L","1"
"unbounded_minus_disabled","v6","opponentCountryDirection","ra2web_advanced/Africans/1","W->W","5"
"unbounded_minus_disabled","v6","opponentCountryDirection","ra2web_advanced/Africans/1","W->D","0"
"unbounded_minus_disabled","v6","opponentCountryDirection","ra2web_advanced/Africans/1","W->L","0"
"unbounded_minus_disabled","v6","opponentCountryDirection","ra2web_advanced/Africans/1","D->W","0"
"unbounded_minus_disabled","v6","opponentCountryDirection","ra2web_advanced/Africans/1","D->D","15"
"unbounded_minus_disabled","v6","opponentCountryDirection","ra2web_advanced/Africans/1","D->L","0"
"unbounded_minus_disabled","v6","opponentCountryDirection","ra2web_advanced/Africans/1","L->W","0"
"unbounded_minus_disabled","v6","opponentCountryDirection","ra2web_advanced/Africans/1","L->D","0"
"unbounded_minus_disabled","v6","opponentCountryDirection","ra2web_advanced/Africans/1","L->L","0"
"unbounded_minus_disabled","v6","opponentCountryDirection","ra2web_advanced/Americans/0","W->W","3"
"unbounded_minus_disabled","v6","opponentCountryDirection","ra2web_advanced/Americans/0","W->D","0"
"unbounded_minus_disabled","v6","opponentCountryDirection","ra2web_advanced/Americans/0","W->L","0"
"unbounded_minus_disabled","v6","opponentCountryDirection","ra2web_advanced/Americans/0","D->W","1"
"unbounded_minus_disabled","v6","opponentCountryDirection","ra2web_advanced/Americans/0","D->D","0"
"unbounded_minus_disabled","v6","opponentCountryDirection","ra2web_advanced/Americans/0","D->L","1"
"unbounded_minus_disabled","v6","opponentCountryDirection","ra2web_advanced/Americans/0","L->W","1"
"unbounded_minus_disabled","v6","opponentCountryDirection","ra2web_advanced/Americans/0","L->D","0"
"unbounded_minus_disabled","v6","opponentCountryDirection","ra2web_advanced/Americans/0","L->L","14"
"unbounded_minus_disabled","v6","opponentCountryDirection","ra2web_advanced/Americans/1","W->W","10"
"unbounded_minus_disabled","v6","opponentCountryDirection","ra2web_advanced/Americans/1","W->D","1"
"unbounded_minus_disabled","v6","opponentCountryDirection","ra2web_advanced/Americans/1","W->L","1"
"unbounded_minus_disabled","v6","opponentCountryDirection","ra2web_advanced/Americans/1","D->W","3"
"unbounded_minus_disabled","v6","opponentCountryDirection","ra2web_advanced/Americans/1","D->D","1"
"unbounded_minus_disabled","v6","opponentCountryDirection","ra2web_advanced/Americans/1","D->L","3"
"unbounded_minus_disabled","v6","opponentCountryDirection","ra2web_advanced/Americans/1","L->W","0"
"unbounded_minus_disabled","v6","opponentCountryDirection","ra2web_advanced/Americans/1","L->D","0"
"unbounded_minus_disabled","v6","opponentCountryDirection","ra2web_advanced/Americans/1","L->L","1"
"unbounded_minus_disabled","v5","populations","overall","W->W","60"
"unbounded_minus_disabled","v5","populations","overall","W->D","5"
"unbounded_minus_disabled","v5","populations","overall","W->L","4"
"unbounded_minus_disabled","v5","populations","overall","D->W","6"
"unbounded_minus_disabled","v5","populations","overall","D->D","71"
"unbounded_minus_disabled","v5","populations","overall","D->L","5"
"unbounded_minus_disabled","v5","populations","overall","L->W","1"
"unbounded_minus_disabled","v5","populations","overall","L->D","1"
"unbounded_minus_disabled","v5","populations","overall","L->L","47"
"unbounded_minus_disabled","v5","populations","supalosa","W->W","38"
"unbounded_minus_disabled","v5","populations","supalosa","W->D","4"
"unbounded_minus_disabled","v5","populations","supalosa","W->L","3"
"unbounded_minus_disabled","v5","populations","supalosa","D->W","2"
"unbounded_minus_disabled","v5","populations","supalosa","D->D","40"
"unbounded_minus_disabled","v5","populations","supalosa","D->L","1"
"unbounded_minus_disabled","v5","populations","supalosa","L->W","0"
"unbounded_minus_disabled","v5","populations","supalosa","L->D","1"
"unbounded_minus_disabled","v5","populations","supalosa","L->L","31"
"unbounded_minus_disabled","v5","populations","advanced","W->W","22"
"unbounded_minus_disabled","v5","populations","advanced","W->D","1"
"unbounded_minus_disabled","v5","populations","advanced","W->L","1"
"unbounded_minus_disabled","v5","populations","advanced","D->W","4"
"unbounded_minus_disabled","v5","populations","advanced","D->D","31"
"unbounded_minus_disabled","v5","populations","advanced","D->L","4"
"unbounded_minus_disabled","v5","populations","advanced","L->W","1"
"unbounded_minus_disabled","v5","populations","advanced","L->D","0"
"unbounded_minus_disabled","v5","populations","advanced","L->L","16"
"unbounded_minus_disabled","v5","strata","pinned_supalosa__hfo-bvb","W->W","3"
"unbounded_minus_disabled","v5","strata","pinned_supalosa__hfo-bvb","W->D","0"
"unbounded_minus_disabled","v5","strata","pinned_supalosa__hfo-bvb","W->L","1"
"unbounded_minus_disabled","v5","strata","pinned_supalosa__hfo-bvb","D->W","0"
"unbounded_minus_disabled","v5","strata","pinned_supalosa__hfo-bvb","D->D","2"
"unbounded_minus_disabled","v5","strata","pinned_supalosa__hfo-bvb","D->L","0"
"unbounded_minus_disabled","v5","strata","pinned_supalosa__hfo-bvb","L->W","0"
"unbounded_minus_disabled","v5","strata","pinned_supalosa__hfo-bvb","L->D","0"
"unbounded_minus_disabled","v5","strata","pinned_supalosa__hfo-bvb","L->L","2"
"unbounded_minus_disabled","v5","strata","pinned_supalosa__hfo-corners","W->W","3"
"unbounded_minus_disabled","v5","strata","pinned_supalosa__hfo-corners","W->D","0"
"unbounded_minus_disabled","v5","strata","pinned_supalosa__hfo-corners","W->L","0"
"unbounded_minus_disabled","v5","strata","pinned_supalosa__hfo-corners","D->W","0"
"unbounded_minus_disabled","v5","strata","pinned_supalosa__hfo-corners","D->D","2"
"unbounded_minus_disabled","v5","strata","pinned_supalosa__hfo-corners","D->L","0"
"unbounded_minus_disabled","v5","strata","pinned_supalosa__hfo-corners","L->W","0"
"unbounded_minus_disabled","v5","strata","pinned_supalosa__hfo-corners","L->D","0"
"unbounded_minus_disabled","v5","strata","pinned_supalosa__hfo-corners","L->L","3"
"unbounded_minus_disabled","v5","strata","pinned_supalosa__hfo-corners-b","W->W","2"
"unbounded_minus_disabled","v5","strata","pinned_supalosa__hfo-corners-b","W->D","0"
"unbounded_minus_disabled","v5","strata","pinned_supalosa__hfo-corners-b","W->L","0"
"unbounded_minus_disabled","v5","strata","pinned_supalosa__hfo-corners-b","D->W","1"
"unbounded_minus_disabled","v5","strata","pinned_supalosa__hfo-corners-b","D->D","2"
"unbounded_minus_disabled","v5","strata","pinned_supalosa__hfo-corners-b","D->L","0"
"unbounded_minus_disabled","v5","strata","pinned_supalosa__hfo-corners-b","L->W","0"
"unbounded_minus_disabled","v5","strata","pinned_supalosa__hfo-corners-b","L->D","0"
"unbounded_minus_disabled","v5","strata","pinned_supalosa__hfo-corners-b","L->L","3"
"unbounded_minus_disabled","v5","strata","pinned_supalosa__hfo-corners-b-golden","W->W","4"
"unbounded_minus_disabled","v5","strata","pinned_supalosa__hfo-corners-b-golden","W->D","0"
"unbounded_minus_disabled","v5","strata","pinned_supalosa__hfo-corners-b-golden","W->L","0"
"unbounded_minus_disabled","v5","strata","pinned_supalosa__hfo-corners-b-golden","D->W","0"
"unbounded_minus_disabled","v5","strata","pinned_supalosa__hfo-corners-b-golden","D->D","1"
"unbounded_minus_disabled","v5","strata","pinned_supalosa__hfo-corners-b-golden","D->L","0"
"unbounded_minus_disabled","v5","strata","pinned_supalosa__hfo-corners-b-golden","L->W","0"
"unbounded_minus_disabled","v5","strata","pinned_supalosa__hfo-corners-b-golden","L->D","1"
"unbounded_minus_disabled","v5","strata","pinned_supalosa__hfo-corners-b-golden","L->L","2"
"unbounded_minus_disabled","v5","strata","pinned_supalosa__hfo-golden","W->W","3"
"unbounded_minus_disabled","v5","strata","pinned_supalosa__hfo-golden","W->D","0"
"unbounded_minus_disabled","v5","strata","pinned_supalosa__hfo-golden","W->L","1"
"unbounded_minus_disabled","v5","strata","pinned_supalosa__hfo-golden","D->W","0"
"unbounded_minus_disabled","v5","strata","pinned_supalosa__hfo-golden","D->D","2"
"unbounded_minus_disabled","v5","strata","pinned_supalosa__hfo-golden","D->L","0"
"unbounded_minus_disabled","v5","strata","pinned_supalosa__hfo-golden","L->W","0"
"unbounded_minus_disabled","v5","strata","pinned_supalosa__hfo-golden","L->D","0"
"unbounded_minus_disabled","v5","strata","pinned_supalosa__hfo-golden","L->L","2"
"unbounded_minus_disabled","v5","strata","pinned_supalosa__hfo-le","W->W","3"
"unbounded_minus_disabled","v5","strata","pinned_supalosa__hfo-le","W->D","1"
"unbounded_minus_disabled","v5","strata","pinned_supalosa__hfo-le","W->L","0"
"unbounded_minus_disabled","v5","strata","pinned_supalosa__hfo-le","D->W","0"
"unbounded_minus_disabled","v5","strata","pinned_supalosa__hfo-le","D->D","2"
"unbounded_minus_disabled","v5","strata","pinned_supalosa__hfo-le","D->L","0"
"unbounded_minus_disabled","v5","strata","pinned_supalosa__hfo-le","L->W","0"
"unbounded_minus_disabled","v5","strata","pinned_supalosa__hfo-le","L->D","0"
"unbounded_minus_disabled","v5","strata","pinned_supalosa__hfo-le","L->L","2"
"unbounded_minus_disabled","v5","strata","pinned_supalosa__hfo-lvl","W->W","3"
"unbounded_minus_disabled","v5","strata","pinned_supalosa__hfo-lvl","W->D","0"
"unbounded_minus_disabled","v5","strata","pinned_supalosa__hfo-lvl","W->L","1"
"unbounded_minus_disabled","v5","strata","pinned_supalosa__hfo-lvl","D->W","0"
"unbounded_minus_disabled","v5","strata","pinned_supalosa__hfo-lvl","D->D","1"
"unbounded_minus_disabled","v5","strata","pinned_supalosa__hfo-lvl","D->L","0"
"unbounded_minus_disabled","v5","strata","pinned_supalosa__hfo-lvl","L->W","0"
"unbounded_minus_disabled","v5","strata","pinned_supalosa__hfo-lvl","L->D","0"
"unbounded_minus_disabled","v5","strata","pinned_supalosa__hfo-lvl","L->L","3"
"unbounded_minus_disabled","v5","strata","pinned_supalosa__hfo-original","W->W","3"
"unbounded_minus_disabled","v5","strata","pinned_supalosa__hfo-original","W->D","0"
"unbounded_minus_disabled","v5","strata","pinned_supalosa__hfo-original","W->L","0"
"unbounded_minus_disabled","v5","strata","pinned_supalosa__hfo-original","D->W","0"
"unbounded_minus_disabled","v5","strata","pinned_supalosa__hfo-original","D->D","2"
"unbounded_minus_disabled","v5","strata","pinned_supalosa__hfo-original","D->L","0"
"unbounded_minus_disabled","v5","strata","pinned_supalosa__hfo-original","L->W","0"
"unbounded_minus_disabled","v5","strata","pinned_supalosa__hfo-original","L->D","0"
"unbounded_minus_disabled","v5","strata","pinned_supalosa__hfo-original","L->L","3"
"unbounded_minus_disabled","v5","strata","pinned_supalosa__hfo-rvr","W->W","1"
"unbounded_minus_disabled","v5","strata","pinned_supalosa__hfo-rvr","W->D","2"
"unbounded_minus_disabled","v5","strata","pinned_supalosa__hfo-rvr","W->L","0"
"unbounded_minus_disabled","v5","strata","pinned_supalosa__hfo-rvr","D->W","1"
"unbounded_minus_disabled","v5","strata","pinned_supalosa__hfo-rvr","D->D","3"
"unbounded_minus_disabled","v5","strata","pinned_supalosa__hfo-rvr","D->L","0"
"unbounded_minus_disabled","v5","strata","pinned_supalosa__hfo-rvr","L->W","0"
"unbounded_minus_disabled","v5","strata","pinned_supalosa__hfo-rvr","L->D","0"
"unbounded_minus_disabled","v5","strata","pinned_supalosa__hfo-rvr","L->L","1"
"unbounded_minus_disabled","v5","strata","pinned_supalosa__hfo-tvt","W->W","3"
"unbounded_minus_disabled","v5","strata","pinned_supalosa__hfo-tvt","W->D","1"
"unbounded_minus_disabled","v5","strata","pinned_supalosa__hfo-tvt","W->L","0"
"unbounded_minus_disabled","v5","strata","pinned_supalosa__hfo-tvt","D->W","0"
"unbounded_minus_disabled","v5","strata","pinned_supalosa__hfo-tvt","D->D","4"
"unbounded_minus_disabled","v5","strata","pinned_supalosa__hfo-tvt","D->L","0"
"unbounded_minus_disabled","v5","strata","pinned_supalosa__hfo-tvt","L->W","0"
"unbounded_minus_disabled","v5","strata","pinned_supalosa__hfo-tvt","L->D","0"
"unbounded_minus_disabled","v5","strata","pinned_supalosa__hfo-tvt","L->L","0"
"unbounded_minus_disabled","v5","strata","pinned_supalosa__pacific-heights","W->W","6"
"unbounded_minus_disabled","v5","strata","pinned_supalosa__pacific-heights","W->D","0"
"unbounded_minus_disabled","v5","strata","pinned_supalosa__pacific-heights","W->L","0"
"unbounded_minus_disabled","v5","strata","pinned_supalosa__pacific-heights","D->W","0"
"unbounded_minus_disabled","v5","strata","pinned_supalosa__pacific-heights","D->D","2"
"unbounded_minus_disabled","v5","strata","pinned_supalosa__pacific-heights","D->L","0"
"unbounded_minus_disabled","v5","strata","pinned_supalosa__pacific-heights","L->W","0"
"unbounded_minus_disabled","v5","strata","pinned_supalosa__pacific-heights","L->D","0"
"unbounded_minus_disabled","v5","strata","pinned_supalosa__pacific-heights","L->L","0"
"unbounded_minus_disabled","v5","strata","pinned_supalosa__peak","W->W","3"
"unbounded_minus_disabled","v5","strata","pinned_supalosa__peak","W->D","0"
"unbounded_minus_disabled","v5","strata","pinned_supalosa__peak","W->L","0"
"unbounded_minus_disabled","v5","strata","pinned_supalosa__peak","D->W","0"
"unbounded_minus_disabled","v5","strata","pinned_supalosa__peak","D->D","4"
"unbounded_minus_disabled","v5","strata","pinned_supalosa__peak","D->L","1"
"unbounded_minus_disabled","v5","strata","pinned_supalosa__peak","L->W","0"
"unbounded_minus_disabled","v5","strata","pinned_supalosa__peak","L->D","0"
"unbounded_minus_disabled","v5","strata","pinned_supalosa__peak","L->L","0"
"unbounded_minus_disabled","v5","strata","pinned_supalosa__south-pacific","W->W","0"
"unbounded_minus_disabled","v5","strata","pinned_supalosa__south-pacific","W->D","0"
"unbounded_minus_disabled","v5","strata","pinned_supalosa__south-pacific","W->L","0"
"unbounded_minus_disabled","v5","strata","pinned_supalosa__south-pacific","D->W","0"
"unbounded_minus_disabled","v5","strata","pinned_supalosa__south-pacific","D->D","6"
"unbounded_minus_disabled","v5","strata","pinned_supalosa__south-pacific","D->L","0"
"unbounded_minus_disabled","v5","strata","pinned_supalosa__south-pacific","L->W","0"
"unbounded_minus_disabled","v5","strata","pinned_supalosa__south-pacific","L->D","0"
"unbounded_minus_disabled","v5","strata","pinned_supalosa__south-pacific","L->L","2"
"unbounded_minus_disabled","v5","strata","pinned_supalosa__south-pacific-2","W->W","0"
"unbounded_minus_disabled","v5","strata","pinned_supalosa__south-pacific-2","W->D","0"
"unbounded_minus_disabled","v5","strata","pinned_supalosa__south-pacific-2","W->L","0"
"unbounded_minus_disabled","v5","strata","pinned_supalosa__south-pacific-2","D->W","0"
"unbounded_minus_disabled","v5","strata","pinned_supalosa__south-pacific-2","D->D","6"
"unbounded_minus_disabled","v5","strata","pinned_supalosa__south-pacific-2","D->L","0"
"unbounded_minus_disabled","v5","strata","pinned_supalosa__south-pacific-2","L->W","0"
"unbounded_minus_disabled","v5","strata","pinned_supalosa__south-pacific-2","L->D","0"
"unbounded_minus_disabled","v5","strata","pinned_supalosa__south-pacific-2","L->L","2"
"unbounded_minus_disabled","v5","strata","pinned_supalosa__tour-of-egypt","W->W","1"
"unbounded_minus_disabled","v5","strata","pinned_supalosa__tour-of-egypt","W->D","0"
"unbounded_minus_disabled","v5","strata","pinned_supalosa__tour-of-egypt","W->L","0"
"unbounded_minus_disabled","v5","strata","pinned_supalosa__tour-of-egypt","D->W","0"
"unbounded_minus_disabled","v5","strata","pinned_supalosa__tour-of-egypt","D->D","1"
"unbounded_minus_disabled","v5","strata","pinned_supalosa__tour-of-egypt","D->L","0"
"unbounded_minus_disabled","v5","strata","pinned_supalosa__tour-of-egypt","L->W","0"
"unbounded_minus_disabled","v5","strata","pinned_supalosa__tour-of-egypt","L->D","0"
"unbounded_minus_disabled","v5","strata","pinned_supalosa__tour-of-egypt","L->L","6"
"unbounded_minus_disabled","v5","strata","ra2web_advanced__hfo-bvb","W->W","3"
"unbounded_minus_disabled","v5","strata","ra2web_advanced__hfo-bvb","W->D","0"
"unbounded_minus_disabled","v5","strata","ra2web_advanced__hfo-bvb","W->L","0"
"unbounded_minus_disabled","v5","strata","ra2web_advanced__hfo-bvb","D->W","0"
"unbounded_minus_disabled","v5","strata","ra2web_advanced__hfo-bvb","D->D","2"
"unbounded_minus_disabled","v5","strata","ra2web_advanced__hfo-bvb","D->L","2"
"unbounded_minus_disabled","v5","strata","ra2web_advanced__hfo-bvb","L->W","0"
"unbounded_minus_disabled","v5","strata","ra2web_advanced__hfo-bvb","L->D","0"
"unbounded_minus_disabled","v5","strata","ra2web_advanced__hfo-bvb","L->L","1"
"unbounded_minus_disabled","v5","strata","ra2web_advanced__hfo-corners","W->W","0"
"unbounded_minus_disabled","v5","strata","ra2web_advanced__hfo-corners","W->D","0"
"unbounded_minus_disabled","v5","strata","ra2web_advanced__hfo-corners","W->L","0"
"unbounded_minus_disabled","v5","strata","ra2web_advanced__hfo-corners","D->W","2"
"unbounded_minus_disabled","v5","strata","ra2web_advanced__hfo-corners","D->D","4"
"unbounded_minus_disabled","v5","strata","ra2web_advanced__hfo-corners","D->L","0"
"unbounded_minus_disabled","v5","strata","ra2web_advanced__hfo-corners","L->W","0"
"unbounded_minus_disabled","v5","strata","ra2web_advanced__hfo-corners","L->D","0"
"unbounded_minus_disabled","v5","strata","ra2web_advanced__hfo-corners","L->L","2"
"unbounded_minus_disabled","v5","strata","ra2web_advanced__hfo-corners-b","W->W","1"
"unbounded_minus_disabled","v5","strata","ra2web_advanced__hfo-corners-b","W->D","1"
"unbounded_minus_disabled","v5","strata","ra2web_advanced__hfo-corners-b","W->L","0"
"unbounded_minus_disabled","v5","strata","ra2web_advanced__hfo-corners-b","D->W","1"
"unbounded_minus_disabled","v5","strata","ra2web_advanced__hfo-corners-b","D->D","4"
"unbounded_minus_disabled","v5","strata","ra2web_advanced__hfo-corners-b","D->L","1"
"unbounded_minus_disabled","v5","strata","ra2web_advanced__hfo-corners-b","L->W","0"
"unbounded_minus_disabled","v5","strata","ra2web_advanced__hfo-corners-b","L->D","0"
"unbounded_minus_disabled","v5","strata","ra2web_advanced__hfo-corners-b","L->L","0"
"unbounded_minus_disabled","v5","strata","ra2web_advanced__hfo-corners-b-golden","W->W","2"
"unbounded_minus_disabled","v5","strata","ra2web_advanced__hfo-corners-b-golden","W->D","0"
"unbounded_minus_disabled","v5","strata","ra2web_advanced__hfo-corners-b-golden","W->L","0"
"unbounded_minus_disabled","v5","strata","ra2web_advanced__hfo-corners-b-golden","D->W","0"
"unbounded_minus_disabled","v5","strata","ra2web_advanced__hfo-corners-b-golden","D->D","4"
"unbounded_minus_disabled","v5","strata","ra2web_advanced__hfo-corners-b-golden","D->L","0"
"unbounded_minus_disabled","v5","strata","ra2web_advanced__hfo-corners-b-golden","L->W","0"
"unbounded_minus_disabled","v5","strata","ra2web_advanced__hfo-corners-b-golden","L->D","0"
"unbounded_minus_disabled","v5","strata","ra2web_advanced__hfo-corners-b-golden","L->L","2"
"unbounded_minus_disabled","v5","strata","ra2web_advanced__hfo-golden","W->W","3"
"unbounded_minus_disabled","v5","strata","ra2web_advanced__hfo-golden","W->D","0"
"unbounded_minus_disabled","v5","strata","ra2web_advanced__hfo-golden","W->L","0"
"unbounded_minus_disabled","v5","strata","ra2web_advanced__hfo-golden","D->W","1"
"unbounded_minus_disabled","v5","strata","ra2web_advanced__hfo-golden","D->D","3"
"unbounded_minus_disabled","v5","strata","ra2web_advanced__hfo-golden","D->L","0"
"unbounded_minus_disabled","v5","strata","ra2web_advanced__hfo-golden","L->W","0"
"unbounded_minus_disabled","v5","strata","ra2web_advanced__hfo-golden","L->D","0"
"unbounded_minus_disabled","v5","strata","ra2web_advanced__hfo-golden","L->L","1"
"unbounded_minus_disabled","v5","strata","ra2web_advanced__hfo-le","W->W","2"
"unbounded_minus_disabled","v5","strata","ra2web_advanced__hfo-le","W->D","0"
"unbounded_minus_disabled","v5","strata","ra2web_advanced__hfo-le","W->L","0"
"unbounded_minus_disabled","v5","strata","ra2web_advanced__hfo-le","D->W","0"
"unbounded_minus_disabled","v5","strata","ra2web_advanced__hfo-le","D->D","2"
"unbounded_minus_disabled","v5","strata","ra2web_advanced__hfo-le","D->L","1"
"unbounded_minus_disabled","v5","strata","ra2web_advanced__hfo-le","L->W","0"
"unbounded_minus_disabled","v5","strata","ra2web_advanced__hfo-le","L->D","0"
"unbounded_minus_disabled","v5","strata","ra2web_advanced__hfo-le","L->L","3"
"unbounded_minus_disabled","v5","strata","ra2web_advanced__hfo-lvl","W->W","2"
"unbounded_minus_disabled","v5","strata","ra2web_advanced__hfo-lvl","W->D","0"
"unbounded_minus_disabled","v5","strata","ra2web_advanced__hfo-lvl","W->L","0"
"unbounded_minus_disabled","v5","strata","ra2web_advanced__hfo-lvl","D->W","0"
"unbounded_minus_disabled","v5","strata","ra2web_advanced__hfo-lvl","D->D","3"
"unbounded_minus_disabled","v5","strata","ra2web_advanced__hfo-lvl","D->L","0"
"unbounded_minus_disabled","v5","strata","ra2web_advanced__hfo-lvl","L->W","0"
"unbounded_minus_disabled","v5","strata","ra2web_advanced__hfo-lvl","L->D","0"
"unbounded_minus_disabled","v5","strata","ra2web_advanced__hfo-lvl","L->L","3"
"unbounded_minus_disabled","v5","strata","ra2web_advanced__hfo-original","W->W","4"
"unbounded_minus_disabled","v5","strata","ra2web_advanced__hfo-original","W->D","0"
"unbounded_minus_disabled","v5","strata","ra2web_advanced__hfo-original","W->L","0"
"unbounded_minus_disabled","v5","strata","ra2web_advanced__hfo-original","D->W","0"
"unbounded_minus_disabled","v5","strata","ra2web_advanced__hfo-original","D->D","2"
"unbounded_minus_disabled","v5","strata","ra2web_advanced__hfo-original","D->L","0"
"unbounded_minus_disabled","v5","strata","ra2web_advanced__hfo-original","L->W","0"
"unbounded_minus_disabled","v5","strata","ra2web_advanced__hfo-original","L->D","0"
"unbounded_minus_disabled","v5","strata","ra2web_advanced__hfo-original","L->L","2"
"unbounded_minus_disabled","v5","strata","ra2web_advanced__hfo-rvr","W->W","0"
"unbounded_minus_disabled","v5","strata","ra2web_advanced__hfo-rvr","W->D","0"
"unbounded_minus_disabled","v5","strata","ra2web_advanced__hfo-rvr","W->L","1"
"unbounded_minus_disabled","v5","strata","ra2web_advanced__hfo-rvr","D->W","0"
"unbounded_minus_disabled","v5","strata","ra2web_advanced__hfo-rvr","D->D","5"
"unbounded_minus_disabled","v5","strata","ra2web_advanced__hfo-rvr","D->L","0"
"unbounded_minus_disabled","v5","strata","ra2web_advanced__hfo-rvr","L->W","0"
"unbounded_minus_disabled","v5","strata","ra2web_advanced__hfo-rvr","L->D","0"
"unbounded_minus_disabled","v5","strata","ra2web_advanced__hfo-rvr","L->L","2"
"unbounded_minus_disabled","v5","strata","ra2web_advanced__hfo-tvt","W->W","5"
"unbounded_minus_disabled","v5","strata","ra2web_advanced__hfo-tvt","W->D","0"
"unbounded_minus_disabled","v5","strata","ra2web_advanced__hfo-tvt","W->L","0"
"unbounded_minus_disabled","v5","strata","ra2web_advanced__hfo-tvt","D->W","0"
"unbounded_minus_disabled","v5","strata","ra2web_advanced__hfo-tvt","D->D","2"
"unbounded_minus_disabled","v5","strata","ra2web_advanced__hfo-tvt","D->L","0"
"unbounded_minus_disabled","v5","strata","ra2web_advanced__hfo-tvt","L->W","1"
"unbounded_minus_disabled","v5","strata","ra2web_advanced__hfo-tvt","L->D","0"
"unbounded_minus_disabled","v5","strata","ra2web_advanced__hfo-tvt","L->L","0"
"unbounded_minus_disabled","v5","maps","hfo-bvb","W->W","6"
"unbounded_minus_disabled","v5","maps","hfo-bvb","W->D","0"
"unbounded_minus_disabled","v5","maps","hfo-bvb","W->L","1"
"unbounded_minus_disabled","v5","maps","hfo-bvb","D->W","0"
"unbounded_minus_disabled","v5","maps","hfo-bvb","D->D","4"
"unbounded_minus_disabled","v5","maps","hfo-bvb","D->L","2"
"unbounded_minus_disabled","v5","maps","hfo-bvb","L->W","0"
"unbounded_minus_disabled","v5","maps","hfo-bvb","L->D","0"
"unbounded_minus_disabled","v5","maps","hfo-bvb","L->L","3"
"unbounded_minus_disabled","v5","maps","hfo-corners","W->W","3"
"unbounded_minus_disabled","v5","maps","hfo-corners","W->D","0"
"unbounded_minus_disabled","v5","maps","hfo-corners","W->L","0"
"unbounded_minus_disabled","v5","maps","hfo-corners","D->W","2"
"unbounded_minus_disabled","v5","maps","hfo-corners","D->D","6"
"unbounded_minus_disabled","v5","maps","hfo-corners","D->L","0"
"unbounded_minus_disabled","v5","maps","hfo-corners","L->W","0"
"unbounded_minus_disabled","v5","maps","hfo-corners","L->D","0"
"unbounded_minus_disabled","v5","maps","hfo-corners","L->L","5"
"unbounded_minus_disabled","v5","maps","hfo-corners-b","W->W","3"
"unbounded_minus_disabled","v5","maps","hfo-corners-b","W->D","1"
"unbounded_minus_disabled","v5","maps","hfo-corners-b","W->L","0"
"unbounded_minus_disabled","v5","maps","hfo-corners-b","D->W","2"
"unbounded_minus_disabled","v5","maps","hfo-corners-b","D->D","6"
"unbounded_minus_disabled","v5","maps","hfo-corners-b","D->L","1"
"unbounded_minus_disabled","v5","maps","hfo-corners-b","L->W","0"
"unbounded_minus_disabled","v5","maps","hfo-corners-b","L->D","0"
"unbounded_minus_disabled","v5","maps","hfo-corners-b","L->L","3"
"unbounded_minus_disabled","v5","maps","hfo-corners-b-golden","W->W","6"
"unbounded_minus_disabled","v5","maps","hfo-corners-b-golden","W->D","0"
"unbounded_minus_disabled","v5","maps","hfo-corners-b-golden","W->L","0"
"unbounded_minus_disabled","v5","maps","hfo-corners-b-golden","D->W","0"
"unbounded_minus_disabled","v5","maps","hfo-corners-b-golden","D->D","5"
"unbounded_minus_disabled","v5","maps","hfo-corners-b-golden","D->L","0"
"unbounded_minus_disabled","v5","maps","hfo-corners-b-golden","L->W","0"
"unbounded_minus_disabled","v5","maps","hfo-corners-b-golden","L->D","1"
"unbounded_minus_disabled","v5","maps","hfo-corners-b-golden","L->L","4"
"unbounded_minus_disabled","v5","maps","hfo-golden","W->W","6"
"unbounded_minus_disabled","v5","maps","hfo-golden","W->D","0"
"unbounded_minus_disabled","v5","maps","hfo-golden","W->L","1"
"unbounded_minus_disabled","v5","maps","hfo-golden","D->W","1"
"unbounded_minus_disabled","v5","maps","hfo-golden","D->D","5"
"unbounded_minus_disabled","v5","maps","hfo-golden","D->L","0"
"unbounded_minus_disabled","v5","maps","hfo-golden","L->W","0"
"unbounded_minus_disabled","v5","maps","hfo-golden","L->D","0"
"unbounded_minus_disabled","v5","maps","hfo-golden","L->L","3"
"unbounded_minus_disabled","v5","maps","hfo-le","W->W","5"
"unbounded_minus_disabled","v5","maps","hfo-le","W->D","1"
"unbounded_minus_disabled","v5","maps","hfo-le","W->L","0"
"unbounded_minus_disabled","v5","maps","hfo-le","D->W","0"
"unbounded_minus_disabled","v5","maps","hfo-le","D->D","4"
"unbounded_minus_disabled","v5","maps","hfo-le","D->L","1"
"unbounded_minus_disabled","v5","maps","hfo-le","L->W","0"
"unbounded_minus_disabled","v5","maps","hfo-le","L->D","0"
"unbounded_minus_disabled","v5","maps","hfo-le","L->L","5"
"unbounded_minus_disabled","v5","maps","hfo-lvl","W->W","5"
"unbounded_minus_disabled","v5","maps","hfo-lvl","W->D","0"
"unbounded_minus_disabled","v5","maps","hfo-lvl","W->L","1"
"unbounded_minus_disabled","v5","maps","hfo-lvl","D->W","0"
"unbounded_minus_disabled","v5","maps","hfo-lvl","D->D","4"
"unbounded_minus_disabled","v5","maps","hfo-lvl","D->L","0"
"unbounded_minus_disabled","v5","maps","hfo-lvl","L->W","0"
"unbounded_minus_disabled","v5","maps","hfo-lvl","L->D","0"
"unbounded_minus_disabled","v5","maps","hfo-lvl","L->L","6"
"unbounded_minus_disabled","v5","maps","hfo-original","W->W","7"
"unbounded_minus_disabled","v5","maps","hfo-original","W->D","0"
"unbounded_minus_disabled","v5","maps","hfo-original","W->L","0"
"unbounded_minus_disabled","v5","maps","hfo-original","D->W","0"
"unbounded_minus_disabled","v5","maps","hfo-original","D->D","4"
"unbounded_minus_disabled","v5","maps","hfo-original","D->L","0"
"unbounded_minus_disabled","v5","maps","hfo-original","L->W","0"
"unbounded_minus_disabled","v5","maps","hfo-original","L->D","0"
"unbounded_minus_disabled","v5","maps","hfo-original","L->L","5"
"unbounded_minus_disabled","v5","maps","hfo-rvr","W->W","1"
"unbounded_minus_disabled","v5","maps","hfo-rvr","W->D","2"
"unbounded_minus_disabled","v5","maps","hfo-rvr","W->L","1"
"unbounded_minus_disabled","v5","maps","hfo-rvr","D->W","1"
"unbounded_minus_disabled","v5","maps","hfo-rvr","D->D","8"
"unbounded_minus_disabled","v5","maps","hfo-rvr","D->L","0"
"unbounded_minus_disabled","v5","maps","hfo-rvr","L->W","0"
"unbounded_minus_disabled","v5","maps","hfo-rvr","L->D","0"
"unbounded_minus_disabled","v5","maps","hfo-rvr","L->L","3"
"unbounded_minus_disabled","v5","maps","hfo-tvt","W->W","8"
"unbounded_minus_disabled","v5","maps","hfo-tvt","W->D","1"
"unbounded_minus_disabled","v5","maps","hfo-tvt","W->L","0"
"unbounded_minus_disabled","v5","maps","hfo-tvt","D->W","0"
"unbounded_minus_disabled","v5","maps","hfo-tvt","D->D","6"
"unbounded_minus_disabled","v5","maps","hfo-tvt","D->L","0"
"unbounded_minus_disabled","v5","maps","hfo-tvt","L->W","1"
"unbounded_minus_disabled","v5","maps","hfo-tvt","L->D","0"
"unbounded_minus_disabled","v5","maps","hfo-tvt","L->L","0"
"unbounded_minus_disabled","v5","maps","pacific-heights","W->W","6"
"unbounded_minus_disabled","v5","maps","pacific-heights","W->D","0"
"unbounded_minus_disabled","v5","maps","pacific-heights","W->L","0"
"unbounded_minus_disabled","v5","maps","pacific-heights","D->W","0"
"unbounded_minus_disabled","v5","maps","pacific-heights","D->D","2"
"unbounded_minus_disabled","v5","maps","pacific-heights","D->L","0"
"unbounded_minus_disabled","v5","maps","pacific-heights","L->W","0"
"unbounded_minus_disabled","v5","maps","pacific-heights","L->D","0"
"unbounded_minus_disabled","v5","maps","pacific-heights","L->L","0"
"unbounded_minus_disabled","v5","maps","peak","W->W","3"
"unbounded_minus_disabled","v5","maps","peak","W->D","0"
"unbounded_minus_disabled","v5","maps","peak","W->L","0"
"unbounded_minus_disabled","v5","maps","peak","D->W","0"
"unbounded_minus_disabled","v5","maps","peak","D->D","4"
"unbounded_minus_disabled","v5","maps","peak","D->L","1"
"unbounded_minus_disabled","v5","maps","peak","L->W","0"
"unbounded_minus_disabled","v5","maps","peak","L->D","0"
"unbounded_minus_disabled","v5","maps","peak","L->L","0"
"unbounded_minus_disabled","v5","maps","south-pacific","W->W","0"
"unbounded_minus_disabled","v5","maps","south-pacific","W->D","0"
"unbounded_minus_disabled","v5","maps","south-pacific","W->L","0"
"unbounded_minus_disabled","v5","maps","south-pacific","D->W","0"
"unbounded_minus_disabled","v5","maps","south-pacific","D->D","6"
"unbounded_minus_disabled","v5","maps","south-pacific","D->L","0"
"unbounded_minus_disabled","v5","maps","south-pacific","L->W","0"
"unbounded_minus_disabled","v5","maps","south-pacific","L->D","0"
"unbounded_minus_disabled","v5","maps","south-pacific","L->L","2"
"unbounded_minus_disabled","v5","maps","south-pacific-2","W->W","0"
"unbounded_minus_disabled","v5","maps","south-pacific-2","W->D","0"
"unbounded_minus_disabled","v5","maps","south-pacific-2","W->L","0"
"unbounded_minus_disabled","v5","maps","south-pacific-2","D->W","0"
"unbounded_minus_disabled","v5","maps","south-pacific-2","D->D","6"
"unbounded_minus_disabled","v5","maps","south-pacific-2","D->L","0"
"unbounded_minus_disabled","v5","maps","south-pacific-2","L->W","0"
"unbounded_minus_disabled","v5","maps","south-pacific-2","L->D","0"
"unbounded_minus_disabled","v5","maps","south-pacific-2","L->L","2"
"unbounded_minus_disabled","v5","maps","tour-of-egypt","W->W","1"
"unbounded_minus_disabled","v5","maps","tour-of-egypt","W->D","0"
"unbounded_minus_disabled","v5","maps","tour-of-egypt","W->L","0"
"unbounded_minus_disabled","v5","maps","tour-of-egypt","D->W","0"
"unbounded_minus_disabled","v5","maps","tour-of-egypt","D->D","1"
"unbounded_minus_disabled","v5","maps","tour-of-egypt","D->L","0"
"unbounded_minus_disabled","v5","maps","tour-of-egypt","L->W","0"
"unbounded_minus_disabled","v5","maps","tour-of-egypt","L->D","0"
"unbounded_minus_disabled","v5","maps","tour-of-egypt","L->L","6"
"unbounded_minus_disabled","v5","countries","Africans","W->W","29"
"unbounded_minus_disabled","v5","countries","Africans","W->D","0"
"unbounded_minus_disabled","v5","countries","Africans","W->L","0"
"unbounded_minus_disabled","v5","countries","Africans","D->W","0"
"unbounded_minus_disabled","v5","countries","Africans","D->D","56"
"unbounded_minus_disabled","v5","countries","Africans","D->L","1"
"unbounded_minus_disabled","v5","countries","Africans","L->W","0"
"unbounded_minus_disabled","v5","countries","Africans","L->D","0"
"unbounded_minus_disabled","v5","countries","Africans","L->L","14"
"unbounded_minus_disabled","v5","countries","Americans","W->W","31"
"unbounded_minus_disabled","v5","countries","Americans","W->D","5"
"unbounded_minus_disabled","v5","countries","Americans","W->L","4"
"unbounded_minus_disabled","v5","countries","Americans","D->W","6"
"unbounded_minus_disabled","v5","countries","Americans","D->D","15"
"unbounded_minus_disabled","v5","countries","Americans","D->L","4"
"unbounded_minus_disabled","v5","countries","Americans","L->W","1"
"unbounded_minus_disabled","v5","countries","Americans","L->D","1"
"unbounded_minus_disabled","v5","countries","Americans","L->L","33"
"unbounded_minus_disabled","v5","factions","Allied","W->W","31"
"unbounded_minus_disabled","v5","factions","Allied","W->D","5"
"unbounded_minus_disabled","v5","factions","Allied","W->L","4"
"unbounded_minus_disabled","v5","factions","Allied","D->W","6"
"unbounded_minus_disabled","v5","factions","Allied","D->D","15"
"unbounded_minus_disabled","v5","factions","Allied","D->L","4"
"unbounded_minus_disabled","v5","factions","Allied","L->W","1"
"unbounded_minus_disabled","v5","factions","Allied","L->D","1"
"unbounded_minus_disabled","v5","factions","Allied","L->L","33"
"unbounded_minus_disabled","v5","factions","Soviet","W->W","29"
"unbounded_minus_disabled","v5","factions","Soviet","W->D","0"
"unbounded_minus_disabled","v5","factions","Soviet","W->L","0"
"unbounded_minus_disabled","v5","factions","Soviet","D->W","0"
"unbounded_minus_disabled","v5","factions","Soviet","D->D","56"
"unbounded_minus_disabled","v5","factions","Soviet","D->L","1"
"unbounded_minus_disabled","v5","factions","Soviet","L->W","0"
"unbounded_minus_disabled","v5","factions","Soviet","L->D","0"
"unbounded_minus_disabled","v5","factions","Soviet","L->L","14"
"unbounded_minus_disabled","v5","slots","0","W->W","28"
"unbounded_minus_disabled","v5","slots","0","W->D","1"
"unbounded_minus_disabled","v5","slots","0","W->L","2"
"unbounded_minus_disabled","v5","slots","0","D->W","3"
"unbounded_minus_disabled","v5","slots","0","D->D","36"
"unbounded_minus_disabled","v5","slots","0","D->L","1"
"unbounded_minus_disabled","v5","slots","0","L->W","1"
"unbounded_minus_disabled","v5","slots","0","L->D","1"
"unbounded_minus_disabled","v5","slots","0","L->L","27"
"unbounded_minus_disabled","v5","slots","1","W->W","32"
"unbounded_minus_disabled","v5","slots","1","W->D","4"
"unbounded_minus_disabled","v5","slots","1","W->L","2"
"unbounded_minus_disabled","v5","slots","1","D->W","3"
"unbounded_minus_disabled","v5","slots","1","D->D","35"
"unbounded_minus_disabled","v5","slots","1","D->L","4"
"unbounded_minus_disabled","v5","slots","1","L->W","0"
"unbounded_minus_disabled","v5","slots","1","L->D","0"
"unbounded_minus_disabled","v5","slots","1","L->L","20"
"unbounded_minus_disabled","v5","directions","0","W->W","24"
"unbounded_minus_disabled","v5","directions","0","W->D","1"
"unbounded_minus_disabled","v5","directions","0","W->L","1"
"unbounded_minus_disabled","v5","directions","0","D->W","2"
"unbounded_minus_disabled","v5","directions","0","D->D","35"
"unbounded_minus_disabled","v5","directions","0","D->L","1"
"unbounded_minus_disabled","v5","directions","0","L->W","1"
"unbounded_minus_disabled","v5","directions","0","L->D","1"
"unbounded_minus_disabled","v5","directions","0","L->L","34"
"unbounded_minus_disabled","v5","directions","1","W->W","36"
"unbounded_minus_disabled","v5","directions","1","W->D","4"
"unbounded_minus_disabled","v5","directions","1","W->L","3"
"unbounded_minus_disabled","v5","directions","1","D->W","4"
"unbounded_minus_disabled","v5","directions","1","D->D","36"
"unbounded_minus_disabled","v5","directions","1","D->L","4"
"unbounded_minus_disabled","v5","directions","1","L->W","0"
"unbounded_minus_disabled","v5","directions","1","L->D","0"
"unbounded_minus_disabled","v5","directions","1","L->L","13"
"unbounded_minus_disabled","v5","countryDirection","Africans/0","W->W","15"
"unbounded_minus_disabled","v5","countryDirection","Africans/0","W->D","0"
"unbounded_minus_disabled","v5","countryDirection","Africans/0","W->L","0"
"unbounded_minus_disabled","v5","countryDirection","Africans/0","D->W","0"
"unbounded_minus_disabled","v5","countryDirection","Africans/0","D->D","27"
"unbounded_minus_disabled","v5","countryDirection","Africans/0","D->L","0"
"unbounded_minus_disabled","v5","countryDirection","Africans/0","L->W","0"
"unbounded_minus_disabled","v5","countryDirection","Africans/0","L->D","0"
"unbounded_minus_disabled","v5","countryDirection","Africans/0","L->L","8"
"unbounded_minus_disabled","v5","countryDirection","Africans/1","W->W","14"
"unbounded_minus_disabled","v5","countryDirection","Africans/1","W->D","0"
"unbounded_minus_disabled","v5","countryDirection","Africans/1","W->L","0"
"unbounded_minus_disabled","v5","countryDirection","Africans/1","D->W","0"
"unbounded_minus_disabled","v5","countryDirection","Africans/1","D->D","29"
"unbounded_minus_disabled","v5","countryDirection","Africans/1","D->L","1"
"unbounded_minus_disabled","v5","countryDirection","Africans/1","L->W","0"
"unbounded_minus_disabled","v5","countryDirection","Africans/1","L->D","0"
"unbounded_minus_disabled","v5","countryDirection","Africans/1","L->L","6"
"unbounded_minus_disabled","v5","countryDirection","Americans/0","W->W","9"
"unbounded_minus_disabled","v5","countryDirection","Americans/0","W->D","1"
"unbounded_minus_disabled","v5","countryDirection","Americans/0","W->L","1"
"unbounded_minus_disabled","v5","countryDirection","Americans/0","D->W","2"
"unbounded_minus_disabled","v5","countryDirection","Americans/0","D->D","8"
"unbounded_minus_disabled","v5","countryDirection","Americans/0","D->L","1"
"unbounded_minus_disabled","v5","countryDirection","Americans/0","L->W","1"
"unbounded_minus_disabled","v5","countryDirection","Americans/0","L->D","1"
"unbounded_minus_disabled","v5","countryDirection","Americans/0","L->L","26"
"unbounded_minus_disabled","v5","countryDirection","Americans/1","W->W","22"
"unbounded_minus_disabled","v5","countryDirection","Americans/1","W->D","4"
"unbounded_minus_disabled","v5","countryDirection","Americans/1","W->L","3"
"unbounded_minus_disabled","v5","countryDirection","Americans/1","D->W","4"
"unbounded_minus_disabled","v5","countryDirection","Americans/1","D->D","7"
"unbounded_minus_disabled","v5","countryDirection","Americans/1","D->L","3"
"unbounded_minus_disabled","v5","countryDirection","Americans/1","L->W","0"
"unbounded_minus_disabled","v5","countryDirection","Americans/1","L->D","0"
"unbounded_minus_disabled","v5","countryDirection","Americans/1","L->L","7"
"unbounded_minus_disabled","v5","opponentCountry","pinned_supalosa/Africans","W->W","20"
"unbounded_minus_disabled","v5","opponentCountry","pinned_supalosa/Africans","W->D","0"
"unbounded_minus_disabled","v5","opponentCountry","pinned_supalosa/Africans","W->L","0"
"unbounded_minus_disabled","v5","opponentCountry","pinned_supalosa/Africans","D->W","0"
"unbounded_minus_disabled","v5","opponentCountry","pinned_supalosa/Africans","D->D","26"
"unbounded_minus_disabled","v5","opponentCountry","pinned_supalosa/Africans","D->L","1"
"unbounded_minus_disabled","v5","opponentCountry","pinned_supalosa/Africans","L->W","0"
"unbounded_minus_disabled","v5","opponentCountry","pinned_supalosa/Africans","L->D","0"
"unbounded_minus_disabled","v5","opponentCountry","pinned_supalosa/Africans","L->L","13"
"unbounded_minus_disabled","v5","opponentCountry","pinned_supalosa/Americans","W->W","18"
"unbounded_minus_disabled","v5","opponentCountry","pinned_supalosa/Americans","W->D","4"
"unbounded_minus_disabled","v5","opponentCountry","pinned_supalosa/Americans","W->L","3"
"unbounded_minus_disabled","v5","opponentCountry","pinned_supalosa/Americans","D->W","2"
"unbounded_minus_disabled","v5","opponentCountry","pinned_supalosa/Americans","D->D","14"
"unbounded_minus_disabled","v5","opponentCountry","pinned_supalosa/Americans","D->L","0"
"unbounded_minus_disabled","v5","opponentCountry","pinned_supalosa/Americans","L->W","0"
"unbounded_minus_disabled","v5","opponentCountry","pinned_supalosa/Americans","L->D","1"
"unbounded_minus_disabled","v5","opponentCountry","pinned_supalosa/Americans","L->L","18"
"unbounded_minus_disabled","v5","opponentCountry","ra2web_advanced/Africans","W->W","9"
"unbounded_minus_disabled","v5","opponentCountry","ra2web_advanced/Africans","W->D","0"
"unbounded_minus_disabled","v5","opponentCountry","ra2web_advanced/Africans","W->L","0"
"unbounded_minus_disabled","v5","opponentCountry","ra2web_advanced/Africans","D->W","0"
"unbounded_minus_disabled","v5","opponentCountry","ra2web_advanced/Africans","D->D","30"
"unbounded_minus_disabled","v5","opponentCountry","ra2web_advanced/Africans","D->L","0"
"unbounded_minus_disabled","v5","opponentCountry","ra2web_advanced/Africans","L->W","0"
"unbounded_minus_disabled","v5","opponentCountry","ra2web_advanced/Africans","L->D","0"
"unbounded_minus_disabled","v5","opponentCountry","ra2web_advanced/Africans","L->L","1"
"unbounded_minus_disabled","v5","opponentCountry","ra2web_advanced/Americans","W->W","13"
"unbounded_minus_disabled","v5","opponentCountry","ra2web_advanced/Americans","W->D","1"
"unbounded_minus_disabled","v5","opponentCountry","ra2web_advanced/Americans","W->L","1"
"unbounded_minus_disabled","v5","opponentCountry","ra2web_advanced/Americans","D->W","4"
"unbounded_minus_disabled","v5","opponentCountry","ra2web_advanced/Americans","D->D","1"
"unbounded_minus_disabled","v5","opponentCountry","ra2web_advanced/Americans","D->L","4"
"unbounded_minus_disabled","v5","opponentCountry","ra2web_advanced/Americans","L->W","1"
"unbounded_minus_disabled","v5","opponentCountry","ra2web_advanced/Americans","L->D","0"
"unbounded_minus_disabled","v5","opponentCountry","ra2web_advanced/Americans","L->L","15"
"unbounded_minus_disabled","v5","opponentFaction","pinned_supalosa/Allied","W->W","18"
"unbounded_minus_disabled","v5","opponentFaction","pinned_supalosa/Allied","W->D","4"
"unbounded_minus_disabled","v5","opponentFaction","pinned_supalosa/Allied","W->L","3"
"unbounded_minus_disabled","v5","opponentFaction","pinned_supalosa/Allied","D->W","2"
"unbounded_minus_disabled","v5","opponentFaction","pinned_supalosa/Allied","D->D","14"
"unbounded_minus_disabled","v5","opponentFaction","pinned_supalosa/Allied","D->L","0"
"unbounded_minus_disabled","v5","opponentFaction","pinned_supalosa/Allied","L->W","0"
"unbounded_minus_disabled","v5","opponentFaction","pinned_supalosa/Allied","L->D","1"
"unbounded_minus_disabled","v5","opponentFaction","pinned_supalosa/Allied","L->L","18"
"unbounded_minus_disabled","v5","opponentFaction","pinned_supalosa/Soviet","W->W","20"
"unbounded_minus_disabled","v5","opponentFaction","pinned_supalosa/Soviet","W->D","0"
"unbounded_minus_disabled","v5","opponentFaction","pinned_supalosa/Soviet","W->L","0"
"unbounded_minus_disabled","v5","opponentFaction","pinned_supalosa/Soviet","D->W","0"
"unbounded_minus_disabled","v5","opponentFaction","pinned_supalosa/Soviet","D->D","26"
"unbounded_minus_disabled","v5","opponentFaction","pinned_supalosa/Soviet","D->L","1"
"unbounded_minus_disabled","v5","opponentFaction","pinned_supalosa/Soviet","L->W","0"
"unbounded_minus_disabled","v5","opponentFaction","pinned_supalosa/Soviet","L->D","0"
"unbounded_minus_disabled","v5","opponentFaction","pinned_supalosa/Soviet","L->L","13"
"unbounded_minus_disabled","v5","opponentFaction","ra2web_advanced/Allied","W->W","13"
"unbounded_minus_disabled","v5","opponentFaction","ra2web_advanced/Allied","W->D","1"
"unbounded_minus_disabled","v5","opponentFaction","ra2web_advanced/Allied","W->L","1"
"unbounded_minus_disabled","v5","opponentFaction","ra2web_advanced/Allied","D->W","4"
"unbounded_minus_disabled","v5","opponentFaction","ra2web_advanced/Allied","D->D","1"
"unbounded_minus_disabled","v5","opponentFaction","ra2web_advanced/Allied","D->L","4"
"unbounded_minus_disabled","v5","opponentFaction","ra2web_advanced/Allied","L->W","1"
"unbounded_minus_disabled","v5","opponentFaction","ra2web_advanced/Allied","L->D","0"
"unbounded_minus_disabled","v5","opponentFaction","ra2web_advanced/Allied","L->L","15"
"unbounded_minus_disabled","v5","opponentFaction","ra2web_advanced/Soviet","W->W","9"
"unbounded_minus_disabled","v5","opponentFaction","ra2web_advanced/Soviet","W->D","0"
"unbounded_minus_disabled","v5","opponentFaction","ra2web_advanced/Soviet","W->L","0"
"unbounded_minus_disabled","v5","opponentFaction","ra2web_advanced/Soviet","D->W","0"
"unbounded_minus_disabled","v5","opponentFaction","ra2web_advanced/Soviet","D->D","30"
"unbounded_minus_disabled","v5","opponentFaction","ra2web_advanced/Soviet","D->L","0"
"unbounded_minus_disabled","v5","opponentFaction","ra2web_advanced/Soviet","L->W","0"
"unbounded_minus_disabled","v5","opponentFaction","ra2web_advanced/Soviet","L->D","0"
"unbounded_minus_disabled","v5","opponentFaction","ra2web_advanced/Soviet","L->L","1"
"unbounded_minus_disabled","v5","opponentSlot","pinned_supalosa/0","W->W","16"
"unbounded_minus_disabled","v5","opponentSlot","pinned_supalosa/0","W->D","1"
"unbounded_minus_disabled","v5","opponentSlot","pinned_supalosa/0","W->L","2"
"unbounded_minus_disabled","v5","opponentSlot","pinned_supalosa/0","D->W","1"
"unbounded_minus_disabled","v5","opponentSlot","pinned_supalosa/0","D->D","20"
"unbounded_minus_disabled","v5","opponentSlot","pinned_supalosa/0","D->L","0"
"unbounded_minus_disabled","v5","opponentSlot","pinned_supalosa/0","L->W","0"
"unbounded_minus_disabled","v5","opponentSlot","pinned_supalosa/0","L->D","1"
"unbounded_minus_disabled","v5","opponentSlot","pinned_supalosa/0","L->L","19"
"unbounded_minus_disabled","v5","opponentSlot","pinned_supalosa/1","W->W","22"
"unbounded_minus_disabled","v5","opponentSlot","pinned_supalosa/1","W->D","3"
"unbounded_minus_disabled","v5","opponentSlot","pinned_supalosa/1","W->L","1"
"unbounded_minus_disabled","v5","opponentSlot","pinned_supalosa/1","D->W","1"
"unbounded_minus_disabled","v5","opponentSlot","pinned_supalosa/1","D->D","20"
"unbounded_minus_disabled","v5","opponentSlot","pinned_supalosa/1","D->L","1"
"unbounded_minus_disabled","v5","opponentSlot","pinned_supalosa/1","L->W","0"
"unbounded_minus_disabled","v5","opponentSlot","pinned_supalosa/1","L->D","0"
"unbounded_minus_disabled","v5","opponentSlot","pinned_supalosa/1","L->L","12"
"unbounded_minus_disabled","v5","opponentSlot","ra2web_advanced/0","W->W","12"
"unbounded_minus_disabled","v5","opponentSlot","ra2web_advanced/0","W->D","0"
"unbounded_minus_disabled","v5","opponentSlot","ra2web_advanced/0","W->L","0"
"unbounded_minus_disabled","v5","opponentSlot","ra2web_advanced/0","D->W","2"
"unbounded_minus_disabled","v5","opponentSlot","ra2web_advanced/0","D->D","16"
"unbounded_minus_disabled","v5","opponentSlot","ra2web_advanced/0","D->L","1"
"unbounded_minus_disabled","v5","opponentSlot","ra2web_advanced/0","L->W","1"
"unbounded_minus_disabled","v5","opponentSlot","ra2web_advanced/0","L->D","0"
"unbounded_minus_disabled","v5","opponentSlot","ra2web_advanced/0","L->L","8"
"unbounded_minus_disabled","v5","opponentSlot","ra2web_advanced/1","W->W","10"
"unbounded_minus_disabled","v5","opponentSlot","ra2web_advanced/1","W->D","1"
"unbounded_minus_disabled","v5","opponentSlot","ra2web_advanced/1","W->L","1"
"unbounded_minus_disabled","v5","opponentSlot","ra2web_advanced/1","D->W","2"
"unbounded_minus_disabled","v5","opponentSlot","ra2web_advanced/1","D->D","15"
"unbounded_minus_disabled","v5","opponentSlot","ra2web_advanced/1","D->L","3"
"unbounded_minus_disabled","v5","opponentSlot","ra2web_advanced/1","L->W","0"
"unbounded_minus_disabled","v5","opponentSlot","ra2web_advanced/1","L->D","0"
"unbounded_minus_disabled","v5","opponentSlot","ra2web_advanced/1","L->L","8"
"unbounded_minus_disabled","v5","opponentDirection","pinned_supalosa/0","W->W","17"
"unbounded_minus_disabled","v5","opponentDirection","pinned_supalosa/0","W->D","1"
"unbounded_minus_disabled","v5","opponentDirection","pinned_supalosa/0","W->L","1"
"unbounded_minus_disabled","v5","opponentDirection","pinned_supalosa/0","D->W","1"
"unbounded_minus_disabled","v5","opponentDirection","pinned_supalosa/0","D->D","20"
"unbounded_minus_disabled","v5","opponentDirection","pinned_supalosa/0","D->L","0"
"unbounded_minus_disabled","v5","opponentDirection","pinned_supalosa/0","L->W","0"
"unbounded_minus_disabled","v5","opponentDirection","pinned_supalosa/0","L->D","1"
"unbounded_minus_disabled","v5","opponentDirection","pinned_supalosa/0","L->L","19"
"unbounded_minus_disabled","v5","opponentDirection","pinned_supalosa/1","W->W","21"
"unbounded_minus_disabled","v5","opponentDirection","pinned_supalosa/1","W->D","3"
"unbounded_minus_disabled","v5","opponentDirection","pinned_supalosa/1","W->L","2"
"unbounded_minus_disabled","v5","opponentDirection","pinned_supalosa/1","D->W","1"
"unbounded_minus_disabled","v5","opponentDirection","pinned_supalosa/1","D->D","20"
"unbounded_minus_disabled","v5","opponentDirection","pinned_supalosa/1","D->L","1"
"unbounded_minus_disabled","v5","opponentDirection","pinned_supalosa/1","L->W","0"
"unbounded_minus_disabled","v5","opponentDirection","pinned_supalosa/1","L->D","0"
"unbounded_minus_disabled","v5","opponentDirection","pinned_supalosa/1","L->L","12"
"unbounded_minus_disabled","v5","opponentDirection","ra2web_advanced/0","W->W","7"
"unbounded_minus_disabled","v5","opponentDirection","ra2web_advanced/0","W->D","0"
"unbounded_minus_disabled","v5","opponentDirection","ra2web_advanced/0","W->L","0"
"unbounded_minus_disabled","v5","opponentDirection","ra2web_advanced/0","D->W","1"
"unbounded_minus_disabled","v5","opponentDirection","ra2web_advanced/0","D->D","15"
"unbounded_minus_disabled","v5","opponentDirection","ra2web_advanced/0","D->L","1"
"unbounded_minus_disabled","v5","opponentDirection","ra2web_advanced/0","L->W","1"
"unbounded_minus_disabled","v5","opponentDirection","ra2web_advanced/0","L->D","0"
"unbounded_minus_disabled","v5","opponentDirection","ra2web_advanced/0","L->L","15"
"unbounded_minus_disabled","v5","opponentDirection","ra2web_advanced/1","W->W","15"
"unbounded_minus_disabled","v5","opponentDirection","ra2web_advanced/1","W->D","1"
"unbounded_minus_disabled","v5","opponentDirection","ra2web_advanced/1","W->L","1"
"unbounded_minus_disabled","v5","opponentDirection","ra2web_advanced/1","D->W","3"
"unbounded_minus_disabled","v5","opponentDirection","ra2web_advanced/1","D->D","16"
"unbounded_minus_disabled","v5","opponentDirection","ra2web_advanced/1","D->L","3"
"unbounded_minus_disabled","v5","opponentDirection","ra2web_advanced/1","L->W","0"
"unbounded_minus_disabled","v5","opponentDirection","ra2web_advanced/1","L->D","0"
"unbounded_minus_disabled","v5","opponentDirection","ra2web_advanced/1","L->L","1"
"unbounded_minus_disabled","v5","opponentCountryDirection","pinned_supalosa/Africans/0","W->W","11"
"unbounded_minus_disabled","v5","opponentCountryDirection","pinned_supalosa/Africans/0","W->D","0"
"unbounded_minus_disabled","v5","opponentCountryDirection","pinned_supalosa/Africans/0","W->L","0"
"unbounded_minus_disabled","v5","opponentCountryDirection","pinned_supalosa/Africans/0","D->W","0"
"unbounded_minus_disabled","v5","opponentCountryDirection","pinned_supalosa/Africans/0","D->D","12"
"unbounded_minus_disabled","v5","opponentCountryDirection","pinned_supalosa/Africans/0","D->L","0"
"unbounded_minus_disabled","v5","opponentCountryDirection","pinned_supalosa/Africans/0","L->W","0"
"unbounded_minus_disabled","v5","opponentCountryDirection","pinned_supalosa/Africans/0","L->D","0"
"unbounded_minus_disabled","v5","opponentCountryDirection","pinned_supalosa/Africans/0","L->L","7"
"unbounded_minus_disabled","v5","opponentCountryDirection","pinned_supalosa/Africans/1","W->W","9"
"unbounded_minus_disabled","v5","opponentCountryDirection","pinned_supalosa/Africans/1","W->D","0"
"unbounded_minus_disabled","v5","opponentCountryDirection","pinned_supalosa/Africans/1","W->L","0"
"unbounded_minus_disabled","v5","opponentCountryDirection","pinned_supalosa/Africans/1","D->W","0"
"unbounded_minus_disabled","v5","opponentCountryDirection","pinned_supalosa/Africans/1","D->D","14"
"unbounded_minus_disabled","v5","opponentCountryDirection","pinned_supalosa/Africans/1","D->L","1"
"unbounded_minus_disabled","v5","opponentCountryDirection","pinned_supalosa/Africans/1","L->W","0"
"unbounded_minus_disabled","v5","opponentCountryDirection","pinned_supalosa/Africans/1","L->D","0"
"unbounded_minus_disabled","v5","opponentCountryDirection","pinned_supalosa/Africans/1","L->L","6"
"unbounded_minus_disabled","v5","opponentCountryDirection","pinned_supalosa/Americans/0","W->W","6"
"unbounded_minus_disabled","v5","opponentCountryDirection","pinned_supalosa/Americans/0","W->D","1"
"unbounded_minus_disabled","v5","opponentCountryDirection","pinned_supalosa/Americans/0","W->L","1"
"unbounded_minus_disabled","v5","opponentCountryDirection","pinned_supalosa/Americans/0","D->W","1"
"unbounded_minus_disabled","v5","opponentCountryDirection","pinned_supalosa/Americans/0","D->D","8"
"unbounded_minus_disabled","v5","opponentCountryDirection","pinned_supalosa/Americans/0","D->L","0"
"unbounded_minus_disabled","v5","opponentCountryDirection","pinned_supalosa/Americans/0","L->W","0"
"unbounded_minus_disabled","v5","opponentCountryDirection","pinned_supalosa/Americans/0","L->D","1"
"unbounded_minus_disabled","v5","opponentCountryDirection","pinned_supalosa/Americans/0","L->L","12"
"unbounded_minus_disabled","v5","opponentCountryDirection","pinned_supalosa/Americans/1","W->W","12"
"unbounded_minus_disabled","v5","opponentCountryDirection","pinned_supalosa/Americans/1","W->D","3"
"unbounded_minus_disabled","v5","opponentCountryDirection","pinned_supalosa/Americans/1","W->L","2"
"unbounded_minus_disabled","v5","opponentCountryDirection","pinned_supalosa/Americans/1","D->W","1"
"unbounded_minus_disabled","v5","opponentCountryDirection","pinned_supalosa/Americans/1","D->D","6"
"unbounded_minus_disabled","v5","opponentCountryDirection","pinned_supalosa/Americans/1","D->L","0"
"unbounded_minus_disabled","v5","opponentCountryDirection","pinned_supalosa/Americans/1","L->W","0"
"unbounded_minus_disabled","v5","opponentCountryDirection","pinned_supalosa/Americans/1","L->D","0"
"unbounded_minus_disabled","v5","opponentCountryDirection","pinned_supalosa/Americans/1","L->L","6"
"unbounded_minus_disabled","v5","opponentCountryDirection","ra2web_advanced/Africans/0","W->W","4"
"unbounded_minus_disabled","v5","opponentCountryDirection","ra2web_advanced/Africans/0","W->D","0"
"unbounded_minus_disabled","v5","opponentCountryDirection","ra2web_advanced/Africans/0","W->L","0"
"unbounded_minus_disabled","v5","opponentCountryDirection","ra2web_advanced/Africans/0","D->W","0"
"unbounded_minus_disabled","v5","opponentCountryDirection","ra2web_advanced/Africans/0","D->D","15"
"unbounded_minus_disabled","v5","opponentCountryDirection","ra2web_advanced/Africans/0","D->L","0"
"unbounded_minus_disabled","v5","opponentCountryDirection","ra2web_advanced/Africans/0","L->W","0"
"unbounded_minus_disabled","v5","opponentCountryDirection","ra2web_advanced/Africans/0","L->D","0"
"unbounded_minus_disabled","v5","opponentCountryDirection","ra2web_advanced/Africans/0","L->L","1"
"unbounded_minus_disabled","v5","opponentCountryDirection","ra2web_advanced/Africans/1","W->W","5"
"unbounded_minus_disabled","v5","opponentCountryDirection","ra2web_advanced/Africans/1","W->D","0"
"unbounded_minus_disabled","v5","opponentCountryDirection","ra2web_advanced/Africans/1","W->L","0"
"unbounded_minus_disabled","v5","opponentCountryDirection","ra2web_advanced/Africans/1","D->W","0"
"unbounded_minus_disabled","v5","opponentCountryDirection","ra2web_advanced/Africans/1","D->D","15"
"unbounded_minus_disabled","v5","opponentCountryDirection","ra2web_advanced/Africans/1","D->L","0"
"unbounded_minus_disabled","v5","opponentCountryDirection","ra2web_advanced/Africans/1","L->W","0"
"unbounded_minus_disabled","v5","opponentCountryDirection","ra2web_advanced/Africans/1","L->D","0"
"unbounded_minus_disabled","v5","opponentCountryDirection","ra2web_advanced/Africans/1","L->L","0"
"unbounded_minus_disabled","v5","opponentCountryDirection","ra2web_advanced/Americans/0","W->W","3"
"unbounded_minus_disabled","v5","opponentCountryDirection","ra2web_advanced/Americans/0","W->D","0"
"unbounded_minus_disabled","v5","opponentCountryDirection","ra2web_advanced/Americans/0","W->L","0"
"unbounded_minus_disabled","v5","opponentCountryDirection","ra2web_advanced/Americans/0","D->W","1"
"unbounded_minus_disabled","v5","opponentCountryDirection","ra2web_advanced/Americans/0","D->D","0"
"unbounded_minus_disabled","v5","opponentCountryDirection","ra2web_advanced/Americans/0","D->L","1"
"unbounded_minus_disabled","v5","opponentCountryDirection","ra2web_advanced/Americans/0","L->W","1"
"unbounded_minus_disabled","v5","opponentCountryDirection","ra2web_advanced/Americans/0","L->D","0"
"unbounded_minus_disabled","v5","opponentCountryDirection","ra2web_advanced/Americans/0","L->L","14"
"unbounded_minus_disabled","v5","opponentCountryDirection","ra2web_advanced/Americans/1","W->W","10"
"unbounded_minus_disabled","v5","opponentCountryDirection","ra2web_advanced/Americans/1","W->D","1"
"unbounded_minus_disabled","v5","opponentCountryDirection","ra2web_advanced/Americans/1","W->L","1"
"unbounded_minus_disabled","v5","opponentCountryDirection","ra2web_advanced/Americans/1","D->W","3"
"unbounded_minus_disabled","v5","opponentCountryDirection","ra2web_advanced/Americans/1","D->D","1"
"unbounded_minus_disabled","v5","opponentCountryDirection","ra2web_advanced/Americans/1","D->L","3"
"unbounded_minus_disabled","v5","opponentCountryDirection","ra2web_advanced/Americans/1","L->W","0"
"unbounded_minus_disabled","v5","opponentCountryDirection","ra2web_advanced/Americans/1","L->D","0"
"unbounded_minus_disabled","v5","opponentCountryDirection","ra2web_advanced/Americans/1","L->L","1"
"v2_minus_disabled","v6","populations","overall","W->W","36"
"v2_minus_disabled","v6","populations","overall","W->D","26"
"v2_minus_disabled","v6","populations","overall","W->L","8"
"v2_minus_disabled","v6","populations","overall","D->W","13"
"v2_minus_disabled","v6","populations","overall","D->D","58"
"v2_minus_disabled","v6","populations","overall","D->L","10"
"v2_minus_disabled","v6","populations","overall","L->W","0"
"v2_minus_disabled","v6","populations","overall","L->D","8"
"v2_minus_disabled","v6","populations","overall","L->L","41"
"v2_minus_disabled","v6","populations","supalosa","W->W","27"
"v2_minus_disabled","v6","populations","supalosa","W->D","15"
"v2_minus_disabled","v6","populations","supalosa","W->L","4"
"v2_minus_disabled","v6","populations","supalosa","D->W","7"
"v2_minus_disabled","v6","populations","supalosa","D->D","30"
"v2_minus_disabled","v6","populations","supalosa","D->L","5"
"v2_minus_disabled","v6","populations","supalosa","L->W","0"
"v2_minus_disabled","v6","populations","supalosa","L->D","5"
"v2_minus_disabled","v6","populations","supalosa","L->L","27"
"v2_minus_disabled","v6","populations","advanced","W->W","9"
"v2_minus_disabled","v6","populations","advanced","W->D","11"
"v2_minus_disabled","v6","populations","advanced","W->L","4"
"v2_minus_disabled","v6","populations","advanced","D->W","6"
"v2_minus_disabled","v6","populations","advanced","D->D","28"
"v2_minus_disabled","v6","populations","advanced","D->L","5"
"v2_minus_disabled","v6","populations","advanced","L->W","0"
"v2_minus_disabled","v6","populations","advanced","L->D","3"
"v2_minus_disabled","v6","populations","advanced","L->L","14"
"v2_minus_disabled","v6","strata","pinned_supalosa__hfo-bvb","W->W","3"
"v2_minus_disabled","v6","strata","pinned_supalosa__hfo-bvb","W->D","0"
"v2_minus_disabled","v6","strata","pinned_supalosa__hfo-bvb","W->L","1"
"v2_minus_disabled","v6","strata","pinned_supalosa__hfo-bvb","D->W","0"
"v2_minus_disabled","v6","strata","pinned_supalosa__hfo-bvb","D->D","0"
"v2_minus_disabled","v6","strata","pinned_supalosa__hfo-bvb","D->L","2"
"v2_minus_disabled","v6","strata","pinned_supalosa__hfo-bvb","L->W","0"
"v2_minus_disabled","v6","strata","pinned_supalosa__hfo-bvb","L->D","0"
"v2_minus_disabled","v6","strata","pinned_supalosa__hfo-bvb","L->L","2"
"v2_minus_disabled","v6","strata","pinned_supalosa__hfo-corners","W->W","2"
"v2_minus_disabled","v6","strata","pinned_supalosa__hfo-corners","W->D","1"
"v2_minus_disabled","v6","strata","pinned_supalosa__hfo-corners","W->L","0"
"v2_minus_disabled","v6","strata","pinned_supalosa__hfo-corners","D->W","0"
"v2_minus_disabled","v6","strata","pinned_supalosa__hfo-corners","D->D","2"
"v2_minus_disabled","v6","strata","pinned_supalosa__hfo-corners","D->L","0"
"v2_minus_disabled","v6","strata","pinned_supalosa__hfo-corners","L->W","0"
"v2_minus_disabled","v6","strata","pinned_supalosa__hfo-corners","L->D","2"
"v2_minus_disabled","v6","strata","pinned_supalosa__hfo-corners","L->L","1"
"v2_minus_disabled","v6","strata","pinned_supalosa__hfo-corners-b","W->W","1"
"v2_minus_disabled","v6","strata","pinned_supalosa__hfo-corners-b","W->D","1"
"v2_minus_disabled","v6","strata","pinned_supalosa__hfo-corners-b","W->L","0"
"v2_minus_disabled","v6","strata","pinned_supalosa__hfo-corners-b","D->W","0"
"v2_minus_disabled","v6","strata","pinned_supalosa__hfo-corners-b","D->D","3"
"v2_minus_disabled","v6","strata","pinned_supalosa__hfo-corners-b","D->L","0"
"v2_minus_disabled","v6","strata","pinned_supalosa__hfo-corners-b","L->W","0"
"v2_minus_disabled","v6","strata","pinned_supalosa__hfo-corners-b","L->D","1"
"v2_minus_disabled","v6","strata","pinned_supalosa__hfo-corners-b","L->L","2"
"v2_minus_disabled","v6","strata","pinned_supalosa__hfo-corners-b-golden","W->W","2"
"v2_minus_disabled","v6","strata","pinned_supalosa__hfo-corners-b-golden","W->D","1"
"v2_minus_disabled","v6","strata","pinned_supalosa__hfo-corners-b-golden","W->L","1"
"v2_minus_disabled","v6","strata","pinned_supalosa__hfo-corners-b-golden","D->W","0"
"v2_minus_disabled","v6","strata","pinned_supalosa__hfo-corners-b-golden","D->D","0"
"v2_minus_disabled","v6","strata","pinned_supalosa__hfo-corners-b-golden","D->L","1"
"v2_minus_disabled","v6","strata","pinned_supalosa__hfo-corners-b-golden","L->W","0"
"v2_minus_disabled","v6","strata","pinned_supalosa__hfo-corners-b-golden","L->D","0"
"v2_minus_disabled","v6","strata","pinned_supalosa__hfo-corners-b-golden","L->L","3"
"v2_minus_disabled","v6","strata","pinned_supalosa__hfo-golden","W->W","2"
"v2_minus_disabled","v6","strata","pinned_supalosa__hfo-golden","W->D","2"
"v2_minus_disabled","v6","strata","pinned_supalosa__hfo-golden","W->L","0"
"v2_minus_disabled","v6","strata","pinned_supalosa__hfo-golden","D->W","1"
"v2_minus_disabled","v6","strata","pinned_supalosa__hfo-golden","D->D","0"
"v2_minus_disabled","v6","strata","pinned_supalosa__hfo-golden","D->L","1"
"v2_minus_disabled","v6","strata","pinned_supalosa__hfo-golden","L->W","0"
"v2_minus_disabled","v6","strata","pinned_supalosa__hfo-golden","L->D","0"
"v2_minus_disabled","v6","strata","pinned_supalosa__hfo-golden","L->L","2"
"v2_minus_disabled","v6","strata","pinned_supalosa__hfo-le","W->W","2"
"v2_minus_disabled","v6","strata","pinned_supalosa__hfo-le","W->D","2"
"v2_minus_disabled","v6","strata","pinned_supalosa__hfo-le","W->L","0"
"v2_minus_disabled","v6","strata","pinned_supalosa__hfo-le","D->W","0"
"v2_minus_disabled","v6","strata","pinned_supalosa__hfo-le","D->D","2"
"v2_minus_disabled","v6","strata","pinned_supalosa__hfo-le","D->L","0"
"v2_minus_disabled","v6","strata","pinned_supalosa__hfo-le","L->W","0"
"v2_minus_disabled","v6","strata","pinned_supalosa__hfo-le","L->D","0"
"v2_minus_disabled","v6","strata","pinned_supalosa__hfo-le","L->L","2"
"v2_minus_disabled","v6","strata","pinned_supalosa__hfo-lvl","W->W","3"
"v2_minus_disabled","v6","strata","pinned_supalosa__hfo-lvl","W->D","0"
"v2_minus_disabled","v6","strata","pinned_supalosa__hfo-lvl","W->L","1"
"v2_minus_disabled","v6","strata","pinned_supalosa__hfo-lvl","D->W","1"
"v2_minus_disabled","v6","strata","pinned_supalosa__hfo-lvl","D->D","0"
"v2_minus_disabled","v6","strata","pinned_supalosa__hfo-lvl","D->L","0"
"v2_minus_disabled","v6","strata","pinned_supalosa__hfo-lvl","L->W","0"
"v2_minus_disabled","v6","strata","pinned_supalosa__hfo-lvl","L->D","1"
"v2_minus_disabled","v6","strata","pinned_supalosa__hfo-lvl","L->L","2"
"v2_minus_disabled","v6","strata","pinned_supalosa__hfo-original","W->W","2"
"v2_minus_disabled","v6","strata","pinned_supalosa__hfo-original","W->D","1"
"v2_minus_disabled","v6","strata","pinned_supalosa__hfo-original","W->L","0"
"v2_minus_disabled","v6","strata","pinned_supalosa__hfo-original","D->W","0"
"v2_minus_disabled","v6","strata","pinned_supalosa__hfo-original","D->D","2"
"v2_minus_disabled","v6","strata","pinned_supalosa__hfo-original","D->L","0"
"v2_minus_disabled","v6","strata","pinned_supalosa__hfo-original","L->W","0"
"v2_minus_disabled","v6","strata","pinned_supalosa__hfo-original","L->D","0"
"v2_minus_disabled","v6","strata","pinned_supalosa__hfo-original","L->L","3"
"v2_minus_disabled","v6","strata","pinned_supalosa__hfo-rvr","W->W","0"
"v2_minus_disabled","v6","strata","pinned_supalosa__hfo-rvr","W->D","3"
"v2_minus_disabled","v6","strata","pinned_supalosa__hfo-rvr","W->L","0"
"v2_minus_disabled","v6","strata","pinned_supalosa__hfo-rvr","D->W","1"
"v2_minus_disabled","v6","strata","pinned_supalosa__hfo-rvr","D->D","3"
"v2_minus_disabled","v6","strata","pinned_supalosa__hfo-rvr","D->L","0"
"v2_minus_disabled","v6","strata","pinned_supalosa__hfo-rvr","L->W","0"
"v2_minus_disabled","v6","strata","pinned_supalosa__hfo-rvr","L->D","0"
"v2_minus_disabled","v6","strata","pinned_supalosa__hfo-rvr","L->L","1"
"v2_minus_disabled","v6","strata","pinned_supalosa__hfo-tvt","W->W","2"
"v2_minus_disabled","v6","strata","pinned_supalosa__hfo-tvt","W->D","2"
"v2_minus_disabled","v6","strata","pinned_supalosa__hfo-tvt","W->L","0"
"v2_minus_disabled","v6","strata","pinned_supalosa__hfo-tvt","D->W","1"
"v2_minus_disabled","v6","strata","pinned_supalosa__hfo-tvt","D->D","3"
"v2_minus_disabled","v6","strata","pinned_supalosa__hfo-tvt","D->L","0"
"v2_minus_disabled","v6","strata","pinned_supalosa__hfo-tvt","L->W","0"
"v2_minus_disabled","v6","strata","pinned_supalosa__hfo-tvt","L->D","0"
"v2_minus_disabled","v6","strata","pinned_supalosa__hfo-tvt","L->L","0"
"v2_minus_disabled","v6","strata","pinned_supalosa__pacific-heights","W->W","4"
"v2_minus_disabled","v6","strata","pinned_supalosa__pacific-heights","W->D","1"
"v2_minus_disabled","v6","strata","pinned_supalosa__pacific-heights","W->L","1"
"v2_minus_disabled","v6","strata","pinned_supalosa__pacific-heights","D->W","0"
"v2_minus_disabled","v6","strata","pinned_supalosa__pacific-heights","D->D","1"
"v2_minus_disabled","v6","strata","pinned_supalosa__pacific-heights","D->L","1"
"v2_minus_disabled","v6","strata","pinned_supalosa__pacific-heights","L->W","0"
"v2_minus_disabled","v6","strata","pinned_supalosa__pacific-heights","L->D","0"
"v2_minus_disabled","v6","strata","pinned_supalosa__pacific-heights","L->L","0"
"v2_minus_disabled","v6","strata","pinned_supalosa__peak","W->W","3"
"v2_minus_disabled","v6","strata","pinned_supalosa__peak","W->D","0"
"v2_minus_disabled","v6","strata","pinned_supalosa__peak","W->L","0"
"v2_minus_disabled","v6","strata","pinned_supalosa__peak","D->W","2"
"v2_minus_disabled","v6","strata","pinned_supalosa__peak","D->D","3"
"v2_minus_disabled","v6","strata","pinned_supalosa__peak","D->L","0"
"v2_minus_disabled","v6","strata","pinned_supalosa__peak","L->W","0"
"v2_minus_disabled","v6","strata","pinned_supalosa__peak","L->D","0"
"v2_minus_disabled","v6","strata","pinned_supalosa__peak","L->L","0"
"v2_minus_disabled","v6","strata","pinned_supalosa__south-pacific","W->W","0"
"v2_minus_disabled","v6","strata","pinned_supalosa__south-pacific","W->D","0"
"v2_minus_disabled","v6","strata","pinned_supalosa__south-pacific","W->L","0"
"v2_minus_disabled","v6","strata","pinned_supalosa__south-pacific","D->W","0"
"v2_minus_disabled","v6","strata","pinned_supalosa__south-pacific","D->D","6"
"v2_minus_disabled","v6","strata","pinned_supalosa__south-pacific","D->L","0"
"v2_minus_disabled","v6","strata","pinned_supalosa__south-pacific","L->W","0"
"v2_minus_disabled","v6","strata","pinned_supalosa__south-pacific","L->D","0"
"v2_minus_disabled","v6","strata","pinned_supalosa__south-pacific","L->L","2"
"v2_minus_disabled","v6","strata","pinned_supalosa__south-pacific-2","W->W","0"
"v2_minus_disabled","v6","strata","pinned_supalosa__south-pacific-2","W->D","1"
"v2_minus_disabled","v6","strata","pinned_supalosa__south-pacific-2","W->L","0"
"v2_minus_disabled","v6","strata","pinned_supalosa__south-pacific-2","D->W","0"
"v2_minus_disabled","v6","strata","pinned_supalosa__south-pacific-2","D->D","5"
"v2_minus_disabled","v6","strata","pinned_supalosa__south-pacific-2","D->L","0"
"v2_minus_disabled","v6","strata","pinned_supalosa__south-pacific-2","L->W","0"
"v2_minus_disabled","v6","strata","pinned_supalosa__south-pacific-2","L->D","1"
"v2_minus_disabled","v6","strata","pinned_supalosa__south-pacific-2","L->L","1"
"v2_minus_disabled","v6","strata","pinned_supalosa__tour-of-egypt","W->W","1"
"v2_minus_disabled","v6","strata","pinned_supalosa__tour-of-egypt","W->D","0"
"v2_minus_disabled","v6","strata","pinned_supalosa__tour-of-egypt","W->L","0"
"v2_minus_disabled","v6","strata","pinned_supalosa__tour-of-egypt","D->W","1"
"v2_minus_disabled","v6","strata","pinned_supalosa__tour-of-egypt","D->D","0"
"v2_minus_disabled","v6","strata","pinned_supalosa__tour-of-egypt","D->L","0"
"v2_minus_disabled","v6","strata","pinned_supalosa__tour-of-egypt","L->W","0"
"v2_minus_disabled","v6","strata","pinned_supalosa__tour-of-egypt","L->D","0"
"v2_minus_disabled","v6","strata","pinned_supalosa__tour-of-egypt","L->L","6"
"v2_minus_disabled","v6","strata","ra2web_advanced__hfo-bvb","W->W","1"
"v2_minus_disabled","v6","strata","ra2web_advanced__hfo-bvb","W->D","2"
"v2_minus_disabled","v6","strata","ra2web_advanced__hfo-bvb","W->L","0"
"v2_minus_disabled","v6","strata","ra2web_advanced__hfo-bvb","D->W","0"
"v2_minus_disabled","v6","strata","ra2web_advanced__hfo-bvb","D->D","2"
"v2_minus_disabled","v6","strata","ra2web_advanced__hfo-bvb","D->L","2"
"v2_minus_disabled","v6","strata","ra2web_advanced__hfo-bvb","L->W","0"
"v2_minus_disabled","v6","strata","ra2web_advanced__hfo-bvb","L->D","0"
"v2_minus_disabled","v6","strata","ra2web_advanced__hfo-bvb","L->L","1"
"v2_minus_disabled","v6","strata","ra2web_advanced__hfo-corners","W->W","0"
"v2_minus_disabled","v6","strata","ra2web_advanced__hfo-corners","W->D","0"
"v2_minus_disabled","v6","strata","ra2web_advanced__hfo-corners","W->L","0"
"v2_minus_disabled","v6","strata","ra2web_advanced__hfo-corners","D->W","1"
"v2_minus_disabled","v6","strata","ra2web_advanced__hfo-corners","D->D","5"
"v2_minus_disabled","v6","strata","ra2web_advanced__hfo-corners","D->L","0"
"v2_minus_disabled","v6","strata","ra2web_advanced__hfo-corners","L->W","0"
"v2_minus_disabled","v6","strata","ra2web_advanced__hfo-corners","L->D","0"
"v2_minus_disabled","v6","strata","ra2web_advanced__hfo-corners","L->L","2"
"v2_minus_disabled","v6","strata","ra2web_advanced__hfo-corners-b","W->W","0"
"v2_minus_disabled","v6","strata","ra2web_advanced__hfo-corners-b","W->D","2"
"v2_minus_disabled","v6","strata","ra2web_advanced__hfo-corners-b","W->L","0"
"v2_minus_disabled","v6","strata","ra2web_advanced__hfo-corners-b","D->W","2"
"v2_minus_disabled","v6","strata","ra2web_advanced__hfo-corners-b","D->D","4"
"v2_minus_disabled","v6","strata","ra2web_advanced__hfo-corners-b","D->L","0"
"v2_minus_disabled","v6","strata","ra2web_advanced__hfo-corners-b","L->W","0"
"v2_minus_disabled","v6","strata","ra2web_advanced__hfo-corners-b","L->D","0"
"v2_minus_disabled","v6","strata","ra2web_advanced__hfo-corners-b","L->L","0"
"v2_minus_disabled","v6","strata","ra2web_advanced__hfo-corners-b-golden","W->W","0"
"v2_minus_disabled","v6","strata","ra2web_advanced__hfo-corners-b-golden","W->D","0"
"v2_minus_disabled","v6","strata","ra2web_advanced__hfo-corners-b-golden","W->L","2"
"v2_minus_disabled","v6","strata","ra2web_advanced__hfo-corners-b-golden","D->W","1"
"v2_minus_disabled","v6","strata","ra2web_advanced__hfo-corners-b-golden","D->D","3"
"v2_minus_disabled","v6","strata","ra2web_advanced__hfo-corners-b-golden","D->L","0"
"v2_minus_disabled","v6","strata","ra2web_advanced__hfo-corners-b-golden","L->W","0"
"v2_minus_disabled","v6","strata","ra2web_advanced__hfo-corners-b-golden","L->D","0"
"v2_minus_disabled","v6","strata","ra2web_advanced__hfo-corners-b-golden","L->L","2"
"v2_minus_disabled","v6","strata","ra2web_advanced__hfo-golden","W->W","1"
"v2_minus_disabled","v6","strata","ra2web_advanced__hfo-golden","W->D","1"
"v2_minus_disabled","v6","strata","ra2web_advanced__hfo-golden","W->L","1"
"v2_minus_disabled","v6","strata","ra2web_advanced__hfo-golden","D->W","1"
"v2_minus_disabled","v6","strata","ra2web_advanced__hfo-golden","D->D","2"
"v2_minus_disabled","v6","strata","ra2web_advanced__hfo-golden","D->L","1"
"v2_minus_disabled","v6","strata","ra2web_advanced__hfo-golden","L->W","0"
"v2_minus_disabled","v6","strata","ra2web_advanced__hfo-golden","L->D","0"
"v2_minus_disabled","v6","strata","ra2web_advanced__hfo-golden","L->L","1"
"v2_minus_disabled","v6","strata","ra2web_advanced__hfo-le","W->W","2"
"v2_minus_disabled","v6","strata","ra2web_advanced__hfo-le","W->D","0"
"v2_minus_disabled","v6","strata","ra2web_advanced__hfo-le","W->L","0"
"v2_minus_disabled","v6","strata","ra2web_advanced__hfo-le","D->W","0"
"v2_minus_disabled","v6","strata","ra2web_advanced__hfo-le","D->D","2"
"v2_minus_disabled","v6","strata","ra2web_advanced__hfo-le","D->L","1"
"v2_minus_disabled","v6","strata","ra2web_advanced__hfo-le","L->W","0"
"v2_minus_disabled","v6","strata","ra2web_advanced__hfo-le","L->D","2"
"v2_minus_disabled","v6","strata","ra2web_advanced__hfo-le","L->L","1"
"v2_minus_disabled","v6","strata","ra2web_advanced__hfo-lvl","W->W","2"
"v2_minus_disabled","v6","strata","ra2web_advanced__hfo-lvl","W->D","0"
"v2_minus_disabled","v6","strata","ra2web_advanced__hfo-lvl","W->L","0"
"v2_minus_disabled","v6","strata","ra2web_advanced__hfo-lvl","D->W","0"
"v2_minus_disabled","v6","strata","ra2web_advanced__hfo-lvl","D->D","3"
"v2_minus_disabled","v6","strata","ra2web_advanced__hfo-lvl","D->L","0"
"v2_minus_disabled","v6","strata","ra2web_advanced__hfo-lvl","L->W","0"
"v2_minus_disabled","v6","strata","ra2web_advanced__hfo-lvl","L->D","1"
"v2_minus_disabled","v6","strata","ra2web_advanced__hfo-lvl","L->L","2"
"v2_minus_disabled","v6","strata","ra2web_advanced__hfo-original","W->W","2"
"v2_minus_disabled","v6","strata","ra2web_advanced__hfo-original","W->D","2"
"v2_minus_disabled","v6","strata","ra2web_advanced__hfo-original","W->L","0"
"v2_minus_disabled","v6","strata","ra2web_advanced__hfo-original","D->W","0"
"v2_minus_disabled","v6","strata","ra2web_advanced__hfo-original","D->D","1"
"v2_minus_disabled","v6","strata","ra2web_advanced__hfo-original","D->L","1"
"v2_minus_disabled","v6","strata","ra2web_advanced__hfo-original","L->W","0"
"v2_minus_disabled","v6","strata","ra2web_advanced__hfo-original","L->D","0"
"v2_minus_disabled","v6","strata","ra2web_advanced__hfo-original","L->L","2"
"v2_minus_disabled","v6","strata","ra2web_advanced__hfo-rvr","W->W","0"
"v2_minus_disabled","v6","strata","ra2web_advanced__hfo-rvr","W->D","1"
"v2_minus_disabled","v6","strata","ra2web_advanced__hfo-rvr","W->L","0"
"v2_minus_disabled","v6","strata","ra2web_advanced__hfo-rvr","D->W","0"
"v2_minus_disabled","v6","strata","ra2web_advanced__hfo-rvr","D->D","5"
"v2_minus_disabled","v6","strata","ra2web_advanced__hfo-rvr","D->L","0"
"v2_minus_disabled","v6","strata","ra2web_advanced__hfo-rvr","L->W","0"
"v2_minus_disabled","v6","strata","ra2web_advanced__hfo-rvr","L->D","0"
"v2_minus_disabled","v6","strata","ra2web_advanced__hfo-rvr","L->L","2"
"v2_minus_disabled","v6","strata","ra2web_advanced__hfo-tvt","W->W","1"
"v2_minus_disabled","v6","strata","ra2web_advanced__hfo-tvt","W->D","3"
"v2_minus_disabled","v6","strata","ra2web_advanced__hfo-tvt","W->L","1"
"v2_minus_disabled","v6","strata","ra2web_advanced__hfo-tvt","D->W","1"
"v2_minus_disabled","v6","strata","ra2web_advanced__hfo-tvt","D->D","1"
"v2_minus_disabled","v6","strata","ra2web_advanced__hfo-tvt","D->L","0"
"v2_minus_disabled","v6","strata","ra2web_advanced__hfo-tvt","L->W","0"
"v2_minus_disabled","v6","strata","ra2web_advanced__hfo-tvt","L->D","0"
"v2_minus_disabled","v6","strata","ra2web_advanced__hfo-tvt","L->L","1"
"v2_minus_disabled","v6","maps","hfo-bvb","W->W","4"
"v2_minus_disabled","v6","maps","hfo-bvb","W->D","2"
"v2_minus_disabled","v6","maps","hfo-bvb","W->L","1"
"v2_minus_disabled","v6","maps","hfo-bvb","D->W","0"
"v2_minus_disabled","v6","maps","hfo-bvb","D->D","2"
"v2_minus_disabled","v6","maps","hfo-bvb","D->L","4"
"v2_minus_disabled","v6","maps","hfo-bvb","L->W","0"
"v2_minus_disabled","v6","maps","hfo-bvb","L->D","0"
"v2_minus_disabled","v6","maps","hfo-bvb","L->L","3"
"v2_minus_disabled","v6","maps","hfo-corners","W->W","2"
"v2_minus_disabled","v6","maps","hfo-corners","W->D","1"
"v2_minus_disabled","v6","maps","hfo-corners","W->L","0"
"v2_minus_disabled","v6","maps","hfo-corners","D->W","1"
"v2_minus_disabled","v6","maps","hfo-corners","D->D","7"
"v2_minus_disabled","v6","maps","hfo-corners","D->L","0"
"v2_minus_disabled","v6","maps","hfo-corners","L->W","0"
"v2_minus_disabled","v6","maps","hfo-corners","L->D","2"
"v2_minus_disabled","v6","maps","hfo-corners","L->L","3"
"v2_minus_disabled","v6","maps","hfo-corners-b","W->W","1"
"v2_minus_disabled","v6","maps","hfo-corners-b","W->D","3"
"v2_minus_disabled","v6","maps","hfo-corners-b","W->L","0"
"v2_minus_disabled","v6","maps","hfo-corners-b","D->W","2"
"v2_minus_disabled","v6","maps","hfo-corners-b","D->D","7"
"v2_minus_disabled","v6","maps","hfo-corners-b","D->L","0"
"v2_minus_disabled","v6","maps","hfo-corners-b","L->W","0"
"v2_minus_disabled","v6","maps","hfo-corners-b","L->D","1"
"v2_minus_disabled","v6","maps","hfo-corners-b","L->L","2"
"v2_minus_disabled","v6","maps","hfo-corners-b-golden","W->W","2"
"v2_minus_disabled","v6","maps","hfo-corners-b-golden","W->D","1"
"v2_minus_disabled","v6","maps","hfo-corners-b-golden","W->L","3"
"v2_minus_disabled","v6","maps","hfo-corners-b-golden","D->W","1"
"v2_minus_disabled","v6","maps","hfo-corners-b-golden","D->D","3"
"v2_minus_disabled","v6","maps","hfo-corners-b-golden","D->L","1"
"v2_minus_disabled","v6","maps","hfo-corners-b-golden","L->W","0"
"v2_minus_disabled","v6","maps","hfo-corners-b-golden","L->D","0"
"v2_minus_disabled","v6","maps","hfo-corners-b-golden","L->L","5"
"v2_minus_disabled","v6","maps","hfo-golden","W->W","3"
"v2_minus_disabled","v6","maps","hfo-golden","W->D","3"
"v2_minus_disabled","v6","maps","hfo-golden","W->L","1"
"v2_minus_disabled","v6","maps","hfo-golden","D->W","2"
"v2_minus_disabled","v6","maps","hfo-golden","D->D","2"
"v2_minus_disabled","v6","maps","hfo-golden","D->L","2"
"v2_minus_disabled","v6","maps","hfo-golden","L->W","0"
"v2_minus_disabled","v6","maps","hfo-golden","L->D","0"
"v2_minus_disabled","v6","maps","hfo-golden","L->L","3"
"v2_minus_disabled","v6","maps","hfo-le","W->W","4"
"v2_minus_disabled","v6","maps","hfo-le","W->D","2"
"v2_minus_disabled","v6","maps","hfo-le","W->L","0"
"v2_minus_disabled","v6","maps","hfo-le","D->W","0"
"v2_minus_disabled","v6","maps","hfo-le","D->D","4"
"v2_minus_disabled","v6","maps","hfo-le","D->L","1"
"v2_minus_disabled","v6","maps","hfo-le","L->W","0"
"v2_minus_disabled","v6","maps","hfo-le","L->D","2"
"v2_minus_disabled","v6","maps","hfo-le","L->L","3"
"v2_minus_disabled","v6","maps","hfo-lvl","W->W","5"
"v2_minus_disabled","v6","maps","hfo-lvl","W->D","0"
"v2_minus_disabled","v6","maps","hfo-lvl","W->L","1"
"v2_minus_disabled","v6","maps","hfo-lvl","D->W","1"
"v2_minus_disabled","v6","maps","hfo-lvl","D->D","3"
"v2_minus_disabled","v6","maps","hfo-lvl","D->L","0"
"v2_minus_disabled","v6","maps","hfo-lvl","L->W","0"
"v2_minus_disabled","v6","maps","hfo-lvl","L->D","2"
"v2_minus_disabled","v6","maps","hfo-lvl","L->L","4"
"v2_minus_disabled","v6","maps","hfo-original","W->W","4"
"v2_minus_disabled","v6","maps","hfo-original","W->D","3"
"v2_minus_disabled","v6","maps","hfo-original","W->L","0"
"v2_minus_disabled","v6","maps","hfo-original","D->W","0"
"v2_minus_disabled","v6","maps","hfo-original","D->D","3"
"v2_minus_disabled","v6","maps","hfo-original","D->L","1"
"v2_minus_disabled","v6","maps","hfo-original","L->W","0"
"v2_minus_disabled","v6","maps","hfo-original","L->D","0"
"v2_minus_disabled","v6","maps","hfo-original","L->L","5"
"v2_minus_disabled","v6","maps","hfo-rvr","W->W","0"
"v2_minus_disabled","v6","maps","hfo-rvr","W->D","4"
"v2_minus_disabled","v6","maps","hfo-rvr","W->L","0"
"v2_minus_disabled","v6","maps","hfo-rvr","D->W","1"
"v2_minus_disabled","v6","maps","hfo-rvr","D->D","8"
"v2_minus_disabled","v6","maps","hfo-rvr","D->L","0"
"v2_minus_disabled","v6","maps","hfo-rvr","L->W","0"
"v2_minus_disabled","v6","maps","hfo-rvr","L->D","0"
"v2_minus_disabled","v6","maps","hfo-rvr","L->L","3"
"v2_minus_disabled","v6","maps","hfo-tvt","W->W","3"
"v2_minus_disabled","v6","maps","hfo-tvt","W->D","5"
"v2_minus_disabled","v6","maps","hfo-tvt","W->L","1"
"v2_minus_disabled","v6","maps","hfo-tvt","D->W","2"
"v2_minus_disabled","v6","maps","hfo-tvt","D->D","4"
"v2_minus_disabled","v6","maps","hfo-tvt","D->L","0"
"v2_minus_disabled","v6","maps","hfo-tvt","L->W","0"
"v2_minus_disabled","v6","maps","hfo-tvt","L->D","0"
"v2_minus_disabled","v6","maps","hfo-tvt","L->L","1"
"v2_minus_disabled","v6","maps","pacific-heights","W->W","4"
"v2_minus_disabled","v6","maps","pacific-heights","W->D","1"
"v2_minus_disabled","v6","maps","pacific-heights","W->L","1"
"v2_minus_disabled","v6","maps","pacific-heights","D->W","0"
"v2_minus_disabled","v6","maps","pacific-heights","D->D","1"
"v2_minus_disabled","v6","maps","pacific-heights","D->L","1"
"v2_minus_disabled","v6","maps","pacific-heights","L->W","0"
"v2_minus_disabled","v6","maps","pacific-heights","L->D","0"
"v2_minus_disabled","v6","maps","pacific-heights","L->L","0"
"v2_minus_disabled","v6","maps","peak","W->W","3"
"v2_minus_disabled","v6","maps","peak","W->D","0"
"v2_minus_disabled","v6","maps","peak","W->L","0"
"v2_minus_disabled","v6","maps","peak","D->W","2"
"v2_minus_disabled","v6","maps","peak","D->D","3"
"v2_minus_disabled","v6","maps","peak","D->L","0"
"v2_minus_disabled","v6","maps","peak","L->W","0"
"v2_minus_disabled","v6","maps","peak","L->D","0"
"v2_minus_disabled","v6","maps","peak","L->L","0"
"v2_minus_disabled","v6","maps","south-pacific","W->W","0"
"v2_minus_disabled","v6","maps","south-pacific","W->D","0"
"v2_minus_disabled","v6","maps","south-pacific","W->L","0"
"v2_minus_disabled","v6","maps","south-pacific","D->W","0"
"v2_minus_disabled","v6","maps","south-pacific","D->D","6"
"v2_minus_disabled","v6","maps","south-pacific","D->L","0"
"v2_minus_disabled","v6","maps","south-pacific","L->W","0"
"v2_minus_disabled","v6","maps","south-pacific","L->D","0"
"v2_minus_disabled","v6","maps","south-pacific","L->L","2"
"v2_minus_disabled","v6","maps","south-pacific-2","W->W","0"
"v2_minus_disabled","v6","maps","south-pacific-2","W->D","1"
"v2_minus_disabled","v6","maps","south-pacific-2","W->L","0"
"v2_minus_disabled","v6","maps","south-pacific-2","D->W","0"
"v2_minus_disabled","v6","maps","south-pacific-2","D->D","5"
"v2_minus_disabled","v6","maps","south-pacific-2","D->L","0"
"v2_minus_disabled","v6","maps","south-pacific-2","L->W","0"
"v2_minus_disabled","v6","maps","south-pacific-2","L->D","1"
"v2_minus_disabled","v6","maps","south-pacific-2","L->L","1"
"v2_minus_disabled","v6","maps","tour-of-egypt","W->W","1"
"v2_minus_disabled","v6","maps","tour-of-egypt","W->D","0"
"v2_minus_disabled","v6","maps","tour-of-egypt","W->L","0"
"v2_minus_disabled","v6","maps","tour-of-egypt","D->W","1"
"v2_minus_disabled","v6","maps","tour-of-egypt","D->D","0"
"v2_minus_disabled","v6","maps","tour-of-egypt","D->L","0"
"v2_minus_disabled","v6","maps","tour-of-egypt","L->W","0"
"v2_minus_disabled","v6","maps","tour-of-egypt","L->D","0"
"v2_minus_disabled","v6","maps","tour-of-egypt","L->L","6"
"v2_minus_disabled","v6","countries","Africans","W->W","14"
"v2_minus_disabled","v6","countries","Africans","W->D","14"
"v2_minus_disabled","v6","countries","Africans","W->L","1"
"v2_minus_disabled","v6","countries","Africans","D->W","7"
"v2_minus_disabled","v6","countries","Africans","D->D","43"
"v2_minus_disabled","v6","countries","Africans","D->L","7"
"v2_minus_disabled","v6","countries","Africans","L->W","0"
"v2_minus_disabled","v6","countries","Africans","L->D","4"
"v2_minus_disabled","v6","countries","Africans","L->L","10"
"v2_minus_disabled","v6","countries","Americans","W->W","22"
"v2_minus_disabled","v6","countries","Americans","W->D","12"
"v2_minus_disabled","v6","countries","Americans","W->L","7"
"v2_minus_disabled","v6","countries","Americans","D->W","6"
"v2_minus_disabled","v6","countries","Americans","D->D","15"
"v2_minus_disabled","v6","countries","Americans","D->L","3"
"v2_minus_disabled","v6","countries","Americans","L->W","0"
"v2_minus_disabled","v6","countries","Americans","L->D","4"
"v2_minus_disabled","v6","countries","Americans","L->L","31"
"v2_minus_disabled","v6","factions","Allied","W->W","22"
"v2_minus_disabled","v6","factions","Allied","W->D","12"
"v2_minus_disabled","v6","factions","Allied","W->L","7"
"v2_minus_disabled","v6","factions","Allied","D->W","6"
"v2_minus_disabled","v6","factions","Allied","D->D","15"
"v2_minus_disabled","v6","factions","Allied","D->L","3"
"v2_minus_disabled","v6","factions","Allied","L->W","0"
"v2_minus_disabled","v6","factions","Allied","L->D","4"
"v2_minus_disabled","v6","factions","Allied","L->L","31"
"v2_minus_disabled","v6","factions","Soviet","W->W","14"
"v2_minus_disabled","v6","factions","Soviet","W->D","14"
"v2_minus_disabled","v6","factions","Soviet","W->L","1"
"v2_minus_disabled","v6","factions","Soviet","D->W","7"
"v2_minus_disabled","v6","factions","Soviet","D->D","43"
"v2_minus_disabled","v6","factions","Soviet","D->L","7"
"v2_minus_disabled","v6","factions","Soviet","L->W","0"
"v2_minus_disabled","v6","factions","Soviet","L->D","4"
"v2_minus_disabled","v6","factions","Soviet","L->L","10"
"v2_minus_disabled","v6","slots","0","W->W","15"
"v2_minus_disabled","v6","slots","0","W->D","11"
"v2_minus_disabled","v6","slots","0","W->L","6"
"v2_minus_disabled","v6","slots","0","D->W","6"
"v2_minus_disabled","v6","slots","0","D->D","28"
"v2_minus_disabled","v6","slots","0","D->L","5"
"v2_minus_disabled","v6","slots","0","L->W","0"
"v2_minus_disabled","v6","slots","0","L->D","5"
"v2_minus_disabled","v6","slots","0","L->L","24"
"v2_minus_disabled","v6","slots","1","W->W","21"
"v2_minus_disabled","v6","slots","1","W->D","15"
"v2_minus_disabled","v6","slots","1","W->L","2"
"v2_minus_disabled","v6","slots","1","D->W","7"
"v2_minus_disabled","v6","slots","1","D->D","30"
"v2_minus_disabled","v6","slots","1","D->L","5"
"v2_minus_disabled","v6","slots","1","L->W","0"
"v2_minus_disabled","v6","slots","1","L->D","3"
"v2_minus_disabled","v6","slots","1","L->L","17"
"v2_minus_disabled","v6","directions","0","W->W","16"
"v2_minus_disabled","v6","directions","0","W->D","7"
"v2_minus_disabled","v6","directions","0","W->L","3"
"v2_minus_disabled","v6","directions","0","D->W","4"
"v2_minus_disabled","v6","directions","0","D->D","29"
"v2_minus_disabled","v6","directions","0","D->L","5"
"v2_minus_disabled","v6","directions","0","L->W","0"
"v2_minus_disabled","v6","directions","0","L->D","6"
"v2_minus_disabled","v6","directions","0","L->L","30"
"v2_minus_disabled","v6","directions","1","W->W","20"
"v2_minus_disabled","v6","directions","1","W->D","19"
"v2_minus_disabled","v6","directions","1","W->L","5"
"v2_minus_disabled","v6","directions","1","D->W","9"
"v2_minus_disabled","v6","directions","1","D->D","29"
"v2_minus_disabled","v6","directions","1","D->L","5"
"v2_minus_disabled","v6","directions","1","L->W","0"
"v2_minus_disabled","v6","directions","1","L->D","2"
"v2_minus_disabled","v6","directions","1","L->L","11"
"v2_minus_disabled","v6","countryDirection","Africans/0","W->W","9"
"v2_minus_disabled","v6","countryDirection","Africans/0","W->D","5"
"v2_minus_disabled","v6","countryDirection","Africans/0","W->L","1"
"v2_minus_disabled","v6","countryDirection","Africans/0","D->W","2"
"v2_minus_disabled","v6","countryDirection","Africans/0","D->D","21"
"v2_minus_disabled","v6","countryDirection","Africans/0","D->L","4"
"v2_minus_disabled","v6","countryDirection","Africans/0","L->W","0"
"v2_minus_disabled","v6","countryDirection","Africans/0","L->D","3"
"v2_minus_disabled","v6","countryDirection","Africans/0","L->L","5"
"v2_minus_disabled","v6","countryDirection","Africans/1","W->W","5"
"v2_minus_disabled","v6","countryDirection","Africans/1","W->D","9"
"v2_minus_disabled","v6","countryDirection","Africans/1","W->L","0"
"v2_minus_disabled","v6","countryDirection","Africans/1","D->W","5"
"v2_minus_disabled","v6","countryDirection","Africans/1","D->D","22"
"v2_minus_disabled","v6","countryDirection","Africans/1","D->L","3"
"v2_minus_disabled","v6","countryDirection","Africans/1","L->W","0"
"v2_minus_disabled","v6","countryDirection","Africans/1","L->D","1"
"v2_minus_disabled","v6","countryDirection","Africans/1","L->L","5"
"v2_minus_disabled","v6","countryDirection","Americans/0","W->W","7"
"v2_minus_disabled","v6","countryDirection","Americans/0","W->D","2"
"v2_minus_disabled","v6","countryDirection","Americans/0","W->L","2"
"v2_minus_disabled","v6","countryDirection","Americans/0","D->W","2"
"v2_minus_disabled","v6","countryDirection","Americans/0","D->D","8"
"v2_minus_disabled","v6","countryDirection","Americans/0","D->L","1"
"v2_minus_disabled","v6","countryDirection","Americans/0","L->W","0"
"v2_minus_disabled","v6","countryDirection","Americans/0","L->D","3"
"v2_minus_disabled","v6","countryDirection","Americans/0","L->L","25"
"v2_minus_disabled","v6","countryDirection","Americans/1","W->W","15"
"v2_minus_disabled","v6","countryDirection","Americans/1","W->D","10"
"v2_minus_disabled","v6","countryDirection","Americans/1","W->L","5"
"v2_minus_disabled","v6","countryDirection","Americans/1","D->W","4"
"v2_minus_disabled","v6","countryDirection","Americans/1","D->D","7"
"v2_minus_disabled","v6","countryDirection","Americans/1","D->L","2"
"v2_minus_disabled","v6","countryDirection","Americans/1","L->W","0"
"v2_minus_disabled","v6","countryDirection","Americans/1","L->D","1"
"v2_minus_disabled","v6","countryDirection","Americans/1","L->L","6"
"v2_minus_disabled","v6","opponentCountry","pinned_supalosa/Africans","W->W","12"
"v2_minus_disabled","v6","opponentCountry","pinned_supalosa/Africans","W->D","7"
"v2_minus_disabled","v6","opponentCountry","pinned_supalosa/Africans","W->L","1"
"v2_minus_disabled","v6","opponentCountry","pinned_supalosa/Africans","D->W","5"
"v2_minus_disabled","v6","opponentCountry","pinned_supalosa/Africans","D->D","18"
"v2_minus_disabled","v6","opponentCountry","pinned_supalosa/Africans","D->L","4"
"v2_minus_disabled","v6","opponentCountry","pinned_supalosa/Africans","L->W","0"
"v2_minus_disabled","v6","opponentCountry","pinned_supalosa/Africans","L->D","3"
"v2_minus_disabled","v6","opponentCountry","pinned_supalosa/Africans","L->L","10"
"v2_minus_disabled","v6","opponentCountry","pinned_supalosa/Americans","W->W","15"
"v2_minus_disabled","v6","opponentCountry","pinned_supalosa/Americans","W->D","8"
"v2_minus_disabled","v6","opponentCountry","pinned_supalosa/Americans","W->L","3"
"v2_minus_disabled","v6","opponentCountry","pinned_supalosa/Americans","D->W","2"
"v2_minus_disabled","v6","opponentCountry","pinned_supalosa/Americans","D->D","12"
"v2_minus_disabled","v6","opponentCountry","pinned_supalosa/Americans","D->L","1"
"v2_minus_disabled","v6","opponentCountry","pinned_supalosa/Americans","L->W","0"
"v2_minus_disabled","v6","opponentCountry","pinned_supalosa/Americans","L->D","2"
"v2_minus_disabled","v6","opponentCountry","pinned_supalosa/Americans","L->L","17"
"v2_minus_disabled","v6","opponentCountry","ra2web_advanced/Africans","W->W","2"
"v2_minus_disabled","v6","opponentCountry","ra2web_advanced/Africans","W->D","7"
"v2_minus_disabled","v6","opponentCountry","ra2web_advanced/Africans","W->L","0"
"v2_minus_disabled","v6","opponentCountry","ra2web_advanced/Africans","D->W","2"
"v2_minus_disabled","v6","opponentCountry","ra2web_advanced/Africans","D->D","25"
"v2_minus_disabled","v6","opponentCountry","ra2web_advanced/Africans","D->L","3"
"v2_minus_disabled","v6","opponentCountry","ra2web_advanced/Africans","L->W","0"
"v2_minus_disabled","v6","opponentCountry","ra2web_advanced/Africans","L->D","1"
"v2_minus_disabled","v6","opponentCountry","ra2web_advanced/Africans","L->L","0"
"v2_minus_disabled","v6","opponentCountry","ra2web_advanced/Americans","W->W","7"
"v2_minus_disabled","v6","opponentCountry","ra2web_advanced/Americans","W->D","4"
"v2_minus_disabled","v6","opponentCountry","ra2web_advanced/Americans","W->L","4"
"v2_minus_disabled","v6","opponentCountry","ra2web_advanced/Americans","D->W","4"
"v2_minus_disabled","v6","opponentCountry","ra2web_advanced/Americans","D->D","3"
"v2_minus_disabled","v6","opponentCountry","ra2web_advanced/Americans","D->L","2"
"v2_minus_disabled","v6","opponentCountry","ra2web_advanced/Americans","L->W","0"
"v2_minus_disabled","v6","opponentCountry","ra2web_advanced/Americans","L->D","2"
"v2_minus_disabled","v6","opponentCountry","ra2web_advanced/Americans","L->L","14"
"v2_minus_disabled","v6","opponentFaction","pinned_supalosa/Allied","W->W","15"
"v2_minus_disabled","v6","opponentFaction","pinned_supalosa/Allied","W->D","8"
"v2_minus_disabled","v6","opponentFaction","pinned_supalosa/Allied","W->L","3"
"v2_minus_disabled","v6","opponentFaction","pinned_supalosa/Allied","D->W","2"
"v2_minus_disabled","v6","opponentFaction","pinned_supalosa/Allied","D->D","12"
"v2_minus_disabled","v6","opponentFaction","pinned_supalosa/Allied","D->L","1"
"v2_minus_disabled","v6","opponentFaction","pinned_supalosa/Allied","L->W","0"
"v2_minus_disabled","v6","opponentFaction","pinned_supalosa/Allied","L->D","2"
"v2_minus_disabled","v6","opponentFaction","pinned_supalosa/Allied","L->L","17"
"v2_minus_disabled","v6","opponentFaction","pinned_supalosa/Soviet","W->W","12"
"v2_minus_disabled","v6","opponentFaction","pinned_supalosa/Soviet","W->D","7"
"v2_minus_disabled","v6","opponentFaction","pinned_supalosa/Soviet","W->L","1"
"v2_minus_disabled","v6","opponentFaction","pinned_supalosa/Soviet","D->W","5"
"v2_minus_disabled","v6","opponentFaction","pinned_supalosa/Soviet","D->D","18"
"v2_minus_disabled","v6","opponentFaction","pinned_supalosa/Soviet","D->L","4"
"v2_minus_disabled","v6","opponentFaction","pinned_supalosa/Soviet","L->W","0"
"v2_minus_disabled","v6","opponentFaction","pinned_supalosa/Soviet","L->D","3"
"v2_minus_disabled","v6","opponentFaction","pinned_supalosa/Soviet","L->L","10"
"v2_minus_disabled","v6","opponentFaction","ra2web_advanced/Allied","W->W","7"
"v2_minus_disabled","v6","opponentFaction","ra2web_advanced/Allied","W->D","4"
"v2_minus_disabled","v6","opponentFaction","ra2web_advanced/Allied","W->L","4"
"v2_minus_disabled","v6","opponentFaction","ra2web_advanced/Allied","D->W","4"
"v2_minus_disabled","v6","opponentFaction","ra2web_advanced/Allied","D->D","3"
"v2_minus_disabled","v6","opponentFaction","ra2web_advanced/Allied","D->L","2"
"v2_minus_disabled","v6","opponentFaction","ra2web_advanced/Allied","L->W","0"
"v2_minus_disabled","v6","opponentFaction","ra2web_advanced/Allied","L->D","2"
"v2_minus_disabled","v6","opponentFaction","ra2web_advanced/Allied","L->L","14"
"v2_minus_disabled","v6","opponentFaction","ra2web_advanced/Soviet","W->W","2"
"v2_minus_disabled","v6","opponentFaction","ra2web_advanced/Soviet","W->D","7"
"v2_minus_disabled","v6","opponentFaction","ra2web_advanced/Soviet","W->L","0"
"v2_minus_disabled","v6","opponentFaction","ra2web_advanced/Soviet","D->W","2"
"v2_minus_disabled","v6","opponentFaction","ra2web_advanced/Soviet","D->D","25"
"v2_minus_disabled","v6","opponentFaction","ra2web_advanced/Soviet","D->L","3"
"v2_minus_disabled","v6","opponentFaction","ra2web_advanced/Soviet","L->W","0"
"v2_minus_disabled","v6","opponentFaction","ra2web_advanced/Soviet","L->D","1"
"v2_minus_disabled","v6","opponentFaction","ra2web_advanced/Soviet","L->L","0"
"v2_minus_disabled","v6","opponentSlot","pinned_supalosa/0","W->W","9"
"v2_minus_disabled","v6","opponentSlot","pinned_supalosa/0","W->D","7"
"v2_minus_disabled","v6","opponentSlot","pinned_supalosa/0","W->L","4"
"v2_minus_disabled","v6","opponentSlot","pinned_supalosa/0","D->W","4"
"v2_minus_disabled","v6","opponentSlot","pinned_supalosa/0","D->D","13"
"v2_minus_disabled","v6","opponentSlot","pinned_supalosa/0","D->L","3"
"v2_minus_disabled","v6","opponentSlot","pinned_supalosa/0","L->W","0"
"v2_minus_disabled","v6","opponentSlot","pinned_supalosa/0","L->D","3"
"v2_minus_disabled","v6","opponentSlot","pinned_supalosa/0","L->L","17"
"v2_minus_disabled","v6","opponentSlot","pinned_supalosa/1","W->W","18"
"v2_minus_disabled","v6","opponentSlot","pinned_supalosa/1","W->D","8"
"v2_minus_disabled","v6","opponentSlot","pinned_supalosa/1","W->L","0"
"v2_minus_disabled","v6","opponentSlot","pinned_supalosa/1","D->W","3"
"v2_minus_disabled","v6","opponentSlot","pinned_supalosa/1","D->D","17"
"v2_minus_disabled","v6","opponentSlot","pinned_supalosa/1","D->L","2"
"v2_minus_disabled","v6","opponentSlot","pinned_supalosa/1","L->W","0"
"v2_minus_disabled","v6","opponentSlot","pinned_supalosa/1","L->D","2"
"v2_minus_disabled","v6","opponentSlot","pinned_supalosa/1","L->L","10"
"v2_minus_disabled","v6","opponentSlot","ra2web_advanced/0","W->W","6"
"v2_minus_disabled","v6","opponentSlot","ra2web_advanced/0","W->D","4"
"v2_minus_disabled","v6","opponentSlot","ra2web_advanced/0","W->L","2"
"v2_minus_disabled","v6","opponentSlot","ra2web_advanced/0","D->W","2"
"v2_minus_disabled","v6","opponentSlot","ra2web_advanced/0","D->D","15"
"v2_minus_disabled","v6","opponentSlot","ra2web_advanced/0","D->L","2"
"v2_minus_disabled","v6","opponentSlot","ra2web_advanced/0","L->W","0"
"v2_minus_disabled","v6","opponentSlot","ra2web_advanced/0","L->D","2"
"v2_minus_disabled","v6","opponentSlot","ra2web_advanced/0","L->L","7"
"v2_minus_disabled","v6","opponentSlot","ra2web_advanced/1","W->W","3"
"v2_minus_disabled","v6","opponentSlot","ra2web_advanced/1","W->D","7"
"v2_minus_disabled","v6","opponentSlot","ra2web_advanced/1","W->L","2"
"v2_minus_disabled","v6","opponentSlot","ra2web_advanced/1","D->W","4"
"v2_minus_disabled","v6","opponentSlot","ra2web_advanced/1","D->D","13"
"v2_minus_disabled","v6","opponentSlot","ra2web_advanced/1","D->L","3"
"v2_minus_disabled","v6","opponentSlot","ra2web_advanced/1","L->W","0"
"v2_minus_disabled","v6","opponentSlot","ra2web_advanced/1","L->D","1"
"v2_minus_disabled","v6","opponentSlot","ra2web_advanced/1","L->L","7"
"v2_minus_disabled","v6","opponentDirection","pinned_supalosa/0","W->W","13"
"v2_minus_disabled","v6","opponentDirection","pinned_supalosa/0","W->D","5"
"v2_minus_disabled","v6","opponentDirection","pinned_supalosa/0","W->L","1"
"v2_minus_disabled","v6","opponentDirection","pinned_supalosa/0","D->W","1"
"v2_minus_disabled","v6","opponentDirection","pinned_supalosa/0","D->D","18"
"v2_minus_disabled","v6","opponentDirection","pinned_supalosa/0","D->L","2"
"v2_minus_disabled","v6","opponentDirection","pinned_supalosa/0","L->W","0"
"v2_minus_disabled","v6","opponentDirection","pinned_supalosa/0","L->D","4"
"v2_minus_disabled","v6","opponentDirection","pinned_supalosa/0","L->L","16"
"v2_minus_disabled","v6","opponentDirection","pinned_supalosa/1","W->W","14"
"v2_minus_disabled","v6","opponentDirection","pinned_supalosa/1","W->D","10"
"v2_minus_disabled","v6","opponentDirection","pinned_supalosa/1","W->L","3"
"v2_minus_disabled","v6","opponentDirection","pinned_supalosa/1","D->W","6"
"v2_minus_disabled","v6","opponentDirection","pinned_supalosa/1","D->D","12"
"v2_minus_disabled","v6","opponentDirection","pinned_supalosa/1","D->L","3"
"v2_minus_disabled","v6","opponentDirection","pinned_supalosa/1","L->W","0"
"v2_minus_disabled","v6","opponentDirection","pinned_supalosa/1","L->D","1"
"v2_minus_disabled","v6","opponentDirection","pinned_supalosa/1","L->L","11"
"v2_minus_disabled","v6","opponentDirection","ra2web_advanced/0","W->W","3"
"v2_minus_disabled","v6","opponentDirection","ra2web_advanced/0","W->D","2"
"v2_minus_disabled","v6","opponentDirection","ra2web_advanced/0","W->L","2"
"v2_minus_disabled","v6","opponentDirection","ra2web_advanced/0","D->W","3"
"v2_minus_disabled","v6","opponentDirection","ra2web_advanced/0","D->D","11"
"v2_minus_disabled","v6","opponentDirection","ra2web_advanced/0","D->L","3"
"v2_minus_disabled","v6","opponentDirection","ra2web_advanced/0","L->W","0"
"v2_minus_disabled","v6","opponentDirection","ra2web_advanced/0","L->D","2"
"v2_minus_disabled","v6","opponentDirection","ra2web_advanced/0","L->L","14"
"v2_minus_disabled","v6","opponentDirection","ra2web_advanced/1","W->W","6"
"v2_minus_disabled","v6","opponentDirection","ra2web_advanced/1","W->D","9"
"v2_minus_disabled","v6","opponentDirection","ra2web_advanced/1","W->L","2"
"v2_minus_disabled","v6","opponentDirection","ra2web_advanced/1","D->W","3"
"v2_minus_disabled","v6","opponentDirection","ra2web_advanced/1","D->D","17"
"v2_minus_disabled","v6","opponentDirection","ra2web_advanced/1","D->L","2"
"v2_minus_disabled","v6","opponentDirection","ra2web_advanced/1","L->W","0"
"v2_minus_disabled","v6","opponentDirection","ra2web_advanced/1","L->D","1"
"v2_minus_disabled","v6","opponentDirection","ra2web_advanced/1","L->L","0"
"v2_minus_disabled","v6","opponentCountryDirection","pinned_supalosa/Africans/0","W->W","7"
"v2_minus_disabled","v6","opponentCountryDirection","pinned_supalosa/Africans/0","W->D","3"
"v2_minus_disabled","v6","opponentCountryDirection","pinned_supalosa/Africans/0","W->L","1"
"v2_minus_disabled","v6","opponentCountryDirection","pinned_supalosa/Africans/0","D->W","1"
"v2_minus_disabled","v6","opponentCountryDirection","pinned_supalosa/Africans/0","D->D","10"
"v2_minus_disabled","v6","opponentCountryDirection","pinned_supalosa/Africans/0","D->L","1"
"v2_minus_disabled","v6","opponentCountryDirection","pinned_supalosa/Africans/0","L->W","0"
"v2_minus_disabled","v6","opponentCountryDirection","pinned_supalosa/Africans/0","L->D","2"
"v2_minus_disabled","v6","opponentCountryDirection","pinned_supalosa/Africans/0","L->L","5"
"v2_minus_disabled","v6","opponentCountryDirection","pinned_supalosa/Africans/1","W->W","5"
"v2_minus_disabled","v6","opponentCountryDirection","pinned_supalosa/Africans/1","W->D","4"
"v2_minus_disabled","v6","opponentCountryDirection","pinned_supalosa/Africans/1","W->L","0"
"v2_minus_disabled","v6","opponentCountryDirection","pinned_supalosa/Africans/1","D->W","4"
"v2_minus_disabled","v6","opponentCountryDirection","pinned_supalosa/Africans/1","D->D","8"
"v2_minus_disabled","v6","opponentCountryDirection","pinned_supalosa/Africans/1","D->L","3"
"v2_minus_disabled","v6","opponentCountryDirection","pinned_supalosa/Africans/1","L->W","0"
"v2_minus_disabled","v6","opponentCountryDirection","pinned_supalosa/Africans/1","L->D","1"
"v2_minus_disabled","v6","opponentCountryDirection","pinned_supalosa/Africans/1","L->L","5"
"v2_minus_disabled","v6","opponentCountryDirection","pinned_supalosa/Americans/0","W->W","6"
"v2_minus_disabled","v6","opponentCountryDirection","pinned_supalosa/Americans/0","W->D","2"
"v2_minus_disabled","v6","opponentCountryDirection","pinned_supalosa/Americans/0","W->L","0"
"v2_minus_disabled","v6","opponentCountryDirection","pinned_supalosa/Americans/0","D->W","0"
"v2_minus_disabled","v6","opponentCountryDirection","pinned_supalosa/Americans/0","D->D","8"
"v2_minus_disabled","v6","opponentCountryDirection","pinned_supalosa/Americans/0","D->L","1"
"v2_minus_disabled","v6","opponentCountryDirection","pinned_supalosa/Americans/0","L->W","0"
"v2_minus_disabled","v6","opponentCountryDirection","pinned_supalosa/Americans/0","L->D","2"
"v2_minus_disabled","v6","opponentCountryDirection","pinned_supalosa/Americans/0","L->L","11"
"v2_minus_disabled","v6","opponentCountryDirection","pinned_supalosa/Americans/1","W->W","9"
"v2_minus_disabled","v6","opponentCountryDirection","pinned_supalosa/Americans/1","W->D","6"
"v2_minus_disabled","v6","opponentCountryDirection","pinned_supalosa/Americans/1","W->L","3"
"v2_minus_disabled","v6","opponentCountryDirection","pinned_supalosa/Americans/1","D->W","2"
"v2_minus_disabled","v6","opponentCountryDirection","pinned_supalosa/Americans/1","D->D","4"
"v2_minus_disabled","v6","opponentCountryDirection","pinned_supalosa/Americans/1","D->L","0"
"v2_minus_disabled","v6","opponentCountryDirection","pinned_supalosa/Americans/1","L->W","0"
"v2_minus_disabled","v6","opponentCountryDirection","pinned_supalosa/Americans/1","L->D","0"
"v2_minus_disabled","v6","opponentCountryDirection","pinned_supalosa/Americans/1","L->L","6"
"v2_minus_disabled","v6","opponentCountryDirection","ra2web_advanced/Africans/0","W->W","2"
"v2_minus_disabled","v6","opponentCountryDirection","ra2web_advanced/Africans/0","W->D","2"
"v2_minus_disabled","v6","opponentCountryDirection","ra2web_advanced/Africans/0","W->L","0"
"v2_minus_disabled","v6","opponentCountryDirection","ra2web_advanced/Africans/0","D->W","1"
"v2_minus_disabled","v6","opponentCountryDirection","ra2web_advanced/Africans/0","D->D","11"
"v2_minus_disabled","v6","opponentCountryDirection","ra2web_advanced/Africans/0","D->L","3"
"v2_minus_disabled","v6","opponentCountryDirection","ra2web_advanced/Africans/0","L->W","0"
"v2_minus_disabled","v6","opponentCountryDirection","ra2web_advanced/Africans/0","L->D","1"
"v2_minus_disabled","v6","opponentCountryDirection","ra2web_advanced/Africans/0","L->L","0"
"v2_minus_disabled","v6","opponentCountryDirection","ra2web_advanced/Africans/1","W->W","0"
"v2_minus_disabled","v6","opponentCountryDirection","ra2web_advanced/Africans/1","W->D","5"
"v2_minus_disabled","v6","opponentCountryDirection","ra2web_advanced/Africans/1","W->L","0"
"v2_minus_disabled","v6","opponentCountryDirection","ra2web_advanced/Africans/1","D->W","1"
"v2_minus_disabled","v6","opponentCountryDirection","ra2web_advanced/Africans/1","D->D","14"
"v2_minus_disabled","v6","opponentCountryDirection","ra2web_advanced/Africans/1","D->L","0"
"v2_minus_disabled","v6","opponentCountryDirection","ra2web_advanced/Africans/1","L->W","0"
"v2_minus_disabled","v6","opponentCountryDirection","ra2web_advanced/Africans/1","L->D","0"
"v2_minus_disabled","v6","opponentCountryDirection","ra2web_advanced/Africans/1","L->L","0"
"v2_minus_disabled","v6","opponentCountryDirection","ra2web_advanced/Americans/0","W->W","1"
"v2_minus_disabled","v6","opponentCountryDirection","ra2web_advanced/Americans/0","W->D","0"
"v2_minus_disabled","v6","opponentCountryDirection","ra2web_advanced/Americans/0","W->L","2"
"v2_minus_disabled","v6","opponentCountryDirection","ra2web_advanced/Americans/0","D->W","2"
"v2_minus_disabled","v6","opponentCountryDirection","ra2web_advanced/Americans/0","D->D","0"
"v2_minus_disabled","v6","opponentCountryDirection","ra2web_advanced/Americans/0","D->L","0"
"v2_minus_disabled","v6","opponentCountryDirection","ra2web_advanced/Americans/0","L->W","0"
"v2_minus_disabled","v6","opponentCountryDirection","ra2web_advanced/Americans/0","L->D","1"
"v2_minus_disabled","v6","opponentCountryDirection","ra2web_advanced/Americans/0","L->L","14"
"v2_minus_disabled","v6","opponentCountryDirection","ra2web_advanced/Americans/1","W->W","6"
"v2_minus_disabled","v6","opponentCountryDirection","ra2web_advanced/Americans/1","W->D","4"
"v2_minus_disabled","v6","opponentCountryDirection","ra2web_advanced/Americans/1","W->L","2"
"v2_minus_disabled","v6","opponentCountryDirection","ra2web_advanced/Americans/1","D->W","2"
"v2_minus_disabled","v6","opponentCountryDirection","ra2web_advanced/Americans/1","D->D","3"
"v2_minus_disabled","v6","opponentCountryDirection","ra2web_advanced/Americans/1","D->L","2"
"v2_minus_disabled","v6","opponentCountryDirection","ra2web_advanced/Americans/1","L->W","0"
"v2_minus_disabled","v6","opponentCountryDirection","ra2web_advanced/Americans/1","L->D","1"
"v2_minus_disabled","v6","opponentCountryDirection","ra2web_advanced/Americans/1","L->L","0"
"v2_minus_disabled","v5","populations","overall","W->W","36"
"v2_minus_disabled","v5","populations","overall","W->D","25"
"v2_minus_disabled","v5","populations","overall","W->L","8"
"v2_minus_disabled","v5","populations","overall","D->W","13"
"v2_minus_disabled","v5","populations","overall","D->D","59"
"v2_minus_disabled","v5","populations","overall","D->L","10"
"v2_minus_disabled","v5","populations","overall","L->W","0"
"v2_minus_disabled","v5","populations","overall","L->D","8"
"v2_minus_disabled","v5","populations","overall","L->L","41"
"v2_minus_disabled","v5","populations","supalosa","W->W","27"
"v2_minus_disabled","v5","populations","supalosa","W->D","14"
"v2_minus_disabled","v5","populations","supalosa","W->L","4"
"v2_minus_disabled","v5","populations","supalosa","D->W","7"
"v2_minus_disabled","v5","populations","supalosa","D->D","31"
"v2_minus_disabled","v5","populations","supalosa","D->L","5"
"v2_minus_disabled","v5","populations","supalosa","L->W","0"
"v2_minus_disabled","v5","populations","supalosa","L->D","5"
"v2_minus_disabled","v5","populations","supalosa","L->L","27"
"v2_minus_disabled","v5","populations","advanced","W->W","9"
"v2_minus_disabled","v5","populations","advanced","W->D","11"
"v2_minus_disabled","v5","populations","advanced","W->L","4"
"v2_minus_disabled","v5","populations","advanced","D->W","6"
"v2_minus_disabled","v5","populations","advanced","D->D","28"
"v2_minus_disabled","v5","populations","advanced","D->L","5"
"v2_minus_disabled","v5","populations","advanced","L->W","0"
"v2_minus_disabled","v5","populations","advanced","L->D","3"
"v2_minus_disabled","v5","populations","advanced","L->L","14"
"v2_minus_disabled","v5","strata","pinned_supalosa__hfo-bvb","W->W","3"
"v2_minus_disabled","v5","strata","pinned_supalosa__hfo-bvb","W->D","0"
"v2_minus_disabled","v5","strata","pinned_supalosa__hfo-bvb","W->L","1"
"v2_minus_disabled","v5","strata","pinned_supalosa__hfo-bvb","D->W","0"
"v2_minus_disabled","v5","strata","pinned_supalosa__hfo-bvb","D->D","0"
"v2_minus_disabled","v5","strata","pinned_supalosa__hfo-bvb","D->L","2"
"v2_minus_disabled","v5","strata","pinned_supalosa__hfo-bvb","L->W","0"
"v2_minus_disabled","v5","strata","pinned_supalosa__hfo-bvb","L->D","0"
"v2_minus_disabled","v5","strata","pinned_supalosa__hfo-bvb","L->L","2"
"v2_minus_disabled","v5","strata","pinned_supalosa__hfo-corners","W->W","2"
"v2_minus_disabled","v5","strata","pinned_supalosa__hfo-corners","W->D","1"
"v2_minus_disabled","v5","strata","pinned_supalosa__hfo-corners","W->L","0"
"v2_minus_disabled","v5","strata","pinned_supalosa__hfo-corners","D->W","0"
"v2_minus_disabled","v5","strata","pinned_supalosa__hfo-corners","D->D","2"
"v2_minus_disabled","v5","strata","pinned_supalosa__hfo-corners","D->L","0"
"v2_minus_disabled","v5","strata","pinned_supalosa__hfo-corners","L->W","0"
"v2_minus_disabled","v5","strata","pinned_supalosa__hfo-corners","L->D","2"
"v2_minus_disabled","v5","strata","pinned_supalosa__hfo-corners","L->L","1"
"v2_minus_disabled","v5","strata","pinned_supalosa__hfo-corners-b","W->W","1"
"v2_minus_disabled","v5","strata","pinned_supalosa__hfo-corners-b","W->D","1"
"v2_minus_disabled","v5","strata","pinned_supalosa__hfo-corners-b","W->L","0"
"v2_minus_disabled","v5","strata","pinned_supalosa__hfo-corners-b","D->W","0"
"v2_minus_disabled","v5","strata","pinned_supalosa__hfo-corners-b","D->D","3"
"v2_minus_disabled","v5","strata","pinned_supalosa__hfo-corners-b","D->L","0"
"v2_minus_disabled","v5","strata","pinned_supalosa__hfo-corners-b","L->W","0"
"v2_minus_disabled","v5","strata","pinned_supalosa__hfo-corners-b","L->D","1"
"v2_minus_disabled","v5","strata","pinned_supalosa__hfo-corners-b","L->L","2"
"v2_minus_disabled","v5","strata","pinned_supalosa__hfo-corners-b-golden","W->W","2"
"v2_minus_disabled","v5","strata","pinned_supalosa__hfo-corners-b-golden","W->D","1"
"v2_minus_disabled","v5","strata","pinned_supalosa__hfo-corners-b-golden","W->L","1"
"v2_minus_disabled","v5","strata","pinned_supalosa__hfo-corners-b-golden","D->W","0"
"v2_minus_disabled","v5","strata","pinned_supalosa__hfo-corners-b-golden","D->D","0"
"v2_minus_disabled","v5","strata","pinned_supalosa__hfo-corners-b-golden","D->L","1"
"v2_minus_disabled","v5","strata","pinned_supalosa__hfo-corners-b-golden","L->W","0"
"v2_minus_disabled","v5","strata","pinned_supalosa__hfo-corners-b-golden","L->D","0"
"v2_minus_disabled","v5","strata","pinned_supalosa__hfo-corners-b-golden","L->L","3"
"v2_minus_disabled","v5","strata","pinned_supalosa__hfo-golden","W->W","2"
"v2_minus_disabled","v5","strata","pinned_supalosa__hfo-golden","W->D","2"
"v2_minus_disabled","v5","strata","pinned_supalosa__hfo-golden","W->L","0"
"v2_minus_disabled","v5","strata","pinned_supalosa__hfo-golden","D->W","1"
"v2_minus_disabled","v5","strata","pinned_supalosa__hfo-golden","D->D","0"
"v2_minus_disabled","v5","strata","pinned_supalosa__hfo-golden","D->L","1"
"v2_minus_disabled","v5","strata","pinned_supalosa__hfo-golden","L->W","0"
"v2_minus_disabled","v5","strata","pinned_supalosa__hfo-golden","L->D","0"
"v2_minus_disabled","v5","strata","pinned_supalosa__hfo-golden","L->L","2"
"v2_minus_disabled","v5","strata","pinned_supalosa__hfo-le","W->W","2"
"v2_minus_disabled","v5","strata","pinned_supalosa__hfo-le","W->D","2"
"v2_minus_disabled","v5","strata","pinned_supalosa__hfo-le","W->L","0"
"v2_minus_disabled","v5","strata","pinned_supalosa__hfo-le","D->W","0"
"v2_minus_disabled","v5","strata","pinned_supalosa__hfo-le","D->D","2"
"v2_minus_disabled","v5","strata","pinned_supalosa__hfo-le","D->L","0"
"v2_minus_disabled","v5","strata","pinned_supalosa__hfo-le","L->W","0"
"v2_minus_disabled","v5","strata","pinned_supalosa__hfo-le","L->D","0"
"v2_minus_disabled","v5","strata","pinned_supalosa__hfo-le","L->L","2"
"v2_minus_disabled","v5","strata","pinned_supalosa__hfo-lvl","W->W","3"
"v2_minus_disabled","v5","strata","pinned_supalosa__hfo-lvl","W->D","0"
"v2_minus_disabled","v5","strata","pinned_supalosa__hfo-lvl","W->L","1"
"v2_minus_disabled","v5","strata","pinned_supalosa__hfo-lvl","D->W","1"
"v2_minus_disabled","v5","strata","pinned_supalosa__hfo-lvl","D->D","0"
"v2_minus_disabled","v5","strata","pinned_supalosa__hfo-lvl","D->L","0"
"v2_minus_disabled","v5","strata","pinned_supalosa__hfo-lvl","L->W","0"
"v2_minus_disabled","v5","strata","pinned_supalosa__hfo-lvl","L->D","1"
"v2_minus_disabled","v5","strata","pinned_supalosa__hfo-lvl","L->L","2"
"v2_minus_disabled","v5","strata","pinned_supalosa__hfo-original","W->W","2"
"v2_minus_disabled","v5","strata","pinned_supalosa__hfo-original","W->D","1"
"v2_minus_disabled","v5","strata","pinned_supalosa__hfo-original","W->L","0"
"v2_minus_disabled","v5","strata","pinned_supalosa__hfo-original","D->W","0"
"v2_minus_disabled","v5","strata","pinned_supalosa__hfo-original","D->D","2"
"v2_minus_disabled","v5","strata","pinned_supalosa__hfo-original","D->L","0"
"v2_minus_disabled","v5","strata","pinned_supalosa__hfo-original","L->W","0"
"v2_minus_disabled","v5","strata","pinned_supalosa__hfo-original","L->D","0"
"v2_minus_disabled","v5","strata","pinned_supalosa__hfo-original","L->L","3"
"v2_minus_disabled","v5","strata","pinned_supalosa__hfo-rvr","W->W","0"
"v2_minus_disabled","v5","strata","pinned_supalosa__hfo-rvr","W->D","3"
"v2_minus_disabled","v5","strata","pinned_supalosa__hfo-rvr","W->L","0"
"v2_minus_disabled","v5","strata","pinned_supalosa__hfo-rvr","D->W","1"
"v2_minus_disabled","v5","strata","pinned_supalosa__hfo-rvr","D->D","3"
"v2_minus_disabled","v5","strata","pinned_supalosa__hfo-rvr","D->L","0"
"v2_minus_disabled","v5","strata","pinned_supalosa__hfo-rvr","L->W","0"
"v2_minus_disabled","v5","strata","pinned_supalosa__hfo-rvr","L->D","0"
"v2_minus_disabled","v5","strata","pinned_supalosa__hfo-rvr","L->L","1"
"v2_minus_disabled","v5","strata","pinned_supalosa__hfo-tvt","W->W","2"
"v2_minus_disabled","v5","strata","pinned_supalosa__hfo-tvt","W->D","2"
"v2_minus_disabled","v5","strata","pinned_supalosa__hfo-tvt","W->L","0"
"v2_minus_disabled","v5","strata","pinned_supalosa__hfo-tvt","D->W","1"
"v2_minus_disabled","v5","strata","pinned_supalosa__hfo-tvt","D->D","3"
"v2_minus_disabled","v5","strata","pinned_supalosa__hfo-tvt","D->L","0"
"v2_minus_disabled","v5","strata","pinned_supalosa__hfo-tvt","L->W","0"
"v2_minus_disabled","v5","strata","pinned_supalosa__hfo-tvt","L->D","0"
"v2_minus_disabled","v5","strata","pinned_supalosa__hfo-tvt","L->L","0"
"v2_minus_disabled","v5","strata","pinned_supalosa__pacific-heights","W->W","4"
"v2_minus_disabled","v5","strata","pinned_supalosa__pacific-heights","W->D","1"
"v2_minus_disabled","v5","strata","pinned_supalosa__pacific-heights","W->L","1"
"v2_minus_disabled","v5","strata","pinned_supalosa__pacific-heights","D->W","0"
"v2_minus_disabled","v5","strata","pinned_supalosa__pacific-heights","D->D","1"
"v2_minus_disabled","v5","strata","pinned_supalosa__pacific-heights","D->L","1"
"v2_minus_disabled","v5","strata","pinned_supalosa__pacific-heights","L->W","0"
"v2_minus_disabled","v5","strata","pinned_supalosa__pacific-heights","L->D","0"
"v2_minus_disabled","v5","strata","pinned_supalosa__pacific-heights","L->L","0"
"v2_minus_disabled","v5","strata","pinned_supalosa__peak","W->W","3"
"v2_minus_disabled","v5","strata","pinned_supalosa__peak","W->D","0"
"v2_minus_disabled","v5","strata","pinned_supalosa__peak","W->L","0"
"v2_minus_disabled","v5","strata","pinned_supalosa__peak","D->W","2"
"v2_minus_disabled","v5","strata","pinned_supalosa__peak","D->D","3"
"v2_minus_disabled","v5","strata","pinned_supalosa__peak","D->L","0"
"v2_minus_disabled","v5","strata","pinned_supalosa__peak","L->W","0"
"v2_minus_disabled","v5","strata","pinned_supalosa__peak","L->D","0"
"v2_minus_disabled","v5","strata","pinned_supalosa__peak","L->L","0"
"v2_minus_disabled","v5","strata","pinned_supalosa__south-pacific","W->W","0"
"v2_minus_disabled","v5","strata","pinned_supalosa__south-pacific","W->D","0"
"v2_minus_disabled","v5","strata","pinned_supalosa__south-pacific","W->L","0"
"v2_minus_disabled","v5","strata","pinned_supalosa__south-pacific","D->W","0"
"v2_minus_disabled","v5","strata","pinned_supalosa__south-pacific","D->D","6"
"v2_minus_disabled","v5","strata","pinned_supalosa__south-pacific","D->L","0"
"v2_minus_disabled","v5","strata","pinned_supalosa__south-pacific","L->W","0"
"v2_minus_disabled","v5","strata","pinned_supalosa__south-pacific","L->D","0"
"v2_minus_disabled","v5","strata","pinned_supalosa__south-pacific","L->L","2"
"v2_minus_disabled","v5","strata","pinned_supalosa__south-pacific-2","W->W","0"
"v2_minus_disabled","v5","strata","pinned_supalosa__south-pacific-2","W->D","0"
"v2_minus_disabled","v5","strata","pinned_supalosa__south-pacific-2","W->L","0"
"v2_minus_disabled","v5","strata","pinned_supalosa__south-pacific-2","D->W","0"
"v2_minus_disabled","v5","strata","pinned_supalosa__south-pacific-2","D->D","6"
"v2_minus_disabled","v5","strata","pinned_supalosa__south-pacific-2","D->L","0"
"v2_minus_disabled","v5","strata","pinned_supalosa__south-pacific-2","L->W","0"
"v2_minus_disabled","v5","strata","pinned_supalosa__south-pacific-2","L->D","1"
"v2_minus_disabled","v5","strata","pinned_supalosa__south-pacific-2","L->L","1"
"v2_minus_disabled","v5","strata","pinned_supalosa__tour-of-egypt","W->W","1"
"v2_minus_disabled","v5","strata","pinned_supalosa__tour-of-egypt","W->D","0"
"v2_minus_disabled","v5","strata","pinned_supalosa__tour-of-egypt","W->L","0"
"v2_minus_disabled","v5","strata","pinned_supalosa__tour-of-egypt","D->W","1"
"v2_minus_disabled","v5","strata","pinned_supalosa__tour-of-egypt","D->D","0"
"v2_minus_disabled","v5","strata","pinned_supalosa__tour-of-egypt","D->L","0"
"v2_minus_disabled","v5","strata","pinned_supalosa__tour-of-egypt","L->W","0"
"v2_minus_disabled","v5","strata","pinned_supalosa__tour-of-egypt","L->D","0"
"v2_minus_disabled","v5","strata","pinned_supalosa__tour-of-egypt","L->L","6"
"v2_minus_disabled","v5","strata","ra2web_advanced__hfo-bvb","W->W","1"
"v2_minus_disabled","v5","strata","ra2web_advanced__hfo-bvb","W->D","2"
"v2_minus_disabled","v5","strata","ra2web_advanced__hfo-bvb","W->L","0"
"v2_minus_disabled","v5","strata","ra2web_advanced__hfo-bvb","D->W","0"
"v2_minus_disabled","v5","strata","ra2web_advanced__hfo-bvb","D->D","2"
"v2_minus_disabled","v5","strata","ra2web_advanced__hfo-bvb","D->L","2"
"v2_minus_disabled","v5","strata","ra2web_advanced__hfo-bvb","L->W","0"
"v2_minus_disabled","v5","strata","ra2web_advanced__hfo-bvb","L->D","0"
"v2_minus_disabled","v5","strata","ra2web_advanced__hfo-bvb","L->L","1"
"v2_minus_disabled","v5","strata","ra2web_advanced__hfo-corners","W->W","0"
"v2_minus_disabled","v5","strata","ra2web_advanced__hfo-corners","W->D","0"
"v2_minus_disabled","v5","strata","ra2web_advanced__hfo-corners","W->L","0"
"v2_minus_disabled","v5","strata","ra2web_advanced__hfo-corners","D->W","1"
"v2_minus_disabled","v5","strata","ra2web_advanced__hfo-corners","D->D","5"
"v2_minus_disabled","v5","strata","ra2web_advanced__hfo-corners","D->L","0"
"v2_minus_disabled","v5","strata","ra2web_advanced__hfo-corners","L->W","0"
"v2_minus_disabled","v5","strata","ra2web_advanced__hfo-corners","L->D","0"
"v2_minus_disabled","v5","strata","ra2web_advanced__hfo-corners","L->L","2"
"v2_minus_disabled","v5","strata","ra2web_advanced__hfo-corners-b","W->W","0"
"v2_minus_disabled","v5","strata","ra2web_advanced__hfo-corners-b","W->D","2"
"v2_minus_disabled","v5","strata","ra2web_advanced__hfo-corners-b","W->L","0"
"v2_minus_disabled","v5","strata","ra2web_advanced__hfo-corners-b","D->W","2"
"v2_minus_disabled","v5","strata","ra2web_advanced__hfo-corners-b","D->D","4"
"v2_minus_disabled","v5","strata","ra2web_advanced__hfo-corners-b","D->L","0"
"v2_minus_disabled","v5","strata","ra2web_advanced__hfo-corners-b","L->W","0"
"v2_minus_disabled","v5","strata","ra2web_advanced__hfo-corners-b","L->D","0"
"v2_minus_disabled","v5","strata","ra2web_advanced__hfo-corners-b","L->L","0"
"v2_minus_disabled","v5","strata","ra2web_advanced__hfo-corners-b-golden","W->W","0"
"v2_minus_disabled","v5","strata","ra2web_advanced__hfo-corners-b-golden","W->D","0"
"v2_minus_disabled","v5","strata","ra2web_advanced__hfo-corners-b-golden","W->L","2"
"v2_minus_disabled","v5","strata","ra2web_advanced__hfo-corners-b-golden","D->W","1"
"v2_minus_disabled","v5","strata","ra2web_advanced__hfo-corners-b-golden","D->D","3"
"v2_minus_disabled","v5","strata","ra2web_advanced__hfo-corners-b-golden","D->L","0"
"v2_minus_disabled","v5","strata","ra2web_advanced__hfo-corners-b-golden","L->W","0"
"v2_minus_disabled","v5","strata","ra2web_advanced__hfo-corners-b-golden","L->D","0"
"v2_minus_disabled","v5","strata","ra2web_advanced__hfo-corners-b-golden","L->L","2"
"v2_minus_disabled","v5","strata","ra2web_advanced__hfo-golden","W->W","1"
"v2_minus_disabled","v5","strata","ra2web_advanced__hfo-golden","W->D","1"
"v2_minus_disabled","v5","strata","ra2web_advanced__hfo-golden","W->L","1"
"v2_minus_disabled","v5","strata","ra2web_advanced__hfo-golden","D->W","1"
"v2_minus_disabled","v5","strata","ra2web_advanced__hfo-golden","D->D","2"
"v2_minus_disabled","v5","strata","ra2web_advanced__hfo-golden","D->L","1"
"v2_minus_disabled","v5","strata","ra2web_advanced__hfo-golden","L->W","0"
"v2_minus_disabled","v5","strata","ra2web_advanced__hfo-golden","L->D","0"
"v2_minus_disabled","v5","strata","ra2web_advanced__hfo-golden","L->L","1"
"v2_minus_disabled","v5","strata","ra2web_advanced__hfo-le","W->W","2"
"v2_minus_disabled","v5","strata","ra2web_advanced__hfo-le","W->D","0"
"v2_minus_disabled","v5","strata","ra2web_advanced__hfo-le","W->L","0"
"v2_minus_disabled","v5","strata","ra2web_advanced__hfo-le","D->W","0"
"v2_minus_disabled","v5","strata","ra2web_advanced__hfo-le","D->D","2"
"v2_minus_disabled","v5","strata","ra2web_advanced__hfo-le","D->L","1"
"v2_minus_disabled","v5","strata","ra2web_advanced__hfo-le","L->W","0"
"v2_minus_disabled","v5","strata","ra2web_advanced__hfo-le","L->D","2"
"v2_minus_disabled","v5","strata","ra2web_advanced__hfo-le","L->L","1"
"v2_minus_disabled","v5","strata","ra2web_advanced__hfo-lvl","W->W","2"
"v2_minus_disabled","v5","strata","ra2web_advanced__hfo-lvl","W->D","0"
"v2_minus_disabled","v5","strata","ra2web_advanced__hfo-lvl","W->L","0"
"v2_minus_disabled","v5","strata","ra2web_advanced__hfo-lvl","D->W","0"
"v2_minus_disabled","v5","strata","ra2web_advanced__hfo-lvl","D->D","3"
"v2_minus_disabled","v5","strata","ra2web_advanced__hfo-lvl","D->L","0"
"v2_minus_disabled","v5","strata","ra2web_advanced__hfo-lvl","L->W","0"
"v2_minus_disabled","v5","strata","ra2web_advanced__hfo-lvl","L->D","1"
"v2_minus_disabled","v5","strata","ra2web_advanced__hfo-lvl","L->L","2"
"v2_minus_disabled","v5","strata","ra2web_advanced__hfo-original","W->W","2"
"v2_minus_disabled","v5","strata","ra2web_advanced__hfo-original","W->D","2"
"v2_minus_disabled","v5","strata","ra2web_advanced__hfo-original","W->L","0"
"v2_minus_disabled","v5","strata","ra2web_advanced__hfo-original","D->W","0"
"v2_minus_disabled","v5","strata","ra2web_advanced__hfo-original","D->D","1"
"v2_minus_disabled","v5","strata","ra2web_advanced__hfo-original","D->L","1"
"v2_minus_disabled","v5","strata","ra2web_advanced__hfo-original","L->W","0"
"v2_minus_disabled","v5","strata","ra2web_advanced__hfo-original","L->D","0"
"v2_minus_disabled","v5","strata","ra2web_advanced__hfo-original","L->L","2"
"v2_minus_disabled","v5","strata","ra2web_advanced__hfo-rvr","W->W","0"
"v2_minus_disabled","v5","strata","ra2web_advanced__hfo-rvr","W->D","1"
"v2_minus_disabled","v5","strata","ra2web_advanced__hfo-rvr","W->L","0"
"v2_minus_disabled","v5","strata","ra2web_advanced__hfo-rvr","D->W","0"
"v2_minus_disabled","v5","strata","ra2web_advanced__hfo-rvr","D->D","5"
"v2_minus_disabled","v5","strata","ra2web_advanced__hfo-rvr","D->L","0"
"v2_minus_disabled","v5","strata","ra2web_advanced__hfo-rvr","L->W","0"
"v2_minus_disabled","v5","strata","ra2web_advanced__hfo-rvr","L->D","0"
"v2_minus_disabled","v5","strata","ra2web_advanced__hfo-rvr","L->L","2"
"v2_minus_disabled","v5","strata","ra2web_advanced__hfo-tvt","W->W","1"
"v2_minus_disabled","v5","strata","ra2web_advanced__hfo-tvt","W->D","3"
"v2_minus_disabled","v5","strata","ra2web_advanced__hfo-tvt","W->L","1"
"v2_minus_disabled","v5","strata","ra2web_advanced__hfo-tvt","D->W","1"
"v2_minus_disabled","v5","strata","ra2web_advanced__hfo-tvt","D->D","1"
"v2_minus_disabled","v5","strata","ra2web_advanced__hfo-tvt","D->L","0"
"v2_minus_disabled","v5","strata","ra2web_advanced__hfo-tvt","L->W","0"
"v2_minus_disabled","v5","strata","ra2web_advanced__hfo-tvt","L->D","0"
"v2_minus_disabled","v5","strata","ra2web_advanced__hfo-tvt","L->L","1"
"v2_minus_disabled","v5","maps","hfo-bvb","W->W","4"
"v2_minus_disabled","v5","maps","hfo-bvb","W->D","2"
"v2_minus_disabled","v5","maps","hfo-bvb","W->L","1"
"v2_minus_disabled","v5","maps","hfo-bvb","D->W","0"
"v2_minus_disabled","v5","maps","hfo-bvb","D->D","2"
"v2_minus_disabled","v5","maps","hfo-bvb","D->L","4"
"v2_minus_disabled","v5","maps","hfo-bvb","L->W","0"
"v2_minus_disabled","v5","maps","hfo-bvb","L->D","0"
"v2_minus_disabled","v5","maps","hfo-bvb","L->L","3"
"v2_minus_disabled","v5","maps","hfo-corners","W->W","2"
"v2_minus_disabled","v5","maps","hfo-corners","W->D","1"
"v2_minus_disabled","v5","maps","hfo-corners","W->L","0"
"v2_minus_disabled","v5","maps","hfo-corners","D->W","1"
"v2_minus_disabled","v5","maps","hfo-corners","D->D","7"
"v2_minus_disabled","v5","maps","hfo-corners","D->L","0"
"v2_minus_disabled","v5","maps","hfo-corners","L->W","0"
"v2_minus_disabled","v5","maps","hfo-corners","L->D","2"
"v2_minus_disabled","v5","maps","hfo-corners","L->L","3"
"v2_minus_disabled","v5","maps","hfo-corners-b","W->W","1"
"v2_minus_disabled","v5","maps","hfo-corners-b","W->D","3"
"v2_minus_disabled","v5","maps","hfo-corners-b","W->L","0"
"v2_minus_disabled","v5","maps","hfo-corners-b","D->W","2"
"v2_minus_disabled","v5","maps","hfo-corners-b","D->D","7"
"v2_minus_disabled","v5","maps","hfo-corners-b","D->L","0"
"v2_minus_disabled","v5","maps","hfo-corners-b","L->W","0"
"v2_minus_disabled","v5","maps","hfo-corners-b","L->D","1"
"v2_minus_disabled","v5","maps","hfo-corners-b","L->L","2"
"v2_minus_disabled","v5","maps","hfo-corners-b-golden","W->W","2"
"v2_minus_disabled","v5","maps","hfo-corners-b-golden","W->D","1"
"v2_minus_disabled","v5","maps","hfo-corners-b-golden","W->L","3"
"v2_minus_disabled","v5","maps","hfo-corners-b-golden","D->W","1"
"v2_minus_disabled","v5","maps","hfo-corners-b-golden","D->D","3"
"v2_minus_disabled","v5","maps","hfo-corners-b-golden","D->L","1"
"v2_minus_disabled","v5","maps","hfo-corners-b-golden","L->W","0"
"v2_minus_disabled","v5","maps","hfo-corners-b-golden","L->D","0"
"v2_minus_disabled","v5","maps","hfo-corners-b-golden","L->L","5"
"v2_minus_disabled","v5","maps","hfo-golden","W->W","3"
"v2_minus_disabled","v5","maps","hfo-golden","W->D","3"
"v2_minus_disabled","v5","maps","hfo-golden","W->L","1"
"v2_minus_disabled","v5","maps","hfo-golden","D->W","2"
"v2_minus_disabled","v5","maps","hfo-golden","D->D","2"
"v2_minus_disabled","v5","maps","hfo-golden","D->L","2"
"v2_minus_disabled","v5","maps","hfo-golden","L->W","0"
"v2_minus_disabled","v5","maps","hfo-golden","L->D","0"
"v2_minus_disabled","v5","maps","hfo-golden","L->L","3"
"v2_minus_disabled","v5","maps","hfo-le","W->W","4"
"v2_minus_disabled","v5","maps","hfo-le","W->D","2"
"v2_minus_disabled","v5","maps","hfo-le","W->L","0"
"v2_minus_disabled","v5","maps","hfo-le","D->W","0"
"v2_minus_disabled","v5","maps","hfo-le","D->D","4"
"v2_minus_disabled","v5","maps","hfo-le","D->L","1"
"v2_minus_disabled","v5","maps","hfo-le","L->W","0"
"v2_minus_disabled","v5","maps","hfo-le","L->D","2"
"v2_minus_disabled","v5","maps","hfo-le","L->L","3"
"v2_minus_disabled","v5","maps","hfo-lvl","W->W","5"
"v2_minus_disabled","v5","maps","hfo-lvl","W->D","0"
"v2_minus_disabled","v5","maps","hfo-lvl","W->L","1"
"v2_minus_disabled","v5","maps","hfo-lvl","D->W","1"
"v2_minus_disabled","v5","maps","hfo-lvl","D->D","3"
"v2_minus_disabled","v5","maps","hfo-lvl","D->L","0"
"v2_minus_disabled","v5","maps","hfo-lvl","L->W","0"
"v2_minus_disabled","v5","maps","hfo-lvl","L->D","2"
"v2_minus_disabled","v5","maps","hfo-lvl","L->L","4"
"v2_minus_disabled","v5","maps","hfo-original","W->W","4"
"v2_minus_disabled","v5","maps","hfo-original","W->D","3"
"v2_minus_disabled","v5","maps","hfo-original","W->L","0"
"v2_minus_disabled","v5","maps","hfo-original","D->W","0"
"v2_minus_disabled","v5","maps","hfo-original","D->D","3"
"v2_minus_disabled","v5","maps","hfo-original","D->L","1"
"v2_minus_disabled","v5","maps","hfo-original","L->W","0"
"v2_minus_disabled","v5","maps","hfo-original","L->D","0"
"v2_minus_disabled","v5","maps","hfo-original","L->L","5"
"v2_minus_disabled","v5","maps","hfo-rvr","W->W","0"
"v2_minus_disabled","v5","maps","hfo-rvr","W->D","4"
"v2_minus_disabled","v5","maps","hfo-rvr","W->L","0"
"v2_minus_disabled","v5","maps","hfo-rvr","D->W","1"
"v2_minus_disabled","v5","maps","hfo-rvr","D->D","8"
"v2_minus_disabled","v5","maps","hfo-rvr","D->L","0"
"v2_minus_disabled","v5","maps","hfo-rvr","L->W","0"
"v2_minus_disabled","v5","maps","hfo-rvr","L->D","0"
"v2_minus_disabled","v5","maps","hfo-rvr","L->L","3"
"v2_minus_disabled","v5","maps","hfo-tvt","W->W","3"
"v2_minus_disabled","v5","maps","hfo-tvt","W->D","5"
"v2_minus_disabled","v5","maps","hfo-tvt","W->L","1"
"v2_minus_disabled","v5","maps","hfo-tvt","D->W","2"
"v2_minus_disabled","v5","maps","hfo-tvt","D->D","4"
"v2_minus_disabled","v5","maps","hfo-tvt","D->L","0"
"v2_minus_disabled","v5","maps","hfo-tvt","L->W","0"
"v2_minus_disabled","v5","maps","hfo-tvt","L->D","0"
"v2_minus_disabled","v5","maps","hfo-tvt","L->L","1"
"v2_minus_disabled","v5","maps","pacific-heights","W->W","4"
"v2_minus_disabled","v5","maps","pacific-heights","W->D","1"
"v2_minus_disabled","v5","maps","pacific-heights","W->L","1"
"v2_minus_disabled","v5","maps","pacific-heights","D->W","0"
"v2_minus_disabled","v5","maps","pacific-heights","D->D","1"
"v2_minus_disabled","v5","maps","pacific-heights","D->L","1"
"v2_minus_disabled","v5","maps","pacific-heights","L->W","0"
"v2_minus_disabled","v5","maps","pacific-heights","L->D","0"
"v2_minus_disabled","v5","maps","pacific-heights","L->L","0"
"v2_minus_disabled","v5","maps","peak","W->W","3"
"v2_minus_disabled","v5","maps","peak","W->D","0"
"v2_minus_disabled","v5","maps","peak","W->L","0"
"v2_minus_disabled","v5","maps","peak","D->W","2"
"v2_minus_disabled","v5","maps","peak","D->D","3"
"v2_minus_disabled","v5","maps","peak","D->L","0"
"v2_minus_disabled","v5","maps","peak","L->W","0"
"v2_minus_disabled","v5","maps","peak","L->D","0"
"v2_minus_disabled","v5","maps","peak","L->L","0"
"v2_minus_disabled","v5","maps","south-pacific","W->W","0"
"v2_minus_disabled","v5","maps","south-pacific","W->D","0"
"v2_minus_disabled","v5","maps","south-pacific","W->L","0"
"v2_minus_disabled","v5","maps","south-pacific","D->W","0"
"v2_minus_disabled","v5","maps","south-pacific","D->D","6"
"v2_minus_disabled","v5","maps","south-pacific","D->L","0"
"v2_minus_disabled","v5","maps","south-pacific","L->W","0"
"v2_minus_disabled","v5","maps","south-pacific","L->D","0"
"v2_minus_disabled","v5","maps","south-pacific","L->L","2"
"v2_minus_disabled","v5","maps","south-pacific-2","W->W","0"
"v2_minus_disabled","v5","maps","south-pacific-2","W->D","0"
"v2_minus_disabled","v5","maps","south-pacific-2","W->L","0"
"v2_minus_disabled","v5","maps","south-pacific-2","D->W","0"
"v2_minus_disabled","v5","maps","south-pacific-2","D->D","6"
"v2_minus_disabled","v5","maps","south-pacific-2","D->L","0"
"v2_minus_disabled","v5","maps","south-pacific-2","L->W","0"
"v2_minus_disabled","v5","maps","south-pacific-2","L->D","1"
"v2_minus_disabled","v5","maps","south-pacific-2","L->L","1"
"v2_minus_disabled","v5","maps","tour-of-egypt","W->W","1"
"v2_minus_disabled","v5","maps","tour-of-egypt","W->D","0"
"v2_minus_disabled","v5","maps","tour-of-egypt","W->L","0"
"v2_minus_disabled","v5","maps","tour-of-egypt","D->W","1"
"v2_minus_disabled","v5","maps","tour-of-egypt","D->D","0"
"v2_minus_disabled","v5","maps","tour-of-egypt","D->L","0"
"v2_minus_disabled","v5","maps","tour-of-egypt","L->W","0"
"v2_minus_disabled","v5","maps","tour-of-egypt","L->D","0"
"v2_minus_disabled","v5","maps","tour-of-egypt","L->L","6"
"v2_minus_disabled","v5","countries","Africans","W->W","14"
"v2_minus_disabled","v5","countries","Africans","W->D","14"
"v2_minus_disabled","v5","countries","Africans","W->L","1"
"v2_minus_disabled","v5","countries","Africans","D->W","7"
"v2_minus_disabled","v5","countries","Africans","D->D","43"
"v2_minus_disabled","v5","countries","Africans","D->L","7"
"v2_minus_disabled","v5","countries","Africans","L->W","0"
"v2_minus_disabled","v5","countries","Africans","L->D","4"
"v2_minus_disabled","v5","countries","Africans","L->L","10"
"v2_minus_disabled","v5","countries","Americans","W->W","22"
"v2_minus_disabled","v5","countries","Americans","W->D","11"
"v2_minus_disabled","v5","countries","Americans","W->L","7"
"v2_minus_disabled","v5","countries","Americans","D->W","6"
"v2_minus_disabled","v5","countries","Americans","D->D","16"
"v2_minus_disabled","v5","countries","Americans","D->L","3"
"v2_minus_disabled","v5","countries","Americans","L->W","0"
"v2_minus_disabled","v5","countries","Americans","L->D","4"
"v2_minus_disabled","v5","countries","Americans","L->L","31"
"v2_minus_disabled","v5","factions","Allied","W->W","22"
"v2_minus_disabled","v5","factions","Allied","W->D","11"
"v2_minus_disabled","v5","factions","Allied","W->L","7"
"v2_minus_disabled","v5","factions","Allied","D->W","6"
"v2_minus_disabled","v5","factions","Allied","D->D","16"
"v2_minus_disabled","v5","factions","Allied","D->L","3"
"v2_minus_disabled","v5","factions","Allied","L->W","0"
"v2_minus_disabled","v5","factions","Allied","L->D","4"
"v2_minus_disabled","v5","factions","Allied","L->L","31"
"v2_minus_disabled","v5","factions","Soviet","W->W","14"
"v2_minus_disabled","v5","factions","Soviet","W->D","14"
"v2_minus_disabled","v5","factions","Soviet","W->L","1"
"v2_minus_disabled","v5","factions","Soviet","D->W","7"
"v2_minus_disabled","v5","factions","Soviet","D->D","43"
"v2_minus_disabled","v5","factions","Soviet","D->L","7"
"v2_minus_disabled","v5","factions","Soviet","L->W","0"
"v2_minus_disabled","v5","factions","Soviet","L->D","4"
"v2_minus_disabled","v5","factions","Soviet","L->L","10"
"v2_minus_disabled","v5","slots","0","W->W","15"
"v2_minus_disabled","v5","slots","0","W->D","10"
"v2_minus_disabled","v5","slots","0","W->L","6"
"v2_minus_disabled","v5","slots","0","D->W","6"
"v2_minus_disabled","v5","slots","0","D->D","29"
"v2_minus_disabled","v5","slots","0","D->L","5"
"v2_minus_disabled","v5","slots","0","L->W","0"
"v2_minus_disabled","v5","slots","0","L->D","5"
"v2_minus_disabled","v5","slots","0","L->L","24"
"v2_minus_disabled","v5","slots","1","W->W","21"
"v2_minus_disabled","v5","slots","1","W->D","15"
"v2_minus_disabled","v5","slots","1","W->L","2"
"v2_minus_disabled","v5","slots","1","D->W","7"
"v2_minus_disabled","v5","slots","1","D->D","30"
"v2_minus_disabled","v5","slots","1","D->L","5"
"v2_minus_disabled","v5","slots","1","L->W","0"
"v2_minus_disabled","v5","slots","1","L->D","3"
"v2_minus_disabled","v5","slots","1","L->L","17"
"v2_minus_disabled","v5","directions","0","W->W","16"
"v2_minus_disabled","v5","directions","0","W->D","7"
"v2_minus_disabled","v5","directions","0","W->L","3"
"v2_minus_disabled","v5","directions","0","D->W","4"
"v2_minus_disabled","v5","directions","0","D->D","29"
"v2_minus_disabled","v5","directions","0","D->L","5"
"v2_minus_disabled","v5","directions","0","L->W","0"
"v2_minus_disabled","v5","directions","0","L->D","6"
"v2_minus_disabled","v5","directions","0","L->L","30"
"v2_minus_disabled","v5","directions","1","W->W","20"
"v2_minus_disabled","v5","directions","1","W->D","18"
"v2_minus_disabled","v5","directions","1","W->L","5"
"v2_minus_disabled","v5","directions","1","D->W","9"
"v2_minus_disabled","v5","directions","1","D->D","30"
"v2_minus_disabled","v5","directions","1","D->L","5"
"v2_minus_disabled","v5","directions","1","L->W","0"
"v2_minus_disabled","v5","directions","1","L->D","2"
"v2_minus_disabled","v5","directions","1","L->L","11"
"v2_minus_disabled","v5","countryDirection","Africans/0","W->W","9"
"v2_minus_disabled","v5","countryDirection","Africans/0","W->D","5"
"v2_minus_disabled","v5","countryDirection","Africans/0","W->L","1"
"v2_minus_disabled","v5","countryDirection","Africans/0","D->W","2"
"v2_minus_disabled","v5","countryDirection","Africans/0","D->D","21"
"v2_minus_disabled","v5","countryDirection","Africans/0","D->L","4"
"v2_minus_disabled","v5","countryDirection","Africans/0","L->W","0"
"v2_minus_disabled","v5","countryDirection","Africans/0","L->D","3"
"v2_minus_disabled","v5","countryDirection","Africans/0","L->L","5"
"v2_minus_disabled","v5","countryDirection","Africans/1","W->W","5"
"v2_minus_disabled","v5","countryDirection","Africans/1","W->D","9"
"v2_minus_disabled","v5","countryDirection","Africans/1","W->L","0"
"v2_minus_disabled","v5","countryDirection","Africans/1","D->W","5"
"v2_minus_disabled","v5","countryDirection","Africans/1","D->D","22"
"v2_minus_disabled","v5","countryDirection","Africans/1","D->L","3"
"v2_minus_disabled","v5","countryDirection","Africans/1","L->W","0"
"v2_minus_disabled","v5","countryDirection","Africans/1","L->D","1"
"v2_minus_disabled","v5","countryDirection","Africans/1","L->L","5"
"v2_minus_disabled","v5","countryDirection","Americans/0","W->W","7"
"v2_minus_disabled","v5","countryDirection","Americans/0","W->D","2"
"v2_minus_disabled","v5","countryDirection","Americans/0","W->L","2"
"v2_minus_disabled","v5","countryDirection","Americans/0","D->W","2"
"v2_minus_disabled","v5","countryDirection","Americans/0","D->D","8"
"v2_minus_disabled","v5","countryDirection","Americans/0","D->L","1"
"v2_minus_disabled","v5","countryDirection","Americans/0","L->W","0"
"v2_minus_disabled","v5","countryDirection","Americans/0","L->D","3"
"v2_minus_disabled","v5","countryDirection","Americans/0","L->L","25"
"v2_minus_disabled","v5","countryDirection","Americans/1","W->W","15"
"v2_minus_disabled","v5","countryDirection","Americans/1","W->D","9"
"v2_minus_disabled","v5","countryDirection","Americans/1","W->L","5"
"v2_minus_disabled","v5","countryDirection","Americans/1","D->W","4"
"v2_minus_disabled","v5","countryDirection","Americans/1","D->D","8"
"v2_minus_disabled","v5","countryDirection","Americans/1","D->L","2"
"v2_minus_disabled","v5","countryDirection","Americans/1","L->W","0"
"v2_minus_disabled","v5","countryDirection","Americans/1","L->D","1"
"v2_minus_disabled","v5","countryDirection","Americans/1","L->L","6"
"v2_minus_disabled","v5","opponentCountry","pinned_supalosa/Africans","W->W","12"
"v2_minus_disabled","v5","opponentCountry","pinned_supalosa/Africans","W->D","7"
"v2_minus_disabled","v5","opponentCountry","pinned_supalosa/Africans","W->L","1"
"v2_minus_disabled","v5","opponentCountry","pinned_supalosa/Africans","D->W","5"
"v2_minus_disabled","v5","opponentCountry","pinned_supalosa/Africans","D->D","18"
"v2_minus_disabled","v5","opponentCountry","pinned_supalosa/Africans","D->L","4"
"v2_minus_disabled","v5","opponentCountry","pinned_supalosa/Africans","L->W","0"
"v2_minus_disabled","v5","opponentCountry","pinned_supalosa/Africans","L->D","3"
"v2_minus_disabled","v5","opponentCountry","pinned_supalosa/Africans","L->L","10"
"v2_minus_disabled","v5","opponentCountry","pinned_supalosa/Americans","W->W","15"
"v2_minus_disabled","v5","opponentCountry","pinned_supalosa/Americans","W->D","7"
"v2_minus_disabled","v5","opponentCountry","pinned_supalosa/Americans","W->L","3"
"v2_minus_disabled","v5","opponentCountry","pinned_supalosa/Americans","D->W","2"
"v2_minus_disabled","v5","opponentCountry","pinned_supalosa/Americans","D->D","13"
"v2_minus_disabled","v5","opponentCountry","pinned_supalosa/Americans","D->L","1"
"v2_minus_disabled","v5","opponentCountry","pinned_supalosa/Americans","L->W","0"
"v2_minus_disabled","v5","opponentCountry","pinned_supalosa/Americans","L->D","2"
"v2_minus_disabled","v5","opponentCountry","pinned_supalosa/Americans","L->L","17"
"v2_minus_disabled","v5","opponentCountry","ra2web_advanced/Africans","W->W","2"
"v2_minus_disabled","v5","opponentCountry","ra2web_advanced/Africans","W->D","7"
"v2_minus_disabled","v5","opponentCountry","ra2web_advanced/Africans","W->L","0"
"v2_minus_disabled","v5","opponentCountry","ra2web_advanced/Africans","D->W","2"
"v2_minus_disabled","v5","opponentCountry","ra2web_advanced/Africans","D->D","25"
"v2_minus_disabled","v5","opponentCountry","ra2web_advanced/Africans","D->L","3"
"v2_minus_disabled","v5","opponentCountry","ra2web_advanced/Africans","L->W","0"
"v2_minus_disabled","v5","opponentCountry","ra2web_advanced/Africans","L->D","1"
"v2_minus_disabled","v5","opponentCountry","ra2web_advanced/Africans","L->L","0"
"v2_minus_disabled","v5","opponentCountry","ra2web_advanced/Americans","W->W","7"
"v2_minus_disabled","v5","opponentCountry","ra2web_advanced/Americans","W->D","4"
"v2_minus_disabled","v5","opponentCountry","ra2web_advanced/Americans","W->L","4"
"v2_minus_disabled","v5","opponentCountry","ra2web_advanced/Americans","D->W","4"
"v2_minus_disabled","v5","opponentCountry","ra2web_advanced/Americans","D->D","3"
"v2_minus_disabled","v5","opponentCountry","ra2web_advanced/Americans","D->L","2"
"v2_minus_disabled","v5","opponentCountry","ra2web_advanced/Americans","L->W","0"
"v2_minus_disabled","v5","opponentCountry","ra2web_advanced/Americans","L->D","2"
"v2_minus_disabled","v5","opponentCountry","ra2web_advanced/Americans","L->L","14"
"v2_minus_disabled","v5","opponentFaction","pinned_supalosa/Allied","W->W","15"
"v2_minus_disabled","v5","opponentFaction","pinned_supalosa/Allied","W->D","7"
"v2_minus_disabled","v5","opponentFaction","pinned_supalosa/Allied","W->L","3"
"v2_minus_disabled","v5","opponentFaction","pinned_supalosa/Allied","D->W","2"
"v2_minus_disabled","v5","opponentFaction","pinned_supalosa/Allied","D->D","13"
"v2_minus_disabled","v5","opponentFaction","pinned_supalosa/Allied","D->L","1"
"v2_minus_disabled","v5","opponentFaction","pinned_supalosa/Allied","L->W","0"
"v2_minus_disabled","v5","opponentFaction","pinned_supalosa/Allied","L->D","2"
"v2_minus_disabled","v5","opponentFaction","pinned_supalosa/Allied","L->L","17"
"v2_minus_disabled","v5","opponentFaction","pinned_supalosa/Soviet","W->W","12"
"v2_minus_disabled","v5","opponentFaction","pinned_supalosa/Soviet","W->D","7"
"v2_minus_disabled","v5","opponentFaction","pinned_supalosa/Soviet","W->L","1"
"v2_minus_disabled","v5","opponentFaction","pinned_supalosa/Soviet","D->W","5"
"v2_minus_disabled","v5","opponentFaction","pinned_supalosa/Soviet","D->D","18"
"v2_minus_disabled","v5","opponentFaction","pinned_supalosa/Soviet","D->L","4"
"v2_minus_disabled","v5","opponentFaction","pinned_supalosa/Soviet","L->W","0"
"v2_minus_disabled","v5","opponentFaction","pinned_supalosa/Soviet","L->D","3"
"v2_minus_disabled","v5","opponentFaction","pinned_supalosa/Soviet","L->L","10"
"v2_minus_disabled","v5","opponentFaction","ra2web_advanced/Allied","W->W","7"
"v2_minus_disabled","v5","opponentFaction","ra2web_advanced/Allied","W->D","4"
"v2_minus_disabled","v5","opponentFaction","ra2web_advanced/Allied","W->L","4"
"v2_minus_disabled","v5","opponentFaction","ra2web_advanced/Allied","D->W","4"
"v2_minus_disabled","v5","opponentFaction","ra2web_advanced/Allied","D->D","3"
"v2_minus_disabled","v5","opponentFaction","ra2web_advanced/Allied","D->L","2"
"v2_minus_disabled","v5","opponentFaction","ra2web_advanced/Allied","L->W","0"
"v2_minus_disabled","v5","opponentFaction","ra2web_advanced/Allied","L->D","2"
"v2_minus_disabled","v5","opponentFaction","ra2web_advanced/Allied","L->L","14"
"v2_minus_disabled","v5","opponentFaction","ra2web_advanced/Soviet","W->W","2"
"v2_minus_disabled","v5","opponentFaction","ra2web_advanced/Soviet","W->D","7"
"v2_minus_disabled","v5","opponentFaction","ra2web_advanced/Soviet","W->L","0"
"v2_minus_disabled","v5","opponentFaction","ra2web_advanced/Soviet","D->W","2"
"v2_minus_disabled","v5","opponentFaction","ra2web_advanced/Soviet","D->D","25"
"v2_minus_disabled","v5","opponentFaction","ra2web_advanced/Soviet","D->L","3"
"v2_minus_disabled","v5","opponentFaction","ra2web_advanced/Soviet","L->W","0"
"v2_minus_disabled","v5","opponentFaction","ra2web_advanced/Soviet","L->D","1"
"v2_minus_disabled","v5","opponentFaction","ra2web_advanced/Soviet","L->L","0"
"v2_minus_disabled","v5","opponentSlot","pinned_supalosa/0","W->W","9"
"v2_minus_disabled","v5","opponentSlot","pinned_supalosa/0","W->D","6"
"v2_minus_disabled","v5","opponentSlot","pinned_supalosa/0","W->L","4"
"v2_minus_disabled","v5","opponentSlot","pinned_supalosa/0","D->W","4"
"v2_minus_disabled","v5","opponentSlot","pinned_supalosa/0","D->D","14"
"v2_minus_disabled","v5","opponentSlot","pinned_supalosa/0","D->L","3"
"v2_minus_disabled","v5","opponentSlot","pinned_supalosa/0","L->W","0"
"v2_minus_disabled","v5","opponentSlot","pinned_supalosa/0","L->D","3"
"v2_minus_disabled","v5","opponentSlot","pinned_supalosa/0","L->L","17"
"v2_minus_disabled","v5","opponentSlot","pinned_supalosa/1","W->W","18"
"v2_minus_disabled","v5","opponentSlot","pinned_supalosa/1","W->D","8"
"v2_minus_disabled","v5","opponentSlot","pinned_supalosa/1","W->L","0"
"v2_minus_disabled","v5","opponentSlot","pinned_supalosa/1","D->W","3"
"v2_minus_disabled","v5","opponentSlot","pinned_supalosa/1","D->D","17"
"v2_minus_disabled","v5","opponentSlot","pinned_supalosa/1","D->L","2"
"v2_minus_disabled","v5","opponentSlot","pinned_supalosa/1","L->W","0"
"v2_minus_disabled","v5","opponentSlot","pinned_supalosa/1","L->D","2"
"v2_minus_disabled","v5","opponentSlot","pinned_supalosa/1","L->L","10"
"v2_minus_disabled","v5","opponentSlot","ra2web_advanced/0","W->W","6"
"v2_minus_disabled","v5","opponentSlot","ra2web_advanced/0","W->D","4"
"v2_minus_disabled","v5","opponentSlot","ra2web_advanced/0","W->L","2"
"v2_minus_disabled","v5","opponentSlot","ra2web_advanced/0","D->W","2"
"v2_minus_disabled","v5","opponentSlot","ra2web_advanced/0","D->D","15"
"v2_minus_disabled","v5","opponentSlot","ra2web_advanced/0","D->L","2"
"v2_minus_disabled","v5","opponentSlot","ra2web_advanced/0","L->W","0"
"v2_minus_disabled","v5","opponentSlot","ra2web_advanced/0","L->D","2"
"v2_minus_disabled","v5","opponentSlot","ra2web_advanced/0","L->L","7"
"v2_minus_disabled","v5","opponentSlot","ra2web_advanced/1","W->W","3"
"v2_minus_disabled","v5","opponentSlot","ra2web_advanced/1","W->D","7"
"v2_minus_disabled","v5","opponentSlot","ra2web_advanced/1","W->L","2"
"v2_minus_disabled","v5","opponentSlot","ra2web_advanced/1","D->W","4"
"v2_minus_disabled","v5","opponentSlot","ra2web_advanced/1","D->D","13"
"v2_minus_disabled","v5","opponentSlot","ra2web_advanced/1","D->L","3"
"v2_minus_disabled","v5","opponentSlot","ra2web_advanced/1","L->W","0"
"v2_minus_disabled","v5","opponentSlot","ra2web_advanced/1","L->D","1"
"v2_minus_disabled","v5","opponentSlot","ra2web_advanced/1","L->L","7"
"v2_minus_disabled","v5","opponentDirection","pinned_supalosa/0","W->W","13"
"v2_minus_disabled","v5","opponentDirection","pinned_supalosa/0","W->D","5"
"v2_minus_disabled","v5","opponentDirection","pinned_supalosa/0","W->L","1"
"v2_minus_disabled","v5","opponentDirection","pinned_supalosa/0","D->W","1"
"v2_minus_disabled","v5","opponentDirection","pinned_supalosa/0","D->D","18"
"v2_minus_disabled","v5","opponentDirection","pinned_supalosa/0","D->L","2"
"v2_minus_disabled","v5","opponentDirection","pinned_supalosa/0","L->W","0"
"v2_minus_disabled","v5","opponentDirection","pinned_supalosa/0","L->D","4"
"v2_minus_disabled","v5","opponentDirection","pinned_supalosa/0","L->L","16"
"v2_minus_disabled","v5","opponentDirection","pinned_supalosa/1","W->W","14"
"v2_minus_disabled","v5","opponentDirection","pinned_supalosa/1","W->D","9"
"v2_minus_disabled","v5","opponentDirection","pinned_supalosa/1","W->L","3"
"v2_minus_disabled","v5","opponentDirection","pinned_supalosa/1","D->W","6"
"v2_minus_disabled","v5","opponentDirection","pinned_supalosa/1","D->D","13"
"v2_minus_disabled","v5","opponentDirection","pinned_supalosa/1","D->L","3"
"v2_minus_disabled","v5","opponentDirection","pinned_supalosa/1","L->W","0"
"v2_minus_disabled","v5","opponentDirection","pinned_supalosa/1","L->D","1"
"v2_minus_disabled","v5","opponentDirection","pinned_supalosa/1","L->L","11"
"v2_minus_disabled","v5","opponentDirection","ra2web_advanced/0","W->W","3"
"v2_minus_disabled","v5","opponentDirection","ra2web_advanced/0","W->D","2"
"v2_minus_disabled","v5","opponentDirection","ra2web_advanced/0","W->L","2"
"v2_minus_disabled","v5","opponentDirection","ra2web_advanced/0","D->W","3"
"v2_minus_disabled","v5","opponentDirection","ra2web_advanced/0","D->D","11"
"v2_minus_disabled","v5","opponentDirection","ra2web_advanced/0","D->L","3"
"v2_minus_disabled","v5","opponentDirection","ra2web_advanced/0","L->W","0"
"v2_minus_disabled","v5","opponentDirection","ra2web_advanced/0","L->D","2"
"v2_minus_disabled","v5","opponentDirection","ra2web_advanced/0","L->L","14"
"v2_minus_disabled","v5","opponentDirection","ra2web_advanced/1","W->W","6"
"v2_minus_disabled","v5","opponentDirection","ra2web_advanced/1","W->D","9"
"v2_minus_disabled","v5","opponentDirection","ra2web_advanced/1","W->L","2"
"v2_minus_disabled","v5","opponentDirection","ra2web_advanced/1","D->W","3"
"v2_minus_disabled","v5","opponentDirection","ra2web_advanced/1","D->D","17"
"v2_minus_disabled","v5","opponentDirection","ra2web_advanced/1","D->L","2"
"v2_minus_disabled","v5","opponentDirection","ra2web_advanced/1","L->W","0"
"v2_minus_disabled","v5","opponentDirection","ra2web_advanced/1","L->D","1"
"v2_minus_disabled","v5","opponentDirection","ra2web_advanced/1","L->L","0"
"v2_minus_disabled","v5","opponentCountryDirection","pinned_supalosa/Africans/0","W->W","7"
"v2_minus_disabled","v5","opponentCountryDirection","pinned_supalosa/Africans/0","W->D","3"
"v2_minus_disabled","v5","opponentCountryDirection","pinned_supalosa/Africans/0","W->L","1"
"v2_minus_disabled","v5","opponentCountryDirection","pinned_supalosa/Africans/0","D->W","1"
"v2_minus_disabled","v5","opponentCountryDirection","pinned_supalosa/Africans/0","D->D","10"
"v2_minus_disabled","v5","opponentCountryDirection","pinned_supalosa/Africans/0","D->L","1"
"v2_minus_disabled","v5","opponentCountryDirection","pinned_supalosa/Africans/0","L->W","0"
"v2_minus_disabled","v5","opponentCountryDirection","pinned_supalosa/Africans/0","L->D","2"
"v2_minus_disabled","v5","opponentCountryDirection","pinned_supalosa/Africans/0","L->L","5"
"v2_minus_disabled","v5","opponentCountryDirection","pinned_supalosa/Africans/1","W->W","5"
"v2_minus_disabled","v5","opponentCountryDirection","pinned_supalosa/Africans/1","W->D","4"
"v2_minus_disabled","v5","opponentCountryDirection","pinned_supalosa/Africans/1","W->L","0"
"v2_minus_disabled","v5","opponentCountryDirection","pinned_supalosa/Africans/1","D->W","4"
"v2_minus_disabled","v5","opponentCountryDirection","pinned_supalosa/Africans/1","D->D","8"
"v2_minus_disabled","v5","opponentCountryDirection","pinned_supalosa/Africans/1","D->L","3"
"v2_minus_disabled","v5","opponentCountryDirection","pinned_supalosa/Africans/1","L->W","0"
"v2_minus_disabled","v5","opponentCountryDirection","pinned_supalosa/Africans/1","L->D","1"
"v2_minus_disabled","v5","opponentCountryDirection","pinned_supalosa/Africans/1","L->L","5"
"v2_minus_disabled","v5","opponentCountryDirection","pinned_supalosa/Americans/0","W->W","6"
"v2_minus_disabled","v5","opponentCountryDirection","pinned_supalosa/Americans/0","W->D","2"
"v2_minus_disabled","v5","opponentCountryDirection","pinned_supalosa/Americans/0","W->L","0"
"v2_minus_disabled","v5","opponentCountryDirection","pinned_supalosa/Americans/0","D->W","0"
"v2_minus_disabled","v5","opponentCountryDirection","pinned_supalosa/Americans/0","D->D","8"
"v2_minus_disabled","v5","opponentCountryDirection","pinned_supalosa/Americans/0","D->L","1"
"v2_minus_disabled","v5","opponentCountryDirection","pinned_supalosa/Americans/0","L->W","0"
"v2_minus_disabled","v5","opponentCountryDirection","pinned_supalosa/Americans/0","L->D","2"
"v2_minus_disabled","v5","opponentCountryDirection","pinned_supalosa/Americans/0","L->L","11"
"v2_minus_disabled","v5","opponentCountryDirection","pinned_supalosa/Americans/1","W->W","9"
"v2_minus_disabled","v5","opponentCountryDirection","pinned_supalosa/Americans/1","W->D","5"
"v2_minus_disabled","v5","opponentCountryDirection","pinned_supalosa/Americans/1","W->L","3"
"v2_minus_disabled","v5","opponentCountryDirection","pinned_supalosa/Americans/1","D->W","2"
"v2_minus_disabled","v5","opponentCountryDirection","pinned_supalosa/Americans/1","D->D","5"
"v2_minus_disabled","v5","opponentCountryDirection","pinned_supalosa/Americans/1","D->L","0"
"v2_minus_disabled","v5","opponentCountryDirection","pinned_supalosa/Americans/1","L->W","0"
"v2_minus_disabled","v5","opponentCountryDirection","pinned_supalosa/Americans/1","L->D","0"
"v2_minus_disabled","v5","opponentCountryDirection","pinned_supalosa/Americans/1","L->L","6"
"v2_minus_disabled","v5","opponentCountryDirection","ra2web_advanced/Africans/0","W->W","2"
"v2_minus_disabled","v5","opponentCountryDirection","ra2web_advanced/Africans/0","W->D","2"
"v2_minus_disabled","v5","opponentCountryDirection","ra2web_advanced/Africans/0","W->L","0"
"v2_minus_disabled","v5","opponentCountryDirection","ra2web_advanced/Africans/0","D->W","1"
"v2_minus_disabled","v5","opponentCountryDirection","ra2web_advanced/Africans/0","D->D","11"
"v2_minus_disabled","v5","opponentCountryDirection","ra2web_advanced/Africans/0","D->L","3"
"v2_minus_disabled","v5","opponentCountryDirection","ra2web_advanced/Africans/0","L->W","0"
"v2_minus_disabled","v5","opponentCountryDirection","ra2web_advanced/Africans/0","L->D","1"
"v2_minus_disabled","v5","opponentCountryDirection","ra2web_advanced/Africans/0","L->L","0"
"v2_minus_disabled","v5","opponentCountryDirection","ra2web_advanced/Africans/1","W->W","0"
"v2_minus_disabled","v5","opponentCountryDirection","ra2web_advanced/Africans/1","W->D","5"
"v2_minus_disabled","v5","opponentCountryDirection","ra2web_advanced/Africans/1","W->L","0"
"v2_minus_disabled","v5","opponentCountryDirection","ra2web_advanced/Africans/1","D->W","1"
"v2_minus_disabled","v5","opponentCountryDirection","ra2web_advanced/Africans/1","D->D","14"
"v2_minus_disabled","v5","opponentCountryDirection","ra2web_advanced/Africans/1","D->L","0"
"v2_minus_disabled","v5","opponentCountryDirection","ra2web_advanced/Africans/1","L->W","0"
"v2_minus_disabled","v5","opponentCountryDirection","ra2web_advanced/Africans/1","L->D","0"
"v2_minus_disabled","v5","opponentCountryDirection","ra2web_advanced/Africans/1","L->L","0"
"v2_minus_disabled","v5","opponentCountryDirection","ra2web_advanced/Americans/0","W->W","1"
"v2_minus_disabled","v5","opponentCountryDirection","ra2web_advanced/Americans/0","W->D","0"
"v2_minus_disabled","v5","opponentCountryDirection","ra2web_advanced/Americans/0","W->L","2"
"v2_minus_disabled","v5","opponentCountryDirection","ra2web_advanced/Americans/0","D->W","2"
"v2_minus_disabled","v5","opponentCountryDirection","ra2web_advanced/Americans/0","D->D","0"
"v2_minus_disabled","v5","opponentCountryDirection","ra2web_advanced/Americans/0","D->L","0"
"v2_minus_disabled","v5","opponentCountryDirection","ra2web_advanced/Americans/0","L->W","0"
"v2_minus_disabled","v5","opponentCountryDirection","ra2web_advanced/Americans/0","L->D","1"
"v2_minus_disabled","v5","opponentCountryDirection","ra2web_advanced/Americans/0","L->L","14"
"v2_minus_disabled","v5","opponentCountryDirection","ra2web_advanced/Americans/1","W->W","6"
"v2_minus_disabled","v5","opponentCountryDirection","ra2web_advanced/Americans/1","W->D","4"
"v2_minus_disabled","v5","opponentCountryDirection","ra2web_advanced/Americans/1","W->L","2"
"v2_minus_disabled","v5","opponentCountryDirection","ra2web_advanced/Americans/1","D->W","2"
"v2_minus_disabled","v5","opponentCountryDirection","ra2web_advanced/Americans/1","D->D","3"
"v2_minus_disabled","v5","opponentCountryDirection","ra2web_advanced/Americans/1","D->L","2"
"v2_minus_disabled","v5","opponentCountryDirection","ra2web_advanced/Americans/1","L->W","0"
"v2_minus_disabled","v5","opponentCountryDirection","ra2web_advanced/Americans/1","L->D","1"
"v2_minus_disabled","v5","opponentCountryDirection","ra2web_advanced/Americans/1","L->L","0"
