"task_index","scheduler_job_id","map_id","map_file","map_sha256","map_case_index","country","country_ordinal","candidate_slot","candidate_start","opponent_start","engine_seed","repeat","winner","endpoint_status","updates","candidate_buildings","opponent_buildings","source_commit","program_sha256","allocation_sha256","cell_sha256","cell_path"
"0","24603576","hfo-original","cd_chrono_mp32s8.map","907e5ab677a03c50f375da1bec4871880240de2fab790a38dac85674d0f65bf1","0","Americans","0","0","39,82","88,34","3002000000","0","opponent","baseline_win","14511","0","7","a60efffa5f321f828ce1a6b7178b4a7c31483c31","e87fc92b01a072959125780a8e961d0e22854ad4b5759a963f861233a26a61ef","5a838bd9cb3edf06df288914ad5cea60b61983f29d183a1efdeb5a3c90e3295e","47943af193f14de5fc6a84fee59db6d2abbeca0ed490adb15b2316b156f256ce","/nfs/roberts/project/pi_jss233/zc362/chrono_divide/research-evidence/multimap-v2/screen-amendment-3/cells/task-000/cell.json"
"1","24603577","hfo-original","cd_chrono_mp32s8.map","907e5ab677a03c50f375da1bec4871880240de2fab790a38dac85674d0f65bf1","7","Americans","0","0","88,34","39,82","3002000007","0","candidate","candidate_win","13228","8","0","a60efffa5f321f828ce1a6b7178b4a7c31483c31","e87fc92b01a072959125780a8e961d0e22854ad4b5759a963f861233a26a61ef","5a838bd9cb3edf06df288914ad5cea60b61983f29d183a1efdeb5a3c90e3295e","c2d5e400208036902027bdb8ce872380325a564282af15a13404faf217b13229","/nfs/roberts/project/pi_jss233/zc362/chrono_divide/research-evidence/multimap-v2/screen-amendment-3/cells/task-001/cell.json"
"2","24603578","hfo-original","cd_chrono_mp32s8.map","907e5ab677a03c50f375da1bec4871880240de2fab790a38dac85674d0f65bf1","18","Americans","0","0","151,119","119,152","3002000018","0","opponent","baseline_win","11860","0","6","a60efffa5f321f828ce1a6b7178b4a7c31483c31","e87fc92b01a072959125780a8e961d0e22854ad4b5759a963f861233a26a61ef","5a838bd9cb3edf06df288914ad5cea60b61983f29d183a1efdeb5a3c90e3295e","b856f42dd65e11ec22e94b7f49aeab6ddddca0bde15fc7084cf638db29523c91","/nfs/roberts/project/pi_jss233/zc362/chrono_divide/research-evidence/multimap-v2/screen-amendment-3/cells/task-002/cell.json"
"3","24603579","hfo-original","cd_chrono_mp32s8.map","907e5ab677a03c50f375da1bec4871880240de2fab790a38dac85674d0f65bf1","27","Americans","0","0","87,157","120,83","3002000027","0","candidate","candidate_win","12328","8","0","a60efffa5f321f828ce1a6b7178b4a7c31483c31","e87fc92b01a072959125780a8e961d0e22854ad4b5759a963f861233a26a61ef","5a838bd9cb3edf06df288914ad5cea60b61983f29d183a1efdeb5a3c90e3295e","1877629afbbbf46ad2ebc6cceb093e6d2c197bc0d1bc7052b1ddcf70b0ab7195","/nfs/roberts/project/pi_jss233/zc362/chrono_divide/research-evidence/multimap-v2/screen-amendment-3/cells/task-003/cell.json"
"4","24603580","hfo-original","cd_chrono_mp32s8.map","907e5ab677a03c50f375da1bec4871880240de2fab790a38dac85674d0f65bf1","33","Americans","0","0","50,121","146,76","3002000033","0","candidate","candidate_win","14464","8","0","a60efffa5f321f828ce1a6b7178b4a7c31483c31","e87fc92b01a072959125780a8e961d0e22854ad4b5759a963f861233a26a61ef","5a838bd9cb3edf06df288914ad5cea60b61983f29d183a1efdeb5a3c90e3295e","0ede2d240e77106ae28c16a466e359f88d1ed56d77ca5230b17b69156ef5eef3","/nfs/roberts/project/pi_jss233/zc362/chrono_divide/research-evidence/multimap-v2/screen-amendment-3/cells/task-004/cell.json"
"5","24603581","hfo-original","cd_chrono_mp32s8.map","907e5ab677a03c50f375da1bec4871880240de2fab790a38dac85674d0f65bf1","37","Americans","0","0","119,152","151,119","3002000037","0","candidate","candidate_win","10642","8","0","a60efffa5f321f828ce1a6b7178b4a7c31483c31","e87fc92b01a072959125780a8e961d0e22854ad4b5759a963f861233a26a61ef","5a838bd9cb3edf06df288914ad5cea60b61983f29d183a1efdeb5a3c90e3295e","42e72e07111f6d374797c3b184b6f91d45787783b771fc2f74b52056fb942797","/nfs/roberts/project/pi_jss233/zc362/chrono_divide/research-evidence/multimap-v2/screen-amendment-3/cells/task-005/cell.json"
"6","24603582","hfo-original","cd_chrono_mp32s8.map","907e5ab677a03c50f375da1bec4871880240de2fab790a38dac85674d0f65bf1","46","Americans","0","0","146,76","50,121","3002000046","0","draw","engine_nonliteral_termination_draw","33900","0","0","a60efffa5f321f828ce1a6b7178b4a7c31483c31","e87fc92b01a072959125780a8e961d0e22854ad4b5759a963f861233a26a61ef","5a838bd9cb3edf06df288914ad5cea60b61983f29d183a1efdeb5a3c90e3295e","8ae7233af3b1057f71ffd4353b65a3c3afc93a719a08deb3bcbbac07635afb54","/nfs/roberts/project/pi_jss233/zc362/chrono_divide/research-evidence/multimap-v2/screen-amendment-3/cells/task-006/cell.json"
"7","24603583","hfo-original","cd_chrono_mp32s8.map","907e5ab677a03c50f375da1bec4871880240de2fab790a38dac85674d0f65bf1","52","Americans","0","0","120,83","87,157","3002000052","0","candidate","candidate_win","15808","10","0","a60efffa5f321f828ce1a6b7178b4a7c31483c31","e87fc92b01a072959125780a8e961d0e22854ad4b5759a963f861233a26a61ef","5a838bd9cb3edf06df288914ad5cea60b61983f29d183a1efdeb5a3c90e3295e","c0de54e3f5c3a6f12fb6486b6fca91a3da5f012576528ff2152319995b320455","/nfs/roberts/project/pi_jss233/zc362/chrono_divide/research-evidence/multimap-v2/screen-amendment-3/cells/task-007/cell.json"
"8","24603584","hfo-original","cd_chrono_mp32s8.map","907e5ab677a03c50f375da1bec4871880240de2fab790a38dac85674d0f65bf1","56","Americans","0","1","39,82","88,34","3002000056","0","opponent","baseline_win","22882","0","6","a60efffa5f321f828ce1a6b7178b4a7c31483c31","e87fc92b01a072959125780a8e961d0e22854ad4b5759a963f861233a26a61ef","5a838bd9cb3edf06df288914ad5cea60b61983f29d183a1efdeb5a3c90e3295e","5d687788bc6eba911e945605480fbeb2a77c91eba1bdf58a6cec81d12223b82f","/nfs/roberts/project/pi_jss233/zc362/chrono_divide/research-evidence/multimap-v2/screen-amendment-3/cells/task-008/cell.json"
"9","24603585","hfo-original","cd_chrono_mp32s8.map","907e5ab677a03c50f375da1bec4871880240de2fab790a38dac85674d0f65bf1","63","Americans","0","1","88,34","39,82","3002000063","0","candidate","candidate_win","10234","8","0","a60efffa5f321f828ce1a6b7178b4a7c31483c31","e87fc92b01a072959125780a8e961d0e22854ad4b5759a963f861233a26a61ef","5a838bd9cb3edf06df288914ad5cea60b61983f29d183a1efdeb5a3c90e3295e","fd866899d8d1a2904362b10cd3893fa59eda9030828cb22cfc3331e293166d88","/nfs/roberts/project/pi_jss233/zc362/chrono_divide/research-evidence/multimap-v2/screen-amendment-3/cells/task-009/cell.json"
"10","24603586","hfo-original","cd_chrono_mp32s8.map","907e5ab677a03c50f375da1bec4871880240de2fab790a38dac85674d0f65bf1","74","Americans","0","1","151,119","119,152","3002000074","0","candidate","candidate_win","19985","6","0","a60efffa5f321f828ce1a6b7178b4a7c31483c31","e87fc92b01a072959125780a8e961d0e22854ad4b5759a963f861233a26a61ef","5a838bd9cb3edf06df288914ad5cea60b61983f29d183a1efdeb5a3c90e3295e","033236977e6868bc42e21fc6d8508e3799e95d05e4373b3d98885c1b785cf928","/nfs/roberts/project/pi_jss233/zc362/chrono_divide/research-evidence/multimap-v2/screen-amendment-3/cells/task-010/cell.json"
"11","24603587","hfo-original","cd_chrono_mp32s8.map","907e5ab677a03c50f375da1bec4871880240de2fab790a38dac85674d0f65bf1","83","Americans","0","1","87,157","120,83","3002000083","0","candidate","candidate_win","11716","6","0","a60efffa5f321f828ce1a6b7178b4a7c31483c31","e87fc92b01a072959125780a8e961d0e22854ad4b5759a963f861233a26a61ef","5a838bd9cb3edf06df288914ad5cea60b61983f29d183a1efdeb5a3c90e3295e","6d1824ea0765c6e83eff00d564566914ce170d35c1bf74d1d5a92a51e86405cd","/nfs/roberts/project/pi_jss233/zc362/chrono_divide/research-evidence/multimap-v2/screen-amendment-3/cells/task-011/cell.json"
"12","24603588","hfo-original","cd_chrono_mp32s8.map","907e5ab677a03c50f375da1bec4871880240de2fab790a38dac85674d0f65bf1","89","Americans","0","1","50,121","146,76","3002000089","0","candidate","candidate_win","13336","8","0","a60efffa5f321f828ce1a6b7178b4a7c31483c31","e87fc92b01a072959125780a8e961d0e22854ad4b5759a963f861233a26a61ef","5a838bd9cb3edf06df288914ad5cea60b61983f29d183a1efdeb5a3c90e3295e","92d782793fb887fa68c9f780914ad7e66252001b34d23f4d229d4304eded58ac","/nfs/roberts/project/pi_jss233/zc362/chrono_divide/research-evidence/multimap-v2/screen-amendment-3/cells/task-012/cell.json"
"13","24603589","hfo-original","cd_chrono_mp32s8.map","907e5ab677a03c50f375da1bec4871880240de2fab790a38dac85674d0f65bf1","93","Americans","0","1","119,152","151,119","3002000093","0","candidate","candidate_win","13864","9","0","a60efffa5f321f828ce1a6b7178b4a7c31483c31","e87fc92b01a072959125780a8e961d0e22854ad4b5759a963f861233a26a61ef","5a838bd9cb3edf06df288914ad5cea60b61983f29d183a1efdeb5a3c90e3295e","c4ab96f623d245e94bf31956fc7be6c80e7bbf475430f93de46531d62d5faa1e","/nfs/roberts/project/pi_jss233/zc362/chrono_divide/research-evidence/multimap-v2/screen-amendment-3/cells/task-013/cell.json"
"14","24603590","hfo-original","cd_chrono_mp32s8.map","907e5ab677a03c50f375da1bec4871880240de2fab790a38dac85674d0f65bf1","102","Americans","0","1","146,76","50,121","3002000102","0","candidate","candidate_win","65555","17","0","a60efffa5f321f828ce1a6b7178b4a7c31483c31","e87fc92b01a072959125780a8e961d0e22854ad4b5759a963f861233a26a61ef","5a838bd9cb3edf06df288914ad5cea60b61983f29d183a1efdeb5a3c90e3295e","c0a36da15b79c9ad43962cefa0488e9353890971df6ef51d84db64d1af88f4d4","/nfs/roberts/project/pi_jss233/zc362/chrono_divide/research-evidence/multimap-v2/screen-amendment-3/cells/task-014/cell.json"
"15","24603591","hfo-original","cd_chrono_mp32s8.map","907e5ab677a03c50f375da1bec4871880240de2fab790a38dac85674d0f65bf1","108","Americans","0","1","120,83","87,157","3002000108","0","candidate","candidate_win","16138","11","0","a60efffa5f321f828ce1a6b7178b4a7c31483c31","e87fc92b01a072959125780a8e961d0e22854ad4b5759a963f861233a26a61ef","5a838bd9cb3edf06df288914ad5cea60b61983f29d183a1efdeb5a3c90e3295e","65df10c8cc82f0ef4bf9c951df1043d9672f59707cab39b556eed83b2491f4d2","/nfs/roberts/project/pi_jss233/zc362/chrono_divide/research-evidence/multimap-v2/screen-amendment-3/cells/task-015/cell.json"
"16","24603592","hfo-original","cd_chrono_mp32s8.map","907e5ab677a03c50f375da1bec4871880240de2fab790a38dac85674d0f65bf1","112","Alliance","1","0","39,82","88,34","3002000112","0","opponent","baseline_win","7456","0","5","a60efffa5f321f828ce1a6b7178b4a7c31483c31","e87fc92b01a072959125780a8e961d0e22854ad4b5759a963f861233a26a61ef","5a838bd9cb3edf06df288914ad5cea60b61983f29d183a1efdeb5a3c90e3295e","53d5d1e4bb20e8a3593c9de159fcffc98523e2218d954e481515977bf13160ae","/nfs/roberts/project/pi_jss233/zc362/chrono_divide/research-evidence/multimap-v2/screen-amendment-3/cells/task-016/cell.json"
"17","24603593","hfo-original","cd_chrono_mp32s8.map","907e5ab677a03c50f375da1bec4871880240de2fab790a38dac85674d0f65bf1","119","Alliance","1","0","88,34","39,82","3002000119","0","candidate","candidate_win","11272","8","0","a60efffa5f321f828ce1a6b7178b4a7c31483c31","e87fc92b01a072959125780a8e961d0e22854ad4b5759a963f861233a26a61ef","5a838bd9cb3edf06df288914ad5cea60b61983f29d183a1efdeb5a3c90e3295e","c6ee042962f60e285f127a81775a213960b65e4c6c73057e048c9d3c876348df","/nfs/roberts/project/pi_jss233/zc362/chrono_divide/research-evidence/multimap-v2/screen-amendment-3/cells/task-017/cell.json"
"18","24603594","hfo-original","cd_chrono_mp32s8.map","907e5ab677a03c50f375da1bec4871880240de2fab790a38dac85674d0f65bf1","131","Alliance","1","0","151,119","146,76","3002000131","0","opponent","baseline_win","14468","0","5","a60efffa5f321f828ce1a6b7178b4a7c31483c31","e87fc92b01a072959125780a8e961d0e22854ad4b5759a963f861233a26a61ef","5a838bd9cb3edf06df288914ad5cea60b61983f29d183a1efdeb5a3c90e3295e","8eb7c806a88e9c6e73d887a77049e7ca33ab6d239d2c4971310b24090a673d68","/nfs/roberts/project/pi_jss233/zc362/chrono_divide/research-evidence/multimap-v2/screen-amendment-3/cells/task-018/cell.json"
"19","24603595","hfo-original","cd_chrono_mp32s8.map","907e5ab677a03c50f375da1bec4871880240de2fab790a38dac85674d0f65bf1","137","Alliance","1","0","87,157","119,152","3002000137","0","opponent","baseline_win","30682","0","7","a60efffa5f321f828ce1a6b7178b4a7c31483c31","e87fc92b01a072959125780a8e961d0e22854ad4b5759a963f861233a26a61ef","5a838bd9cb3edf06df288914ad5cea60b61983f29d183a1efdeb5a3c90e3295e","8f63a60fc334a4b5eaef376fb452c3992b8a8f541cf3c4d5d8e71c527fbe1905","/nfs/roberts/project/pi_jss233/zc362/chrono_divide/research-evidence/multimap-v2/screen-amendment-3/cells/task-019/cell.json"
"20","24603596","hfo-original","cd_chrono_mp32s8.map","907e5ab677a03c50f375da1bec4871880240de2fab790a38dac85674d0f65bf1","146","Alliance","1","0","50,121","120,83","3002000146","0","candidate","candidate_win","19625","10","0","a60efffa5f321f828ce1a6b7178b4a7c31483c31","e87fc92b01a072959125780a8e961d0e22854ad4b5759a963f861233a26a61ef","5a838bd9cb3edf06df288914ad5cea60b61983f29d183a1efdeb5a3c90e3295e","050f6e8c84360e330306700a747be04296425e22afb12729acadd5390bb4f3e7","/nfs/roberts/project/pi_jss233/zc362/chrono_divide/research-evidence/multimap-v2/screen-amendment-3/cells/task-020/cell.json"
"21","24603597","hfo-original","cd_chrono_mp32s8.map","907e5ab677a03c50f375da1bec4871880240de2fab790a38dac85674d0f65bf1","149","Alliance","1","0","119,152","151,119","3002000149","0","opponent","baseline_win","9431","0","5","a60efffa5f321f828ce1a6b7178b4a7c31483c31","e87fc92b01a072959125780a8e961d0e22854ad4b5759a963f861233a26a61ef","5a838bd9cb3edf06df288914ad5cea60b61983f29d183a1efdeb5a3c90e3295e","98d986cf94704dcb0a2473c7ee2f3fb41d375b1e04334a8f021f289961fa398b","/nfs/roberts/project/pi_jss233/zc362/chrono_divide/research-evidence/multimap-v2/screen-amendment-3/cells/task-021/cell.json"
"22","24603598","hfo-original","cd_chrono_mp32s8.map","907e5ab677a03c50f375da1bec4871880240de2fab790a38dac85674d0f65bf1","158","Alliance","1","0","146,76","50,121","3002000158","0","opponent","baseline_win","23929","0","7","a60efffa5f321f828ce1a6b7178b4a7c31483c31","e87fc92b01a072959125780a8e961d0e22854ad4b5759a963f861233a26a61ef","5a838bd9cb3edf06df288914ad5cea60b61983f29d183a1efdeb5a3c90e3295e","1b34b48fba31fb53c6bb19c7080caff3d7c5fe9675c30387bf5169c24be34dfc","/nfs/roberts/project/pi_jss233/zc362/chrono_divide/research-evidence/multimap-v2/screen-amendment-3/cells/task-022/cell.json"
"23","24603599","hfo-original","cd_chrono_mp32s8.map","907e5ab677a03c50f375da1bec4871880240de2fab790a38dac85674d0f65bf1","164","Alliance","1","0","120,83","87,157","3002000164","0","candidate","candidate_win","20510","10","0","a60efffa5f321f828ce1a6b7178b4a7c31483c31","e87fc92b01a072959125780a8e961d0e22854ad4b5759a963f861233a26a61ef","5a838bd9cb3edf06df288914ad5cea60b61983f29d183a1efdeb5a3c90e3295e","db465cf931f3dfb8e0e3cadcfa481d848e0f7105f6bc285020c6205b202d5d29","/nfs/roberts/project/pi_jss233/zc362/chrono_divide/research-evidence/multimap-v2/screen-amendment-3/cells/task-023/cell.json"
"24","24603600","hfo-original","cd_chrono_mp32s8.map","907e5ab677a03c50f375da1bec4871880240de2fab790a38dac85674d0f65bf1","168","Alliance","1","1","39,82","88,34","3002000168","0","candidate","candidate_win","8062","7","0","a60efffa5f321f828ce1a6b7178b4a7c31483c31","e87fc92b01a072959125780a8e961d0e22854ad4b5759a963f861233a26a61ef","5a838bd9cb3edf06df288914ad5cea60b61983f29d183a1efdeb5a3c90e3295e","5258269841ac1d32393bc45b048bed941b4bc766c23dc540067892f64567550e","/nfs/roberts/project/pi_jss233/zc362/chrono_divide/research-evidence/multimap-v2/screen-amendment-3/cells/task-024/cell.json"
"25","24603601","hfo-original","cd_chrono_mp32s8.map","907e5ab677a03c50f375da1bec4871880240de2fab790a38dac85674d0f65bf1","175","Alliance","1","1","88,34","39,82","3002000175","0","candidate","candidate_win","9418","7","0","a60efffa5f321f828ce1a6b7178b4a7c31483c31","e87fc92b01a072959125780a8e961d0e22854ad4b5759a963f861233a26a61ef","5a838bd9cb3edf06df288914ad5cea60b61983f29d183a1efdeb5a3c90e3295e","f3df95e9c9fb951ce0c68c755de09a71b800742fa2a607901dcfc2db070108ac","/nfs/roberts/project/pi_jss233/zc362/chrono_divide/research-evidence/multimap-v2/screen-amendment-3/cells/task-025/cell.json"
"26","24603602","hfo-original","cd_chrono_mp32s8.map","907e5ab677a03c50f375da1bec4871880240de2fab790a38dac85674d0f65bf1","187","Alliance","1","1","151,119","146,76","3002000187","0","opponent","baseline_win","13722","0","5","a60efffa5f321f828ce1a6b7178b4a7c31483c31","e87fc92b01a072959125780a8e961d0e22854ad4b5759a963f861233a26a61ef","5a838bd9cb3edf06df288914ad5cea60b61983f29d183a1efdeb5a3c90e3295e","3d7a8c489fda6fc8e7c0d7ec08ac5aecca521c3e60fc9bdb5a2505fc826a975b","/nfs/roberts/project/pi_jss233/zc362/chrono_divide/research-evidence/multimap-v2/screen-amendment-3/cells/task-026/cell.json"
"27","24603603","hfo-original","cd_chrono_mp32s8.map","907e5ab677a03c50f375da1bec4871880240de2fab790a38dac85674d0f65bf1","193","Alliance","1","1","87,157","119,152","3002000193","0","opponent","baseline_win","27144","0","7","a60efffa5f321f828ce1a6b7178b4a7c31483c31","e87fc92b01a072959125780a8e961d0e22854ad4b5759a963f861233a26a61ef","5a838bd9cb3edf06df288914ad5cea60b61983f29d183a1efdeb5a3c90e3295e","ef0957a08640776beb7f993a18533df07f70ea0876231acf545dae5b408affcc","/nfs/roberts/project/pi_jss233/zc362/chrono_divide/research-evidence/multimap-v2/screen-amendment-3/cells/task-027/cell.json"
"28","24603604","hfo-original","cd_chrono_mp32s8.map","907e5ab677a03c50f375da1bec4871880240de2fab790a38dac85674d0f65bf1","202","Alliance","1","1","50,121","120,83","3002000202","0","candidate","candidate_win","20340","10","0","a60efffa5f321f828ce1a6b7178b4a7c31483c31","e87fc92b01a072959125780a8e961d0e22854ad4b5759a963f861233a26a61ef","5a838bd9cb3edf06df288914ad5cea60b61983f29d183a1efdeb5a3c90e3295e","bcdd580e86e76dd408d25ca073e2ac2570ab2630dfa80d0a2f338114f99fded9","/nfs/roberts/project/pi_jss233/zc362/chrono_divide/research-evidence/multimap-v2/screen-amendment-3/cells/task-028/cell.json"
"29","24603605","hfo-original","cd_chrono_mp32s8.map","907e5ab677a03c50f375da1bec4871880240de2fab790a38dac85674d0f65bf1","205","Alliance","1","1","119,152","151,119","3002000205","0","candidate","candidate_win","9334","8","0","a60efffa5f321f828ce1a6b7178b4a7c31483c31","e87fc92b01a072959125780a8e961d0e22854ad4b5759a963f861233a26a61ef","5a838bd9cb3edf06df288914ad5cea60b61983f29d183a1efdeb5a3c90e3295e","cfc7f41aed13e1cd48f73edcf6b1e9e12827fba4fb93b15a3d8e49651251b92a","/nfs/roberts/project/pi_jss233/zc362/chrono_divide/research-evidence/multimap-v2/screen-amendment-3/cells/task-029/cell.json"
"30","24603606","hfo-original","cd_chrono_mp32s8.map","907e5ab677a03c50f375da1bec4871880240de2fab790a38dac85674d0f65bf1","214","Alliance","1","1","146,76","50,121","3002000214","0","opponent","baseline_win","22834","0","7","a60efffa5f321f828ce1a6b7178b4a7c31483c31","e87fc92b01a072959125780a8e961d0e22854ad4b5759a963f861233a26a61ef","5a838bd9cb3edf06df288914ad5cea60b61983f29d183a1efdeb5a3c90e3295e","09316827ae33a866ae60cebe89bf0a0a3841b550dcf1e761c8d55c7b1446b3c0","/nfs/roberts/project/pi_jss233/zc362/chrono_divide/research-evidence/multimap-v2/screen-amendment-3/cells/task-030/cell.json"
"31","24603607","hfo-original","cd_chrono_mp32s8.map","907e5ab677a03c50f375da1bec4871880240de2fab790a38dac85674d0f65bf1","220","Alliance","1","1","120,83","87,157","3002000220","0","candidate","candidate_win","20675","10","0","a60efffa5f321f828ce1a6b7178b4a7c31483c31","e87fc92b01a072959125780a8e961d0e22854ad4b5759a963f861233a26a61ef","5a838bd9cb3edf06df288914ad5cea60b61983f29d183a1efdeb5a3c90e3295e","78fccf66f49d637edb2917db0973cfc2cd066b0dd018dd1c46a6adef8bc793d1","/nfs/roberts/project/pi_jss233/zc362/chrono_divide/research-evidence/multimap-v2/screen-amendment-3/cells/task-031/cell.json"
"32","24603608","hfo-original","cd_chrono_mp32s8.map","907e5ab677a03c50f375da1bec4871880240de2fab790a38dac85674d0f65bf1","225","French","2","0","39,82","151,119","3002000225","0","opponent","baseline_win","8896","0","5","a60efffa5f321f828ce1a6b7178b4a7c31483c31","e87fc92b01a072959125780a8e961d0e22854ad4b5759a963f861233a26a61ef","5a838bd9cb3edf06df288914ad5cea60b61983f29d183a1efdeb5a3c90e3295e","c57580f24715884582280707a0ce547263d5ae59aed7932b91661137699a8b94","/nfs/roberts/project/pi_jss233/zc362/chrono_divide/research-evidence/multimap-v2/screen-amendment-3/cells/task-032/cell.json"
"33","24603609","hfo-original","cd_chrono_mp32s8.map","907e5ab677a03c50f375da1bec4871880240de2fab790a38dac85674d0f65bf1","233","French","2","0","88,34","87,157","3002000233","0","candidate","candidate_win","18045","12","0","a60efffa5f321f828ce1a6b7178b4a7c31483c31","e87fc92b01a072959125780a8e961d0e22854ad4b5759a963f861233a26a61ef","5a838bd9cb3edf06df288914ad5cea60b61983f29d183a1efdeb5a3c90e3295e","001e7f2b5cb07685fbc32de7b78c07b516d97d3693edc9ad8ec4ded9b400e4d1","/nfs/roberts/project/pi_jss233/zc362/chrono_divide/research-evidence/multimap-v2/screen-amendment-3/cells/task-033/cell.json"
"34","24603610","hfo-original","cd_chrono_mp32s8.map","907e5ab677a03c50f375da1bec4871880240de2fab790a38dac85674d0f65bf1","238","French","2","0","151,119","39,82","3002000238","0","draw","tick_cap_draw","90000","1","18","a60efffa5f321f828ce1a6b7178b4a7c31483c31","e87fc92b01a072959125780a8e961d0e22854ad4b5759a963f861233a26a61ef","5a838bd9cb3edf06df288914ad5cea60b61983f29d183a1efdeb5a3c90e3295e","2fe93c92e2cf93ffc4774b428934a8c27d15c8051e946672870ba1f9e17c5a91","/nfs/roberts/project/pi_jss233/zc362/chrono_divide/research-evidence/multimap-v2/screen-amendment-3/cells/task-034/cell.json"
"35","24603611","hfo-original","cd_chrono_mp32s8.map","907e5ab677a03c50f375da1bec4871880240de2fab790a38dac85674d0f65bf1","246","French","2","0","87,157","88,34","3002000246","0","candidate","candidate_win","24871","6","0","a60efffa5f321f828ce1a6b7178b4a7c31483c31","e87fc92b01a072959125780a8e961d0e22854ad4b5759a963f861233a26a61ef","5a838bd9cb3edf06df288914ad5cea60b61983f29d183a1efdeb5a3c90e3295e","f9f456908daa404b988f74ae96e30220dce3778ab8ee21d554670bdc69076398","/nfs/roberts/project/pi_jss233/zc362/chrono_divide/research-evidence/multimap-v2/screen-amendment-3/cells/task-035/cell.json"
"36","24603612","hfo-original","cd_chrono_mp32s8.map","907e5ab677a03c50f375da1bec4871880240de2fab790a38dac85674d0f65bf1","258","French","2","0","50,121","120,83","3002000258","0","opponent","baseline_win","11113","0","6","a60efffa5f321f828ce1a6b7178b4a7c31483c31","e87fc92b01a072959125780a8e961d0e22854ad4b5759a963f861233a26a61ef","5a838bd9cb3edf06df288914ad5cea60b61983f29d183a1efdeb5a3c90e3295e","11c2a57c41ef0b8ea1fb0bc728d805074f689e1acf1174e19a72728a7ae86d21","/nfs/roberts/project/pi_jss233/zc362/chrono_divide/research-evidence/multimap-v2/screen-amendment-3/cells/task-036/cell.json"
"37","24603613","hfo-original","cd_chrono_mp32s8.map","907e5ab677a03c50f375da1bec4871880240de2fab790a38dac85674d0f65bf1","264","French","2","0","119,152","146,76","3002000264","0","candidate","candidate_win","10118","8","0","a60efffa5f321f828ce1a6b7178b4a7c31483c31","e87fc92b01a072959125780a8e961d0e22854ad4b5759a963f861233a26a61ef","5a838bd9cb3edf06df288914ad5cea60b61983f29d183a1efdeb5a3c90e3295e","a4e267a34926843ecc6d60d8cc287d487929a90b6c2f849abd34fb969679f14c","/nfs/roberts/project/pi_jss233/zc362/chrono_divide/research-evidence/multimap-v2/screen-amendment-3/cells/task-037/cell.json"
"38","24603614","hfo-original","cd_chrono_mp32s8.map","907e5ab677a03c50f375da1bec4871880240de2fab790a38dac85674d0f65bf1","271","French","2","0","146,76","119,152","3002000271","0","candidate","candidate_win","21067","15","0","a60efffa5f321f828ce1a6b7178b4a7c31483c31","e87fc92b01a072959125780a8e961d0e22854ad4b5759a963f861233a26a61ef","5a838bd9cb3edf06df288914ad5cea60b61983f29d183a1efdeb5a3c90e3295e","34649b53d979ce2156f71aafa650d3f3e7e890776a440b4506e2d8bd1d71d0a6","/nfs/roberts/project/pi_jss233/zc362/chrono_divide/research-evidence/multimap-v2/screen-amendment-3/cells/task-038/cell.json"
"39","24603615","hfo-original","cd_chrono_mp32s8.map","907e5ab677a03c50f375da1bec4871880240de2fab790a38dac85674d0f65bf1","277","French","2","0","120,83","50,121","3002000277","0","candidate","candidate_win","10606","8","0","a60efffa5f321f828ce1a6b7178b4a7c31483c31","e87fc92b01a072959125780a8e961d0e22854ad4b5759a963f861233a26a61ef","5a838bd9cb3edf06df288914ad5cea60b61983f29d183a1efdeb5a3c90e3295e","b42745909de31d3c354d5f81a70ae53dd00e6f67000ee3a98c8e0c6041902892","/nfs/roberts/project/pi_jss233/zc362/chrono_divide/research-evidence/multimap-v2/screen-amendment-3/cells/task-039/cell.json"
"40","24603616","hfo-original","cd_chrono_mp32s8.map","907e5ab677a03c50f375da1bec4871880240de2fab790a38dac85674d0f65bf1","281","French","2","1","39,82","151,119","3002000281","0","opponent","baseline_win","8861","0","5","a60efffa5f321f828ce1a6b7178b4a7c31483c31","e87fc92b01a072959125780a8e961d0e22854ad4b5759a963f861233a26a61ef","5a838bd9cb3edf06df288914ad5cea60b61983f29d183a1efdeb5a3c90e3295e","4cda181caa7cb17a3a9056c5ea74a81290988241ecbfc2b10f22f80b37235506","/nfs/roberts/project/pi_jss233/zc362/chrono_divide/research-evidence/multimap-v2/screen-amendment-3/cells/task-040/cell.json"
"41","24603617","hfo-original","cd_chrono_mp32s8.map","907e5ab677a03c50f375da1bec4871880240de2fab790a38dac85674d0f65bf1","289","French","2","1","88,34","87,157","3002000289","0","candidate","candidate_win","19724","14","0","a60efffa5f321f828ce1a6b7178b4a7c31483c31","e87fc92b01a072959125780a8e961d0e22854ad4b5759a963f861233a26a61ef","5a838bd9cb3edf06df288914ad5cea60b61983f29d183a1efdeb5a3c90e3295e","b672e65099a2ce659cb44ca16426077cba6c27124aed63e3425fb12ba2a546da","/nfs/roberts/project/pi_jss233/zc362/chrono_divide/research-evidence/multimap-v2/screen-amendment-3/cells/task-041/cell.json"
"42","24603618","hfo-original","cd_chrono_mp32s8.map","907e5ab677a03c50f375da1bec4871880240de2fab790a38dac85674d0f65bf1","294","French","2","1","151,119","39,82","3002000294","0","candidate","candidate_win","10354","1","0","a60efffa5f321f828ce1a6b7178b4a7c31483c31","e87fc92b01a072959125780a8e961d0e22854ad4b5759a963f861233a26a61ef","5a838bd9cb3edf06df288914ad5cea60b61983f29d183a1efdeb5a3c90e3295e","ec44ebcd5e3e0206da9b803aa434918cba99430586662b724f71c8f11a745048","/nfs/roberts/project/pi_jss233/zc362/chrono_divide/research-evidence/multimap-v2/screen-amendment-3/cells/task-042/cell.json"
"43","24603619","hfo-original","cd_chrono_mp32s8.map","907e5ab677a03c50f375da1bec4871880240de2fab790a38dac85674d0f65bf1","302","French","2","1","87,157","88,34","3002000302","0","opponent","baseline_win","17278","0","7","a60efffa5f321f828ce1a6b7178b4a7c31483c31","e87fc92b01a072959125780a8e961d0e22854ad4b5759a963f861233a26a61ef","5a838bd9cb3edf06df288914ad5cea60b61983f29d183a1efdeb5a3c90e3295e","aee9a7b9125c31661f840b24a88b5259a5a2af7d11e511b5c72e831423d9021d","/nfs/roberts/project/pi_jss233/zc362/chrono_divide/research-evidence/multimap-v2/screen-amendment-3/cells/task-043/cell.json"
"44","24603620","hfo-original","cd_chrono_mp32s8.map","907e5ab677a03c50f375da1bec4871880240de2fab790a38dac85674d0f65bf1","314","French","2","1","50,121","120,83","3002000314","0","candidate","candidate_win","21831","11","0","a60efffa5f321f828ce1a6b7178b4a7c31483c31","e87fc92b01a072959125780a8e961d0e22854ad4b5759a963f861233a26a61ef","5a838bd9cb3edf06df288914ad5cea60b61983f29d183a1efdeb5a3c90e3295e","48cc99b309309649d56849f689048a99839f73887f1c82fa40f730fa9d641907","/nfs/roberts/project/pi_jss233/zc362/chrono_divide/research-evidence/multimap-v2/screen-amendment-3/cells/task-044/cell.json"
"45","24603621","hfo-original","cd_chrono_mp32s8.map","907e5ab677a03c50f375da1bec4871880240de2fab790a38dac85674d0f65bf1","320","French","2","1","119,152","146,76","3002000320","0","candidate","candidate_win","8869","8","0","a60efffa5f321f828ce1a6b7178b4a7c31483c31","e87fc92b01a072959125780a8e961d0e22854ad4b5759a963f861233a26a61ef","5a838bd9cb3edf06df288914ad5cea60b61983f29d183a1efdeb5a3c90e3295e","3198b5df00bd015ce2c2fa14b631eb0acbdc2dc0e1c4982d04127cce862fb9e7","/nfs/roberts/project/pi_jss233/zc362/chrono_divide/research-evidence/multimap-v2/screen-amendment-3/cells/task-045/cell.json"
"46","24603622","hfo-original","cd_chrono_mp32s8.map","907e5ab677a03c50f375da1bec4871880240de2fab790a38dac85674d0f65bf1","327","French","2","1","146,76","119,152","3002000327","0","opponent","baseline_win","21615","0","7","a60efffa5f321f828ce1a6b7178b4a7c31483c31","e87fc92b01a072959125780a8e961d0e22854ad4b5759a963f861233a26a61ef","5a838bd9cb3edf06df288914ad5cea60b61983f29d183a1efdeb5a3c90e3295e","0e7ac90d52925a8b9609bbf2f4fe6317d4001a8a7dfb908e8cac812478de9c57","/nfs/roberts/project/pi_jss233/zc362/chrono_divide/research-evidence/multimap-v2/screen-amendment-3/cells/task-046/cell.json"
"47","24603623","hfo-original","cd_chrono_mp32s8.map","907e5ab677a03c50f375da1bec4871880240de2fab790a38dac85674d0f65bf1","333","French","2","1","120,83","50,121","3002000333","0","candidate","candidate_win","12412","9","0","a60efffa5f321f828ce1a6b7178b4a7c31483c31","e87fc92b01a072959125780a8e961d0e22854ad4b5759a963f861233a26a61ef","5a838bd9cb3edf06df288914ad5cea60b61983f29d183a1efdeb5a3c90e3295e","70148ae96ede082231161405acb80c934f3edb7a76d1537a2d5460d4e9bbb1d6","/nfs/roberts/project/pi_jss233/zc362/chrono_divide/research-evidence/multimap-v2/screen-amendment-3/cells/task-047/cell.json"
"48","24603624","hfo-original","cd_chrono_mp32s8.map","907e5ab677a03c50f375da1bec4871880240de2fab790a38dac85674d0f65bf1","337","Germans","3","0","39,82","151,119","3002000337","0","opponent","baseline_win","9545","0","5","a60efffa5f321f828ce1a6b7178b4a7c31483c31","e87fc92b01a072959125780a8e961d0e22854ad4b5759a963f861233a26a61ef","5a838bd9cb3edf06df288914ad5cea60b61983f29d183a1efdeb5a3c90e3295e","39c4510c95e55257451b202635ace8927b772be489ce82360059adfeb134c6cb","/nfs/roberts/project/pi_jss233/zc362/chrono_divide/research-evidence/multimap-v2/screen-amendment-3/cells/task-048/cell.json"
"49","24603625","hfo-original","cd_chrono_mp32s8.map","907e5ab677a03c50f375da1bec4871880240de2fab790a38dac85674d0f65bf1","346","Germans","3","0","88,34","50,121","3002000346","0","candidate","candidate_win","7798","7","0","a60efffa5f321f828ce1a6b7178b4a7c31483c31","e87fc92b01a072959125780a8e961d0e22854ad4b5759a963f861233a26a61ef","5a838bd9cb3edf06df288914ad5cea60b61983f29d183a1efdeb5a3c90e3295e","a0302e4e6e7274d2266ca8bb4085ce866c7541b4300b2ac8990bb6e4e03b7d7b","/nfs/roberts/project/pi_jss233/zc362/chrono_divide/research-evidence/multimap-v2/screen-amendment-3/cells/task-049/cell.json"
"50","24603626","hfo-original","cd_chrono_mp32s8.map","907e5ab677a03c50f375da1bec4871880240de2fab790a38dac85674d0f65bf1","350","Germans","3","0","151,119","39,82","3002000350","0","candidate","candidate_win","10270","1","0","a60efffa5f321f828ce1a6b7178b4a7c31483c31","e87fc92b01a072959125780a8e961d0e22854ad4b5759a963f861233a26a61ef","5a838bd9cb3edf06df288914ad5cea60b61983f29d183a1efdeb5a3c90e3295e","4184759f5a88fe588292cda28e7234caf72410994b78c3c491ba200a17612d00","/nfs/roberts/project/pi_jss233/zc362/chrono_divide/research-evidence/multimap-v2/screen-amendment-3/cells/task-050/cell.json"
"51","24603627","hfo-original","cd_chrono_mp32s8.map","907e5ab677a03c50f375da1bec4871880240de2fab790a38dac85674d0f65bf1","363","Germans","3","0","87,157","120,83","3002000363","0","candidate","candidate_win","14413","6","0","a60efffa5f321f828ce1a6b7178b4a7c31483c31","e87fc92b01a072959125780a8e961d0e22854ad4b5759a963f861233a26a61ef","5a838bd9cb3edf06df288914ad5cea60b61983f29d183a1efdeb5a3c90e3295e","e1adf2f88e858c206159a7fa8972fd84aedd30b7bd82b62195e37be2a08ec393","/nfs/roberts/project/pi_jss233/zc362/chrono_divide/research-evidence/multimap-v2/screen-amendment-3/cells/task-051/cell.json"
"52","24603628","hfo-original","cd_chrono_mp32s8.map","907e5ab677a03c50f375da1bec4871880240de2fab790a38dac85674d0f65bf1","368","Germans","3","0","50,121","119,152","3002000368","0","opponent","baseline_win","8794","0","5","a60efffa5f321f828ce1a6b7178b4a7c31483c31","e87fc92b01a072959125780a8e961d0e22854ad4b5759a963f861233a26a61ef","5a838bd9cb3edf06df288914ad5cea60b61983f29d183a1efdeb5a3c90e3295e","676d3c33f1cad4f71b3b168f0e71f3bfc4af36a09f75363438ada2f39c93412b","/nfs/roberts/project/pi_jss233/zc362/chrono_divide/research-evidence/multimap-v2/screen-amendment-3/cells/task-052/cell.json"
"53","24603629","hfo-original","cd_chrono_mp32s8.map","907e5ab677a03c50f375da1bec4871880240de2fab790a38dac85674d0f65bf1","372","Germans","3","0","119,152","88,34","3002000372","0","candidate","candidate_win","19702","7","0","a60efffa5f321f828ce1a6b7178b4a7c31483c31","e87fc92b01a072959125780a8e961d0e22854ad4b5759a963f861233a26a61ef","5a838bd9cb3edf06df288914ad5cea60b61983f29d183a1efdeb5a3c90e3295e","398743f8561abfc87a7da7d6354946de1b25685aa4cfd90726810cd4bc3a8ac9","/nfs/roberts/project/pi_jss233/zc362/chrono_divide/research-evidence/multimap-v2/screen-amendment-3/cells/task-053/cell.json"
"54","24603630","hfo-original","cd_chrono_mp32s8.map","907e5ab677a03c50f375da1bec4871880240de2fab790a38dac85674d0f65bf1","381","Germans","3","0","146,76","87,157","3002000381","0","opponent","baseline_win","25678","0","7","a60efffa5f321f828ce1a6b7178b4a7c31483c31","e87fc92b01a072959125780a8e961d0e22854ad4b5759a963f861233a26a61ef","5a838bd9cb3edf06df288914ad5cea60b61983f29d183a1efdeb5a3c90e3295e","22693fc162897d4259ea5c631d8ac0dea5d4945afdbcd997b3491aff88d05b9e","/nfs/roberts/project/pi_jss233/zc362/chrono_divide/research-evidence/multimap-v2/screen-amendment-3/cells/task-054/cell.json"
"55","24603631","hfo-original","cd_chrono_mp32s8.map","907e5ab677a03c50f375da1bec4871880240de2fab790a38dac85674d0f65bf1","391","Germans","3","0","120,83","146,76","3002000391","0","candidate","candidate_win","6820","7","0","a60efffa5f321f828ce1a6b7178b4a7c31483c31","e87fc92b01a072959125780a8e961d0e22854ad4b5759a963f861233a26a61ef","5a838bd9cb3edf06df288914ad5cea60b61983f29d183a1efdeb5a3c90e3295e","57bd6b8d954102056542bcdc4f5466d86cbf65f2cd6212558065dd0d8c4541ec","/nfs/roberts/project/pi_jss233/zc362/chrono_divide/research-evidence/multimap-v2/screen-amendment-3/cells/task-055/cell.json"
"56","24603632","hfo-original","cd_chrono_mp32s8.map","907e5ab677a03c50f375da1bec4871880240de2fab790a38dac85674d0f65bf1","393","Germans","3","1","39,82","151,119","3002000393","0","opponent","baseline_win","9064","0","5","a60efffa5f321f828ce1a6b7178b4a7c31483c31","e87fc92b01a072959125780a8e961d0e22854ad4b5759a963f861233a26a61ef","5a838bd9cb3edf06df288914ad5cea60b61983f29d183a1efdeb5a3c90e3295e","bb2262358519b1e15b0710b41828648986572aedbcc00c9e76b2f88e8e438293","/nfs/roberts/project/pi_jss233/zc362/chrono_divide/research-evidence/multimap-v2/screen-amendment-3/cells/task-056/cell.json"
"57","24603633","hfo-original","cd_chrono_mp32s8.map","907e5ab677a03c50f375da1bec4871880240de2fab790a38dac85674d0f65bf1","402","Germans","3","1","88,34","50,121","3002000402","0","candidate","candidate_win","7669","7","0","a60efffa5f321f828ce1a6b7178b4a7c31483c31","e87fc92b01a072959125780a8e961d0e22854ad4b5759a963f861233a26a61ef","5a838bd9cb3edf06df288914ad5cea60b61983f29d183a1efdeb5a3c90e3295e","36754d08ee1a5e55c6bf476b34f6d59130d0796c8e0ae2efc177cfac4e351197","/nfs/roberts/project/pi_jss233/zc362/chrono_divide/research-evidence/multimap-v2/screen-amendment-3/cells/task-057/cell.json"
"58","24603634","hfo-original","cd_chrono_mp32s8.map","907e5ab677a03c50f375da1bec4871880240de2fab790a38dac85674d0f65bf1","406","Germans","3","1","151,119","39,82","3002000406","0","opponent","baseline_win","40345","0","7","a60efffa5f321f828ce1a6b7178b4a7c31483c31","e87fc92b01a072959125780a8e961d0e22854ad4b5759a963f861233a26a61ef","5a838bd9cb3edf06df288914ad5cea60b61983f29d183a1efdeb5a3c90e3295e","845576c36199a70d032c905115e4e05f6f92263292275853adf4b582e4218581","/nfs/roberts/project/pi_jss233/zc362/chrono_divide/research-evidence/multimap-v2/screen-amendment-3/cells/task-058/cell.json"
"59","24603635","hfo-original","cd_chrono_mp32s8.map","907e5ab677a03c50f375da1bec4871880240de2fab790a38dac85674d0f65bf1","419","Germans","3","1","87,157","120,83","3002000419","0","candidate","candidate_win","12520","6","0","a60efffa5f321f828ce1a6b7178b4a7c31483c31","e87fc92b01a072959125780a8e961d0e22854ad4b5759a963f861233a26a61ef","5a838bd9cb3edf06df288914ad5cea60b61983f29d183a1efdeb5a3c90e3295e","a12c566d2bf41139aba62b9b97433ad01f355f33466b618143e0bfd649ecb039","/nfs/roberts/project/pi_jss233/zc362/chrono_divide/research-evidence/multimap-v2/screen-amendment-3/cells/task-059/cell.json"
"60","24603636","hfo-original","cd_chrono_mp32s8.map","907e5ab677a03c50f375da1bec4871880240de2fab790a38dac85674d0f65bf1","424","Germans","3","1","50,121","119,152","3002000424","0","opponent","baseline_win","8662","0","5","a60efffa5f321f828ce1a6b7178b4a7c31483c31","e87fc92b01a072959125780a8e961d0e22854ad4b5759a963f861233a26a61ef","5a838bd9cb3edf06df288914ad5cea60b61983f29d183a1efdeb5a3c90e3295e","1ade96e829d37a4b83ac4e53b8c9e63493e221658d455f10a6fe8506bb49a2fa","/nfs/roberts/project/pi_jss233/zc362/chrono_divide/research-evidence/multimap-v2/screen-amendment-3/cells/task-060/cell.json"
"61","24603637","hfo-original","cd_chrono_mp32s8.map","907e5ab677a03c50f375da1bec4871880240de2fab790a38dac85674d0f65bf1","428","Germans","3","1","119,152","88,34","3002000428","0","opponent","baseline_win","20295","0","7","a60efffa5f321f828ce1a6b7178b4a7c31483c31","e87fc92b01a072959125780a8e961d0e22854ad4b5759a963f861233a26a61ef","5a838bd9cb3edf06df288914ad5cea60b61983f29d183a1efdeb5a3c90e3295e","75d2e6f90335d4e7166eaf0f552aa15d7c1643ba1795c97b76371a50d13fbea7","/nfs/roberts/project/pi_jss233/zc362/chrono_divide/research-evidence/multimap-v2/screen-amendment-3/cells/task-061/cell.json"
"62","24603638","hfo-original","cd_chrono_mp32s8.map","907e5ab677a03c50f375da1bec4871880240de2fab790a38dac85674d0f65bf1","437","Germans","3","1","146,76","87,157","3002000437","0","candidate","candidate_win","26825","5","0","a60efffa5f321f828ce1a6b7178b4a7c31483c31","e87fc92b01a072959125780a8e961d0e22854ad4b5759a963f861233a26a61ef","5a838bd9cb3edf06df288914ad5cea60b61983f29d183a1efdeb5a3c90e3295e","42985eb89a9a7857792b80e1c529800939a95b9b657140264772616ff9cdc6a3","/nfs/roberts/project/pi_jss233/zc362/chrono_divide/research-evidence/multimap-v2/screen-amendment-3/cells/task-062/cell.json"
"63","24603639","hfo-original","cd_chrono_mp32s8.map","907e5ab677a03c50f375da1bec4871880240de2fab790a38dac85674d0f65bf1","447","Germans","3","1","120,83","146,76","3002000447","0","candidate","candidate_win","7059","7","0","a60efffa5f321f828ce1a6b7178b4a7c31483c31","e87fc92b01a072959125780a8e961d0e22854ad4b5759a963f861233a26a61ef","5a838bd9cb3edf06df288914ad5cea60b61983f29d183a1efdeb5a3c90e3295e","9a0afcfe777f382e734b077d8ffc118c0f487833ae055156c9dfdc3d349d506e","/nfs/roberts/project/pi_jss233/zc362/chrono_divide/research-evidence/multimap-v2/screen-amendment-3/cells/task-063/cell.json"
"64","24603865","hfo-original","cd_chrono_mp32s8.map","907e5ab677a03c50f375da1bec4871880240de2fab790a38dac85674d0f65bf1","450","British","4","0","39,82","87,157","3002000450","0","opponent","baseline_win","8938","0","5","a60efffa5f321f828ce1a6b7178b4a7c31483c31","e87fc92b01a072959125780a8e961d0e22854ad4b5759a963f861233a26a61ef","5a838bd9cb3edf06df288914ad5cea60b61983f29d183a1efdeb5a3c90e3295e","70c66a4d1b0f6e4f5b3aabe1cd24eca826e9b326301c08a9f5cd9ff971d29dfd","/nfs/roberts/project/pi_jss233/zc362/chrono_divide/research-evidence/multimap-v2/screen-amendment-3/cells/task-064/cell.json"
"65","24603868","hfo-original","cd_chrono_mp32s8.map","907e5ab677a03c50f375da1bec4871880240de2fab790a38dac85674d0f65bf1","460","British","4","0","88,34","146,76","3002000460","0","candidate","candidate_win","16882","11","0","a60efffa5f321f828ce1a6b7178b4a7c31483c31","e87fc92b01a072959125780a8e961d0e22854ad4b5759a963f861233a26a61ef","5a838bd9cb3edf06df288914ad5cea60b61983f29d183a1efdeb5a3c90e3295e","d297ce49450393e607e42a146e38e9a68826b4e76118613f660b3b40bad57a4f","/nfs/roberts/project/pi_jss233/zc362/chrono_divide/research-evidence/multimap-v2/screen-amendment-3/cells/task-065/cell.json"
"66","24603869","hfo-original","cd_chrono_mp32s8.map","907e5ab677a03c50f375da1bec4871880240de2fab790a38dac85674d0f65bf1","463","British","4","0","151,119","88,34","3002000463","0","candidate","candidate_win","21405","6","0","a60efffa5f321f828ce1a6b7178b4a7c31483c31","e87fc92b01a072959125780a8e961d0e22854ad4b5759a963f861233a26a61ef","5a838bd9cb3edf06df288914ad5cea60b61983f29d183a1efdeb5a3c90e3295e","6bf9fa5a59792df1b1856a44e390413f0e20d8caf414b7b3ed893592ef845954","/nfs/roberts/project/pi_jss233/zc362/chrono_divide/research-evidence/multimap-v2/screen-amendment-3/cells/task-066/cell.json"
"67","24603871","hfo-original","cd_chrono_mp32s8.map","907e5ab677a03c50f375da1bec4871880240de2fab790a38dac85674d0f65bf1","472","British","4","0","87,157","50,121","3002000472","0","candidate","candidate_win","7852","7","0","a60efffa5f321f828ce1a6b7178b4a7c31483c31","e87fc92b01a072959125780a8e961d0e22854ad4b5759a963f861233a26a61ef","5a838bd9cb3edf06df288914ad5cea60b61983f29d183a1efdeb5a3c90e3295e","96e3f58fa26758df54d1ba3ed0b1ad2a4f72749f88a7ddfac9e357d6587ed612","/nfs/roberts/project/pi_jss233/zc362/chrono_divide/research-evidence/multimap-v2/screen-amendment-3/cells/task-067/cell.json"
"68","24603872","hfo-original","cd_chrono_mp32s8.map","907e5ab677a03c50f375da1bec4871880240de2fab790a38dac85674d0f65bf1","478","British","4","0","50,121","151,119","3002000478","0","opponent","baseline_win","8539","0","5","a60efffa5f321f828ce1a6b7178b4a7c31483c31","e87fc92b01a072959125780a8e961d0e22854ad4b5759a963f861233a26a61ef","5a838bd9cb3edf06df288914ad5cea60b61983f29d183a1efdeb5a3c90e3295e","d202d1c670db531a64ab5cdcef0c902fdae69b6b842332ebe63be7b2e6457fae","/nfs/roberts/project/pi_jss233/zc362/chrono_divide/research-evidence/multimap-v2/screen-amendment-3/cells/task-068/cell.json"
"69","24603873","hfo-original","cd_chrono_mp32s8.map","907e5ab677a03c50f375da1bec4871880240de2fab790a38dac85674d0f65bf1","489","British","4","0","119,152","120,83","3002000489","0","candidate","candidate_win","12616","8","0","a60efffa5f321f828ce1a6b7178b4a7c31483c31","e87fc92b01a072959125780a8e961d0e22854ad4b5759a963f861233a26a61ef","5a838bd9cb3edf06df288914ad5cea60b61983f29d183a1efdeb5a3c90e3295e","d5214970605d7c3f8857723b05d363f3379c2b8645f31495c5106ca52a65ff8c","/nfs/roberts/project/pi_jss233/zc362/chrono_divide/research-evidence/multimap-v2/screen-amendment-3/cells/task-069/cell.json"
"70","24603875","hfo-original","cd_chrono_mp32s8.map","907e5ab677a03c50f375da1bec4871880240de2fab790a38dac85674d0f65bf1","495","British","4","0","146,76","119,152","3002000495","0","opponent","baseline_win","17693","0","7","a60efffa5f321f828ce1a6b7178b4a7c31483c31","e87fc92b01a072959125780a8e961d0e22854ad4b5759a963f861233a26a61ef","5a838bd9cb3edf06df288914ad5cea60b61983f29d183a1efdeb5a3c90e3295e","c05a4dd6a5ad29b6d3f52b20acc0dd7d687639fb2c58413132215b0b4b901569","/nfs/roberts/project/pi_jss233/zc362/chrono_divide/research-evidence/multimap-v2/screen-amendment-3/cells/task-070/cell.json"
"71","24603876","hfo-original","cd_chrono_mp32s8.map","907e5ab677a03c50f375da1bec4871880240de2fab790a38dac85674d0f65bf1","497","British","4","0","120,83","39,82","3002000497","0","candidate","candidate_win","24363","14","0","a60efffa5f321f828ce1a6b7178b4a7c31483c31","e87fc92b01a072959125780a8e961d0e22854ad4b5759a963f861233a26a61ef","5a838bd9cb3edf06df288914ad5cea60b61983f29d183a1efdeb5a3c90e3295e","eb3897f61749197b017e53cc6e028706b1cc6a87a42ffeb24d8491d12aaf87da","/nfs/roberts/project/pi_jss233/zc362/chrono_divide/research-evidence/multimap-v2/screen-amendment-3/cells/task-071/cell.json"
"72","24603877","hfo-original","cd_chrono_mp32s8.map","907e5ab677a03c50f375da1bec4871880240de2fab790a38dac85674d0f65bf1","506","British","4","1","39,82","87,157","3002000506","0","opponent","baseline_win","9088","0","5","a60efffa5f321f828ce1a6b7178b4a7c31483c31","e87fc92b01a072959125780a8e961d0e22854ad4b5759a963f861233a26a61ef","5a838bd9cb3edf06df288914ad5cea60b61983f29d183a1efdeb5a3c90e3295e","8043716a8a968defacebcf7bf107a2795ff66f458b1f264fe80351c61e0d7f81","/nfs/roberts/project/pi_jss233/zc362/chrono_divide/research-evidence/multimap-v2/screen-amendment-3/cells/task-072/cell.json"
"73","24603878","hfo-original","cd_chrono_mp32s8.map","907e5ab677a03c50f375da1bec4871880240de2fab790a38dac85674d0f65bf1","516","British","4","1","88,34","146,76","3002000516","0","candidate","candidate_win","16402","9","0","a60efffa5f321f828ce1a6b7178b4a7c31483c31","e87fc92b01a072959125780a8e961d0e22854ad4b5759a963f861233a26a61ef","5a838bd9cb3edf06df288914ad5cea60b61983f29d183a1efdeb5a3c90e3295e","ba182c79687c7eccd9de19fb423908eb6e550663d38d07c9d553fd1893f6ac7e","/nfs/roberts/project/pi_jss233/zc362/chrono_divide/research-evidence/multimap-v2/screen-amendment-3/cells/task-073/cell.json"
"74","24603879","hfo-original","cd_chrono_mp32s8.map","907e5ab677a03c50f375da1bec4871880240de2fab790a38dac85674d0f65bf1","519","British","4","1","151,119","88,34","3002000519","0","candidate","candidate_win","20615","6","0","a60efffa5f321f828ce1a6b7178b4a7c31483c31","e87fc92b01a072959125780a8e961d0e22854ad4b5759a963f861233a26a61ef","5a838bd9cb3edf06df288914ad5cea60b61983f29d183a1efdeb5a3c90e3295e","87d4d9a196a629438305f6e99e38630efcf078ab4a59dc270359586a93f4ba60","/nfs/roberts/project/pi_jss233/zc362/chrono_divide/research-evidence/multimap-v2/screen-amendment-3/cells/task-074/cell.json"
"75","24603880","hfo-original","cd_chrono_mp32s8.map","907e5ab677a03c50f375da1bec4871880240de2fab790a38dac85674d0f65bf1","528","British","4","1","87,157","50,121","3002000528","0","opponent","baseline_win","13813","0","7","a60efffa5f321f828ce1a6b7178b4a7c31483c31","e87fc92b01a072959125780a8e961d0e22854ad4b5759a963f861233a26a61ef","5a838bd9cb3edf06df288914ad5cea60b61983f29d183a1efdeb5a3c90e3295e","001755076292b8c493ac715744b84965de642ad275e1098ac5e8f223f1519f1a","/nfs/roberts/project/pi_jss233/zc362/chrono_divide/research-evidence/multimap-v2/screen-amendment-3/cells/task-075/cell.json"
"76","24603881","hfo-original","cd_chrono_mp32s8.map","907e5ab677a03c50f375da1bec4871880240de2fab790a38dac85674d0f65bf1","534","British","4","1","50,121","151,119","3002000534","0","opponent","baseline_win","8546","0","5","a60efffa5f321f828ce1a6b7178b4a7c31483c31","e87fc92b01a072959125780a8e961d0e22854ad4b5759a963f861233a26a61ef","5a838bd9cb3edf06df288914ad5cea60b61983f29d183a1efdeb5a3c90e3295e","5c3be8a0743b9a6a61aa7a4d4a07809146d760b73e10905c76e993da43408c28","/nfs/roberts/project/pi_jss233/zc362/chrono_divide/research-evidence/multimap-v2/screen-amendment-3/cells/task-076/cell.json"
"77","24603882","hfo-original","cd_chrono_mp32s8.map","907e5ab677a03c50f375da1bec4871880240de2fab790a38dac85674d0f65bf1","545","British","4","1","119,152","120,83","3002000545","0","candidate","candidate_win","12002","6","0","a60efffa5f321f828ce1a6b7178b4a7c31483c31","e87fc92b01a072959125780a8e961d0e22854ad4b5759a963f861233a26a61ef","5a838bd9cb3edf06df288914ad5cea60b61983f29d183a1efdeb5a3c90e3295e","4960d98cbea3b5243dfb98cf8dfb577ad9c18b3fffb01f0b786b8a5b00c1e967","/nfs/roberts/project/pi_jss233/zc362/chrono_divide/research-evidence/multimap-v2/screen-amendment-3/cells/task-077/cell.json"
"78","24603885","hfo-original","cd_chrono_mp32s8.map","907e5ab677a03c50f375da1bec4871880240de2fab790a38dac85674d0f65bf1","551","British","4","1","146,76","119,152","3002000551","0","candidate","candidate_win","20084","14","0","a60efffa5f321f828ce1a6b7178b4a7c31483c31","e87fc92b01a072959125780a8e961d0e22854ad4b5759a963f861233a26a61ef","5a838bd9cb3edf06df288914ad5cea60b61983f29d183a1efdeb5a3c90e3295e","4606ea31037acc4a239c29f9b204e70b810b01c4c075724e592edd72d5ed8c8e","/nfs/roberts/project/pi_jss233/zc362/chrono_divide/research-evidence/multimap-v2/screen-amendment-3/cells/task-078/cell.json"
"79","24603886","hfo-original","cd_chrono_mp32s8.map","907e5ab677a03c50f375da1bec4871880240de2fab790a38dac85674d0f65bf1","553","British","4","1","120,83","39,82","3002000553","0","opponent","baseline_win","29350","0","7","a60efffa5f321f828ce1a6b7178b4a7c31483c31","e87fc92b01a072959125780a8e961d0e22854ad4b5759a963f861233a26a61ef","5a838bd9cb3edf06df288914ad5cea60b61983f29d183a1efdeb5a3c90e3295e","ac1de184a8775e815cf2097aba6a6190d6984ee30363297ab7459b18289672a2","/nfs/roberts/project/pi_jss233/zc362/chrono_divide/research-evidence/multimap-v2/screen-amendment-3/cells/task-079/cell.json"
"80","24603887","hfo-original","cd_chrono_mp32s8.map","907e5ab677a03c50f375da1bec4871880240de2fab790a38dac85674d0f65bf1","563","Africans","5","0","39,82","50,121","3002000563","0","candidate","candidate_win","8447","6","0","a60efffa5f321f828ce1a6b7178b4a7c31483c31","e87fc92b01a072959125780a8e961d0e22854ad4b5759a963f861233a26a61ef","5a838bd9cb3edf06df288914ad5cea60b61983f29d183a1efdeb5a3c90e3295e","de5dd13e2a8ffdc396ccaa939fdff72aa9dcbac22ab64187e6d7162b31e84a84","/nfs/roberts/project/pi_jss233/zc362/chrono_divide/research-evidence/multimap-v2/screen-amendment-3/cells/task-080/cell.json"
"81","24603888","hfo-original","cd_chrono_mp32s8.map","907e5ab677a03c50f375da1bec4871880240de2fab790a38dac85674d0f65bf1","568","Africans","5","0","88,34","151,119","3002000568","0","candidate","candidate_win","14012","9","0","a60efffa5f321f828ce1a6b7178b4a7c31483c31","e87fc92b01a072959125780a8e961d0e22854ad4b5759a963f861233a26a61ef","5a838bd9cb3edf06df288914ad5cea60b61983f29d183a1efdeb5a3c90e3295e","1efb8d0f9afed96f3a4dee5775e859491c2605fc8445b63a95838f40c338e783","/nfs/roberts/project/pi_jss233/zc362/chrono_divide/research-evidence/multimap-v2/screen-amendment-3/cells/task-081/cell.json"
"82","24603889","hfo-original","cd_chrono_mp32s8.map","907e5ab677a03c50f375da1bec4871880240de2fab790a38dac85674d0f65bf1","580","Africans","5","0","151,119","120,83","3002000580","0","opponent","baseline_win","12602","0","7","a60efffa5f321f828ce1a6b7178b4a7c31483c31","e87fc92b01a072959125780a8e961d0e22854ad4b5759a963f861233a26a61ef","5a838bd9cb3edf06df288914ad5cea60b61983f29d183a1efdeb5a3c90e3295e","bc7c34655e813218233f17a05ee449c9d02d10b5ecc36ab96e210c1957084ce5","/nfs/roberts/project/pi_jss233/zc362/chrono_divide/research-evidence/multimap-v2/screen-amendment-3/cells/task-082/cell.json"
"83","24603890","hfo-original","cd_chrono_mp32s8.map","907e5ab677a03c50f375da1bec4871880240de2fab790a38dac85674d0f65bf1","585","Africans","5","0","87,157","119,152","3002000585","0","opponent","baseline_win","18990","0","7","a60efffa5f321f828ce1a6b7178b4a7c31483c31","e87fc92b01a072959125780a8e961d0e22854ad4b5759a963f861233a26a61ef","5a838bd9cb3edf06df288914ad5cea60b61983f29d183a1efdeb5a3c90e3295e","174ea5f2acf0ac0e6344b1dccfa930c8dccd7f83636f0737dd8642920436300e","/nfs/roberts/project/pi_jss233/zc362/chrono_divide/research-evidence/multimap-v2/screen-amendment-3/cells/task-083/cell.json"
"84","24603891","hfo-original","cd_chrono_mp32s8.map","907e5ab677a03c50f375da1bec4871880240de2fab790a38dac85674d0f65bf1","588","Africans","5","0","50,121","39,82","3002000588","0","opponent","baseline_win","29455","0","7","a60efffa5f321f828ce1a6b7178b4a7c31483c31","e87fc92b01a072959125780a8e961d0e22854ad4b5759a963f861233a26a61ef","5a838bd9cb3edf06df288914ad5cea60b61983f29d183a1efdeb5a3c90e3295e","9080efbd1cb1c165ea786da0a58dee9415aa5d262bc1b015113a27e35542284f","/nfs/roberts/project/pi_jss233/zc362/chrono_divide/research-evidence/multimap-v2/screen-amendment-3/cells/task-084/cell.json"
"85","24603892","hfo-original","cd_chrono_mp32s8.map","907e5ab677a03c50f375da1bec4871880240de2fab790a38dac85674d0f65bf1","598","Africans","5","0","119,152","87,157","3002000598","0","candidate","candidate_win","31497","6","0","a60efffa5f321f828ce1a6b7178b4a7c31483c31","e87fc92b01a072959125780a8e961d0e22854ad4b5759a963f861233a26a61ef","5a838bd9cb3edf06df288914ad5cea60b61983f29d183a1efdeb5a3c90e3295e","f5c9faaa17e6a957419e9b1f891482ce87af8f6d326b73f41707e1b62ebbff00","/nfs/roberts/project/pi_jss233/zc362/chrono_divide/research-evidence/multimap-v2/screen-amendment-3/cells/task-085/cell.json"
"86","24603894","hfo-original","cd_chrono_mp32s8.map","907e5ab677a03c50f375da1bec4871880240de2fab790a38dac85674d0f65bf1","603","Africans","5","0","146,76","88,34","3002000603","0","opponent","baseline_win","18142","0","7","a60efffa5f321f828ce1a6b7178b4a7c31483c31","e87fc92b01a072959125780a8e961d0e22854ad4b5759a963f861233a26a61ef","5a838bd9cb3edf06df288914ad5cea60b61983f29d183a1efdeb5a3c90e3295e","34e567b02f5cfcd9a122c152e851a8a2b768acf1a22bd033e3820d5260d6b498","/nfs/roberts/project/pi_jss233/zc362/chrono_divide/research-evidence/multimap-v2/screen-amendment-3/cells/task-086/cell.json"
"87","24603895","hfo-original","cd_chrono_mp32s8.map","907e5ab677a03c50f375da1bec4871880240de2fab790a38dac85674d0f65bf1","615","Africans","5","0","120,83","146,76","3002000615","0","opponent","baseline_win","24716","0","7","a60efffa5f321f828ce1a6b7178b4a7c31483c31","e87fc92b01a072959125780a8e961d0e22854ad4b5759a963f861233a26a61ef","5a838bd9cb3edf06df288914ad5cea60b61983f29d183a1efdeb5a3c90e3295e","6b1c34d95ae3632efec1c157fd5591c606beb73c93195e4e281d00070845a5d8","/nfs/roberts/project/pi_jss233/zc362/chrono_divide/research-evidence/multimap-v2/screen-amendment-3/cells/task-087/cell.json"
"88","24603896","hfo-original","cd_chrono_mp32s8.map","907e5ab677a03c50f375da1bec4871880240de2fab790a38dac85674d0f65bf1","619","Africans","5","1","39,82","50,121","3002000619","0","candidate","candidate_win","7212","6","0","a60efffa5f321f828ce1a6b7178b4a7c31483c31","e87fc92b01a072959125780a8e961d0e22854ad4b5759a963f861233a26a61ef","5a838bd9cb3edf06df288914ad5cea60b61983f29d183a1efdeb5a3c90e3295e","0747740e521986951dc80733251edc07f4aa6cee9bed6d405563041839a2ef93","/nfs/roberts/project/pi_jss233/zc362/chrono_divide/research-evidence/multimap-v2/screen-amendment-3/cells/task-088/cell.json"
"89","24603897","hfo-original","cd_chrono_mp32s8.map","907e5ab677a03c50f375da1bec4871880240de2fab790a38dac85674d0f65bf1","624","Africans","5","1","88,34","151,119","3002000624","0","candidate","candidate_win","57851","19","0","a60efffa5f321f828ce1a6b7178b4a7c31483c31","e87fc92b01a072959125780a8e961d0e22854ad4b5759a963f861233a26a61ef","5a838bd9cb3edf06df288914ad5cea60b61983f29d183a1efdeb5a3c90e3295e","3ab3fdd6d53b1152451f80e828cfcfa64cabc3b79a1daf92bbc708316a8778c8","/nfs/roberts/project/pi_jss233/zc362/chrono_divide/research-evidence/multimap-v2/screen-amendment-3/cells/task-089/cell.json"
"90","24603898","hfo-original","cd_chrono_mp32s8.map","907e5ab677a03c50f375da1bec4871880240de2fab790a38dac85674d0f65bf1","636","Africans","5","1","151,119","120,83","3002000636","0","candidate","candidate_win","11944","6","0","a60efffa5f321f828ce1a6b7178b4a7c31483c31","e87fc92b01a072959125780a8e961d0e22854ad4b5759a963f861233a26a61ef","5a838bd9cb3edf06df288914ad5cea60b61983f29d183a1efdeb5a3c90e3295e","417205d1ac5a314aa417dd803b4e63d616082181cda32283437087f3d2660bdc","/nfs/roberts/project/pi_jss233/zc362/chrono_divide/research-evidence/multimap-v2/screen-amendment-3/cells/task-090/cell.json"
"91","24603899","hfo-original","cd_chrono_mp32s8.map","907e5ab677a03c50f375da1bec4871880240de2fab790a38dac85674d0f65bf1","641","Africans","5","1","87,157","119,152","3002000641","0","opponent","baseline_win","18840","0","8","a60efffa5f321f828ce1a6b7178b4a7c31483c31","e87fc92b01a072959125780a8e961d0e22854ad4b5759a963f861233a26a61ef","5a838bd9cb3edf06df288914ad5cea60b61983f29d183a1efdeb5a3c90e3295e","c6d7f8c860aa163aef89465ad8ec73f6d0fe8e4be5b4ea89cb0380c047d67e43","/nfs/roberts/project/pi_jss233/zc362/chrono_divide/research-evidence/multimap-v2/screen-amendment-3/cells/task-091/cell.json"
"92","24603900","hfo-original","cd_chrono_mp32s8.map","907e5ab677a03c50f375da1bec4871880240de2fab790a38dac85674d0f65bf1","644","Africans","5","1","50,121","39,82","3002000644","0","opponent","baseline_win","33922","0","7","a60efffa5f321f828ce1a6b7178b4a7c31483c31","e87fc92b01a072959125780a8e961d0e22854ad4b5759a963f861233a26a61ef","5a838bd9cb3edf06df288914ad5cea60b61983f29d183a1efdeb5a3c90e3295e","13c51936390e24fa1a00cbca5ebf06eaf38df251e237c2865e82e8f2746869ad","/nfs/roberts/project/pi_jss233/zc362/chrono_divide/research-evidence/multimap-v2/screen-amendment-3/cells/task-092/cell.json"
"93","24603901","hfo-original","cd_chrono_mp32s8.map","907e5ab677a03c50f375da1bec4871880240de2fab790a38dac85674d0f65bf1","654","Africans","5","1","119,152","87,157","3002000654","0","candidate","candidate_win","53058","19","0","a60efffa5f321f828ce1a6b7178b4a7c31483c31","e87fc92b01a072959125780a8e961d0e22854ad4b5759a963f861233a26a61ef","5a838bd9cb3edf06df288914ad5cea60b61983f29d183a1efdeb5a3c90e3295e","706ea060faa3be223ccc15e3fe047a8470501c74bbbd59f339aa6654003eaa21","/nfs/roberts/project/pi_jss233/zc362/chrono_divide/research-evidence/multimap-v2/screen-amendment-3/cells/task-093/cell.json"
"94","24603903","hfo-original","cd_chrono_mp32s8.map","907e5ab677a03c50f375da1bec4871880240de2fab790a38dac85674d0f65bf1","659","Africans","5","1","146,76","88,34","3002000659","0","opponent","baseline_win","16403","0","7","a60efffa5f321f828ce1a6b7178b4a7c31483c31","e87fc92b01a072959125780a8e961d0e22854ad4b5759a963f861233a26a61ef","5a838bd9cb3edf06df288914ad5cea60b61983f29d183a1efdeb5a3c90e3295e","b521daf5f3cefb6300f31952ff64145c56a8714965116edb6c95963b9b8b2c6d","/nfs/roberts/project/pi_jss233/zc362/chrono_divide/research-evidence/multimap-v2/screen-amendment-3/cells/task-094/cell.json"
"95","24603904","hfo-original","cd_chrono_mp32s8.map","907e5ab677a03c50f375da1bec4871880240de2fab790a38dac85674d0f65bf1","671","Africans","5","1","120,83","146,76","3002000671","0","opponent","baseline_win","7859","0","6","a60efffa5f321f828ce1a6b7178b4a7c31483c31","e87fc92b01a072959125780a8e961d0e22854ad4b5759a963f861233a26a61ef","5a838bd9cb3edf06df288914ad5cea60b61983f29d183a1efdeb5a3c90e3295e","2424bd5822fc78afd75691832bcb0cc0d53938cc948e4a132f08e6c3428a624b","/nfs/roberts/project/pi_jss233/zc362/chrono_divide/research-evidence/multimap-v2/screen-amendment-3/cells/task-095/cell.json"
"96","24603905","hfo-original","cd_chrono_mp32s8.map","907e5ab677a03c50f375da1bec4871880240de2fab790a38dac85674d0f65bf1","676","Arabs","6","0","39,82","119,152","3002000676","0","opponent","baseline_win","24216","0","7","a60efffa5f321f828ce1a6b7178b4a7c31483c31","e87fc92b01a072959125780a8e961d0e22854ad4b5759a963f861233a26a61ef","5a838bd9cb3edf06df288914ad5cea60b61983f29d183a1efdeb5a3c90e3295e","d6ff7a0247e6d5b977be6bde79e1f89f998cdb7b7f531aa8b9ab03386433d8d2","/nfs/roberts/project/pi_jss233/zc362/chrono_divide/research-evidence/multimap-v2/screen-amendment-3/cells/task-096/cell.json"
"97","24603908","hfo-original","cd_chrono_mp32s8.map","907e5ab677a03c50f375da1bec4871880240de2fab790a38dac85674d0f65bf1","685","Arabs","6","0","88,34","120,83","3002000685","0","candidate","candidate_win","15780","9","0","a60efffa5f321f828ce1a6b7178b4a7c31483c31","e87fc92b01a072959125780a8e961d0e22854ad4b5759a963f861233a26a61ef","5a838bd9cb3edf06df288914ad5cea60b61983f29d183a1efdeb5a3c90e3295e","bf04cd574824e6ef0f0ad2ce35b15a0483e3ee7452420278386e4b9c4d957f51","/nfs/roberts/project/pi_jss233/zc362/chrono_divide/research-evidence/multimap-v2/screen-amendment-3/cells/task-097/cell.json"
"98","24603909","hfo-original","cd_chrono_mp32s8.map","907e5ab677a03c50f375da1bec4871880240de2fab790a38dac85674d0f65bf1","688","Arabs","6","0","151,119","87,157","3002000688","0","candidate","candidate_win","13807","6","0","a60efffa5f321f828ce1a6b7178b4a7c31483c31","e87fc92b01a072959125780a8e961d0e22854ad4b5759a963f861233a26a61ef","5a838bd9cb3edf06df288914ad5cea60b61983f29d183a1efdeb5a3c90e3295e","3688310467bae74b3c69b695a5d88aff5db2dc566787ac691265ef5f6ad06d5a","/nfs/roberts/project/pi_jss233/zc362/chrono_divide/research-evidence/multimap-v2/screen-amendment-3/cells/task-098/cell.json"
"99","24603910","hfo-original","cd_chrono_mp32s8.map","907e5ab677a03c50f375da1bec4871880240de2fab790a38dac85674d0f65bf1","698","Arabs","6","0","87,157","146,76","3002000698","0","candidate","candidate_win","40269","20","0","a60efffa5f321f828ce1a6b7178b4a7c31483c31","e87fc92b01a072959125780a8e961d0e22854ad4b5759a963f861233a26a61ef","5a838bd9cb3edf06df288914ad5cea60b61983f29d183a1efdeb5a3c90e3295e","ab4e1cbac6bbf8283a35593f3b94473be2c79c3c32e7d7471c0fab73f3f659b0","/nfs/roberts/project/pi_jss233/zc362/chrono_divide/research-evidence/multimap-v2/screen-amendment-3/cells/task-099/cell.json"
"100","24603911","hfo-original","cd_chrono_mp32s8.map","907e5ab677a03c50f375da1bec4871880240de2fab790a38dac85674d0f65bf1","701","Arabs","6","0","50,121","88,34","3002000701","0","opponent","baseline_win","11353","0","7","a60efffa5f321f828ce1a6b7178b4a7c31483c31","e87fc92b01a072959125780a8e961d0e22854ad4b5759a963f861233a26a61ef","5a838bd9cb3edf06df288914ad5cea60b61983f29d183a1efdeb5a3c90e3295e","f7ca936ff93dde65200b4d8161b34ac261dfc9955dd6a96ae626b9cb3e513f38","/nfs/roberts/project/pi_jss233/zc362/chrono_divide/research-evidence/multimap-v2/screen-amendment-3/cells/task-100/cell.json"
"101","24603912","hfo-original","cd_chrono_mp32s8.map","907e5ab677a03c50f375da1bec4871880240de2fab790a38dac85674d0f65bf1","711","Arabs","6","0","119,152","50,121","3002000711","0","opponent","baseline_win","27308","0","7","a60efffa5f321f828ce1a6b7178b4a7c31483c31","e87fc92b01a072959125780a8e961d0e22854ad4b5759a963f861233a26a61ef","5a838bd9cb3edf06df288914ad5cea60b61983f29d183a1efdeb5a3c90e3295e","5e9dc26d1dbdaa0061bc2900574d7655331f79f5ee2f3e9366539dfde72d151f","/nfs/roberts/project/pi_jss233/zc362/chrono_divide/research-evidence/multimap-v2/screen-amendment-3/cells/task-101/cell.json"
"102","24603913","hfo-original","cd_chrono_mp32s8.map","907e5ab677a03c50f375da1bec4871880240de2fab790a38dac85674d0f65bf1","714","Arabs","6","0","146,76","39,82","3002000714","0","candidate","candidate_win","33379","11","0","a60efffa5f321f828ce1a6b7178b4a7c31483c31","e87fc92b01a072959125780a8e961d0e22854ad4b5759a963f861233a26a61ef","5a838bd9cb3edf06df288914ad5cea60b61983f29d183a1efdeb5a3c90e3295e","dadde7c434278f6f801b430e26bfd0581f57e03a3147143d2a6d1e0913400b23","/nfs/roberts/project/pi_jss233/zc362/chrono_divide/research-evidence/multimap-v2/screen-amendment-3/cells/task-102/cell.json"
"103","24603914","hfo-original","cd_chrono_mp32s8.map","907e5ab677a03c50f375da1bec4871880240de2fab790a38dac85674d0f65bf1","723","Arabs","6","0","120,83","151,119","3002000723","0","candidate","candidate_win","10156","7","0","a60efffa5f321f828ce1a6b7178b4a7c31483c31","e87fc92b01a072959125780a8e961d0e22854ad4b5759a963f861233a26a61ef","5a838bd9cb3edf06df288914ad5cea60b61983f29d183a1efdeb5a3c90e3295e","3f1847c3203a0e626cf87a48ee1f5b06f765bcc0780d60e6104c7ec28a6dcd26","/nfs/roberts/project/pi_jss233/zc362/chrono_divide/research-evidence/multimap-v2/screen-amendment-3/cells/task-103/cell.json"
"104","24603915","hfo-original","cd_chrono_mp32s8.map","907e5ab677a03c50f375da1bec4871880240de2fab790a38dac85674d0f65bf1","732","Arabs","6","1","39,82","119,152","3002000732","0","candidate","candidate_win","27121","7","0","a60efffa5f321f828ce1a6b7178b4a7c31483c31","e87fc92b01a072959125780a8e961d0e22854ad4b5759a963f861233a26a61ef","5a838bd9cb3edf06df288914ad5cea60b61983f29d183a1efdeb5a3c90e3295e","1f6f3a9975e0f0ec09d7bfa2303e6b5934c66a7867a0cbf6196a10f40e7fd22a","/nfs/roberts/project/pi_jss233/zc362/chrono_divide/research-evidence/multimap-v2/screen-amendment-3/cells/task-104/cell.json"
"105","24603916","hfo-original","cd_chrono_mp32s8.map","907e5ab677a03c50f375da1bec4871880240de2fab790a38dac85674d0f65bf1","741","Arabs","6","1","88,34","120,83","3002000741","0","candidate","candidate_win","14141","9","0","a60efffa5f321f828ce1a6b7178b4a7c31483c31","e87fc92b01a072959125780a8e961d0e22854ad4b5759a963f861233a26a61ef","5a838bd9cb3edf06df288914ad5cea60b61983f29d183a1efdeb5a3c90e3295e","779d520e4e401fd7a1d8e60382e0a4add3c005ecfc218774859980eadf7fa4b3","/nfs/roberts/project/pi_jss233/zc362/chrono_divide/research-evidence/multimap-v2/screen-amendment-3/cells/task-105/cell.json"
"106","24603917","hfo-original","cd_chrono_mp32s8.map","907e5ab677a03c50f375da1bec4871880240de2fab790a38dac85674d0f65bf1","744","Arabs","6","1","151,119","87,157","3002000744","0","candidate","candidate_win","16432","6","0","a60efffa5f321f828ce1a6b7178b4a7c31483c31","e87fc92b01a072959125780a8e961d0e22854ad4b5759a963f861233a26a61ef","5a838bd9cb3edf06df288914ad5cea60b61983f29d183a1efdeb5a3c90e3295e","ceb3697904b29a79243f8bc2c46227ada7202051aeb6324db8349dcc8dc79ef6","/nfs/roberts/project/pi_jss233/zc362/chrono_divide/research-evidence/multimap-v2/screen-amendment-3/cells/task-106/cell.json"
"107","24603918","hfo-original","cd_chrono_mp32s8.map","907e5ab677a03c50f375da1bec4871880240de2fab790a38dac85674d0f65bf1","754","Arabs","6","1","87,157","146,76","3002000754","0","opponent","baseline_win","29512","0","7","a60efffa5f321f828ce1a6b7178b4a7c31483c31","e87fc92b01a072959125780a8e961d0e22854ad4b5759a963f861233a26a61ef","5a838bd9cb3edf06df288914ad5cea60b61983f29d183a1efdeb5a3c90e3295e","923e9d6701c31f2c2f39deecb9e411ae86bb496e3a233eda9131bfff808bce27","/nfs/roberts/project/pi_jss233/zc362/chrono_divide/research-evidence/multimap-v2/screen-amendment-3/cells/task-107/cell.json"
"108","24603919","hfo-original","cd_chrono_mp32s8.map","907e5ab677a03c50f375da1bec4871880240de2fab790a38dac85674d0f65bf1","757","Arabs","6","1","50,121","88,34","3002000757","0","opponent","baseline_win","13389","0","7","a60efffa5f321f828ce1a6b7178b4a7c31483c31","e87fc92b01a072959125780a8e961d0e22854ad4b5759a963f861233a26a61ef","5a838bd9cb3edf06df288914ad5cea60b61983f29d183a1efdeb5a3c90e3295e","63192f5d5e9331fb908a253e5b4e310cdb8867668e80d27c399b974b937928a8","/nfs/roberts/project/pi_jss233/zc362/chrono_divide/research-evidence/multimap-v2/screen-amendment-3/cells/task-108/cell.json"
"109","24603920","hfo-original","cd_chrono_mp32s8.map","907e5ab677a03c50f375da1bec4871880240de2fab790a38dac85674d0f65bf1","767","Arabs","6","1","119,152","50,121","3002000767","0","candidate","candidate_win","38035","20","0","a60efffa5f321f828ce1a6b7178b4a7c31483c31","e87fc92b01a072959125780a8e961d0e22854ad4b5759a963f861233a26a61ef","5a838bd9cb3edf06df288914ad5cea60b61983f29d183a1efdeb5a3c90e3295e","91a0bb7cc5045df85851ea873787544d4821df3c8220b2372b7b6612679c5c3b","/nfs/roberts/project/pi_jss233/zc362/chrono_divide/research-evidence/multimap-v2/screen-amendment-3/cells/task-109/cell.json"
"110","24603921","hfo-original","cd_chrono_mp32s8.map","907e5ab677a03c50f375da1bec4871880240de2fab790a38dac85674d0f65bf1","770","Arabs","6","1","146,76","39,82","3002000770","0","candidate","candidate_win","28533","14","0","a60efffa5f321f828ce1a6b7178b4a7c31483c31","e87fc92b01a072959125780a8e961d0e22854ad4b5759a963f861233a26a61ef","5a838bd9cb3edf06df288914ad5cea60b61983f29d183a1efdeb5a3c90e3295e","4ce0bed5bdc57914c8e11c48e620306d51eb07672e97e400d51ae22088fdb065","/nfs/roberts/project/pi_jss233/zc362/chrono_divide/research-evidence/multimap-v2/screen-amendment-3/cells/task-110/cell.json"
"111","24603922","hfo-original","cd_chrono_mp32s8.map","907e5ab677a03c50f375da1bec4871880240de2fab790a38dac85674d0f65bf1","779","Arabs","6","1","120,83","151,119","3002000779","0","candidate","candidate_win","9526","7","0","a60efffa5f321f828ce1a6b7178b4a7c31483c31","e87fc92b01a072959125780a8e961d0e22854ad4b5759a963f861233a26a61ef","5a838bd9cb3edf06df288914ad5cea60b61983f29d183a1efdeb5a3c90e3295e","65093d566d675fb5aaee94089f3fe06f3911844f6c1b898b76ffe28959ae85c8","/nfs/roberts/project/pi_jss233/zc362/chrono_divide/research-evidence/multimap-v2/screen-amendment-3/cells/task-111/cell.json"
"112","24603923","hfo-original","cd_chrono_mp32s8.map","907e5ab677a03c50f375da1bec4871880240de2fab790a38dac85674d0f65bf1","789","Confederation","7","0","39,82","146,76","3002000789","0","opponent","baseline_win","46920","0","18","a60efffa5f321f828ce1a6b7178b4a7c31483c31","e87fc92b01a072959125780a8e961d0e22854ad4b5759a963f861233a26a61ef","5a838bd9cb3edf06df288914ad5cea60b61983f29d183a1efdeb5a3c90e3295e","1ef9be62dc44e801a436a672ac1f3c7655bd9d3db49c1edfc92b3d087055acfc","/nfs/roberts/project/pi_jss233/zc362/chrono_divide/research-evidence/multimap-v2/screen-amendment-3/cells/task-112/cell.json"
"113","24603924","hfo-original","cd_chrono_mp32s8.map","907e5ab677a03c50f375da1bec4871880240de2fab790a38dac85674d0f65bf1","795","Confederation","7","0","88,34","119,152","3002000795","0","candidate","candidate_win","32138","8","0","a60efffa5f321f828ce1a6b7178b4a7c31483c31","e87fc92b01a072959125780a8e961d0e22854ad4b5759a963f861233a26a61ef","5a838bd9cb3edf06df288914ad5cea60b61983f29d183a1efdeb5a3c90e3295e","e24c123dc54046b2a1a4d87bbb5e57931bfcae92238b36bcf796f7213823a2d5","/nfs/roberts/project/pi_jss233/zc362/chrono_divide/research-evidence/multimap-v2/screen-amendment-3/cells/task-113/cell.json"
"114","24603925","hfo-original","cd_chrono_mp32s8.map","907e5ab677a03c50f375da1bec4871880240de2fab790a38dac85674d0f65bf1","801","Confederation","7","0","151,119","50,121","3002000801","0","candidate","candidate_win","18900","6","0","a60efffa5f321f828ce1a6b7178b4a7c31483c31","e87fc92b01a072959125780a8e961d0e22854ad4b5759a963f861233a26a61ef","5a838bd9cb3edf06df288914ad5cea60b61983f29d183a1efdeb5a3c90e3295e","cc8f20b41b0d1443574f6ad89df0fd1c4abccbd2e9a9054a4b59d4e94422188d","/nfs/roberts/project/pi_jss233/zc362/chrono_divide/research-evidence/multimap-v2/screen-amendment-3/cells/task-114/cell.json"
"115","24603926","hfo-original","cd_chrono_mp32s8.map","907e5ab677a03c50f375da1bec4871880240de2fab790a38dac85674d0f65bf1","807","Confederation","7","0","87,157","151,119","3002000807","0","opponent","baseline_win","23179","0","7","a60efffa5f321f828ce1a6b7178b4a7c31483c31","e87fc92b01a072959125780a8e961d0e22854ad4b5759a963f861233a26a61ef","5a838bd9cb3edf06df288914ad5cea60b61983f29d183a1efdeb5a3c90e3295e","f2d99289536ea1b1713f1d6a0ea804ad68561435a52b769978cb49e611971249","/nfs/roberts/project/pi_jss233/zc362/chrono_divide/research-evidence/multimap-v2/screen-amendment-3/cells/task-115/cell.json"
"116","24603927","hfo-original","cd_chrono_mp32s8.map","907e5ab677a03c50f375da1bec4871880240de2fab790a38dac85674d0f65bf1","815","Confederation","7","0","50,121","87,157","3002000815","0","candidate","candidate_win","12242","8","0","a60efffa5f321f828ce1a6b7178b4a7c31483c31","e87fc92b01a072959125780a8e961d0e22854ad4b5759a963f861233a26a61ef","5a838bd9cb3edf06df288914ad5cea60b61983f29d183a1efdeb5a3c90e3295e","f6a5e4a962e8fda1904c30523b3f463700e8da7c68156a3f4a37fcea11180818","/nfs/roberts/project/pi_jss233/zc362/chrono_divide/research-evidence/multimap-v2/screen-amendment-3/cells/task-116/cell.json"
"117","24603928","hfo-original","cd_chrono_mp32s8.map","907e5ab677a03c50f375da1bec4871880240de2fab790a38dac85674d0f65bf1","819","Confederation","7","0","119,152","39,82","3002000819","0","candidate","candidate_win","18552","6","0","a60efffa5f321f828ce1a6b7178b4a7c31483c31","e87fc92b01a072959125780a8e961d0e22854ad4b5759a963f861233a26a61ef","5a838bd9cb3edf06df288914ad5cea60b61983f29d183a1efdeb5a3c90e3295e","190f58d69634a44f97c63062947a85aeeafb32e48f921bbaad0037663abf9d87","/nfs/roberts/project/pi_jss233/zc362/chrono_divide/research-evidence/multimap-v2/screen-amendment-3/cells/task-117/cell.json"
"118","24603929","hfo-original","cd_chrono_mp32s8.map","907e5ab677a03c50f375da1bec4871880240de2fab790a38dac85674d0f65bf1","832","Confederation","7","0","146,76","120,83","3002000832","0","candidate","candidate_win","28313","15","0","a60efffa5f321f828ce1a6b7178b4a7c31483c31","e87fc92b01a072959125780a8e961d0e22854ad4b5759a963f861233a26a61ef","5a838bd9cb3edf06df288914ad5cea60b61983f29d183a1efdeb5a3c90e3295e","b140c55af7973ac08ac8b5c48b7c1ea086a9287f6e8d277ad6a79b2285450a80","/nfs/roberts/project/pi_jss233/zc362/chrono_divide/research-evidence/multimap-v2/screen-amendment-3/cells/task-118/cell.json"
"119","24603930","hfo-original","cd_chrono_mp32s8.map","907e5ab677a03c50f375da1bec4871880240de2fab790a38dac85674d0f65bf1","834","Confederation","7","0","120,83","88,34","3002000834","0","opponent","baseline_win","29293","0","7","a60efffa5f321f828ce1a6b7178b4a7c31483c31","e87fc92b01a072959125780a8e961d0e22854ad4b5759a963f861233a26a61ef","5a838bd9cb3edf06df288914ad5cea60b61983f29d183a1efdeb5a3c90e3295e","3f59ca5b9ca6fe398f541e96ecc679dcf12bf186d2d0b7c4eaac6bfe50c8b3c3","/nfs/roberts/project/pi_jss233/zc362/chrono_divide/research-evidence/multimap-v2/screen-amendment-3/cells/task-119/cell.json"
"120","24603932","hfo-original","cd_chrono_mp32s8.map","907e5ab677a03c50f375da1bec4871880240de2fab790a38dac85674d0f65bf1","845","Confederation","7","1","39,82","146,76","3002000845","0","opponent","baseline_win","85584","0","18","a60efffa5f321f828ce1a6b7178b4a7c31483c31","e87fc92b01a072959125780a8e961d0e22854ad4b5759a963f861233a26a61ef","5a838bd9cb3edf06df288914ad5cea60b61983f29d183a1efdeb5a3c90e3295e","d1542399cb364c4319057dc9e9394ef5cf2bc59f38237503027491fef0a04eb5","/nfs/roberts/project/pi_jss233/zc362/chrono_divide/research-evidence/multimap-v2/screen-amendment-3/cells/task-120/cell.json"
"121","24603933","hfo-original","cd_chrono_mp32s8.map","907e5ab677a03c50f375da1bec4871880240de2fab790a38dac85674d0f65bf1","851","Confederation","7","1","88,34","119,152","3002000851","0","candidate","candidate_win","19862","8","0","a60efffa5f321f828ce1a6b7178b4a7c31483c31","e87fc92b01a072959125780a8e961d0e22854ad4b5759a963f861233a26a61ef","5a838bd9cb3edf06df288914ad5cea60b61983f29d183a1efdeb5a3c90e3295e","c7e34e12e131b62d9d0a88282e5f61c446e08166376f1c69389222bb7aca63f1","/nfs/roberts/project/pi_jss233/zc362/chrono_divide/research-evidence/multimap-v2/screen-amendment-3/cells/task-121/cell.json"
"122","24603934","hfo-original","cd_chrono_mp32s8.map","907e5ab677a03c50f375da1bec4871880240de2fab790a38dac85674d0f65bf1","857","Confederation","7","1","151,119","50,121","3002000857","0","candidate","candidate_win","19493","6","0","a60efffa5f321f828ce1a6b7178b4a7c31483c31","e87fc92b01a072959125780a8e961d0e22854ad4b5759a963f861233a26a61ef","5a838bd9cb3edf06df288914ad5cea60b61983f29d183a1efdeb5a3c90e3295e","b5c7886bd0d243d65d36658dffce8311d7868b3fd9b1981d6a9dc7e16acc5cc5","/nfs/roberts/project/pi_jss233/zc362/chrono_divide/research-evidence/multimap-v2/screen-amendment-3/cells/task-122/cell.json"
"123","24603936","hfo-original","cd_chrono_mp32s8.map","907e5ab677a03c50f375da1bec4871880240de2fab790a38dac85674d0f65bf1","863","Confederation","7","1","87,157","151,119","3002000863","0","opponent","baseline_win","21536","0","7","a60efffa5f321f828ce1a6b7178b4a7c31483c31","e87fc92b01a072959125780a8e961d0e22854ad4b5759a963f861233a26a61ef","5a838bd9cb3edf06df288914ad5cea60b61983f29d183a1efdeb5a3c90e3295e","f5e2f68e1c6a4a94377d5ba3842c080ead9622ab2a2cfda016190dc604e2bca5","/nfs/roberts/project/pi_jss233/zc362/chrono_divide/research-evidence/multimap-v2/screen-amendment-3/cells/task-123/cell.json"
"124","24603937","hfo-original","cd_chrono_mp32s8.map","907e5ab677a03c50f375da1bec4871880240de2fab790a38dac85674d0f65bf1","871","Confederation","7","1","50,121","87,157","3002000871","0","candidate","candidate_win","23172","11","0","a60efffa5f321f828ce1a6b7178b4a7c31483c31","e87fc92b01a072959125780a8e961d0e22854ad4b5759a963f861233a26a61ef","5a838bd9cb3edf06df288914ad5cea60b61983f29d183a1efdeb5a3c90e3295e","057f58d1bb2ff1dfb9fcdb3a6d0eb63b5de770f2e381ea21ca36907c6c21a5d2","/nfs/roberts/project/pi_jss233/zc362/chrono_divide/research-evidence/multimap-v2/screen-amendment-3/cells/task-124/cell.json"
"125","24603938","hfo-original","cd_chrono_mp32s8.map","907e5ab677a03c50f375da1bec4871880240de2fab790a38dac85674d0f65bf1","875","Confederation","7","1","119,152","39,82","3002000875","0","candidate","candidate_win","8604","6","0","a60efffa5f321f828ce1a6b7178b4a7c31483c31","e87fc92b01a072959125780a8e961d0e22854ad4b5759a963f861233a26a61ef","5a838bd9cb3edf06df288914ad5cea60b61983f29d183a1efdeb5a3c90e3295e","1cfe26b8e023f63eaece76c689767ffc8fa05e5e6ab66b1aeb5531429d7d74d9","/nfs/roberts/project/pi_jss233/zc362/chrono_divide/research-evidence/multimap-v2/screen-amendment-3/cells/task-125/cell.json"
"126","24603939","hfo-original","cd_chrono_mp32s8.map","907e5ab677a03c50f375da1bec4871880240de2fab790a38dac85674d0f65bf1","888","Confederation","7","1","146,76","120,83","3002000888","0","candidate","candidate_win","22375","12","0","a60efffa5f321f828ce1a6b7178b4a7c31483c31","e87fc92b01a072959125780a8e961d0e22854ad4b5759a963f861233a26a61ef","5a838bd9cb3edf06df288914ad5cea60b61983f29d183a1efdeb5a3c90e3295e","fbee55b367e50a479c81a1166176f3d5ba4106a7154c928e60659904fc0c9813","/nfs/roberts/project/pi_jss233/zc362/chrono_divide/research-evidence/multimap-v2/screen-amendment-3/cells/task-126/cell.json"
"127","24603940","hfo-original","cd_chrono_mp32s8.map","907e5ab677a03c50f375da1bec4871880240de2fab790a38dac85674d0f65bf1","890","Confederation","7","1","120,83","88,34","3002000890","0","candidate","candidate_win","44539","21","0","a60efffa5f321f828ce1a6b7178b4a7c31483c31","e87fc92b01a072959125780a8e961d0e22854ad4b5759a963f861233a26a61ef","5a838bd9cb3edf06df288914ad5cea60b61983f29d183a1efdeb5a3c90e3295e","110518adec62a0e4c510bb794cde9c8de20ae2dddb8ca5b86b9c47c33f4ad786","/nfs/roberts/project/pi_jss233/zc362/chrono_divide/research-evidence/multimap-v2/screen-amendment-3/cells/task-127/cell.json"
"128","24603941","hfo-original","cd_chrono_mp32s8.map","907e5ab677a03c50f375da1bec4871880240de2fab790a38dac85674d0f65bf1","902","Russians","8","0","39,82","120,83","3002000902","0","opponent","baseline_win","18296","0","7","a60efffa5f321f828ce1a6b7178b4a7c31483c31","e87fc92b01a072959125780a8e961d0e22854ad4b5759a963f861233a26a61ef","5a838bd9cb3edf06df288914ad5cea60b61983f29d183a1efdeb5a3c90e3295e","f36168072a90cb7369d72aa26e168774013679c7ff637b751608f68983cfab5c","/nfs/roberts/project/pi_jss233/zc362/chrono_divide/research-evidence/multimap-v2/screen-amendment-3/cells/task-128/cell.json"
"129","24603942","hfo-original","cd_chrono_mp32s8.map","907e5ab677a03c50f375da1bec4871880240de2fab790a38dac85674d0f65bf1","906","Russians","8","0","88,34","50,121","3002000906","0","candidate","candidate_win","12932","8","0","a60efffa5f321f828ce1a6b7178b4a7c31483c31","e87fc92b01a072959125780a8e961d0e22854ad4b5759a963f861233a26a61ef","5a838bd9cb3edf06df288914ad5cea60b61983f29d183a1efdeb5a3c90e3295e","9ad7893e456c4bc57762a29368a80b1af08bea924a3bbbd83b380e69205d6502","/nfs/roberts/project/pi_jss233/zc362/chrono_divide/research-evidence/multimap-v2/screen-amendment-3/cells/task-129/cell.json"
"130","24603943","hfo-original","cd_chrono_mp32s8.map","907e5ab677a03c50f375da1bec4871880240de2fab790a38dac85674d0f65bf1","912","Russians","8","0","151,119","87,157","3002000912","0","candidate","candidate_win","29277","17","0","a60efffa5f321f828ce1a6b7178b4a7c31483c31","e87fc92b01a072959125780a8e961d0e22854ad4b5759a963f861233a26a61ef","5a838bd9cb3edf06df288914ad5cea60b61983f29d183a1efdeb5a3c90e3295e","be3133235e3120a7236019f2ff76715cf3754ecb4c7c73875c5c913953030db8","/nfs/roberts/project/pi_jss233/zc362/chrono_divide/research-evidence/multimap-v2/screen-amendment-3/cells/task-130/cell.json"
"131","24603944","hfo-original","cd_chrono_mp32s8.map","907e5ab677a03c50f375da1bec4871880240de2fab790a38dac85674d0f65bf1","917","Russians","8","0","87,157","39,82","3002000917","0","candidate","candidate_win","8385","6","0","a60efffa5f321f828ce1a6b7178b4a7c31483c31","e87fc92b01a072959125780a8e961d0e22854ad4b5759a963f861233a26a61ef","5a838bd9cb3edf06df288914ad5cea60b61983f29d183a1efdeb5a3c90e3295e","c94b4da0f240e23bb2848e0e939bb9ee03151e595b0d127f4153e140a0ad30f2","/nfs/roberts/project/pi_jss233/zc362/chrono_divide/research-evidence/multimap-v2/screen-amendment-3/cells/task-131/cell.json"
"132","24603945","hfo-original","cd_chrono_mp32s8.map","907e5ab677a03c50f375da1bec4871880240de2fab790a38dac85674d0f65bf1","925","Russians","8","0","50,121","88,34","3002000925","0","opponent","baseline_win","23534","0","6","a60efffa5f321f828ce1a6b7178b4a7c31483c31","e87fc92b01a072959125780a8e961d0e22854ad4b5759a963f861233a26a61ef","5a838bd9cb3edf06df288914ad5cea60b61983f29d183a1efdeb5a3c90e3295e","bb5cf2f4010bade8e5b69b25944121c4b33e4acc22e7a46b1c05486135d71bfb","/nfs/roberts/project/pi_jss233/zc362/chrono_divide/research-evidence/multimap-v2/screen-amendment-3/cells/task-132/cell.json"
"133","24603946","hfo-original","cd_chrono_mp32s8.map","907e5ab677a03c50f375da1bec4871880240de2fab790a38dac85674d0f65bf1","936","Russians","8","0","119,152","146,76","3002000936","0","opponent","baseline_win","31948","0","7","a60efffa5f321f828ce1a6b7178b4a7c31483c31","e87fc92b01a072959125780a8e961d0e22854ad4b5759a963f861233a26a61ef","5a838bd9cb3edf06df288914ad5cea60b61983f29d183a1efdeb5a3c90e3295e","79c1013aba280924a0293ced9e5292bfd09a17f1e923b5543713c41afaf2957f","/nfs/roberts/project/pi_jss233/zc362/chrono_divide/research-evidence/multimap-v2/screen-amendment-3/cells/task-133/cell.json"
"134","24603947","hfo-original","cd_chrono_mp32s8.map","907e5ab677a03c50f375da1bec4871880240de2fab790a38dac85674d0f65bf1","940","Russians","8","0","146,76","151,119","3002000940","0","opponent","baseline_win","27836","0","7","a60efffa5f321f828ce1a6b7178b4a7c31483c31","e87fc92b01a072959125780a8e961d0e22854ad4b5759a963f861233a26a61ef","5a838bd9cb3edf06df288914ad5cea60b61983f29d183a1efdeb5a3c90e3295e","c0d16e058f85b12546a90144bf464e47ce34ac4d6da4a1864ab6a37eb5e38c66","/nfs/roberts/project/pi_jss233/zc362/chrono_divide/research-evidence/multimap-v2/screen-amendment-3/cells/task-134/cell.json"
"135","24603948","hfo-original","cd_chrono_mp32s8.map","907e5ab677a03c50f375da1bec4871880240de2fab790a38dac85674d0f65bf1","950","Russians","8","0","120,83","119,152","3002000950","0","opponent","baseline_win","28009","0","7","a60efffa5f321f828ce1a6b7178b4a7c31483c31","e87fc92b01a072959125780a8e961d0e22854ad4b5759a963f861233a26a61ef","5a838bd9cb3edf06df288914ad5cea60b61983f29d183a1efdeb5a3c90e3295e","5f4017cba15a71f9ed202df296160a97f23369347ae70cb7bd3957aa7113fb9b","/nfs/roberts/project/pi_jss233/zc362/chrono_divide/research-evidence/multimap-v2/screen-amendment-3/cells/task-135/cell.json"
"136","24603949","hfo-original","cd_chrono_mp32s8.map","907e5ab677a03c50f375da1bec4871880240de2fab790a38dac85674d0f65bf1","958","Russians","8","1","39,82","120,83","3002000958","0","opponent","baseline_win","22658","0","7","a60efffa5f321f828ce1a6b7178b4a7c31483c31","e87fc92b01a072959125780a8e961d0e22854ad4b5759a963f861233a26a61ef","5a838bd9cb3edf06df288914ad5cea60b61983f29d183a1efdeb5a3c90e3295e","ab9ef8fe6ef46de3a1f9904774abdffbb1cb4e232563c038f2ea7650848b1cf2","/nfs/roberts/project/pi_jss233/zc362/chrono_divide/research-evidence/multimap-v2/screen-amendment-3/cells/task-136/cell.json"
"137","24604193","hfo-original","cd_chrono_mp32s8.map","907e5ab677a03c50f375da1bec4871880240de2fab790a38dac85674d0f65bf1","962","Russians","8","1","88,34","50,121","3002000962","0","candidate","candidate_win","15655","9","0","a60efffa5f321f828ce1a6b7178b4a7c31483c31","e87fc92b01a072959125780a8e961d0e22854ad4b5759a963f861233a26a61ef","5a838bd9cb3edf06df288914ad5cea60b61983f29d183a1efdeb5a3c90e3295e","f9ff17f12af1019cf338bd15fc673f93368526843462402c551870e2036a4f74","/nfs/roberts/project/pi_jss233/zc362/chrono_divide/research-evidence/multimap-v2/screen-amendment-3/cells/task-137/cell.json"
"138","24604194","hfo-original","cd_chrono_mp32s8.map","907e5ab677a03c50f375da1bec4871880240de2fab790a38dac85674d0f65bf1","968","Russians","8","1","151,119","87,157","3002000968","0","candidate","candidate_win","14155","6","0","a60efffa5f321f828ce1a6b7178b4a7c31483c31","e87fc92b01a072959125780a8e961d0e22854ad4b5759a963f861233a26a61ef","5a838bd9cb3edf06df288914ad5cea60b61983f29d183a1efdeb5a3c90e3295e","b5c5f545e385940f596348f014a6885230b0602cb9be16730ff3e6edf15e4494","/nfs/roberts/project/pi_jss233/zc362/chrono_divide/research-evidence/multimap-v2/screen-amendment-3/cells/task-138/cell.json"
"139","24604208","hfo-original","cd_chrono_mp32s8.map","907e5ab677a03c50f375da1bec4871880240de2fab790a38dac85674d0f65bf1","973","Russians","8","1","87,157","39,82","3002000973","0","candidate","candidate_win","7816","6","0","a60efffa5f321f828ce1a6b7178b4a7c31483c31","e87fc92b01a072959125780a8e961d0e22854ad4b5759a963f861233a26a61ef","5a838bd9cb3edf06df288914ad5cea60b61983f29d183a1efdeb5a3c90e3295e","ffb3ffcccb4b4abb45a498c3f4342ece50b7786e2e5f43203d39a5f3777047b9","/nfs/roberts/project/pi_jss233/zc362/chrono_divide/research-evidence/multimap-v2/screen-amendment-3/cells/task-139/cell.json"
"140","24604209","hfo-original","cd_chrono_mp32s8.map","907e5ab677a03c50f375da1bec4871880240de2fab790a38dac85674d0f65bf1","981","Russians","8","1","50,121","88,34","3002000981","0","opponent","baseline_win","8403","0","6","a60efffa5f321f828ce1a6b7178b4a7c31483c31","e87fc92b01a072959125780a8e961d0e22854ad4b5759a963f861233a26a61ef","5a838bd9cb3edf06df288914ad5cea60b61983f29d183a1efdeb5a3c90e3295e","7c29ef60edc571797dd01d1c4baa49dafd9c784c7f0e11906193580dd27f3cd9","/nfs/roberts/project/pi_jss233/zc362/chrono_divide/research-evidence/multimap-v2/screen-amendment-3/cells/task-140/cell.json"
"141","24604210","hfo-original","cd_chrono_mp32s8.map","907e5ab677a03c50f375da1bec4871880240de2fab790a38dac85674d0f65bf1","992","Russians","8","1","119,152","146,76","3002000992","0","opponent","baseline_win","23803","0","7","a60efffa5f321f828ce1a6b7178b4a7c31483c31","e87fc92b01a072959125780a8e961d0e22854ad4b5759a963f861233a26a61ef","5a838bd9cb3edf06df288914ad5cea60b61983f29d183a1efdeb5a3c90e3295e","3d5dcb791379b6c4bcdcf54ff0b0785431bf052e088081cff6f158b37c3e0c50","/nfs/roberts/project/pi_jss233/zc362/chrono_divide/research-evidence/multimap-v2/screen-amendment-3/cells/task-141/cell.json"
"142","24604211","hfo-original","cd_chrono_mp32s8.map","907e5ab677a03c50f375da1bec4871880240de2fab790a38dac85674d0f65bf1","996","Russians","8","1","146,76","151,119","3002000996","0","opponent","baseline_win","21827","0","7","a60efffa5f321f828ce1a6b7178b4a7c31483c31","e87fc92b01a072959125780a8e961d0e22854ad4b5759a963f861233a26a61ef","5a838bd9cb3edf06df288914ad5cea60b61983f29d183a1efdeb5a3c90e3295e","94ea8420ac122767f4890a0250aa05ce89ef215b9139356bdc9831fc7ab43c81","/nfs/roberts/project/pi_jss233/zc362/chrono_divide/research-evidence/multimap-v2/screen-amendment-3/cells/task-142/cell.json"
"143","24604213","hfo-original","cd_chrono_mp32s8.map","907e5ab677a03c50f375da1bec4871880240de2fab790a38dac85674d0f65bf1","1006","Russians","8","1","120,83","119,152","3002001006","0","candidate","candidate_win","23650","15","0","a60efffa5f321f828ce1a6b7178b4a7c31483c31","e87fc92b01a072959125780a8e961d0e22854ad4b5759a963f861233a26a61ef","5a838bd9cb3edf06df288914ad5cea60b61983f29d183a1efdeb5a3c90e3295e","15a97e7742c0a1f0173d6be3dd04755e688e2cd0818338f81e7a6d7ec7b955c1","/nfs/roberts/project/pi_jss233/zc362/chrono_divide/research-evidence/multimap-v2/screen-amendment-3/cells/task-143/cell.json"
"144","24604214","hfo-golden","cd_chrono_heckgolden.mpr","845359bfe0ea2ad3bb9dda90e0c00a7b97946fda132e87f717c22025923bd296","0","Americans","0","0","39,82","88,34","3002100000","0","opponent","baseline_win","58185","0","18","a60efffa5f321f828ce1a6b7178b4a7c31483c31","e87fc92b01a072959125780a8e961d0e22854ad4b5759a963f861233a26a61ef","5a838bd9cb3edf06df288914ad5cea60b61983f29d183a1efdeb5a3c90e3295e","fdf8cd3c18870e2610a64d9771104cf88a01f7cfdc6ee23421c973fe79101cba","/nfs/roberts/project/pi_jss233/zc362/chrono_divide/research-evidence/multimap-v2/screen-amendment-3/cells/task-144/cell.json"
"145","24604215","hfo-golden","cd_chrono_heckgolden.mpr","845359bfe0ea2ad3bb9dda90e0c00a7b97946fda132e87f717c22025923bd296","7","Americans","0","0","88,34","120,83","3002100007","0","candidate","candidate_win","19605","11","0","a60efffa5f321f828ce1a6b7178b4a7c31483c31","e87fc92b01a072959125780a8e961d0e22854ad4b5759a963f861233a26a61ef","5a838bd9cb3edf06df288914ad5cea60b61983f29d183a1efdeb5a3c90e3295e","70e89d95a05f1c6732634803e1cf47273e48e4e6671708ac18fd2308d9e50b3f","/nfs/roberts/project/pi_jss233/zc362/chrono_divide/research-evidence/multimap-v2/screen-amendment-3/cells/task-145/cell.json"
"146","24604217","hfo-golden","cd_chrono_heckgolden.mpr","845359bfe0ea2ad3bb9dda90e0c00a7b97946fda132e87f717c22025923bd296","14","Americans","0","0","151,119","119,152","3002100014","0","candidate","candidate_win","15346","6","0","a60efffa5f321f828ce1a6b7178b4a7c31483c31","e87fc92b01a072959125780a8e961d0e22854ad4b5759a963f861233a26a61ef","5a838bd9cb3edf06df288914ad5cea60b61983f29d183a1efdeb5a3c90e3295e","86b91b26fd7d72c9c0f660ae503fe111e2cafe11f84c5062b1ca59b31c04edfb","/nfs/roberts/project/pi_jss233/zc362/chrono_divide/research-evidence/multimap-v2/screen-amendment-3/cells/task-146/cell.json"
"147","24604218","hfo-golden","cd_chrono_heckgolden.mpr","845359bfe0ea2ad3bb9dda90e0c00a7b97946fda132e87f717c22025923bd296","15","Americans","0","0","120,83","39,82","3002100015","0","candidate","candidate_win","11050","8","0","a60efffa5f321f828ce1a6b7178b4a7c31483c31","e87fc92b01a072959125780a8e961d0e22854ad4b5759a963f861233a26a61ef","5a838bd9cb3edf06df288914ad5cea60b61983f29d183a1efdeb5a3c90e3295e","5d9db43e757f20d4866e55b63276aa94f98248aadbd2402f632d8eff073b5d40","/nfs/roberts/project/pi_jss233/zc362/chrono_divide/research-evidence/multimap-v2/screen-amendment-3/cells/task-147/cell.json"
"148","24604219","hfo-golden","cd_chrono_heckgolden.mpr","845359bfe0ea2ad3bb9dda90e0c00a7b97946fda132e87f717c22025923bd296","22","Americans","0","0","50,121","151,119","3002100022","0","opponent","baseline_win","8995","0","5","a60efffa5f321f828ce1a6b7178b4a7c31483c31","e87fc92b01a072959125780a8e961d0e22854ad4b5759a963f861233a26a61ef","5a838bd9cb3edf06df288914ad5cea60b61983f29d183a1efdeb5a3c90e3295e","ece8f3c4b9a16d6c676ead8b09b3de73736c195530eeea3c8be7ca1a012ecbc0","/nfs/roberts/project/pi_jss233/zc362/chrono_divide/research-evidence/multimap-v2/screen-amendment-3/cells/task-148/cell.json"
"149","24604220","hfo-golden","cd_chrono_heckgolden.mpr","845359bfe0ea2ad3bb9dda90e0c00a7b97946fda132e87f717c22025923bd296","29","Americans","0","0","119,152","50,121","3002100029","0","candidate","candidate_win","7779","6","0","a60efffa5f321f828ce1a6b7178b4a7c31483c31","e87fc92b01a072959125780a8e961d0e22854ad4b5759a963f861233a26a61ef","5a838bd9cb3edf06df288914ad5cea60b61983f29d183a1efdeb5a3c90e3295e","3f7598de342d806e02dab1f469dd61bad81b7eeb3182b5f8d511ac29f9b38b8d","/nfs/roberts/project/pi_jss233/zc362/chrono_divide/research-evidence/multimap-v2/screen-amendment-3/cells/task-149/cell.json"
"150","24604221","hfo-golden","cd_chrono_heckgolden.mpr","845359bfe0ea2ad3bb9dda90e0c00a7b97946fda132e87f717c22025923bd296","30","Americans","0","1","39,82","88,34","3002100030","0","candidate","candidate_win","19026","9","0","a60efffa5f321f828ce1a6b7178b4a7c31483c31","e87fc92b01a072959125780a8e961d0e22854ad4b5759a963f861233a26a61ef","5a838bd9cb3edf06df288914ad5cea60b61983f29d183a1efdeb5a3c90e3295e","ac6f1f16d743ec821bc7fc99cfee1adac8ef9425046a04bd86f49db212e6b703","/nfs/roberts/project/pi_jss233/zc362/chrono_divide/research-evidence/multimap-v2/screen-amendment-3/cells/task-150/cell.json"
"151","24604222","hfo-golden","cd_chrono_heckgolden.mpr","845359bfe0ea2ad3bb9dda90e0c00a7b97946fda132e87f717c22025923bd296","37","Americans","0","1","88,34","120,83","3002100037","0","candidate","candidate_win","12394","8","0","a60efffa5f321f828ce1a6b7178b4a7c31483c31","e87fc92b01a072959125780a8e961d0e22854ad4b5759a963f861233a26a61ef","5a838bd9cb3edf06df288914ad5cea60b61983f29d183a1efdeb5a3c90e3295e","8368dc02fefcf518cd13247f41fd63bd2490c7763701d1778e346f85f78146d9","/nfs/roberts/project/pi_jss233/zc362/chrono_divide/research-evidence/multimap-v2/screen-amendment-3/cells/task-151/cell.json"
"152","24604224","hfo-golden","cd_chrono_heckgolden.mpr","845359bfe0ea2ad3bb9dda90e0c00a7b97946fda132e87f717c22025923bd296","44","Americans","0","1","151,119","119,152","3002100044","0","candidate","candidate_win","15520","6","0","a60efffa5f321f828ce1a6b7178b4a7c31483c31","e87fc92b01a072959125780a8e961d0e22854ad4b5759a963f861233a26a61ef","5a838bd9cb3edf06df288914ad5cea60b61983f29d183a1efdeb5a3c90e3295e","a4d34af5a1046e4e67f39f7bd6338aaaa5ef701e912158589d37b62791e17464","/nfs/roberts/project/pi_jss233/zc362/chrono_divide/research-evidence/multimap-v2/screen-amendment-3/cells/task-152/cell.json"
"153","24604225","hfo-golden","cd_chrono_heckgolden.mpr","845359bfe0ea2ad3bb9dda90e0c00a7b97946fda132e87f717c22025923bd296","45","Americans","0","1","120,83","39,82","3002100045","0","candidate","candidate_win","12328","8","0","a60efffa5f321f828ce1a6b7178b4a7c31483c31","e87fc92b01a072959125780a8e961d0e22854ad4b5759a963f861233a26a61ef","5a838bd9cb3edf06df288914ad5cea60b61983f29d183a1efdeb5a3c90e3295e","a0768ad654f4bb5f9224913ad3b4f6bb7ee24b6de311d5684a5840615021a765","/nfs/roberts/project/pi_jss233/zc362/chrono_divide/research-evidence/multimap-v2/screen-amendment-3/cells/task-153/cell.json"
"154","24604226","hfo-golden","cd_chrono_heckgolden.mpr","845359bfe0ea2ad3bb9dda90e0c00a7b97946fda132e87f717c22025923bd296","52","Americans","0","1","50,121","151,119","3002100052","0","candidate","candidate_win","53680","21","0","a60efffa5f321f828ce1a6b7178b4a7c31483c31","e87fc92b01a072959125780a8e961d0e22854ad4b5759a963f861233a26a61ef","5a838bd9cb3edf06df288914ad5cea60b61983f29d183a1efdeb5a3c90e3295e","a1830efd81dcdc7bcd62e39f86d903b71d6d532d9de710973d20733721d27541","/nfs/roberts/project/pi_jss233/zc362/chrono_divide/research-evidence/multimap-v2/screen-amendment-3/cells/task-154/cell.json"
"155","24604227","hfo-golden","cd_chrono_heckgolden.mpr","845359bfe0ea2ad3bb9dda90e0c00a7b97946fda132e87f717c22025923bd296","59","Americans","0","1","119,152","50,121","3002100059","0","candidate","candidate_win","20139","6","0","a60efffa5f321f828ce1a6b7178b4a7c31483c31","e87fc92b01a072959125780a8e961d0e22854ad4b5759a963f861233a26a61ef","5a838bd9cb3edf06df288914ad5cea60b61983f29d183a1efdeb5a3c90e3295e","d883f24d13eecd8b4df17f80e87ebcc491a3228caae9429ea5696801815c2415","/nfs/roberts/project/pi_jss233/zc362/chrono_divide/research-evidence/multimap-v2/screen-amendment-3/cells/task-155/cell.json"
"156","24604229","hfo-golden","cd_chrono_heckgolden.mpr","845359bfe0ea2ad3bb9dda90e0c00a7b97946fda132e87f717c22025923bd296","62","Alliance","1","0","39,82","120,83","3002100062","0","draw","engine_nonliteral_termination_draw","29307","0","0","a60efffa5f321f828ce1a6b7178b4a7c31483c31","e87fc92b01a072959125780a8e961d0e22854ad4b5759a963f861233a26a61ef","5a838bd9cb3edf06df288914ad5cea60b61983f29d183a1efdeb5a3c90e3295e","a0058b1d1727730b05ba292d77715a22f26ddd6f70a6d127b42525270e233288","/nfs/roberts/project/pi_jss233/zc362/chrono_divide/research-evidence/multimap-v2/screen-amendment-3/cells/task-156/cell.json"
"157","24604231","hfo-golden","cd_chrono_heckgolden.mpr","845359bfe0ea2ad3bb9dda90e0c00a7b97946fda132e87f717c22025923bd296","65","Alliance","1","0","88,34","39,82","3002100065","0","candidate","candidate_win","11732","8","0","a60efffa5f321f828ce1a6b7178b4a7c31483c31","e87fc92b01a072959125780a8e961d0e22854ad4b5759a963f861233a26a61ef","5a838bd9cb3edf06df288914ad5cea60b61983f29d183a1efdeb5a3c90e3295e","a249ea24ed938a153ee62d24c5cfbc3221ba276ca9b0715e00c34984d5c390a6","/nfs/roberts/project/pi_jss233/zc362/chrono_divide/research-evidence/multimap-v2/screen-amendment-3/cells/task-157/cell.json"
"158","24604232","hfo-golden","cd_chrono_heckgolden.mpr","845359bfe0ea2ad3bb9dda90e0c00a7b97946fda132e87f717c22025923bd296","73","Alliance","1","0","151,119","50,121","3002100073","0","opponent","baseline_win","20746","0","7","a60efffa5f321f828ce1a6b7178b4a7c31483c31","e87fc92b01a072959125780a8e961d0e22854ad4b5759a963f861233a26a61ef","5a838bd9cb3edf06df288914ad5cea60b61983f29d183a1efdeb5a3c90e3295e","b6d06c9af72d4ff3d007116befd729b2712565964961f85e87a0db171bf74b25","/nfs/roberts/project/pi_jss233/zc362/chrono_divide/research-evidence/multimap-v2/screen-amendment-3/cells/task-158/cell.json"
"159","24604233","hfo-golden","cd_chrono_heckgolden.mpr","845359bfe0ea2ad3bb9dda90e0c00a7b97946fda132e87f717c22025923bd296","76","Alliance","1","0","120,83","88,34","3002100076","0","candidate","candidate_win","22608","15","0","a60efffa5f321f828ce1a6b7178b4a7c31483c31","e87fc92b01a072959125780a8e961d0e22854ad4b5759a963f861233a26a61ef","5a838bd9cb3edf06df288914ad5cea60b61983f29d183a1efdeb5a3c90e3295e","e451c5c74873b58421090873c45853c07532d6fa1498a79e0f66e05782508c7a","/nfs/roberts/project/pi_jss233/zc362/chrono_divide/research-evidence/multimap-v2/screen-amendment-3/cells/task-159/cell.json"
"160","24604237","hfo-golden","cd_chrono_heckgolden.mpr","845359bfe0ea2ad3bb9dda90e0c00a7b97946fda132e87f717c22025923bd296","84","Alliance","1","0","50,121","119,152","3002100084","0","opponent","baseline_win","8261","0","5","a60efffa5f321f828ce1a6b7178b4a7c31483c31","e87fc92b01a072959125780a8e961d0e22854ad4b5759a963f861233a26a61ef","5a838bd9cb3edf06df288914ad5cea60b61983f29d183a1efdeb5a3c90e3295e","d68e1a453a4064565316d6d78eb5f4b71bc37728dd1d667cbe7470423361d395","/nfs/roberts/project/pi_jss233/zc362/chrono_divide/research-evidence/multimap-v2/screen-amendment-3/cells/task-160/cell.json"
"161","24604239","hfo-golden","cd_chrono_heckgolden.mpr","845359bfe0ea2ad3bb9dda90e0c00a7b97946fda132e87f717c22025923bd296","87","Alliance","1","0","119,152","151,119","3002100087","0","candidate","candidate_win","13192","8","0","a60efffa5f321f828ce1a6b7178b4a7c31483c31","e87fc92b01a072959125780a8e961d0e22854ad4b5759a963f861233a26a61ef","5a838bd9cb3edf06df288914ad5cea60b61983f29d183a1efdeb5a3c90e3295e","ea7860f4f067ff5691e22dbf0057407b4b847e6526d93fc25799eb1f3b708168","/nfs/roberts/project/pi_jss233/zc362/chrono_divide/research-evidence/multimap-v2/screen-amendment-3/cells/task-161/cell.json"
"162","24604241","hfo-golden","cd_chrono_heckgolden.mpr","845359bfe0ea2ad3bb9dda90e0c00a7b97946fda132e87f717c22025923bd296","92","Alliance","1","1","39,82","120,83","3002100092","0","candidate","candidate_win","11170","5","0","a60efffa5f321f828ce1a6b7178b4a7c31483c31","e87fc92b01a072959125780a8e961d0e22854ad4b5759a963f861233a26a61ef","5a838bd9cb3edf06df288914ad5cea60b61983f29d183a1efdeb5a3c90e3295e","123b45bb059b94cf57a42c98518447adb560ab4e8988244489a68a2abc11d7cc","/nfs/roberts/project/pi_jss233/zc362/chrono_divide/research-evidence/multimap-v2/screen-amendment-3/cells/task-162/cell.json"
"163","24604242","hfo-golden","cd_chrono_heckgolden.mpr","845359bfe0ea2ad3bb9dda90e0c00a7b97946fda132e87f717c22025923bd296","95","Alliance","1","1","88,34","39,82","3002100095","0","candidate","candidate_win","9833","8","0","a60efffa5f321f828ce1a6b7178b4a7c31483c31","e87fc92b01a072959125780a8e961d0e22854ad4b5759a963f861233a26a61ef","5a838bd9cb3edf06df288914ad5cea60b61983f29d183a1efdeb5a3c90e3295e","b300d91d68accf6daa15e180b5d4acf3e301da471242b4f342c61ee9313f093e","/nfs/roberts/project/pi_jss233/zc362/chrono_divide/research-evidence/multimap-v2/screen-amendment-3/cells/task-163/cell.json"
"164","24604245","hfo-golden","cd_chrono_heckgolden.mpr","845359bfe0ea2ad3bb9dda90e0c00a7b97946fda132e87f717c22025923bd296","103","Alliance","1","1","151,119","50,121","3002100103","0","opponent","baseline_win","57364","0","18","a60efffa5f321f828ce1a6b7178b4a7c31483c31","e87fc92b01a072959125780a8e961d0e22854ad4b5759a963f861233a26a61ef","5a838bd9cb3edf06df288914ad5cea60b61983f29d183a1efdeb5a3c90e3295e","b193bf42f2c146090027af9ab6f0395a4c588631935f53b07434fc53f71020a9","/nfs/roberts/project/pi_jss233/zc362/chrono_divide/research-evidence/multimap-v2/screen-amendment-3/cells/task-164/cell.json"
"165","24604246","hfo-golden","cd_chrono_heckgolden.mpr","845359bfe0ea2ad3bb9dda90e0c00a7b97946fda132e87f717c22025923bd296","106","Alliance","1","1","120,83","88,34","3002100106","0","candidate","candidate_win","22277","14","0","a60efffa5f321f828ce1a6b7178b4a7c31483c31","e87fc92b01a072959125780a8e961d0e22854ad4b5759a963f861233a26a61ef","5a838bd9cb3edf06df288914ad5cea60b61983f29d183a1efdeb5a3c90e3295e","a2eb8ee058ae500d5b2371745af3e2970e565e7897f422452d3393da03c431b3","/nfs/roberts/project/pi_jss233/zc362/chrono_divide/research-evidence/multimap-v2/screen-amendment-3/cells/task-165/cell.json"
"166","24604247","hfo-golden","cd_chrono_heckgolden.mpr","845359bfe0ea2ad3bb9dda90e0c00a7b97946fda132e87f717c22025923bd296","114","Alliance","1","1","50,121","119,152","3002100114","0","opponent","baseline_win","8959","0","5","a60efffa5f321f828ce1a6b7178b4a7c31483c31","e87fc92b01a072959125780a8e961d0e22854ad4b5759a963f861233a26a61ef","5a838bd9cb3edf06df288914ad5cea60b61983f29d183a1efdeb5a3c90e3295e","825ecd034ea26bbe5a6c37d4b92559f28431b22106a04bba9ab230c47b9885d2","/nfs/roberts/project/pi_jss233/zc362/chrono_divide/research-evidence/multimap-v2/screen-amendment-3/cells/task-166/cell.json"
"167","24604248","hfo-golden","cd_chrono_heckgolden.mpr","845359bfe0ea2ad3bb9dda90e0c00a7b97946fda132e87f717c22025923bd296","117","Alliance","1","1","119,152","151,119","3002100117","0","candidate","candidate_win","13354","8","0","a60efffa5f321f828ce1a6b7178b4a7c31483c31","e87fc92b01a072959125780a8e961d0e22854ad4b5759a963f861233a26a61ef","5a838bd9cb3edf06df288914ad5cea60b61983f29d183a1efdeb5a3c90e3295e","a2382db8f9cf3db907a5f7de745715435f8caaadda3d21f612ef148a886d0bb4","/nfs/roberts/project/pi_jss233/zc362/chrono_divide/research-evidence/multimap-v2/screen-amendment-3/cells/task-167/cell.json"
"168","24604249","hfo-golden","cd_chrono_heckgolden.mpr","845359bfe0ea2ad3bb9dda90e0c00a7b97946fda132e87f717c22025923bd296","121","French","2","0","39,82","151,119","3002100121","0","draw","tick_cap_draw","90000","1","18","a60efffa5f321f828ce1a6b7178b4a7c31483c31","e87fc92b01a072959125780a8e961d0e22854ad4b5759a963f861233a26a61ef","5a838bd9cb3edf06df288914ad5cea60b61983f29d183a1efdeb5a3c90e3295e","83212ede71090e298797a9b7cf379261c8d6b67c750c760f547e0c4922d36d19","/nfs/roberts/project/pi_jss233/zc362/chrono_divide/research-evidence/multimap-v2/screen-amendment-3/cells/task-168/cell.json"
"169","24604251","hfo-golden","cd_chrono_heckgolden.mpr","845359bfe0ea2ad3bb9dda90e0c00a7b97946fda132e87f717c22025923bd296","125","French","2","0","88,34","39,82","3002100125","0","candidate","candidate_win","10372","8","0","a60efffa5f321f828ce1a6b7178b4a7c31483c31","e87fc92b01a072959125780a8e961d0e22854ad4b5759a963f861233a26a61ef","5a838bd9cb3edf06df288914ad5cea60b61983f29d183a1efdeb5a3c90e3295e","8b183b1c066438d808286b9f983dd403e5cdf942946a7580aac2341c37296dee","/nfs/roberts/project/pi_jss233/zc362/chrono_divide/research-evidence/multimap-v2/screen-amendment-3/cells/task-169/cell.json"
"170","24604252","hfo-golden","cd_chrono_heckgolden.mpr","845359bfe0ea2ad3bb9dda90e0c00a7b97946fda132e87f717c22025923bd296","131","French","2","0","151,119","88,34","3002100131","0","candidate","candidate_win","33068","6","0","a60efffa5f321f828ce1a6b7178b4a7c31483c31","e87fc92b01a072959125780a8e961d0e22854ad4b5759a963f861233a26a61ef","5a838bd9cb3edf06df288914ad5cea60b61983f29d183a1efdeb5a3c90e3295e","d50898e9436e293d67ea405425c64ac805a3f9131d423bd76f70058439c2017c","/nfs/roberts/project/pi_jss233/zc362/chrono_divide/research-evidence/multimap-v2/screen-amendment-3/cells/task-170/cell.json"
"171","24604253","hfo-golden","cd_chrono_heckgolden.mpr","845359bfe0ea2ad3bb9dda90e0c00a7b97946fda132e87f717c22025923bd296","138","French","2","0","120,83","50,121","3002100138","0","candidate","candidate_win","45954","24","0","a60efffa5f321f828ce1a6b7178b4a7c31483c31","e87fc92b01a072959125780a8e961d0e22854ad4b5759a963f861233a26a61ef","5a838bd9cb3edf06df288914ad5cea60b61983f29d183a1efdeb5a3c90e3295e","c9d5f3bdda62f31bc48beffaa07d520d27cd138f3523ae40b34b42603d03da41","/nfs/roberts/project/pi_jss233/zc362/chrono_divide/research-evidence/multimap-v2/screen-amendment-3/cells/task-171/cell.json"
"172","24604254","hfo-golden","cd_chrono_heckgolden.mpr","845359bfe0ea2ad3bb9dda90e0c00a7b97946fda132e87f717c22025923bd296","144","French","2","0","50,121","119,152","3002100144","0","opponent","baseline_win","8321","0","5","a60efffa5f321f828ce1a6b7178b4a7c31483c31","e87fc92b01a072959125780a8e961d0e22854ad4b5759a963f861233a26a61ef","5a838bd9cb3edf06df288914ad5cea60b61983f29d183a1efdeb5a3c90e3295e","c6babcaad99a9d0129eaccb446722d2e6660fc247725daca08c1233cf731d9f6","/nfs/roberts/project/pi_jss233/zc362/chrono_divide/research-evidence/multimap-v2/screen-amendment-3/cells/task-172/cell.json"
"173","24604257","hfo-golden","cd_chrono_heckgolden.mpr","845359bfe0ea2ad3bb9dda90e0c00a7b97946fda132e87f717c22025923bd296","148","French","2","0","119,152","120,83","3002100148","0","candidate","candidate_win","13659","6","0","a60efffa5f321f828ce1a6b7178b4a7c31483c31","e87fc92b01a072959125780a8e961d0e22854ad4b5759a963f861233a26a61ef","5a838bd9cb3edf06df288914ad5cea60b61983f29d183a1efdeb5a3c90e3295e","3c8dbe8f57427bb64ca84a8317d5ec1c3af474b1cd2fbd7248b7c1b8f4404e2f","/nfs/roberts/project/pi_jss233/zc362/chrono_divide/research-evidence/multimap-v2/screen-amendment-3/cells/task-173/cell.json"
"174","24604258","hfo-golden","cd_chrono_heckgolden.mpr","845359bfe0ea2ad3bb9dda90e0c00a7b97946fda132e87f717c22025923bd296","151","French","2","1","39,82","151,119","3002100151","0","draw","tick_cap_draw","90000","1","18","a60efffa5f321f828ce1a6b7178b4a7c31483c31","e87fc92b01a072959125780a8e961d0e22854ad4b5759a963f861233a26a61ef","5a838bd9cb3edf06df288914ad5cea60b61983f29d183a1efdeb5a3c90e3295e","3664dc70ec82705e8a1d6b5091bd4ac02eb5c8d082b3823b55096859ebfefb3a","/nfs/roberts/project/pi_jss233/zc362/chrono_divide/research-evidence/multimap-v2/screen-amendment-3/cells/task-174/cell.json"
"175","24604260","hfo-golden","cd_chrono_heckgolden.mpr","845359bfe0ea2ad3bb9dda90e0c00a7b97946fda132e87f717c22025923bd296","155","French","2","1","88,34","39,82","3002100155","0","candidate","candidate_win","18524","10","0","a60efffa5f321f828ce1a6b7178b4a7c31483c31","e87fc92b01a072959125780a8e961d0e22854ad4b5759a963f861233a26a61ef","5a838bd9cb3edf06df288914ad5cea60b61983f29d183a1efdeb5a3c90e3295e","e30eb77f0c8c36acf2cb907699b5a7ded50ffbceea7ab95cef8cc0ce853d9efc","/nfs/roberts/project/pi_jss233/zc362/chrono_divide/research-evidence/multimap-v2/screen-amendment-3/cells/task-175/cell.json"
"176","24604261","hfo-golden","cd_chrono_heckgolden.mpr","845359bfe0ea2ad3bb9dda90e0c00a7b97946fda132e87f717c22025923bd296","161","French","2","1","151,119","88,34","3002100161","0","candidate","candidate_win","35620","6","0","a60efffa5f321f828ce1a6b7178b4a7c31483c31","e87fc92b01a072959125780a8e961d0e22854ad4b5759a963f861233a26a61ef","5a838bd9cb3edf06df288914ad5cea60b61983f29d183a1efdeb5a3c90e3295e","e7e6a8acb8c0dec98f55f93609cebdf599cf3658762933885128fbba6a673c0a","/nfs/roberts/project/pi_jss233/zc362/chrono_divide/research-evidence/multimap-v2/screen-amendment-3/cells/task-176/cell.json"
"177","24604262","hfo-golden","cd_chrono_heckgolden.mpr","845359bfe0ea2ad3bb9dda90e0c00a7b97946fda132e87f717c22025923bd296","168","French","2","1","120,83","50,121","3002100168","0","opponent","baseline_win","22558","0","7","a60efffa5f321f828ce1a6b7178b4a7c31483c31","e87fc92b01a072959125780a8e961d0e22854ad4b5759a963f861233a26a61ef","5a838bd9cb3edf06df288914ad5cea60b61983f29d183a1efdeb5a3c90e3295e","6a10128f6c7b5ab477ec323bf6f52862327bbdde73a31fc45a2c1cb6612914d2","/nfs/roberts/project/pi_jss233/zc362/chrono_divide/research-evidence/multimap-v2/screen-amendment-3/cells/task-177/cell.json"
"178","24604264","hfo-golden","cd_chrono_heckgolden.mpr","845359bfe0ea2ad3bb9dda90e0c00a7b97946fda132e87f717c22025923bd296","174","French","2","1","50,121","119,152","3002100174","0","opponent","baseline_win","8362","0","5","a60efffa5f321f828ce1a6b7178b4a7c31483c31","e87fc92b01a072959125780a8e961d0e22854ad4b5759a963f861233a26a61ef","5a838bd9cb3edf06df288914ad5cea60b61983f29d183a1efdeb5a3c90e3295e","ca18d91b0cb651d0a68e46df737139647362c381716ddf6472b5a40cb20a3589","/nfs/roberts/project/pi_jss233/zc362/chrono_divide/research-evidence/multimap-v2/screen-amendment-3/cells/task-178/cell.json"
"179","24604265","hfo-golden","cd_chrono_heckgolden.mpr","845359bfe0ea2ad3bb9dda90e0c00a7b97946fda132e87f717c22025923bd296","178","French","2","1","119,152","120,83","3002100178","0","candidate","candidate_win","15448","6","0","a60efffa5f321f828ce1a6b7178b4a7c31483c31","e87fc92b01a072959125780a8e961d0e22854ad4b5759a963f861233a26a61ef","5a838bd9cb3edf06df288914ad5cea60b61983f29d183a1efdeb5a3c90e3295e","7da3d94e80186e73dfddb23da1a357428853927b56b110eabd307b5d1bb5a916","/nfs/roberts/project/pi_jss233/zc362/chrono_divide/research-evidence/multimap-v2/screen-amendment-3/cells/task-179/cell.json"
"180","24604268","hfo-golden","cd_chrono_heckgolden.mpr","845359bfe0ea2ad3bb9dda90e0c00a7b97946fda132e87f717c22025923bd296","182","Germans","3","0","39,82","120,83","3002100182","0","candidate","candidate_win","11308","5","0","a60efffa5f321f828ce1a6b7178b4a7c31483c31","e87fc92b01a072959125780a8e961d0e22854ad4b5759a963f861233a26a61ef","5a838bd9cb3edf06df288914ad5cea60b61983f29d183a1efdeb5a3c90e3295e","3db18fb8c974c1cdc0ba99693232cb3f1a33c46c0f7aae5f0a86864f9e195fe4","/nfs/roberts/project/pi_jss233/zc362/chrono_divide/research-evidence/multimap-v2/screen-amendment-3/cells/task-180/cell.json"
"181","24604269","hfo-golden","cd_chrono_heckgolden.mpr","845359bfe0ea2ad3bb9dda90e0c00a7b97946fda132e87f717c22025923bd296","189","Germans","3","0","88,34","119,152","3002100189","0","candidate","candidate_win","22430","14","0","a60efffa5f321f828ce1a6b7178b4a7c31483c31","e87fc92b01a072959125780a8e961d0e22854ad4b5759a963f861233a26a61ef","5a838bd9cb3edf06df288914ad5cea60b61983f29d183a1efdeb5a3c90e3295e","f5d371c5787273ed8ec24c7e9e2fbc9d262f1d7794d763896a6c56b0b919e898","/nfs/roberts/project/pi_jss233/zc362/chrono_divide/research-evidence/multimap-v2/screen-amendment-3/cells/task-181/cell.json"
"182","24604270","hfo-golden","cd_chrono_heckgolden.mpr","845359bfe0ea2ad3bb9dda90e0c00a7b97946fda132e87f717c22025923bd296","193","Germans","3","0","151,119","50,121","3002100193","0","opponent","baseline_win","20395","0","7","a60efffa5f321f828ce1a6b7178b4a7c31483c31","e87fc92b01a072959125780a8e961d0e22854ad4b5759a963f861233a26a61ef","5a838bd9cb3edf06df288914ad5cea60b61983f29d183a1efdeb5a3c90e3295e","55c7b469a2c6a4daa3d504f358034b8cbb22d36f3d04481419b85d0e61ef358f","/nfs/roberts/project/pi_jss233/zc362/chrono_divide/research-evidence/multimap-v2/screen-amendment-3/cells/task-182/cell.json"
"183","24604274","hfo-golden","cd_chrono_heckgolden.mpr","845359bfe0ea2ad3bb9dda90e0c00a7b97946fda132e87f717c22025923bd296","197","Germans","3","0","120,83","151,119","3002100197","0","candidate","candidate_win","7840","7","0","a60efffa5f321f828ce1a6b7178b4a7c31483c31","e87fc92b01a072959125780a8e961d0e22854ad4b5759a963f861233a26a61ef","5a838bd9cb3edf06df288914ad5cea60b61983f29d183a1efdeb5a3c90e3295e","ef0b71c6a2ac45e4b106b61d08ccb4fb305a8323af8150c829f2ec7d02474d72","/nfs/roberts/project/pi_jss233/zc362/chrono_divide/research-evidence/multimap-v2/screen-amendment-3/cells/task-183/cell.json"
"184","24604275","hfo-golden","cd_chrono_heckgolden.mpr","845359bfe0ea2ad3bb9dda90e0c00a7b97946fda132e87f717c22025923bd296","201","Germans","3","0","50,121","88,34","3002100201","0","opponent","baseline_win","15310","0","7","a60efffa5f321f828ce1a6b7178b4a7c31483c31","e87fc92b01a072959125780a8e961d0e22854ad4b5759a963f861233a26a61ef","5a838bd9cb3edf06df288914ad5cea60b61983f29d183a1efdeb5a3c90e3295e","d5575be8c902220dfa8f5cc098f08910a143d657c64394fc54197aab84026339","/nfs/roberts/project/pi_jss233/zc362/chrono_divide/research-evidence/multimap-v2/screen-amendment-3/cells/task-184/cell.json"
"185","24604277","hfo-golden","cd_chrono_heckgolden.mpr","845359bfe0ea2ad3bb9dda90e0c00a7b97946fda132e87f717c22025923bd296","205","Germans","3","0","119,152","39,82","3002100205","0","candidate","candidate_win","20643","6","0","a60efffa5f321f828ce1a6b7178b4a7c31483c31","e87fc92b01a072959125780a8e961d0e22854ad4b5759a963f861233a26a61ef","5a838bd9cb3edf06df288914ad5cea60b61983f29d183a1efdeb5a3c90e3295e","b25da656a111627b4079b1db5f897b119567559427abc588dfd54a68be74d0e6","/nfs/roberts/project/pi_jss233/zc362/chrono_divide/research-evidence/multimap-v2/screen-amendment-3/cells/task-185/cell.json"
"186","24604279","hfo-golden","cd_chrono_heckgolden.mpr","845359bfe0ea2ad3bb9dda90e0c00a7b97946fda132e87f717c22025923bd296","212","Germans","3","1","39,82","120,83","3002100212","0","candidate","candidate_win","12334","5","0","a60efffa5f321f828ce1a6b7178b4a7c31483c31","e87fc92b01a072959125780a8e961d0e22854ad4b5759a963f861233a26a61ef","5a838bd9cb3edf06df288914ad5cea60b61983f29d183a1efdeb5a3c90e3295e","b8e1e4ab7cd9ac03e85e257587194f7c88057fe66207b310def753d03fc781ab","/nfs/roberts/project/pi_jss233/zc362/chrono_divide/research-evidence/multimap-v2/screen-amendment-3/cells/task-186/cell.json"
"187","24604280","hfo-golden","cd_chrono_heckgolden.mpr","845359bfe0ea2ad3bb9dda90e0c00a7b97946fda132e87f717c22025923bd296","219","Germans","3","1","88,34","119,152","3002100219","0","candidate","candidate_win","42766","19","0","a60efffa5f321f828ce1a6b7178b4a7c31483c31","e87fc92b01a072959125780a8e961d0e22854ad4b5759a963f861233a26a61ef","5a838bd9cb3edf06df288914ad5cea60b61983f29d183a1efdeb5a3c90e3295e","3675763313a5b66ea635029b0a0fdd44dc9a256fa57378efeff283e30683be73","/nfs/roberts/project/pi_jss233/zc362/chrono_divide/research-evidence/multimap-v2/screen-amendment-3/cells/task-187/cell.json"
"188","24604281","hfo-golden","cd_chrono_heckgolden.mpr","845359bfe0ea2ad3bb9dda90e0c00a7b97946fda132e87f717c22025923bd296","223","Germans","3","1","151,119","50,121","3002100223","0","candidate","candidate_win","28208","9","0","a60efffa5f321f828ce1a6b7178b4a7c31483c31","e87fc92b01a072959125780a8e961d0e22854ad4b5759a963f861233a26a61ef","5a838bd9cb3edf06df288914ad5cea60b61983f29d183a1efdeb5a3c90e3295e","51df528908a77b81dc764d1af22a8e390340be57f94e8a5f54dc47acd14a7375","/nfs/roberts/project/pi_jss233/zc362/chrono_divide/research-evidence/multimap-v2/screen-amendment-3/cells/task-188/cell.json"
"189","24604390","hfo-golden","cd_chrono_heckgolden.mpr","845359bfe0ea2ad3bb9dda90e0c00a7b97946fda132e87f717c22025923bd296","227","Germans","3","1","120,83","151,119","3002100227","0","opponent","baseline_win","12982","0","7","a60efffa5f321f828ce1a6b7178b4a7c31483c31","e87fc92b01a072959125780a8e961d0e22854ad4b5759a963f861233a26a61ef","5a838bd9cb3edf06df288914ad5cea60b61983f29d183a1efdeb5a3c90e3295e","3c4052f5490824b24b359dd9128be3b07fdb4f0f0c8440e09649929f11d000ba","/nfs/roberts/project/pi_jss233/zc362/chrono_divide/research-evidence/multimap-v2/screen-amendment-3/cells/task-189/cell.json"
"190","24604482","hfo-golden","cd_chrono_heckgolden.mpr","845359bfe0ea2ad3bb9dda90e0c00a7b97946fda132e87f717c22025923bd296","231","Germans","3","1","50,121","88,34","3002100231","0","opponent","baseline_win","12634","0","7","a60efffa5f321f828ce1a6b7178b4a7c31483c31","e87fc92b01a072959125780a8e961d0e22854ad4b5759a963f861233a26a61ef","5a838bd9cb3edf06df288914ad5cea60b61983f29d183a1efdeb5a3c90e3295e","4dd4a8ac5148fe5a7fb39c5ccac649294ed612b0f9e33824e42259edc5fdad97","/nfs/roberts/project/pi_jss233/zc362/chrono_divide/research-evidence/multimap-v2/screen-amendment-3/cells/task-190/cell.json"
"191","24604483","hfo-golden","cd_chrono_heckgolden.mpr","845359bfe0ea2ad3bb9dda90e0c00a7b97946fda132e87f717c22025923bd296","235","Germans","3","1","119,152","39,82","3002100235","0","candidate","candidate_win","12430","6","0","a60efffa5f321f828ce1a6b7178b4a7c31483c31","e87fc92b01a072959125780a8e961d0e22854ad4b5759a963f861233a26a61ef","5a838bd9cb3edf06df288914ad5cea60b61983f29d183a1efdeb5a3c90e3295e","7d181afe4456c59dc4cf65a3e1a3bb4c264ef39c291aa932b54fa5fdf9963786","/nfs/roberts/project/pi_jss233/zc362/chrono_divide/research-evidence/multimap-v2/screen-amendment-3/cells/task-191/cell.json"
"192","24604484","hfo-golden","cd_chrono_heckgolden.mpr","845359bfe0ea2ad3bb9dda90e0c00a7b97946fda132e87f717c22025923bd296","243","British","4","0","39,82","50,121","3002100243","0","opponent","baseline_win","6952","0","5","a60efffa5f321f828ce1a6b7178b4a7c31483c31","e87fc92b01a072959125780a8e961d0e22854ad4b5759a963f861233a26a61ef","5a838bd9cb3edf06df288914ad5cea60b61983f29d183a1efdeb5a3c90e3295e","33cccc7a516fc654169218f723d178253dc763f511f7ffae3b6ce317ffea0e51","/nfs/roberts/project/pi_jss233/zc362/chrono_divide/research-evidence/multimap-v2/screen-amendment-3/cells/task-192/cell.json"
"193","24604485","hfo-golden","cd_chrono_heckgolden.mpr","845359bfe0ea2ad3bb9dda90e0c00a7b97946fda132e87f717c22025923bd296","246","British","4","0","88,34","151,119","3002100246","0","candidate","candidate_win","19970","13","0","a60efffa5f321f828ce1a6b7178b4a7c31483c31","e87fc92b01a072959125780a8e961d0e22854ad4b5759a963f861233a26a61ef","5a838bd9cb3edf06df288914ad5cea60b61983f29d183a1efdeb5a3c90e3295e","49055a2e9746c88c98825257f5350820bdd39d5e57c64b8c63b1f266ca4b202e","/nfs/roberts/project/pi_jss233/zc362/chrono_divide/research-evidence/multimap-v2/screen-amendment-3/cells/task-193/cell.json"
"194","24604487","hfo-golden","cd_chrono_heckgolden.mpr","845359bfe0ea2ad3bb9dda90e0c00a7b97946fda132e87f717c22025923bd296","250","British","4","0","151,119","39,82","3002100250","0","candidate","candidate_win","10708","1","0","a60efffa5f321f828ce1a6b7178b4a7c31483c31","e87fc92b01a072959125780a8e961d0e22854ad4b5759a963f861233a26a61ef","5a838bd9cb3edf06df288914ad5cea60b61983f29d183a1efdeb5a3c90e3295e","c816347c729a6c53f0a9dc47ee521e6480d0b439f9c7e97e4a3a48925f69cf46","/nfs/roberts/project/pi_jss233/zc362/chrono_divide/research-evidence/multimap-v2/screen-amendment-3/cells/task-194/cell.json"
"195","24604492","hfo-golden","cd_chrono_heckgolden.mpr","845359bfe0ea2ad3bb9dda90e0c00a7b97946fda132e87f717c22025923bd296","259","British","4","0","120,83","119,152","3002100259","0","candidate","candidate_win","50863","19","0","a60efffa5f321f828ce1a6b7178b4a7c31483c31","e87fc92b01a072959125780a8e961d0e22854ad4b5759a963f861233a26a61ef","5a838bd9cb3edf06df288914ad5cea60b61983f29d183a1efdeb5a3c90e3295e","2c48aeea995c2b0c213a3b7cb6edbf25f7c2266390e7a1170bb1eb7732825f52","/nfs/roberts/project/pi_jss233/zc362/chrono_divide/research-evidence/multimap-v2/screen-amendment-3/cells/task-195/cell.json"
"196","24604493","hfo-golden","cd_chrono_heckgolden.mpr","845359bfe0ea2ad3bb9dda90e0c00a7b97946fda132e87f717c22025923bd296","263","British","4","0","50,121","120,83","3002100263","0","opponent","baseline_win","24694","0","7","a60efffa5f321f828ce1a6b7178b4a7c31483c31","e87fc92b01a072959125780a8e961d0e22854ad4b5759a963f861233a26a61ef","5a838bd9cb3edf06df288914ad5cea60b61983f29d183a1efdeb5a3c90e3295e","325090747542b3519507326e8a86159898d135f2acc83d22970ba9d60f048b4f","/nfs/roberts/project/pi_jss233/zc362/chrono_divide/research-evidence/multimap-v2/screen-amendment-3/cells/task-196/cell.json"
"197","24604494","hfo-golden","cd_chrono_heckgolden.mpr","845359bfe0ea2ad3bb9dda90e0c00a7b97946fda132e87f717c22025923bd296","266","British","4","0","119,152","88,34","3002100266","0","candidate","candidate_win","19323","13","0","a60efffa5f321f828ce1a6b7178b4a7c31483c31","e87fc92b01a072959125780a8e961d0e22854ad4b5759a963f861233a26a61ef","5a838bd9cb3edf06df288914ad5cea60b61983f29d183a1efdeb5a3c90e3295e","5ee74a5a08b48c4f18487b65f41516904e49fba384872caa45c63a42d3bb8d79","/nfs/roberts/project/pi_jss233/zc362/chrono_divide/research-evidence/multimap-v2/screen-amendment-3/cells/task-197/cell.json"
"198","24604495","hfo-golden","cd_chrono_heckgolden.mpr","845359bfe0ea2ad3bb9dda90e0c00a7b97946fda132e87f717c22025923bd296","273","British","4","1","39,82","50,121","3002100273","0","opponent","baseline_win","7342","0","5","a60efffa5f321f828ce1a6b7178b4a7c31483c31","e87fc92b01a072959125780a8e961d0e22854ad4b5759a963f861233a26a61ef","5a838bd9cb3edf06df288914ad5cea60b61983f29d183a1efdeb5a3c90e3295e","97038711e3b1e451b9e63fb1ca510577918c3041bac6ff692530c0bc0b575c45","/nfs/roberts/project/pi_jss233/zc362/chrono_divide/research-evidence/multimap-v2/screen-amendment-3/cells/task-198/cell.json"
"199","24604496","hfo-golden","cd_chrono_heckgolden.mpr","845359bfe0ea2ad3bb9dda90e0c00a7b97946fda132e87f717c22025923bd296","276","British","4","1","88,34","151,119","3002100276","0","candidate","candidate_win","20085","13","0","a60efffa5f321f828ce1a6b7178b4a7c31483c31","e87fc92b01a072959125780a8e961d0e22854ad4b5759a963f861233a26a61ef","5a838bd9cb3edf06df288914ad5cea60b61983f29d183a1efdeb5a3c90e3295e","55746ad6ae176c2ad079a35c6300398b278b25080ea838c3c2a9aec52a7eecbd","/nfs/roberts/project/pi_jss233/zc362/chrono_divide/research-evidence/multimap-v2/screen-amendment-3/cells/task-199/cell.json"
"200","24604516","hfo-golden","cd_chrono_heckgolden.mpr","845359bfe0ea2ad3bb9dda90e0c00a7b97946fda132e87f717c22025923bd296","280","British","4","1","151,119","39,82","3002100280","0","candidate","candidate_win","11164","1","0","a60efffa5f321f828ce1a6b7178b4a7c31483c31","e87fc92b01a072959125780a8e961d0e22854ad4b5759a963f861233a26a61ef","5a838bd9cb3edf06df288914ad5cea60b61983f29d183a1efdeb5a3c90e3295e","00a6c483630c73d15a8de78e573f182a3bdbdc5102d031257fa97c63293fde81","/nfs/roberts/project/pi_jss233/zc362/chrono_divide/research-evidence/multimap-v2/screen-amendment-3/cells/task-200/cell.json"
"201","24604517","hfo-golden","cd_chrono_heckgolden.mpr","845359bfe0ea2ad3bb9dda90e0c00a7b97946fda132e87f717c22025923bd296","289","British","4","1","120,83","119,152","3002100289","0","candidate","candidate_win","50206","19","0","a60efffa5f321f828ce1a6b7178b4a7c31483c31","e87fc92b01a072959125780a8e961d0e22854ad4b5759a963f861233a26a61ef","5a838bd9cb3edf06df288914ad5cea60b61983f29d183a1efdeb5a3c90e3295e","45f521d549d8496647577571337f8115e99b63c491645fe7ad669cafd9a3eb5f","/nfs/roberts/project/pi_jss233/zc362/chrono_divide/research-evidence/multimap-v2/screen-amendment-3/cells/task-201/cell.json"
"202","24604518","hfo-golden","cd_chrono_heckgolden.mpr","845359bfe0ea2ad3bb9dda90e0c00a7b97946fda132e87f717c22025923bd296","293","British","4","1","50,121","120,83","3002100293","0","opponent","baseline_win","9578","0","5","a60efffa5f321f828ce1a6b7178b4a7c31483c31","e87fc92b01a072959125780a8e961d0e22854ad4b5759a963f861233a26a61ef","5a838bd9cb3edf06df288914ad5cea60b61983f29d183a1efdeb5a3c90e3295e","1b12979145499ac347ada538184957c6750130b1620799f86d49fdfc909a0b61","/nfs/roberts/project/pi_jss233/zc362/chrono_divide/research-evidence/multimap-v2/screen-amendment-3/cells/task-202/cell.json"
"203","24604520","hfo-golden","cd_chrono_heckgolden.mpr","845359bfe0ea2ad3bb9dda90e0c00a7b97946fda132e87f717c22025923bd296","296","British","4","1","119,152","88,34","3002100296","0","candidate","candidate_win","20225","13","0","a60efffa5f321f828ce1a6b7178b4a7c31483c31","e87fc92b01a072959125780a8e961d0e22854ad4b5759a963f861233a26a61ef","5a838bd9cb3edf06df288914ad5cea60b61983f29d183a1efdeb5a3c90e3295e","a7a984275781638ba03ef3ad1a791030ebfb5568d2dd8bc0c5549b08db25da47","/nfs/roberts/project/pi_jss233/zc362/chrono_divide/research-evidence/multimap-v2/screen-amendment-3/cells/task-203/cell.json"
"204","24604521","hfo-golden","cd_chrono_heckgolden.mpr","845359bfe0ea2ad3bb9dda90e0c00a7b97946fda132e87f717c22025923bd296","304","Africans","5","0","39,82","119,152","3002100304","0","draw","tick_cap_draw","90000","1","18","a60efffa5f321f828ce1a6b7178b4a7c31483c31","e87fc92b01a072959125780a8e961d0e22854ad4b5759a963f861233a26a61ef","5a838bd9cb3edf06df288914ad5cea60b61983f29d183a1efdeb5a3c90e3295e","f6d74dae6f488fcc11b0d65a8348e4219dc303ea3cfafc8c0292441beaca49dd","/nfs/roberts/project/pi_jss233/zc362/chrono_divide/research-evidence/multimap-v2/screen-amendment-3/cells/task-204/cell.json"
"205","24604522","hfo-golden","cd_chrono_heckgolden.mpr","845359bfe0ea2ad3bb9dda90e0c00a7b97946fda132e87f717c22025923bd296","308","Africans","5","0","88,34","50,121","3002100308","0","candidate","candidate_win","9810","8","0","a60efffa5f321f828ce1a6b7178b4a7c31483c31","e87fc92b01a072959125780a8e961d0e22854ad4b5759a963f861233a26a61ef","5a838bd9cb3edf06df288914ad5cea60b61983f29d183a1efdeb5a3c90e3295e","4efc7524e2616224973812fcc0ee2f5dc65e24936cbfaca146ae5abacf52ecfb","/nfs/roberts/project/pi_jss233/zc362/chrono_divide/research-evidence/multimap-v2/screen-amendment-3/cells/task-205/cell.json"
"206","24604523","hfo-golden","cd_chrono_heckgolden.mpr","845359bfe0ea2ad3bb9dda90e0c00a7b97946fda132e87f717c22025923bd296","312","Africans","5","0","151,119","120,83","3002100312","0","opponent","baseline_win","20218","0","5","a60efffa5f321f828ce1a6b7178b4a7c31483c31","e87fc92b01a072959125780a8e961d0e22854ad4b5759a963f861233a26a61ef","5a838bd9cb3edf06df288914ad5cea60b61983f29d183a1efdeb5a3c90e3295e","c00009e8f125c0bdb6af2f6322db5df441d93b4b1a0a95a987c94c4abf79493f","/nfs/roberts/project/pi_jss233/zc362/chrono_divide/research-evidence/multimap-v2/screen-amendment-3/cells/task-206/cell.json"
"207","24604524","hfo-golden","cd_chrono_heckgolden.mpr","845359bfe0ea2ad3bb9dda90e0c00a7b97946fda132e87f717c22025923bd296","316","Africans","5","0","120,83","88,34","3002100316","0","opponent","baseline_win","22360","0","7","a60efffa5f321f828ce1a6b7178b4a7c31483c31","e87fc92b01a072959125780a8e961d0e22854ad4b5759a963f861233a26a61ef","5a838bd9cb3edf06df288914ad5cea60b61983f29d183a1efdeb5a3c90e3295e","0811feb3273e5460b727d79cf3263dc411f712296bebc59748d31ef5495fba92","/nfs/roberts/project/pi_jss233/zc362/chrono_divide/research-evidence/multimap-v2/screen-amendment-3/cells/task-207/cell.json"
"208","24604526","hfo-golden","cd_chrono_heckgolden.mpr","845359bfe0ea2ad3bb9dda90e0c00a7b97946fda132e87f717c22025923bd296","320","Africans","5","0","50,121","39,82","3002100320","0","opponent","baseline_win","21138","0","7","a60efffa5f321f828ce1a6b7178b4a7c31483c31","e87fc92b01a072959125780a8e961d0e22854ad4b5759a963f861233a26a61ef","5a838bd9cb3edf06df288914ad5cea60b61983f29d183a1efdeb5a3c90e3295e","555f9c97c5d20fca597a93b6691adbea869523514be4b83f48407ed91f3173fa","/nfs/roberts/project/pi_jss233/zc362/chrono_divide/research-evidence/multimap-v2/screen-amendment-3/cells/task-208/cell.json"
"209","24604529","hfo-golden","cd_chrono_heckgolden.mpr","845359bfe0ea2ad3bb9dda90e0c00a7b97946fda132e87f717c22025923bd296","327","Africans","5","0","119,152","151,119","3002100327","0","opponent","baseline_win","40917","0","16","a60efffa5f321f828ce1a6b7178b4a7c31483c31","e87fc92b01a072959125780a8e961d0e22854ad4b5759a963f861233a26a61ef","5a838bd9cb3edf06df288914ad5cea60b61983f29d183a1efdeb5a3c90e3295e","fe8038f7428586044630e11b5023b3591fb8f49f46f8c66267bef4e06aa44740","/nfs/roberts/project/pi_jss233/zc362/chrono_divide/research-evidence/multimap-v2/screen-amendment-3/cells/task-209/cell.json"
"210","24604530","hfo-golden","cd_chrono_heckgolden.mpr","845359bfe0ea2ad3bb9dda90e0c00a7b97946fda132e87f717c22025923bd296","334","Africans","5","1","39,82","119,152","3002100334","0","draw","tick_cap_draw","90000","1","18","a60efffa5f321f828ce1a6b7178b4a7c31483c31","e87fc92b01a072959125780a8e961d0e22854ad4b5759a963f861233a26a61ef","5a838bd9cb3edf06df288914ad5cea60b61983f29d183a1efdeb5a3c90e3295e","2bd3be3700d1f38fa1b48dd48a91bbd4de26e9865f4a979c388434b7fee2c658","/nfs/roberts/project/pi_jss233/zc362/chrono_divide/research-evidence/multimap-v2/screen-amendment-3/cells/task-210/cell.json"
"211","24604531","hfo-golden","cd_chrono_heckgolden.mpr","845359bfe0ea2ad3bb9dda90e0c00a7b97946fda132e87f717c22025923bd296","338","Africans","5","1","88,34","50,121","3002100338","0","candidate","candidate_win","10453","9","0","a60efffa5f321f828ce1a6b7178b4a7c31483c31","e87fc92b01a072959125780a8e961d0e22854ad4b5759a963f861233a26a61ef","5a838bd9cb3edf06df288914ad5cea60b61983f29d183a1efdeb5a3c90e3295e","53ab324ed20ab9c6968156f3511b871ab1067ae912c4b79e132438d5688684ec","/nfs/roberts/project/pi_jss233/zc362/chrono_divide/research-evidence/multimap-v2/screen-amendment-3/cells/task-211/cell.json"
"212","24604538","hfo-golden","cd_chrono_heckgolden.mpr","845359bfe0ea2ad3bb9dda90e0c00a7b97946fda132e87f717c22025923bd296","342","Africans","5","1","151,119","120,83","3002100342","0","candidate","candidate_win","18700","6","0","a60efffa5f321f828ce1a6b7178b4a7c31483c31","e87fc92b01a072959125780a8e961d0e22854ad4b5759a963f861233a26a61ef","5a838bd9cb3edf06df288914ad5cea60b61983f29d183a1efdeb5a3c90e3295e","bde5370c1875a721366d257780843fff7e953f2a274d97d940aec9a2cfe97baf","/nfs/roberts/project/pi_jss233/zc362/chrono_divide/research-evidence/multimap-v2/screen-amendment-3/cells/task-212/cell.json"
"213","24604540","hfo-golden","cd_chrono_heckgolden.mpr","845359bfe0ea2ad3bb9dda90e0c00a7b97946fda132e87f717c22025923bd296","346","Africans","5","1","120,83","88,34","3002100346","0","candidate","candidate_win","19357","9","0","a60efffa5f321f828ce1a6b7178b4a7c31483c31","e87fc92b01a072959125780a8e961d0e22854ad4b5759a963f861233a26a61ef","5a838bd9cb3edf06df288914ad5cea60b61983f29d183a1efdeb5a3c90e3295e","77fbaff93f1823ba52adeafddd4b86ea711f756252ea7814c768cc4c64440b64","/nfs/roberts/project/pi_jss233/zc362/chrono_divide/research-evidence/multimap-v2/screen-amendment-3/cells/task-213/cell.json"
"214","24604541","hfo-golden","cd_chrono_heckgolden.mpr","845359bfe0ea2ad3bb9dda90e0c00a7b97946fda132e87f717c22025923bd296","350","Africans","5","1","50,121","39,82","3002100350","0","opponent","baseline_win","26651","0","7","a60efffa5f321f828ce1a6b7178b4a7c31483c31","e87fc92b01a072959125780a8e961d0e22854ad4b5759a963f861233a26a61ef","5a838bd9cb3edf06df288914ad5cea60b61983f29d183a1efdeb5a3c90e3295e","128799a103416ced1dc840eebccc7e0320876a4bc21eddf89e18ca8dcfac8667","/nfs/roberts/project/pi_jss233/zc362/chrono_divide/research-evidence/multimap-v2/screen-amendment-3/cells/task-214/cell.json"
"215","24604542","hfo-golden","cd_chrono_heckgolden.mpr","845359bfe0ea2ad3bb9dda90e0c00a7b97946fda132e87f717c22025923bd296","357","Africans","5","1","119,152","151,119","3002100357","0","candidate","candidate_win","8932","8","0","a60efffa5f321f828ce1a6b7178b4a7c31483c31","e87fc92b01a072959125780a8e961d0e22854ad4b5759a963f861233a26a61ef","5a838bd9cb3edf06df288914ad5cea60b61983f29d183a1efdeb5a3c90e3295e","9966f9cee0ec7abd24e7d60cf2a87329a56ea522db0f828136fcea2b02442c2a","/nfs/roberts/project/pi_jss233/zc362/chrono_divide/research-evidence/multimap-v2/screen-amendment-3/cells/task-215/cell.json"
"216","24604543","hfo-golden","cd_chrono_heckgolden.mpr","845359bfe0ea2ad3bb9dda90e0c00a7b97946fda132e87f717c22025923bd296","363","Arabs","6","0","39,82","50,121","3002100363","0","candidate","candidate_win","7596","6","0","a60efffa5f321f828ce1a6b7178b4a7c31483c31","e87fc92b01a072959125780a8e961d0e22854ad4b5759a963f861233a26a61ef","5a838bd9cb3edf06df288914ad5cea60b61983f29d183a1efdeb5a3c90e3295e","f1e50c3481cc86600bab2392b213755b7f060d574940e3b0162db6586c69abb3","/nfs/roberts/project/pi_jss233/zc362/chrono_divide/research-evidence/multimap-v2/screen-amendment-3/cells/task-216/cell.json"
"217","24604545","hfo-golden","cd_chrono_heckgolden.mpr","845359bfe0ea2ad3bb9dda90e0c00a7b97946fda132e87f717c22025923bd296","369","Arabs","6","0","88,34","119,152","3002100369","0","candidate","candidate_win","50662","20","0","a60efffa5f321f828ce1a6b7178b4a7c31483c31","e87fc92b01a072959125780a8e961d0e22854ad4b5759a963f861233a26a61ef","5a838bd9cb3edf06df288914ad5cea60b61983f29d183a1efdeb5a3c90e3295e","5ceab7276cb513c3c5d7f65fcb336cae0b02edf6a25e5e9acc5b8b0f65b54d77","/nfs/roberts/project/pi_jss233/zc362/chrono_divide/research-evidence/multimap-v2/screen-amendment-3/cells/task-217/cell.json"
"218","24604546","hfo-golden","cd_chrono_heckgolden.mpr","845359bfe0ea2ad3bb9dda90e0c00a7b97946fda132e87f717c22025923bd296","372","Arabs","6","0","151,119","120,83","3002100372","0","opponent","baseline_win","17437","0","7","a60efffa5f321f828ce1a6b7178b4a7c31483c31","e87fc92b01a072959125780a8e961d0e22854ad4b5759a963f861233a26a61ef","5a838bd9cb3edf06df288914ad5cea60b61983f29d183a1efdeb5a3c90e3295e","feec2df632a46f38f9739e45fcaad3555691edb5a11c92ab24b1e2a0dc28d697","/nfs/roberts/project/pi_jss233/zc362/chrono_divide/research-evidence/multimap-v2/screen-amendment-3/cells/task-218/cell.json"
"219","24604547","hfo-golden","cd_chrono_heckgolden.mpr","845359bfe0ea2ad3bb9dda90e0c00a7b97946fda132e87f717c22025923bd296","377","Arabs","6","0","120,83","151,119","3002100377","0","candidate","candidate_win","20320","10","0","a60efffa5f321f828ce1a6b7178b4a7c31483c31","e87fc92b01a072959125780a8e961d0e22854ad4b5759a963f861233a26a61ef","5a838bd9cb3edf06df288914ad5cea60b61983f29d183a1efdeb5a3c90e3295e","8a8d3146762b22c7207780da1547e572dcda9e0103f13d8a4eaff89e7b4ca8d7","/nfs/roberts/project/pi_jss233/zc362/chrono_divide/research-evidence/multimap-v2/screen-amendment-3/cells/task-219/cell.json"
"220","24604548","hfo-golden","cd_chrono_heckgolden.mpr","845359bfe0ea2ad3bb9dda90e0c00a7b97946fda132e87f717c22025923bd296","380","Arabs","6","0","50,121","39,82","3002100380","0","opponent","baseline_win","17580","0","6","a60efffa5f321f828ce1a6b7178b4a7c31483c31","e87fc92b01a072959125780a8e961d0e22854ad4b5759a963f861233a26a61ef","5a838bd9cb3edf06df288914ad5cea60b61983f29d183a1efdeb5a3c90e3295e","25c108602ee8080d9c4825088aad5dd4294d203fe410cb890d63e0b3fcb2fae3","/nfs/roberts/project/pi_jss233/zc362/chrono_divide/research-evidence/multimap-v2/screen-amendment-3/cells/task-220/cell.json"
"221","24604549","hfo-golden","cd_chrono_heckgolden.mpr","845359bfe0ea2ad3bb9dda90e0c00a7b97946fda132e87f717c22025923bd296","386","Arabs","6","0","119,152","88,34","3002100386","0","candidate","candidate_win","26236","6","0","a60efffa5f321f828ce1a6b7178b4a7c31483c31","e87fc92b01a072959125780a8e961d0e22854ad4b5759a963f861233a26a61ef","5a838bd9cb3edf06df288914ad5cea60b61983f29d183a1efdeb5a3c90e3295e","6ff017700e27c097774cc083257775bf5ee225c63ca16899ec98e1f192918eba","/nfs/roberts/project/pi_jss233/zc362/chrono_divide/research-evidence/multimap-v2/screen-amendment-3/cells/task-221/cell.json"
"222","24604550","hfo-golden","cd_chrono_heckgolden.mpr","845359bfe0ea2ad3bb9dda90e0c00a7b97946fda132e87f717c22025923bd296","393","Arabs","6","1","39,82","50,121","3002100393","0","candidate","candidate_win","6260","5","0","a60efffa5f321f828ce1a6b7178b4a7c31483c31","e87fc92b01a072959125780a8e961d0e22854ad4b5759a963f861233a26a61ef","5a838bd9cb3edf06df288914ad5cea60b61983f29d183a1efdeb5a3c90e3295e","28aa0d25883075c5b7552f36c9933c8df85795c4212b97c70c62f9d8c0cf8c0f","/nfs/roberts/project/pi_jss233/zc362/chrono_divide/research-evidence/multimap-v2/screen-amendment-3/cells/task-222/cell.json"
"223","24604552","hfo-golden","cd_chrono_heckgolden.mpr","845359bfe0ea2ad3bb9dda90e0c00a7b97946fda132e87f717c22025923bd296","399","Arabs","6","1","88,34","119,152","3002100399","0","candidate","candidate_win","34105","19","0","a60efffa5f321f828ce1a6b7178b4a7c31483c31","e87fc92b01a072959125780a8e961d0e22854ad4b5759a963f861233a26a61ef","5a838bd9cb3edf06df288914ad5cea60b61983f29d183a1efdeb5a3c90e3295e","918112e3277eb7284283c09619b2cbbdd896bad44cfe0b747e5aefaa2a025464","/nfs/roberts/project/pi_jss233/zc362/chrono_divide/research-evidence/multimap-v2/screen-amendment-3/cells/task-223/cell.json"
"224","24604553","hfo-golden","cd_chrono_heckgolden.mpr","845359bfe0ea2ad3bb9dda90e0c00a7b97946fda132e87f717c22025923bd296","402","Arabs","6","1","151,119","120,83","3002100402","0","opponent","baseline_win","18938","0","7","a60efffa5f321f828ce1a6b7178b4a7c31483c31","e87fc92b01a072959125780a8e961d0e22854ad4b5759a963f861233a26a61ef","5a838bd9cb3edf06df288914ad5cea60b61983f29d183a1efdeb5a3c90e3295e","87d0970e3db88df42f007da3f8a33de50caab1671f17eb2a04177635fab9d01d","/nfs/roberts/project/pi_jss233/zc362/chrono_divide/research-evidence/multimap-v2/screen-amendment-3/cells/task-224/cell.json"
"225","24604555","hfo-golden","cd_chrono_heckgolden.mpr","845359bfe0ea2ad3bb9dda90e0c00a7b97946fda132e87f717c22025923bd296","407","Arabs","6","1","120,83","151,119","3002100407","0","opponent","baseline_win","27243","0","7","a60efffa5f321f828ce1a6b7178b4a7c31483c31","e87fc92b01a072959125780a8e961d0e22854ad4b5759a963f861233a26a61ef","5a838bd9cb3edf06df288914ad5cea60b61983f29d183a1efdeb5a3c90e3295e","aa3a7758b23dfce704a67a182a59b767981f90bed952baae77fd32d6313aac89","/nfs/roberts/project/pi_jss233/zc362/chrono_divide/research-evidence/multimap-v2/screen-amendment-3/cells/task-225/cell.json"
"226","24604558","hfo-golden","cd_chrono_heckgolden.mpr","845359bfe0ea2ad3bb9dda90e0c00a7b97946fda132e87f717c22025923bd296","410","Arabs","6","1","50,121","39,82","3002100410","0","opponent","baseline_win","11366","0","6","a60efffa5f321f828ce1a6b7178b4a7c31483c31","e87fc92b01a072959125780a8e961d0e22854ad4b5759a963f861233a26a61ef","5a838bd9cb3edf06df288914ad5cea60b61983f29d183a1efdeb5a3c90e3295e","80f91b72631a58a5f5887bbcbbdc70b1798eded583c1cbd22f5fb9f40e8caca1","/nfs/roberts/project/pi_jss233/zc362/chrono_divide/research-evidence/multimap-v2/screen-amendment-3/cells/task-226/cell.json"
"227","24604559","hfo-golden","cd_chrono_heckgolden.mpr","845359bfe0ea2ad3bb9dda90e0c00a7b97946fda132e87f717c22025923bd296","416","Arabs","6","1","119,152","88,34","3002100416","0","candidate","candidate_win","16965","6","0","a60efffa5f321f828ce1a6b7178b4a7c31483c31","e87fc92b01a072959125780a8e961d0e22854ad4b5759a963f861233a26a61ef","5a838bd9cb3edf06df288914ad5cea60b61983f29d183a1efdeb5a3c90e3295e","65b498939c705a7e63838d1fc7b6af7de5637403631375c856c4ad7766898f3b","/nfs/roberts/project/pi_jss233/zc362/chrono_divide/research-evidence/multimap-v2/screen-amendment-3/cells/task-227/cell.json"
"228","24604562","hfo-golden","cd_chrono_heckgolden.mpr","845359bfe0ea2ad3bb9dda90e0c00a7b97946fda132e87f717c22025923bd296","421","Confederation","7","0","39,82","151,119","3002100421","0","opponent","baseline_win","10867","0","6","a60efffa5f321f828ce1a6b7178b4a7c31483c31","e87fc92b01a072959125780a8e961d0e22854ad4b5759a963f861233a26a61ef","5a838bd9cb3edf06df288914ad5cea60b61983f29d183a1efdeb5a3c90e3295e","3b55010cc6e15ee88c4663772c9592c46c12c1c9e8c66c49402b8b6471a6adc5","/nfs/roberts/project/pi_jss233/zc362/chrono_divide/research-evidence/multimap-v2/screen-amendment-3/cells/task-228/cell.json"
"229","24604563","hfo-golden","cd_chrono_heckgolden.mpr","845359bfe0ea2ad3bb9dda90e0c00a7b97946fda132e87f717c22025923bd296","428","Confederation","7","0","88,34","50,121","3002100428","0","candidate","candidate_win","12834","9","0","a60efffa5f321f828ce1a6b7178b4a7c31483c31","e87fc92b01a072959125780a8e961d0e22854ad4b5759a963f861233a26a61ef","5a838bd9cb3edf06df288914ad5cea60b61983f29d183a1efdeb5a3c90e3295e","3b19face8b129169c843f1731cd78bb996f94a061761ae7dad08349e35ad4109","/nfs/roberts/project/pi_jss233/zc362/chrono_divide/research-evidence/multimap-v2/screen-amendment-3/cells/task-229/cell.json"
"230","24604564","hfo-golden","cd_chrono_heckgolden.mpr","845359bfe0ea2ad3bb9dda90e0c00a7b97946fda132e87f717c22025923bd296","431","Confederation","7","0","151,119","88,34","3002100431","0","opponent","baseline_win","15616","0","7","a60efffa5f321f828ce1a6b7178b4a7c31483c31","e87fc92b01a072959125780a8e961d0e22854ad4b5759a963f861233a26a61ef","5a838bd9cb3edf06df288914ad5cea60b61983f29d183a1efdeb5a3c90e3295e","0e3a04fec800b2a7a9d0353ac7bc1980b451689b88688814beb2f3a5daac5869","/nfs/roberts/project/pi_jss233/zc362/chrono_divide/research-evidence/multimap-v2/screen-amendment-3/cells/task-230/cell.json"
"231","24604566","hfo-golden","cd_chrono_heckgolden.mpr","845359bfe0ea2ad3bb9dda90e0c00a7b97946fda132e87f717c22025923bd296","439","Confederation","7","0","120,83","119,152","3002100439","0","opponent","baseline_win","56195","0","8","a60efffa5f321f828ce1a6b7178b4a7c31483c31","e87fc92b01a072959125780a8e961d0e22854ad4b5759a963f861233a26a61ef","5a838bd9cb3edf06df288914ad5cea60b61983f29d183a1efdeb5a3c90e3295e","be35a69048a985bf84c4c75b8f982f16b3d54ba567ed9e4beeb3d788558f28d2","/nfs/roberts/project/pi_jss233/zc362/chrono_divide/research-evidence/multimap-v2/screen-amendment-3/cells/task-231/cell.json"
"232","24604569","hfo-golden","cd_chrono_heckgolden.mpr","845359bfe0ea2ad3bb9dda90e0c00a7b97946fda132e87f717c22025923bd296","443","Confederation","7","0","50,121","120,83","3002100443","0","opponent","baseline_win","20472","0","7","a60efffa5f321f828ce1a6b7178b4a7c31483c31","e87fc92b01a072959125780a8e961d0e22854ad4b5759a963f861233a26a61ef","5a838bd9cb3edf06df288914ad5cea60b61983f29d183a1efdeb5a3c90e3295e","1605c0770a6f3a1af97e72b5764fb1163f1d23432be1291cd0bb4be417c8b188","/nfs/roberts/project/pi_jss233/zc362/chrono_divide/research-evidence/multimap-v2/screen-amendment-3/cells/task-232/cell.json"
"233","24604570","hfo-golden","cd_chrono_heckgolden.mpr","845359bfe0ea2ad3bb9dda90e0c00a7b97946fda132e87f717c22025923bd296","445","Confederation","7","0","119,152","39,82","3002100445","0","candidate","candidate_win","8660","6","0","a60efffa5f321f828ce1a6b7178b4a7c31483c31","e87fc92b01a072959125780a8e961d0e22854ad4b5759a963f861233a26a61ef","5a838bd9cb3edf06df288914ad5cea60b61983f29d183a1efdeb5a3c90e3295e","0b841e7a1a1a07e81d732941d5e5d341205fdc0f889d7a7baf5bc4c294150dee","/nfs/roberts/project/pi_jss233/zc362/chrono_divide/research-evidence/multimap-v2/screen-amendment-3/cells/task-233/cell.json"
"234","24604572","hfo-golden","cd_chrono_heckgolden.mpr","845359bfe0ea2ad3bb9dda90e0c00a7b97946fda132e87f717c22025923bd296","451","Confederation","7","1","39,82","151,119","3002100451","0","opponent","baseline_win","10532","0","6","a60efffa5f321f828ce1a6b7178b4a7c31483c31","e87fc92b01a072959125780a8e961d0e22854ad4b5759a963f861233a26a61ef","5a838bd9cb3edf06df288914ad5cea60b61983f29d183a1efdeb5a3c90e3295e","cfb8f5465545f47210768f4a434003f739c69b1a904af1de4d361cab2eb57be8","/nfs/roberts/project/pi_jss233/zc362/chrono_divide/research-evidence/multimap-v2/screen-amendment-3/cells/task-234/cell.json"
"235","24604573","hfo-golden","cd_chrono_heckgolden.mpr","845359bfe0ea2ad3bb9dda90e0c00a7b97946fda132e87f717c22025923bd296","458","Confederation","7","1","88,34","50,121","3002100458","0","candidate","candidate_win","10603","9","0","a60efffa5f321f828ce1a6b7178b4a7c31483c31","e87fc92b01a072959125780a8e961d0e22854ad4b5759a963f861233a26a61ef","5a838bd9cb3edf06df288914ad5cea60b61983f29d183a1efdeb5a3c90e3295e","f736e6021adbd65ed1f76805e9d2c3c0e9c099648c26988d385033ad25b66129","/nfs/roberts/project/pi_jss233/zc362/chrono_divide/research-evidence/multimap-v2/screen-amendment-3/cells/task-235/cell.json"
"236","24604574","hfo-golden","cd_chrono_heckgolden.mpr","845359bfe0ea2ad3bb9dda90e0c00a7b97946fda132e87f717c22025923bd296","461","Confederation","7","1","151,119","88,34","3002100461","0","opponent","baseline_win","18932","0","7","a60efffa5f321f828ce1a6b7178b4a7c31483c31","e87fc92b01a072959125780a8e961d0e22854ad4b5759a963f861233a26a61ef","5a838bd9cb3edf06df288914ad5cea60b61983f29d183a1efdeb5a3c90e3295e","e036a04c5c245a96cda5a4d0ed86fadb5a727956a24335ff78813c2dda4acb6c","/nfs/roberts/project/pi_jss233/zc362/chrono_divide/research-evidence/multimap-v2/screen-amendment-3/cells/task-236/cell.json"
"237","24604575","hfo-golden","cd_chrono_heckgolden.mpr","845359bfe0ea2ad3bb9dda90e0c00a7b97946fda132e87f717c22025923bd296","469","Confederation","7","1","120,83","119,152","3002100469","0","opponent","baseline_win","59581","0","18","a60efffa5f321f828ce1a6b7178b4a7c31483c31","e87fc92b01a072959125780a8e961d0e22854ad4b5759a963f861233a26a61ef","5a838bd9cb3edf06df288914ad5cea60b61983f29d183a1efdeb5a3c90e3295e","4d0043c20f04f056a34040fa7cc4657bcb9228724d792250effe26433b0f365f","/nfs/roberts/project/pi_jss233/zc362/chrono_divide/research-evidence/multimap-v2/screen-amendment-3/cells/task-237/cell.json"
"238","24604576","hfo-golden","cd_chrono_heckgolden.mpr","845359bfe0ea2ad3bb9dda90e0c00a7b97946fda132e87f717c22025923bd296","473","Confederation","7","1","50,121","120,83","3002100473","0","opponent","baseline_win","22261","0","7","a60efffa5f321f828ce1a6b7178b4a7c31483c31","e87fc92b01a072959125780a8e961d0e22854ad4b5759a963f861233a26a61ef","5a838bd9cb3edf06df288914ad5cea60b61983f29d183a1efdeb5a3c90e3295e","d8833b7d2ec17e13f5d11f45f29c19060dd36e63c8a4fe8cf25ff8b958dc1ace","/nfs/roberts/project/pi_jss233/zc362/chrono_divide/research-evidence/multimap-v2/screen-amendment-3/cells/task-238/cell.json"
"239","24604577","hfo-golden","cd_chrono_heckgolden.mpr","845359bfe0ea2ad3bb9dda90e0c00a7b97946fda132e87f717c22025923bd296","475","Confederation","7","1","119,152","39,82","3002100475","0","candidate","candidate_win","9368","6","0","a60efffa5f321f828ce1a6b7178b4a7c31483c31","e87fc92b01a072959125780a8e961d0e22854ad4b5759a963f861233a26a61ef","5a838bd9cb3edf06df288914ad5cea60b61983f29d183a1efdeb5a3c90e3295e","374efb197159f1abbfeacd77204dc5c8e97646b9cf9ccd8122dbd7ef27af2c4d","/nfs/roberts/project/pi_jss233/zc362/chrono_divide/research-evidence/multimap-v2/screen-amendment-3/cells/task-239/cell.json"
"240","24604579","hfo-golden","cd_chrono_heckgolden.mpr","845359bfe0ea2ad3bb9dda90e0c00a7b97946fda132e87f717c22025923bd296","484","Russians","8","0","39,82","119,152","3002100484","0","draw","tick_cap_draw","90000","3","18","a60efffa5f321f828ce1a6b7178b4a7c31483c31","e87fc92b01a072959125780a8e961d0e22854ad4b5759a963f861233a26a61ef","5a838bd9cb3edf06df288914ad5cea60b61983f29d183a1efdeb5a3c90e3295e","94dc2cc31e4e9f8a0b895dce9c4297a940713dca4eca463f0f26372d2c71ee00","/nfs/roberts/project/pi_jss233/zc362/chrono_divide/research-evidence/multimap-v2/screen-amendment-3/cells/task-240/cell.json"
"241","24604580","hfo-golden","cd_chrono_heckgolden.mpr","845359bfe0ea2ad3bb9dda90e0c00a7b97946fda132e87f717c22025923bd296","486","Russians","8","0","88,34","151,119","3002100486","0","candidate","candidate_win","19293","11","0","a60efffa5f321f828ce1a6b7178b4a7c31483c31","e87fc92b01a072959125780a8e961d0e22854ad4b5759a963f861233a26a61ef","5a838bd9cb3edf06df288914ad5cea60b61983f29d183a1efdeb5a3c90e3295e","7e8e90c1a7023007d2f66cd108d20c51161574fee007e09281b6a97b43ee9d37","/nfs/roberts/project/pi_jss233/zc362/chrono_divide/research-evidence/multimap-v2/screen-amendment-3/cells/task-241/cell.json"
"242","24604581","hfo-golden","cd_chrono_heckgolden.mpr","845359bfe0ea2ad3bb9dda90e0c00a7b97946fda132e87f717c22025923bd296","490","Russians","8","0","151,119","39,82","3002100490","0","candidate","candidate_win","32305","9","0","a60efffa5f321f828ce1a6b7178b4a7c31483c31","e87fc92b01a072959125780a8e961d0e22854ad4b5759a963f861233a26a61ef","5a838bd9cb3edf06df288914ad5cea60b61983f29d183a1efdeb5a3c90e3295e","e5989a2dc8fa15d2c497c4c6957ba0e92e0e3c7618a4d0df0d6c71917ced97c1","/nfs/roberts/project/pi_jss233/zc362/chrono_divide/research-evidence/multimap-v2/screen-amendment-3/cells/task-242/cell.json"
"243","24604586","hfo-golden","cd_chrono_heckgolden.mpr","845359bfe0ea2ad3bb9dda90e0c00a7b97946fda132e87f717c22025923bd296","498","Russians","8","0","120,83","50,121","3002100498","0","candidate","candidate_win","19194","10","0","a60efffa5f321f828ce1a6b7178b4a7c31483c31","e87fc92b01a072959125780a8e961d0e22854ad4b5759a963f861233a26a61ef","5a838bd9cb3edf06df288914ad5cea60b61983f29d183a1efdeb5a3c90e3295e","927084878d9d724a78807674ef1e66e810d25692258e4de3eb4f0354cb0b7c7c","/nfs/roberts/project/pi_jss233/zc362/chrono_divide/research-evidence/multimap-v2/screen-amendment-3/cells/task-243/cell.json"
"244","24604838","hfo-golden","cd_chrono_heckgolden.mpr","845359bfe0ea2ad3bb9dda90e0c00a7b97946fda132e87f717c22025923bd296","501","Russians","8","0","50,121","88,34","3002100501","0","opponent","baseline_win","52538","0","18","a60efffa5f321f828ce1a6b7178b4a7c31483c31","e87fc92b01a072959125780a8e961d0e22854ad4b5759a963f861233a26a61ef","5a838bd9cb3edf06df288914ad5cea60b61983f29d183a1efdeb5a3c90e3295e","5547aff75f5cb75b62e97f021eda174291180da7a8c6f153409c90c3422b4cb2","/nfs/roberts/project/pi_jss233/zc362/chrono_divide/research-evidence/multimap-v2/screen-amendment-3/cells/task-244/cell.json"
"245","24604842","hfo-golden","cd_chrono_heckgolden.mpr","845359bfe0ea2ad3bb9dda90e0c00a7b97946fda132e87f717c22025923bd296","508","Russians","8","0","119,152","120,83","3002100508","0","candidate","candidate_win","20547","11","0","a60efffa5f321f828ce1a6b7178b4a7c31483c31","e87fc92b01a072959125780a8e961d0e22854ad4b5759a963f861233a26a61ef","5a838bd9cb3edf06df288914ad5cea60b61983f29d183a1efdeb5a3c90e3295e","44318ae903b8663ef69a649c40c040d499fa612ceb6f8ba9b5307e2e6081e666","/nfs/roberts/project/pi_jss233/zc362/chrono_divide/research-evidence/multimap-v2/screen-amendment-3/cells/task-245/cell.json"
"246","24604843","hfo-golden","cd_chrono_heckgolden.mpr","845359bfe0ea2ad3bb9dda90e0c00a7b97946fda132e87f717c22025923bd296","514","Russians","8","1","39,82","119,152","3002100514","0","draw","tick_cap_draw","90000","1","18","a60efffa5f321f828ce1a6b7178b4a7c31483c31","e87fc92b01a072959125780a8e961d0e22854ad4b5759a963f861233a26a61ef","5a838bd9cb3edf06df288914ad5cea60b61983f29d183a1efdeb5a3c90e3295e","501fe0efaecc3f4950d26b389181595b09e218a82500088243a3cb4ffdb4da1d","/nfs/roberts/project/pi_jss233/zc362/chrono_divide/research-evidence/multimap-v2/screen-amendment-3/cells/task-246/cell.json"
"247","24604849","hfo-golden","cd_chrono_heckgolden.mpr","845359bfe0ea2ad3bb9dda90e0c00a7b97946fda132e87f717c22025923bd296","516","Russians","8","1","88,34","151,119","3002100516","0","candidate","candidate_win","19657","8","0","a60efffa5f321f828ce1a6b7178b4a7c31483c31","e87fc92b01a072959125780a8e961d0e22854ad4b5759a963f861233a26a61ef","5a838bd9cb3edf06df288914ad5cea60b61983f29d183a1efdeb5a3c90e3295e","abe018def735b6c8c0e7e39b72b041367e81edc1f917ebecda1e58344c45669b","/nfs/roberts/project/pi_jss233/zc362/chrono_divide/research-evidence/multimap-v2/screen-amendment-3/cells/task-247/cell.json"
"248","24604858","hfo-golden","cd_chrono_heckgolden.mpr","845359bfe0ea2ad3bb9dda90e0c00a7b97946fda132e87f717c22025923bd296","520","Russians","8","1","151,119","39,82","3002100520","0","candidate","candidate_win","27578","9","0","a60efffa5f321f828ce1a6b7178b4a7c31483c31","e87fc92b01a072959125780a8e961d0e22854ad4b5759a963f861233a26a61ef","5a838bd9cb3edf06df288914ad5cea60b61983f29d183a1efdeb5a3c90e3295e","0b9bde56f0fe532e22c9029eccf7fd17c07cd7b231a0045cd62516b2d04866f7","/nfs/roberts/project/pi_jss233/zc362/chrono_divide/research-evidence/multimap-v2/screen-amendment-3/cells/task-248/cell.json"
"249","24604859","hfo-golden","cd_chrono_heckgolden.mpr","845359bfe0ea2ad3bb9dda90e0c00a7b97946fda132e87f717c22025923bd296","528","Russians","8","1","120,83","50,121","3002100528","0","candidate","candidate_win","10932","8","0","a60efffa5f321f828ce1a6b7178b4a7c31483c31","e87fc92b01a072959125780a8e961d0e22854ad4b5759a963f861233a26a61ef","5a838bd9cb3edf06df288914ad5cea60b61983f29d183a1efdeb5a3c90e3295e","74bf6e667a43df1267aaef1b2fdca3f882d2f5ab6b9a54a37ff8fb1fa18a7ff2","/nfs/roberts/project/pi_jss233/zc362/chrono_divide/research-evidence/multimap-v2/screen-amendment-3/cells/task-249/cell.json"
"250","24604860","hfo-golden","cd_chrono_heckgolden.mpr","845359bfe0ea2ad3bb9dda90e0c00a7b97946fda132e87f717c22025923bd296","531","Russians","8","1","50,121","88,34","3002100531","0","opponent","baseline_win","56793","0","19","a60efffa5f321f828ce1a6b7178b4a7c31483c31","e87fc92b01a072959125780a8e961d0e22854ad4b5759a963f861233a26a61ef","5a838bd9cb3edf06df288914ad5cea60b61983f29d183a1efdeb5a3c90e3295e","d4b120c44dffcce08309afec454edb17e56fe7b2e689daed9c9bf026469de8c2","/nfs/roberts/project/pi_jss233/zc362/chrono_divide/research-evidence/multimap-v2/screen-amendment-3/cells/task-250/cell.json"
"251","24604861","hfo-golden","cd_chrono_heckgolden.mpr","845359bfe0ea2ad3bb9dda90e0c00a7b97946fda132e87f717c22025923bd296","538","Russians","8","1","119,152","120,83","3002100538","0","candidate","candidate_win","37368","15","0","a60efffa5f321f828ce1a6b7178b4a7c31483c31","e87fc92b01a072959125780a8e961d0e22854ad4b5759a963f861233a26a61ef","5a838bd9cb3edf06df288914ad5cea60b61983f29d183a1efdeb5a3c90e3295e","07f1670ca348edb389cddcfce6d1d71264331a1df5fae98e5f19a5b2fdae610d","/nfs/roberts/project/pi_jss233/zc362/chrono_divide/research-evidence/multimap-v2/screen-amendment-3/cells/task-251/cell.json"
"252","24604866","hfo-corners","cd_chrono_heckcorners.map","3aa63da555db30d0d97d9319057650c440ebf57f655c8c001705e312768e628a","0","Americans","0","0","39,82","88,34","3002200000","0","opponent","baseline_win","7558","0","5","a60efffa5f321f828ce1a6b7178b4a7c31483c31","e87fc92b01a072959125780a8e961d0e22854ad4b5759a963f861233a26a61ef","5a838bd9cb3edf06df288914ad5cea60b61983f29d183a1efdeb5a3c90e3295e","f9fe82d0445b5f6efaf6e0427bd6501e83ccc59e70bf51b443210af4c3029362","/nfs/roberts/project/pi_jss233/zc362/chrono_divide/research-evidence/multimap-v2/screen-amendment-3/cells/task-252/cell.json"
"253","24604867","hfo-corners","cd_chrono_heckcorners.map","3aa63da555db30d0d97d9319057650c440ebf57f655c8c001705e312768e628a","4","Americans","0","0","88,34","151,119","3002200004","0","candidate","candidate_win","19244","14","0","a60efffa5f321f828ce1a6b7178b4a7c31483c31","e87fc92b01a072959125780a8e961d0e22854ad4b5759a963f861233a26a61ef","5a838bd9cb3edf06df288914ad5cea60b61983f29d183a1efdeb5a3c90e3295e","a91f38eeefd06283fe726b6510dcc55760f8a5c1e65ee8ddd6fe00575b3dbbb1","/nfs/roberts/project/pi_jss233/zc362/chrono_divide/research-evidence/multimap-v2/screen-amendment-3/cells/task-253/cell.json"
"254","24604869","hfo-corners","cd_chrono_heckcorners.map","3aa63da555db30d0d97d9319057650c440ebf57f655c8c001705e312768e628a","8","Americans","0","0","151,119","87,157","3002200008","0","candidate","candidate_win","20060","5","0","a60efffa5f321f828ce1a6b7178b4a7c31483c31","e87fc92b01a072959125780a8e961d0e22854ad4b5759a963f861233a26a61ef","5a838bd9cb3edf06df288914ad5cea60b61983f29d183a1efdeb5a3c90e3295e","59e96042f0f6a7f499162db64f303e6a58628146bda40a8ae83c6f9808e16218","/nfs/roberts/project/pi_jss233/zc362/chrono_divide/research-evidence/multimap-v2/screen-amendment-3/cells/task-254/cell.json"
"255","24604870","hfo-corners","cd_chrono_heckcorners.map","3aa63da555db30d0d97d9319057650c440ebf57f655c8c001705e312768e628a","9","Americans","0","0","87,157","39,82","3002200009","0","candidate","candidate_win","7489","6","0","a60efffa5f321f828ce1a6b7178b4a7c31483c31","e87fc92b01a072959125780a8e961d0e22854ad4b5759a963f861233a26a61ef","5a838bd9cb3edf06df288914ad5cea60b61983f29d183a1efdeb5a3c90e3295e","9e2f21c7610498d8b79b603108a48b438f27d7ffeea9bf52751bc482fea58577","/nfs/roberts/project/pi_jss233/zc362/chrono_divide/research-evidence/multimap-v2/screen-amendment-3/cells/task-255/cell.json"
"256","24604871","hfo-corners","cd_chrono_heckcorners.map","3aa63da555db30d0d97d9319057650c440ebf57f655c8c001705e312768e628a","12","Americans","0","1","39,82","88,34","3002200012","0","candidate","candidate_win","7180","7","0","a60efffa5f321f828ce1a6b7178b4a7c31483c31","e87fc92b01a072959125780a8e961d0e22854ad4b5759a963f861233a26a61ef","5a838bd9cb3edf06df288914ad5cea60b61983f29d183a1efdeb5a3c90e3295e","55fffefa69e23fb7935ba03759004919e0b16f2d28ee0ff6068c4b1429c5dd44","/nfs/roberts/project/pi_jss233/zc362/chrono_divide/research-evidence/multimap-v2/screen-amendment-3/cells/task-256/cell.json"
"257","24604874","hfo-corners","cd_chrono_heckcorners.map","3aa63da555db30d0d97d9319057650c440ebf57f655c8c001705e312768e628a","16","Americans","0","1","88,34","151,119","3002200016","0","candidate","candidate_win","19299","14","0","a60efffa5f321f828ce1a6b7178b4a7c31483c31","e87fc92b01a072959125780a8e961d0e22854ad4b5759a963f861233a26a61ef","5a838bd9cb3edf06df288914ad5cea60b61983f29d183a1efdeb5a3c90e3295e","fa5a576c2c33637538e2b406f8c443fecba1c4316957baf085fd36a3a074cb64","/nfs/roberts/project/pi_jss233/zc362/chrono_divide/research-evidence/multimap-v2/screen-amendment-3/cells/task-257/cell.json"
"258","24604875","hfo-corners","cd_chrono_heckcorners.map","3aa63da555db30d0d97d9319057650c440ebf57f655c8c001705e312768e628a","20","Americans","0","1","151,119","87,157","3002200020","0","candidate","candidate_win","20684","5","0","a60efffa5f321f828ce1a6b7178b4a7c31483c31","e87fc92b01a072959125780a8e961d0e22854ad4b5759a963f861233a26a61ef","5a838bd9cb3edf06df288914ad5cea60b61983f29d183a1efdeb5a3c90e3295e","6be514b564469d3d7f51ac77e45bb0bd8077063788fbd551450dbcf9e9ec914c","/nfs/roberts/project/pi_jss233/zc362/chrono_divide/research-evidence/multimap-v2/screen-amendment-3/cells/task-258/cell.json"
"259","24604883","hfo-corners","cd_chrono_heckcorners.map","3aa63da555db30d0d97d9319057650c440ebf57f655c8c001705e312768e628a","21","Americans","0","1","87,157","39,82","3002200021","0","candidate","candidate_win","7384","6","0","a60efffa5f321f828ce1a6b7178b4a7c31483c31","e87fc92b01a072959125780a8e961d0e22854ad4b5759a963f861233a26a61ef","5a838bd9cb3edf06df288914ad5cea60b61983f29d183a1efdeb5a3c90e3295e","ea0a6592567bd589b6b65506542a2029584a04f7f3b03de53f6842418d24de60","/nfs/roberts/project/pi_jss233/zc362/chrono_divide/research-evidence/multimap-v2/screen-amendment-3/cells/task-259/cell.json"
"260","24604884","hfo-corners","cd_chrono_heckcorners.map","3aa63da555db30d0d97d9319057650c440ebf57f655c8c001705e312768e628a","25","Alliance","1","0","39,82","151,119","3002200025","0","opponent","baseline_win","20828","0","7","a60efffa5f321f828ce1a6b7178b4a7c31483c31","e87fc92b01a072959125780a8e961d0e22854ad4b5759a963f861233a26a61ef","5a838bd9cb3edf06df288914ad5cea60b61983f29d183a1efdeb5a3c90e3295e","0a37a76bbc7cdef8fd7ff51b905f03b8f70d657b471edc0d1d0ed9104c16826f","/nfs/roberts/project/pi_jss233/zc362/chrono_divide/research-evidence/multimap-v2/screen-amendment-3/cells/task-260/cell.json"
"261","24604885","hfo-corners","cd_chrono_heckcorners.map","3aa63da555db30d0d97d9319057650c440ebf57f655c8c001705e312768e628a","29","Alliance","1","0","88,34","87,157","3002200029","0","candidate","candidate_win","16768","11","0","a60efffa5f321f828ce1a6b7178b4a7c31483c31","e87fc92b01a072959125780a8e961d0e22854ad4b5759a963f861233a26a61ef","5a838bd9cb3edf06df288914ad5cea60b61983f29d183a1efdeb5a3c90e3295e","e538069f1ca7bf1d479d371ee3fbbf92e4fa38ffef2c7884566fd7acbb5c6df9","/nfs/roberts/project/pi_jss233/zc362/chrono_divide/research-evidence/multimap-v2/screen-amendment-3/cells/task-261/cell.json"
"262","24604888","hfo-corners","cd_chrono_heckcorners.map","3aa63da555db30d0d97d9319057650c440ebf57f655c8c001705e312768e628a","30","Alliance","1","0","151,119","39,82","3002200030","0","candidate","candidate_win","35863","8","0","a60efffa5f321f828ce1a6b7178b4a7c31483c31","e87fc92b01a072959125780a8e961d0e22854ad4b5759a963f861233a26a61ef","5a838bd9cb3edf06df288914ad5cea60b61983f29d183a1efdeb5a3c90e3295e","6cdf2264426082651fc6351f28d39f6d43f042eb9d58175d89ce03ded8326e55","/nfs/roberts/project/pi_jss233/zc362/chrono_divide/research-evidence/multimap-v2/screen-amendment-3/cells/task-262/cell.json"
"263","24604890","hfo-corners","cd_chrono_heckcorners.map","3aa63da555db30d0d97d9319057650c440ebf57f655c8c001705e312768e628a","34","Alliance","1","0","87,157","88,34","3002200034","0","candidate","candidate_win","22150","6","0","a60efffa5f321f828ce1a6b7178b4a7c31483c31","e87fc92b01a072959125780a8e961d0e22854ad4b5759a963f861233a26a61ef","5a838bd9cb3edf06df288914ad5cea60b61983f29d183a1efdeb5a3c90e3295e","6b04277398e9f0b52ebaa7f2b6e9ac92b586a4e8a358899c0319fe3a9d952089","/nfs/roberts/project/pi_jss233/zc362/chrono_divide/research-evidence/multimap-v2/screen-amendment-3/cells/task-263/cell.json"
"264","24604892","hfo-corners","cd_chrono_heckcorners.map","3aa63da555db30d0d97d9319057650c440ebf57f655c8c001705e312768e628a","37","Alliance","1","1","39,82","151,119","3002200037","0","opponent","baseline_win","16120","0","7","a60efffa5f321f828ce1a6b7178b4a7c31483c31","e87fc92b01a072959125780a8e961d0e22854ad4b5759a963f861233a26a61ef","5a838bd9cb3edf06df288914ad5cea60b61983f29d183a1efdeb5a3c90e3295e","e139bf2bc30f1136592a8d7ee3d4f87d2e3d6eabb3bdd261decdab7593771503","/nfs/roberts/project/pi_jss233/zc362/chrono_divide/research-evidence/multimap-v2/screen-amendment-3/cells/task-264/cell.json"
"265","24604895","hfo-corners","cd_chrono_heckcorners.map","3aa63da555db30d0d97d9319057650c440ebf57f655c8c001705e312768e628a","41","Alliance","1","1","88,34","87,157","3002200041","0","candidate","candidate_win","13228","9","0","a60efffa5f321f828ce1a6b7178b4a7c31483c31","e87fc92b01a072959125780a8e961d0e22854ad4b5759a963f861233a26a61ef","5a838bd9cb3edf06df288914ad5cea60b61983f29d183a1efdeb5a3c90e3295e","f1e16f71f7bdc1d6b0c913d732c7168b7b69269efd4df85383ee2c0766e8f666","/nfs/roberts/project/pi_jss233/zc362/chrono_divide/research-evidence/multimap-v2/screen-amendment-3/cells/task-265/cell.json"
"266","24604897","hfo-corners","cd_chrono_heckcorners.map","3aa63da555db30d0d97d9319057650c440ebf57f655c8c001705e312768e628a","42","Alliance","1","1","151,119","39,82","3002200042","0","candidate","candidate_win","44300","2","0","a60efffa5f321f828ce1a6b7178b4a7c31483c31","e87fc92b01a072959125780a8e961d0e22854ad4b5759a963f861233a26a61ef","5a838bd9cb3edf06df288914ad5cea60b61983f29d183a1efdeb5a3c90e3295e","e88b4bc314cc202761029c811d7f7e1552b3f790f9e5813270df3b3a8dd8292f","/nfs/roberts/project/pi_jss233/zc362/chrono_divide/research-evidence/multimap-v2/screen-amendment-3/cells/task-266/cell.json"
"267","24604900","hfo-corners","cd_chrono_heckcorners.map","3aa63da555db30d0d97d9319057650c440ebf57f655c8c001705e312768e628a","46","Alliance","1","1","87,157","88,34","3002200046","0","candidate","candidate_win","16633","6","0","a60efffa5f321f828ce1a6b7178b4a7c31483c31","e87fc92b01a072959125780a8e961d0e22854ad4b5759a963f861233a26a61ef","5a838bd9cb3edf06df288914ad5cea60b61983f29d183a1efdeb5a3c90e3295e","7cdb49ed23e4d2283c737df13af750f34240a19fb5c894c2df6181554f947609","/nfs/roberts/project/pi_jss233/zc362/chrono_divide/research-evidence/multimap-v2/screen-amendment-3/cells/task-267/cell.json"
"268","24604902","hfo-corners","cd_chrono_heckcorners.map","3aa63da555db30d0d97d9319057650c440ebf57f655c8c001705e312768e628a","50","French","2","0","39,82","87,157","3002200050","0","candidate","candidate_win","19580","11","0","a60efffa5f321f828ce1a6b7178b4a7c31483c31","e87fc92b01a072959125780a8e961d0e22854ad4b5759a963f861233a26a61ef","5a838bd9cb3edf06df288914ad5cea60b61983f29d183a1efdeb5a3c90e3295e","d163858d96dfbce444efe861600732521991d73c63f641d221dd51b8f60a5fd5","/nfs/roberts/project/pi_jss233/zc362/chrono_divide/research-evidence/multimap-v2/screen-amendment-3/cells/task-268/cell.json"
"269","24604904","hfo-corners","cd_chrono_heckcorners.map","3aa63da555db30d0d97d9319057650c440ebf57f655c8c001705e312768e628a","51","French","2","0","88,34","39,82","3002200051","0","opponent","baseline_win","6910","0","5","a60efffa5f321f828ce1a6b7178b4a7c31483c31","e87fc92b01a072959125780a8e961d0e22854ad4b5759a963f861233a26a61ef","5a838bd9cb3edf06df288914ad5cea60b61983f29d183a1efdeb5a3c90e3295e","3d9ebc6173bfb1430f12260229f2f804b2e3288aa89d96f768606d11332a3ba4","/nfs/roberts/project/pi_jss233/zc362/chrono_divide/research-evidence/multimap-v2/screen-amendment-3/cells/task-269/cell.json"
"270","24604906","hfo-corners","cd_chrono_heckcorners.map","3aa63da555db30d0d97d9319057650c440ebf57f655c8c001705e312768e628a","55","French","2","0","151,119","88,34","3002200055","0","candidate","candidate_win","46997","6","0","a60efffa5f321f828ce1a6b7178b4a7c31483c31","e87fc92b01a072959125780a8e961d0e22854ad4b5759a963f861233a26a61ef","5a838bd9cb3edf06df288914ad5cea60b61983f29d183a1efdeb5a3c90e3295e","8526912560f59fc10051506f90c22393622abcdb5744ef00a0e3ece59a8e186f","/nfs/roberts/project/pi_jss233/zc362/chrono_divide/research-evidence/multimap-v2/screen-amendment-3/cells/task-270/cell.json"
"271","24604907","hfo-corners","cd_chrono_heckcorners.map","3aa63da555db30d0d97d9319057650c440ebf57f655c8c001705e312768e628a","59","French","2","0","87,157","151,119","3002200059","0","candidate","candidate_win","7078","7","0","a60efffa5f321f828ce1a6b7178b4a7c31483c31","e87fc92b01a072959125780a8e961d0e22854ad4b5759a963f861233a26a61ef","5a838bd9cb3edf06df288914ad5cea60b61983f29d183a1efdeb5a3c90e3295e","c07d6f4afe27719d3c268f3bb2f1ed4c9cc44dad2bd5a09d5b867a940a8efc95","/nfs/roberts/project/pi_jss233/zc362/chrono_divide/research-evidence/multimap-v2/screen-amendment-3/cells/task-271/cell.json"
"272","24604909","hfo-corners","cd_chrono_heckcorners.map","3aa63da555db30d0d97d9319057650c440ebf57f655c8c001705e312768e628a","62","French","2","1","39,82","87,157","3002200062","0","candidate","candidate_win","8626","7","0","a60efffa5f321f828ce1a6b7178b4a7c31483c31","e87fc92b01a072959125780a8e961d0e22854ad4b5759a963f861233a26a61ef","5a838bd9cb3edf06df288914ad5cea60b61983f29d183a1efdeb5a3c90e3295e","aa1748d7b2dac1b4433283133ad7f669bb8b94f81c6d50732bdc5f24d65b719d","/nfs/roberts/project/pi_jss233/zc362/chrono_divide/research-evidence/multimap-v2/screen-amendment-3/cells/task-272/cell.json"
"273","24604910","hfo-corners","cd_chrono_heckcorners.map","3aa63da555db30d0d97d9319057650c440ebf57f655c8c001705e312768e628a","63","French","2","1","88,34","39,82","3002200063","0","candidate","candidate_win","12802","8","0","a60efffa5f321f828ce1a6b7178b4a7c31483c31","e87fc92b01a072959125780a8e961d0e22854ad4b5759a963f861233a26a61ef","5a838bd9cb3edf06df288914ad5cea60b61983f29d183a1efdeb5a3c90e3295e","8906858d7dcaf716d5ab0aa4ddf5fb205782a0e84d5764d3516b1e302bbfaa3f","/nfs/roberts/project/pi_jss233/zc362/chrono_divide/research-evidence/multimap-v2/screen-amendment-3/cells/task-273/cell.json"
"274","24604912","hfo-corners","cd_chrono_heckcorners.map","3aa63da555db30d0d97d9319057650c440ebf57f655c8c001705e312768e628a","67","French","2","1","151,119","88,34","3002200067","0","candidate","candidate_win","24708","6","0","a60efffa5f321f828ce1a6b7178b4a7c31483c31","e87fc92b01a072959125780a8e961d0e22854ad4b5759a963f861233a26a61ef","5a838bd9cb3edf06df288914ad5cea60b61983f29d183a1efdeb5a3c90e3295e","76cf5f76f3520feee3257c6f6816a3ad0efd6c8cccb4c9fb9e80ab8471a4fc6f","/nfs/roberts/project/pi_jss233/zc362/chrono_divide/research-evidence/multimap-v2/screen-amendment-3/cells/task-274/cell.json"
"275","24604913","hfo-corners","cd_chrono_heckcorners.map","3aa63da555db30d0d97d9319057650c440ebf57f655c8c001705e312768e628a","71","French","2","1","87,157","151,119","3002200071","0","candidate","candidate_win","20850","6","0","a60efffa5f321f828ce1a6b7178b4a7c31483c31","e87fc92b01a072959125780a8e961d0e22854ad4b5759a963f861233a26a61ef","5a838bd9cb3edf06df288914ad5cea60b61983f29d183a1efdeb5a3c90e3295e","8202902421b6a8fee15bcecf162ec65f72f76ca53ac39a132af524488bbecd05","/nfs/roberts/project/pi_jss233/zc362/chrono_divide/research-evidence/multimap-v2/screen-amendment-3/cells/task-275/cell.json"
"276","24604915","hfo-corners","cd_chrono_heckcorners.map","3aa63da555db30d0d97d9319057650c440ebf57f655c8c001705e312768e628a","72","Germans","3","0","39,82","88,34","3002200072","0","opponent","baseline_win","9298","0","6","a60efffa5f321f828ce1a6b7178b4a7c31483c31","e87fc92b01a072959125780a8e961d0e22854ad4b5759a963f861233a26a61ef","5a838bd9cb3edf06df288914ad5cea60b61983f29d183a1efdeb5a3c90e3295e","27d93f86c6685ddde96a036da1dc5f9aa320e084a7c21a81167a690c223a99a0","/nfs/roberts/project/pi_jss233/zc362/chrono_divide/research-evidence/multimap-v2/screen-amendment-3/cells/task-276/cell.json"
"277","24604916","hfo-corners","cd_chrono_heckcorners.map","3aa63da555db30d0d97d9319057650c440ebf57f655c8c001705e312768e628a","76","Germans","3","0","88,34","151,119","3002200076","0","candidate","candidate_win","21326","15","0","a60efffa5f321f828ce1a6b7178b4a7c31483c31","e87fc92b01a072959125780a8e961d0e22854ad4b5759a963f861233a26a61ef","5a838bd9cb3edf06df288914ad5cea60b61983f29d183a1efdeb5a3c90e3295e","906059d6df82b46e010eac7eef3634eaaf1e02b9f2317ad1614f9fb8d462189b","/nfs/roberts/project/pi_jss233/zc362/chrono_divide/research-evidence/multimap-v2/screen-amendment-3/cells/task-277/cell.json"
"278","24604918","hfo-corners","cd_chrono_heckcorners.map","3aa63da555db30d0d97d9319057650c440ebf57f655c8c001705e312768e628a","80","Germans","3","0","151,119","87,157","3002200080","0","candidate","candidate_win","20043","5","0","a60efffa5f321f828ce1a6b7178b4a7c31483c31","e87fc92b01a072959125780a8e961d0e22854ad4b5759a963f861233a26a61ef","5a838bd9cb3edf06df288914ad5cea60b61983f29d183a1efdeb5a3c90e3295e","bef74cf2601dec6606c92036aff696973362bdd0fdfd83f203540608529f4cc7","/nfs/roberts/project/pi_jss233/zc362/chrono_divide/research-evidence/multimap-v2/screen-amendment-3/cells/task-278/cell.json"
"279","24604921","hfo-corners","cd_chrono_heckcorners.map","3aa63da555db30d0d97d9319057650c440ebf57f655c8c001705e312768e628a","81","Germans","3","0","87,157","39,82","3002200081","0","candidate","candidate_win","8248","6","0","a60efffa5f321f828ce1a6b7178b4a7c31483c31","e87fc92b01a072959125780a8e961d0e22854ad4b5759a963f861233a26a61ef","5a838bd9cb3edf06df288914ad5cea60b61983f29d183a1efdeb5a3c90e3295e","4e25a4d9e10a0fa0a427dade7e6b730cf7fdceef133f04d35a5df6372de5ba27","/nfs/roberts/project/pi_jss233/zc362/chrono_divide/research-evidence/multimap-v2/screen-amendment-3/cells/task-279/cell.json"
"280","24604926","hfo-corners","cd_chrono_heckcorners.map","3aa63da555db30d0d97d9319057650c440ebf57f655c8c001705e312768e628a","84","Germans","3","1","39,82","88,34","3002200084","0","candidate","candidate_win","6628","7","0","a60efffa5f321f828ce1a6b7178b4a7c31483c31","e87fc92b01a072959125780a8e961d0e22854ad4b5759a963f861233a26a61ef","5a838bd9cb3edf06df288914ad5cea60b61983f29d183a1efdeb5a3c90e3295e","fdf95dfa2ea1351c467a3eac0ae31bf603aa834b7b3b8011934f59e19818f16e","/nfs/roberts/project/pi_jss233/zc362/chrono_divide/research-evidence/multimap-v2/screen-amendment-3/cells/task-280/cell.json"
"281","24604928","hfo-corners","cd_chrono_heckcorners.map","3aa63da555db30d0d97d9319057650c440ebf57f655c8c001705e312768e628a","88","Germans","3","1","88,34","151,119","3002200088","0","candidate","candidate_win","21275","15","0","a60efffa5f321f828ce1a6b7178b4a7c31483c31","e87fc92b01a072959125780a8e961d0e22854ad4b5759a963f861233a26a61ef","5a838bd9cb3edf06df288914ad5cea60b61983f29d183a1efdeb5a3c90e3295e","406b90c657bb0c5b7a62fb3fd1419f7214e18d9539ba9e7f4938ae9466e0d891","/nfs/roberts/project/pi_jss233/zc362/chrono_divide/research-evidence/multimap-v2/screen-amendment-3/cells/task-281/cell.json"
"282","24604935","hfo-corners","cd_chrono_heckcorners.map","3aa63da555db30d0d97d9319057650c440ebf57f655c8c001705e312768e628a","92","Germans","3","1","151,119","87,157","3002200092","0","opponent","baseline_win","19282","0","5","a60efffa5f321f828ce1a6b7178b4a7c31483c31","e87fc92b01a072959125780a8e961d0e22854ad4b5759a963f861233a26a61ef","5a838bd9cb3edf06df288914ad5cea60b61983f29d183a1efdeb5a3c90e3295e","78eb1c444503e5c84d79671b23c510122abe466d1e0801484a2c489792f14edf","/nfs/roberts/project/pi_jss233/zc362/chrono_divide/research-evidence/multimap-v2/screen-amendment-3/cells/task-282/cell.json"
"283","24604936","hfo-corners","cd_chrono_heckcorners.map","3aa63da555db30d0d97d9319057650c440ebf57f655c8c001705e312768e628a","93","Germans","3","1","87,157","39,82","3002200093","0","candidate","candidate_win","6862","6","0","a60efffa5f321f828ce1a6b7178b4a7c31483c31","e87fc92b01a072959125780a8e961d0e22854ad4b5759a963f861233a26a61ef","5a838bd9cb3edf06df288914ad5cea60b61983f29d183a1efdeb5a3c90e3295e","efc89b7ba6468313a03cf19459e4ab1db14f77f37d2f3e4e21e71d156e13c937","/nfs/roberts/project/pi_jss233/zc362/chrono_divide/research-evidence/multimap-v2/screen-amendment-3/cells/task-283/cell.json"
"284","24604938","hfo-corners","cd_chrono_heckcorners.map","3aa63da555db30d0d97d9319057650c440ebf57f655c8c001705e312768e628a","97","British","4","0","39,82","151,119","3002200097","0","opponent","baseline_win","31022","0","7","a60efffa5f321f828ce1a6b7178b4a7c31483c31","e87fc92b01a072959125780a8e961d0e22854ad4b5759a963f861233a26a61ef","5a838bd9cb3edf06df288914ad5cea60b61983f29d183a1efdeb5a3c90e3295e","d7a721d2c8cfdc9ffefe0bf60b282eff2aeaaa3a73c3ba55edbd25340637c815","/nfs/roberts/project/pi_jss233/zc362/chrono_divide/research-evidence/multimap-v2/screen-amendment-3/cells/task-284/cell.json"
"285","24604945","hfo-corners","cd_chrono_heckcorners.map","3aa63da555db30d0d97d9319057650c440ebf57f655c8c001705e312768e628a","101","British","4","0","88,34","87,157","3002200101","0","candidate","candidate_win","19516","13","0","a60efffa5f321f828ce1a6b7178b4a7c31483c31","e87fc92b01a072959125780a8e961d0e22854ad4b5759a963f861233a26a61ef","5a838bd9cb3edf06df288914ad5cea60b61983f29d183a1efdeb5a3c90e3295e","e2045daaf499d9d083bf3f8ed0f8a77ef4776730ab1fb333d77a7dded2f12d6c","/nfs/roberts/project/pi_jss233/zc362/chrono_divide/research-evidence/multimap-v2/screen-amendment-3/cells/task-285/cell.json"
"286","24604946","hfo-corners","cd_chrono_heckcorners.map","3aa63da555db30d0d97d9319057650c440ebf57f655c8c001705e312768e628a","102","British","4","0","151,119","39,82","3002200102","0","opponent","baseline_win","21832","0","7","a60efffa5f321f828ce1a6b7178b4a7c31483c31","e87fc92b01a072959125780a8e961d0e22854ad4b5759a963f861233a26a61ef","5a838bd9cb3edf06df288914ad5cea60b61983f29d183a1efdeb5a3c90e3295e","b7c4c33b61f2cd9e66209fcabe48fcf24699d9d6e37ae249666a89231fef9461","/nfs/roberts/project/pi_jss233/zc362/chrono_divide/research-evidence/multimap-v2/screen-amendment-3/cells/task-286/cell.json"
"287","24604948","hfo-corners","cd_chrono_heckcorners.map","3aa63da555db30d0d97d9319057650c440ebf57f655c8c001705e312768e628a","106","British","4","0","87,157","88,34","3002200106","0","candidate","candidate_win","15910","6","0","a60efffa5f321f828ce1a6b7178b4a7c31483c31","e87fc92b01a072959125780a8e961d0e22854ad4b5759a963f861233a26a61ef","5a838bd9cb3edf06df288914ad5cea60b61983f29d183a1efdeb5a3c90e3295e","7d9a3f1d8362d58d2cbefbd3ef70c7220a99fd6c89585636024be7809637c67c","/nfs/roberts/project/pi_jss233/zc362/chrono_divide/research-evidence/multimap-v2/screen-amendment-3/cells/task-287/cell.json"
"288","24604949","hfo-corners","cd_chrono_heckcorners.map","3aa63da555db30d0d97d9319057650c440ebf57f655c8c001705e312768e628a","109","British","4","1","39,82","151,119","3002200109","0","opponent","baseline_win","18004","0","7","a60efffa5f321f828ce1a6b7178b4a7c31483c31","e87fc92b01a072959125780a8e961d0e22854ad4b5759a963f861233a26a61ef","5a838bd9cb3edf06df288914ad5cea60b61983f29d183a1efdeb5a3c90e3295e","c9d857c1a49a8409d95670ececd728955cb9aa15925974cfe3654fc1e524de75","/nfs/roberts/project/pi_jss233/zc362/chrono_divide/research-evidence/multimap-v2/screen-amendment-3/cells/task-288/cell.json"
"289","24604950","hfo-corners","cd_chrono_heckcorners.map","3aa63da555db30d0d97d9319057650c440ebf57f655c8c001705e312768e628a","113","British","4","1","88,34","87,157","3002200113","0","candidate","candidate_win","12550","9","0","a60efffa5f321f828ce1a6b7178b4a7c31483c31","e87fc92b01a072959125780a8e961d0e22854ad4b5759a963f861233a26a61ef","5a838bd9cb3edf06df288914ad5cea60b61983f29d183a1efdeb5a3c90e3295e","215bb80284cf8d028fd9bd789c86b28434bd4eb35248aecc6cd753c88e909c88","/nfs/roberts/project/pi_jss233/zc362/chrono_divide/research-evidence/multimap-v2/screen-amendment-3/cells/task-289/cell.json"
"290","24604953","hfo-corners","cd_chrono_heckcorners.map","3aa63da555db30d0d97d9319057650c440ebf57f655c8c001705e312768e628a","114","British","4","1","151,119","39,82","3002200114","0","candidate","candidate_win","39374","9","0","a60efffa5f321f828ce1a6b7178b4a7c31483c31","e87fc92b01a072959125780a8e961d0e22854ad4b5759a963f861233a26a61ef","5a838bd9cb3edf06df288914ad5cea60b61983f29d183a1efdeb5a3c90e3295e","1ff284b7bb3b11663d6806e6dc16a7e959fbce2067deaad55a68ace139f375ed","/nfs/roberts/project/pi_jss233/zc362/chrono_divide/research-evidence/multimap-v2/screen-amendment-3/cells/task-290/cell.json"
"291","24604954","hfo-corners","cd_chrono_heckcorners.map","3aa63da555db30d0d97d9319057650c440ebf57f655c8c001705e312768e628a","118","British","4","1","87,157","88,34","3002200118","0","candidate","candidate_win","22486","6","0","a60efffa5f321f828ce1a6b7178b4a7c31483c31","e87fc92b01a072959125780a8e961d0e22854ad4b5759a963f861233a26a61ef","5a838bd9cb3edf06df288914ad5cea60b61983f29d183a1efdeb5a3c90e3295e","9f23548d53df7f4bec0aa5830aea2e8355f4034fc4becaab72e34a533614fe02","/nfs/roberts/project/pi_jss233/zc362/chrono_divide/research-evidence/multimap-v2/screen-amendment-3/cells/task-291/cell.json"
"292","24604956","hfo-corners","cd_chrono_heckcorners.map","3aa63da555db30d0d97d9319057650c440ebf57f655c8c001705e312768e628a","122","Africans","5","0","39,82","87,157","3002200122","0","opponent","baseline_win","16991","0","7","a60efffa5f321f828ce1a6b7178b4a7c31483c31","e87fc92b01a072959125780a8e961d0e22854ad4b5759a963f861233a26a61ef","5a838bd9cb3edf06df288914ad5cea60b61983f29d183a1efdeb5a3c90e3295e","46b7efc512705b828f6f46c456a47cd9fe81bbe1830cf2d95f25c0e09b7f813e","/nfs/roberts/project/pi_jss233/zc362/chrono_divide/research-evidence/multimap-v2/screen-amendment-3/cells/task-292/cell.json"
"293","24604957","hfo-corners","cd_chrono_heckcorners.map","3aa63da555db30d0d97d9319057650c440ebf57f655c8c001705e312768e628a","123","Africans","5","0","88,34","39,82","3002200123","0","candidate","candidate_win","49735","19","0","a60efffa5f321f828ce1a6b7178b4a7c31483c31","e87fc92b01a072959125780a8e961d0e22854ad4b5759a963f861233a26a61ef","5a838bd9cb3edf06df288914ad5cea60b61983f29d183a1efdeb5a3c90e3295e","7e9d1fd702e522523f540d1d9f83d68c9fcfcca1c299179ab927cbef02ccb898","/nfs/roberts/project/pi_jss233/zc362/chrono_divide/research-evidence/multimap-v2/screen-amendment-3/cells/task-293/cell.json"
"294","24604958","hfo-corners","cd_chrono_heckcorners.map","3aa63da555db30d0d97d9319057650c440ebf57f655c8c001705e312768e628a","127","Africans","5","0","151,119","88,34","3002200127","0","opponent","baseline_win","14908","0","7","a60efffa5f321f828ce1a6b7178b4a7c31483c31","e87fc92b01a072959125780a8e961d0e22854ad4b5759a963f861233a26a61ef","5a838bd9cb3edf06df288914ad5cea60b61983f29d183a1efdeb5a3c90e3295e","1475b0b9891c4685361bb841eed18c34c2e1244c27acd0a3fd650fe7f0135606","/nfs/roberts/project/pi_jss233/zc362/chrono_divide/research-evidence/multimap-v2/screen-amendment-3/cells/task-294/cell.json"
"295","24604959","hfo-corners","cd_chrono_heckcorners.map","3aa63da555db30d0d97d9319057650c440ebf57f655c8c001705e312768e628a","131","Africans","5","0","87,157","151,119","3002200131","0","candidate","candidate_win","20331","6","0","a60efffa5f321f828ce1a6b7178b4a7c31483c31","e87fc92b01a072959125780a8e961d0e22854ad4b5759a963f861233a26a61ef","5a838bd9cb3edf06df288914ad5cea60b61983f29d183a1efdeb5a3c90e3295e","bebc37a8d1b36dd67ab515db97c843eb775475fb03c7d3e8a08add76f6d3e0f7","/nfs/roberts/project/pi_jss233/zc362/chrono_divide/research-evidence/multimap-v2/screen-amendment-3/cells/task-295/cell.json"
"296","24604960","hfo-corners","cd_chrono_heckcorners.map","3aa63da555db30d0d97d9319057650c440ebf57f655c8c001705e312768e628a","134","Africans","5","1","39,82","87,157","3002200134","0","opponent","baseline_win","19540","0","7","a60efffa5f321f828ce1a6b7178b4a7c31483c31","e87fc92b01a072959125780a8e961d0e22854ad4b5759a963f861233a26a61ef","5a838bd9cb3edf06df288914ad5cea60b61983f29d183a1efdeb5a3c90e3295e","38595972f7995fdf49a77e85160a14ff3249950502babb79a4b815baf574afe0","/nfs/roberts/project/pi_jss233/zc362/chrono_divide/research-evidence/multimap-v2/screen-amendment-3/cells/task-296/cell.json"
"297","24604961","hfo-corners","cd_chrono_heckcorners.map","3aa63da555db30d0d97d9319057650c440ebf57f655c8c001705e312768e628a","135","Africans","5","1","88,34","39,82","3002200135","0","candidate","candidate_win","38868","19","0","a60efffa5f321f828ce1a6b7178b4a7c31483c31","e87fc92b01a072959125780a8e961d0e22854ad4b5759a963f861233a26a61ef","5a838bd9cb3edf06df288914ad5cea60b61983f29d183a1efdeb5a3c90e3295e","0335d6406c77d80c95d6901baf1706016c8d1d7dd5e0bed14fcf089a6e13c6d3","/nfs/roberts/project/pi_jss233/zc362/chrono_divide/research-evidence/multimap-v2/screen-amendment-3/cells/task-297/cell.json"
"298","24604962","hfo-corners","cd_chrono_heckcorners.map","3aa63da555db30d0d97d9319057650c440ebf57f655c8c001705e312768e628a","139","Africans","5","1","151,119","88,34","3002200139","0","candidate","candidate_win","35901","6","0","a60efffa5f321f828ce1a6b7178b4a7c31483c31","e87fc92b01a072959125780a8e961d0e22854ad4b5759a963f861233a26a61ef","5a838bd9cb3edf06df288914ad5cea60b61983f29d183a1efdeb5a3c90e3295e","ff87cbed903b1114685185044441a2adc93e524c9d72a3ac896aaab9a394ba59","/nfs/roberts/project/pi_jss233/zc362/chrono_divide/research-evidence/multimap-v2/screen-amendment-3/cells/task-298/cell.json"
"299","24604963","hfo-corners","cd_chrono_heckcorners.map","3aa63da555db30d0d97d9319057650c440ebf57f655c8c001705e312768e628a","143","Africans","5","1","87,157","151,119","3002200143","0","candidate","candidate_win","20132","6","0","a60efffa5f321f828ce1a6b7178b4a7c31483c31","e87fc92b01a072959125780a8e961d0e22854ad4b5759a963f861233a26a61ef","5a838bd9cb3edf06df288914ad5cea60b61983f29d183a1efdeb5a3c90e3295e","a271559294bc82935db2af02da747feb69dc29e233165b9f2466361f1bedfa46","/nfs/roberts/project/pi_jss233/zc362/chrono_divide/research-evidence/multimap-v2/screen-amendment-3/cells/task-299/cell.json"
"300","24604964","hfo-corners","cd_chrono_heckcorners.map","3aa63da555db30d0d97d9319057650c440ebf57f655c8c001705e312768e628a","144","Arabs","6","0","39,82","88,34","3002200144","0","opponent","baseline_win","57090","0","18","a60efffa5f321f828ce1a6b7178b4a7c31483c31","e87fc92b01a072959125780a8e961d0e22854ad4b5759a963f861233a26a61ef","5a838bd9cb3edf06df288914ad5cea60b61983f29d183a1efdeb5a3c90e3295e","77875aa69b6f1b7720eca032ec92ad603f1e638910e0b4c8d7476d4a23cfc4f0","/nfs/roberts/project/pi_jss233/zc362/chrono_divide/research-evidence/multimap-v2/screen-amendment-3/cells/task-300/cell.json"
"301","24604965","hfo-corners","cd_chrono_heckcorners.map","3aa63da555db30d0d97d9319057650c440ebf57f655c8c001705e312768e628a","148","Arabs","6","0","88,34","151,119","3002200148","0","candidate","candidate_win","21700","16","0","a60efffa5f321f828ce1a6b7178b4a7c31483c31","e87fc92b01a072959125780a8e961d0e22854ad4b5759a963f861233a26a61ef","5a838bd9cb3edf06df288914ad5cea60b61983f29d183a1efdeb5a3c90e3295e","0b3a629b12cd0bfa0b5dc4bebc81be602cfe5b8e19aa4f84a29bcbc692f361dc","/nfs/roberts/project/pi_jss233/zc362/chrono_divide/research-evidence/multimap-v2/screen-amendment-3/cells/task-301/cell.json"
"302","24605141","hfo-corners","cd_chrono_heckcorners.map","3aa63da555db30d0d97d9319057650c440ebf57f655c8c001705e312768e628a","152","Arabs","6","0","151,119","87,157","3002200152","0","candidate","candidate_win","10895","6","0","a60efffa5f321f828ce1a6b7178b4a7c31483c31","e87fc92b01a072959125780a8e961d0e22854ad4b5759a963f861233a26a61ef","5a838bd9cb3edf06df288914ad5cea60b61983f29d183a1efdeb5a3c90e3295e","bbc3f139185c2b29a427f90940bc2d7c241b086e4bc8813b68ba7e55c54fbe7a","/nfs/roberts/project/pi_jss233/zc362/chrono_divide/research-evidence/multimap-v2/screen-amendment-3/cells/task-302/cell.json"
"303","24605153","hfo-corners","cd_chrono_heckcorners.map","3aa63da555db30d0d97d9319057650c440ebf57f655c8c001705e312768e628a","153","Arabs","6","0","87,157","39,82","3002200153","0","candidate","candidate_win","9739","8","0","a60efffa5f321f828ce1a6b7178b4a7c31483c31","e87fc92b01a072959125780a8e961d0e22854ad4b5759a963f861233a26a61ef","5a838bd9cb3edf06df288914ad5cea60b61983f29d183a1efdeb5a3c90e3295e","841a612cddca89e18011932ad07be7a1ad07e64714d16b1e8e218b47439ab666","/nfs/roberts/project/pi_jss233/zc362/chrono_divide/research-evidence/multimap-v2/screen-amendment-3/cells/task-303/cell.json"
"304","24605154","hfo-corners","cd_chrono_heckcorners.map","3aa63da555db30d0d97d9319057650c440ebf57f655c8c001705e312768e628a","156","Arabs","6","1","39,82","88,34","3002200156","0","candidate","candidate_win","58530","24","0","a60efffa5f321f828ce1a6b7178b4a7c31483c31","e87fc92b01a072959125780a8e961d0e22854ad4b5759a963f861233a26a61ef","5a838bd9cb3edf06df288914ad5cea60b61983f29d183a1efdeb5a3c90e3295e","712cf3ad74c55fab3f4c9566d15abf291be44cb0c858c7fa45b6026222ee18e5","/nfs/roberts/project/pi_jss233/zc362/chrono_divide/research-evidence/multimap-v2/screen-amendment-3/cells/task-304/cell.json"
"305","24605155","hfo-corners","cd_chrono_heckcorners.map","3aa63da555db30d0d97d9319057650c440ebf57f655c8c001705e312768e628a","160","Arabs","6","1","88,34","151,119","3002200160","0","candidate","candidate_win","19675","8","0","a60efffa5f321f828ce1a6b7178b4a7c31483c31","e87fc92b01a072959125780a8e961d0e22854ad4b5759a963f861233a26a61ef","5a838bd9cb3edf06df288914ad5cea60b61983f29d183a1efdeb5a3c90e3295e","476fe1e2900c93e0fb9665d780b7f189a8d6b151ccc8642e3cbbf28d0941a45d","/nfs/roberts/project/pi_jss233/zc362/chrono_divide/research-evidence/multimap-v2/screen-amendment-3/cells/task-305/cell.json"
"306","24605163","hfo-corners","cd_chrono_heckcorners.map","3aa63da555db30d0d97d9319057650c440ebf57f655c8c001705e312768e628a","164","Arabs","6","1","151,119","87,157","3002200164","0","candidate","candidate_win","11216","6","0","a60efffa5f321f828ce1a6b7178b4a7c31483c31","e87fc92b01a072959125780a8e961d0e22854ad4b5759a963f861233a26a61ef","5a838bd9cb3edf06df288914ad5cea60b61983f29d183a1efdeb5a3c90e3295e","707529b6674c38c81f64ebaeca115e2b1f614491264970460ac388dd74e219da","/nfs/roberts/project/pi_jss233/zc362/chrono_divide/research-evidence/multimap-v2/screen-amendment-3/cells/task-306/cell.json"
"307","24605165","hfo-corners","cd_chrono_heckcorners.map","3aa63da555db30d0d97d9319057650c440ebf57f655c8c001705e312768e628a","165","Arabs","6","1","87,157","39,82","3002200165","0","candidate","candidate_win","11255","8","0","a60efffa5f321f828ce1a6b7178b4a7c31483c31","e87fc92b01a072959125780a8e961d0e22854ad4b5759a963f861233a26a61ef","5a838bd9cb3edf06df288914ad5cea60b61983f29d183a1efdeb5a3c90e3295e","0b990a08f4214a07c9edd0294e262f7af70feac4d1757a85d581536457880a34","/nfs/roberts/project/pi_jss233/zc362/chrono_divide/research-evidence/multimap-v2/screen-amendment-3/cells/task-307/cell.json"
"308","24605166","hfo-corners","cd_chrono_heckcorners.map","3aa63da555db30d0d97d9319057650c440ebf57f655c8c001705e312768e628a","169","Confederation","7","0","39,82","151,119","3002200169","0","opponent","baseline_win","36640","0","7","a60efffa5f321f828ce1a6b7178b4a7c31483c31","e87fc92b01a072959125780a8e961d0e22854ad4b5759a963f861233a26a61ef","5a838bd9cb3edf06df288914ad5cea60b61983f29d183a1efdeb5a3c90e3295e","9ddc02414bba8a9d3bd270f0b4cdec70fda8b4cf1ad08b1cddb345ab289fc636","/nfs/roberts/project/pi_jss233/zc362/chrono_divide/research-evidence/multimap-v2/screen-amendment-3/cells/task-308/cell.json"
"309","24605167","hfo-corners","cd_chrono_heckcorners.map","3aa63da555db30d0d97d9319057650c440ebf57f655c8c001705e312768e628a","173","Confederation","7","0","88,34","87,157","3002200173","0","candidate","candidate_win","21954","14","0","a60efffa5f321f828ce1a6b7178b4a7c31483c31","e87fc92b01a072959125780a8e961d0e22854ad4b5759a963f861233a26a61ef","5a838bd9cb3edf06df288914ad5cea60b61983f29d183a1efdeb5a3c90e3295e","343fb63aa29b1cd704b24c29d8f42ef45da32eec09820290db004365023da0ff","/nfs/roberts/project/pi_jss233/zc362/chrono_divide/research-evidence/multimap-v2/screen-amendment-3/cells/task-309/cell.json"
"310","24605175","hfo-corners","cd_chrono_heckcorners.map","3aa63da555db30d0d97d9319057650c440ebf57f655c8c001705e312768e628a","174","Confederation","7","0","151,119","39,82","3002200174","0","candidate","candidate_win","21089","6","0","a60efffa5f321f828ce1a6b7178b4a7c31483c31","e87fc92b01a072959125780a8e961d0e22854ad4b5759a963f861233a26a61ef","5a838bd9cb3edf06df288914ad5cea60b61983f29d183a1efdeb5a3c90e3295e","4e121e28c19db0d507462237f15268ee9fde3638dbc7023d19a72481df5c1934","/nfs/roberts/project/pi_jss233/zc362/chrono_divide/research-evidence/multimap-v2/screen-amendment-3/cells/task-310/cell.json"
"311","24605178","hfo-corners","cd_chrono_heckcorners.map","3aa63da555db30d0d97d9319057650c440ebf57f655c8c001705e312768e628a","178","Confederation","7","0","87,157","88,34","3002200178","0","candidate","candidate_win","17684","6","0","a60efffa5f321f828ce1a6b7178b4a7c31483c31","e87fc92b01a072959125780a8e961d0e22854ad4b5759a963f861233a26a61ef","5a838bd9cb3edf06df288914ad5cea60b61983f29d183a1efdeb5a3c90e3295e","985f2af14e93747ec019207a600760eb81f03c35b4376d22239d302b943782ae","/nfs/roberts/project/pi_jss233/zc362/chrono_divide/research-evidence/multimap-v2/screen-amendment-3/cells/task-311/cell.json"
"312","24605179","hfo-corners","cd_chrono_heckcorners.map","3aa63da555db30d0d97d9319057650c440ebf57f655c8c001705e312768e628a","181","Confederation","7","1","39,82","151,119","3002200181","0","opponent","baseline_win","29171","0","7","a60efffa5f321f828ce1a6b7178b4a7c31483c31","e87fc92b01a072959125780a8e961d0e22854ad4b5759a963f861233a26a61ef","5a838bd9cb3edf06df288914ad5cea60b61983f29d183a1efdeb5a3c90e3295e","e200b4487ab57ac6321dcd4b75ed3ca6759655089a8e0fc348ef0da5e598a3dd","/nfs/roberts/project/pi_jss233/zc362/chrono_divide/research-evidence/multimap-v2/screen-amendment-3/cells/task-312/cell.json"
"313","24605180","hfo-corners","cd_chrono_heckcorners.map","3aa63da555db30d0d97d9319057650c440ebf57f655c8c001705e312768e628a","185","Confederation","7","1","88,34","87,157","3002200185","0","candidate","candidate_win","22030","14","0","a60efffa5f321f828ce1a6b7178b4a7c31483c31","e87fc92b01a072959125780a8e961d0e22854ad4b5759a963f861233a26a61ef","5a838bd9cb3edf06df288914ad5cea60b61983f29d183a1efdeb5a3c90e3295e","05b0cf846e3a1d16103bea727cc32e6067e7ed660e14dcdca4a220a13d51109b","/nfs/roberts/project/pi_jss233/zc362/chrono_divide/research-evidence/multimap-v2/screen-amendment-3/cells/task-313/cell.json"
"314","24605181","hfo-corners","cd_chrono_heckcorners.map","3aa63da555db30d0d97d9319057650c440ebf57f655c8c001705e312768e628a","186","Confederation","7","1","151,119","39,82","3002200186","0","candidate","candidate_win","21408","6","0","a60efffa5f321f828ce1a6b7178b4a7c31483c31","e87fc92b01a072959125780a8e961d0e22854ad4b5759a963f861233a26a61ef","5a838bd9cb3edf06df288914ad5cea60b61983f29d183a1efdeb5a3c90e3295e","ab3dd8e185c1eb1f5d50c6cd91f1fb386e83d6c42017901cbb69469d6bb90fe9","/nfs/roberts/project/pi_jss233/zc362/chrono_divide/research-evidence/multimap-v2/screen-amendment-3/cells/task-314/cell.json"
"315","24605183","hfo-corners","cd_chrono_heckcorners.map","3aa63da555db30d0d97d9319057650c440ebf57f655c8c001705e312768e628a","190","Confederation","7","1","87,157","88,34","3002200190","0","candidate","candidate_win","24370","6","0","a60efffa5f321f828ce1a6b7178b4a7c31483c31","e87fc92b01a072959125780a8e961d0e22854ad4b5759a963f861233a26a61ef","5a838bd9cb3edf06df288914ad5cea60b61983f29d183a1efdeb5a3c90e3295e","254641caa0fa4c716e55374ab724e8fc654b762d651344c5f30d99cff847778c","/nfs/roberts/project/pi_jss233/zc362/chrono_divide/research-evidence/multimap-v2/screen-amendment-3/cells/task-315/cell.json"
"316","24605184","hfo-corners","cd_chrono_heckcorners.map","3aa63da555db30d0d97d9319057650c440ebf57f655c8c001705e312768e628a","194","Russians","8","0","39,82","87,157","3002200194","0","opponent","baseline_win","8079","0","6","a60efffa5f321f828ce1a6b7178b4a7c31483c31","e87fc92b01a072959125780a8e961d0e22854ad4b5759a963f861233a26a61ef","5a838bd9cb3edf06df288914ad5cea60b61983f29d183a1efdeb5a3c90e3295e","3320ae3a7394fde10ce754017a21786a758d8d0dbf2bcd532b46085250a1c785","/nfs/roberts/project/pi_jss233/zc362/chrono_divide/research-evidence/multimap-v2/screen-amendment-3/cells/task-316/cell.json"
"317","24605185","hfo-corners","cd_chrono_heckcorners.map","3aa63da555db30d0d97d9319057650c440ebf57f655c8c001705e312768e628a","195","Russians","8","0","88,34","39,82","3002200195","0","opponent","baseline_win","9203","0","6","a60efffa5f321f828ce1a6b7178b4a7c31483c31","e87fc92b01a072959125780a8e961d0e22854ad4b5759a963f861233a26a61ef","5a838bd9cb3edf06df288914ad5cea60b61983f29d183a1efdeb5a3c90e3295e","f1db5e9d4d19a236d6210efac1682d2f0282753bf2e85d21ed3b191c474f0d38","/nfs/roberts/project/pi_jss233/zc362/chrono_divide/research-evidence/multimap-v2/screen-amendment-3/cells/task-317/cell.json"
"318","24605187","hfo-corners","cd_chrono_heckcorners.map","3aa63da555db30d0d97d9319057650c440ebf57f655c8c001705e312768e628a","199","Russians","8","0","151,119","88,34","3002200199","0","opponent","baseline_win","50352","0","8","a60efffa5f321f828ce1a6b7178b4a7c31483c31","e87fc92b01a072959125780a8e961d0e22854ad4b5759a963f861233a26a61ef","5a838bd9cb3edf06df288914ad5cea60b61983f29d183a1efdeb5a3c90e3295e","bc8bded30244cfa9065a9a19aefec81b9e22b657294563faecf8f94881748a8a","/nfs/roberts/project/pi_jss233/zc362/chrono_divide/research-evidence/multimap-v2/screen-amendment-3/cells/task-318/cell.json"
"319","24605188","hfo-corners","cd_chrono_heckcorners.map","3aa63da555db30d0d97d9319057650c440ebf57f655c8c001705e312768e628a","203","Russians","8","0","87,157","151,119","3002200203","0","opponent","baseline_win","27554","0","7","a60efffa5f321f828ce1a6b7178b4a7c31483c31","e87fc92b01a072959125780a8e961d0e22854ad4b5759a963f861233a26a61ef","5a838bd9cb3edf06df288914ad5cea60b61983f29d183a1efdeb5a3c90e3295e","1867d568e74fe5f9348a5bd3d4aed9434e36ab807f93f2ef21740d1aed0b1c4e","/nfs/roberts/project/pi_jss233/zc362/chrono_divide/research-evidence/multimap-v2/screen-amendment-3/cells/task-319/cell.json"
"320","24605189","hfo-corners","cd_chrono_heckcorners.map","3aa63da555db30d0d97d9319057650c440ebf57f655c8c001705e312768e628a","206","Russians","8","1","39,82","87,157","3002200206","0","opponent","baseline_win","20097","0","7","a60efffa5f321f828ce1a6b7178b4a7c31483c31","e87fc92b01a072959125780a8e961d0e22854ad4b5759a963f861233a26a61ef","5a838bd9cb3edf06df288914ad5cea60b61983f29d183a1efdeb5a3c90e3295e","e1d8afa88ccdc7a222a431b3c2eefcc8525e81986765ff7e91516abefd5890ae","/nfs/roberts/project/pi_jss233/zc362/chrono_divide/research-evidence/multimap-v2/screen-amendment-3/cells/task-320/cell.json"
"321","24605192","hfo-corners","cd_chrono_heckcorners.map","3aa63da555db30d0d97d9319057650c440ebf57f655c8c001705e312768e628a","207","Russians","8","1","88,34","39,82","3002200207","0","opponent","baseline_win","45722","0","5","a60efffa5f321f828ce1a6b7178b4a7c31483c31","e87fc92b01a072959125780a8e961d0e22854ad4b5759a963f861233a26a61ef","5a838bd9cb3edf06df288914ad5cea60b61983f29d183a1efdeb5a3c90e3295e","349022d08a0a732eeb5ba7cd88a58fc5b0b77d13b5267b7fc23e5c7c540bab75","/nfs/roberts/project/pi_jss233/zc362/chrono_divide/research-evidence/multimap-v2/screen-amendment-3/cells/task-321/cell.json"
"322","24605193","hfo-corners","cd_chrono_heckcorners.map","3aa63da555db30d0d97d9319057650c440ebf57f655c8c001705e312768e628a","211","Russians","8","1","151,119","88,34","3002200211","0","candidate","candidate_win","30242","6","0","a60efffa5f321f828ce1a6b7178b4a7c31483c31","e87fc92b01a072959125780a8e961d0e22854ad4b5759a963f861233a26a61ef","5a838bd9cb3edf06df288914ad5cea60b61983f29d183a1efdeb5a3c90e3295e","c6b4398fc93d5c367660e7e29c1a0db8396148bb1092ef44440571c9f49f1cbb","/nfs/roberts/project/pi_jss233/zc362/chrono_divide/research-evidence/multimap-v2/screen-amendment-3/cells/task-322/cell.json"
"323","24605194","hfo-corners","cd_chrono_heckcorners.map","3aa63da555db30d0d97d9319057650c440ebf57f655c8c001705e312768e628a","215","Russians","8","1","87,157","151,119","3002200215","0","candidate","candidate_win","19914","6","0","a60efffa5f321f828ce1a6b7178b4a7c31483c31","e87fc92b01a072959125780a8e961d0e22854ad4b5759a963f861233a26a61ef","5a838bd9cb3edf06df288914ad5cea60b61983f29d183a1efdeb5a3c90e3295e","17c266c9a65840e2e197cc7efd10f5e3f89d2d5a033d2740a5097cf67d6f3fa8","/nfs/roberts/project/pi_jss233/zc362/chrono_divide/research-evidence/multimap-v2/screen-amendment-3/cells/task-323/cell.json"
"324","24605195","hfo-corners-b","cd_chrono_heckcorners_b.map","fb4ffb59de9f0ba114bd7f37a943f1ce9a4496e3ecb3e9382e72392039833a73","0","Americans","0","0","39,82","88,34","3002300000","0","opponent","baseline_win","7721","0","6","a60efffa5f321f828ce1a6b7178b4a7c31483c31","e87fc92b01a072959125780a8e961d0e22854ad4b5759a963f861233a26a61ef","5a838bd9cb3edf06df288914ad5cea60b61983f29d183a1efdeb5a3c90e3295e","6adf8bac7ddf544c212eb8a5215f2085b322773bcfebe4ae8d0d96ca82b1fa09","/nfs/roberts/project/pi_jss233/zc362/chrono_divide/research-evidence/multimap-v2/screen-amendment-3/cells/task-324/cell.json"
"325","24605196","hfo-corners-b","cd_chrono_heckcorners_b.map","fb4ffb59de9f0ba114bd7f37a943f1ce9a4496e3ecb3e9382e72392039833a73","4","Americans","0","0","88,34","151,119","3002300004","0","candidate","candidate_win","19147","14","0","a60efffa5f321f828ce1a6b7178b4a7c31483c31","e87fc92b01a072959125780a8e961d0e22854ad4b5759a963f861233a26a61ef","5a838bd9cb3edf06df288914ad5cea60b61983f29d183a1efdeb5a3c90e3295e","94b4227ab64d0cc1d60c9b160924644204231a16f33b01a29c53b06cd2259c10","/nfs/roberts/project/pi_jss233/zc362/chrono_divide/research-evidence/multimap-v2/screen-amendment-3/cells/task-325/cell.json"
"326","24605197","hfo-corners-b","cd_chrono_heckcorners_b.map","fb4ffb59de9f0ba114bd7f37a943f1ce9a4496e3ecb3e9382e72392039833a73","8","Americans","0","0","151,119","119,152","3002300008","0","opponent","baseline_win","8158","0","5","a60efffa5f321f828ce1a6b7178b4a7c31483c31","e87fc92b01a072959125780a8e961d0e22854ad4b5759a963f861233a26a61ef","5a838bd9cb3edf06df288914ad5cea60b61983f29d183a1efdeb5a3c90e3295e","3926c5f78227667f6d7ce63168304c0255f1084acca5e37669991cde1799aa18","/nfs/roberts/project/pi_jss233/zc362/chrono_divide/research-evidence/multimap-v2/screen-amendment-3/cells/task-326/cell.json"
"327","24605200","hfo-corners-b","cd_chrono_heckcorners_b.map","fb4ffb59de9f0ba114bd7f37a943f1ce9a4496e3ecb3e9382e72392039833a73","9","Americans","0","0","119,152","39,82","3002300009","0","candidate","candidate_win","8638","6","0","a60efffa5f321f828ce1a6b7178b4a7c31483c31","e87fc92b01a072959125780a8e961d0e22854ad4b5759a963f861233a26a61ef","5a838bd9cb3edf06df288914ad5cea60b61983f29d183a1efdeb5a3c90e3295e","eccc25e5f69e7b2cd37d964c817d9da745e23c77a2bec099ac7bcde1ae55d912","/nfs/roberts/project/pi_jss233/zc362/chrono_divide/research-evidence/multimap-v2/screen-amendment-3/cells/task-327/cell.json"
"328","24605201","hfo-corners-b","cd_chrono_heckcorners_b.map","fb4ffb59de9f0ba114bd7f37a943f1ce9a4496e3ecb3e9382e72392039833a73","12","Americans","0","1","39,82","88,34","3002300012","0","candidate","candidate_win","21307","10","0","a60efffa5f321f828ce1a6b7178b4a7c31483c31","e87fc92b01a072959125780a8e961d0e22854ad4b5759a963f861233a26a61ef","5a838bd9cb3edf06df288914ad5cea60b61983f29d183a1efdeb5a3c90e3295e","35b39d7aa355085f0d565fe7867ebcaf96a87dd9202a5a274c56f55a8bf317cd","/nfs/roberts/project/pi_jss233/zc362/chrono_divide/research-evidence/multimap-v2/screen-amendment-3/cells/task-328/cell.json"
"329","24605202","hfo-corners-b","cd_chrono_heckcorners_b.map","fb4ffb59de9f0ba114bd7f37a943f1ce9a4496e3ecb3e9382e72392039833a73","16","Americans","0","1","88,34","151,119","3002300016","0","candidate","candidate_win","19290","13","0","a60efffa5f321f828ce1a6b7178b4a7c31483c31","e87fc92b01a072959125780a8e961d0e22854ad4b5759a963f861233a26a61ef","5a838bd9cb3edf06df288914ad5cea60b61983f29d183a1efdeb5a3c90e3295e","220c69edd3ceff7dedfec78dc4b09067003670986892cc05916454aa571ff7b6","/nfs/roberts/project/pi_jss233/zc362/chrono_divide/research-evidence/multimap-v2/screen-amendment-3/cells/task-329/cell.json"
"330","24605203","hfo-corners-b","cd_chrono_heckcorners_b.map","fb4ffb59de9f0ba114bd7f37a943f1ce9a4496e3ecb3e9382e72392039833a73","20","Americans","0","1","151,119","119,152","3002300020","0","draw","engine_nonliteral_termination_draw","28842","0","0","a60efffa5f321f828ce1a6b7178b4a7c31483c31","e87fc92b01a072959125780a8e961d0e22854ad4b5759a963f861233a26a61ef","5a838bd9cb3edf06df288914ad5cea60b61983f29d183a1efdeb5a3c90e3295e","f8c31dd28cef286983028f6fc8f19badee2eb3aff69e52dd1147b6985efec4dd","/nfs/roberts/project/pi_jss233/zc362/chrono_divide/research-evidence/multimap-v2/screen-amendment-3/cells/task-330/cell.json"
"331","24605204","hfo-corners-b","cd_chrono_heckcorners_b.map","fb4ffb59de9f0ba114bd7f37a943f1ce9a4496e3ecb3e9382e72392039833a73","21","Americans","0","1","119,152","39,82","3002300021","0","candidate","candidate_win","12478","6","0","a60efffa5f321f828ce1a6b7178b4a7c31483c31","e87fc92b01a072959125780a8e961d0e22854ad4b5759a963f861233a26a61ef","5a838bd9cb3edf06df288914ad5cea60b61983f29d183a1efdeb5a3c90e3295e","644f55c7d4bcaf336c90ddbc34db83fc4e90407c3713beacc2b2f40ae79f7a48","/nfs/roberts/project/pi_jss233/zc362/chrono_divide/research-evidence/multimap-v2/screen-amendment-3/cells/task-331/cell.json"
"332","24605205","hfo-corners-b","cd_chrono_heckcorners_b.map","fb4ffb59de9f0ba114bd7f37a943f1ce9a4496e3ecb3e9382e72392039833a73","25","Alliance","1","0","39,82","151,119","3002300025","0","draw","tick_cap_draw","90000","2","18","a60efffa5f321f828ce1a6b7178b4a7c31483c31","e87fc92b01a072959125780a8e961d0e22854ad4b5759a963f861233a26a61ef","5a838bd9cb3edf06df288914ad5cea60b61983f29d183a1efdeb5a3c90e3295e","3bce21a9e33ae31afe3c481db04eadff105e96b6765e31e35f52df63ca796c3d","/nfs/roberts/project/pi_jss233/zc362/chrono_divide/research-evidence/multimap-v2/screen-amendment-3/cells/task-332/cell.json"
"333","24605206","hfo-corners-b","cd_chrono_heckcorners_b.map","fb4ffb59de9f0ba114bd7f37a943f1ce9a4496e3ecb3e9382e72392039833a73","29","Alliance","1","0","88,34","119,152","3002300029","0","candidate","candidate_win","22775","17","0","a60efffa5f321f828ce1a6b7178b4a7c31483c31","e87fc92b01a072959125780a8e961d0e22854ad4b5759a963f861233a26a61ef","5a838bd9cb3edf06df288914ad5cea60b61983f29d183a1efdeb5a3c90e3295e","c8532e5e1c9260effe686b89f5846bde7fbd188acc51d20c523e6530dc72bb6d","/nfs/roberts/project/pi_jss233/zc362/chrono_divide/research-evidence/multimap-v2/screen-amendment-3/cells/task-333/cell.json"
"334","24605208","hfo-corners-b","cd_chrono_heckcorners_b.map","fb4ffb59de9f0ba114bd7f37a943f1ce9a4496e3ecb3e9382e72392039833a73","30","Alliance","1","0","151,119","39,82","3002300030","0","draw","engine_nonliteral_termination_draw","28167","0","0","a60efffa5f321f828ce1a6b7178b4a7c31483c31","e87fc92b01a072959125780a8e961d0e22854ad4b5759a963f861233a26a61ef","5a838bd9cb3edf06df288914ad5cea60b61983f29d183a1efdeb5a3c90e3295e","30415fd73c5fcc692c540af72a0bc007ed3e920e0d08dab31e51ca32457ac726","/nfs/roberts/project/pi_jss233/zc362/chrono_divide/research-evidence/multimap-v2/screen-amendment-3/cells/task-334/cell.json"
"335","24605209","hfo-corners-b","cd_chrono_heckcorners_b.map","fb4ffb59de9f0ba114bd7f37a943f1ce9a4496e3ecb3e9382e72392039833a73","34","Alliance","1","0","119,152","88,34","3002300034","0","candidate","candidate_win","52311","19","0","a60efffa5f321f828ce1a6b7178b4a7c31483c31","e87fc92b01a072959125780a8e961d0e22854ad4b5759a963f861233a26a61ef","5a838bd9cb3edf06df288914ad5cea60b61983f29d183a1efdeb5a3c90e3295e","823b594f4d8f94cf9323d4f151ce4ccc8ff62ca5943d5d65990085f4851b7437","/nfs/roberts/project/pi_jss233/zc362/chrono_divide/research-evidence/multimap-v2/screen-amendment-3/cells/task-335/cell.json"
"336","24605211","hfo-corners-b","cd_chrono_heckcorners_b.map","fb4ffb59de9f0ba114bd7f37a943f1ce9a4496e3ecb3e9382e72392039833a73","37","Alliance","1","1","39,82","151,119","3002300037","0","candidate","candidate_win","47130","19","0","a60efffa5f321f828ce1a6b7178b4a7c31483c31","e87fc92b01a072959125780a8e961d0e22854ad4b5759a963f861233a26a61ef","5a838bd9cb3edf06df288914ad5cea60b61983f29d183a1efdeb5a3c90e3295e","b5ffdc90e18daf120bcca79bfc522597fc6e4efd0141779234a7377929dc121f","/nfs/roberts/project/pi_jss233/zc362/chrono_divide/research-evidence/multimap-v2/screen-amendment-3/cells/task-336/cell.json"
"337","24605213","hfo-corners-b","cd_chrono_heckcorners_b.map","fb4ffb59de9f0ba114bd7f37a943f1ce9a4496e3ecb3e9382e72392039833a73","41","Alliance","1","1","88,34","119,152","3002300041","0","candidate","candidate_win","22867","17","0","a60efffa5f321f828ce1a6b7178b4a7c31483c31","e87fc92b01a072959125780a8e961d0e22854ad4b5759a963f861233a26a61ef","5a838bd9cb3edf06df288914ad5cea60b61983f29d183a1efdeb5a3c90e3295e","052c4e243245848bcd3bca1b78736f07833152202e2d6d30fc735324366254c8","/nfs/roberts/project/pi_jss233/zc362/chrono_divide/research-evidence/multimap-v2/screen-amendment-3/cells/task-337/cell.json"
"338","24605214","hfo-corners-b","cd_chrono_heckcorners_b.map","fb4ffb59de9f0ba114bd7f37a943f1ce9a4496e3ecb3e9382e72392039833a73","42","Alliance","1","1","151,119","39,82","3002300042","0","draw","tick_cap_draw","90000","1","18","a60efffa5f321f828ce1a6b7178b4a7c31483c31","e87fc92b01a072959125780a8e961d0e22854ad4b5759a963f861233a26a61ef","5a838bd9cb3edf06df288914ad5cea60b61983f29d183a1efdeb5a3c90e3295e","ce7d204a32d029d6744b7c262c74bf534c2d71a9ceaaa71a57dc8d89cbf3b5a4","/nfs/roberts/project/pi_jss233/zc362/chrono_divide/research-evidence/multimap-v2/screen-amendment-3/cells/task-338/cell.json"
"339","24605215","hfo-corners-b","cd_chrono_heckcorners_b.map","fb4ffb59de9f0ba114bd7f37a943f1ce9a4496e3ecb3e9382e72392039833a73","46","Alliance","1","1","119,152","88,34","3002300046","0","candidate","candidate_win","21437","15","0","a60efffa5f321f828ce1a6b7178b4a7c31483c31","e87fc92b01a072959125780a8e961d0e22854ad4b5759a963f861233a26a61ef","5a838bd9cb3edf06df288914ad5cea60b61983f29d183a1efdeb5a3c90e3295e","00bce85e7fdf8376c2e2b4b88e58c1b051992d8d2e74f0d47c07561abbb8a371","/nfs/roberts/project/pi_jss233/zc362/chrono_divide/research-evidence/multimap-v2/screen-amendment-3/cells/task-339/cell.json"
"340","24605219","hfo-corners-b","cd_chrono_heckcorners_b.map","fb4ffb59de9f0ba114bd7f37a943f1ce9a4496e3ecb3e9382e72392039833a73","50","French","2","0","39,82","119,152","3002300050","0","opponent","baseline_win","30449","0","9","a60efffa5f321f828ce1a6b7178b4a7c31483c31","e87fc92b01a072959125780a8e961d0e22854ad4b5759a963f861233a26a61ef","5a838bd9cb3edf06df288914ad5cea60b61983f29d183a1efdeb5a3c90e3295e","e09646a8d94adb4800277ede787f3c8bd566d2ddc7fdb23bc06cef71c7f94fec","/nfs/roberts/project/pi_jss233/zc362/chrono_divide/research-evidence/multimap-v2/screen-amendment-3/cells/task-340/cell.json"
"341","24605444","hfo-corners-b","cd_chrono_heckcorners_b.map","fb4ffb59de9f0ba114bd7f37a943f1ce9a4496e3ecb3e9382e72392039833a73","51","French","2","0","88,34","39,82","3002300051","0","opponent","baseline_win","7351","0","5","a60efffa5f321f828ce1a6b7178b4a7c31483c31","e87fc92b01a072959125780a8e961d0e22854ad4b5759a963f861233a26a61ef","5a838bd9cb3edf06df288914ad5cea60b61983f29d183a1efdeb5a3c90e3295e","9dd318e44dfc9c57998b84f7fe7bf31339764c6ffff2043dcd9f6815062eb26d","/nfs/roberts/project/pi_jss233/zc362/chrono_divide/research-evidence/multimap-v2/screen-amendment-3/cells/task-341/cell.json"
"342","24605445","hfo-corners-b","cd_chrono_heckcorners_b.map","fb4ffb59de9f0ba114bd7f37a943f1ce9a4496e3ecb3e9382e72392039833a73","55","French","2","0","151,119","88,34","3002300055","0","candidate","candidate_win","15316","6","0","a60efffa5f321f828ce1a6b7178b4a7c31483c31","e87fc92b01a072959125780a8e961d0e22854ad4b5759a963f861233a26a61ef","5a838bd9cb3edf06df288914ad5cea60b61983f29d183a1efdeb5a3c90e3295e","5267f8c52f99073cdbabc1c5b78f1e3cffc91dc1bd6eb6a069f9b72fb372fef5","/nfs/roberts/project/pi_jss233/zc362/chrono_divide/research-evidence/multimap-v2/screen-amendment-3/cells/task-342/cell.json"
"343","24605453","hfo-corners-b","cd_chrono_heckcorners_b.map","fb4ffb59de9f0ba114bd7f37a943f1ce9a4496e3ecb3e9382e72392039833a73","59","French","2","0","119,152","151,119","3002300059","0","opponent","baseline_win","18020","0","7","a60efffa5f321f828ce1a6b7178b4a7c31483c31","e87fc92b01a072959125780a8e961d0e22854ad4b5759a963f861233a26a61ef","5a838bd9cb3edf06df288914ad5cea60b61983f29d183a1efdeb5a3c90e3295e","70ecf6b98b6427cc768eeb69fa612f46c31e2b8aa5662f17bb308d7d3f3bf06a","/nfs/roberts/project/pi_jss233/zc362/chrono_divide/research-evidence/multimap-v2/screen-amendment-3/cells/task-343/cell.json"
"344","24605457","hfo-corners-b","cd_chrono_heckcorners_b.map","fb4ffb59de9f0ba114bd7f37a943f1ce9a4496e3ecb3e9382e72392039833a73","62","French","2","1","39,82","119,152","3002300062","0","draw","tick_cap_draw","90000","2","19","a60efffa5f321f828ce1a6b7178b4a7c31483c31","e87fc92b01a072959125780a8e961d0e22854ad4b5759a963f861233a26a61ef","5a838bd9cb3edf06df288914ad5cea60b61983f29d183a1efdeb5a3c90e3295e","264dfa22f5fa1d4f8f420059a8c27af8b13f0834adfbf9ff8c738e7c4ff03839","/nfs/roberts/project/pi_jss233/zc362/chrono_divide/research-evidence/multimap-v2/screen-amendment-3/cells/task-344/cell.json"
"345","24605462","hfo-corners-b","cd_chrono_heckcorners_b.map","fb4ffb59de9f0ba114bd7f37a943f1ce9a4496e3ecb3e9382e72392039833a73","63","French","2","1","88,34","39,82","3002300063","0","candidate","candidate_win","12790","8","0","a60efffa5f321f828ce1a6b7178b4a7c31483c31","e87fc92b01a072959125780a8e961d0e22854ad4b5759a963f861233a26a61ef","5a838bd9cb3edf06df288914ad5cea60b61983f29d183a1efdeb5a3c90e3295e","ee3f5d77823a9f50fc58ca5e247b754a4cd45dd6713f55337299bd6b4d47bbc9","/nfs/roberts/project/pi_jss233/zc362/chrono_divide/research-evidence/multimap-v2/screen-amendment-3/cells/task-345/cell.json"
"346","24605465","hfo-corners-b","cd_chrono_heckcorners_b.map","fb4ffb59de9f0ba114bd7f37a943f1ce9a4496e3ecb3e9382e72392039833a73","67","French","2","1","151,119","88,34","3002300067","0","opponent","baseline_win","15522","0","7","a60efffa5f321f828ce1a6b7178b4a7c31483c31","e87fc92b01a072959125780a8e961d0e22854ad4b5759a963f861233a26a61ef","5a838bd9cb3edf06df288914ad5cea60b61983f29d183a1efdeb5a3c90e3295e","06e727127e17f5b1f5cc013ebe1ba9e5bdbff33206b3d12f25d644b951feb7dc","/nfs/roberts/project/pi_jss233/zc362/chrono_divide/research-evidence/multimap-v2/screen-amendment-3/cells/task-346/cell.json"
"347","24605466","hfo-corners-b","cd_chrono_heckcorners_b.map","fb4ffb59de9f0ba114bd7f37a943f1ce9a4496e3ecb3e9382e72392039833a73","71","French","2","1","119,152","151,119","3002300071","0","candidate","candidate_win","43700","6","0","a60efffa5f321f828ce1a6b7178b4a7c31483c31","e87fc92b01a072959125780a8e961d0e22854ad4b5759a963f861233a26a61ef","5a838bd9cb3edf06df288914ad5cea60b61983f29d183a1efdeb5a3c90e3295e","f5ac81e6cbcb1387e577f343eed011187d28a5d5db0c22a13c733f1ed1a1ee3f","/nfs/roberts/project/pi_jss233/zc362/chrono_divide/research-evidence/multimap-v2/screen-amendment-3/cells/task-347/cell.json"
"348","24605469","hfo-corners-b","cd_chrono_heckcorners_b.map","fb4ffb59de9f0ba114bd7f37a943f1ce9a4496e3ecb3e9382e72392039833a73","72","Germans","3","0","39,82","88,34","3002300072","0","opponent","baseline_win","7510","0","5","a60efffa5f321f828ce1a6b7178b4a7c31483c31","e87fc92b01a072959125780a8e961d0e22854ad4b5759a963f861233a26a61ef","5a838bd9cb3edf06df288914ad5cea60b61983f29d183a1efdeb5a3c90e3295e","e4077eae924a5ef799ab296d248afea0482e3cb5875f938f1f23931afcd10d97","/nfs/roberts/project/pi_jss233/zc362/chrono_divide/research-evidence/multimap-v2/screen-amendment-3/cells/task-348/cell.json"
"349","24605471","hfo-corners-b","cd_chrono_heckcorners_b.map","fb4ffb59de9f0ba114bd7f37a943f1ce9a4496e3ecb3e9382e72392039833a73","76","Germans","3","0","88,34","151,119","3002300076","0","candidate","candidate_win","21483","15","0","a60efffa5f321f828ce1a6b7178b4a7c31483c31","e87fc92b01a072959125780a8e961d0e22854ad4b5759a963f861233a26a61ef","5a838bd9cb3edf06df288914ad5cea60b61983f29d183a1efdeb5a3c90e3295e","96a2ccc4d5e6e69f37b684537c6a9d1c3d9bed7d3f4a84b693df765edb604703","/nfs/roberts/project/pi_jss233/zc362/chrono_divide/research-evidence/multimap-v2/screen-amendment-3/cells/task-349/cell.json"
"350","24605474","hfo-corners-b","cd_chrono_heckcorners_b.map","fb4ffb59de9f0ba114bd7f37a943f1ce9a4496e3ecb3e9382e72392039833a73","80","Germans","3","0","151,119","119,152","3002300080","0","candidate","candidate_win","23506","13","0","a60efffa5f321f828ce1a6b7178b4a7c31483c31","e87fc92b01a072959125780a8e961d0e22854ad4b5759a963f861233a26a61ef","5a838bd9cb3edf06df288914ad5cea60b61983f29d183a1efdeb5a3c90e3295e","f50e04b19006c69c779b4b3599b627a6a9a0b661300a1a67103b16f4a3c653ab","/nfs/roberts/project/pi_jss233/zc362/chrono_divide/research-evidence/multimap-v2/screen-amendment-3/cells/task-350/cell.json"
"351","24605475","hfo-corners-b","cd_chrono_heckcorners_b.map","fb4ffb59de9f0ba114bd7f37a943f1ce9a4496e3ecb3e9382e72392039833a73","81","Germans","3","0","119,152","39,82","3002300081","0","candidate","candidate_win","12484","6","0","a60efffa5f321f828ce1a6b7178b4a7c31483c31","e87fc92b01a072959125780a8e961d0e22854ad4b5759a963f861233a26a61ef","5a838bd9cb3edf06df288914ad5cea60b61983f29d183a1efdeb5a3c90e3295e","4209b5eb721dfebce6b897a477a58d84a5f67803408e1f06b93083b6f5b35606","/nfs/roberts/project/pi_jss233/zc362/chrono_divide/research-evidence/multimap-v2/screen-amendment-3/cells/task-351/cell.json"
"352","24605476","hfo-corners-b","cd_chrono_heckcorners_b.map","fb4ffb59de9f0ba114bd7f37a943f1ce9a4496e3ecb3e9382e72392039833a73","84","Germans","3","1","39,82","88,34","3002300084","0","candidate","candidate_win","7006","7","0","a60efffa5f321f828ce1a6b7178b4a7c31483c31","e87fc92b01a072959125780a8e961d0e22854ad4b5759a963f861233a26a61ef","5a838bd9cb3edf06df288914ad5cea60b61983f29d183a1efdeb5a3c90e3295e","ffc211d32c765937bc045934cfd895f8a58b8af3fa3ff44ca97b3953069882cd","/nfs/roberts/project/pi_jss233/zc362/chrono_divide/research-evidence/multimap-v2/screen-amendment-3/cells/task-352/cell.json"
"353","24605477","hfo-corners-b","cd_chrono_heckcorners_b.map","fb4ffb59de9f0ba114bd7f37a943f1ce9a4496e3ecb3e9382e72392039833a73","88","Germans","3","1","88,34","151,119","3002300088","0","candidate","candidate_win","20570","14","0","a60efffa5f321f828ce1a6b7178b4a7c31483c31","e87fc92b01a072959125780a8e961d0e22854ad4b5759a963f861233a26a61ef","5a838bd9cb3edf06df288914ad5cea60b61983f29d183a1efdeb5a3c90e3295e","3bb73cef9f0ca4f978ed433fbc975b2510391d8299020caa64091bae64744fd7","/nfs/roberts/project/pi_jss233/zc362/chrono_divide/research-evidence/multimap-v2/screen-amendment-3/cells/task-353/cell.json"
"354","24605478","hfo-corners-b","cd_chrono_heckcorners_b.map","fb4ffb59de9f0ba114bd7f37a943f1ce9a4496e3ecb3e9382e72392039833a73","92","Germans","3","1","151,119","119,152","3002300092","0","opponent","baseline_win","11992","0","5","a60efffa5f321f828ce1a6b7178b4a7c31483c31","e87fc92b01a072959125780a8e961d0e22854ad4b5759a963f861233a26a61ef","5a838bd9cb3edf06df288914ad5cea60b61983f29d183a1efdeb5a3c90e3295e","bbe99d5d13ee1ac8ea51fbda895a4c02e604f664c2f6f29c01286caca175bd0f","/nfs/roberts/project/pi_jss233/zc362/chrono_divide/research-evidence/multimap-v2/screen-amendment-3/cells/task-354/cell.json"
"355","24605480","hfo-corners-b","cd_chrono_heckcorners_b.map","fb4ffb59de9f0ba114bd7f37a943f1ce9a4496e3ecb3e9382e72392039833a73","93","Germans","3","1","119,152","39,82","3002300093","0","candidate","candidate_win","20639","6","0","a60efffa5f321f828ce1a6b7178b4a7c31483c31","e87fc92b01a072959125780a8e961d0e22854ad4b5759a963f861233a26a61ef","5a838bd9cb3edf06df288914ad5cea60b61983f29d183a1efdeb5a3c90e3295e","3973ac0cae2a38a2f456239a7495aad41700be6e7597b045dba6acc8ad01ff4b","/nfs/roberts/project/pi_jss233/zc362/chrono_divide/research-evidence/multimap-v2/screen-amendment-3/cells/task-355/cell.json"
"356","24605481","hfo-corners-b","cd_chrono_heckcorners_b.map","fb4ffb59de9f0ba114bd7f37a943f1ce9a4496e3ecb3e9382e72392039833a73","97","British","4","0","39,82","151,119","3002300097","0","draw","tick_cap_draw","90000","3","18","a60efffa5f321f828ce1a6b7178b4a7c31483c31","e87fc92b01a072959125780a8e961d0e22854ad4b5759a963f861233a26a61ef","5a838bd9cb3edf06df288914ad5cea60b61983f29d183a1efdeb5a3c90e3295e","f3e3f3fceab03090cba53e1cf5e9d237d1c9e2d6dea8a303c05d57d7bf2e985c","/nfs/roberts/project/pi_jss233/zc362/chrono_divide/research-evidence/multimap-v2/screen-amendment-3/cells/task-356/cell.json"
"357","24605482","hfo-corners-b","cd_chrono_heckcorners_b.map","fb4ffb59de9f0ba114bd7f37a943f1ce9a4496e3ecb3e9382e72392039833a73","101","British","4","0","88,34","119,152","3002300101","0","candidate","candidate_win","22340","15","0","a60efffa5f321f828ce1a6b7178b4a7c31483c31","e87fc92b01a072959125780a8e961d0e22854ad4b5759a963f861233a26a61ef","5a838bd9cb3edf06df288914ad5cea60b61983f29d183a1efdeb5a3c90e3295e","c4abec7f7f752c13576764f369298381c30a37592e3a2edca2286597ccf201dc","/nfs/roberts/project/pi_jss233/zc362/chrono_divide/research-evidence/multimap-v2/screen-amendment-3/cells/task-357/cell.json"
"358","24605483","hfo-corners-b","cd_chrono_heckcorners_b.map","fb4ffb59de9f0ba114bd7f37a943f1ce9a4496e3ecb3e9382e72392039833a73","102","British","4","0","151,119","39,82","3002300102","0","draw","tick_cap_draw","90000","1","18","a60efffa5f321f828ce1a6b7178b4a7c31483c31","e87fc92b01a072959125780a8e961d0e22854ad4b5759a963f861233a26a61ef","5a838bd9cb3edf06df288914ad5cea60b61983f29d183a1efdeb5a3c90e3295e","7fde46181e442821ed8bf5c6631eb0b295b3b17af0f14c297bed047361ff7359","/nfs/roberts/project/pi_jss233/zc362/chrono_divide/research-evidence/multimap-v2/screen-amendment-3/cells/task-358/cell.json"
"359","24605485","hfo-corners-b","cd_chrono_heckcorners_b.map","fb4ffb59de9f0ba114bd7f37a943f1ce9a4496e3ecb3e9382e72392039833a73","106","British","4","0","119,152","88,34","3002300106","0","draw","engine_nonliteral_termination_draw","65353","0","0","a60efffa5f321f828ce1a6b7178b4a7c31483c31","e87fc92b01a072959125780a8e961d0e22854ad4b5759a963f861233a26a61ef","5a838bd9cb3edf06df288914ad5cea60b61983f29d183a1efdeb5a3c90e3295e","12e9b58aea446d44145a1bf6d3ce9df5968cf830028bfcf6019f5040f85ef3b3","/nfs/roberts/project/pi_jss233/zc362/chrono_divide/research-evidence/multimap-v2/screen-amendment-3/cells/task-359/cell.json"
"360","24605486","hfo-corners-b","cd_chrono_heckcorners_b.map","fb4ffb59de9f0ba114bd7f37a943f1ce9a4496e3ecb3e9382e72392039833a73","109","British","4","1","39,82","151,119","3002300109","0","candidate","candidate_win","41900","19","0","a60efffa5f321f828ce1a6b7178b4a7c31483c31","e87fc92b01a072959125780a8e961d0e22854ad4b5759a963f861233a26a61ef","5a838bd9cb3edf06df288914ad5cea60b61983f29d183a1efdeb5a3c90e3295e","54f5065d870f019cb3630957d23c36b744d92e46b284f4683792af582d4ae83d","/nfs/roberts/project/pi_jss233/zc362/chrono_divide/research-evidence/multimap-v2/screen-amendment-3/cells/task-360/cell.json"
"361","24605487","hfo-corners-b","cd_chrono_heckcorners_b.map","fb4ffb59de9f0ba114bd7f37a943f1ce9a4496e3ecb3e9382e72392039833a73","113","British","4","1","88,34","119,152","3002300113","0","candidate","candidate_win","22505","17","0","a60efffa5f321f828ce1a6b7178b4a7c31483c31","e87fc92b01a072959125780a8e961d0e22854ad4b5759a963f861233a26a61ef","5a838bd9cb3edf06df288914ad5cea60b61983f29d183a1efdeb5a3c90e3295e","9bbfdda5477a4ae8fcea36a603405c9cbfc4a299c3dc54ffae4ba872a2e8660f","/nfs/roberts/project/pi_jss233/zc362/chrono_divide/research-evidence/multimap-v2/screen-amendment-3/cells/task-361/cell.json"
"362","24605488","hfo-corners-b","cd_chrono_heckcorners_b.map","fb4ffb59de9f0ba114bd7f37a943f1ce9a4496e3ecb3e9382e72392039833a73","114","British","4","1","151,119","39,82","3002300114","0","draw","engine_nonliteral_termination_draw","29112","0","0","a60efffa5f321f828ce1a6b7178b4a7c31483c31","e87fc92b01a072959125780a8e961d0e22854ad4b5759a963f861233a26a61ef","5a838bd9cb3edf06df288914ad5cea60b61983f29d183a1efdeb5a3c90e3295e","d170704716f384b422518d2ecfb0f450d0276ff03c71fb9602902c5846c30419","/nfs/roberts/project/pi_jss233/zc362/chrono_divide/research-evidence/multimap-v2/screen-amendment-3/cells/task-362/cell.json"
"363","24605489","hfo-corners-b","cd_chrono_heckcorners_b.map","fb4ffb59de9f0ba114bd7f37a943f1ce9a4496e3ecb3e9382e72392039833a73","118","British","4","1","119,152","88,34","3002300118","0","draw","engine_nonliteral_termination_draw","35324","0","0","a60efffa5f321f828ce1a6b7178b4a7c31483c31","e87fc92b01a072959125780a8e961d0e22854ad4b5759a963f861233a26a61ef","5a838bd9cb3edf06df288914ad5cea60b61983f29d183a1efdeb5a3c90e3295e","ae3bb000b93c1a20ac1ee9b98767d7285e439ca543d33baf8ff7a72de91372d5","/nfs/roberts/project/pi_jss233/zc362/chrono_divide/research-evidence/multimap-v2/screen-amendment-3/cells/task-363/cell.json"
"364","24605490","hfo-corners-b","cd_chrono_heckcorners_b.map","fb4ffb59de9f0ba114bd7f37a943f1ce9a4496e3ecb3e9382e72392039833a73","122","Africans","5","0","39,82","119,152","3002300122","0","opponent","baseline_win","47845","0","7","a60efffa5f321f828ce1a6b7178b4a7c31483c31","e87fc92b01a072959125780a8e961d0e22854ad4b5759a963f861233a26a61ef","5a838bd9cb3edf06df288914ad5cea60b61983f29d183a1efdeb5a3c90e3295e","e8c261204fbdc1afff7ec66997b7074952fac9a52a9493cc660ae36a4657d14c","/nfs/roberts/project/pi_jss233/zc362/chrono_divide/research-evidence/multimap-v2/screen-amendment-3/cells/task-364/cell.json"
"365","24605491","hfo-corners-b","cd_chrono_heckcorners_b.map","fb4ffb59de9f0ba114bd7f37a943f1ce9a4496e3ecb3e9382e72392039833a73","123","Africans","5","0","88,34","39,82","3002300123","0","opponent","baseline_win","8082","0","6","a60efffa5f321f828ce1a6b7178b4a7c31483c31","e87fc92b01a072959125780a8e961d0e22854ad4b5759a963f861233a26a61ef","5a838bd9cb3edf06df288914ad5cea60b61983f29d183a1efdeb5a3c90e3295e","bb869f170ce28eb496dc1b5f2dfd9fdac123ef3a2af056372da5863d82aa4e57","/nfs/roberts/project/pi_jss233/zc362/chrono_divide/research-evidence/multimap-v2/screen-amendment-3/cells/task-365/cell.json"
"366","24605493","hfo-corners-b","cd_chrono_heckcorners_b.map","fb4ffb59de9f0ba114bd7f37a943f1ce9a4496e3ecb3e9382e72392039833a73","127","Africans","5","0","151,119","88,34","3002300127","0","opponent","baseline_win","52906","0","10","a60efffa5f321f828ce1a6b7178b4a7c31483c31","e87fc92b01a072959125780a8e961d0e22854ad4b5759a963f861233a26a61ef","5a838bd9cb3edf06df288914ad5cea60b61983f29d183a1efdeb5a3c90e3295e","231b0c277c87e112e2cc3522912c102422c2f9373c6c8b490b387a284f626a79","/nfs/roberts/project/pi_jss233/zc362/chrono_divide/research-evidence/multimap-v2/screen-amendment-3/cells/task-366/cell.json"
"367","24605494","hfo-corners-b","cd_chrono_heckcorners_b.map","fb4ffb59de9f0ba114bd7f37a943f1ce9a4496e3ecb3e9382e72392039833a73","131","Africans","5","0","119,152","151,119","3002300131","0","opponent","baseline_win","28288","0","7","a60efffa5f321f828ce1a6b7178b4a7c31483c31","e87fc92b01a072959125780a8e961d0e22854ad4b5759a963f861233a26a61ef","5a838bd9cb3edf06df288914ad5cea60b61983f29d183a1efdeb5a3c90e3295e","c01774e01787c40ac7b7364355a4c48a6e2b6aaf56d9f6ded64c3313368b63ae","/nfs/roberts/project/pi_jss233/zc362/chrono_divide/research-evidence/multimap-v2/screen-amendment-3/cells/task-367/cell.json"
"368","24605495","hfo-corners-b","cd_chrono_heckcorners_b.map","fb4ffb59de9f0ba114bd7f37a943f1ce9a4496e3ecb3e9382e72392039833a73","134","Africans","5","1","39,82","119,152","3002300134","0","opponent","baseline_win","19237","0","7","a60efffa5f321f828ce1a6b7178b4a7c31483c31","e87fc92b01a072959125780a8e961d0e22854ad4b5759a963f861233a26a61ef","5a838bd9cb3edf06df288914ad5cea60b61983f29d183a1efdeb5a3c90e3295e","fc26e6f737097b7112bfe9c8c1703d4d16c5d3d1477c268db4766953269abbee","/nfs/roberts/project/pi_jss233/zc362/chrono_divide/research-evidence/multimap-v2/screen-amendment-3/cells/task-368/cell.json"
"369","24605497","hfo-corners-b","cd_chrono_heckcorners_b.map","fb4ffb59de9f0ba114bd7f37a943f1ce9a4496e3ecb3e9382e72392039833a73","135","Africans","5","1","88,34","39,82","3002300135","0","opponent","baseline_win","39450","0","7","a60efffa5f321f828ce1a6b7178b4a7c31483c31","e87fc92b01a072959125780a8e961d0e22854ad4b5759a963f861233a26a61ef","5a838bd9cb3edf06df288914ad5cea60b61983f29d183a1efdeb5a3c90e3295e","2dece21461f0940c272990930f36e2e129ee648b77d460edfa05b889c29de2aa","/nfs/roberts/project/pi_jss233/zc362/chrono_divide/research-evidence/multimap-v2/screen-amendment-3/cells/task-369/cell.json"
"370","24605501","hfo-corners-b","cd_chrono_heckcorners_b.map","fb4ffb59de9f0ba114bd7f37a943f1ce9a4496e3ecb3e9382e72392039833a73","139","Africans","5","1","151,119","88,34","3002300139","0","opponent","baseline_win","55609","0","8","a60efffa5f321f828ce1a6b7178b4a7c31483c31","e87fc92b01a072959125780a8e961d0e22854ad4b5759a963f861233a26a61ef","5a838bd9cb3edf06df288914ad5cea60b61983f29d183a1efdeb5a3c90e3295e","5237239f7190b7415c58c32a5cdb45e16e1df16bf3f847b75416024113bc81e0","/nfs/roberts/project/pi_jss233/zc362/chrono_divide/research-evidence/multimap-v2/screen-amendment-3/cells/task-370/cell.json"
"371","24605502","hfo-corners-b","cd_chrono_heckcorners_b.map","fb4ffb59de9f0ba114bd7f37a943f1ce9a4496e3ecb3e9382e72392039833a73","143","Africans","5","1","119,152","151,119","3002300143","0","opponent","baseline_win","25286","0","7","a60efffa5f321f828ce1a6b7178b4a7c31483c31","e87fc92b01a072959125780a8e961d0e22854ad4b5759a963f861233a26a61ef","5a838bd9cb3edf06df288914ad5cea60b61983f29d183a1efdeb5a3c90e3295e","9406982760ac989987df27613bc7e48d1f4ca8085a285e984dfaec0bf711a623","/nfs/roberts/project/pi_jss233/zc362/chrono_divide/research-evidence/multimap-v2/screen-amendment-3/cells/task-371/cell.json"
"372","24605504","hfo-corners-b","cd_chrono_heckcorners_b.map","fb4ffb59de9f0ba114bd7f37a943f1ce9a4496e3ecb3e9382e72392039833a73","144","Arabs","6","0","39,82","88,34","3002300144","0","opponent","baseline_win","36415","0","14","a60efffa5f321f828ce1a6b7178b4a7c31483c31","e87fc92b01a072959125780a8e961d0e22854ad4b5759a963f861233a26a61ef","5a838bd9cb3edf06df288914ad5cea60b61983f29d183a1efdeb5a3c90e3295e","b76e6c682ae4f69c18b74f6129dc5f3ad986a093845d180dc196d0ce96fb66b8","/nfs/roberts/project/pi_jss233/zc362/chrono_divide/research-evidence/multimap-v2/screen-amendment-3/cells/task-372/cell.json"
"373","24605505","hfo-corners-b","cd_chrono_heckcorners_b.map","fb4ffb59de9f0ba114bd7f37a943f1ce9a4496e3ecb3e9382e72392039833a73","148","Arabs","6","0","88,34","151,119","3002300148","0","candidate","candidate_win","20590","11","0","a60efffa5f321f828ce1a6b7178b4a7c31483c31","e87fc92b01a072959125780a8e961d0e22854ad4b5759a963f861233a26a61ef","5a838bd9cb3edf06df288914ad5cea60b61983f29d183a1efdeb5a3c90e3295e","1f107aca8212b2c8aaa5843b2161082766586878efcf4d59a1baec81a1253d99","/nfs/roberts/project/pi_jss233/zc362/chrono_divide/research-evidence/multimap-v2/screen-amendment-3/cells/task-373/cell.json"
"374","24605511","hfo-corners-b","cd_chrono_heckcorners_b.map","fb4ffb59de9f0ba114bd7f37a943f1ce9a4496e3ecb3e9382e72392039833a73","152","Arabs","6","0","151,119","119,152","3002300152","0","candidate","candidate_win","12725","6","0","a60efffa5f321f828ce1a6b7178b4a7c31483c31","e87fc92b01a072959125780a8e961d0e22854ad4b5759a963f861233a26a61ef","5a838bd9cb3edf06df288914ad5cea60b61983f29d183a1efdeb5a3c90e3295e","3a1fb28244f8974b2bc1b17fb623324def8bda4aa0ac8781c6b9c4c6d6857aad","/nfs/roberts/project/pi_jss233/zc362/chrono_divide/research-evidence/multimap-v2/screen-amendment-3/cells/task-374/cell.json"
"375","24605512","hfo-corners-b","cd_chrono_heckcorners_b.map","fb4ffb59de9f0ba114bd7f37a943f1ce9a4496e3ecb3e9382e72392039833a73","153","Arabs","6","0","119,152","39,82","3002300153","0","candidate","candidate_win","9524","6","0","a60efffa5f321f828ce1a6b7178b4a7c31483c31","e87fc92b01a072959125780a8e961d0e22854ad4b5759a963f861233a26a61ef","5a838bd9cb3edf06df288914ad5cea60b61983f29d183a1efdeb5a3c90e3295e","71942267d244dfc8e303469f85db99e8d408d4494533593f6749d266bddd38c8","/nfs/roberts/project/pi_jss233/zc362/chrono_divide/research-evidence/multimap-v2/screen-amendment-3/cells/task-375/cell.json"
"376","24605515","hfo-corners-b","cd_chrono_heckcorners_b.map","fb4ffb59de9f0ba114bd7f37a943f1ce9a4496e3ecb3e9382e72392039833a73","156","Arabs","6","1","39,82","88,34","3002300156","0","candidate","candidate_win","9220","7","0","a60efffa5f321f828ce1a6b7178b4a7c31483c31","e87fc92b01a072959125780a8e961d0e22854ad4b5759a963f861233a26a61ef","5a838bd9cb3edf06df288914ad5cea60b61983f29d183a1efdeb5a3c90e3295e","847ad88b98cc163fff5d59fa77a9052b041f3a39da916ddd4303a5837b6ad675","/nfs/roberts/project/pi_jss233/zc362/chrono_divide/research-evidence/multimap-v2/screen-amendment-3/cells/task-376/cell.json"
"377","24605516","hfo-corners-b","cd_chrono_heckcorners_b.map","fb4ffb59de9f0ba114bd7f37a943f1ce9a4496e3ecb3e9382e72392039833a73","160","Arabs","6","1","88,34","151,119","3002300160","0","candidate","candidate_win","21728","15","0","a60efffa5f321f828ce1a6b7178b4a7c31483c31","e87fc92b01a072959125780a8e961d0e22854ad4b5759a963f861233a26a61ef","5a838bd9cb3edf06df288914ad5cea60b61983f29d183a1efdeb5a3c90e3295e","a8554125a6f49020ed73f892cb8ac3cbbfa19679cf6103dca2e836a51be63d2b","/nfs/roberts/project/pi_jss233/zc362/chrono_divide/research-evidence/multimap-v2/screen-amendment-3/cells/task-377/cell.json"
"378","24605518","hfo-corners-b","cd_chrono_heckcorners_b.map","fb4ffb59de9f0ba114bd7f37a943f1ce9a4496e3ecb3e9382e72392039833a73","164","Arabs","6","1","151,119","119,152","3002300164","0","candidate","candidate_win","10561","6","0","a60efffa5f321f828ce1a6b7178b4a7c31483c31","e87fc92b01a072959125780a8e961d0e22854ad4b5759a963f861233a26a61ef","5a838bd9cb3edf06df288914ad5cea60b61983f29d183a1efdeb5a3c90e3295e","60230d179ebad43a19863a784c04dedf79dde53f6d891bb4278b7ee635240b80","/nfs/roberts/project/pi_jss233/zc362/chrono_divide/research-evidence/multimap-v2/screen-amendment-3/cells/task-378/cell.json"
"379","24605519","hfo-corners-b","cd_chrono_heckcorners_b.map","fb4ffb59de9f0ba114bd7f37a943f1ce9a4496e3ecb3e9382e72392039833a73","165","Arabs","6","1","119,152","39,82","3002300165","0","candidate","candidate_win","9436","6","0","a60efffa5f321f828ce1a6b7178b4a7c31483c31","e87fc92b01a072959125780a8e961d0e22854ad4b5759a963f861233a26a61ef","5a838bd9cb3edf06df288914ad5cea60b61983f29d183a1efdeb5a3c90e3295e","c3a02712e50b8d5837a24c10162eaa1811fc8a9460fad20038a49a1d81374a17","/nfs/roberts/project/pi_jss233/zc362/chrono_divide/research-evidence/multimap-v2/screen-amendment-3/cells/task-379/cell.json"
"380","24605740","hfo-corners-b","cd_chrono_heckcorners_b.map","fb4ffb59de9f0ba114bd7f37a943f1ce9a4496e3ecb3e9382e72392039833a73","169","Confederation","7","0","39,82","151,119","3002300169","0","draw","tick_cap_draw","90000","3","18","a60efffa5f321f828ce1a6b7178b4a7c31483c31","e87fc92b01a072959125780a8e961d0e22854ad4b5759a963f861233a26a61ef","5a838bd9cb3edf06df288914ad5cea60b61983f29d183a1efdeb5a3c90e3295e","f2e345e3966811992ce9b26dd9305ad9c4a43096cbf23cb09103b42337e7178b","/nfs/roberts/project/pi_jss233/zc362/chrono_divide/research-evidence/multimap-v2/screen-amendment-3/cells/task-380/cell.json"
"381","24605747","hfo-corners-b","cd_chrono_heckcorners_b.map","fb4ffb59de9f0ba114bd7f37a943f1ce9a4496e3ecb3e9382e72392039833a73","173","Confederation","7","0","88,34","119,152","3002300173","0","opponent","baseline_win","29216","0","8","a60efffa5f321f828ce1a6b7178b4a7c31483c31","e87fc92b01a072959125780a8e961d0e22854ad4b5759a963f861233a26a61ef","5a838bd9cb3edf06df288914ad5cea60b61983f29d183a1efdeb5a3c90e3295e","fb9680c06d3c4f795190ff63bc73bbae9b151b4c85ff556cc8d7e2ba5d338cfe","/nfs/roberts/project/pi_jss233/zc362/chrono_divide/research-evidence/multimap-v2/screen-amendment-3/cells/task-381/cell.json"
"382","24605749","hfo-corners-b","cd_chrono_heckcorners_b.map","fb4ffb59de9f0ba114bd7f37a943f1ce9a4496e3ecb3e9382e72392039833a73","174","Confederation","7","0","151,119","39,82","3002300174","0","candidate","candidate_win","10996","6","0","a60efffa5f321f828ce1a6b7178b4a7c31483c31","e87fc92b01a072959125780a8e961d0e22854ad4b5759a963f861233a26a61ef","5a838bd9cb3edf06df288914ad5cea60b61983f29d183a1efdeb5a3c90e3295e","a14e351b990efe4d5bd9406eecbb98584e4193d0ecfc6e3a7a5e26965cdc9b88","/nfs/roberts/project/pi_jss233/zc362/chrono_divide/research-evidence/multimap-v2/screen-amendment-3/cells/task-382/cell.json"
"383","24605752","hfo-corners-b","cd_chrono_heckcorners_b.map","fb4ffb59de9f0ba114bd7f37a943f1ce9a4496e3ecb3e9382e72392039833a73","178","Confederation","7","0","119,152","88,34","3002300178","0","opponent","baseline_win","34377","0","5","a60efffa5f321f828ce1a6b7178b4a7c31483c31","e87fc92b01a072959125780a8e961d0e22854ad4b5759a963f861233a26a61ef","5a838bd9cb3edf06df288914ad5cea60b61983f29d183a1efdeb5a3c90e3295e","4ecc9bf0c8f2e6e37c537033b97a1627b13121d54a7299012886babcc650420f","/nfs/roberts/project/pi_jss233/zc362/chrono_divide/research-evidence/multimap-v2/screen-amendment-3/cells/task-383/cell.json"
"384","24605758","hfo-corners-b","cd_chrono_heckcorners_b.map","fb4ffb59de9f0ba114bd7f37a943f1ce9a4496e3ecb3e9382e72392039833a73","181","Confederation","7","1","39,82","151,119","3002300181","0","draw","tick_cap_draw","90000","1","18","a60efffa5f321f828ce1a6b7178b4a7c31483c31","e87fc92b01a072959125780a8e961d0e22854ad4b5759a963f861233a26a61ef","5a838bd9cb3edf06df288914ad5cea60b61983f29d183a1efdeb5a3c90e3295e","22647867045854626276c4ad77a0f7bbb77b9c7b48b38c7f4dc8b7dd562ffc6e","/nfs/roberts/project/pi_jss233/zc362/chrono_divide/research-evidence/multimap-v2/screen-amendment-3/cells/task-384/cell.json"
"385","24605759","hfo-corners-b","cd_chrono_heckcorners_b.map","fb4ffb59de9f0ba114bd7f37a943f1ce9a4496e3ecb3e9382e72392039833a73","185","Confederation","7","1","88,34","119,152","3002300185","0","opponent","baseline_win","34282","0","8","a60efffa5f321f828ce1a6b7178b4a7c31483c31","e87fc92b01a072959125780a8e961d0e22854ad4b5759a963f861233a26a61ef","5a838bd9cb3edf06df288914ad5cea60b61983f29d183a1efdeb5a3c90e3295e","8d28dfd2455a736c88e5b7379fa3e62c2d2dd988160fc9569bd8cb95eb067fd6","/nfs/roberts/project/pi_jss233/zc362/chrono_divide/research-evidence/multimap-v2/screen-amendment-3/cells/task-385/cell.json"
"386","24605761","hfo-corners-b","cd_chrono_heckcorners_b.map","fb4ffb59de9f0ba114bd7f37a943f1ce9a4496e3ecb3e9382e72392039833a73","186","Confederation","7","1","151,119","39,82","3002300186","0","draw","engine_nonliteral_termination_draw","65668","0","0","a60efffa5f321f828ce1a6b7178b4a7c31483c31","e87fc92b01a072959125780a8e961d0e22854ad4b5759a963f861233a26a61ef","5a838bd9cb3edf06df288914ad5cea60b61983f29d183a1efdeb5a3c90e3295e","6ed1ce8070e93d823a8de512721f5f885ee2d400c7e2b34161da87b737267896","/nfs/roberts/project/pi_jss233/zc362/chrono_divide/research-evidence/multimap-v2/screen-amendment-3/cells/task-386/cell.json"
"387","24605762","hfo-corners-b","cd_chrono_heckcorners_b.map","fb4ffb59de9f0ba114bd7f37a943f1ce9a4496e3ecb3e9382e72392039833a73","190","Confederation","7","1","119,152","88,34","3002300190","0","draw","tick_cap_draw","90000","6","9","a60efffa5f321f828ce1a6b7178b4a7c31483c31","e87fc92b01a072959125780a8e961d0e22854ad4b5759a963f861233a26a61ef","5a838bd9cb3edf06df288914ad5cea60b61983f29d183a1efdeb5a3c90e3295e","4700fb5c1d67d4571132b6a98466c8fad96739ca6b474f8e3aba269432e03e60","/nfs/roberts/project/pi_jss233/zc362/chrono_divide/research-evidence/multimap-v2/screen-amendment-3/cells/task-387/cell.json"
"388","24605763","hfo-corners-b","cd_chrono_heckcorners_b.map","fb4ffb59de9f0ba114bd7f37a943f1ce9a4496e3ecb3e9382e72392039833a73","194","Russians","8","0","39,82","119,152","3002300194","0","opponent","baseline_win","18639","0","7","a60efffa5f321f828ce1a6b7178b4a7c31483c31","e87fc92b01a072959125780a8e961d0e22854ad4b5759a963f861233a26a61ef","5a838bd9cb3edf06df288914ad5cea60b61983f29d183a1efdeb5a3c90e3295e","e17888b6f6dd36b0692ef10880b42cfa773e894786e24637f9a22035df8030f1","/nfs/roberts/project/pi_jss233/zc362/chrono_divide/research-evidence/multimap-v2/screen-amendment-3/cells/task-388/cell.json"
"389","24605764","hfo-corners-b","cd_chrono_heckcorners_b.map","fb4ffb59de9f0ba114bd7f37a943f1ce9a4496e3ecb3e9382e72392039833a73","195","Russians","8","0","88,34","39,82","3002300195","0","opponent","baseline_win","8212","0","6","a60efffa5f321f828ce1a6b7178b4a7c31483c31","e87fc92b01a072959125780a8e961d0e22854ad4b5759a963f861233a26a61ef","5a838bd9cb3edf06df288914ad5cea60b61983f29d183a1efdeb5a3c90e3295e","bdb97ba08283fe4e7ea2252ebff73e67cffac861a9abfa0240a55291a43a9ee6","/nfs/roberts/project/pi_jss233/zc362/chrono_divide/research-evidence/multimap-v2/screen-amendment-3/cells/task-389/cell.json"
"390","24605766","hfo-corners-b","cd_chrono_heckcorners_b.map","fb4ffb59de9f0ba114bd7f37a943f1ce9a4496e3ecb3e9382e72392039833a73","199","Russians","8","0","151,119","88,34","3002300199","0","candidate","candidate_win","19729","6","0","a60efffa5f321f828ce1a6b7178b4a7c31483c31","e87fc92b01a072959125780a8e961d0e22854ad4b5759a963f861233a26a61ef","5a838bd9cb3edf06df288914ad5cea60b61983f29d183a1efdeb5a3c90e3295e","c18120b675ef02781136ce1ba50afc766022a3a0d1538fa8e3423d96bb3b6a31","/nfs/roberts/project/pi_jss233/zc362/chrono_divide/research-evidence/multimap-v2/screen-amendment-3/cells/task-390/cell.json"
"391","24605767","hfo-corners-b","cd_chrono_heckcorners_b.map","fb4ffb59de9f0ba114bd7f37a943f1ce9a4496e3ecb3e9382e72392039833a73","203","Russians","8","0","119,152","151,119","3002300203","0","draw","engine_nonliteral_termination_draw","66073","0","0","a60efffa5f321f828ce1a6b7178b4a7c31483c31","e87fc92b01a072959125780a8e961d0e22854ad4b5759a963f861233a26a61ef","5a838bd9cb3edf06df288914ad5cea60b61983f29d183a1efdeb5a3c90e3295e","d3e724c5ca1168e3ea450615cebf15644945d7507e66cfb1cf20a390310e8b48","/nfs/roberts/project/pi_jss233/zc362/chrono_divide/research-evidence/multimap-v2/screen-amendment-3/cells/task-391/cell.json"
"392","24605770","hfo-corners-b","cd_chrono_heckcorners_b.map","fb4ffb59de9f0ba114bd7f37a943f1ce9a4496e3ecb3e9382e72392039833a73","206","Russians","8","1","39,82","119,152","3002300206","0","opponent","baseline_win","24567","0","7","a60efffa5f321f828ce1a6b7178b4a7c31483c31","e87fc92b01a072959125780a8e961d0e22854ad4b5759a963f861233a26a61ef","5a838bd9cb3edf06df288914ad5cea60b61983f29d183a1efdeb5a3c90e3295e","32c7a09cbb702a76f19da6f76d8ac448bf6ee57384c9ce450bcac7fdae1a3cb3","/nfs/roberts/project/pi_jss233/zc362/chrono_divide/research-evidence/multimap-v2/screen-amendment-3/cells/task-392/cell.json"
"393","24605771","hfo-corners-b","cd_chrono_heckcorners_b.map","fb4ffb59de9f0ba114bd7f37a943f1ce9a4496e3ecb3e9382e72392039833a73","207","Russians","8","1","88,34","39,82","3002300207","0","candidate","candidate_win","48576","23","0","a60efffa5f321f828ce1a6b7178b4a7c31483c31","e87fc92b01a072959125780a8e961d0e22854ad4b5759a963f861233a26a61ef","5a838bd9cb3edf06df288914ad5cea60b61983f29d183a1efdeb5a3c90e3295e","6d9d8d6dd91cc1e56626fa8cf960556db3919ba0254d6eddf0332d2ce2224cea","/nfs/roberts/project/pi_jss233/zc362/chrono_divide/research-evidence/multimap-v2/screen-amendment-3/cells/task-393/cell.json"
"394","24605772","hfo-corners-b","cd_chrono_heckcorners_b.map","fb4ffb59de9f0ba114bd7f37a943f1ce9a4496e3ecb3e9382e72392039833a73","211","Russians","8","1","151,119","88,34","3002300211","0","opponent","baseline_win","53910","0","11","a60efffa5f321f828ce1a6b7178b4a7c31483c31","e87fc92b01a072959125780a8e961d0e22854ad4b5759a963f861233a26a61ef","5a838bd9cb3edf06df288914ad5cea60b61983f29d183a1efdeb5a3c90e3295e","8f2a7ad56c3ac4e85fa842494a5b3b95e4ab35078c1ea961ab370ea30cfecf49","/nfs/roberts/project/pi_jss233/zc362/chrono_divide/research-evidence/multimap-v2/screen-amendment-3/cells/task-394/cell.json"
"395","24605774","hfo-corners-b","cd_chrono_heckcorners_b.map","fb4ffb59de9f0ba114bd7f37a943f1ce9a4496e3ecb3e9382e72392039833a73","215","Russians","8","1","119,152","151,119","3002300215","0","opponent","baseline_win","78512","0","7","a60efffa5f321f828ce1a6b7178b4a7c31483c31","e87fc92b01a072959125780a8e961d0e22854ad4b5759a963f861233a26a61ef","5a838bd9cb3edf06df288914ad5cea60b61983f29d183a1efdeb5a3c90e3295e","37a8250dfe1b84aea7c4db5ae7a42fef6e62ed66288d58f68c61cf803a23317a","/nfs/roberts/project/pi_jss233/zc362/chrono_divide/research-evidence/multimap-v2/screen-amendment-3/cells/task-395/cell.json"
"396","24605775","hfo-corners-b-golden","cd_chrono_heckcorners_b_golden.map","52cdb880326a3d39db5c8a9939830947496f7c009a8cbe3d02ce973563180f50","0","Americans","0","0","39,82","88,34","3002400000","0","opponent","baseline_win","7561","0","6","a60efffa5f321f828ce1a6b7178b4a7c31483c31","e87fc92b01a072959125780a8e961d0e22854ad4b5759a963f861233a26a61ef","5a838bd9cb3edf06df288914ad5cea60b61983f29d183a1efdeb5a3c90e3295e","aba53644a2cb8cbd8515bd4ea29ddb5e22512578ec57dc9d58a17a4b9e441e64","/nfs/roberts/project/pi_jss233/zc362/chrono_divide/research-evidence/multimap-v2/screen-amendment-3/cells/task-396/cell.json"
"397","24605776","hfo-corners-b-golden","cd_chrono_heckcorners_b_golden.map","52cdb880326a3d39db5c8a9939830947496f7c009a8cbe3d02ce973563180f50","4","Americans","0","0","88,34","151,119","3002400004","0","candidate","candidate_win","19368","13","0","a60efffa5f321f828ce1a6b7178b4a7c31483c31","e87fc92b01a072959125780a8e961d0e22854ad4b5759a963f861233a26a61ef","5a838bd9cb3edf06df288914ad5cea60b61983f29d183a1efdeb5a3c90e3295e","06e8ad50b6567bfbb7f97f1cfc5303d72674db472ef7221ccd0fe8e34dea24b3","/nfs/roberts/project/pi_jss233/zc362/chrono_divide/research-evidence/multimap-v2/screen-amendment-3/cells/task-397/cell.json"
"398","24605778","hfo-corners-b-golden","cd_chrono_heckcorners_b_golden.map","52cdb880326a3d39db5c8a9939830947496f7c009a8cbe3d02ce973563180f50","8","Americans","0","0","151,119","119,152","3002400008","0","candidate","candidate_win","24275","2","0","a60efffa5f321f828ce1a6b7178b4a7c31483c31","e87fc92b01a072959125780a8e961d0e22854ad4b5759a963f861233a26a61ef","5a838bd9cb3edf06df288914ad5cea60b61983f29d183a1efdeb5a3c90e3295e","a8c86051880be80f1a2a7a3f173e25d0e35d893eb2fdca47b2d603cb9f648cb4","/nfs/roberts/project/pi_jss233/zc362/chrono_divide/research-evidence/multimap-v2/screen-amendment-3/cells/task-398/cell.json"
"399","24605779","hfo-corners-b-golden","cd_chrono_heckcorners_b_golden.map","52cdb880326a3d39db5c8a9939830947496f7c009a8cbe3d02ce973563180f50","9","Americans","0","0","119,152","39,82","3002400009","0","candidate","candidate_win","9925","6","0","a60efffa5f321f828ce1a6b7178b4a7c31483c31","e87fc92b01a072959125780a8e961d0e22854ad4b5759a963f861233a26a61ef","5a838bd9cb3edf06df288914ad5cea60b61983f29d183a1efdeb5a3c90e3295e","28f41f9c8f2020a79c8ff5082ef9cbf2a3d863c3c37770409c8d8474094ba144","/nfs/roberts/project/pi_jss233/zc362/chrono_divide/research-evidence/multimap-v2/screen-amendment-3/cells/task-399/cell.json"
"400","24605780","hfo-corners-b-golden","cd_chrono_heckcorners_b_golden.map","52cdb880326a3d39db5c8a9939830947496f7c009a8cbe3d02ce973563180f50","12","Americans","0","1","39,82","88,34","3002400012","0","candidate","candidate_win","20900","10","0","a60efffa5f321f828ce1a6b7178b4a7c31483c31","e87fc92b01a072959125780a8e961d0e22854ad4b5759a963f861233a26a61ef","5a838bd9cb3edf06df288914ad5cea60b61983f29d183a1efdeb5a3c90e3295e","3d5825a91cec452a1fab4c8873c582f6d5337221a2a7959a992b76b226155e07","/nfs/roberts/project/pi_jss233/zc362/chrono_divide/research-evidence/multimap-v2/screen-amendment-3/cells/task-400/cell.json"
"401","24605782","hfo-corners-b-golden","cd_chrono_heckcorners_b_golden.map","52cdb880326a3d39db5c8a9939830947496f7c009a8cbe3d02ce973563180f50","16","Americans","0","1","88,34","151,119","3002400016","0","candidate","candidate_win","19248","13","0","a60efffa5f321f828ce1a6b7178b4a7c31483c31","e87fc92b01a072959125780a8e961d0e22854ad4b5759a963f861233a26a61ef","5a838bd9cb3edf06df288914ad5cea60b61983f29d183a1efdeb5a3c90e3295e","4a167ed983618dbac14724f284dee59b993db81e9b9122a657a431554f550e2a","/nfs/roberts/project/pi_jss233/zc362/chrono_divide/research-evidence/multimap-v2/screen-amendment-3/cells/task-401/cell.json"
"402","24605783","hfo-corners-b-golden","cd_chrono_heckcorners_b_golden.map","52cdb880326a3d39db5c8a9939830947496f7c009a8cbe3d02ce973563180f50","20","Americans","0","1","151,119","119,152","3002400020","0","draw","engine_nonliteral_termination_draw","38124","0","0","a60efffa5f321f828ce1a6b7178b4a7c31483c31","e87fc92b01a072959125780a8e961d0e22854ad4b5759a963f861233a26a61ef","5a838bd9cb3edf06df288914ad5cea60b61983f29d183a1efdeb5a3c90e3295e","3200f83d982d0ae6634224cc462d2ba3ffa204ee5ec94206f4b46ce19186dfd3","/nfs/roberts/project/pi_jss233/zc362/chrono_divide/research-evidence/multimap-v2/screen-amendment-3/cells/task-402/cell.json"
"403","24605784","hfo-corners-b-golden","cd_chrono_heckcorners_b_golden.map","52cdb880326a3d39db5c8a9939830947496f7c009a8cbe3d02ce973563180f50","21","Americans","0","1","119,152","39,82","3002400021","0","candidate","candidate_win","13228","6","0","a60efffa5f321f828ce1a6b7178b4a7c31483c31","e87fc92b01a072959125780a8e961d0e22854ad4b5759a963f861233a26a61ef","5a838bd9cb3edf06df288914ad5cea60b61983f29d183a1efdeb5a3c90e3295e","5aa67f07b14f1c9f0095001adbc05b95d1020ecd44857688978cbfdc383cea6e","/nfs/roberts/project/pi_jss233/zc362/chrono_divide/research-evidence/multimap-v2/screen-amendment-3/cells/task-403/cell.json"
"404","24605785","hfo-corners-b-golden","cd_chrono_heckcorners_b_golden.map","52cdb880326a3d39db5c8a9939830947496f7c009a8cbe3d02ce973563180f50","25","Alliance","1","0","39,82","151,119","3002400025","0","candidate","candidate_win","40964","19","0","a60efffa5f321f828ce1a6b7178b4a7c31483c31","e87fc92b01a072959125780a8e961d0e22854ad4b5759a963f861233a26a61ef","5a838bd9cb3edf06df288914ad5cea60b61983f29d183a1efdeb5a3c90e3295e","da0a1fe53ed74081aff4d745ec946d062e0e8e0bc6d0a41b302c74602b12bcb1","/nfs/roberts/project/pi_jss233/zc362/chrono_divide/research-evidence/multimap-v2/screen-amendment-3/cells/task-404/cell.json"
"405","24605786","hfo-corners-b-golden","cd_chrono_heckcorners_b_golden.map","52cdb880326a3d39db5c8a9939830947496f7c009a8cbe3d02ce973563180f50","29","Alliance","1","0","88,34","119,152","3002400029","0","candidate","candidate_win","22625","17","0","a60efffa5f321f828ce1a6b7178b4a7c31483c31","e87fc92b01a072959125780a8e961d0e22854ad4b5759a963f861233a26a61ef","5a838bd9cb3edf06df288914ad5cea60b61983f29d183a1efdeb5a3c90e3295e","01fe94dad8fa8aed2325d530d3004711f0c6fcb0e6f219a4bd9bc05d27e9c04b","/nfs/roberts/project/pi_jss233/zc362/chrono_divide/research-evidence/multimap-v2/screen-amendment-3/cells/task-405/cell.json"
"406","24605788","hfo-corners-b-golden","cd_chrono_heckcorners_b_golden.map","52cdb880326a3d39db5c8a9939830947496f7c009a8cbe3d02ce973563180f50","30","Alliance","1","0","151,119","39,82","3002400030","0","draw","engine_nonliteral_termination_draw","26982","0","0","a60efffa5f321f828ce1a6b7178b4a7c31483c31","e87fc92b01a072959125780a8e961d0e22854ad4b5759a963f861233a26a61ef","5a838bd9cb3edf06df288914ad5cea60b61983f29d183a1efdeb5a3c90e3295e","c325194659bcc0fb76c714c3916bee3f4ff39f227dfcce0073c803b89f643f0f","/nfs/roberts/project/pi_jss233/zc362/chrono_divide/research-evidence/multimap-v2/screen-amendment-3/cells/task-406/cell.json"
"407","24605789","hfo-corners-b-golden","cd_chrono_heckcorners_b_golden.map","52cdb880326a3d39db5c8a9939830947496f7c009a8cbe3d02ce973563180f50","34","Alliance","1","0","119,152","88,34","3002400034","0","draw","engine_nonliteral_termination_draw","80518","0","0","a60efffa5f321f828ce1a6b7178b4a7c31483c31","e87fc92b01a072959125780a8e961d0e22854ad4b5759a963f861233a26a61ef","5a838bd9cb3edf06df288914ad5cea60b61983f29d183a1efdeb5a3c90e3295e","9e1a5b73323c4e9bddd011f3e1cb2d47b88c6f7cb4abe037d8d0b8efedd5a1c8","/nfs/roberts/project/pi_jss233/zc362/chrono_divide/research-evidence/multimap-v2/screen-amendment-3/cells/task-407/cell.json"
"408","24605790","hfo-corners-b-golden","cd_chrono_heckcorners_b_golden.map","52cdb880326a3d39db5c8a9939830947496f7c009a8cbe3d02ce973563180f50","37","Alliance","1","1","39,82","151,119","3002400037","0","opponent","baseline_win","24356","0","5","a60efffa5f321f828ce1a6b7178b4a7c31483c31","e87fc92b01a072959125780a8e961d0e22854ad4b5759a963f861233a26a61ef","5a838bd9cb3edf06df288914ad5cea60b61983f29d183a1efdeb5a3c90e3295e","fa563aeb577d41d3c476f66b7bf945b5e85ac6dac98085417b0a7d50f90758cd","/nfs/roberts/project/pi_jss233/zc362/chrono_divide/research-evidence/multimap-v2/screen-amendment-3/cells/task-408/cell.json"
"409","24605791","hfo-corners-b-golden","cd_chrono_heckcorners_b_golden.map","52cdb880326a3d39db5c8a9939830947496f7c009a8cbe3d02ce973563180f50","41","Alliance","1","1","88,34","119,152","3002400041","0","candidate","candidate_win","22055","15","0","a60efffa5f321f828ce1a6b7178b4a7c31483c31","e87fc92b01a072959125780a8e961d0e22854ad4b5759a963f861233a26a61ef","5a838bd9cb3edf06df288914ad5cea60b61983f29d183a1efdeb5a3c90e3295e","3c9f1cada61c210245489a86c0acbe1e30e25b7ddea178aec624804cc15528bb","/nfs/roberts/project/pi_jss233/zc362/chrono_divide/research-evidence/multimap-v2/screen-amendment-3/cells/task-409/cell.json"
"410","24605793","hfo-corners-b-golden","cd_chrono_heckcorners_b_golden.map","52cdb880326a3d39db5c8a9939830947496f7c009a8cbe3d02ce973563180f50","42","Alliance","1","1","151,119","39,82","3002400042","0","opponent","baseline_win","88553","0","18","a60efffa5f321f828ce1a6b7178b4a7c31483c31","e87fc92b01a072959125780a8e961d0e22854ad4b5759a963f861233a26a61ef","5a838bd9cb3edf06df288914ad5cea60b61983f29d183a1efdeb5a3c90e3295e","b8798d435d591cae43d0bf8ed4e6349d045adf294ac3e625daaf9e76b9afafd2","/nfs/roberts/project/pi_jss233/zc362/chrono_divide/research-evidence/multimap-v2/screen-amendment-3/cells/task-410/cell.json"
"411","24605794","hfo-corners-b-golden","cd_chrono_heckcorners_b_golden.map","52cdb880326a3d39db5c8a9939830947496f7c009a8cbe3d02ce973563180f50","46","Alliance","1","1","119,152","88,34","3002400046","0","candidate","candidate_win","20133","14","0","a60efffa5f321f828ce1a6b7178b4a7c31483c31","e87fc92b01a072959125780a8e961d0e22854ad4b5759a963f861233a26a61ef","5a838bd9cb3edf06df288914ad5cea60b61983f29d183a1efdeb5a3c90e3295e","1d29036b001f159d3aadb05d2f8f38f42005f64ba11cf0839d130e4289bc8e64","/nfs/roberts/project/pi_jss233/zc362/chrono_divide/research-evidence/multimap-v2/screen-amendment-3/cells/task-411/cell.json"
"412","24605796","hfo-corners-b-golden","cd_chrono_heckcorners_b_golden.map","52cdb880326a3d39db5c8a9939830947496f7c009a8cbe3d02ce973563180f50","50","French","2","0","39,82","119,152","3002400050","0","opponent","baseline_win","39844","0","14","a60efffa5f321f828ce1a6b7178b4a7c31483c31","e87fc92b01a072959125780a8e961d0e22854ad4b5759a963f861233a26a61ef","5a838bd9cb3edf06df288914ad5cea60b61983f29d183a1efdeb5a3c90e3295e","e55b661a9e71440fd7af2376ca5dd990658d02365dff55607868eb66951bd44d","/nfs/roberts/project/pi_jss233/zc362/chrono_divide/research-evidence/multimap-v2/screen-amendment-3/cells/task-412/cell.json"
"413","24605799","hfo-corners-b-golden","cd_chrono_heckcorners_b_golden.map","52cdb880326a3d39db5c8a9939830947496f7c009a8cbe3d02ce973563180f50","51","French","2","0","88,34","39,82","3002400051","0","opponent","baseline_win","6400","0","5","a60efffa5f321f828ce1a6b7178b4a7c31483c31","e87fc92b01a072959125780a8e961d0e22854ad4b5759a963f861233a26a61ef","5a838bd9cb3edf06df288914ad5cea60b61983f29d183a1efdeb5a3c90e3295e","5bfce769229621177de0c35b84ca8bef2c718e605d46b7311b809544ce22ae08","/nfs/roberts/project/pi_jss233/zc362/chrono_divide/research-evidence/multimap-v2/screen-amendment-3/cells/task-413/cell.json"
"414","24605800","hfo-corners-b-golden","cd_chrono_heckcorners_b_golden.map","52cdb880326a3d39db5c8a9939830947496f7c009a8cbe3d02ce973563180f50","55","French","2","0","151,119","88,34","3002400055","0","opponent","baseline_win","26880","0","9","a60efffa5f321f828ce1a6b7178b4a7c31483c31","e87fc92b01a072959125780a8e961d0e22854ad4b5759a963f861233a26a61ef","5a838bd9cb3edf06df288914ad5cea60b61983f29d183a1efdeb5a3c90e3295e","8dc90c1b694b9657717a494c98745336d88f8765eb93bb549d042a8f611620f1","/nfs/roberts/project/pi_jss233/zc362/chrono_divide/research-evidence/multimap-v2/screen-amendment-3/cells/task-414/cell.json"
"415","24605801","hfo-corners-b-golden","cd_chrono_heckcorners_b_golden.map","52cdb880326a3d39db5c8a9939830947496f7c009a8cbe3d02ce973563180f50","59","French","2","0","119,152","151,119","3002400059","0","candidate","candidate_win","31703","10","0","a60efffa5f321f828ce1a6b7178b4a7c31483c31","e87fc92b01a072959125780a8e961d0e22854ad4b5759a963f861233a26a61ef","5a838bd9cb3edf06df288914ad5cea60b61983f29d183a1efdeb5a3c90e3295e","3b818e38ff7ddcaaaef376e85290d57c84e18cacc1f93959c28fddb87d078c5b","/nfs/roberts/project/pi_jss233/zc362/chrono_divide/research-evidence/multimap-v2/screen-amendment-3/cells/task-415/cell.json"
"416","24605802","hfo-corners-b-golden","cd_chrono_heckcorners_b_golden.map","52cdb880326a3d39db5c8a9939830947496f7c009a8cbe3d02ce973563180f50","62","French","2","1","39,82","119,152","3002400062","0","draw","tick_cap_draw","90000","1","18","a60efffa5f321f828ce1a6b7178b4a7c31483c31","e87fc92b01a072959125780a8e961d0e22854ad4b5759a963f861233a26a61ef","5a838bd9cb3edf06df288914ad5cea60b61983f29d183a1efdeb5a3c90e3295e","18e3894523dc9aa22278bc1bc39ced7cf7276257ada39180112f7695b04518c9","/nfs/roberts/project/pi_jss233/zc362/chrono_divide/research-evidence/multimap-v2/screen-amendment-3/cells/task-416/cell.json"
"417","24605803","hfo-corners-b-golden","cd_chrono_heckcorners_b_golden.map","52cdb880326a3d39db5c8a9939830947496f7c009a8cbe3d02ce973563180f50","63","French","2","1","88,34","39,82","3002400063","0","candidate","candidate_win","10702","8","0","a60efffa5f321f828ce1a6b7178b4a7c31483c31","e87fc92b01a072959125780a8e961d0e22854ad4b5759a963f861233a26a61ef","5a838bd9cb3edf06df288914ad5cea60b61983f29d183a1efdeb5a3c90e3295e","c11099429a3571108f1851cafdd3634d598590a97f70548afe3dddbd5170c6ed","/nfs/roberts/project/pi_jss233/zc362/chrono_divide/research-evidence/multimap-v2/screen-amendment-3/cells/task-417/cell.json"
"418","24605804","hfo-corners-b-golden","cd_chrono_heckcorners_b_golden.map","52cdb880326a3d39db5c8a9939830947496f7c009a8cbe3d02ce973563180f50","67","French","2","1","151,119","88,34","3002400067","0","candidate","candidate_win","22526","6","0","a60efffa5f321f828ce1a6b7178b4a7c31483c31","e87fc92b01a072959125780a8e961d0e22854ad4b5759a963f861233a26a61ef","5a838bd9cb3edf06df288914ad5cea60b61983f29d183a1efdeb5a3c90e3295e","e689e3b51067077eed5bee9083d3d7f801e8eded7ffb33f41fdd794d75892328","/nfs/roberts/project/pi_jss233/zc362/chrono_divide/research-evidence/multimap-v2/screen-amendment-3/cells/task-418/cell.json"
"419","24605826","hfo-corners-b-golden","cd_chrono_heckcorners_b_golden.map","52cdb880326a3d39db5c8a9939830947496f7c009a8cbe3d02ce973563180f50","71","French","2","1","119,152","151,119","3002400071","0","opponent","baseline_win","12682","0","6","a60efffa5f321f828ce1a6b7178b4a7c31483c31","e87fc92b01a072959125780a8e961d0e22854ad4b5759a963f861233a26a61ef","5a838bd9cb3edf06df288914ad5cea60b61983f29d183a1efdeb5a3c90e3295e","60afeea325a816f05183ebeda48b44572ac8dc6c206110af0784b30f3933620e","/nfs/roberts/project/pi_jss233/zc362/chrono_divide/research-evidence/multimap-v2/screen-amendment-3/cells/task-419/cell.json"
"420","24606044","hfo-corners-b-golden","cd_chrono_heckcorners_b_golden.map","52cdb880326a3d39db5c8a9939830947496f7c009a8cbe3d02ce973563180f50","72","Germans","3","0","39,82","88,34","3002400072","0","opponent","baseline_win","7786","0","6","a60efffa5f321f828ce1a6b7178b4a7c31483c31","e87fc92b01a072959125780a8e961d0e22854ad4b5759a963f861233a26a61ef","5a838bd9cb3edf06df288914ad5cea60b61983f29d183a1efdeb5a3c90e3295e","4c3671e2dc8c8df613e5585e847dc5dd9eec13720cb25fe7b72b5f604cf246ae","/nfs/roberts/project/pi_jss233/zc362/chrono_divide/research-evidence/multimap-v2/screen-amendment-3/cells/task-420/cell.json"
"421","24606047","hfo-corners-b-golden","cd_chrono_heckcorners_b_golden.map","52cdb880326a3d39db5c8a9939830947496f7c009a8cbe3d02ce973563180f50","76","Germans","3","0","88,34","151,119","3002400076","0","candidate","candidate_win","19964","14","0","a60efffa5f321f828ce1a6b7178b4a7c31483c31","e87fc92b01a072959125780a8e961d0e22854ad4b5759a963f861233a26a61ef","5a838bd9cb3edf06df288914ad5cea60b61983f29d183a1efdeb5a3c90e3295e","988711618406a2295eed849f7352d845db7bd32016a8d5632e75472af8c221d1","/nfs/roberts/project/pi_jss233/zc362/chrono_divide/research-evidence/multimap-v2/screen-amendment-3/cells/task-421/cell.json"
"422","24606048","hfo-corners-b-golden","cd_chrono_heckcorners_b_golden.map","52cdb880326a3d39db5c8a9939830947496f7c009a8cbe3d02ce973563180f50","80","Germans","3","0","151,119","119,152","3002400080","0","opponent","baseline_win","16595","0","5","a60efffa5f321f828ce1a6b7178b4a7c31483c31","e87fc92b01a072959125780a8e961d0e22854ad4b5759a963f861233a26a61ef","5a838bd9cb3edf06df288914ad5cea60b61983f29d183a1efdeb5a3c90e3295e","f67f97c48cce7a3e72d4c32104a4f4381a5f5f374c9e6d2e0efc4d707dd5a937","/nfs/roberts/project/pi_jss233/zc362/chrono_divide/research-evidence/multimap-v2/screen-amendment-3/cells/task-422/cell.json"
"423","24606049","hfo-corners-b-golden","cd_chrono_heckcorners_b_golden.map","52cdb880326a3d39db5c8a9939830947496f7c009a8cbe3d02ce973563180f50","81","Germans","3","0","119,152","39,82","3002400081","0","candidate","candidate_win","12514","6","0","a60efffa5f321f828ce1a6b7178b4a7c31483c31","e87fc92b01a072959125780a8e961d0e22854ad4b5759a963f861233a26a61ef","5a838bd9cb3edf06df288914ad5cea60b61983f29d183a1efdeb5a3c90e3295e","5953842770668d230e203209240bdf16cc262a3ca0e5321dde9dfd9d43813ea6","/nfs/roberts/project/pi_jss233/zc362/chrono_divide/research-evidence/multimap-v2/screen-amendment-3/cells/task-423/cell.json"
"424","24606050","hfo-corners-b-golden","cd_chrono_heckcorners_b_golden.map","52cdb880326a3d39db5c8a9939830947496f7c009a8cbe3d02ce973563180f50","84","Germans","3","1","39,82","88,34","3002400084","0","candidate","candidate_win","7613","7","0","a60efffa5f321f828ce1a6b7178b4a7c31483c31","e87fc92b01a072959125780a8e961d0e22854ad4b5759a963f861233a26a61ef","5a838bd9cb3edf06df288914ad5cea60b61983f29d183a1efdeb5a3c90e3295e","e0b2be581fc07d2cfc0f1ca4be18af8703dee437c67de0c769901962b59eb97e","/nfs/roberts/project/pi_jss233/zc362/chrono_divide/research-evidence/multimap-v2/screen-amendment-3/cells/task-424/cell.json"
"425","24606052","hfo-corners-b-golden","cd_chrono_heckcorners_b_golden.map","52cdb880326a3d39db5c8a9939830947496f7c009a8cbe3d02ce973563180f50","88","Germans","3","1","88,34","151,119","3002400088","0","candidate","candidate_win","21261","14","0","a60efffa5f321f828ce1a6b7178b4a7c31483c31","e87fc92b01a072959125780a8e961d0e22854ad4b5759a963f861233a26a61ef","5a838bd9cb3edf06df288914ad5cea60b61983f29d183a1efdeb5a3c90e3295e","b01bf7d570a8641e56e076a21cdb3af727b4448dd3881aa6e426c3e327d1747f","/nfs/roberts/project/pi_jss233/zc362/chrono_divide/research-evidence/multimap-v2/screen-amendment-3/cells/task-425/cell.json"
"426","24606053","hfo-corners-b-golden","cd_chrono_heckcorners_b_golden.map","52cdb880326a3d39db5c8a9939830947496f7c009a8cbe3d02ce973563180f50","92","Germans","3","1","151,119","119,152","3002400092","0","draw","engine_nonliteral_termination_draw","66208","0","0","a60efffa5f321f828ce1a6b7178b4a7c31483c31","e87fc92b01a072959125780a8e961d0e22854ad4b5759a963f861233a26a61ef","5a838bd9cb3edf06df288914ad5cea60b61983f29d183a1efdeb5a3c90e3295e","a26b025843ce891035e3ae5a1ef5b1049eaed5aaf12d095c68396e5fe588ce7b","/nfs/roberts/project/pi_jss233/zc362/chrono_divide/research-evidence/multimap-v2/screen-amendment-3/cells/task-426/cell.json"
"427","24606054","hfo-corners-b-golden","cd_chrono_heckcorners_b_golden.map","52cdb880326a3d39db5c8a9939830947496f7c009a8cbe3d02ce973563180f50","93","Germans","3","1","119,152","39,82","3002400093","0","candidate","candidate_win","12838","6","0","a60efffa5f321f828ce1a6b7178b4a7c31483c31","e87fc92b01a072959125780a8e961d0e22854ad4b5759a963f861233a26a61ef","5a838bd9cb3edf06df288914ad5cea60b61983f29d183a1efdeb5a3c90e3295e","3e4ec5958e3f8d867b3bd79180601386a0cb78ca2fa40cd5002e56b71dc9571d","/nfs/roberts/project/pi_jss233/zc362/chrono_divide/research-evidence/multimap-v2/screen-amendment-3/cells/task-427/cell.json"
"428","24606059","hfo-corners-b-golden","cd_chrono_heckcorners_b_golden.map","52cdb880326a3d39db5c8a9939830947496f7c009a8cbe3d02ce973563180f50","97","British","4","0","39,82","151,119","3002400097","0","candidate","candidate_win","30338","19","0","a60efffa5f321f828ce1a6b7178b4a7c31483c31","e87fc92b01a072959125780a8e961d0e22854ad4b5759a963f861233a26a61ef","5a838bd9cb3edf06df288914ad5cea60b61983f29d183a1efdeb5a3c90e3295e","ed8d3b7e1b158ef3afd6d64de97a963ebcd1897a9fa1cbd7a5582f953e0fe909","/nfs/roberts/project/pi_jss233/zc362/chrono_divide/research-evidence/multimap-v2/screen-amendment-3/cells/task-428/cell.json"
"429","24606060","hfo-corners-b-golden","cd_chrono_heckcorners_b_golden.map","52cdb880326a3d39db5c8a9939830947496f7c009a8cbe3d02ce973563180f50","101","British","4","0","88,34","119,152","3002400101","0","candidate","candidate_win","23043","15","0","a60efffa5f321f828ce1a6b7178b4a7c31483c31","e87fc92b01a072959125780a8e961d0e22854ad4b5759a963f861233a26a61ef","5a838bd9cb3edf06df288914ad5cea60b61983f29d183a1efdeb5a3c90e3295e","03990196b52586d77412b19d60ee011b601488b51fcf936122cb28b31cde96b4","/nfs/roberts/project/pi_jss233/zc362/chrono_divide/research-evidence/multimap-v2/screen-amendment-3/cells/task-429/cell.json"
"430","24606113","hfo-corners-b-golden","cd_chrono_heckcorners_b_golden.map","52cdb880326a3d39db5c8a9939830947496f7c009a8cbe3d02ce973563180f50","102","British","4","0","151,119","39,82","3002400102","0","opponent","baseline_win","89226","0","18","a60efffa5f321f828ce1a6b7178b4a7c31483c31","e87fc92b01a072959125780a8e961d0e22854ad4b5759a963f861233a26a61ef","5a838bd9cb3edf06df288914ad5cea60b61983f29d183a1efdeb5a3c90e3295e","101d87d8f5fc6b80dde4b039fd74491bceb1e80a452a81d4edac0eba5fa65315","/nfs/roberts/project/pi_jss233/zc362/chrono_divide/research-evidence/multimap-v2/screen-amendment-3/cells/task-430/cell.json"
"431","24606114","hfo-corners-b-golden","cd_chrono_heckcorners_b_golden.map","52cdb880326a3d39db5c8a9939830947496f7c009a8cbe3d02ce973563180f50","106","British","4","0","119,152","88,34","3002400106","0","candidate","candidate_win","30320","21","0","a60efffa5f321f828ce1a6b7178b4a7c31483c31","e87fc92b01a072959125780a8e961d0e22854ad4b5759a963f861233a26a61ef","5a838bd9cb3edf06df288914ad5cea60b61983f29d183a1efdeb5a3c90e3295e","ea342b7059de54eeeaac34e94b5039ea39ae1c501a609f4956c74257f8730ff8","/nfs/roberts/project/pi_jss233/zc362/chrono_divide/research-evidence/multimap-v2/screen-amendment-3/cells/task-431/cell.json"
"432","24606115","hfo-corners-b-golden","cd_chrono_heckcorners_b_golden.map","52cdb880326a3d39db5c8a9939830947496f7c009a8cbe3d02ce973563180f50","109","British","4","1","39,82","151,119","3002400109","0","candidate","candidate_win","30697","17","0","a60efffa5f321f828ce1a6b7178b4a7c31483c31","e87fc92b01a072959125780a8e961d0e22854ad4b5759a963f861233a26a61ef","5a838bd9cb3edf06df288914ad5cea60b61983f29d183a1efdeb5a3c90e3295e","9f8c0b43fa43a72f2b4d4533a20eba0849c1becadd86edea7228dd7c842d8c1c","/nfs/roberts/project/pi_jss233/zc362/chrono_divide/research-evidence/multimap-v2/screen-amendment-3/cells/task-432/cell.json"
"433","24606116","hfo-corners-b-golden","cd_chrono_heckcorners_b_golden.map","52cdb880326a3d39db5c8a9939830947496f7c009a8cbe3d02ce973563180f50","113","British","4","1","88,34","119,152","3002400113","0","candidate","candidate_win","21665","13","0","a60efffa5f321f828ce1a6b7178b4a7c31483c31","e87fc92b01a072959125780a8e961d0e22854ad4b5759a963f861233a26a61ef","5a838bd9cb3edf06df288914ad5cea60b61983f29d183a1efdeb5a3c90e3295e","e47c598f7010ebf89f1305dc7bcaefd2cb48203771b76e54f7a360ce245815e3","/nfs/roberts/project/pi_jss233/zc362/chrono_divide/research-evidence/multimap-v2/screen-amendment-3/cells/task-433/cell.json"
"434","24606134","hfo-corners-b-golden","cd_chrono_heckcorners_b_golden.map","52cdb880326a3d39db5c8a9939830947496f7c009a8cbe3d02ce973563180f50","114","British","4","1","151,119","39,82","3002400114","0","opponent","baseline_win","9354","0","1","a60efffa5f321f828ce1a6b7178b4a7c31483c31","e87fc92b01a072959125780a8e961d0e22854ad4b5759a963f861233a26a61ef","5a838bd9cb3edf06df288914ad5cea60b61983f29d183a1efdeb5a3c90e3295e","e28af5fc7118e28222c3d09dd36ae4dddb6ab3337cccb7c5ba9c66c5333dcf4e","/nfs/roberts/project/pi_jss233/zc362/chrono_divide/research-evidence/multimap-v2/screen-amendment-3/cells/task-434/cell.json"
"435","24606135","hfo-corners-b-golden","cd_chrono_heckcorners_b_golden.map","52cdb880326a3d39db5c8a9939830947496f7c009a8cbe3d02ce973563180f50","118","British","4","1","119,152","88,34","3002400118","0","candidate","candidate_win","51111","18","0","a60efffa5f321f828ce1a6b7178b4a7c31483c31","e87fc92b01a072959125780a8e961d0e22854ad4b5759a963f861233a26a61ef","5a838bd9cb3edf06df288914ad5cea60b61983f29d183a1efdeb5a3c90e3295e","ff20bd7935d6f95d57e0472e5597ce136046b701e1121687f1e4a7d1a1e7909d","/nfs/roberts/project/pi_jss233/zc362/chrono_divide/research-evidence/multimap-v2/screen-amendment-3/cells/task-435/cell.json"
"436","24606190","hfo-corners-b-golden","cd_chrono_heckcorners_b_golden.map","52cdb880326a3d39db5c8a9939830947496f7c009a8cbe3d02ce973563180f50","122","Africans","5","0","39,82","119,152","3002400122","0","opponent","baseline_win","25441","0","7","a60efffa5f321f828ce1a6b7178b4a7c31483c31","e87fc92b01a072959125780a8e961d0e22854ad4b5759a963f861233a26a61ef","5a838bd9cb3edf06df288914ad5cea60b61983f29d183a1efdeb5a3c90e3295e","9357ce67cf0711f137c1f7ab4def632d2efbeda07f56668d451a5f658fb64737","/nfs/roberts/project/pi_jss233/zc362/chrono_divide/research-evidence/multimap-v2/screen-amendment-3/cells/task-436/cell.json"
"437","24606191","hfo-corners-b-golden","cd_chrono_heckcorners_b_golden.map","52cdb880326a3d39db5c8a9939830947496f7c009a8cbe3d02ce973563180f50","123","Africans","5","0","88,34","39,82","3002400123","0","opponent","baseline_win","27271","0","7","a60efffa5f321f828ce1a6b7178b4a7c31483c31","e87fc92b01a072959125780a8e961d0e22854ad4b5759a963f861233a26a61ef","5a838bd9cb3edf06df288914ad5cea60b61983f29d183a1efdeb5a3c90e3295e","4dcdc8b35c389353a23a3315b0f13751a53dfd54bfd4b2356b9cf0a605a18edb","/nfs/roberts/project/pi_jss233/zc362/chrono_divide/research-evidence/multimap-v2/screen-amendment-3/cells/task-437/cell.json"
"438","24606192","hfo-corners-b-golden","cd_chrono_heckcorners_b_golden.map","52cdb880326a3d39db5c8a9939830947496f7c009a8cbe3d02ce973563180f50","127","Africans","5","0","151,119","88,34","3002400127","0","candidate","candidate_win","29638","6","0","a60efffa5f321f828ce1a6b7178b4a7c31483c31","e87fc92b01a072959125780a8e961d0e22854ad4b5759a963f861233a26a61ef","5a838bd9cb3edf06df288914ad5cea60b61983f29d183a1efdeb5a3c90e3295e","19ccb32456f4065067d448b3b807db7e83cede6f36d787f59de448e6170e0fd2","/nfs/roberts/project/pi_jss233/zc362/chrono_divide/research-evidence/multimap-v2/screen-amendment-3/cells/task-438/cell.json"
"439","24606193","hfo-corners-b-golden","cd_chrono_heckcorners_b_golden.map","52cdb880326a3d39db5c8a9939830947496f7c009a8cbe3d02ce973563180f50","131","Africans","5","0","119,152","151,119","3002400131","0","opponent","baseline_win","36701","0","7","a60efffa5f321f828ce1a6b7178b4a7c31483c31","e87fc92b01a072959125780a8e961d0e22854ad4b5759a963f861233a26a61ef","5a838bd9cb3edf06df288914ad5cea60b61983f29d183a1efdeb5a3c90e3295e","21767109306cc075abd3dddb677e7d19f989035a864718bd3bfb1b5e99ba27fd","/nfs/roberts/project/pi_jss233/zc362/chrono_divide/research-evidence/multimap-v2/screen-amendment-3/cells/task-439/cell.json"
"440","24606194","hfo-corners-b-golden","cd_chrono_heckcorners_b_golden.map","52cdb880326a3d39db5c8a9939830947496f7c009a8cbe3d02ce973563180f50","134","Africans","5","1","39,82","119,152","3002400134","0","opponent","baseline_win","22073","0","7","a60efffa5f321f828ce1a6b7178b4a7c31483c31","e87fc92b01a072959125780a8e961d0e22854ad4b5759a963f861233a26a61ef","5a838bd9cb3edf06df288914ad5cea60b61983f29d183a1efdeb5a3c90e3295e","b5c3f916cc77edf18e773cee49290e99fe1801d7b0a478ccb91eea2a3141f714","/nfs/roberts/project/pi_jss233/zc362/chrono_divide/research-evidence/multimap-v2/screen-amendment-3/cells/task-440/cell.json"
"441","24606195","hfo-corners-b-golden","cd_chrono_heckcorners_b_golden.map","52cdb880326a3d39db5c8a9939830947496f7c009a8cbe3d02ce973563180f50","135","Africans","5","1","88,34","39,82","3002400135","0","candidate","candidate_win","44065","21","0","a60efffa5f321f828ce1a6b7178b4a7c31483c31","e87fc92b01a072959125780a8e961d0e22854ad4b5759a963f861233a26a61ef","5a838bd9cb3edf06df288914ad5cea60b61983f29d183a1efdeb5a3c90e3295e","8e0d7d0f540b7efeced0e556fe5337d8df3774535bf2a1fdb4a7b57e84890812","/nfs/roberts/project/pi_jss233/zc362/chrono_divide/research-evidence/multimap-v2/screen-amendment-3/cells/task-441/cell.json"
"442","24606197","hfo-corners-b-golden","cd_chrono_heckcorners_b_golden.map","52cdb880326a3d39db5c8a9939830947496f7c009a8cbe3d02ce973563180f50","139","Africans","5","1","151,119","88,34","3002400139","0","opponent","baseline_win","11820","0","7","a60efffa5f321f828ce1a6b7178b4a7c31483c31","e87fc92b01a072959125780a8e961d0e22854ad4b5759a963f861233a26a61ef","5a838bd9cb3edf06df288914ad5cea60b61983f29d183a1efdeb5a3c90e3295e","e05140452ea210e6810aec07ce1b496b055c33e58a1dbcace3d6a583dd356be6","/nfs/roberts/project/pi_jss233/zc362/chrono_divide/research-evidence/multimap-v2/screen-amendment-3/cells/task-442/cell.json"
"443","24606198","hfo-corners-b-golden","cd_chrono_heckcorners_b_golden.map","52cdb880326a3d39db5c8a9939830947496f7c009a8cbe3d02ce973563180f50","143","Africans","5","1","119,152","151,119","3002400143","0","candidate","candidate_win","54992","13","0","a60efffa5f321f828ce1a6b7178b4a7c31483c31","e87fc92b01a072959125780a8e961d0e22854ad4b5759a963f861233a26a61ef","5a838bd9cb3edf06df288914ad5cea60b61983f29d183a1efdeb5a3c90e3295e","e6cd88c297034cb5baf7f5690ebc086c6d0282f3cc7fbbfb8acbd4d24f67214a","/nfs/roberts/project/pi_jss233/zc362/chrono_divide/research-evidence/multimap-v2/screen-amendment-3/cells/task-443/cell.json"
"444","24606199","hfo-corners-b-golden","cd_chrono_heckcorners_b_golden.map","52cdb880326a3d39db5c8a9939830947496f7c009a8cbe3d02ce973563180f50","144","Arabs","6","0","39,82","88,34","3002400144","0","candidate","candidate_win","26014","11","0","a60efffa5f321f828ce1a6b7178b4a7c31483c31","e87fc92b01a072959125780a8e961d0e22854ad4b5759a963f861233a26a61ef","5a838bd9cb3edf06df288914ad5cea60b61983f29d183a1efdeb5a3c90e3295e","b7fc55a30ab182bb60e5bc08c3b00bf11578b628fc57dfe22e85fb31a1debaac","/nfs/roberts/project/pi_jss233/zc362/chrono_divide/research-evidence/multimap-v2/screen-amendment-3/cells/task-444/cell.json"
"445","24606200","hfo-corners-b-golden","cd_chrono_heckcorners_b_golden.map","52cdb880326a3d39db5c8a9939830947496f7c009a8cbe3d02ce973563180f50","148","Arabs","6","0","88,34","151,119","3002400148","0","candidate","candidate_win","21934","16","0","a60efffa5f321f828ce1a6b7178b4a7c31483c31","e87fc92b01a072959125780a8e961d0e22854ad4b5759a963f861233a26a61ef","5a838bd9cb3edf06df288914ad5cea60b61983f29d183a1efdeb5a3c90e3295e","de1d489819372ae7f23686efbf58bf148f9c2f288cffbe6b5c7a108918428389","/nfs/roberts/project/pi_jss233/zc362/chrono_divide/research-evidence/multimap-v2/screen-amendment-3/cells/task-445/cell.json"
"446","24606201","hfo-corners-b-golden","cd_chrono_heckcorners_b_golden.map","52cdb880326a3d39db5c8a9939830947496f7c009a8cbe3d02ce973563180f50","152","Arabs","6","0","151,119","119,152","3002400152","0","candidate","candidate_win","11285","6","0","a60efffa5f321f828ce1a6b7178b4a7c31483c31","e87fc92b01a072959125780a8e961d0e22854ad4b5759a963f861233a26a61ef","5a838bd9cb3edf06df288914ad5cea60b61983f29d183a1efdeb5a3c90e3295e","56045f10721577902292f5537675f11917a60fcccbebab45a077fa5ead48f4de","/nfs/roberts/project/pi_jss233/zc362/chrono_divide/research-evidence/multimap-v2/screen-amendment-3/cells/task-446/cell.json"
"447","24606202","hfo-corners-b-golden","cd_chrono_heckcorners_b_golden.map","52cdb880326a3d39db5c8a9939830947496f7c009a8cbe3d02ce973563180f50","153","Arabs","6","0","119,152","39,82","3002400153","0","candidate","candidate_win","9430","6","0","a60efffa5f321f828ce1a6b7178b4a7c31483c31","e87fc92b01a072959125780a8e961d0e22854ad4b5759a963f861233a26a61ef","5a838bd9cb3edf06df288914ad5cea60b61983f29d183a1efdeb5a3c90e3295e","ef7ede265d0195f516d294188ed131f1e655d47d710612c11abb5d9a18ed0b38","/nfs/roberts/project/pi_jss233/zc362/chrono_divide/research-evidence/multimap-v2/screen-amendment-3/cells/task-447/cell.json"
"448","24606203","hfo-corners-b-golden","cd_chrono_heckcorners_b_golden.map","52cdb880326a3d39db5c8a9939830947496f7c009a8cbe3d02ce973563180f50","156","Arabs","6","1","39,82","88,34","3002400156","0","opponent","baseline_win","24166","0","7","a60efffa5f321f828ce1a6b7178b4a7c31483c31","e87fc92b01a072959125780a8e961d0e22854ad4b5759a963f861233a26a61ef","5a838bd9cb3edf06df288914ad5cea60b61983f29d183a1efdeb5a3c90e3295e","87d05f51989d96229a71df0d1e9fdb63e09dfd96ad4789e99a385b03ab71874b","/nfs/roberts/project/pi_jss233/zc362/chrono_divide/research-evidence/multimap-v2/screen-amendment-3/cells/task-448/cell.json"
"449","24606205","hfo-corners-b-golden","cd_chrono_heckcorners_b_golden.map","52cdb880326a3d39db5c8a9939830947496f7c009a8cbe3d02ce973563180f50","160","Arabs","6","1","88,34","151,119","3002400160","0","candidate","candidate_win","21685","15","0","a60efffa5f321f828ce1a6b7178b4a7c31483c31","e87fc92b01a072959125780a8e961d0e22854ad4b5759a963f861233a26a61ef","5a838bd9cb3edf06df288914ad5cea60b61983f29d183a1efdeb5a3c90e3295e","54f4874f2277907cbc0cc008bbadbbd56a701d39d73d6becab8c39a914d7e826","/nfs/roberts/project/pi_jss233/zc362/chrono_divide/research-evidence/multimap-v2/screen-amendment-3/cells/task-449/cell.json"
"450","24606207","hfo-corners-b-golden","cd_chrono_heckcorners_b_golden.map","52cdb880326a3d39db5c8a9939830947496f7c009a8cbe3d02ce973563180f50","164","Arabs","6","1","151,119","119,152","3002400164","0","candidate","candidate_win","24113","14","0","a60efffa5f321f828ce1a6b7178b4a7c31483c31","e87fc92b01a072959125780a8e961d0e22854ad4b5759a963f861233a26a61ef","5a838bd9cb3edf06df288914ad5cea60b61983f29d183a1efdeb5a3c90e3295e","b8c0940deeb706513f3f7b64b95520e985bd70be9f413e38a6762574c943d44f","/nfs/roberts/project/pi_jss233/zc362/chrono_divide/research-evidence/multimap-v2/screen-amendment-3/cells/task-450/cell.json"
"451","24606210","hfo-corners-b-golden","cd_chrono_heckcorners_b_golden.map","52cdb880326a3d39db5c8a9939830947496f7c009a8cbe3d02ce973563180f50","165","Arabs","6","1","119,152","39,82","3002400165","0","candidate","candidate_win","9576","6","0","a60efffa5f321f828ce1a6b7178b4a7c31483c31","e87fc92b01a072959125780a8e961d0e22854ad4b5759a963f861233a26a61ef","5a838bd9cb3edf06df288914ad5cea60b61983f29d183a1efdeb5a3c90e3295e","6ab3c8393b434d5a2225a092eb14eb630e2d4d240476683771ba19da14b8d813","/nfs/roberts/project/pi_jss233/zc362/chrono_divide/research-evidence/multimap-v2/screen-amendment-3/cells/task-451/cell.json"
"452","24606211","hfo-corners-b-golden","cd_chrono_heckcorners_b_golden.map","52cdb880326a3d39db5c8a9939830947496f7c009a8cbe3d02ce973563180f50","169","Confederation","7","0","39,82","151,119","3002400169","0","draw","tick_cap_draw","90000","1","17","a60efffa5f321f828ce1a6b7178b4a7c31483c31","e87fc92b01a072959125780a8e961d0e22854ad4b5759a963f861233a26a61ef","5a838bd9cb3edf06df288914ad5cea60b61983f29d183a1efdeb5a3c90e3295e","b0918bf080718b2b2535256ccd1115899a64b50b6d80a18c1e889ede9338ac95","/nfs/roberts/project/pi_jss233/zc362/chrono_divide/research-evidence/multimap-v2/screen-amendment-3/cells/task-452/cell.json"
"453","24606212","hfo-corners-b-golden","cd_chrono_heckcorners_b_golden.map","52cdb880326a3d39db5c8a9939830947496f7c009a8cbe3d02ce973563180f50","173","Confederation","7","0","88,34","119,152","3002400173","0","candidate","candidate_win","37265","11","0","a60efffa5f321f828ce1a6b7178b4a7c31483c31","e87fc92b01a072959125780a8e961d0e22854ad4b5759a963f861233a26a61ef","5a838bd9cb3edf06df288914ad5cea60b61983f29d183a1efdeb5a3c90e3295e","095f01eade61d73397548914c3ea211b75b9535f2d7af0c496d6ef9cba9bb4f1","/nfs/roberts/project/pi_jss233/zc362/chrono_divide/research-evidence/multimap-v2/screen-amendment-3/cells/task-453/cell.json"
"454","24606213","hfo-corners-b-golden","cd_chrono_heckcorners_b_golden.map","52cdb880326a3d39db5c8a9939830947496f7c009a8cbe3d02ce973563180f50","174","Confederation","7","0","151,119","39,82","3002400174","0","candidate","candidate_win","11369","6","0","a60efffa5f321f828ce1a6b7178b4a7c31483c31","e87fc92b01a072959125780a8e961d0e22854ad4b5759a963f861233a26a61ef","5a838bd9cb3edf06df288914ad5cea60b61983f29d183a1efdeb5a3c90e3295e","47dc9e1172dad37e73bd25f1f0e796ca6439cfe0769e10f92e2a0aab1f3635d2","/nfs/roberts/project/pi_jss233/zc362/chrono_divide/research-evidence/multimap-v2/screen-amendment-3/cells/task-454/cell.json"
"455","24606214","hfo-corners-b-golden","cd_chrono_heckcorners_b_golden.map","52cdb880326a3d39db5c8a9939830947496f7c009a8cbe3d02ce973563180f50","178","Confederation","7","0","119,152","88,34","3002400178","0","opponent","baseline_win","70248","0","6","a60efffa5f321f828ce1a6b7178b4a7c31483c31","e87fc92b01a072959125780a8e961d0e22854ad4b5759a963f861233a26a61ef","5a838bd9cb3edf06df288914ad5cea60b61983f29d183a1efdeb5a3c90e3295e","9828a83b77c45df1da5f210e2ffcdd05ad8a9b956abfbf405a416a582e59c6ff","/nfs/roberts/project/pi_jss233/zc362/chrono_divide/research-evidence/multimap-v2/screen-amendment-3/cells/task-455/cell.json"
"456","24606215","hfo-corners-b-golden","cd_chrono_heckcorners_b_golden.map","52cdb880326a3d39db5c8a9939830947496f7c009a8cbe3d02ce973563180f50","181","Confederation","7","1","39,82","151,119","3002400181","0","draw","tick_cap_draw","90000","3","18","a60efffa5f321f828ce1a6b7178b4a7c31483c31","e87fc92b01a072959125780a8e961d0e22854ad4b5759a963f861233a26a61ef","5a838bd9cb3edf06df288914ad5cea60b61983f29d183a1efdeb5a3c90e3295e","2bb32f518f2ce960f1b73b3b1acbfbc844c659ffd3046d52e81bbaf506b79994","/nfs/roberts/project/pi_jss233/zc362/chrono_divide/research-evidence/multimap-v2/screen-amendment-3/cells/task-456/cell.json"
"457","24606220","hfo-corners-b-golden","cd_chrono_heckcorners_b_golden.map","52cdb880326a3d39db5c8a9939830947496f7c009a8cbe3d02ce973563180f50","185","Confederation","7","1","88,34","119,152","3002400185","0","candidate","candidate_win","52881","19","0","a60efffa5f321f828ce1a6b7178b4a7c31483c31","e87fc92b01a072959125780a8e961d0e22854ad4b5759a963f861233a26a61ef","5a838bd9cb3edf06df288914ad5cea60b61983f29d183a1efdeb5a3c90e3295e","e95dfc6cf04dbbb5f8dd8acaf7da4e37a7a2c48b59c99c8f2c3f8fae83628971","/nfs/roberts/project/pi_jss233/zc362/chrono_divide/research-evidence/multimap-v2/screen-amendment-3/cells/task-457/cell.json"
"458","24606221","hfo-corners-b-golden","cd_chrono_heckcorners_b_golden.map","52cdb880326a3d39db5c8a9939830947496f7c009a8cbe3d02ce973563180f50","186","Confederation","7","1","151,119","39,82","3002400186","0","candidate","candidate_win","21601","6","0","a60efffa5f321f828ce1a6b7178b4a7c31483c31","e87fc92b01a072959125780a8e961d0e22854ad4b5759a963f861233a26a61ef","5a838bd9cb3edf06df288914ad5cea60b61983f29d183a1efdeb5a3c90e3295e","bebf1021faede176c32c32361e981343faf48c4b82916eaa2a6b3afe536e2db5","/nfs/roberts/project/pi_jss233/zc362/chrono_divide/research-evidence/multimap-v2/screen-amendment-3/cells/task-458/cell.json"
"459","24606222","hfo-corners-b-golden","cd_chrono_heckcorners_b_golden.map","52cdb880326a3d39db5c8a9939830947496f7c009a8cbe3d02ce973563180f50","190","Confederation","7","1","119,152","88,34","3002400190","0","opponent","baseline_win","25410","0","6","a60efffa5f321f828ce1a6b7178b4a7c31483c31","e87fc92b01a072959125780a8e961d0e22854ad4b5759a963f861233a26a61ef","5a838bd9cb3edf06df288914ad5cea60b61983f29d183a1efdeb5a3c90e3295e","cbf6f5d5450f2cd8d6d700e0f1c8e6d831a377d4efe20dfba819597c013cf8ca","/nfs/roberts/project/pi_jss233/zc362/chrono_divide/research-evidence/multimap-v2/screen-amendment-3/cells/task-459/cell.json"
"460","24606224","hfo-corners-b-golden","cd_chrono_heckcorners_b_golden.map","52cdb880326a3d39db5c8a9939830947496f7c009a8cbe3d02ce973563180f50","194","Russians","8","0","39,82","119,152","3002400194","0","candidate","candidate_win","30092","12","0","a60efffa5f321f828ce1a6b7178b4a7c31483c31","e87fc92b01a072959125780a8e961d0e22854ad4b5759a963f861233a26a61ef","5a838bd9cb3edf06df288914ad5cea60b61983f29d183a1efdeb5a3c90e3295e","0f1ddacd3b4f536765aa242153c7c52e95caf0787f4f1ead552607de06a431a9","/nfs/roberts/project/pi_jss233/zc362/chrono_divide/research-evidence/multimap-v2/screen-amendment-3/cells/task-460/cell.json"
"461","24606379","hfo-corners-b-golden","cd_chrono_heckcorners_b_golden.map","52cdb880326a3d39db5c8a9939830947496f7c009a8cbe3d02ce973563180f50","195","Russians","8","0","88,34","39,82","3002400195","0","opponent","baseline_win","9138","0","6","a60efffa5f321f828ce1a6b7178b4a7c31483c31","e87fc92b01a072959125780a8e961d0e22854ad4b5759a963f861233a26a61ef","5a838bd9cb3edf06df288914ad5cea60b61983f29d183a1efdeb5a3c90e3295e","513f2346816b1f2535f5bba18779bbd0f2d06957a0ec65a49fb42e50c164b1ef","/nfs/roberts/project/pi_jss233/zc362/chrono_divide/research-evidence/multimap-v2/screen-amendment-3/cells/task-461/cell.json"
"462","24606381","hfo-corners-b-golden","cd_chrono_heckcorners_b_golden.map","52cdb880326a3d39db5c8a9939830947496f7c009a8cbe3d02ce973563180f50","199","Russians","8","0","151,119","88,34","3002400199","0","candidate","candidate_win","21145","6","0","a60efffa5f321f828ce1a6b7178b4a7c31483c31","e87fc92b01a072959125780a8e961d0e22854ad4b5759a963f861233a26a61ef","5a838bd9cb3edf06df288914ad5cea60b61983f29d183a1efdeb5a3c90e3295e","7987228c2f533537b5703b3f26d9898ad3ec56360b2d9aba1cecc7bffdf06055","/nfs/roberts/project/pi_jss233/zc362/chrono_divide/research-evidence/multimap-v2/screen-amendment-3/cells/task-462/cell.json"
"463","24606390","hfo-corners-b-golden","cd_chrono_heckcorners_b_golden.map","52cdb880326a3d39db5c8a9939830947496f7c009a8cbe3d02ce973563180f50","203","Russians","8","0","119,152","151,119","3002400203","0","opponent","baseline_win","18495","0","7","a60efffa5f321f828ce1a6b7178b4a7c31483c31","e87fc92b01a072959125780a8e961d0e22854ad4b5759a963f861233a26a61ef","5a838bd9cb3edf06df288914ad5cea60b61983f29d183a1efdeb5a3c90e3295e","1ef77908959033f3e9fc7836712900e3eda408268238790ea84e12f76fee9133","/nfs/roberts/project/pi_jss233/zc362/chrono_divide/research-evidence/multimap-v2/screen-amendment-3/cells/task-463/cell.json"
"464","24606404","hfo-corners-b-golden","cd_chrono_heckcorners_b_golden.map","52cdb880326a3d39db5c8a9939830947496f7c009a8cbe3d02ce973563180f50","206","Russians","8","1","39,82","119,152","3002400206","0","opponent","baseline_win","34815","0","7","a60efffa5f321f828ce1a6b7178b4a7c31483c31","e87fc92b01a072959125780a8e961d0e22854ad4b5759a963f861233a26a61ef","5a838bd9cb3edf06df288914ad5cea60b61983f29d183a1efdeb5a3c90e3295e","61526014802fb1d02fee5fa461aaae70e8614b535235504242c842ffafc9117a","/nfs/roberts/project/pi_jss233/zc362/chrono_divide/research-evidence/multimap-v2/screen-amendment-3/cells/task-464/cell.json"
"465","24606405","hfo-corners-b-golden","cd_chrono_heckcorners_b_golden.map","52cdb880326a3d39db5c8a9939830947496f7c009a8cbe3d02ce973563180f50","207","Russians","8","1","88,34","39,82","3002400207","0","candidate","candidate_win","50105","10","0","a60efffa5f321f828ce1a6b7178b4a7c31483c31","e87fc92b01a072959125780a8e961d0e22854ad4b5759a963f861233a26a61ef","5a838bd9cb3edf06df288914ad5cea60b61983f29d183a1efdeb5a3c90e3295e","0756231ce65d311f4e73c2942f9413c5d4244c5437dd8e15c5e9e3a994e0681c","/nfs/roberts/project/pi_jss233/zc362/chrono_divide/research-evidence/multimap-v2/screen-amendment-3/cells/task-465/cell.json"
"466","24606407","hfo-corners-b-golden","cd_chrono_heckcorners_b_golden.map","52cdb880326a3d39db5c8a9939830947496f7c009a8cbe3d02ce973563180f50","211","Russians","8","1","151,119","88,34","3002400211","0","candidate","candidate_win","46812","6","0","a60efffa5f321f828ce1a6b7178b4a7c31483c31","e87fc92b01a072959125780a8e961d0e22854ad4b5759a963f861233a26a61ef","5a838bd9cb3edf06df288914ad5cea60b61983f29d183a1efdeb5a3c90e3295e","545038d03c454c8adbeaebf029f56711a1990b4ef881a5281004b87ae1c0a359","/nfs/roberts/project/pi_jss233/zc362/chrono_divide/research-evidence/multimap-v2/screen-amendment-3/cells/task-466/cell.json"
"467","24606408","hfo-corners-b-golden","cd_chrono_heckcorners_b_golden.map","52cdb880326a3d39db5c8a9939830947496f7c009a8cbe3d02ce973563180f50","215","Russians","8","1","119,152","151,119","3002400215","0","opponent","baseline_win","28191","0","7","a60efffa5f321f828ce1a6b7178b4a7c31483c31","e87fc92b01a072959125780a8e961d0e22854ad4b5759a963f861233a26a61ef","5a838bd9cb3edf06df288914ad5cea60b61983f29d183a1efdeb5a3c90e3295e","8b40285d51b3ad299d60dfbe3116c742df0899faaf8bb5618e9e1577c1be3078","/nfs/roberts/project/pi_jss233/zc362/chrono_divide/research-evidence/multimap-v2/screen-amendment-3/cells/task-467/cell.json"
"468","24606409","hfo-bvb","cd_chrono_heckbvb.map","5a7554fb64a16bd345cb42bf3bcbccd376fa92ad1c0356058f0427e9f0910f04","0","Americans","0","0","87,158","151,119","3002500000","0","candidate","candidate_win","15982","6","0","a60efffa5f321f828ce1a6b7178b4a7c31483c31","e87fc92b01a072959125780a8e961d0e22854ad4b5759a963f861233a26a61ef","5a838bd9cb3edf06df288914ad5cea60b61983f29d183a1efdeb5a3c90e3295e","8d2d253f325a48a63c61d28f27c99c9f308682be8b60ea3195001d39d3c781c6","/nfs/roberts/project/pi_jss233/zc362/chrono_divide/research-evidence/multimap-v2/screen-amendment-3/cells/task-468/cell.json"
"469","24606411","hfo-bvb","cd_chrono_heckbvb.map","5a7554fb64a16bd345cb42bf3bcbccd376fa92ad1c0356058f0427e9f0910f04","5","Americans","0","0","151,119","87,158","3002500005","0","opponent","baseline_win","9676","0","4","a60efffa5f321f828ce1a6b7178b4a7c31483c31","e87fc92b01a072959125780a8e961d0e22854ad4b5759a963f861233a26a61ef","5a838bd9cb3edf06df288914ad5cea60b61983f29d183a1efdeb5a3c90e3295e","a01a5905b81bea924a2edaf2b9b10ed7d89e730a7d246c7d42a14bddba68b974","/nfs/roberts/project/pi_jss233/zc362/chrono_divide/research-evidence/multimap-v2/screen-amendment-3/cells/task-469/cell.json"
"470","24606412","hfo-bvb","cd_chrono_heckbvb.map","5a7554fb64a16bd345cb42bf3bcbccd376fa92ad1c0356058f0427e9f0910f04","10","Americans","0","1","87,158","151,119","3002500010","0","candidate","candidate_win","11680","6","0","a60efffa5f321f828ce1a6b7178b4a7c31483c31","e87fc92b01a072959125780a8e961d0e22854ad4b5759a963f861233a26a61ef","5a838bd9cb3edf06df288914ad5cea60b61983f29d183a1efdeb5a3c90e3295e","9332df7475deae0af41cff9a472072a0391acbec073adbdb15354cbf29579e70","/nfs/roberts/project/pi_jss233/zc362/chrono_divide/research-evidence/multimap-v2/screen-amendment-3/cells/task-470/cell.json"
"471","24606415","hfo-bvb","cd_chrono_heckbvb.map","5a7554fb64a16bd345cb42bf3bcbccd376fa92ad1c0356058f0427e9f0910f04","15","Americans","0","1","151,119","87,158","3002500015","0","opponent","baseline_win","11032","0","4","a60efffa5f321f828ce1a6b7178b4a7c31483c31","e87fc92b01a072959125780a8e961d0e22854ad4b5759a963f861233a26a61ef","5a838bd9cb3edf06df288914ad5cea60b61983f29d183a1efdeb5a3c90e3295e","7a9d71349ae468cae5466c14a90128b1ee2f20c83db619b2d7815f4a2055db4d","/nfs/roberts/project/pi_jss233/zc362/chrono_divide/research-evidence/multimap-v2/screen-amendment-3/cells/task-471/cell.json"
"472","24606421","hfo-bvb","cd_chrono_heckbvb.map","5a7554fb64a16bd345cb42bf3bcbccd376fa92ad1c0356058f0427e9f0910f04","20","Alliance","1","0","87,158","151,119","3002500020","0","candidate","candidate_win","13007","6","0","a60efffa5f321f828ce1a6b7178b4a7c31483c31","e87fc92b01a072959125780a8e961d0e22854ad4b5759a963f861233a26a61ef","5a838bd9cb3edf06df288914ad5cea60b61983f29d183a1efdeb5a3c90e3295e","45e488d86c14a64ed171dce4eb9fb39abeac8baeae51cf5543f177d59cc81cef","/nfs/roberts/project/pi_jss233/zc362/chrono_divide/research-evidence/multimap-v2/screen-amendment-3/cells/task-472/cell.json"
"473","24606422","hfo-bvb","cd_chrono_heckbvb.map","5a7554fb64a16bd345cb42bf3bcbccd376fa92ad1c0356058f0427e9f0910f04","25","Alliance","1","0","151,119","87,158","3002500025","0","opponent","baseline_win","12147","0","4","a60efffa5f321f828ce1a6b7178b4a7c31483c31","e87fc92b01a072959125780a8e961d0e22854ad4b5759a963f861233a26a61ef","5a838bd9cb3edf06df288914ad5cea60b61983f29d183a1efdeb5a3c90e3295e","06b8475ae9789610a7a6dfc39c14b192a022e38edcf8197b9f32a25f06d376ae","/nfs/roberts/project/pi_jss233/zc362/chrono_divide/research-evidence/multimap-v2/screen-amendment-3/cells/task-473/cell.json"
"474","24606427","hfo-bvb","cd_chrono_heckbvb.map","5a7554fb64a16bd345cb42bf3bcbccd376fa92ad1c0356058f0427e9f0910f04","30","Alliance","1","1","87,158","151,119","3002500030","0","opponent","baseline_win","18164","0","8","a60efffa5f321f828ce1a6b7178b4a7c31483c31","e87fc92b01a072959125780a8e961d0e22854ad4b5759a963f861233a26a61ef","5a838bd9cb3edf06df288914ad5cea60b61983f29d183a1efdeb5a3c90e3295e","84cbf707428bd052096dbd926a355655e74050c1eea176ee0ec2ceede6ba84bf","/nfs/roberts/project/pi_jss233/zc362/chrono_divide/research-evidence/multimap-v2/screen-amendment-3/cells/task-474/cell.json"
"475","24606428","hfo-bvb","cd_chrono_heckbvb.map","5a7554fb64a16bd345cb42bf3bcbccd376fa92ad1c0356058f0427e9f0910f04","35","Alliance","1","1","151,119","87,158","3002500035","0","opponent","baseline_win","11332","0","4","a60efffa5f321f828ce1a6b7178b4a7c31483c31","e87fc92b01a072959125780a8e961d0e22854ad4b5759a963f861233a26a61ef","5a838bd9cb3edf06df288914ad5cea60b61983f29d183a1efdeb5a3c90e3295e","e7d6078a49fd5d4d9ef84aee79893eb2ee135f6400a594acbc369a21f8687bc5","/nfs/roberts/project/pi_jss233/zc362/chrono_divide/research-evidence/multimap-v2/screen-amendment-3/cells/task-475/cell.json"
"476","24606429","hfo-bvb","cd_chrono_heckbvb.map","5a7554fb64a16bd345cb42bf3bcbccd376fa92ad1c0356058f0427e9f0910f04","40","French","2","0","87,158","151,119","3002500040","0","opponent","baseline_win","20751","0","8","a60efffa5f321f828ce1a6b7178b4a7c31483c31","e87fc92b01a072959125780a8e961d0e22854ad4b5759a963f861233a26a61ef","5a838bd9cb3edf06df288914ad5cea60b61983f29d183a1efdeb5a3c90e3295e","523328c6ac0d550f7f0d0f31cddd68953f7694665b18b8e6b921dd950e6c70d1","/nfs/roberts/project/pi_jss233/zc362/chrono_divide/research-evidence/multimap-v2/screen-amendment-3/cells/task-476/cell.json"
"477","24606444","hfo-bvb","cd_chrono_heckbvb.map","5a7554fb64a16bd345cb42bf3bcbccd376fa92ad1c0356058f0427e9f0910f04","45","French","2","0","151,119","87,158","3002500045","0","opponent","baseline_win","10516","0","4","a60efffa5f321f828ce1a6b7178b4a7c31483c31","e87fc92b01a072959125780a8e961d0e22854ad4b5759a963f861233a26a61ef","5a838bd9cb3edf06df288914ad5cea60b61983f29d183a1efdeb5a3c90e3295e","2fc0a85161466ba2c8957927984826b9df0d52af30b6522b5cf9f6f0939f71a4","/nfs/roberts/project/pi_jss233/zc362/chrono_divide/research-evidence/multimap-v2/screen-amendment-3/cells/task-477/cell.json"
"478","24606445","hfo-bvb","cd_chrono_heckbvb.map","5a7554fb64a16bd345cb42bf3bcbccd376fa92ad1c0356058f0427e9f0910f04","50","French","2","1","87,158","151,119","3002500050","0","opponent","baseline_win","18459","0","8","a60efffa5f321f828ce1a6b7178b4a7c31483c31","e87fc92b01a072959125780a8e961d0e22854ad4b5759a963f861233a26a61ef","5a838bd9cb3edf06df288914ad5cea60b61983f29d183a1efdeb5a3c90e3295e","de3e1ca074cefbbb8060f8f8d606c3b75f49461a70af384c292f75716d940fec","/nfs/roberts/project/pi_jss233/zc362/chrono_divide/research-evidence/multimap-v2/screen-amendment-3/cells/task-478/cell.json"
"479","24606446","hfo-bvb","cd_chrono_heckbvb.map","5a7554fb64a16bd345cb42bf3bcbccd376fa92ad1c0356058f0427e9f0910f04","55","French","2","1","151,119","87,158","3002500055","0","opponent","baseline_win","11920","0","4","a60efffa5f321f828ce1a6b7178b4a7c31483c31","e87fc92b01a072959125780a8e961d0e22854ad4b5759a963f861233a26a61ef","5a838bd9cb3edf06df288914ad5cea60b61983f29d183a1efdeb5a3c90e3295e","15a9b6060363e5ff0050758ca083b7766ae77cd4a4adf584865e15d7f8d9be58","/nfs/roberts/project/pi_jss233/zc362/chrono_divide/research-evidence/multimap-v2/screen-amendment-3/cells/task-479/cell.json"
"480","24606447","hfo-bvb","cd_chrono_heckbvb.map","5a7554fb64a16bd345cb42bf3bcbccd376fa92ad1c0356058f0427e9f0910f04","60","Germans","3","0","87,158","151,119","3002500060","0","opponent","baseline_win","26881","0","8","a60efffa5f321f828ce1a6b7178b4a7c31483c31","e87fc92b01a072959125780a8e961d0e22854ad4b5759a963f861233a26a61ef","5a838bd9cb3edf06df288914ad5cea60b61983f29d183a1efdeb5a3c90e3295e","c05800364bbccc23c8200ddfd5dccaa1f0d21607e5eeb42751455d9499727ab5","/nfs/roberts/project/pi_jss233/zc362/chrono_divide/research-evidence/multimap-v2/screen-amendment-3/cells/task-480/cell.json"
"481","24606448","hfo-bvb","cd_chrono_heckbvb.map","5a7554fb64a16bd345cb42bf3bcbccd376fa92ad1c0356058f0427e9f0910f04","65","Germans","3","0","151,119","87,158","3002500065","0","opponent","baseline_win","9124","0","4","a60efffa5f321f828ce1a6b7178b4a7c31483c31","e87fc92b01a072959125780a8e961d0e22854ad4b5759a963f861233a26a61ef","5a838bd9cb3edf06df288914ad5cea60b61983f29d183a1efdeb5a3c90e3295e","f4edafd4900fd81270ce933a5d4884530dd278a9babc1f1f5b9bed3fe439e9c2","/nfs/roberts/project/pi_jss233/zc362/chrono_divide/research-evidence/multimap-v2/screen-amendment-3/cells/task-481/cell.json"
"482","24606449","hfo-bvb","cd_chrono_heckbvb.map","5a7554fb64a16bd345cb42bf3bcbccd376fa92ad1c0356058f0427e9f0910f04","70","Germans","3","1","87,158","151,119","3002500070","0","candidate","candidate_win","13960","6","0","a60efffa5f321f828ce1a6b7178b4a7c31483c31","e87fc92b01a072959125780a8e961d0e22854ad4b5759a963f861233a26a61ef","5a838bd9cb3edf06df288914ad5cea60b61983f29d183a1efdeb5a3c90e3295e","d34e4a7168d0c42615a2b2849d74a78fa846317f6733d8abbf6b465414c99b17","/nfs/roberts/project/pi_jss233/zc362/chrono_divide/research-evidence/multimap-v2/screen-amendment-3/cells/task-482/cell.json"
"483","24606450","hfo-bvb","cd_chrono_heckbvb.map","5a7554fb64a16bd345cb42bf3bcbccd376fa92ad1c0356058f0427e9f0910f04","75","Germans","3","1","151,119","87,158","3002500075","0","opponent","baseline_win","10234","0","4","a60efffa5f321f828ce1a6b7178b4a7c31483c31","e87fc92b01a072959125780a8e961d0e22854ad4b5759a963f861233a26a61ef","5a838bd9cb3edf06df288914ad5cea60b61983f29d183a1efdeb5a3c90e3295e","1950e9a49ad22aa24fd099d114b3d0089efaf27d63aacd6d25f169f113f67eaf","/nfs/roberts/project/pi_jss233/zc362/chrono_divide/research-evidence/multimap-v2/screen-amendment-3/cells/task-483/cell.json"
"484","24606451","hfo-bvb","cd_chrono_heckbvb.map","5a7554fb64a16bd345cb42bf3bcbccd376fa92ad1c0356058f0427e9f0910f04","80","British","4","0","87,158","151,119","3002500080","0","candidate","candidate_win","13384","6","0","a60efffa5f321f828ce1a6b7178b4a7c31483c31","e87fc92b01a072959125780a8e961d0e22854ad4b5759a963f861233a26a61ef","5a838bd9cb3edf06df288914ad5cea60b61983f29d183a1efdeb5a3c90e3295e","9f7d82d342de99466a6a4c72e401620d24fa37e9622d26fb962a2c4dc05db98a","/nfs/roberts/project/pi_jss233/zc362/chrono_divide/research-evidence/multimap-v2/screen-amendment-3/cells/task-484/cell.json"
"485","24606452","hfo-bvb","cd_chrono_heckbvb.map","5a7554fb64a16bd345cb42bf3bcbccd376fa92ad1c0356058f0427e9f0910f04","85","British","4","0","151,119","87,158","3002500085","0","opponent","baseline_win","9562","0","4","a60efffa5f321f828ce1a6b7178b4a7c31483c31","e87fc92b01a072959125780a8e961d0e22854ad4b5759a963f861233a26a61ef","5a838bd9cb3edf06df288914ad5cea60b61983f29d183a1efdeb5a3c90e3295e","31d4b0451e1dab862eae4f35559d15da97571f428f2333dac74a582b96c34727","/nfs/roberts/project/pi_jss233/zc362/chrono_divide/research-evidence/multimap-v2/screen-amendment-3/cells/task-485/cell.json"
"486","24606453","hfo-bvb","cd_chrono_heckbvb.map","5a7554fb64a16bd345cb42bf3bcbccd376fa92ad1c0356058f0427e9f0910f04","90","British","4","1","87,158","151,119","3002500090","0","candidate","candidate_win","14039","6","0","a60efffa5f321f828ce1a6b7178b4a7c31483c31","e87fc92b01a072959125780a8e961d0e22854ad4b5759a963f861233a26a61ef","5a838bd9cb3edf06df288914ad5cea60b61983f29d183a1efdeb5a3c90e3295e","0f296a45e9b4f9013e5d55131835e1ad0cde84c2b5eff74085405c6e010b3892","/nfs/roberts/project/pi_jss233/zc362/chrono_divide/research-evidence/multimap-v2/screen-amendment-3/cells/task-486/cell.json"
"487","24606454","hfo-bvb","cd_chrono_heckbvb.map","5a7554fb64a16bd345cb42bf3bcbccd376fa92ad1c0356058f0427e9f0910f04","95","British","4","1","151,119","87,158","3002500095","0","opponent","baseline_win","9404","0","4","a60efffa5f321f828ce1a6b7178b4a7c31483c31","e87fc92b01a072959125780a8e961d0e22854ad4b5759a963f861233a26a61ef","5a838bd9cb3edf06df288914ad5cea60b61983f29d183a1efdeb5a3c90e3295e","c9cff01d50845c70245ef39f726cf37d04ff4eee8c777134986cedc403d77ad4","/nfs/roberts/project/pi_jss233/zc362/chrono_divide/research-evidence/multimap-v2/screen-amendment-3/cells/task-487/cell.json"
"488","24606455","hfo-bvb","cd_chrono_heckbvb.map","5a7554fb64a16bd345cb42bf3bcbccd376fa92ad1c0356058f0427e9f0910f04","100","Africans","5","0","87,158","151,119","3002500100","0","candidate","candidate_win","12079","6","0","a60efffa5f321f828ce1a6b7178b4a7c31483c31","e87fc92b01a072959125780a8e961d0e22854ad4b5759a963f861233a26a61ef","5a838bd9cb3edf06df288914ad5cea60b61983f29d183a1efdeb5a3c90e3295e","58191839365144bfdd6f3a44582366f21f40713856592ebbf41081536668cb35","/nfs/roberts/project/pi_jss233/zc362/chrono_divide/research-evidence/multimap-v2/screen-amendment-3/cells/task-488/cell.json"
"489","24606456","hfo-bvb","cd_chrono_heckbvb.map","5a7554fb64a16bd345cb42bf3bcbccd376fa92ad1c0356058f0427e9f0910f04","105","Africans","5","0","151,119","87,158","3002500105","0","opponent","baseline_win","17377","0","6","a60efffa5f321f828ce1a6b7178b4a7c31483c31","e87fc92b01a072959125780a8e961d0e22854ad4b5759a963f861233a26a61ef","5a838bd9cb3edf06df288914ad5cea60b61983f29d183a1efdeb5a3c90e3295e","f5685ca84b1565c5155885603bdec4969f6b39750f008923e831df94be10ca79","/nfs/roberts/project/pi_jss233/zc362/chrono_divide/research-evidence/multimap-v2/screen-amendment-3/cells/task-489/cell.json"
"490","24606457","hfo-bvb","cd_chrono_heckbvb.map","5a7554fb64a16bd345cb42bf3bcbccd376fa92ad1c0356058f0427e9f0910f04","110","Africans","5","1","87,158","151,119","3002500110","0","candidate","candidate_win","11470","6","0","a60efffa5f321f828ce1a6b7178b4a7c31483c31","e87fc92b01a072959125780a8e961d0e22854ad4b5759a963f861233a26a61ef","5a838bd9cb3edf06df288914ad5cea60b61983f29d183a1efdeb5a3c90e3295e","0db26d23ab58fcc6da52fbcec284540c9384d0bfcdc5d362f8dbdee0e23e0de7","/nfs/roberts/project/pi_jss233/zc362/chrono_divide/research-evidence/multimap-v2/screen-amendment-3/cells/task-490/cell.json"
"491","24606458","hfo-bvb","cd_chrono_heckbvb.map","5a7554fb64a16bd345cb42bf3bcbccd376fa92ad1c0356058f0427e9f0910f04","115","Africans","5","1","151,119","87,158","3002500115","0","candidate","candidate_win","27366","15","0","a60efffa5f321f828ce1a6b7178b4a7c31483c31","e87fc92b01a072959125780a8e961d0e22854ad4b5759a963f861233a26a61ef","5a838bd9cb3edf06df288914ad5cea60b61983f29d183a1efdeb5a3c90e3295e","2b04b24da2fad74ec4c71221c697e9e08bad8a0945d132fcb5f45471f5b5fdef","/nfs/roberts/project/pi_jss233/zc362/chrono_divide/research-evidence/multimap-v2/screen-amendment-3/cells/task-491/cell.json"
"492","24606459","hfo-bvb","cd_chrono_heckbvb.map","5a7554fb64a16bd345cb42bf3bcbccd376fa92ad1c0356058f0427e9f0910f04","120","Arabs","6","0","87,158","151,119","3002500120","0","candidate","candidate_win","10778","6","0","a60efffa5f321f828ce1a6b7178b4a7c31483c31","e87fc92b01a072959125780a8e961d0e22854ad4b5759a963f861233a26a61ef","5a838bd9cb3edf06df288914ad5cea60b61983f29d183a1efdeb5a3c90e3295e","0e9abece1903f8aea86c02882297b9d558145db15ce0c661fae7dbc6eb8df205","/nfs/roberts/project/pi_jss233/zc362/chrono_divide/research-evidence/multimap-v2/screen-amendment-3/cells/task-492/cell.json"
"493","24606460","hfo-bvb","cd_chrono_heckbvb.map","5a7554fb64a16bd345cb42bf3bcbccd376fa92ad1c0356058f0427e9f0910f04","125","Arabs","6","0","151,119","87,158","3002500125","0","opponent","baseline_win","22437","0","6","a60efffa5f321f828ce1a6b7178b4a7c31483c31","e87fc92b01a072959125780a8e961d0e22854ad4b5759a963f861233a26a61ef","5a838bd9cb3edf06df288914ad5cea60b61983f29d183a1efdeb5a3c90e3295e","974a1219fe115d500e1cae56ed565fa5879bf06e5f8843ba25992d2aed90fdb2","/nfs/roberts/project/pi_jss233/zc362/chrono_divide/research-evidence/multimap-v2/screen-amendment-3/cells/task-493/cell.json"
"494","24606644","hfo-bvb","cd_chrono_heckbvb.map","5a7554fb64a16bd345cb42bf3bcbccd376fa92ad1c0356058f0427e9f0910f04","130","Arabs","6","1","87,158","151,119","3002500130","0","candidate","candidate_win","10852","6","0","a60efffa5f321f828ce1a6b7178b4a7c31483c31","e87fc92b01a072959125780a8e961d0e22854ad4b5759a963f861233a26a61ef","5a838bd9cb3edf06df288914ad5cea60b61983f29d183a1efdeb5a3c90e3295e","d6b4b0cd227e4345980bc4e1312b2e0d6dd72c8b69ba258793c81a53136caf82","/nfs/roberts/project/pi_jss233/zc362/chrono_divide/research-evidence/multimap-v2/screen-amendment-3/cells/task-494/cell.json"
"495","24606645","hfo-bvb","cd_chrono_heckbvb.map","5a7554fb64a16bd345cb42bf3bcbccd376fa92ad1c0356058f0427e9f0910f04","135","Arabs","6","1","151,119","87,158","3002500135","0","opponent","baseline_win","13125","0","6","a60efffa5f321f828ce1a6b7178b4a7c31483c31","e87fc92b01a072959125780a8e961d0e22854ad4b5759a963f861233a26a61ef","5a838bd9cb3edf06df288914ad5cea60b61983f29d183a1efdeb5a3c90e3295e","54837eee9deaf49c9d1d4e4dd03887e039e6c19d0fead0669e51c4ae73a18cd9","/nfs/roberts/project/pi_jss233/zc362/chrono_divide/research-evidence/multimap-v2/screen-amendment-3/cells/task-495/cell.json"
"496","24606653","hfo-bvb","cd_chrono_heckbvb.map","5a7554fb64a16bd345cb42bf3bcbccd376fa92ad1c0356058f0427e9f0910f04","140","Confederation","7","0","87,158","151,119","3002500140","0","candidate","candidate_win","12522","6","0","a60efffa5f321f828ce1a6b7178b4a7c31483c31","e87fc92b01a072959125780a8e961d0e22854ad4b5759a963f861233a26a61ef","5a838bd9cb3edf06df288914ad5cea60b61983f29d183a1efdeb5a3c90e3295e","b967e3a0af6afeadfb473d07a4884e8549e548a2f99ba47d7d1713291da29acc","/nfs/roberts/project/pi_jss233/zc362/chrono_divide/research-evidence/multimap-v2/screen-amendment-3/cells/task-496/cell.json"
"497","24606659","hfo-bvb","cd_chrono_heckbvb.map","5a7554fb64a16bd345cb42bf3bcbccd376fa92ad1c0356058f0427e9f0910f04","145","Confederation","7","0","151,119","87,158","3002500145","0","opponent","baseline_win","25053","0","6","a60efffa5f321f828ce1a6b7178b4a7c31483c31","e87fc92b01a072959125780a8e961d0e22854ad4b5759a963f861233a26a61ef","5a838bd9cb3edf06df288914ad5cea60b61983f29d183a1efdeb5a3c90e3295e","dcc2dc3fbbd689f68468c585a38033b7f7a6d46f775d8ee4f4569431838d7981","/nfs/roberts/project/pi_jss233/zc362/chrono_divide/research-evidence/multimap-v2/screen-amendment-3/cells/task-497/cell.json"
"498","24606660","hfo-bvb","cd_chrono_heckbvb.map","5a7554fb64a16bd345cb42bf3bcbccd376fa92ad1c0356058f0427e9f0910f04","150","Confederation","7","1","87,158","151,119","3002500150","0","candidate","candidate_win","11667","6","0","a60efffa5f321f828ce1a6b7178b4a7c31483c31","e87fc92b01a072959125780a8e961d0e22854ad4b5759a963f861233a26a61ef","5a838bd9cb3edf06df288914ad5cea60b61983f29d183a1efdeb5a3c90e3295e","ee0fadb3d10990dd3568a486720dc7ff8b13e759e8705b551a45b8ab2a4c9365","/nfs/roberts/project/pi_jss233/zc362/chrono_divide/research-evidence/multimap-v2/screen-amendment-3/cells/task-498/cell.json"
"499","24606661","hfo-bvb","cd_chrono_heckbvb.map","5a7554fb64a16bd345cb42bf3bcbccd376fa92ad1c0356058f0427e9f0910f04","155","Confederation","7","1","151,119","87,158","3002500155","0","opponent","baseline_win","18952","0","6","a60efffa5f321f828ce1a6b7178b4a7c31483c31","e87fc92b01a072959125780a8e961d0e22854ad4b5759a963f861233a26a61ef","5a838bd9cb3edf06df288914ad5cea60b61983f29d183a1efdeb5a3c90e3295e","36210752dba54f0d8d16a40cdf3d8419c0d5532e65f2e21c4c539edda01a325c","/nfs/roberts/project/pi_jss233/zc362/chrono_divide/research-evidence/multimap-v2/screen-amendment-3/cells/task-499/cell.json"
"500","24606662","hfo-bvb","cd_chrono_heckbvb.map","5a7554fb64a16bd345cb42bf3bcbccd376fa92ad1c0356058f0427e9f0910f04","160","Russians","8","0","87,158","151,119","3002500160","0","candidate","candidate_win","12278","6","0","a60efffa5f321f828ce1a6b7178b4a7c31483c31","e87fc92b01a072959125780a8e961d0e22854ad4b5759a963f861233a26a61ef","5a838bd9cb3edf06df288914ad5cea60b61983f29d183a1efdeb5a3c90e3295e","bf05d6740b500be8de64da66881aa5612b27302b34e6c997c5b189417857f479","/nfs/roberts/project/pi_jss233/zc362/chrono_divide/research-evidence/multimap-v2/screen-amendment-3/cells/task-500/cell.json"
"501","24606663","hfo-bvb","cd_chrono_heckbvb.map","5a7554fb64a16bd345cb42bf3bcbccd376fa92ad1c0356058f0427e9f0910f04","165","Russians","8","0","151,119","87,158","3002500165","0","opponent","baseline_win","20021","0","6","a60efffa5f321f828ce1a6b7178b4a7c31483c31","e87fc92b01a072959125780a8e961d0e22854ad4b5759a963f861233a26a61ef","5a838bd9cb3edf06df288914ad5cea60b61983f29d183a1efdeb5a3c90e3295e","8d3f913f65d22eced9d1de601c621582d456304d63b105f01b107ea132d05d0e","/nfs/roberts/project/pi_jss233/zc362/chrono_divide/research-evidence/multimap-v2/screen-amendment-3/cells/task-501/cell.json"
"502","24606668","hfo-bvb","cd_chrono_heckbvb.map","5a7554fb64a16bd345cb42bf3bcbccd376fa92ad1c0356058f0427e9f0910f04","170","Russians","8","1","87,158","151,119","3002500170","0","candidate","candidate_win","11094","6","0","a60efffa5f321f828ce1a6b7178b4a7c31483c31","e87fc92b01a072959125780a8e961d0e22854ad4b5759a963f861233a26a61ef","5a838bd9cb3edf06df288914ad5cea60b61983f29d183a1efdeb5a3c90e3295e","79948cb0f229d535530d9468030bf6f8259d97755251d90c33ab3630a877b144","/nfs/roberts/project/pi_jss233/zc362/chrono_divide/research-evidence/multimap-v2/screen-amendment-3/cells/task-502/cell.json"
"503","24606669","hfo-bvb","cd_chrono_heckbvb.map","5a7554fb64a16bd345cb42bf3bcbccd376fa92ad1c0356058f0427e9f0910f04","175","Russians","8","1","151,119","87,158","3002500175","0","opponent","baseline_win","36792","0","6","a60efffa5f321f828ce1a6b7178b4a7c31483c31","e87fc92b01a072959125780a8e961d0e22854ad4b5759a963f861233a26a61ef","5a838bd9cb3edf06df288914ad5cea60b61983f29d183a1efdeb5a3c90e3295e","535d121dc0ff82a05730679831e5a34ea07ddcf2e51df8e292a00ee67b7f2b4c","/nfs/roberts/project/pi_jss233/zc362/chrono_divide/research-evidence/multimap-v2/screen-amendment-3/cells/task-503/cell.json"
"504","24606670","hfo-lvl","cd_chrono_hecklvl.map","aa0b71473092d701834920275f8d42aeeb2614d4ad1244d6fb3741e8f62f7efc","0","Americans","0","0","39,82","87,157","3002600000","0","opponent","baseline_win","8446","0","4","a60efffa5f321f828ce1a6b7178b4a7c31483c31","e87fc92b01a072959125780a8e961d0e22854ad4b5759a963f861233a26a61ef","5a838bd9cb3edf06df288914ad5cea60b61983f29d183a1efdeb5a3c90e3295e","9221ec3ceb3ef8cc00ad7b4bc3a6f3a29dc8447c8ef3c81b95603c03aee0b909","/nfs/roberts/project/pi_jss233/zc362/chrono_divide/research-evidence/multimap-v2/screen-amendment-3/cells/task-504/cell.json"
"505","24606671","hfo-lvl","cd_chrono_hecklvl.map","aa0b71473092d701834920275f8d42aeeb2614d4ad1244d6fb3741e8f62f7efc","5","Americans","0","0","87,157","39,82","3002600005","0","opponent","baseline_win","12406","0","5","a60efffa5f321f828ce1a6b7178b4a7c31483c31","e87fc92b01a072959125780a8e961d0e22854ad4b5759a963f861233a26a61ef","5a838bd9cb3edf06df288914ad5cea60b61983f29d183a1efdeb5a3c90e3295e","70cd372e96f61e0f61aa5d4f958caf8585369e46740383006052e1ae3ad50b19","/nfs/roberts/project/pi_jss233/zc362/chrono_divide/research-evidence/multimap-v2/screen-amendment-3/cells/task-505/cell.json"
"506","24606673","hfo-lvl","cd_chrono_hecklvl.map","aa0b71473092d701834920275f8d42aeeb2614d4ad1244d6fb3741e8f62f7efc","10","Americans","0","1","39,82","87,157","3002600010","0","candidate","candidate_win","19581","12","0","a60efffa5f321f828ce1a6b7178b4a7c31483c31","e87fc92b01a072959125780a8e961d0e22854ad4b5759a963f861233a26a61ef","5a838bd9cb3edf06df288914ad5cea60b61983f29d183a1efdeb5a3c90e3295e","4f575497b0f3a7a87a0b5f53b38d8a000cde0bb6dedf69aa2d3a1c264372b760","/nfs/roberts/project/pi_jss233/zc362/chrono_divide/research-evidence/multimap-v2/screen-amendment-3/cells/task-506/cell.json"
"507","24606674","hfo-lvl","cd_chrono_hecklvl.map","aa0b71473092d701834920275f8d42aeeb2614d4ad1244d6fb3741e8f62f7efc","15","Americans","0","1","87,157","39,82","3002600015","0","candidate","candidate_win","20060","8","0","a60efffa5f321f828ce1a6b7178b4a7c31483c31","e87fc92b01a072959125780a8e961d0e22854ad4b5759a963f861233a26a61ef","5a838bd9cb3edf06df288914ad5cea60b61983f29d183a1efdeb5a3c90e3295e","2241b805d21d5cf8537eac2645ca2ae279672fe13f1f8139266eaa9de41e0073","/nfs/roberts/project/pi_jss233/zc362/chrono_divide/research-evidence/multimap-v2/screen-amendment-3/cells/task-507/cell.json"
"508","24606675","hfo-lvl","cd_chrono_hecklvl.map","aa0b71473092d701834920275f8d42aeeb2614d4ad1244d6fb3741e8f62f7efc","20","Alliance","1","0","39,82","87,157","3002600020","0","opponent","baseline_win","9988","0","4","a60efffa5f321f828ce1a6b7178b4a7c31483c31","e87fc92b01a072959125780a8e961d0e22854ad4b5759a963f861233a26a61ef","5a838bd9cb3edf06df288914ad5cea60b61983f29d183a1efdeb5a3c90e3295e","eb5c7390dcfbc647489edfa93844bc34f982be7371d08f137c2f76025d391987","/nfs/roberts/project/pi_jss233/zc362/chrono_divide/research-evidence/multimap-v2/screen-amendment-3/cells/task-508/cell.json"
"509","24606676","hfo-lvl","cd_chrono_hecklvl.map","aa0b71473092d701834920275f8d42aeeb2614d4ad1244d6fb3741e8f62f7efc","25","Alliance","1","0","87,157","39,82","3002600025","0","candidate","candidate_win","22585","8","0","a60efffa5f321f828ce1a6b7178b4a7c31483c31","e87fc92b01a072959125780a8e961d0e22854ad4b5759a963f861233a26a61ef","5a838bd9cb3edf06df288914ad5cea60b61983f29d183a1efdeb5a3c90e3295e","a1a2314750edfde2bec38e6303ffffb2f2b94fd4ff887344f02eb79c2d5aa217","/nfs/roberts/project/pi_jss233/zc362/chrono_divide/research-evidence/multimap-v2/screen-amendment-3/cells/task-509/cell.json"
"510","24606678","hfo-lvl","cd_chrono_hecklvl.map","aa0b71473092d701834920275f8d42aeeb2614d4ad1244d6fb3741e8f62f7efc","30","Alliance","1","1","39,82","87,157","3002600030","0","candidate","candidate_win","21210","11","0","a60efffa5f321f828ce1a6b7178b4a7c31483c31","e87fc92b01a072959125780a8e961d0e22854ad4b5759a963f861233a26a61ef","5a838bd9cb3edf06df288914ad5cea60b61983f29d183a1efdeb5a3c90e3295e","a0415099a9efab914a9697d58f3f791fc5c4eb740c55878e358fb975e9c321e6","/nfs/roberts/project/pi_jss233/zc362/chrono_divide/research-evidence/multimap-v2/screen-amendment-3/cells/task-510/cell.json"
"511","24606679","hfo-lvl","cd_chrono_hecklvl.map","aa0b71473092d701834920275f8d42aeeb2614d4ad1244d6fb3741e8f62f7efc","35","Alliance","1","1","87,157","39,82","3002600035","0","candidate","candidate_win","21815","8","0","a60efffa5f321f828ce1a6b7178b4a7c31483c31","e87fc92b01a072959125780a8e961d0e22854ad4b5759a963f861233a26a61ef","5a838bd9cb3edf06df288914ad5cea60b61983f29d183a1efdeb5a3c90e3295e","9a63d604315a662a33a0eff396277fd9113a909022dd62cee29c6674b18fe59d","/nfs/roberts/project/pi_jss233/zc362/chrono_divide/research-evidence/multimap-v2/screen-amendment-3/cells/task-511/cell.json"
"512","24606680","hfo-lvl","cd_chrono_hecklvl.map","aa0b71473092d701834920275f8d42aeeb2614d4ad1244d6fb3741e8f62f7efc","40","French","2","0","39,82","87,157","3002600040","0","opponent","baseline_win","12006","0","4","a60efffa5f321f828ce1a6b7178b4a7c31483c31","e87fc92b01a072959125780a8e961d0e22854ad4b5759a963f861233a26a61ef","5a838bd9cb3edf06df288914ad5cea60b61983f29d183a1efdeb5a3c90e3295e","db333c70b87433376fc500a37065ea333b07fdddc31a21b4f7e489dbdc33735d","/nfs/roberts/project/pi_jss233/zc362/chrono_divide/research-evidence/multimap-v2/screen-amendment-3/cells/task-512/cell.json"
"513","24606681","hfo-lvl","cd_chrono_hecklvl.map","aa0b71473092d701834920275f8d42aeeb2614d4ad1244d6fb3741e8f62f7efc","45","French","2","0","87,157","39,82","3002600045","0","candidate","candidate_win","25461","9","0","a60efffa5f321f828ce1a6b7178b4a7c31483c31","e87fc92b01a072959125780a8e961d0e22854ad4b5759a963f861233a26a61ef","5a838bd9cb3edf06df288914ad5cea60b61983f29d183a1efdeb5a3c90e3295e","09f19b6a0393ff1205b29a34161f4617f8fd4fe6aeac4b42392dfe43af9d3b04","/nfs/roberts/project/pi_jss233/zc362/chrono_divide/research-evidence/multimap-v2/screen-amendment-3/cells/task-513/cell.json"
"514","24606682","hfo-lvl","cd_chrono_hecklvl.map","aa0b71473092d701834920275f8d42aeeb2614d4ad1244d6fb3741e8f62f7efc","50","French","2","1","39,82","87,157","3002600050","0","candidate","candidate_win","21164","11","0","a60efffa5f321f828ce1a6b7178b4a7c31483c31","e87fc92b01a072959125780a8e961d0e22854ad4b5759a963f861233a26a61ef","5a838bd9cb3edf06df288914ad5cea60b61983f29d183a1efdeb5a3c90e3295e","13b7f1f842a0422a719575216ff562851cbfeebb127cb198c3e6251064136941","/nfs/roberts/project/pi_jss233/zc362/chrono_divide/research-evidence/multimap-v2/screen-amendment-3/cells/task-514/cell.json"
"515","24606683","hfo-lvl","cd_chrono_hecklvl.map","aa0b71473092d701834920275f8d42aeeb2614d4ad1244d6fb3741e8f62f7efc","55","French","2","1","87,157","39,82","3002600055","0","candidate","candidate_win","21787","8","0","a60efffa5f321f828ce1a6b7178b4a7c31483c31","e87fc92b01a072959125780a8e961d0e22854ad4b5759a963f861233a26a61ef","5a838bd9cb3edf06df288914ad5cea60b61983f29d183a1efdeb5a3c90e3295e","449baa51a16bd9c353021df6bf04d880efe7e969b9efd12f1e5b9a055f47bfd0","/nfs/roberts/project/pi_jss233/zc362/chrono_divide/research-evidence/multimap-v2/screen-amendment-3/cells/task-515/cell.json"
"516","24606684","hfo-lvl","cd_chrono_hecklvl.map","aa0b71473092d701834920275f8d42aeeb2614d4ad1244d6fb3741e8f62f7efc","60","Germans","3","0","39,82","87,157","3002600060","0","opponent","baseline_win","8278","0","4","a60efffa5f321f828ce1a6b7178b4a7c31483c31","e87fc92b01a072959125780a8e961d0e22854ad4b5759a963f861233a26a61ef","5a838bd9cb3edf06df288914ad5cea60b61983f29d183a1efdeb5a3c90e3295e","43a269493696e35b5bf460fabfe2dc5dcee91ec659ccb0e3e7e930e55a1df4d8","/nfs/roberts/project/pi_jss233/zc362/chrono_divide/research-evidence/multimap-v2/screen-amendment-3/cells/task-516/cell.json"
"517","24606685","hfo-lvl","cd_chrono_hecklvl.map","aa0b71473092d701834920275f8d42aeeb2614d4ad1244d6fb3741e8f62f7efc","65","Germans","3","0","87,157","39,82","3002600065","0","candidate","candidate_win","24516","14","0","a60efffa5f321f828ce1a6b7178b4a7c31483c31","e87fc92b01a072959125780a8e961d0e22854ad4b5759a963f861233a26a61ef","5a838bd9cb3edf06df288914ad5cea60b61983f29d183a1efdeb5a3c90e3295e","84e0a45ff0be1ff2a66f4381d8af161c41826058dec2156d7953d87be719361a","/nfs/roberts/project/pi_jss233/zc362/chrono_divide/research-evidence/multimap-v2/screen-amendment-3/cells/task-517/cell.json"
"518","24606686","hfo-lvl","cd_chrono_hecklvl.map","aa0b71473092d701834920275f8d42aeeb2614d4ad1244d6fb3741e8f62f7efc","70","Germans","3","1","39,82","87,157","3002600070","0","candidate","candidate_win","20960","12","0","a60efffa5f321f828ce1a6b7178b4a7c31483c31","e87fc92b01a072959125780a8e961d0e22854ad4b5759a963f861233a26a61ef","5a838bd9cb3edf06df288914ad5cea60b61983f29d183a1efdeb5a3c90e3295e","d9c0a33a9ee7ff80ee9250ce443d2dc60f629b155392e56897878d08dcfa5329","/nfs/roberts/project/pi_jss233/zc362/chrono_divide/research-evidence/multimap-v2/screen-amendment-3/cells/task-518/cell.json"
"519","24606689","hfo-lvl","cd_chrono_hecklvl.map","aa0b71473092d701834920275f8d42aeeb2614d4ad1244d6fb3741e8f62f7efc","75","Germans","3","1","87,157","39,82","3002600075","0","candidate","candidate_win","20178","8","0","a60efffa5f321f828ce1a6b7178b4a7c31483c31","e87fc92b01a072959125780a8e961d0e22854ad4b5759a963f861233a26a61ef","5a838bd9cb3edf06df288914ad5cea60b61983f29d183a1efdeb5a3c90e3295e","998d49fbe74497716270659968ac94eba93fdd039cf3df575452d1e9da60d34f","/nfs/roberts/project/pi_jss233/zc362/chrono_divide/research-evidence/multimap-v2/screen-amendment-3/cells/task-519/cell.json"
"520","24606690","hfo-lvl","cd_chrono_hecklvl.map","aa0b71473092d701834920275f8d42aeeb2614d4ad1244d6fb3741e8f62f7efc","80","British","4","0","39,82","87,157","3002600080","0","opponent","baseline_win","8536","0","4","a60efffa5f321f828ce1a6b7178b4a7c31483c31","e87fc92b01a072959125780a8e961d0e22854ad4b5759a963f861233a26a61ef","5a838bd9cb3edf06df288914ad5cea60b61983f29d183a1efdeb5a3c90e3295e","9785db53952b0af2c1413baca678495679765b4595f1cfc85126eba6eb821930","/nfs/roberts/project/pi_jss233/zc362/chrono_divide/research-evidence/multimap-v2/screen-amendment-3/cells/task-520/cell.json"
"521","24606691","hfo-lvl","cd_chrono_hecklvl.map","aa0b71473092d701834920275f8d42aeeb2614d4ad1244d6fb3741e8f62f7efc","85","British","4","0","87,157","39,82","3002600085","0","candidate","candidate_win","22267","8","0","a60efffa5f321f828ce1a6b7178b4a7c31483c31","e87fc92b01a072959125780a8e961d0e22854ad4b5759a963f861233a26a61ef","5a838bd9cb3edf06df288914ad5cea60b61983f29d183a1efdeb5a3c90e3295e","ef3f5765f984ed5373beeaaea41c79ac9a22e504e7037b4e56dc275f71e4725c","/nfs/roberts/project/pi_jss233/zc362/chrono_divide/research-evidence/multimap-v2/screen-amendment-3/cells/task-521/cell.json"
"522","24606692","hfo-lvl","cd_chrono_hecklvl.map","aa0b71473092d701834920275f8d42aeeb2614d4ad1244d6fb3741e8f62f7efc","90","British","4","1","39,82","87,157","3002600090","0","candidate","candidate_win","20928","12","0","a60efffa5f321f828ce1a6b7178b4a7c31483c31","e87fc92b01a072959125780a8e961d0e22854ad4b5759a963f861233a26a61ef","5a838bd9cb3edf06df288914ad5cea60b61983f29d183a1efdeb5a3c90e3295e","41f9ae38e4829170314d1089380cace91ba58bba6919a0b0c6b71c19ee7833e9","/nfs/roberts/project/pi_jss233/zc362/chrono_divide/research-evidence/multimap-v2/screen-amendment-3/cells/task-522/cell.json"
"523","24606694","hfo-lvl","cd_chrono_hecklvl.map","aa0b71473092d701834920275f8d42aeeb2614d4ad1244d6fb3741e8f62f7efc","95","British","4","1","87,157","39,82","3002600095","0","candidate","candidate_win","20825","8","0","a60efffa5f321f828ce1a6b7178b4a7c31483c31","e87fc92b01a072959125780a8e961d0e22854ad4b5759a963f861233a26a61ef","5a838bd9cb3edf06df288914ad5cea60b61983f29d183a1efdeb5a3c90e3295e","87710095b8588ef48d3b6d2311e1fb081053d715477238280eb8937d7c2052d8","/nfs/roberts/project/pi_jss233/zc362/chrono_divide/research-evidence/multimap-v2/screen-amendment-3/cells/task-523/cell.json"
"524","24606695","hfo-lvl","cd_chrono_hecklvl.map","aa0b71473092d701834920275f8d42aeeb2614d4ad1244d6fb3741e8f62f7efc","100","Africans","5","0","39,82","87,157","3002600100","0","candidate","candidate_win","9454","7","0","a60efffa5f321f828ce1a6b7178b4a7c31483c31","e87fc92b01a072959125780a8e961d0e22854ad4b5759a963f861233a26a61ef","5a838bd9cb3edf06df288914ad5cea60b61983f29d183a1efdeb5a3c90e3295e","cd79ab498807476ba20ad5480a57a10715635aad055be61c4ef27dccfc2e4b63","/nfs/roberts/project/pi_jss233/zc362/chrono_divide/research-evidence/multimap-v2/screen-amendment-3/cells/task-524/cell.json"
"525","24606696","hfo-lvl","cd_chrono_hecklvl.map","aa0b71473092d701834920275f8d42aeeb2614d4ad1244d6fb3741e8f62f7efc","105","Africans","5","0","87,157","39,82","3002600105","0","candidate","candidate_win","22992","11","0","a60efffa5f321f828ce1a6b7178b4a7c31483c31","e87fc92b01a072959125780a8e961d0e22854ad4b5759a963f861233a26a61ef","5a838bd9cb3edf06df288914ad5cea60b61983f29d183a1efdeb5a3c90e3295e","c172da12978f257dcfb6db13976db5a12972a1e9058580d2e67747a4bb074ec9","/nfs/roberts/project/pi_jss233/zc362/chrono_divide/research-evidence/multimap-v2/screen-amendment-3/cells/task-525/cell.json"
"526","24606698","hfo-lvl","cd_chrono_hecklvl.map","aa0b71473092d701834920275f8d42aeeb2614d4ad1244d6fb3741e8f62f7efc","110","Africans","5","1","39,82","87,157","3002600110","0","opponent","baseline_win","27730","0","7","a60efffa5f321f828ce1a6b7178b4a7c31483c31","e87fc92b01a072959125780a8e961d0e22854ad4b5759a963f861233a26a61ef","5a838bd9cb3edf06df288914ad5cea60b61983f29d183a1efdeb5a3c90e3295e","bcd99d7936dd63e7c0331a5ffd1a71199c37b23c0d82e9d44b70638771e19175","/nfs/roberts/project/pi_jss233/zc362/chrono_divide/research-evidence/multimap-v2/screen-amendment-3/cells/task-526/cell.json"
"527","24606699","hfo-lvl","cd_chrono_hecklvl.map","aa0b71473092d701834920275f8d42aeeb2614d4ad1244d6fb3741e8f62f7efc","115","Africans","5","1","87,157","39,82","3002600115","0","candidate","candidate_win","20257","10","0","a60efffa5f321f828ce1a6b7178b4a7c31483c31","e87fc92b01a072959125780a8e961d0e22854ad4b5759a963f861233a26a61ef","5a838bd9cb3edf06df288914ad5cea60b61983f29d183a1efdeb5a3c90e3295e","1365360144af8658a0b81be51066a804c8213e59896b86b27dc2e9cc45a48e04","/nfs/roberts/project/pi_jss233/zc362/chrono_divide/research-evidence/multimap-v2/screen-amendment-3/cells/task-527/cell.json"
"528","24606700","hfo-lvl","cd_chrono_hecklvl.map","aa0b71473092d701834920275f8d42aeeb2614d4ad1244d6fb3741e8f62f7efc","120","Arabs","6","0","39,82","87,157","3002600120","0","candidate","candidate_win","9206","7","0","a60efffa5f321f828ce1a6b7178b4a7c31483c31","e87fc92b01a072959125780a8e961d0e22854ad4b5759a963f861233a26a61ef","5a838bd9cb3edf06df288914ad5cea60b61983f29d183a1efdeb5a3c90e3295e","3f48fbd2e7b45360caabfe4c41ea1902d62574fe8fc1d2aacf64177ccccd287d","/nfs/roberts/project/pi_jss233/zc362/chrono_divide/research-evidence/multimap-v2/screen-amendment-3/cells/task-528/cell.json"
"529","24606701","hfo-lvl","cd_chrono_hecklvl.map","aa0b71473092d701834920275f8d42aeeb2614d4ad1244d6fb3741e8f62f7efc","125","Arabs","6","0","87,157","39,82","3002600125","0","candidate","candidate_win","21769","11","0","a60efffa5f321f828ce1a6b7178b4a7c31483c31","e87fc92b01a072959125780a8e961d0e22854ad4b5759a963f861233a26a61ef","5a838bd9cb3edf06df288914ad5cea60b61983f29d183a1efdeb5a3c90e3295e","da800c9c53176ef161dd976259eaa53627a004b17713c87ba0fef5e49df3fc82","/nfs/roberts/project/pi_jss233/zc362/chrono_divide/research-evidence/multimap-v2/screen-amendment-3/cells/task-529/cell.json"
"530","24606702","hfo-lvl","cd_chrono_hecklvl.map","aa0b71473092d701834920275f8d42aeeb2614d4ad1244d6fb3741e8f62f7efc","130","Arabs","6","1","39,82","87,157","3002600130","0","candidate","candidate_win","45319","19","0","a60efffa5f321f828ce1a6b7178b4a7c31483c31","e87fc92b01a072959125780a8e961d0e22854ad4b5759a963f861233a26a61ef","5a838bd9cb3edf06df288914ad5cea60b61983f29d183a1efdeb5a3c90e3295e","0b48dd07ee8ef5056857af6a02f0f56f7a831067467a3b33810095419160d74d","/nfs/roberts/project/pi_jss233/zc362/chrono_divide/research-evidence/multimap-v2/screen-amendment-3/cells/task-530/cell.json"
"531","24606703","hfo-lvl","cd_chrono_hecklvl.map","aa0b71473092d701834920275f8d42aeeb2614d4ad1244d6fb3741e8f62f7efc","135","Arabs","6","1","87,157","39,82","3002600135","0","candidate","candidate_win","19985","10","0","a60efffa5f321f828ce1a6b7178b4a7c31483c31","e87fc92b01a072959125780a8e961d0e22854ad4b5759a963f861233a26a61ef","5a838bd9cb3edf06df288914ad5cea60b61983f29d183a1efdeb5a3c90e3295e","1225caa7200e2d81408c3e495e96986179bab82669b479ef84fdcb3019c0b582","/nfs/roberts/project/pi_jss233/zc362/chrono_divide/research-evidence/multimap-v2/screen-amendment-3/cells/task-531/cell.json"
"532","24606704","hfo-lvl","cd_chrono_hecklvl.map","aa0b71473092d701834920275f8d42aeeb2614d4ad1244d6fb3741e8f62f7efc","140","Confederation","7","0","39,82","87,157","3002600140","0","opponent","baseline_win","23187","0","7","a60efffa5f321f828ce1a6b7178b4a7c31483c31","e87fc92b01a072959125780a8e961d0e22854ad4b5759a963f861233a26a61ef","5a838bd9cb3edf06df288914ad5cea60b61983f29d183a1efdeb5a3c90e3295e","9d0ce010b181cd67252afde4426845c029c96c7ae39ea17ed888a6887f4a048a","/nfs/roberts/project/pi_jss233/zc362/chrono_divide/research-evidence/multimap-v2/screen-amendment-3/cells/task-532/cell.json"
"533","24606705","hfo-lvl","cd_chrono_hecklvl.map","aa0b71473092d701834920275f8d42aeeb2614d4ad1244d6fb3741e8f62f7efc","145","Confederation","7","0","87,157","39,82","3002600145","0","candidate","candidate_win","28224","11","0","a60efffa5f321f828ce1a6b7178b4a7c31483c31","e87fc92b01a072959125780a8e961d0e22854ad4b5759a963f861233a26a61ef","5a838bd9cb3edf06df288914ad5cea60b61983f29d183a1efdeb5a3c90e3295e","0d83fb9fe7a12be8769ea8f0d4b1523226b8e29cf13e57b41e6813d0c3c5fceb","/nfs/roberts/project/pi_jss233/zc362/chrono_divide/research-evidence/multimap-v2/screen-amendment-3/cells/task-533/cell.json"
"534","24606708","hfo-lvl","cd_chrono_hecklvl.map","aa0b71473092d701834920275f8d42aeeb2614d4ad1244d6fb3741e8f62f7efc","150","Confederation","7","1","39,82","87,157","3002600150","0","opponent","baseline_win","37473","0","7","a60efffa5f321f828ce1a6b7178b4a7c31483c31","e87fc92b01a072959125780a8e961d0e22854ad4b5759a963f861233a26a61ef","5a838bd9cb3edf06df288914ad5cea60b61983f29d183a1efdeb5a3c90e3295e","3a721538a6d742041721309465ada2d21124f11475ba81984c0ca07975906454","/nfs/roberts/project/pi_jss233/zc362/chrono_divide/research-evidence/multimap-v2/screen-amendment-3/cells/task-534/cell.json"
"535","24606710","hfo-lvl","cd_chrono_hecklvl.map","aa0b71473092d701834920275f8d42aeeb2614d4ad1244d6fb3741e8f62f7efc","155","Confederation","7","1","87,157","39,82","3002600155","0","candidate","candidate_win","20345","10","0","a60efffa5f321f828ce1a6b7178b4a7c31483c31","e87fc92b01a072959125780a8e961d0e22854ad4b5759a963f861233a26a61ef","5a838bd9cb3edf06df288914ad5cea60b61983f29d183a1efdeb5a3c90e3295e","132afc3b20170037cc15477fca3a8c9c56bc58b3f315bfd967bfde54d5c21972","/nfs/roberts/project/pi_jss233/zc362/chrono_divide/research-evidence/multimap-v2/screen-amendment-3/cells/task-535/cell.json"
"536","24606711","hfo-lvl","cd_chrono_hecklvl.map","aa0b71473092d701834920275f8d42aeeb2614d4ad1244d6fb3741e8f62f7efc","160","Russians","8","0","39,82","87,157","3002600160","0","opponent","baseline_win","80053","0","18","a60efffa5f321f828ce1a6b7178b4a7c31483c31","e87fc92b01a072959125780a8e961d0e22854ad4b5759a963f861233a26a61ef","5a838bd9cb3edf06df288914ad5cea60b61983f29d183a1efdeb5a3c90e3295e","5047a6555c351b7a38836f3ea49b2a69cba0985022d8e7a88d5d7fdaefef45f6","/nfs/roberts/project/pi_jss233/zc362/chrono_divide/research-evidence/multimap-v2/screen-amendment-3/cells/task-536/cell.json"
"537","24606713","hfo-lvl","cd_chrono_hecklvl.map","aa0b71473092d701834920275f8d42aeeb2614d4ad1244d6fb3741e8f62f7efc","165","Russians","8","0","87,157","39,82","3002600165","0","candidate","candidate_win","12728","8","0","a60efffa5f321f828ce1a6b7178b4a7c31483c31","e87fc92b01a072959125780a8e961d0e22854ad4b5759a963f861233a26a61ef","5a838bd9cb3edf06df288914ad5cea60b61983f29d183a1efdeb5a3c90e3295e","c812252fc63ce4638095c981f82d51ca1256933d910e852dc369d6ad6af035b7","/nfs/roberts/project/pi_jss233/zc362/chrono_divide/research-evidence/multimap-v2/screen-amendment-3/cells/task-537/cell.json"
"538","24606714","hfo-lvl","cd_chrono_hecklvl.map","aa0b71473092d701834920275f8d42aeeb2614d4ad1244d6fb3741e8f62f7efc","170","Russians","8","1","39,82","87,157","3002600170","0","candidate","candidate_win","41464","18","0","a60efffa5f321f828ce1a6b7178b4a7c31483c31","e87fc92b01a072959125780a8e961d0e22854ad4b5759a963f861233a26a61ef","5a838bd9cb3edf06df288914ad5cea60b61983f29d183a1efdeb5a3c90e3295e","9dbda908f1aa06b838986e055c1ac9643714efa03ea8f8958d19b37cf9263dab","/nfs/roberts/project/pi_jss233/zc362/chrono_divide/research-evidence/multimap-v2/screen-amendment-3/cells/task-538/cell.json"
"539","24606715","hfo-lvl","cd_chrono_hecklvl.map","aa0b71473092d701834920275f8d42aeeb2614d4ad1244d6fb3741e8f62f7efc","175","Russians","8","1","87,157","39,82","3002600175","0","candidate","candidate_win","19692","10","0","a60efffa5f321f828ce1a6b7178b4a7c31483c31","e87fc92b01a072959125780a8e961d0e22854ad4b5759a963f861233a26a61ef","5a838bd9cb3edf06df288914ad5cea60b61983f29d183a1efdeb5a3c90e3295e","7a2835083b3ee677e57f99c6dd2788ae22e2d49163b5cb2f7bd53000248ba86e","/nfs/roberts/project/pi_jss233/zc362/chrono_divide/research-evidence/multimap-v2/screen-amendment-3/cells/task-539/cell.json"
"540","24606875","hfo-rvr","cd_chrono_heckrvr.map","8f17a78d2de245716b33c78b848dff13ae3db5b7ebb08d2efa4da165ac995488","0","Americans","0","0","151,118","88,34","3002700000","0","candidate","candidate_win","8962","6","0","a60efffa5f321f828ce1a6b7178b4a7c31483c31","e87fc92b01a072959125780a8e961d0e22854ad4b5759a963f861233a26a61ef","5a838bd9cb3edf06df288914ad5cea60b61983f29d183a1efdeb5a3c90e3295e","e9af6c807f42f4d777ef42fe660e4e8303dc23348e597806b02921c8ce7c63ab","/nfs/roberts/project/pi_jss233/zc362/chrono_divide/research-evidence/multimap-v2/screen-amendment-3/cells/task-540/cell.json"
"541","24606877","hfo-rvr","cd_chrono_heckrvr.map","8f17a78d2de245716b33c78b848dff13ae3db5b7ebb08d2efa4da165ac995488","5","Americans","0","0","88,34","151,118","3002700005","0","draw","tick_cap_draw","90000","1","18","a60efffa5f321f828ce1a6b7178b4a7c31483c31","e87fc92b01a072959125780a8e961d0e22854ad4b5759a963f861233a26a61ef","5a838bd9cb3edf06df288914ad5cea60b61983f29d183a1efdeb5a3c90e3295e","dfc47caece6906fe220a1d7e37d02e1042f132acfb1be00c6dca7fc7a32ce0d3","/nfs/roberts/project/pi_jss233/zc362/chrono_divide/research-evidence/multimap-v2/screen-amendment-3/cells/task-541/cell.json"
"542","24606879","hfo-rvr","cd_chrono_heckrvr.map","8f17a78d2de245716b33c78b848dff13ae3db5b7ebb08d2efa4da165ac995488","10","Americans","0","1","151,118","88,34","3002700010","0","candidate","candidate_win","8758","6","0","a60efffa5f321f828ce1a6b7178b4a7c31483c31","e87fc92b01a072959125780a8e961d0e22854ad4b5759a963f861233a26a61ef","5a838bd9cb3edf06df288914ad5cea60b61983f29d183a1efdeb5a3c90e3295e","fd8e00af5fa47379bb2072bfe1dc454c52a5cd3ff055a407e50ea45cf75b5f50","/nfs/roberts/project/pi_jss233/zc362/chrono_divide/research-evidence/multimap-v2/screen-amendment-3/cells/task-542/cell.json"
"543","24606880","hfo-rvr","cd_chrono_heckrvr.map","8f17a78d2de245716b33c78b848dff13ae3db5b7ebb08d2efa4da165ac995488","15","Americans","0","1","88,34","151,118","3002700015","0","candidate","candidate_win","37475","19","0","a60efffa5f321f828ce1a6b7178b4a7c31483c31","e87fc92b01a072959125780a8e961d0e22854ad4b5759a963f861233a26a61ef","5a838bd9cb3edf06df288914ad5cea60b61983f29d183a1efdeb5a3c90e3295e","231e0bf559e4cb7622888e911e0674f6eb3c613cd924902f6dd86e8b4da5974d","/nfs/roberts/project/pi_jss233/zc362/chrono_divide/research-evidence/multimap-v2/screen-amendment-3/cells/task-543/cell.json"
"544","24606887","hfo-rvr","cd_chrono_heckrvr.map","8f17a78d2de245716b33c78b848dff13ae3db5b7ebb08d2efa4da165ac995488","20","Alliance","1","0","151,118","88,34","3002700020","0","candidate","candidate_win","22245","6","0","a60efffa5f321f828ce1a6b7178b4a7c31483c31","e87fc92b01a072959125780a8e961d0e22854ad4b5759a963f861233a26a61ef","5a838bd9cb3edf06df288914ad5cea60b61983f29d183a1efdeb5a3c90e3295e","cff98632a9466fe67a6c9da50f7214d16e1f9ba6fc69d71174fa2e4f9d10fdbf","/nfs/roberts/project/pi_jss233/zc362/chrono_divide/research-evidence/multimap-v2/screen-amendment-3/cells/task-544/cell.json"
"545","24606888","hfo-rvr","cd_chrono_heckrvr.map","8f17a78d2de245716b33c78b848dff13ae3db5b7ebb08d2efa4da165ac995488","25","Alliance","1","0","88,34","151,118","3002700025","0","draw","tick_cap_draw","90000","1","18","a60efffa5f321f828ce1a6b7178b4a7c31483c31","e87fc92b01a072959125780a8e961d0e22854ad4b5759a963f861233a26a61ef","5a838bd9cb3edf06df288914ad5cea60b61983f29d183a1efdeb5a3c90e3295e","7f7ee0faf54578aec3348ba4610441aa3e377c0210c9258cdcaa3bec02f88b0f","/nfs/roberts/project/pi_jss233/zc362/chrono_divide/research-evidence/multimap-v2/screen-amendment-3/cells/task-545/cell.json"
"546","24606889","hfo-rvr","cd_chrono_heckrvr.map","8f17a78d2de245716b33c78b848dff13ae3db5b7ebb08d2efa4da165ac995488","30","Alliance","1","1","151,118","88,34","3002700030","0","candidate","candidate_win","9034","6","0","a60efffa5f321f828ce1a6b7178b4a7c31483c31","e87fc92b01a072959125780a8e961d0e22854ad4b5759a963f861233a26a61ef","5a838bd9cb3edf06df288914ad5cea60b61983f29d183a1efdeb5a3c90e3295e","aa79a535c2ffb5b3103d803d2d57897a56728a8bc924999ff6584564642ac0ca","/nfs/roberts/project/pi_jss233/zc362/chrono_divide/research-evidence/multimap-v2/screen-amendment-3/cells/task-546/cell.json"
"547","24606891","hfo-rvr","cd_chrono_heckrvr.map","8f17a78d2de245716b33c78b848dff13ae3db5b7ebb08d2efa4da165ac995488","35","Alliance","1","1","88,34","151,118","3002700035","0","draw","tick_cap_draw","90000","1","18","a60efffa5f321f828ce1a6b7178b4a7c31483c31","e87fc92b01a072959125780a8e961d0e22854ad4b5759a963f861233a26a61ef","5a838bd9cb3edf06df288914ad5cea60b61983f29d183a1efdeb5a3c90e3295e","d41c3974b18442dabdf6ddfd296e7847ead2abc56b2683a8076efd2af677e14c","/nfs/roberts/project/pi_jss233/zc362/chrono_divide/research-evidence/multimap-v2/screen-amendment-3/cells/task-547/cell.json"
"548","24606893","hfo-rvr","cd_chrono_heckrvr.map","8f17a78d2de245716b33c78b848dff13ae3db5b7ebb08d2efa4da165ac995488","40","French","2","0","151,118","88,34","3002700040","0","candidate","candidate_win","8662","6","0","a60efffa5f321f828ce1a6b7178b4a7c31483c31","e87fc92b01a072959125780a8e961d0e22854ad4b5759a963f861233a26a61ef","5a838bd9cb3edf06df288914ad5cea60b61983f29d183a1efdeb5a3c90e3295e","6edc02045edc34363d328d0cfabe2002c9bcea1cdc7e29e0e596f48dd45926f4","/nfs/roberts/project/pi_jss233/zc362/chrono_divide/research-evidence/multimap-v2/screen-amendment-3/cells/task-548/cell.json"
"549","24606894","hfo-rvr","cd_chrono_heckrvr.map","8f17a78d2de245716b33c78b848dff13ae3db5b7ebb08d2efa4da165ac995488","45","French","2","0","88,34","151,118","3002700045","0","draw","tick_cap_draw","90000","7","16","a60efffa5f321f828ce1a6b7178b4a7c31483c31","e87fc92b01a072959125780a8e961d0e22854ad4b5759a963f861233a26a61ef","5a838bd9cb3edf06df288914ad5cea60b61983f29d183a1efdeb5a3c90e3295e","07db41ad49cf46f7bc79ce71596ad959d1232a211d55c8572555ba8dd5d4cdf1","/nfs/roberts/project/pi_jss233/zc362/chrono_divide/research-evidence/multimap-v2/screen-amendment-3/cells/task-549/cell.json"
"550","24606895","hfo-rvr","cd_chrono_heckrvr.map","8f17a78d2de245716b33c78b848dff13ae3db5b7ebb08d2efa4da165ac995488","50","French","2","1","151,118","88,34","3002700050","0","opponent","baseline_win","25847","0","7","a60efffa5f321f828ce1a6b7178b4a7c31483c31","e87fc92b01a072959125780a8e961d0e22854ad4b5759a963f861233a26a61ef","5a838bd9cb3edf06df288914ad5cea60b61983f29d183a1efdeb5a3c90e3295e","43b3b6901c5cfdd7760c34df5c84c1244d83639744a08375f33963fee8602bd5","/nfs/roberts/project/pi_jss233/zc362/chrono_divide/research-evidence/multimap-v2/screen-amendment-3/cells/task-550/cell.json"
"551","24606897","hfo-rvr","cd_chrono_heckrvr.map","8f17a78d2de245716b33c78b848dff13ae3db5b7ebb08d2efa4da165ac995488","55","French","2","1","88,34","151,118","3002700055","0","opponent","baseline_win","76546","0","19","a60efffa5f321f828ce1a6b7178b4a7c31483c31","e87fc92b01a072959125780a8e961d0e22854ad4b5759a963f861233a26a61ef","5a838bd9cb3edf06df288914ad5cea60b61983f29d183a1efdeb5a3c90e3295e","e3cd4644b0d1d6e4b377bb9114861983049e6a5a0a4f3ca146a2916e504b0157","/nfs/roberts/project/pi_jss233/zc362/chrono_divide/research-evidence/multimap-v2/screen-amendment-3/cells/task-551/cell.json"
"552","24606898","hfo-rvr","cd_chrono_heckrvr.map","8f17a78d2de245716b33c78b848dff13ae3db5b7ebb08d2efa4da165ac995488","60","Germans","3","0","151,118","88,34","3002700060","0","candidate","candidate_win","22220","6","0","a60efffa5f321f828ce1a6b7178b4a7c31483c31","e87fc92b01a072959125780a8e961d0e22854ad4b5759a963f861233a26a61ef","5a838bd9cb3edf06df288914ad5cea60b61983f29d183a1efdeb5a3c90e3295e","0104b902a1d52c9925ac62f3a6d4eadccfec092ea7e6b7b4cce31488cbda11cd","/nfs/roberts/project/pi_jss233/zc362/chrono_divide/research-evidence/multimap-v2/screen-amendment-3/cells/task-552/cell.json"
"553","24606900","hfo-rvr","cd_chrono_heckrvr.map","8f17a78d2de245716b33c78b848dff13ae3db5b7ebb08d2efa4da165ac995488","65","Germans","3","0","88,34","151,118","3002700065","0","draw","engine_nonliteral_termination_draw","88873","0","0","a60efffa5f321f828ce1a6b7178b4a7c31483c31","e87fc92b01a072959125780a8e961d0e22854ad4b5759a963f861233a26a61ef","5a838bd9cb3edf06df288914ad5cea60b61983f29d183a1efdeb5a3c90e3295e","420d98cf0f02193cdec5567d0cbc263bd143b6724f188a29e4e66ce26c3287e6","/nfs/roberts/project/pi_jss233/zc362/chrono_divide/research-evidence/multimap-v2/screen-amendment-3/cells/task-553/cell.json"
"554","24606901","hfo-rvr","cd_chrono_heckrvr.map","8f17a78d2de245716b33c78b848dff13ae3db5b7ebb08d2efa4da165ac995488","70","Germans","3","1","151,118","88,34","3002700070","0","candidate","candidate_win","9832","6","0","a60efffa5f321f828ce1a6b7178b4a7c31483c31","e87fc92b01a072959125780a8e961d0e22854ad4b5759a963f861233a26a61ef","5a838bd9cb3edf06df288914ad5cea60b61983f29d183a1efdeb5a3c90e3295e","60b4d06c902453fe4fd1291220b0cf0ac94f593718a6d0f5a6c4846601f929e5","/nfs/roberts/project/pi_jss233/zc362/chrono_divide/research-evidence/multimap-v2/screen-amendment-3/cells/task-554/cell.json"
"555","24606902","hfo-rvr","cd_chrono_heckrvr.map","8f17a78d2de245716b33c78b848dff13ae3db5b7ebb08d2efa4da165ac995488","75","Germans","3","1","88,34","151,118","3002700075","0","draw","tick_cap_draw","90000","1","18","a60efffa5f321f828ce1a6b7178b4a7c31483c31","e87fc92b01a072959125780a8e961d0e22854ad4b5759a963f861233a26a61ef","5a838bd9cb3edf06df288914ad5cea60b61983f29d183a1efdeb5a3c90e3295e","6cd7b6051f4da0bb84a498d892b937a4e7bf0cc9d0b2767e73006df1aabb5069","/nfs/roberts/project/pi_jss233/zc362/chrono_divide/research-evidence/multimap-v2/screen-amendment-3/cells/task-555/cell.json"
"556","24606903","hfo-rvr","cd_chrono_heckrvr.map","8f17a78d2de245716b33c78b848dff13ae3db5b7ebb08d2efa4da165ac995488","80","British","4","0","151,118","88,34","3002700080","0","candidate","candidate_win","10321","6","0","a60efffa5f321f828ce1a6b7178b4a7c31483c31","e87fc92b01a072959125780a8e961d0e22854ad4b5759a963f861233a26a61ef","5a838bd9cb3edf06df288914ad5cea60b61983f29d183a1efdeb5a3c90e3295e","4de0a4d28b5c923d4c4eb05e9e78055e4446190b508270d9483869f735bd4f5d","/nfs/roberts/project/pi_jss233/zc362/chrono_divide/research-evidence/multimap-v2/screen-amendment-3/cells/task-556/cell.json"
"557","24606904","hfo-rvr","cd_chrono_heckrvr.map","8f17a78d2de245716b33c78b848dff13ae3db5b7ebb08d2efa4da165ac995488","85","British","4","0","88,34","151,118","3002700085","0","draw","tick_cap_draw","90000","1","18","a60efffa5f321f828ce1a6b7178b4a7c31483c31","e87fc92b01a072959125780a8e961d0e22854ad4b5759a963f861233a26a61ef","5a838bd9cb3edf06df288914ad5cea60b61983f29d183a1efdeb5a3c90e3295e","99344bffb3db86f1082282d7946a3ae824a350fe638f8f0e0f2d46be05dc4084","/nfs/roberts/project/pi_jss233/zc362/chrono_divide/research-evidence/multimap-v2/screen-amendment-3/cells/task-557/cell.json"
"558","24606905","hfo-rvr","cd_chrono_heckrvr.map","8f17a78d2de245716b33c78b848dff13ae3db5b7ebb08d2efa4da165ac995488","90","British","4","1","151,118","88,34","3002700090","0","candidate","candidate_win","8974","6","0","a60efffa5f321f828ce1a6b7178b4a7c31483c31","e87fc92b01a072959125780a8e961d0e22854ad4b5759a963f861233a26a61ef","5a838bd9cb3edf06df288914ad5cea60b61983f29d183a1efdeb5a3c90e3295e","6f0cfd6ea0b9b7c28c111d9f8ccb1e3c2b804f24cde25597568a94f00b4ccefb","/nfs/roberts/project/pi_jss233/zc362/chrono_divide/research-evidence/multimap-v2/screen-amendment-3/cells/task-558/cell.json"
"559","24606906","hfo-rvr","cd_chrono_heckrvr.map","8f17a78d2de245716b33c78b848dff13ae3db5b7ebb08d2efa4da165ac995488","95","British","4","1","88,34","151,118","3002700095","0","draw","tick_cap_draw","90000","1","18","a60efffa5f321f828ce1a6b7178b4a7c31483c31","e87fc92b01a072959125780a8e961d0e22854ad4b5759a963f861233a26a61ef","5a838bd9cb3edf06df288914ad5cea60b61983f29d183a1efdeb5a3c90e3295e","4434e17272a2f03dcc40dc136b88b73ada44fc66eea7ab0d838d1ab2c9c2fe42","/nfs/roberts/project/pi_jss233/zc362/chrono_divide/research-evidence/multimap-v2/screen-amendment-3/cells/task-559/cell.json"
"560","24606907","hfo-rvr","cd_chrono_heckrvr.map","8f17a78d2de245716b33c78b848dff13ae3db5b7ebb08d2efa4da165ac995488","100","Africans","5","0","151,118","88,34","3002700100","0","candidate","candidate_win","12052","6","0","a60efffa5f321f828ce1a6b7178b4a7c31483c31","e87fc92b01a072959125780a8e961d0e22854ad4b5759a963f861233a26a61ef","5a838bd9cb3edf06df288914ad5cea60b61983f29d183a1efdeb5a3c90e3295e","f978fdf10c40839091b6b66aaebeb89eb5c05df55aeb4cf1e4221fb292c43c58","/nfs/roberts/project/pi_jss233/zc362/chrono_divide/research-evidence/multimap-v2/screen-amendment-3/cells/task-560/cell.json"
"561","24606908","hfo-rvr","cd_chrono_heckrvr.map","8f17a78d2de245716b33c78b848dff13ae3db5b7ebb08d2efa4da165ac995488","105","Africans","5","0","88,34","151,118","3002700105","0","candidate","candidate_win","21550","14","0","a60efffa5f321f828ce1a6b7178b4a7c31483c31","e87fc92b01a072959125780a8e961d0e22854ad4b5759a963f861233a26a61ef","5a838bd9cb3edf06df288914ad5cea60b61983f29d183a1efdeb5a3c90e3295e","995543193d07d666aabf72cf7725e256ee9ba38d1d386e857227b707c8ad772b","/nfs/roberts/project/pi_jss233/zc362/chrono_divide/research-evidence/multimap-v2/screen-amendment-3/cells/task-561/cell.json"
"562","24606910","hfo-rvr","cd_chrono_heckrvr.map","8f17a78d2de245716b33c78b848dff13ae3db5b7ebb08d2efa4da165ac995488","110","Africans","5","1","151,118","88,34","3002700110","0","candidate","candidate_win","9449","6","0","a60efffa5f321f828ce1a6b7178b4a7c31483c31","e87fc92b01a072959125780a8e961d0e22854ad4b5759a963f861233a26a61ef","5a838bd9cb3edf06df288914ad5cea60b61983f29d183a1efdeb5a3c90e3295e","2fb83468d5287c36e9bd5eb5b48ffa2f72923ef40d6c65be465d9360a52a3d0c","/nfs/roberts/project/pi_jss233/zc362/chrono_divide/research-evidence/multimap-v2/screen-amendment-3/cells/task-562/cell.json"
"563","24606911","hfo-rvr","cd_chrono_heckrvr.map","8f17a78d2de245716b33c78b848dff13ae3db5b7ebb08d2efa4da165ac995488","115","Africans","5","1","88,34","151,118","3002700115","0","candidate","candidate_win","23171","16","0","a60efffa5f321f828ce1a6b7178b4a7c31483c31","e87fc92b01a072959125780a8e961d0e22854ad4b5759a963f861233a26a61ef","5a838bd9cb3edf06df288914ad5cea60b61983f29d183a1efdeb5a3c90e3295e","873de658bc575cf56ba26617fac24001d578f3db97f08f255791671fc4b2c5a6","/nfs/roberts/project/pi_jss233/zc362/chrono_divide/research-evidence/multimap-v2/screen-amendment-3/cells/task-563/cell.json"
"564","24606913","hfo-rvr","cd_chrono_heckrvr.map","8f17a78d2de245716b33c78b848dff13ae3db5b7ebb08d2efa4da165ac995488","120","Arabs","6","0","151,118","88,34","3002700120","0","candidate","candidate_win","47394","6","0","a60efffa5f321f828ce1a6b7178b4a7c31483c31","e87fc92b01a072959125780a8e961d0e22854ad4b5759a963f861233a26a61ef","5a838bd9cb3edf06df288914ad5cea60b61983f29d183a1efdeb5a3c90e3295e","d1fb97b845485542b87b4be6c3dad7229ceb974288f4647a1f46f60bcd5af1c4","/nfs/roberts/project/pi_jss233/zc362/chrono_divide/research-evidence/multimap-v2/screen-amendment-3/cells/task-564/cell.json"
"565","24606917","hfo-rvr","cd_chrono_heckrvr.map","8f17a78d2de245716b33c78b848dff13ae3db5b7ebb08d2efa4da165ac995488","125","Arabs","6","0","88,34","151,118","3002700125","0","candidate","candidate_win","21777","14","0","a60efffa5f321f828ce1a6b7178b4a7c31483c31","e87fc92b01a072959125780a8e961d0e22854ad4b5759a963f861233a26a61ef","5a838bd9cb3edf06df288914ad5cea60b61983f29d183a1efdeb5a3c90e3295e","e54ddfe85946c3e7c12ff2f709422f16d379d0644cace470becf3e0c719ca037","/nfs/roberts/project/pi_jss233/zc362/chrono_divide/research-evidence/multimap-v2/screen-amendment-3/cells/task-565/cell.json"
"566","24606918","hfo-rvr","cd_chrono_heckrvr.map","8f17a78d2de245716b33c78b848dff13ae3db5b7ebb08d2efa4da165ac995488","130","Arabs","6","1","151,118","88,34","3002700130","0","candidate","candidate_win","9243","6","0","a60efffa5f321f828ce1a6b7178b4a7c31483c31","e87fc92b01a072959125780a8e961d0e22854ad4b5759a963f861233a26a61ef","5a838bd9cb3edf06df288914ad5cea60b61983f29d183a1efdeb5a3c90e3295e","8d1fbef95523ea5563a4e68f3d8d2334ee666d0deeb32e7e98be1330dd6e7a59","/nfs/roberts/project/pi_jss233/zc362/chrono_divide/research-evidence/multimap-v2/screen-amendment-3/cells/task-566/cell.json"
"567","24606919","hfo-rvr","cd_chrono_heckrvr.map","8f17a78d2de245716b33c78b848dff13ae3db5b7ebb08d2efa4da165ac995488","135","Arabs","6","1","88,34","151,118","3002700135","0","candidate","candidate_win","21449","14","0","a60efffa5f321f828ce1a6b7178b4a7c31483c31","e87fc92b01a072959125780a8e961d0e22854ad4b5759a963f861233a26a61ef","5a838bd9cb3edf06df288914ad5cea60b61983f29d183a1efdeb5a3c90e3295e","705636a3669ff0369ff46bd2cc7273660e73344354979b271941a6d6a9ae4db3","/nfs/roberts/project/pi_jss233/zc362/chrono_divide/research-evidence/multimap-v2/screen-amendment-3/cells/task-567/cell.json"
"568","24606920","hfo-rvr","cd_chrono_heckrvr.map","8f17a78d2de245716b33c78b848dff13ae3db5b7ebb08d2efa4da165ac995488","140","Confederation","7","0","151,118","88,34","3002700140","0","candidate","candidate_win","9204","6","0","a60efffa5f321f828ce1a6b7178b4a7c31483c31","e87fc92b01a072959125780a8e961d0e22854ad4b5759a963f861233a26a61ef","5a838bd9cb3edf06df288914ad5cea60b61983f29d183a1efdeb5a3c90e3295e","3c9d768da2a57a326ff93d9c31d2a3429bfc8fa75940b49e77e9f35d12faf526","/nfs/roberts/project/pi_jss233/zc362/chrono_divide/research-evidence/multimap-v2/screen-amendment-3/cells/task-568/cell.json"
"569","24606921","hfo-rvr","cd_chrono_heckrvr.map","8f17a78d2de245716b33c78b848dff13ae3db5b7ebb08d2efa4da165ac995488","145","Confederation","7","0","88,34","151,118","3002700145","0","candidate","candidate_win","22138","14","0","a60efffa5f321f828ce1a6b7178b4a7c31483c31","e87fc92b01a072959125780a8e961d0e22854ad4b5759a963f861233a26a61ef","5a838bd9cb3edf06df288914ad5cea60b61983f29d183a1efdeb5a3c90e3295e","4481d2bc49c55bb754bdde2241b0499a0cb676ebd09133d345bb676bfd24047e","/nfs/roberts/project/pi_jss233/zc362/chrono_divide/research-evidence/multimap-v2/screen-amendment-3/cells/task-569/cell.json"
"570","24606938","hfo-rvr","cd_chrono_heckrvr.map","8f17a78d2de245716b33c78b848dff13ae3db5b7ebb08d2efa4da165ac995488","150","Confederation","7","1","151,118","88,34","3002700150","0","candidate","candidate_win","47785","6","0","a60efffa5f321f828ce1a6b7178b4a7c31483c31","e87fc92b01a072959125780a8e961d0e22854ad4b5759a963f861233a26a61ef","5a838bd9cb3edf06df288914ad5cea60b61983f29d183a1efdeb5a3c90e3295e","a56c2555252164ab6d16809b094a6b6b633647b1511e418b04ee0edcc5537c2e","/nfs/roberts/project/pi_jss233/zc362/chrono_divide/research-evidence/multimap-v2/screen-amendment-3/cells/task-570/cell.json"
"571","24606939","hfo-rvr","cd_chrono_heckrvr.map","8f17a78d2de245716b33c78b848dff13ae3db5b7ebb08d2efa4da165ac995488","155","Confederation","7","1","88,34","151,118","3002700155","0","candidate","candidate_win","21190","14","0","a60efffa5f321f828ce1a6b7178b4a7c31483c31","e87fc92b01a072959125780a8e961d0e22854ad4b5759a963f861233a26a61ef","5a838bd9cb3edf06df288914ad5cea60b61983f29d183a1efdeb5a3c90e3295e","232541be043f056f3c48d1984fbe11eaec5944888e195f2161a6f8e654765713","/nfs/roberts/project/pi_jss233/zc362/chrono_divide/research-evidence/multimap-v2/screen-amendment-3/cells/task-571/cell.json"
"572","24606940","hfo-rvr","cd_chrono_heckrvr.map","8f17a78d2de245716b33c78b848dff13ae3db5b7ebb08d2efa4da165ac995488","160","Russians","8","0","151,118","88,34","3002700160","0","candidate","candidate_win","52930","6","0","a60efffa5f321f828ce1a6b7178b4a7c31483c31","e87fc92b01a072959125780a8e961d0e22854ad4b5759a963f861233a26a61ef","5a838bd9cb3edf06df288914ad5cea60b61983f29d183a1efdeb5a3c90e3295e","5d7d57ee74f1d96ea1777b7673314fc9dccffb92db15dd904e25fc2ad71aac7b","/nfs/roberts/project/pi_jss233/zc362/chrono_divide/research-evidence/multimap-v2/screen-amendment-3/cells/task-572/cell.json"
"573","24606942","hfo-rvr","cd_chrono_heckrvr.map","8f17a78d2de245716b33c78b848dff13ae3db5b7ebb08d2efa4da165ac995488","165","Russians","8","0","88,34","151,118","3002700165","0","candidate","candidate_win","51108","19","0","a60efffa5f321f828ce1a6b7178b4a7c31483c31","e87fc92b01a072959125780a8e961d0e22854ad4b5759a963f861233a26a61ef","5a838bd9cb3edf06df288914ad5cea60b61983f29d183a1efdeb5a3c90e3295e","8bf263a65f94e2fb700dc1cd52572d69ecb2cd1e7e033e76495fb51fee6404bc","/nfs/roberts/project/pi_jss233/zc362/chrono_divide/research-evidence/multimap-v2/screen-amendment-3/cells/task-573/cell.json"
"574","24606943","hfo-rvr","cd_chrono_heckrvr.map","8f17a78d2de245716b33c78b848dff13ae3db5b7ebb08d2efa4da165ac995488","170","Russians","8","1","151,118","88,34","3002700170","0","candidate","candidate_win","48184","6","0","a60efffa5f321f828ce1a6b7178b4a7c31483c31","e87fc92b01a072959125780a8e961d0e22854ad4b5759a963f861233a26a61ef","5a838bd9cb3edf06df288914ad5cea60b61983f29d183a1efdeb5a3c90e3295e","983935d5ae8752db879d48ac342349d5d69c9d28cca031210c7bf7420c320719","/nfs/roberts/project/pi_jss233/zc362/chrono_divide/research-evidence/multimap-v2/screen-amendment-3/cells/task-574/cell.json"
"575","24606944","hfo-rvr","cd_chrono_heckrvr.map","8f17a78d2de245716b33c78b848dff13ae3db5b7ebb08d2efa4da165ac995488","175","Russians","8","1","88,34","151,118","3002700175","0","candidate","candidate_win","34221","20","0","a60efffa5f321f828ce1a6b7178b4a7c31483c31","e87fc92b01a072959125780a8e961d0e22854ad4b5759a963f861233a26a61ef","5a838bd9cb3edf06df288914ad5cea60b61983f29d183a1efdeb5a3c90e3295e","37bac82bf9da9bb1d6f857e7edfe4eff51e40960353444e091a6cbc8ffedf429","/nfs/roberts/project/pi_jss233/zc362/chrono_divide/research-evidence/multimap-v2/screen-amendment-3/cells/task-575/cell.json"
"576","24606945","hfo-tvt","cd_chrono_hecktvt.map","084d215b1ccb2a30cfb467e5f009d51b77e91c6a441ed24b4a6aef24d68c0c74","0","Americans","0","0","39,82","88,34","3002800000","0","opponent","baseline_win","7540","0","5","a60efffa5f321f828ce1a6b7178b4a7c31483c31","e87fc92b01a072959125780a8e961d0e22854ad4b5759a963f861233a26a61ef","5a838bd9cb3edf06df288914ad5cea60b61983f29d183a1efdeb5a3c90e3295e","5058a1bcea2613a6765439d07740eb4a4399e96e5529137c2b0db59383964684","/nfs/roberts/project/pi_jss233/zc362/chrono_divide/research-evidence/multimap-v2/screen-amendment-3/cells/task-576/cell.json"
"577","24606946","hfo-tvt","cd_chrono_hecktvt.map","084d215b1ccb2a30cfb467e5f009d51b77e91c6a441ed24b4a6aef24d68c0c74","5","Americans","0","0","88,34","39,82","3002800005","0","candidate","candidate_win","26648","13","0","a60efffa5f321f828ce1a6b7178b4a7c31483c31","e87fc92b01a072959125780a8e961d0e22854ad4b5759a963f861233a26a61ef","5a838bd9cb3edf06df288914ad5cea60b61983f29d183a1efdeb5a3c90e3295e","f96d677acf4ed00b27c055d8a701eaafbe6b51619d2f3a692c384367f8e496c9","/nfs/roberts/project/pi_jss233/zc362/chrono_divide/research-evidence/multimap-v2/screen-amendment-3/cells/task-577/cell.json"
"578","24606947","hfo-tvt","cd_chrono_hecktvt.map","084d215b1ccb2a30cfb467e5f009d51b77e91c6a441ed24b4a6aef24d68c0c74","10","Americans","0","1","39,82","88,34","3002800010","0","opponent","baseline_win","84723","0","15","a60efffa5f321f828ce1a6b7178b4a7c31483c31","e87fc92b01a072959125780a8e961d0e22854ad4b5759a963f861233a26a61ef","5a838bd9cb3edf06df288914ad5cea60b61983f29d183a1efdeb5a3c90e3295e","f5c931f556aa8b9eaaea6c4945fd90bb04430a8679060e040c7fde8e76207719","/nfs/roberts/project/pi_jss233/zc362/chrono_divide/research-evidence/multimap-v2/screen-amendment-3/cells/task-578/cell.json"
"579","24606948","hfo-tvt","cd_chrono_hecktvt.map","084d215b1ccb2a30cfb467e5f009d51b77e91c6a441ed24b4a6aef24d68c0c74","15","Americans","0","1","88,34","39,82","3002800015","0","candidate","candidate_win","9166","7","0","a60efffa5f321f828ce1a6b7178b4a7c31483c31","e87fc92b01a072959125780a8e961d0e22854ad4b5759a963f861233a26a61ef","5a838bd9cb3edf06df288914ad5cea60b61983f29d183a1efdeb5a3c90e3295e","57f8c607df8cf001df885cb810568b64d192cdfa07f738f215f3f6c33c2c233a","/nfs/roberts/project/pi_jss233/zc362/chrono_divide/research-evidence/multimap-v2/screen-amendment-3/cells/task-579/cell.json"
"580","24606952","hfo-tvt","cd_chrono_hecktvt.map","084d215b1ccb2a30cfb467e5f009d51b77e91c6a441ed24b4a6aef24d68c0c74","20","Alliance","1","0","39,82","88,34","3002800020","0","opponent","baseline_win","7624","0","6","a60efffa5f321f828ce1a6b7178b4a7c31483c31","e87fc92b01a072959125780a8e961d0e22854ad4b5759a963f861233a26a61ef","5a838bd9cb3edf06df288914ad5cea60b61983f29d183a1efdeb5a3c90e3295e","2686a47e0a89340ed60976d58d290750df174d26b4c5f01c7e9ac42d9aa3e5db","/nfs/roberts/project/pi_jss233/zc362/chrono_divide/research-evidence/multimap-v2/screen-amendment-3/cells/task-580/cell.json"
"581","24606953","hfo-tvt","cd_chrono_hecktvt.map","084d215b1ccb2a30cfb467e5f009d51b77e91c6a441ed24b4a6aef24d68c0c74","25","Alliance","1","0","88,34","39,82","3002800025","0","opponent","baseline_win","86260","0","18","a60efffa5f321f828ce1a6b7178b4a7c31483c31","e87fc92b01a072959125780a8e961d0e22854ad4b5759a963f861233a26a61ef","5a838bd9cb3edf06df288914ad5cea60b61983f29d183a1efdeb5a3c90e3295e","c320a3ca9b2cd95656eb4b3ebbf66205ffe6efd1b34315b722afc470b432dd73","/nfs/roberts/project/pi_jss233/zc362/chrono_divide/research-evidence/multimap-v2/screen-amendment-3/cells/task-581/cell.json"
"582","24606954","hfo-tvt","cd_chrono_hecktvt.map","084d215b1ccb2a30cfb467e5f009d51b77e91c6a441ed24b4a6aef24d68c0c74","30","Alliance","1","1","39,82","88,34","3002800030","0","draw","tick_cap_draw","90000","3","19","a60efffa5f321f828ce1a6b7178b4a7c31483c31","e87fc92b01a072959125780a8e961d0e22854ad4b5759a963f861233a26a61ef","5a838bd9cb3edf06df288914ad5cea60b61983f29d183a1efdeb5a3c90e3295e","b1a644a595acc86f14a138cfeb8168d63ce9dbc3836e9d7f787ee1591322fc3e","/nfs/roberts/project/pi_jss233/zc362/chrono_divide/research-evidence/multimap-v2/screen-amendment-3/cells/task-582/cell.json"
"583","24606956","hfo-tvt","cd_chrono_hecktvt.map","084d215b1ccb2a30cfb467e5f009d51b77e91c6a441ed24b4a6aef24d68c0c74","35","Alliance","1","1","88,34","39,82","3002800035","0","candidate","candidate_win","11835","8","0","a60efffa5f321f828ce1a6b7178b4a7c31483c31","e87fc92b01a072959125780a8e961d0e22854ad4b5759a963f861233a26a61ef","5a838bd9cb3edf06df288914ad5cea60b61983f29d183a1efdeb5a3c90e3295e","3e65f82669d21f1020fe72a8365cad547c107c95d84c29df5751f7cd8deb40fd","/nfs/roberts/project/pi_jss233/zc362/chrono_divide/research-evidence/multimap-v2/screen-amendment-3/cells/task-583/cell.json"
"584","24606957","hfo-tvt","cd_chrono_hecktvt.map","084d215b1ccb2a30cfb467e5f009d51b77e91c6a441ed24b4a6aef24d68c0c74","40","French","2","0","39,82","88,34","3002800040","0","opponent","baseline_win","9494","0","6","a60efffa5f321f828ce1a6b7178b4a7c31483c31","e87fc92b01a072959125780a8e961d0e22854ad4b5759a963f861233a26a61ef","5a838bd9cb3edf06df288914ad5cea60b61983f29d183a1efdeb5a3c90e3295e","3548cc4eaa8e7ee78e349559ff928b7c0bf7c951ba64b4250dd9824f83f5a58d","/nfs/roberts/project/pi_jss233/zc362/chrono_divide/research-evidence/multimap-v2/screen-amendment-3/cells/task-584/cell.json"
"585","24606959","hfo-tvt","cd_chrono_hecktvt.map","084d215b1ccb2a30cfb467e5f009d51b77e91c6a441ed24b4a6aef24d68c0c74","45","French","2","0","88,34","39,82","3002800045","0","candidate","candidate_win","31023","20","0","a60efffa5f321f828ce1a6b7178b4a7c31483c31","e87fc92b01a072959125780a8e961d0e22854ad4b5759a963f861233a26a61ef","5a838bd9cb3edf06df288914ad5cea60b61983f29d183a1efdeb5a3c90e3295e","f393fc871d138acc7a4619a9cd617cb313cd68c79d5ecd6efdb6094e00600983","/nfs/roberts/project/pi_jss233/zc362/chrono_divide/research-evidence/multimap-v2/screen-amendment-3/cells/task-585/cell.json"
"586","24606960","hfo-tvt","cd_chrono_hecktvt.map","084d215b1ccb2a30cfb467e5f009d51b77e91c6a441ed24b4a6aef24d68c0c74","50","French","2","1","39,82","88,34","3002800050","0","draw","tick_cap_draw","90000","3","20","a60efffa5f321f828ce1a6b7178b4a7c31483c31","e87fc92b01a072959125780a8e961d0e22854ad4b5759a963f861233a26a61ef","5a838bd9cb3edf06df288914ad5cea60b61983f29d183a1efdeb5a3c90e3295e","f6d97e2166afa0324f13d8f3a6bd1bf2233da65a88746cee0b51a1616db3b86f","/nfs/roberts/project/pi_jss233/zc362/chrono_divide/research-evidence/multimap-v2/screen-amendment-3/cells/task-586/cell.json"
"587","24606961","hfo-tvt","cd_chrono_hecktvt.map","084d215b1ccb2a30cfb467e5f009d51b77e91c6a441ed24b4a6aef24d68c0c74","55","French","2","1","88,34","39,82","3002800055","0","candidate","candidate_win","9520","7","0","a60efffa5f321f828ce1a6b7178b4a7c31483c31","e87fc92b01a072959125780a8e961d0e22854ad4b5759a963f861233a26a61ef","5a838bd9cb3edf06df288914ad5cea60b61983f29d183a1efdeb5a3c90e3295e","fbb722b1a98a4f30f10c91bcf11746af6f92bf6be663caf8b6d66510ffdd1f1d","/nfs/roberts/project/pi_jss233/zc362/chrono_divide/research-evidence/multimap-v2/screen-amendment-3/cells/task-587/cell.json"
"588","24606962","hfo-tvt","cd_chrono_hecktvt.map","084d215b1ccb2a30cfb467e5f009d51b77e91c6a441ed24b4a6aef24d68c0c74","60","Germans","3","0","39,82","88,34","3002800060","0","opponent","baseline_win","8521","0","6","a60efffa5f321f828ce1a6b7178b4a7c31483c31","e87fc92b01a072959125780a8e961d0e22854ad4b5759a963f861233a26a61ef","5a838bd9cb3edf06df288914ad5cea60b61983f29d183a1efdeb5a3c90e3295e","12f6fa87473229afdb7912561aaaec90662509fd0a9135c433d0d411aa679d03","/nfs/roberts/project/pi_jss233/zc362/chrono_divide/research-evidence/multimap-v2/screen-amendment-3/cells/task-588/cell.json"
"589","24606963","hfo-tvt","cd_chrono_hecktvt.map","084d215b1ccb2a30cfb467e5f009d51b77e91c6a441ed24b4a6aef24d68c0c74","65","Germans","3","0","88,34","39,82","3002800065","0","candidate","candidate_win","45043","20","0","a60efffa5f321f828ce1a6b7178b4a7c31483c31","e87fc92b01a072959125780a8e961d0e22854ad4b5759a963f861233a26a61ef","5a838bd9cb3edf06df288914ad5cea60b61983f29d183a1efdeb5a3c90e3295e","b1d7f0e1eac32fb1d552c7d4af18a75efc7ecdcebf9ad89b4c16bebb67613688","/nfs/roberts/project/pi_jss233/zc362/chrono_divide/research-evidence/multimap-v2/screen-amendment-3/cells/task-589/cell.json"
"590","24606964","hfo-tvt","cd_chrono_hecktvt.map","084d215b1ccb2a30cfb467e5f009d51b77e91c6a441ed24b4a6aef24d68c0c74","70","Germans","3","1","39,82","88,34","3002800070","0","candidate","candidate_win","7450","7","0","a60efffa5f321f828ce1a6b7178b4a7c31483c31","e87fc92b01a072959125780a8e961d0e22854ad4b5759a963f861233a26a61ef","5a838bd9cb3edf06df288914ad5cea60b61983f29d183a1efdeb5a3c90e3295e","98a9a006c14288423f001f882274b4afd0de71fab5f2261d39739da168e8e3d4","/nfs/roberts/project/pi_jss233/zc362/chrono_divide/research-evidence/multimap-v2/screen-amendment-3/cells/task-590/cell.json"
"591","24606966","hfo-tvt","cd_chrono_hecktvt.map","084d215b1ccb2a30cfb467e5f009d51b77e91c6a441ed24b4a6aef24d68c0c74","75","Germans","3","1","88,34","39,82","3002800075","0","candidate","candidate_win","9454","7","0","a60efffa5f321f828ce1a6b7178b4a7c31483c31","e87fc92b01a072959125780a8e961d0e22854ad4b5759a963f861233a26a61ef","5a838bd9cb3edf06df288914ad5cea60b61983f29d183a1efdeb5a3c90e3295e","5fa2e0142dc4060aaee9741d7852439bf3b6a0310300d3b2bcc682b37885e528","/nfs/roberts/project/pi_jss233/zc362/chrono_divide/research-evidence/multimap-v2/screen-amendment-3/cells/task-591/cell.json"
"592","24606967","hfo-tvt","cd_chrono_hecktvt.map","084d215b1ccb2a30cfb467e5f009d51b77e91c6a441ed24b4a6aef24d68c0c74","80","British","4","0","39,82","88,34","3002800080","0","opponent","baseline_win","55784","0","18","a60efffa5f321f828ce1a6b7178b4a7c31483c31","e87fc92b01a072959125780a8e961d0e22854ad4b5759a963f861233a26a61ef","5a838bd9cb3edf06df288914ad5cea60b61983f29d183a1efdeb5a3c90e3295e","6dbb54eff776282b1c13ccc66576439cf5a3d15fbe5a83a251e38df5d0e78e46","/nfs/roberts/project/pi_jss233/zc362/chrono_divide/research-evidence/multimap-v2/screen-amendment-3/cells/task-592/cell.json"
"593","24606969","hfo-tvt","cd_chrono_hecktvt.map","084d215b1ccb2a30cfb467e5f009d51b77e91c6a441ed24b4a6aef24d68c0c74","85","British","4","0","88,34","39,82","3002800085","0","candidate","candidate_win","52867","20","0","a60efffa5f321f828ce1a6b7178b4a7c31483c31","e87fc92b01a072959125780a8e961d0e22854ad4b5759a963f861233a26a61ef","5a838bd9cb3edf06df288914ad5cea60b61983f29d183a1efdeb5a3c90e3295e","605a6af3e92af01a567e2c2a824bd61f7b530150eb3e79ff5ce2c554d75c5cf0","/nfs/roberts/project/pi_jss233/zc362/chrono_divide/research-evidence/multimap-v2/screen-amendment-3/cells/task-593/cell.json"
"594","24606970","hfo-tvt","cd_chrono_hecktvt.map","084d215b1ccb2a30cfb467e5f009d51b77e91c6a441ed24b4a6aef24d68c0c74","90","British","4","1","39,82","88,34","3002800090","0","candidate","candidate_win","49580","19","0","a60efffa5f321f828ce1a6b7178b4a7c31483c31","e87fc92b01a072959125780a8e961d0e22854ad4b5759a963f861233a26a61ef","5a838bd9cb3edf06df288914ad5cea60b61983f29d183a1efdeb5a3c90e3295e","d87c1b76a4307c6eabeb4215b516eda6ac9524f5dac7b9843ec2d0e4f98a8ff0","/nfs/roberts/project/pi_jss233/zc362/chrono_divide/research-evidence/multimap-v2/screen-amendment-3/cells/task-594/cell.json"
"595","24607046","hfo-tvt","cd_chrono_hecktvt.map","084d215b1ccb2a30cfb467e5f009d51b77e91c6a441ed24b4a6aef24d68c0c74","95","British","4","1","88,34","39,82","3002800095","0","candidate","candidate_win","10306","8","0","a60efffa5f321f828ce1a6b7178b4a7c31483c31","e87fc92b01a072959125780a8e961d0e22854ad4b5759a963f861233a26a61ef","5a838bd9cb3edf06df288914ad5cea60b61983f29d183a1efdeb5a3c90e3295e","adb60d5e8bfdbd5cae154ed7b24e8e9f87f08ea89a696e505b9703a5b54ce854","/nfs/roberts/project/pi_jss233/zc362/chrono_divide/research-evidence/multimap-v2/screen-amendment-3/cells/task-595/cell.json"
"596","24607124","hfo-tvt","cd_chrono_hecktvt.map","084d215b1ccb2a30cfb467e5f009d51b77e91c6a441ed24b4a6aef24d68c0c74","100","Africans","5","0","39,82","88,34","3002800100","0","opponent","baseline_win","52689","0","8","a60efffa5f321f828ce1a6b7178b4a7c31483c31","e87fc92b01a072959125780a8e961d0e22854ad4b5759a963f861233a26a61ef","5a838bd9cb3edf06df288914ad5cea60b61983f29d183a1efdeb5a3c90e3295e","29fcf5b9134acf435be9d85ec7acd3418cc4e5f1679477f0766fc176a9cb4ef1","/nfs/roberts/project/pi_jss233/zc362/chrono_divide/research-evidence/multimap-v2/screen-amendment-3/cells/task-596/cell.json"
"597","24607127","hfo-tvt","cd_chrono_hecktvt.map","084d215b1ccb2a30cfb467e5f009d51b77e91c6a441ed24b4a6aef24d68c0c74","105","Africans","5","0","88,34","39,82","3002800105","0","candidate","candidate_win","20544","11","0","a60efffa5f321f828ce1a6b7178b4a7c31483c31","e87fc92b01a072959125780a8e961d0e22854ad4b5759a963f861233a26a61ef","5a838bd9cb3edf06df288914ad5cea60b61983f29d183a1efdeb5a3c90e3295e","db3cc0ed9540eed9ae4e909702f29a1d694bbde08c0f984679ac88c4380ced12","/nfs/roberts/project/pi_jss233/zc362/chrono_divide/research-evidence/multimap-v2/screen-amendment-3/cells/task-597/cell.json"
"598","24607128","hfo-tvt","cd_chrono_hecktvt.map","084d215b1ccb2a30cfb467e5f009d51b77e91c6a441ed24b4a6aef24d68c0c74","110","Africans","5","1","39,82","88,34","3002800110","0","candidate","candidate_win","8778","6","0","a60efffa5f321f828ce1a6b7178b4a7c31483c31","e87fc92b01a072959125780a8e961d0e22854ad4b5759a963f861233a26a61ef","5a838bd9cb3edf06df288914ad5cea60b61983f29d183a1efdeb5a3c90e3295e","41d05fc13e94abfa1b09960ed27ffcc9aa3eb00265368e0ae74aa2d4685e3daf","/nfs/roberts/project/pi_jss233/zc362/chrono_divide/research-evidence/multimap-v2/screen-amendment-3/cells/task-598/cell.json"
"599","24607129","hfo-tvt","cd_chrono_hecktvt.map","084d215b1ccb2a30cfb467e5f009d51b77e91c6a441ed24b4a6aef24d68c0c74","115","Africans","5","1","88,34","39,82","3002800115","0","opponent","baseline_win","9784","0","6","a60efffa5f321f828ce1a6b7178b4a7c31483c31","e87fc92b01a072959125780a8e961d0e22854ad4b5759a963f861233a26a61ef","5a838bd9cb3edf06df288914ad5cea60b61983f29d183a1efdeb5a3c90e3295e","c2a220beefaedac190c3d188d35dadc97425aa4bcc97ce0f21f6322c4005b469","/nfs/roberts/project/pi_jss233/zc362/chrono_divide/research-evidence/multimap-v2/screen-amendment-3/cells/task-599/cell.json"
"600","24607130","hfo-tvt","cd_chrono_hecktvt.map","084d215b1ccb2a30cfb467e5f009d51b77e91c6a441ed24b4a6aef24d68c0c74","120","Arabs","6","0","39,82","88,34","3002800120","0","opponent","baseline_win","68786","0","18","a60efffa5f321f828ce1a6b7178b4a7c31483c31","e87fc92b01a072959125780a8e961d0e22854ad4b5759a963f861233a26a61ef","5a838bd9cb3edf06df288914ad5cea60b61983f29d183a1efdeb5a3c90e3295e","83c1e4652b7917080461eca624ad96d29ea3c9bb6963abb60f3ca13231988e31","/nfs/roberts/project/pi_jss233/zc362/chrono_divide/research-evidence/multimap-v2/screen-amendment-3/cells/task-600/cell.json"
"601","24607131","hfo-tvt","cd_chrono_hecktvt.map","084d215b1ccb2a30cfb467e5f009d51b77e91c6a441ed24b4a6aef24d68c0c74","125","Arabs","6","0","88,34","39,82","3002800125","0","opponent","baseline_win","72337","0","18","a60efffa5f321f828ce1a6b7178b4a7c31483c31","e87fc92b01a072959125780a8e961d0e22854ad4b5759a963f861233a26a61ef","5a838bd9cb3edf06df288914ad5cea60b61983f29d183a1efdeb5a3c90e3295e","6ce9a771faff2334b3df336fe2d91c78f5cf5ac1839066b8235d05ad5503940f","/nfs/roberts/project/pi_jss233/zc362/chrono_divide/research-evidence/multimap-v2/screen-amendment-3/cells/task-601/cell.json"
"602","24607135","hfo-tvt","cd_chrono_hecktvt.map","084d215b1ccb2a30cfb467e5f009d51b77e91c6a441ed24b4a6aef24d68c0c74","130","Arabs","6","1","39,82","88,34","3002800130","0","candidate","candidate_win","9107","6","0","a60efffa5f321f828ce1a6b7178b4a7c31483c31","e87fc92b01a072959125780a8e961d0e22854ad4b5759a963f861233a26a61ef","5a838bd9cb3edf06df288914ad5cea60b61983f29d183a1efdeb5a3c90e3295e","6219aa5cd9a52c7a9e5c09ca3ecc06ee375cf5e41f44fc4b301c582cadb2f248","/nfs/roberts/project/pi_jss233/zc362/chrono_divide/research-evidence/multimap-v2/screen-amendment-3/cells/task-602/cell.json"
"603","24607136","hfo-tvt","cd_chrono_hecktvt.map","084d215b1ccb2a30cfb467e5f009d51b77e91c6a441ed24b4a6aef24d68c0c74","135","Arabs","6","1","88,34","39,82","3002800135","0","opponent","baseline_win","29066","0","8","a60efffa5f321f828ce1a6b7178b4a7c31483c31","e87fc92b01a072959125780a8e961d0e22854ad4b5759a963f861233a26a61ef","5a838bd9cb3edf06df288914ad5cea60b61983f29d183a1efdeb5a3c90e3295e","a2e527b85fbf7ad7dbbaee3de2c2626c433e21a72eeb9e63a0416589ad3c0a48","/nfs/roberts/project/pi_jss233/zc362/chrono_divide/research-evidence/multimap-v2/screen-amendment-3/cells/task-603/cell.json"
"604","24607138","hfo-tvt","cd_chrono_hecktvt.map","084d215b1ccb2a30cfb467e5f009d51b77e91c6a441ed24b4a6aef24d68c0c74","140","Confederation","7","0","39,82","88,34","3002800140","0","candidate","candidate_win","45092","19","0","a60efffa5f321f828ce1a6b7178b4a7c31483c31","e87fc92b01a072959125780a8e961d0e22854ad4b5759a963f861233a26a61ef","5a838bd9cb3edf06df288914ad5cea60b61983f29d183a1efdeb5a3c90e3295e","011c0b763d15254f7ea8c296370e5e260f42eb5764059067da52972b6c0db80d","/nfs/roberts/project/pi_jss233/zc362/chrono_divide/research-evidence/multimap-v2/screen-amendment-3/cells/task-604/cell.json"
"605","24607139","hfo-tvt","cd_chrono_hecktvt.map","084d215b1ccb2a30cfb467e5f009d51b77e91c6a441ed24b4a6aef24d68c0c74","145","Confederation","7","0","88,34","39,82","3002800145","0","candidate","candidate_win","20397","9","0","a60efffa5f321f828ce1a6b7178b4a7c31483c31","e87fc92b01a072959125780a8e961d0e22854ad4b5759a963f861233a26a61ef","5a838bd9cb3edf06df288914ad5cea60b61983f29d183a1efdeb5a3c90e3295e","b7750bb998c3662dd1141eb623a0888582ad42947540fd1e2940bd7539476c38","/nfs/roberts/project/pi_jss233/zc362/chrono_divide/research-evidence/multimap-v2/screen-amendment-3/cells/task-605/cell.json"
"606","24607141","hfo-tvt","cd_chrono_hecktvt.map","084d215b1ccb2a30cfb467e5f009d51b77e91c6a441ed24b4a6aef24d68c0c74","150","Confederation","7","1","39,82","88,34","3002800150","0","opponent","baseline_win","67053","0","19","a60efffa5f321f828ce1a6b7178b4a7c31483c31","e87fc92b01a072959125780a8e961d0e22854ad4b5759a963f861233a26a61ef","5a838bd9cb3edf06df288914ad5cea60b61983f29d183a1efdeb5a3c90e3295e","49239335484b581786885bfb23f687909c1572922dc97e62c18b096a065be8d6","/nfs/roberts/project/pi_jss233/zc362/chrono_divide/research-evidence/multimap-v2/screen-amendment-3/cells/task-606/cell.json"
"607","24607143","hfo-tvt","cd_chrono_hecktvt.map","084d215b1ccb2a30cfb467e5f009d51b77e91c6a441ed24b4a6aef24d68c0c74","155","Confederation","7","1","88,34","39,82","3002800155","0","candidate","candidate_win","20590","11","0","a60efffa5f321f828ce1a6b7178b4a7c31483c31","e87fc92b01a072959125780a8e961d0e22854ad4b5759a963f861233a26a61ef","5a838bd9cb3edf06df288914ad5cea60b61983f29d183a1efdeb5a3c90e3295e","5d22d9caeadb7fbae0fb0ecaec780d77714cf8f3adec9834e22eb139ac7a844d","/nfs/roberts/project/pi_jss233/zc362/chrono_divide/research-evidence/multimap-v2/screen-amendment-3/cells/task-607/cell.json"
"608","24607146","hfo-tvt","cd_chrono_hecktvt.map","084d215b1ccb2a30cfb467e5f009d51b77e91c6a441ed24b4a6aef24d68c0c74","160","Russians","8","0","39,82","88,34","3002800160","0","candidate","candidate_win","39911","17","0","a60efffa5f321f828ce1a6b7178b4a7c31483c31","e87fc92b01a072959125780a8e961d0e22854ad4b5759a963f861233a26a61ef","5a838bd9cb3edf06df288914ad5cea60b61983f29d183a1efdeb5a3c90e3295e","f09ff42c0f10040d40d74615ed42667c28a4a6009151b8019d76eb0478863536","/nfs/roberts/project/pi_jss233/zc362/chrono_divide/research-evidence/multimap-v2/screen-amendment-3/cells/task-608/cell.json"
"609","24607150","hfo-tvt","cd_chrono_hecktvt.map","084d215b1ccb2a30cfb467e5f009d51b77e91c6a441ed24b4a6aef24d68c0c74","165","Russians","8","0","88,34","39,82","3002800165","0","opponent","baseline_win","9667","0","6","a60efffa5f321f828ce1a6b7178b4a7c31483c31","e87fc92b01a072959125780a8e961d0e22854ad4b5759a963f861233a26a61ef","5a838bd9cb3edf06df288914ad5cea60b61983f29d183a1efdeb5a3c90e3295e","f658d768d3e880548ca37dcedffa2c5eb9ac5c6ef6351ae845e6c990b4204f46","/nfs/roberts/project/pi_jss233/zc362/chrono_divide/research-evidence/multimap-v2/screen-amendment-3/cells/task-609/cell.json"
"610","24607152","hfo-tvt","cd_chrono_hecktvt.map","084d215b1ccb2a30cfb467e5f009d51b77e91c6a441ed24b4a6aef24d68c0c74","170","Russians","8","1","39,82","88,34","3002800170","0","opponent","baseline_win","83358","0","19","a60efffa5f321f828ce1a6b7178b4a7c31483c31","e87fc92b01a072959125780a8e961d0e22854ad4b5759a963f861233a26a61ef","5a838bd9cb3edf06df288914ad5cea60b61983f29d183a1efdeb5a3c90e3295e","a07329e4af474f4ed784b7d82ab57485036f3deb065c09c3ac6576b9bd46aca2","/nfs/roberts/project/pi_jss233/zc362/chrono_divide/research-evidence/multimap-v2/screen-amendment-3/cells/task-610/cell.json"
"611","24607153","hfo-tvt","cd_chrono_hecktvt.map","084d215b1ccb2a30cfb467e5f009d51b77e91c6a441ed24b4a6aef24d68c0c74","175","Russians","8","1","88,34","39,82","3002800175","0","candidate","candidate_win","34909","13","0","a60efffa5f321f828ce1a6b7178b4a7c31483c31","e87fc92b01a072959125780a8e961d0e22854ad4b5759a963f861233a26a61ef","5a838bd9cb3edf06df288914ad5cea60b61983f29d183a1efdeb5a3c90e3295e","8755a0f3d0c05fca96857488b7ba9af3c93e86969faa7449cac09bf9db2da2b5","/nfs/roberts/project/pi_jss233/zc362/chrono_divide/research-evidence/multimap-v2/screen-amendment-3/cells/task-611/cell.json"
"612","24607154","tour-of-egypt","cd_chrono_tourofegypt.map","2e660f22cf5ef994ca7453d14b9f68349063f9086b7c7c038f58e2067706236e","0","Americans","0","0","22,72","41,91","3002900000","0","opponent","baseline_win","6818","0","5","a60efffa5f321f828ce1a6b7178b4a7c31483c31","e87fc92b01a072959125780a8e961d0e22854ad4b5759a963f861233a26a61ef","5a838bd9cb3edf06df288914ad5cea60b61983f29d183a1efdeb5a3c90e3295e","f3db520c91a588bdabaf083477db6337764b95e78b7a21a017d9a831a8da9799","/nfs/roberts/project/pi_jss233/zc362/chrono_divide/research-evidence/multimap-v2/screen-amendment-3/cells/task-612/cell.json"
"613","24607157","tour-of-egypt","cd_chrono_tourofegypt.map","2e660f22cf5ef994ca7453d14b9f68349063f9086b7c7c038f58e2067706236e","7","Americans","0","0","41,91","72,22","3002900007","0","opponent","baseline_win","8998","0","6","a60efffa5f321f828ce1a6b7178b4a7c31483c31","e87fc92b01a072959125780a8e961d0e22854ad4b5759a963f861233a26a61ef","5a838bd9cb3edf06df288914ad5cea60b61983f29d183a1efdeb5a3c90e3295e","6e2ffa7af1a49ae72baf21ac75d1b5cb42f7f962dd8d4f676c098ac5dcdf72cc","/nfs/roberts/project/pi_jss233/zc362/chrono_divide/research-evidence/multimap-v2/screen-amendment-3/cells/task-613/cell.json"
"614","24607161","tour-of-egypt","cd_chrono_tourofegypt.map","2e660f22cf5ef994ca7453d14b9f68349063f9086b7c7c038f58e2067706236e","14","Americans","0","0","62,111","111,61","3002900014","0","opponent","baseline_win","18112","0","7","a60efffa5f321f828ce1a6b7178b4a7c31483c31","e87fc92b01a072959125780a8e961d0e22854ad4b5759a963f861233a26a61ef","5a838bd9cb3edf06df288914ad5cea60b61983f29d183a1efdeb5a3c90e3295e","ca61f8cfc7b00eb946b32030448dda3abd111562e1cd92180da2634e576b117a","/nfs/roberts/project/pi_jss233/zc362/chrono_divide/research-evidence/multimap-v2/screen-amendment-3/cells/task-614/cell.json"
"615","24607163","tour-of-egypt","cd_chrono_tourofegypt.map","2e660f22cf5ef994ca7453d14b9f68349063f9086b7c7c038f58e2067706236e","15","Americans","0","0","72,22","22,72","3002900015","0","candidate","candidate_win","10714","8","0","a60efffa5f321f828ce1a6b7178b4a7c31483c31","e87fc92b01a072959125780a8e961d0e22854ad4b5759a963f861233a26a61ef","5a838bd9cb3edf06df288914ad5cea60b61983f29d183a1efdeb5a3c90e3295e","8099998771a2bece9059c1ccbf7c2181756df4fd3299cc64d84a720ed3e664a2","/nfs/roberts/project/pi_jss233/zc362/chrono_divide/research-evidence/multimap-v2/screen-amendment-3/cells/task-615/cell.json"
"616","24607165","tour-of-egypt","cd_chrono_tourofegypt.map","2e660f22cf5ef994ca7453d14b9f68349063f9086b7c7c038f58e2067706236e","22","Americans","0","0","91,41","62,111","3002900022","0","opponent","baseline_win","10255","0","7","a60efffa5f321f828ce1a6b7178b4a7c31483c31","e87fc92b01a072959125780a8e961d0e22854ad4b5759a963f861233a26a61ef","5a838bd9cb3edf06df288914ad5cea60b61983f29d183a1efdeb5a3c90e3295e","7482a1bd63fa1bb9911baa1e3f42ce957ba8edca67ad1cd4138acc2904293691","/nfs/roberts/project/pi_jss233/zc362/chrono_divide/research-evidence/multimap-v2/screen-amendment-3/cells/task-616/cell.json"
"617","24607167","tour-of-egypt","cd_chrono_tourofegypt.map","2e660f22cf5ef994ca7453d14b9f68349063f9086b7c7c038f58e2067706236e","29","Americans","0","0","111,61","91,41","3002900029","0","opponent","baseline_win","6256","0","4","a60efffa5f321f828ce1a6b7178b4a7c31483c31","e87fc92b01a072959125780a8e961d0e22854ad4b5759a963f861233a26a61ef","5a838bd9cb3edf06df288914ad5cea60b61983f29d183a1efdeb5a3c90e3295e","755571f25af0e2f77627c50d5ff55fdd6a390a360db5e3d98b588c7db52057be","/nfs/roberts/project/pi_jss233/zc362/chrono_divide/research-evidence/multimap-v2/screen-amendment-3/cells/task-617/cell.json"
"618","24607168","tour-of-egypt","cd_chrono_tourofegypt.map","2e660f22cf5ef994ca7453d14b9f68349063f9086b7c7c038f58e2067706236e","30","Americans","0","1","22,72","41,91","3002900030","0","candidate","candidate_win","8770","6","0","a60efffa5f321f828ce1a6b7178b4a7c31483c31","e87fc92b01a072959125780a8e961d0e22854ad4b5759a963f861233a26a61ef","5a838bd9cb3edf06df288914ad5cea60b61983f29d183a1efdeb5a3c90e3295e","fbe2080a091fb242145318a46f7e9a7310fbe5a93e2a54cd45008a102f4ca771","/nfs/roberts/project/pi_jss233/zc362/chrono_divide/research-evidence/multimap-v2/screen-amendment-3/cells/task-618/cell.json"
"619","24607169","tour-of-egypt","cd_chrono_tourofegypt.map","2e660f22cf5ef994ca7453d14b9f68349063f9086b7c7c038f58e2067706236e","37","Americans","0","1","41,91","72,22","3002900037","0","opponent","baseline_win","8505","0","6","a60efffa5f321f828ce1a6b7178b4a7c31483c31","e87fc92b01a072959125780a8e961d0e22854ad4b5759a963f861233a26a61ef","5a838bd9cb3edf06df288914ad5cea60b61983f29d183a1efdeb5a3c90e3295e","bf1060ca7601983d4aa7db71e7f94369f7705d18664b682c060548f1154f1f73","/nfs/roberts/project/pi_jss233/zc362/chrono_divide/research-evidence/multimap-v2/screen-amendment-3/cells/task-619/cell.json"
"620","24607170","tour-of-egypt","cd_chrono_tourofegypt.map","2e660f22cf5ef994ca7453d14b9f68349063f9086b7c7c038f58e2067706236e","44","Americans","0","1","62,111","111,61","3002900044","0","candidate","candidate_win","10043","8","0","a60efffa5f321f828ce1a6b7178b4a7c31483c31","e87fc92b01a072959125780a8e961d0e22854ad4b5759a963f861233a26a61ef","5a838bd9cb3edf06df288914ad5cea60b61983f29d183a1efdeb5a3c90e3295e","f71758c4c6b8fb3b41b37896ebe6845f9d3e285a115e6bc5b93e284df8df3ae3","/nfs/roberts/project/pi_jss233/zc362/chrono_divide/research-evidence/multimap-v2/screen-amendment-3/cells/task-620/cell.json"
"621","24607171","tour-of-egypt","cd_chrono_tourofegypt.map","2e660f22cf5ef994ca7453d14b9f68349063f9086b7c7c038f58e2067706236e","45","Americans","0","1","72,22","22,72","3002900045","0","candidate","candidate_win","9598","7","0","a60efffa5f321f828ce1a6b7178b4a7c31483c31","e87fc92b01a072959125780a8e961d0e22854ad4b5759a963f861233a26a61ef","5a838bd9cb3edf06df288914ad5cea60b61983f29d183a1efdeb5a3c90e3295e","a3a9d577abf8b889bb942b8f7cd5c5ae50bc0d08a21212fbeb29dd907265a627","/nfs/roberts/project/pi_jss233/zc362/chrono_divide/research-evidence/multimap-v2/screen-amendment-3/cells/task-621/cell.json"
"622","24607172","tour-of-egypt","cd_chrono_tourofegypt.map","2e660f22cf5ef994ca7453d14b9f68349063f9086b7c7c038f58e2067706236e","52","Americans","0","1","91,41","62,111","3002900052","0","opponent","baseline_win","79582","0","18","a60efffa5f321f828ce1a6b7178b4a7c31483c31","e87fc92b01a072959125780a8e961d0e22854ad4b5759a963f861233a26a61ef","5a838bd9cb3edf06df288914ad5cea60b61983f29d183a1efdeb5a3c90e3295e","83e2589c9860a77777c1ab9e78985fcf3a926353dd8fc85adc617179770e46be","/nfs/roberts/project/pi_jss233/zc362/chrono_divide/research-evidence/multimap-v2/screen-amendment-3/cells/task-622/cell.json"
"623","24607175","tour-of-egypt","cd_chrono_tourofegypt.map","2e660f22cf5ef994ca7453d14b9f68349063f9086b7c7c038f58e2067706236e","59","Americans","0","1","111,61","91,41","3002900059","0","opponent","baseline_win","16648","0","7","a60efffa5f321f828ce1a6b7178b4a7c31483c31","e87fc92b01a072959125780a8e961d0e22854ad4b5759a963f861233a26a61ef","5a838bd9cb3edf06df288914ad5cea60b61983f29d183a1efdeb5a3c90e3295e","b45cf96334ea52edd9ddc549e3f2ec30ca734d3c50c40b724ab9742082805f03","/nfs/roberts/project/pi_jss233/zc362/chrono_divide/research-evidence/multimap-v2/screen-amendment-3/cells/task-623/cell.json"
"624","24607176","tour-of-egypt","cd_chrono_tourofegypt.map","2e660f22cf5ef994ca7453d14b9f68349063f9086b7c7c038f58e2067706236e","62","Alliance","1","0","22,72","72,22","3002900062","0","opponent","baseline_win","11952","0","5","a60efffa5f321f828ce1a6b7178b4a7c31483c31","e87fc92b01a072959125780a8e961d0e22854ad4b5759a963f861233a26a61ef","5a838bd9cb3edf06df288914ad5cea60b61983f29d183a1efdeb5a3c90e3295e","d4ae07f6ce0041dad6a9c9c1964948969981023678e53f736abdf5cbd82915f6","/nfs/roberts/project/pi_jss233/zc362/chrono_divide/research-evidence/multimap-v2/screen-amendment-3/cells/task-624/cell.json"
"625","24607179","tour-of-egypt","cd_chrono_tourofegypt.map","2e660f22cf5ef994ca7453d14b9f68349063f9086b7c7c038f58e2067706236e","65","Alliance","1","0","41,91","22,72","3002900065","0","opponent","baseline_win","5686","0","4","a60efffa5f321f828ce1a6b7178b4a7c31483c31","e87fc92b01a072959125780a8e961d0e22854ad4b5759a963f861233a26a61ef","5a838bd9cb3edf06df288914ad5cea60b61983f29d183a1efdeb5a3c90e3295e","6785b79f68f473c547ba99609356a5f923e85a98feea55fdc425ca026c2b7d77","/nfs/roberts/project/pi_jss233/zc362/chrono_divide/research-evidence/multimap-v2/screen-amendment-3/cells/task-625/cell.json"
"626","24607181","tour-of-egypt","cd_chrono_tourofegypt.map","2e660f22cf5ef994ca7453d14b9f68349063f9086b7c7c038f58e2067706236e","73","Alliance","1","0","62,111","91,41","3002900073","0","candidate","candidate_win","20060","11","0","a60efffa5f321f828ce1a6b7178b4a7c31483c31","e87fc92b01a072959125780a8e961d0e22854ad4b5759a963f861233a26a61ef","5a838bd9cb3edf06df288914ad5cea60b61983f29d183a1efdeb5a3c90e3295e","f6602b9c5fb6c755fa0e3768d9a567477bda562fa0757f6573186b9d44eed9fa","/nfs/roberts/project/pi_jss233/zc362/chrono_divide/research-evidence/multimap-v2/screen-amendment-3/cells/task-626/cell.json"
"627","24607182","tour-of-egypt","cd_chrono_tourofegypt.map","2e660f22cf5ef994ca7453d14b9f68349063f9086b7c7c038f58e2067706236e","76","Alliance","1","0","72,22","41,91","3002900076","0","candidate","candidate_win","11974","8","0","a60efffa5f321f828ce1a6b7178b4a7c31483c31","e87fc92b01a072959125780a8e961d0e22854ad4b5759a963f861233a26a61ef","5a838bd9cb3edf06df288914ad5cea60b61983f29d183a1efdeb5a3c90e3295e","856386dc669dcb0485c792b1b1c3f7b71a82ca25fd60d749943348b5d6af8d95","/nfs/roberts/project/pi_jss233/zc362/chrono_divide/research-evidence/multimap-v2/screen-amendment-3/cells/task-627/cell.json"
"628","24607184","tour-of-egypt","cd_chrono_tourofegypt.map","2e660f22cf5ef994ca7453d14b9f68349063f9086b7c7c038f58e2067706236e","84","Alliance","1","0","91,41","111,61","3002900084","0","opponent","baseline_win","10174","0","5","a60efffa5f321f828ce1a6b7178b4a7c31483c31","e87fc92b01a072959125780a8e961d0e22854ad4b5759a963f861233a26a61ef","5a838bd9cb3edf06df288914ad5cea60b61983f29d183a1efdeb5a3c90e3295e","b5a734fbb8063d1100c40ed1bfe066e8295ffe0c4f67080ab03a868d74b19702","/nfs/roberts/project/pi_jss233/zc362/chrono_divide/research-evidence/multimap-v2/screen-amendment-3/cells/task-628/cell.json"
"629","24607186","tour-of-egypt","cd_chrono_tourofegypt.map","2e660f22cf5ef994ca7453d14b9f68349063f9086b7c7c038f58e2067706236e","87","Alliance","1","0","111,61","62,111","3002900087","0","candidate","candidate_win","7126","7","0","a60efffa5f321f828ce1a6b7178b4a7c31483c31","e87fc92b01a072959125780a8e961d0e22854ad4b5759a963f861233a26a61ef","5a838bd9cb3edf06df288914ad5cea60b61983f29d183a1efdeb5a3c90e3295e","537171c2c3d1cc0de47cae57a11b23e08294f49304e81322da030a0eb728ae80","/nfs/roberts/project/pi_jss233/zc362/chrono_divide/research-evidence/multimap-v2/screen-amendment-3/cells/task-629/cell.json"
"630","24607187","tour-of-egypt","cd_chrono_tourofegypt.map","2e660f22cf5ef994ca7453d14b9f68349063f9086b7c7c038f58e2067706236e","92","Alliance","1","1","22,72","72,22","3002900092","0","opponent","baseline_win","9622","0","5","a60efffa5f321f828ce1a6b7178b4a7c31483c31","e87fc92b01a072959125780a8e961d0e22854ad4b5759a963f861233a26a61ef","5a838bd9cb3edf06df288914ad5cea60b61983f29d183a1efdeb5a3c90e3295e","baacdae6297c4d8059d5cad263a20aed030d833c8d144b5ddfd2b86856a8470c","/nfs/roberts/project/pi_jss233/zc362/chrono_divide/research-evidence/multimap-v2/screen-amendment-3/cells/task-630/cell.json"
"631","24607188","tour-of-egypt","cd_chrono_tourofegypt.map","2e660f22cf5ef994ca7453d14b9f68349063f9086b7c7c038f58e2067706236e","95","Alliance","1","1","41,91","22,72","3002900095","0","opponent","baseline_win","5740","0","4","a60efffa5f321f828ce1a6b7178b4a7c31483c31","e87fc92b01a072959125780a8e961d0e22854ad4b5759a963f861233a26a61ef","5a838bd9cb3edf06df288914ad5cea60b61983f29d183a1efdeb5a3c90e3295e","ac55785ca2abd0de39a65cc9701851948215516e19ac47b33d6f72dbd0dec479","/nfs/roberts/project/pi_jss233/zc362/chrono_divide/research-evidence/multimap-v2/screen-amendment-3/cells/task-631/cell.json"
"632","24607191","tour-of-egypt","cd_chrono_tourofegypt.map","2e660f22cf5ef994ca7453d14b9f68349063f9086b7c7c038f58e2067706236e","103","Alliance","1","1","62,111","91,41","3002900103","0","candidate","candidate_win","20632","11","0","a60efffa5f321f828ce1a6b7178b4a7c31483c31","e87fc92b01a072959125780a8e961d0e22854ad4b5759a963f861233a26a61ef","5a838bd9cb3edf06df288914ad5cea60b61983f29d183a1efdeb5a3c90e3295e","952e0ab97a43f25e4356a8b6cd38e3ea854a22e46f79f2391bba42b32f0eefd4","/nfs/roberts/project/pi_jss233/zc362/chrono_divide/research-evidence/multimap-v2/screen-amendment-3/cells/task-632/cell.json"
"633","24607192","tour-of-egypt","cd_chrono_tourofegypt.map","2e660f22cf5ef994ca7453d14b9f68349063f9086b7c7c038f58e2067706236e","106","Alliance","1","1","72,22","41,91","3002900106","0","candidate","candidate_win","23100","7","0","a60efffa5f321f828ce1a6b7178b4a7c31483c31","e87fc92b01a072959125780a8e961d0e22854ad4b5759a963f861233a26a61ef","5a838bd9cb3edf06df288914ad5cea60b61983f29d183a1efdeb5a3c90e3295e","903aa2ea8966782983bf6418cf768d5e4c9c83717d51cb8ce6d873d67a560fc3","/nfs/roberts/project/pi_jss233/zc362/chrono_divide/research-evidence/multimap-v2/screen-amendment-3/cells/task-633/cell.json"
"634","24607378","tour-of-egypt","cd_chrono_tourofegypt.map","2e660f22cf5ef994ca7453d14b9f68349063f9086b7c7c038f58e2067706236e","114","Alliance","1","1","91,41","111,61","3002900114","0","opponent","baseline_win","7701","0","5","a60efffa5f321f828ce1a6b7178b4a7c31483c31","e87fc92b01a072959125780a8e961d0e22854ad4b5759a963f861233a26a61ef","5a838bd9cb3edf06df288914ad5cea60b61983f29d183a1efdeb5a3c90e3295e","af27f4902a08e14d65547b86bb4e431a96c6bebf47723d4c56a02f70754ccfcf","/nfs/roberts/project/pi_jss233/zc362/chrono_divide/research-evidence/multimap-v2/screen-amendment-3/cells/task-634/cell.json"
"635","24607379","tour-of-egypt","cd_chrono_tourofegypt.map","2e660f22cf5ef994ca7453d14b9f68349063f9086b7c7c038f58e2067706236e","117","Alliance","1","1","111,61","62,111","3002900117","0","candidate","candidate_win","7127","7","0","a60efffa5f321f828ce1a6b7178b4a7c31483c31","e87fc92b01a072959125780a8e961d0e22854ad4b5759a963f861233a26a61ef","5a838bd9cb3edf06df288914ad5cea60b61983f29d183a1efdeb5a3c90e3295e","039290bdfb1d2011a4312960d616d79737fe2749fee0caacf3c1f7500cfca19b","/nfs/roberts/project/pi_jss233/zc362/chrono_divide/research-evidence/multimap-v2/screen-amendment-3/cells/task-635/cell.json"
"636","24607385","tour-of-egypt","cd_chrono_tourofegypt.map","2e660f22cf5ef994ca7453d14b9f68349063f9086b7c7c038f58e2067706236e","121","French","2","0","22,72","62,111","3002900121","0","opponent","baseline_win","7517","0","5","a60efffa5f321f828ce1a6b7178b4a7c31483c31","e87fc92b01a072959125780a8e961d0e22854ad4b5759a963f861233a26a61ef","5a838bd9cb3edf06df288914ad5cea60b61983f29d183a1efdeb5a3c90e3295e","e44e5e973bbcd2fc7368687b9a49d9d7878d5af3003ab9b49b0462b772ca164a","/nfs/roberts/project/pi_jss233/zc362/chrono_divide/research-evidence/multimap-v2/screen-amendment-3/cells/task-636/cell.json"
"637","24607386","tour-of-egypt","cd_chrono_tourofegypt.map","2e660f22cf5ef994ca7453d14b9f68349063f9086b7c7c038f58e2067706236e","125","French","2","0","41,91","22,72","3002900125","0","opponent","baseline_win","6074","0","4","a60efffa5f321f828ce1a6b7178b4a7c31483c31","e87fc92b01a072959125780a8e961d0e22854ad4b5759a963f861233a26a61ef","5a838bd9cb3edf06df288914ad5cea60b61983f29d183a1efdeb5a3c90e3295e","d883cb40f43a47d5d0e7a224cb96e9806ed37105583839cf8a6706c90371a68e","/nfs/roberts/project/pi_jss233/zc362/chrono_divide/research-evidence/multimap-v2/screen-amendment-3/cells/task-637/cell.json"
"638","24607391","tour-of-egypt","cd_chrono_tourofegypt.map","2e660f22cf5ef994ca7453d14b9f68349063f9086b7c7c038f58e2067706236e","131","French","2","0","62,111","41,91","3002900131","0","opponent","baseline_win","6250","0","5","a60efffa5f321f828ce1a6b7178b4a7c31483c31","e87fc92b01a072959125780a8e961d0e22854ad4b5759a963f861233a26a61ef","5a838bd9cb3edf06df288914ad5cea60b61983f29d183a1efdeb5a3c90e3295e","c5d89d659817a76261b48a50862bc2901c08a5a55bdc8b2dd16b3276b3dcfa1f","/nfs/roberts/project/pi_jss233/zc362/chrono_divide/research-evidence/multimap-v2/screen-amendment-3/cells/task-638/cell.json"
"639","24607392","tour-of-egypt","cd_chrono_tourofegypt.map","2e660f22cf5ef994ca7453d14b9f68349063f9086b7c7c038f58e2067706236e","138","French","2","0","72,22","91,41","3002900138","0","opponent","baseline_win","7840","0","5","a60efffa5f321f828ce1a6b7178b4a7c31483c31","e87fc92b01a072959125780a8e961d0e22854ad4b5759a963f861233a26a61ef","5a838bd9cb3edf06df288914ad5cea60b61983f29d183a1efdeb5a3c90e3295e","5521aa5e7106b52f730e0a4e38a63f74c3bb7c7b3a880e21503c60f696a4c113","/nfs/roberts/project/pi_jss233/zc362/chrono_divide/research-evidence/multimap-v2/screen-amendment-3/cells/task-639/cell.json"
"640","24607396","tour-of-egypt","cd_chrono_tourofegypt.map","2e660f22cf5ef994ca7453d14b9f68349063f9086b7c7c038f58e2067706236e","144","French","2","0","91,41","111,61","3002900144","0","opponent","baseline_win","8062","0","5","a60efffa5f321f828ce1a6b7178b4a7c31483c31","e87fc92b01a072959125780a8e961d0e22854ad4b5759a963f861233a26a61ef","5a838bd9cb3edf06df288914ad5cea60b61983f29d183a1efdeb5a3c90e3295e","446df4afd8d61a6bcf537f802e9c1a8b30d95792aeef9c59c7029a90fe3a26ec","/nfs/roberts/project/pi_jss233/zc362/chrono_divide/research-evidence/multimap-v2/screen-amendment-3/cells/task-640/cell.json"
"641","24607399","tour-of-egypt","cd_chrono_tourofegypt.map","2e660f22cf5ef994ca7453d14b9f68349063f9086b7c7c038f58e2067706236e","148","French","2","0","111,61","72,22","3002900148","0","opponent","baseline_win","18646","0","7","a60efffa5f321f828ce1a6b7178b4a7c31483c31","e87fc92b01a072959125780a8e961d0e22854ad4b5759a963f861233a26a61ef","5a838bd9cb3edf06df288914ad5cea60b61983f29d183a1efdeb5a3c90e3295e","eb23500f30efacfaa83716ff86589e2365d4adc1399d78685295fd36732801a0","/nfs/roberts/project/pi_jss233/zc362/chrono_divide/research-evidence/multimap-v2/screen-amendment-3/cells/task-641/cell.json"
"642","24607400","tour-of-egypt","cd_chrono_tourofegypt.map","2e660f22cf5ef994ca7453d14b9f68349063f9086b7c7c038f58e2067706236e","151","French","2","1","22,72","62,111","3002900151","0","opponent","baseline_win","7900","0","5","a60efffa5f321f828ce1a6b7178b4a7c31483c31","e87fc92b01a072959125780a8e961d0e22854ad4b5759a963f861233a26a61ef","5a838bd9cb3edf06df288914ad5cea60b61983f29d183a1efdeb5a3c90e3295e","72cff5c3bdfbcddba8685ecd6237602cdc6a4e6f69a545422bf9c83df7d927c2","/nfs/roberts/project/pi_jss233/zc362/chrono_divide/research-evidence/multimap-v2/screen-amendment-3/cells/task-642/cell.json"
"643","24607401","tour-of-egypt","cd_chrono_tourofegypt.map","2e660f22cf5ef994ca7453d14b9f68349063f9086b7c7c038f58e2067706236e","155","French","2","1","41,91","22,72","3002900155","0","opponent","baseline_win","6268","0","4","a60efffa5f321f828ce1a6b7178b4a7c31483c31","e87fc92b01a072959125780a8e961d0e22854ad4b5759a963f861233a26a61ef","5a838bd9cb3edf06df288914ad5cea60b61983f29d183a1efdeb5a3c90e3295e","0d165ae98562fcc51aadc6c07a94ff55a95a4b9815b3c38321dd18938066a627","/nfs/roberts/project/pi_jss233/zc362/chrono_divide/research-evidence/multimap-v2/screen-amendment-3/cells/task-643/cell.json"
"644","24607403","tour-of-egypt","cd_chrono_tourofegypt.map","2e660f22cf5ef994ca7453d14b9f68349063f9086b7c7c038f58e2067706236e","161","French","2","1","62,111","41,91","3002900161","0","opponent","baseline_win","17932","0","5","a60efffa5f321f828ce1a6b7178b4a7c31483c31","e87fc92b01a072959125780a8e961d0e22854ad4b5759a963f861233a26a61ef","5a838bd9cb3edf06df288914ad5cea60b61983f29d183a1efdeb5a3c90e3295e","e14803235a4d60003f9b018031bf8e1f856b7248a79e01f604e4aa1c01041e23","/nfs/roberts/project/pi_jss233/zc362/chrono_divide/research-evidence/multimap-v2/screen-amendment-3/cells/task-644/cell.json"
"645","24607406","tour-of-egypt","cd_chrono_tourofegypt.map","2e660f22cf5ef994ca7453d14b9f68349063f9086b7c7c038f58e2067706236e","168","French","2","1","72,22","91,41","3002900168","0","opponent","baseline_win","8165","0","5","a60efffa5f321f828ce1a6b7178b4a7c31483c31","e87fc92b01a072959125780a8e961d0e22854ad4b5759a963f861233a26a61ef","5a838bd9cb3edf06df288914ad5cea60b61983f29d183a1efdeb5a3c90e3295e","752dcc37d505e17acbacd8d56ae9e3e815b85828e16eac1fac3f3666c4b7e433","/nfs/roberts/project/pi_jss233/zc362/chrono_divide/research-evidence/multimap-v2/screen-amendment-3/cells/task-645/cell.json"
"646","24607408","tour-of-egypt","cd_chrono_tourofegypt.map","2e660f22cf5ef994ca7453d14b9f68349063f9086b7c7c038f58e2067706236e","174","French","2","1","91,41","111,61","3002900174","0","opponent","baseline_win","7852","0","5","a60efffa5f321f828ce1a6b7178b4a7c31483c31","e87fc92b01a072959125780a8e961d0e22854ad4b5759a963f861233a26a61ef","5a838bd9cb3edf06df288914ad5cea60b61983f29d183a1efdeb5a3c90e3295e","8d032972cbdef62db1bfe74b3c3197a81fd50cd0aa87fefaf4b7ddc31a98fb5a","/nfs/roberts/project/pi_jss233/zc362/chrono_divide/research-evidence/multimap-v2/screen-amendment-3/cells/task-646/cell.json"
"647","24607409","tour-of-egypt","cd_chrono_tourofegypt.map","2e660f22cf5ef994ca7453d14b9f68349063f9086b7c7c038f58e2067706236e","178","French","2","1","111,61","72,22","3002900178","0","candidate","candidate_win","11834","7","0","a60efffa5f321f828ce1a6b7178b4a7c31483c31","e87fc92b01a072959125780a8e961d0e22854ad4b5759a963f861233a26a61ef","5a838bd9cb3edf06df288914ad5cea60b61983f29d183a1efdeb5a3c90e3295e","7cf94419fd69ec208c5145d137aa7dc4342a393ce4b9fa311c016ff038f882da","/nfs/roberts/project/pi_jss233/zc362/chrono_divide/research-evidence/multimap-v2/screen-amendment-3/cells/task-647/cell.json"
"648","24607410","tour-of-egypt","cd_chrono_tourofegypt.map","2e660f22cf5ef994ca7453d14b9f68349063f9086b7c7c038f58e2067706236e","182","Germans","3","0","22,72","72,22","3002900182","0","opponent","baseline_win","17476","0","7","a60efffa5f321f828ce1a6b7178b4a7c31483c31","e87fc92b01a072959125780a8e961d0e22854ad4b5759a963f861233a26a61ef","5a838bd9cb3edf06df288914ad5cea60b61983f29d183a1efdeb5a3c90e3295e","7d0d29ce9e5b450c17866ef060efe96643405960be0b9cfdc32477f612fe7b28","/nfs/roberts/project/pi_jss233/zc362/chrono_divide/research-evidence/multimap-v2/screen-amendment-3/cells/task-648/cell.json"
"649","24607411","tour-of-egypt","cd_chrono_tourofegypt.map","2e660f22cf5ef994ca7453d14b9f68349063f9086b7c7c038f58e2067706236e","189","Germans","3","0","41,91","111,61","3002900189","0","opponent","baseline_win","10450","0","6","a60efffa5f321f828ce1a6b7178b4a7c31483c31","e87fc92b01a072959125780a8e961d0e22854ad4b5759a963f861233a26a61ef","5a838bd9cb3edf06df288914ad5cea60b61983f29d183a1efdeb5a3c90e3295e","d237e0c43d8e5362d8216177e706399df02791988f72228ea18d7e2f9645b885","/nfs/roberts/project/pi_jss233/zc362/chrono_divide/research-evidence/multimap-v2/screen-amendment-3/cells/task-649/cell.json"
"650","24607413","tour-of-egypt","cd_chrono_tourofegypt.map","2e660f22cf5ef994ca7453d14b9f68349063f9086b7c7c038f58e2067706236e","193","Germans","3","0","62,111","91,41","3002900193","0","opponent","baseline_win","19203","0","7","a60efffa5f321f828ce1a6b7178b4a7c31483c31","e87fc92b01a072959125780a8e961d0e22854ad4b5759a963f861233a26a61ef","5a838bd9cb3edf06df288914ad5cea60b61983f29d183a1efdeb5a3c90e3295e","1d450fa943c34458c52b8e9755923b32ea38cc5cda0679eedadf97ed18fcfa52","/nfs/roberts/project/pi_jss233/zc362/chrono_divide/research-evidence/multimap-v2/screen-amendment-3/cells/task-650/cell.json"
"651","24607414","tour-of-egypt","cd_chrono_tourofegypt.map","2e660f22cf5ef994ca7453d14b9f68349063f9086b7c7c038f58e2067706236e","197","Germans","3","0","72,22","62,111","3002900197","0","opponent","baseline_win","20230","0","7","a60efffa5f321f828ce1a6b7178b4a7c31483c31","e87fc92b01a072959125780a8e961d0e22854ad4b5759a963f861233a26a61ef","5a838bd9cb3edf06df288914ad5cea60b61983f29d183a1efdeb5a3c90e3295e","fe59edd9ee474e2f52837fc3ec22ec8450c6a20e75175f5636fed07f7046bc38","/nfs/roberts/project/pi_jss233/zc362/chrono_divide/research-evidence/multimap-v2/screen-amendment-3/cells/task-651/cell.json"
"652","24607415","tour-of-egypt","cd_chrono_tourofegypt.map","2e660f22cf5ef994ca7453d14b9f68349063f9086b7c7c038f58e2067706236e","201","Germans","3","0","91,41","41,91","3002900201","0","opponent","baseline_win","56175","0","18","a60efffa5f321f828ce1a6b7178b4a7c31483c31","e87fc92b01a072959125780a8e961d0e22854ad4b5759a963f861233a26a61ef","5a838bd9cb3edf06df288914ad5cea60b61983f29d183a1efdeb5a3c90e3295e","1491db92425c60bce377fb4a6455f9b5edcae3c94a318cecf5cd7ffec5658655","/nfs/roberts/project/pi_jss233/zc362/chrono_divide/research-evidence/multimap-v2/screen-amendment-3/cells/task-652/cell.json"
"653","24607416","tour-of-egypt","cd_chrono_tourofegypt.map","2e660f22cf5ef994ca7453d14b9f68349063f9086b7c7c038f58e2067706236e","205","Germans","3","0","111,61","22,72","3002900205","0","opponent","baseline_win","20596","0","7","a60efffa5f321f828ce1a6b7178b4a7c31483c31","e87fc92b01a072959125780a8e961d0e22854ad4b5759a963f861233a26a61ef","5a838bd9cb3edf06df288914ad5cea60b61983f29d183a1efdeb5a3c90e3295e","7db91df8ce972560ad0f76c83e8dbb0c1e3ad5691b79ba5ef0bd31602b657837","/nfs/roberts/project/pi_jss233/zc362/chrono_divide/research-evidence/multimap-v2/screen-amendment-3/cells/task-653/cell.json"
"654","24607417","tour-of-egypt","cd_chrono_tourofegypt.map","2e660f22cf5ef994ca7453d14b9f68349063f9086b7c7c038f58e2067706236e","212","Germans","3","1","22,72","72,22","3002900212","0","candidate","candidate_win","32766","18","0","a60efffa5f321f828ce1a6b7178b4a7c31483c31","e87fc92b01a072959125780a8e961d0e22854ad4b5759a963f861233a26a61ef","5a838bd9cb3edf06df288914ad5cea60b61983f29d183a1efdeb5a3c90e3295e","8738d58326f2cae2125e98ffe647736212808b33c12db1e09661bc11180b038f","/nfs/roberts/project/pi_jss233/zc362/chrono_divide/research-evidence/multimap-v2/screen-amendment-3/cells/task-654/cell.json"
"655","24607418","tour-of-egypt","cd_chrono_tourofegypt.map","2e660f22cf5ef994ca7453d14b9f68349063f9086b7c7c038f58e2067706236e","219","Germans","3","1","41,91","111,61","3002900219","0","candidate","candidate_win","34030","19","0","a60efffa5f321f828ce1a6b7178b4a7c31483c31","e87fc92b01a072959125780a8e961d0e22854ad4b5759a963f861233a26a61ef","5a838bd9cb3edf06df288914ad5cea60b61983f29d183a1efdeb5a3c90e3295e","2f97002ab25d9ea11c3f8e868429a1ee3f19ab95f1fca5aea2683d00c85a5e77","/nfs/roberts/project/pi_jss233/zc362/chrono_divide/research-evidence/multimap-v2/screen-amendment-3/cells/task-655/cell.json"
"656","24607419","tour-of-egypt","cd_chrono_tourofegypt.map","2e660f22cf5ef994ca7453d14b9f68349063f9086b7c7c038f58e2067706236e","223","Germans","3","1","62,111","91,41","3002900223","0","candidate","candidate_win","20240","11","0","a60efffa5f321f828ce1a6b7178b4a7c31483c31","e87fc92b01a072959125780a8e961d0e22854ad4b5759a963f861233a26a61ef","5a838bd9cb3edf06df288914ad5cea60b61983f29d183a1efdeb5a3c90e3295e","2e19da461eaa47f978eae538b95f4e7fdf2a8e71d66be63420287a119f200849","/nfs/roberts/project/pi_jss233/zc362/chrono_divide/research-evidence/multimap-v2/screen-amendment-3/cells/task-656/cell.json"
"657","24607420","tour-of-egypt","cd_chrono_tourofegypt.map","2e660f22cf5ef994ca7453d14b9f68349063f9086b7c7c038f58e2067706236e","227","Germans","3","1","72,22","62,111","3002900227","0","candidate","candidate_win","22909","9","0","a60efffa5f321f828ce1a6b7178b4a7c31483c31","e87fc92b01a072959125780a8e961d0e22854ad4b5759a963f861233a26a61ef","5a838bd9cb3edf06df288914ad5cea60b61983f29d183a1efdeb5a3c90e3295e","1bcd3368451ff624694720d8eb2e8a33602fd090956a418c436577b43b5314a3","/nfs/roberts/project/pi_jss233/zc362/chrono_divide/research-evidence/multimap-v2/screen-amendment-3/cells/task-657/cell.json"
"658","24607422","tour-of-egypt","cd_chrono_tourofegypt.map","2e660f22cf5ef994ca7453d14b9f68349063f9086b7c7c038f58e2067706236e","231","Germans","3","1","91,41","41,91","3002900231","0","candidate","candidate_win","36866","20","0","a60efffa5f321f828ce1a6b7178b4a7c31483c31","e87fc92b01a072959125780a8e961d0e22854ad4b5759a963f861233a26a61ef","5a838bd9cb3edf06df288914ad5cea60b61983f29d183a1efdeb5a3c90e3295e","055d5d52ab1de6b283ffa0c58892dc3f011aa87fa1134adf7f0700cac4b8abb9","/nfs/roberts/project/pi_jss233/zc362/chrono_divide/research-evidence/multimap-v2/screen-amendment-3/cells/task-658/cell.json"
"659","24607425","tour-of-egypt","cd_chrono_tourofegypt.map","2e660f22cf5ef994ca7453d14b9f68349063f9086b7c7c038f58e2067706236e","235","Germans","3","1","111,61","22,72","3002900235","0","opponent","baseline_win","17204","0","7","a60efffa5f321f828ce1a6b7178b4a7c31483c31","e87fc92b01a072959125780a8e961d0e22854ad4b5759a963f861233a26a61ef","5a838bd9cb3edf06df288914ad5cea60b61983f29d183a1efdeb5a3c90e3295e","b051535cb7738ae6bfb7bc8bab6b407e835ee51c3dc3f6fd3a17f21e97c29ff6","/nfs/roberts/project/pi_jss233/zc362/chrono_divide/research-evidence/multimap-v2/screen-amendment-3/cells/task-659/cell.json"
"660","24607426","tour-of-egypt","cd_chrono_tourofegypt.map","2e660f22cf5ef994ca7453d14b9f68349063f9086b7c7c038f58e2067706236e","243","British","4","0","22,72","91,41","3002900243","0","candidate","candidate_win","15910","8","0","a60efffa5f321f828ce1a6b7178b4a7c31483c31","e87fc92b01a072959125780a8e961d0e22854ad4b5759a963f861233a26a61ef","5a838bd9cb3edf06df288914ad5cea60b61983f29d183a1efdeb5a3c90e3295e","87a1d05977cee6f00dbda73a600b24feea1f58a890571f715d847e70078ed4c7","/nfs/roberts/project/pi_jss233/zc362/chrono_divide/research-evidence/multimap-v2/screen-amendment-3/cells/task-660/cell.json"
"661","24607427","tour-of-egypt","cd_chrono_tourofegypt.map","2e660f22cf5ef994ca7453d14b9f68349063f9086b7c7c038f58e2067706236e","246","British","4","0","41,91","62,111","3002900246","0","opponent","baseline_win","5683","0","4","a60efffa5f321f828ce1a6b7178b4a7c31483c31","e87fc92b01a072959125780a8e961d0e22854ad4b5759a963f861233a26a61ef","5a838bd9cb3edf06df288914ad5cea60b61983f29d183a1efdeb5a3c90e3295e","22d4dea036d42fce7c86db1d4305f0240272ac21803a5245aac8c112631b7df9","/nfs/roberts/project/pi_jss233/zc362/chrono_divide/research-evidence/multimap-v2/screen-amendment-3/cells/task-661/cell.json"
"662","24607429","tour-of-egypt","cd_chrono_tourofegypt.map","2e660f22cf5ef994ca7453d14b9f68349063f9086b7c7c038f58e2067706236e","250","British","4","0","62,111","22,72","3002900250","0","opponent","baseline_win","6596","0","5","a60efffa5f321f828ce1a6b7178b4a7c31483c31","e87fc92b01a072959125780a8e961d0e22854ad4b5759a963f861233a26a61ef","5a838bd9cb3edf06df288914ad5cea60b61983f29d183a1efdeb5a3c90e3295e","4b3dea791fafe6d00b0d6e0633c9abf026aa0c55b95546990688e49584cfa7e0","/nfs/roberts/project/pi_jss233/zc362/chrono_divide/research-evidence/multimap-v2/screen-amendment-3/cells/task-662/cell.json"
"663","24607430","tour-of-egypt","cd_chrono_tourofegypt.map","2e660f22cf5ef994ca7453d14b9f68349063f9086b7c7c038f58e2067706236e","259","British","4","0","72,22","111,61","3002900259","0","opponent","baseline_win","19501","0","7","a60efffa5f321f828ce1a6b7178b4a7c31483c31","e87fc92b01a072959125780a8e961d0e22854ad4b5759a963f861233a26a61ef","5a838bd9cb3edf06df288914ad5cea60b61983f29d183a1efdeb5a3c90e3295e","ed28d67bee1c2e17360fac5bc92d3f3e327010af4eea3ccf2c15b40beacedfee","/nfs/roberts/project/pi_jss233/zc362/chrono_divide/research-evidence/multimap-v2/screen-amendment-3/cells/task-663/cell.json"
"664","24607431","tour-of-egypt","cd_chrono_tourofegypt.map","2e660f22cf5ef994ca7453d14b9f68349063f9086b7c7c038f58e2067706236e","263","British","4","0","91,41","72,22","3002900263","0","opponent","baseline_win","8224","0","5","a60efffa5f321f828ce1a6b7178b4a7c31483c31","e87fc92b01a072959125780a8e961d0e22854ad4b5759a963f861233a26a61ef","5a838bd9cb3edf06df288914ad5cea60b61983f29d183a1efdeb5a3c90e3295e","2b58cc5ed6b92fdb616a217c9cc69308279b2a68a0c5b3883cb73ef93b8d6104","/nfs/roberts/project/pi_jss233/zc362/chrono_divide/research-evidence/multimap-v2/screen-amendment-3/cells/task-664/cell.json"
"665","24607433","tour-of-egypt","cd_chrono_tourofegypt.map","2e660f22cf5ef994ca7453d14b9f68349063f9086b7c7c038f58e2067706236e","266","British","4","0","111,61","41,91","3002900266","0","candidate","candidate_win","31815","16","0","a60efffa5f321f828ce1a6b7178b4a7c31483c31","e87fc92b01a072959125780a8e961d0e22854ad4b5759a963f861233a26a61ef","5a838bd9cb3edf06df288914ad5cea60b61983f29d183a1efdeb5a3c90e3295e","c7b77b8136d4a588dd74c84457faefa147c7d1cdcb41cb7c92f5a9a6968cb811","/nfs/roberts/project/pi_jss233/zc362/chrono_divide/research-evidence/multimap-v2/screen-amendment-3/cells/task-665/cell.json"
"666","24607434","tour-of-egypt","cd_chrono_tourofegypt.map","2e660f22cf5ef994ca7453d14b9f68349063f9086b7c7c038f58e2067706236e","273","British","4","1","22,72","91,41","3002900273","0","opponent","baseline_win","21614","0","7","a60efffa5f321f828ce1a6b7178b4a7c31483c31","e87fc92b01a072959125780a8e961d0e22854ad4b5759a963f861233a26a61ef","5a838bd9cb3edf06df288914ad5cea60b61983f29d183a1efdeb5a3c90e3295e","ccb0a2ca1b23c3f0302a26c1bff65cb63f90db909ea56fe5335ae6e8d9a5c5da","/nfs/roberts/project/pi_jss233/zc362/chrono_divide/research-evidence/multimap-v2/screen-amendment-3/cells/task-666/cell.json"
"667","24607438","tour-of-egypt","cd_chrono_tourofegypt.map","2e660f22cf5ef994ca7453d14b9f68349063f9086b7c7c038f58e2067706236e","276","British","4","1","41,91","62,111","3002900276","0","opponent","baseline_win","8954","0","4","a60efffa5f321f828ce1a6b7178b4a7c31483c31","e87fc92b01a072959125780a8e961d0e22854ad4b5759a963f861233a26a61ef","5a838bd9cb3edf06df288914ad5cea60b61983f29d183a1efdeb5a3c90e3295e","c218a98ec3237c9c08fbf66803cdf11f68df4655d287367c40bd55a6e542d776","/nfs/roberts/project/pi_jss233/zc362/chrono_divide/research-evidence/multimap-v2/screen-amendment-3/cells/task-667/cell.json"
"668","24607439","tour-of-egypt","cd_chrono_tourofegypt.map","2e660f22cf5ef994ca7453d14b9f68349063f9086b7c7c038f58e2067706236e","280","British","4","1","62,111","22,72","3002900280","0","opponent","baseline_win","47352","0","18","a60efffa5f321f828ce1a6b7178b4a7c31483c31","e87fc92b01a072959125780a8e961d0e22854ad4b5759a963f861233a26a61ef","5a838bd9cb3edf06df288914ad5cea60b61983f29d183a1efdeb5a3c90e3295e","922e3c88ee041bfd76a21bde9f21c3883feddfa9e13662e0da0baddf99a3ad52","/nfs/roberts/project/pi_jss233/zc362/chrono_divide/research-evidence/multimap-v2/screen-amendment-3/cells/task-668/cell.json"
"669","24607440","tour-of-egypt","cd_chrono_tourofegypt.map","2e660f22cf5ef994ca7453d14b9f68349063f9086b7c7c038f58e2067706236e","289","British","4","1","72,22","111,61","3002900289","0","opponent","baseline_win","19316","0","7","a60efffa5f321f828ce1a6b7178b4a7c31483c31","e87fc92b01a072959125780a8e961d0e22854ad4b5759a963f861233a26a61ef","5a838bd9cb3edf06df288914ad5cea60b61983f29d183a1efdeb5a3c90e3295e","0bf2822bf06acea344601cd291660e60a363e1de33b778df455ed4806abcd2c0","/nfs/roberts/project/pi_jss233/zc362/chrono_divide/research-evidence/multimap-v2/screen-amendment-3/cells/task-669/cell.json"
"670","24607441","tour-of-egypt","cd_chrono_tourofegypt.map","2e660f22cf5ef994ca7453d14b9f68349063f9086b7c7c038f58e2067706236e","293","British","4","1","91,41","72,22","3002900293","0","opponent","baseline_win","12862","0","7","a60efffa5f321f828ce1a6b7178b4a7c31483c31","e87fc92b01a072959125780a8e961d0e22854ad4b5759a963f861233a26a61ef","5a838bd9cb3edf06df288914ad5cea60b61983f29d183a1efdeb5a3c90e3295e","0d8e5a6f088147984b6aa92afc1d76c4655dec36c5a67b5d694fdcdbf24b4f98","/nfs/roberts/project/pi_jss233/zc362/chrono_divide/research-evidence/multimap-v2/screen-amendment-3/cells/task-670/cell.json"
"671","24607442","tour-of-egypt","cd_chrono_tourofegypt.map","2e660f22cf5ef994ca7453d14b9f68349063f9086b7c7c038f58e2067706236e","296","British","4","1","111,61","41,91","3002900296","0","opponent","baseline_win","71644","0","18","a60efffa5f321f828ce1a6b7178b4a7c31483c31","e87fc92b01a072959125780a8e961d0e22854ad4b5759a963f861233a26a61ef","5a838bd9cb3edf06df288914ad5cea60b61983f29d183a1efdeb5a3c90e3295e","f3933407d34946988d4c8c6aca48dbfc0f71b5adeee8336301af484f4fb6c9c9","/nfs/roberts/project/pi_jss233/zc362/chrono_divide/research-evidence/multimap-v2/screen-amendment-3/cells/task-671/cell.json"
"672","24607443","tour-of-egypt","cd_chrono_tourofegypt.map","2e660f22cf5ef994ca7453d14b9f68349063f9086b7c7c038f58e2067706236e","304","Africans","5","0","22,72","111,61","3002900304","0","opponent","baseline_win","22140","0","8","a60efffa5f321f828ce1a6b7178b4a7c31483c31","e87fc92b01a072959125780a8e961d0e22854ad4b5759a963f861233a26a61ef","5a838bd9cb3edf06df288914ad5cea60b61983f29d183a1efdeb5a3c90e3295e","246f3571e510392516d65ae8b580e2dbf0d51439e94acc92151d3d24ed24a7e5","/nfs/roberts/project/pi_jss233/zc362/chrono_divide/research-evidence/multimap-v2/screen-amendment-3/cells/task-672/cell.json"
"673","24607444","tour-of-egypt","cd_chrono_tourofegypt.map","2e660f22cf5ef994ca7453d14b9f68349063f9086b7c7c038f58e2067706236e","308","Africans","5","0","41,91","91,41","3002900308","0","opponent","baseline_win","36031","0","8","a60efffa5f321f828ce1a6b7178b4a7c31483c31","e87fc92b01a072959125780a8e961d0e22854ad4b5759a963f861233a26a61ef","5a838bd9cb3edf06df288914ad5cea60b61983f29d183a1efdeb5a3c90e3295e","fa84ce09a770c41010674f8e6d17326eafbd870d506cb0290c054d2e7ac8c7d7","/nfs/roberts/project/pi_jss233/zc362/chrono_divide/research-evidence/multimap-v2/screen-amendment-3/cells/task-673/cell.json"
"674","24607445","tour-of-egypt","cd_chrono_tourofegypt.map","2e660f22cf5ef994ca7453d14b9f68349063f9086b7c7c038f58e2067706236e","312","Africans","5","0","62,111","72,22","3002900312","0","opponent","baseline_win","69166","0","7","a60efffa5f321f828ce1a6b7178b4a7c31483c31","e87fc92b01a072959125780a8e961d0e22854ad4b5759a963f861233a26a61ef","5a838bd9cb3edf06df288914ad5cea60b61983f29d183a1efdeb5a3c90e3295e","3ff23733c5657f3a7deccf1359a8c65fe39a4085d7cd4fa99fb29efdf12300ca","/nfs/roberts/project/pi_jss233/zc362/chrono_divide/research-evidence/multimap-v2/screen-amendment-3/cells/task-674/cell.json"
"675","24607446","tour-of-egypt","cd_chrono_tourofegypt.map","2e660f22cf5ef994ca7453d14b9f68349063f9086b7c7c038f58e2067706236e","316","Africans","5","0","72,22","41,91","3002900316","0","candidate","candidate_win","9336","8","0","a60efffa5f321f828ce1a6b7178b4a7c31483c31","e87fc92b01a072959125780a8e961d0e22854ad4b5759a963f861233a26a61ef","5a838bd9cb3edf06df288914ad5cea60b61983f29d183a1efdeb5a3c90e3295e","45166c8c43ae45e3118c42e28a7599b5ca4677acafcdf0e13636718d43f76135","/nfs/roberts/project/pi_jss233/zc362/chrono_divide/research-evidence/multimap-v2/screen-amendment-3/cells/task-675/cell.json"
"676","24607452","tour-of-egypt","cd_chrono_tourofegypt.map","2e660f22cf5ef994ca7453d14b9f68349063f9086b7c7c038f58e2067706236e","320","Africans","5","0","91,41","22,72","3002900320","0","opponent","baseline_win","31399","0","9","a60efffa5f321f828ce1a6b7178b4a7c31483c31","e87fc92b01a072959125780a8e961d0e22854ad4b5759a963f861233a26a61ef","5a838bd9cb3edf06df288914ad5cea60b61983f29d183a1efdeb5a3c90e3295e","c49f8452af6119d179fdf60ce7485b7d5126ab6d3003a7346ba3bac3c74f6d7f","/nfs/roberts/project/pi_jss233/zc362/chrono_divide/research-evidence/multimap-v2/screen-amendment-3/cells/task-676/cell.json"
"677","24607453","tour-of-egypt","cd_chrono_tourofegypt.map","2e660f22cf5ef994ca7453d14b9f68349063f9086b7c7c038f58e2067706236e","327","Africans","5","0","111,61","62,111","3002900327","0","candidate","candidate_win","14712","9","0","a60efffa5f321f828ce1a6b7178b4a7c31483c31","e87fc92b01a072959125780a8e961d0e22854ad4b5759a963f861233a26a61ef","5a838bd9cb3edf06df288914ad5cea60b61983f29d183a1efdeb5a3c90e3295e","0ed3dfc1f59ba0e26b3881f31b96e25b81c3d5294dd2ae2fc73ad970e1f0f5af","/nfs/roberts/project/pi_jss233/zc362/chrono_divide/research-evidence/multimap-v2/screen-amendment-3/cells/task-677/cell.json"
"678","24607626","tour-of-egypt","cd_chrono_tourofegypt.map","2e660f22cf5ef994ca7453d14b9f68349063f9086b7c7c038f58e2067706236e","334","Africans","5","1","22,72","111,61","3002900334","0","opponent","baseline_win","25654","0","8","a60efffa5f321f828ce1a6b7178b4a7c31483c31","e87fc92b01a072959125780a8e961d0e22854ad4b5759a963f861233a26a61ef","5a838bd9cb3edf06df288914ad5cea60b61983f29d183a1efdeb5a3c90e3295e","aba920a9aa013c55d4b56732266b7097e61d1916b3a4f79a9f7072bab7f9c38b","/nfs/roberts/project/pi_jss233/zc362/chrono_divide/research-evidence/multimap-v2/screen-amendment-3/cells/task-678/cell.json"
"679","24607649","tour-of-egypt","cd_chrono_tourofegypt.map","2e660f22cf5ef994ca7453d14b9f68349063f9086b7c7c038f58e2067706236e","338","Africans","5","1","41,91","91,41","3002900338","0","candidate","candidate_win","9982","7","0","a60efffa5f321f828ce1a6b7178b4a7c31483c31","e87fc92b01a072959125780a8e961d0e22854ad4b5759a963f861233a26a61ef","5a838bd9cb3edf06df288914ad5cea60b61983f29d183a1efdeb5a3c90e3295e","49a00c70593a0ef04b358b89e6c72381450fa3e1b9b838b68d6352bd82f6778d","/nfs/roberts/project/pi_jss233/zc362/chrono_divide/research-evidence/multimap-v2/screen-amendment-3/cells/task-679/cell.json"
"680","24607652","tour-of-egypt","cd_chrono_tourofegypt.map","2e660f22cf5ef994ca7453d14b9f68349063f9086b7c7c038f58e2067706236e","342","Africans","5","1","62,111","72,22","3002900342","0","opponent","baseline_win","83648","0","11","a60efffa5f321f828ce1a6b7178b4a7c31483c31","e87fc92b01a072959125780a8e961d0e22854ad4b5759a963f861233a26a61ef","5a838bd9cb3edf06df288914ad5cea60b61983f29d183a1efdeb5a3c90e3295e","d027153a6bbab6173758363aa9b5bb0f655841f9fedfeaeb934deed5b89af149","/nfs/roberts/project/pi_jss233/zc362/chrono_divide/research-evidence/multimap-v2/screen-amendment-3/cells/task-680/cell.json"
"681","24607653","tour-of-egypt","cd_chrono_tourofegypt.map","2e660f22cf5ef994ca7453d14b9f68349063f9086b7c7c038f58e2067706236e","346","Africans","5","1","72,22","41,91","3002900346","0","candidate","candidate_win","9613","8","0","a60efffa5f321f828ce1a6b7178b4a7c31483c31","e87fc92b01a072959125780a8e961d0e22854ad4b5759a963f861233a26a61ef","5a838bd9cb3edf06df288914ad5cea60b61983f29d183a1efdeb5a3c90e3295e","1a42764d73ef9377115cdb59aac491090df70ccd5d9e4ca54a72b01dc65deb86","/nfs/roberts/project/pi_jss233/zc362/chrono_divide/research-evidence/multimap-v2/screen-amendment-3/cells/task-681/cell.json"
"682","24607654","tour-of-egypt","cd_chrono_tourofegypt.map","2e660f22cf5ef994ca7453d14b9f68349063f9086b7c7c038f58e2067706236e","350","Africans","5","1","91,41","22,72","3002900350","0","opponent","baseline_win","30680","0","11","a60efffa5f321f828ce1a6b7178b4a7c31483c31","e87fc92b01a072959125780a8e961d0e22854ad4b5759a963f861233a26a61ef","5a838bd9cb3edf06df288914ad5cea60b61983f29d183a1efdeb5a3c90e3295e","e4d7c3d9bd4850e4058230cb7b7408d16a8c87f1a2ec6ecb8bbba23bbeac11f0","/nfs/roberts/project/pi_jss233/zc362/chrono_divide/research-evidence/multimap-v2/screen-amendment-3/cells/task-682/cell.json"
"683","24607655","tour-of-egypt","cd_chrono_tourofegypt.map","2e660f22cf5ef994ca7453d14b9f68349063f9086b7c7c038f58e2067706236e","357","Africans","5","1","111,61","62,111","3002900357","0","candidate","candidate_win","8374","7","0","a60efffa5f321f828ce1a6b7178b4a7c31483c31","e87fc92b01a072959125780a8e961d0e22854ad4b5759a963f861233a26a61ef","5a838bd9cb3edf06df288914ad5cea60b61983f29d183a1efdeb5a3c90e3295e","9fd5d7b3d9620a40cba073cb2675e286f8ecb326db78da9afc61d8837f017c9a","/nfs/roberts/project/pi_jss233/zc362/chrono_divide/research-evidence/multimap-v2/screen-amendment-3/cells/task-683/cell.json"
"684","24607657","tour-of-egypt","cd_chrono_tourofegypt.map","2e660f22cf5ef994ca7453d14b9f68349063f9086b7c7c038f58e2067706236e","363","Arabs","6","0","22,72","91,41","3002900363","0","candidate","candidate_win","25351","15","0","a60efffa5f321f828ce1a6b7178b4a7c31483c31","e87fc92b01a072959125780a8e961d0e22854ad4b5759a963f861233a26a61ef","5a838bd9cb3edf06df288914ad5cea60b61983f29d183a1efdeb5a3c90e3295e","ff42e83e10f48d292ff3dffbac8ac3ae45fc83817c3f19e24637ef61641a3fe9","/nfs/roberts/project/pi_jss233/zc362/chrono_divide/research-evidence/multimap-v2/screen-amendment-3/cells/task-684/cell.json"
"685","24607658","tour-of-egypt","cd_chrono_tourofegypt.map","2e660f22cf5ef994ca7453d14b9f68349063f9086b7c7c038f58e2067706236e","369","Arabs","6","0","41,91","111,61","3002900369","0","opponent","baseline_win","9918","0","6","a60efffa5f321f828ce1a6b7178b4a7c31483c31","e87fc92b01a072959125780a8e961d0e22854ad4b5759a963f861233a26a61ef","5a838bd9cb3edf06df288914ad5cea60b61983f29d183a1efdeb5a3c90e3295e","53375e8bb23b450ed9d3166c48f4575c56ed42088377113b053b4c476c9086e1","/nfs/roberts/project/pi_jss233/zc362/chrono_divide/research-evidence/multimap-v2/screen-amendment-3/cells/task-685/cell.json"
"686","24607659","tour-of-egypt","cd_chrono_tourofegypt.map","2e660f22cf5ef994ca7453d14b9f68349063f9086b7c7c038f58e2067706236e","372","Arabs","6","0","62,111","72,22","3002900372","0","candidate","candidate_win","13834","8","0","a60efffa5f321f828ce1a6b7178b4a7c31483c31","e87fc92b01a072959125780a8e961d0e22854ad4b5759a963f861233a26a61ef","5a838bd9cb3edf06df288914ad5cea60b61983f29d183a1efdeb5a3c90e3295e","e8e98b0d77f965fa598fcad974c35ef7da77bbdf8d57bc0eee7acb5db680e0d2","/nfs/roberts/project/pi_jss233/zc362/chrono_divide/research-evidence/multimap-v2/screen-amendment-3/cells/task-686/cell.json"
"687","24607661","tour-of-egypt","cd_chrono_tourofegypt.map","2e660f22cf5ef994ca7453d14b9f68349063f9086b7c7c038f58e2067706236e","377","Arabs","6","0","72,22","62,111","3002900377","0","candidate","candidate_win","14253","9","0","a60efffa5f321f828ce1a6b7178b4a7c31483c31","e87fc92b01a072959125780a8e961d0e22854ad4b5759a963f861233a26a61ef","5a838bd9cb3edf06df288914ad5cea60b61983f29d183a1efdeb5a3c90e3295e","c6c9614f0a56a125b5c46b4243d15713148ee2306a13c9f9ec535ba7b19fe6d5","/nfs/roberts/project/pi_jss233/zc362/chrono_divide/research-evidence/multimap-v2/screen-amendment-3/cells/task-687/cell.json"
"688","24607663","tour-of-egypt","cd_chrono_tourofegypt.map","2e660f22cf5ef994ca7453d14b9f68349063f9086b7c7c038f58e2067706236e","380","Arabs","6","0","91,41","22,72","3002900380","0","candidate","candidate_win","33737","20","0","a60efffa5f321f828ce1a6b7178b4a7c31483c31","e87fc92b01a072959125780a8e961d0e22854ad4b5759a963f861233a26a61ef","5a838bd9cb3edf06df288914ad5cea60b61983f29d183a1efdeb5a3c90e3295e","ced31b65433ba70fcf11159cf48bccde94b59cb91329202fee6be6facb57fee1","/nfs/roberts/project/pi_jss233/zc362/chrono_divide/research-evidence/multimap-v2/screen-amendment-3/cells/task-688/cell.json"
"689","24607664","tour-of-egypt","cd_chrono_tourofegypt.map","2e660f22cf5ef994ca7453d14b9f68349063f9086b7c7c038f58e2067706236e","386","Arabs","6","0","111,61","41,91","3002900386","0","opponent","baseline_win","26207","0","7","a60efffa5f321f828ce1a6b7178b4a7c31483c31","e87fc92b01a072959125780a8e961d0e22854ad4b5759a963f861233a26a61ef","5a838bd9cb3edf06df288914ad5cea60b61983f29d183a1efdeb5a3c90e3295e","3039b49b063a51aa30e358e081a3097196157928a993fad75148d79b67e51b35","/nfs/roberts/project/pi_jss233/zc362/chrono_divide/research-evidence/multimap-v2/screen-amendment-3/cells/task-689/cell.json"
"690","24607665","tour-of-egypt","cd_chrono_tourofegypt.map","2e660f22cf5ef994ca7453d14b9f68349063f9086b7c7c038f58e2067706236e","393","Arabs","6","1","22,72","91,41","3002900393","0","opponent","baseline_win","32838","0","7","a60efffa5f321f828ce1a6b7178b4a7c31483c31","e87fc92b01a072959125780a8e961d0e22854ad4b5759a963f861233a26a61ef","5a838bd9cb3edf06df288914ad5cea60b61983f29d183a1efdeb5a3c90e3295e","dcb6353c6a130ce8bfd3e3506e79a64ff2ba8bd91c206ccf87f4a5d8af16b487","/nfs/roberts/project/pi_jss233/zc362/chrono_divide/research-evidence/multimap-v2/screen-amendment-3/cells/task-690/cell.json"
"691","24607666","tour-of-egypt","cd_chrono_tourofegypt.map","2e660f22cf5ef994ca7453d14b9f68349063f9086b7c7c038f58e2067706236e","399","Arabs","6","1","41,91","111,61","3002900399","0","opponent","baseline_win","9430","0","6","a60efffa5f321f828ce1a6b7178b4a7c31483c31","e87fc92b01a072959125780a8e961d0e22854ad4b5759a963f861233a26a61ef","5a838bd9cb3edf06df288914ad5cea60b61983f29d183a1efdeb5a3c90e3295e","80973c17d3e4b7fdfe93fee81df35c24f1d7eedcd2c24ce87e9da566ab485576","/nfs/roberts/project/pi_jss233/zc362/chrono_divide/research-evidence/multimap-v2/screen-amendment-3/cells/task-691/cell.json"
"692","24607667","tour-of-egypt","cd_chrono_tourofegypt.map","2e660f22cf5ef994ca7453d14b9f68349063f9086b7c7c038f58e2067706236e","402","Arabs","6","1","62,111","72,22","3002900402","0","candidate","candidate_win","54798","19","0","a60efffa5f321f828ce1a6b7178b4a7c31483c31","e87fc92b01a072959125780a8e961d0e22854ad4b5759a963f861233a26a61ef","5a838bd9cb3edf06df288914ad5cea60b61983f29d183a1efdeb5a3c90e3295e","60e66f7b2beee0fe683d70a2f7f961a7925b9726f147bdb00bf25178215d75b2","/nfs/roberts/project/pi_jss233/zc362/chrono_divide/research-evidence/multimap-v2/screen-amendment-3/cells/task-692/cell.json"
"693","24607668","tour-of-egypt","cd_chrono_tourofegypt.map","2e660f22cf5ef994ca7453d14b9f68349063f9086b7c7c038f58e2067706236e","407","Arabs","6","1","72,22","62,111","3002900407","0","candidate","candidate_win","21289","9","0","a60efffa5f321f828ce1a6b7178b4a7c31483c31","e87fc92b01a072959125780a8e961d0e22854ad4b5759a963f861233a26a61ef","5a838bd9cb3edf06df288914ad5cea60b61983f29d183a1efdeb5a3c90e3295e","24da7d42dd0af88234788255dda735f8f62eff7ef51dbe5ca07a85c9aadc4e55","/nfs/roberts/project/pi_jss233/zc362/chrono_divide/research-evidence/multimap-v2/screen-amendment-3/cells/task-693/cell.json"
"694","24607669","tour-of-egypt","cd_chrono_tourofegypt.map","2e660f22cf5ef994ca7453d14b9f68349063f9086b7c7c038f58e2067706236e","410","Arabs","6","1","91,41","22,72","3002900410","0","candidate","candidate_win","50726","21","0","a60efffa5f321f828ce1a6b7178b4a7c31483c31","e87fc92b01a072959125780a8e961d0e22854ad4b5759a963f861233a26a61ef","5a838bd9cb3edf06df288914ad5cea60b61983f29d183a1efdeb5a3c90e3295e","ad053c6a5b867fda9d8d7bcf0a6149decc02f7fc95520357b22c94f7d3168514","/nfs/roberts/project/pi_jss233/zc362/chrono_divide/research-evidence/multimap-v2/screen-amendment-3/cells/task-694/cell.json"
"695","24607671","tour-of-egypt","cd_chrono_tourofegypt.map","2e660f22cf5ef994ca7453d14b9f68349063f9086b7c7c038f58e2067706236e","416","Arabs","6","1","111,61","41,91","3002900416","0","opponent","baseline_win","26956","0","7","a60efffa5f321f828ce1a6b7178b4a7c31483c31","e87fc92b01a072959125780a8e961d0e22854ad4b5759a963f861233a26a61ef","5a838bd9cb3edf06df288914ad5cea60b61983f29d183a1efdeb5a3c90e3295e","27a15166414c2eaeee5e3d7139ae36bee2d806cbbdf403a0e3699e1335f005bf","/nfs/roberts/project/pi_jss233/zc362/chrono_divide/research-evidence/multimap-v2/screen-amendment-3/cells/task-695/cell.json"
"696","24607675","tour-of-egypt","cd_chrono_tourofegypt.map","2e660f22cf5ef994ca7453d14b9f68349063f9086b7c7c038f58e2067706236e","421","Confederation","7","0","22,72","62,111","3002900421","0","opponent","baseline_win","24558","0","7","a60efffa5f321f828ce1a6b7178b4a7c31483c31","e87fc92b01a072959125780a8e961d0e22854ad4b5759a963f861233a26a61ef","5a838bd9cb3edf06df288914ad5cea60b61983f29d183a1efdeb5a3c90e3295e","4ee2775a5ad9663b57e97e29defd5cffaa3c69a94e7538d94cc82d33ac3013f4","/nfs/roberts/project/pi_jss233/zc362/chrono_divide/research-evidence/multimap-v2/screen-amendment-3/cells/task-696/cell.json"
"697","24607676","tour-of-egypt","cd_chrono_tourofegypt.map","2e660f22cf5ef994ca7453d14b9f68349063f9086b7c7c038f58e2067706236e","428","Confederation","7","0","41,91","91,41","3002900428","0","opponent","baseline_win","65425","0","8","a60efffa5f321f828ce1a6b7178b4a7c31483c31","e87fc92b01a072959125780a8e961d0e22854ad4b5759a963f861233a26a61ef","5a838bd9cb3edf06df288914ad5cea60b61983f29d183a1efdeb5a3c90e3295e","f75041f1ad63d89886891f099a8a740e2cebf161e52c34825f2689e6336451e9","/nfs/roberts/project/pi_jss233/zc362/chrono_divide/research-evidence/multimap-v2/screen-amendment-3/cells/task-697/cell.json"
"698","24607678","tour-of-egypt","cd_chrono_tourofegypt.map","2e660f22cf5ef994ca7453d14b9f68349063f9086b7c7c038f58e2067706236e","431","Confederation","7","0","62,111","41,91","3002900431","0","opponent","baseline_win","17876","0","8","a60efffa5f321f828ce1a6b7178b4a7c31483c31","e87fc92b01a072959125780a8e961d0e22854ad4b5759a963f861233a26a61ef","5a838bd9cb3edf06df288914ad5cea60b61983f29d183a1efdeb5a3c90e3295e","24ba584d0c44b7ad0737384db1f46196cdaef9a76e33a97c9b437cdc92880c13","/nfs/roberts/project/pi_jss233/zc362/chrono_divide/research-evidence/multimap-v2/screen-amendment-3/cells/task-698/cell.json"
"699","24607679","tour-of-egypt","cd_chrono_tourofegypt.map","2e660f22cf5ef994ca7453d14b9f68349063f9086b7c7c038f58e2067706236e","439","Confederation","7","0","72,22","111,61","3002900439","0","candidate","candidate_win","16969","9","0","a60efffa5f321f828ce1a6b7178b4a7c31483c31","e87fc92b01a072959125780a8e961d0e22854ad4b5759a963f861233a26a61ef","5a838bd9cb3edf06df288914ad5cea60b61983f29d183a1efdeb5a3c90e3295e","e4c5e4a4b9928692bc8fb73d65c84b9ceb4bddc9d6f5c7a3f8f2f9dbd8ec6bb9","/nfs/roberts/project/pi_jss233/zc362/chrono_divide/research-evidence/multimap-v2/screen-amendment-3/cells/task-699/cell.json"
"700","24607680","tour-of-egypt","cd_chrono_tourofegypt.map","2e660f22cf5ef994ca7453d14b9f68349063f9086b7c7c038f58e2067706236e","443","Confederation","7","0","91,41","72,22","3002900443","0","opponent","baseline_win","5912","0","4","a60efffa5f321f828ce1a6b7178b4a7c31483c31","e87fc92b01a072959125780a8e961d0e22854ad4b5759a963f861233a26a61ef","5a838bd9cb3edf06df288914ad5cea60b61983f29d183a1efdeb5a3c90e3295e","935ab33faf5147a28d480310167be2c92a47bb28892c14a0460189899d4e9fb3","/nfs/roberts/project/pi_jss233/zc362/chrono_divide/research-evidence/multimap-v2/screen-amendment-3/cells/task-700/cell.json"
"701","24607682","tour-of-egypt","cd_chrono_tourofegypt.map","2e660f22cf5ef994ca7453d14b9f68349063f9086b7c7c038f58e2067706236e","445","Confederation","7","0","111,61","22,72","3002900445","0","candidate","candidate_win","9626","7","0","a60efffa5f321f828ce1a6b7178b4a7c31483c31","e87fc92b01a072959125780a8e961d0e22854ad4b5759a963f861233a26a61ef","5a838bd9cb3edf06df288914ad5cea60b61983f29d183a1efdeb5a3c90e3295e","9bc5b06545f5e91c254c0fc5210c02b888e495b9f0c489909c396afb2cb00cb2","/nfs/roberts/project/pi_jss233/zc362/chrono_divide/research-evidence/multimap-v2/screen-amendment-3/cells/task-701/cell.json"
"702","24607685","tour-of-egypt","cd_chrono_tourofegypt.map","2e660f22cf5ef994ca7453d14b9f68349063f9086b7c7c038f58e2067706236e","451","Confederation","7","1","22,72","62,111","3002900451","0","opponent","baseline_win","19033","0","7","a60efffa5f321f828ce1a6b7178b4a7c31483c31","e87fc92b01a072959125780a8e961d0e22854ad4b5759a963f861233a26a61ef","5a838bd9cb3edf06df288914ad5cea60b61983f29d183a1efdeb5a3c90e3295e","0bb577b067e7910d82c2bb9cb81ca754b4f3b20088b2ec43ca38dd522c9791e9","/nfs/roberts/project/pi_jss233/zc362/chrono_divide/research-evidence/multimap-v2/screen-amendment-3/cells/task-702/cell.json"
"703","24607686","tour-of-egypt","cd_chrono_tourofegypt.map","2e660f22cf5ef994ca7453d14b9f68349063f9086b7c7c038f58e2067706236e","458","Confederation","7","1","41,91","91,41","3002900458","0","draw","tick_cap_draw","90000","3","9","a60efffa5f321f828ce1a6b7178b4a7c31483c31","e87fc92b01a072959125780a8e961d0e22854ad4b5759a963f861233a26a61ef","5a838bd9cb3edf06df288914ad5cea60b61983f29d183a1efdeb5a3c90e3295e","c50aacdf7eac9e1a4d679e4a05fe4453c7203596650b3c289096d7e3c9c1d468","/nfs/roberts/project/pi_jss233/zc362/chrono_divide/research-evidence/multimap-v2/screen-amendment-3/cells/task-703/cell.json"
"704","24607687","tour-of-egypt","cd_chrono_tourofegypt.map","2e660f22cf5ef994ca7453d14b9f68349063f9086b7c7c038f58e2067706236e","461","Confederation","7","1","62,111","41,91","3002900461","0","candidate","candidate_win","35777","18","0","a60efffa5f321f828ce1a6b7178b4a7c31483c31","e87fc92b01a072959125780a8e961d0e22854ad4b5759a963f861233a26a61ef","5a838bd9cb3edf06df288914ad5cea60b61983f29d183a1efdeb5a3c90e3295e","c84177fa410161b4874607376bc3aa4e88a1105ab8de8b03aec8c6f6d0367e7f","/nfs/roberts/project/pi_jss233/zc362/chrono_divide/research-evidence/multimap-v2/screen-amendment-3/cells/task-704/cell.json"
"705","24607689","tour-of-egypt","cd_chrono_tourofegypt.map","2e660f22cf5ef994ca7453d14b9f68349063f9086b7c7c038f58e2067706236e","469","Confederation","7","1","72,22","111,61","3002900469","0","candidate","candidate_win","25378","13","0","a60efffa5f321f828ce1a6b7178b4a7c31483c31","e87fc92b01a072959125780a8e961d0e22854ad4b5759a963f861233a26a61ef","5a838bd9cb3edf06df288914ad5cea60b61983f29d183a1efdeb5a3c90e3295e","56c2525479125c45e6c126d7103e2d34f7fad8a5eb4092efe0f580a91bbefa52","/nfs/roberts/project/pi_jss233/zc362/chrono_divide/research-evidence/multimap-v2/screen-amendment-3/cells/task-705/cell.json"
"706","24607693","tour-of-egypt","cd_chrono_tourofegypt.map","2e660f22cf5ef994ca7453d14b9f68349063f9086b7c7c038f58e2067706236e","473","Confederation","7","1","91,41","72,22","3002900473","0","opponent","baseline_win","5910","0","4","a60efffa5f321f828ce1a6b7178b4a7c31483c31","e87fc92b01a072959125780a8e961d0e22854ad4b5759a963f861233a26a61ef","5a838bd9cb3edf06df288914ad5cea60b61983f29d183a1efdeb5a3c90e3295e","f5d7f991b1d291bc576bd3d221802f16eeb23f3a71a9c560b860c48366316a77","/nfs/roberts/project/pi_jss233/zc362/chrono_divide/research-evidence/multimap-v2/screen-amendment-3/cells/task-706/cell.json"
"707","24607694","tour-of-egypt","cd_chrono_tourofegypt.map","2e660f22cf5ef994ca7453d14b9f68349063f9086b7c7c038f58e2067706236e","475","Confederation","7","1","111,61","22,72","3002900475","0","opponent","baseline_win","17536","0","7","a60efffa5f321f828ce1a6b7178b4a7c31483c31","e87fc92b01a072959125780a8e961d0e22854ad4b5759a963f861233a26a61ef","5a838bd9cb3edf06df288914ad5cea60b61983f29d183a1efdeb5a3c90e3295e","ab948b7f9e8580b846acd234cfdd02ecbf098aadfa9f9f074f39ffb24bf68279","/nfs/roberts/project/pi_jss233/zc362/chrono_divide/research-evidence/multimap-v2/screen-amendment-3/cells/task-707/cell.json"
"708","24607695","tour-of-egypt","cd_chrono_tourofegypt.map","2e660f22cf5ef994ca7453d14b9f68349063f9086b7c7c038f58e2067706236e","484","Russians","8","0","22,72","111,61","3002900484","0","opponent","baseline_win","20538","0","8","a60efffa5f321f828ce1a6b7178b4a7c31483c31","e87fc92b01a072959125780a8e961d0e22854ad4b5759a963f861233a26a61ef","5a838bd9cb3edf06df288914ad5cea60b61983f29d183a1efdeb5a3c90e3295e","bd6fbe9b008cf65e702aec59ce35a407ad8937f9baba5ee78f39fec6744c8291","/nfs/roberts/project/pi_jss233/zc362/chrono_divide/research-evidence/multimap-v2/screen-amendment-3/cells/task-708/cell.json"
"709","24607696","tour-of-egypt","cd_chrono_tourofegypt.map","2e660f22cf5ef994ca7453d14b9f68349063f9086b7c7c038f58e2067706236e","486","Russians","8","0","41,91","62,111","3002900486","0","opponent","baseline_win","5946","0","5","a60efffa5f321f828ce1a6b7178b4a7c31483c31","e87fc92b01a072959125780a8e961d0e22854ad4b5759a963f861233a26a61ef","5a838bd9cb3edf06df288914ad5cea60b61983f29d183a1efdeb5a3c90e3295e","28121c3c69f2b417b4a037c7b46e3088fcd66d3dc757c4003c3d03612b509450","/nfs/roberts/project/pi_jss233/zc362/chrono_divide/research-evidence/multimap-v2/screen-amendment-3/cells/task-709/cell.json"
"710","24607697","tour-of-egypt","cd_chrono_tourofegypt.map","2e660f22cf5ef994ca7453d14b9f68349063f9086b7c7c038f58e2067706236e","490","Russians","8","0","62,111","22,72","3002900490","0","candidate","candidate_win","18909","9","0","a60efffa5f321f828ce1a6b7178b4a7c31483c31","e87fc92b01a072959125780a8e961d0e22854ad4b5759a963f861233a26a61ef","5a838bd9cb3edf06df288914ad5cea60b61983f29d183a1efdeb5a3c90e3295e","2b0fdfdfb1845ba387f6a1849416d169999792155555c9540cbb77e6247a75a0","/nfs/roberts/project/pi_jss233/zc362/chrono_divide/research-evidence/multimap-v2/screen-amendment-3/cells/task-710/cell.json"
"711","24607698","tour-of-egypt","cd_chrono_tourofegypt.map","2e660f22cf5ef994ca7453d14b9f68349063f9086b7c7c038f58e2067706236e","498","Russians","8","0","72,22","91,41","3002900498","0","opponent","baseline_win","6632","0","6","a60efffa5f321f828ce1a6b7178b4a7c31483c31","e87fc92b01a072959125780a8e961d0e22854ad4b5759a963f861233a26a61ef","5a838bd9cb3edf06df288914ad5cea60b61983f29d183a1efdeb5a3c90e3295e","bb6c20a3fa7dde996adb296570b38f26024cf3f0d7fcb3028ec5cdcc09fc3b7a","/nfs/roberts/project/pi_jss233/zc362/chrono_divide/research-evidence/multimap-v2/screen-amendment-3/cells/task-711/cell.json"
"712","24607862","tour-of-egypt","cd_chrono_tourofegypt.map","2e660f22cf5ef994ca7453d14b9f68349063f9086b7c7c038f58e2067706236e","501","Russians","8","0","91,41","41,91","3002900501","0","candidate","candidate_win","36103","18","0","a60efffa5f321f828ce1a6b7178b4a7c31483c31","e87fc92b01a072959125780a8e961d0e22854ad4b5759a963f861233a26a61ef","5a838bd9cb3edf06df288914ad5cea60b61983f29d183a1efdeb5a3c90e3295e","a989a95fdf15f417a9fa9e5ff744ba7ff5261f453aa8013f4094155e4a74b7f2","/nfs/roberts/project/pi_jss233/zc362/chrono_divide/research-evidence/multimap-v2/screen-amendment-3/cells/task-712/cell.json"
"713","24607875","tour-of-egypt","cd_chrono_tourofegypt.map","2e660f22cf5ef994ca7453d14b9f68349063f9086b7c7c038f58e2067706236e","508","Russians","8","0","111,61","72,22","3002900508","0","opponent","baseline_win","24529","0","7","a60efffa5f321f828ce1a6b7178b4a7c31483c31","e87fc92b01a072959125780a8e961d0e22854ad4b5759a963f861233a26a61ef","5a838bd9cb3edf06df288914ad5cea60b61983f29d183a1efdeb5a3c90e3295e","d115f6ceeac9b4678000b4f35ed5886768702fccfb9a3f9fc99a91ba54f5deb8","/nfs/roberts/project/pi_jss233/zc362/chrono_divide/research-evidence/multimap-v2/screen-amendment-3/cells/task-713/cell.json"
"714","24607881","tour-of-egypt","cd_chrono_tourofegypt.map","2e660f22cf5ef994ca7453d14b9f68349063f9086b7c7c038f58e2067706236e","514","Russians","8","1","22,72","111,61","3002900514","0","opponent","baseline_win","9676","0","7","a60efffa5f321f828ce1a6b7178b4a7c31483c31","e87fc92b01a072959125780a8e961d0e22854ad4b5759a963f861233a26a61ef","5a838bd9cb3edf06df288914ad5cea60b61983f29d183a1efdeb5a3c90e3295e","d3ece6c1af79b5179d77709a6dfa2c6df729c5f7b5d17948aee0d44025011140","/nfs/roberts/project/pi_jss233/zc362/chrono_divide/research-evidence/multimap-v2/screen-amendment-3/cells/task-714/cell.json"
"715","24607882","tour-of-egypt","cd_chrono_tourofegypt.map","2e660f22cf5ef994ca7453d14b9f68349063f9086b7c7c038f58e2067706236e","516","Russians","8","1","41,91","62,111","3002900516","0","opponent","baseline_win","5701","0","5","a60efffa5f321f828ce1a6b7178b4a7c31483c31","e87fc92b01a072959125780a8e961d0e22854ad4b5759a963f861233a26a61ef","5a838bd9cb3edf06df288914ad5cea60b61983f29d183a1efdeb5a3c90e3295e","f5684e4bf6dc07c4a4b7e029ef6d0e5e1ed0524d77ab36447a37ef15c23350aa","/nfs/roberts/project/pi_jss233/zc362/chrono_divide/research-evidence/multimap-v2/screen-amendment-3/cells/task-715/cell.json"
"716","24607885","tour-of-egypt","cd_chrono_tourofegypt.map","2e660f22cf5ef994ca7453d14b9f68349063f9086b7c7c038f58e2067706236e","520","Russians","8","1","62,111","22,72","3002900520","0","candidate","candidate_win","15502","8","0","a60efffa5f321f828ce1a6b7178b4a7c31483c31","e87fc92b01a072959125780a8e961d0e22854ad4b5759a963f861233a26a61ef","5a838bd9cb3edf06df288914ad5cea60b61983f29d183a1efdeb5a3c90e3295e","c87db626598c0be9cedd50309aab1621f38cfc35217f775232b3e61c47d8742b","/nfs/roberts/project/pi_jss233/zc362/chrono_divide/research-evidence/multimap-v2/screen-amendment-3/cells/task-716/cell.json"
"717","24607886","tour-of-egypt","cd_chrono_tourofegypt.map","2e660f22cf5ef994ca7453d14b9f68349063f9086b7c7c038f58e2067706236e","528","Russians","8","1","72,22","91,41","3002900528","0","opponent","baseline_win","11338","0","6","a60efffa5f321f828ce1a6b7178b4a7c31483c31","e87fc92b01a072959125780a8e961d0e22854ad4b5759a963f861233a26a61ef","5a838bd9cb3edf06df288914ad5cea60b61983f29d183a1efdeb5a3c90e3295e","880829231b0cdaa0298e838d44d5eed29ff04aa74a730e9b8b714fb7b12a09f0","/nfs/roberts/project/pi_jss233/zc362/chrono_divide/research-evidence/multimap-v2/screen-amendment-3/cells/task-717/cell.json"
"718","24607887","tour-of-egypt","cd_chrono_tourofegypt.map","2e660f22cf5ef994ca7453d14b9f68349063f9086b7c7c038f58e2067706236e","531","Russians","8","1","91,41","41,91","3002900531","0","candidate","candidate_win","46610","20","0","a60efffa5f321f828ce1a6b7178b4a7c31483c31","e87fc92b01a072959125780a8e961d0e22854ad4b5759a963f861233a26a61ef","5a838bd9cb3edf06df288914ad5cea60b61983f29d183a1efdeb5a3c90e3295e","bba6d039143c230c70e49f0fb44c3055165a173851353d267ec08cec55262165","/nfs/roberts/project/pi_jss233/zc362/chrono_divide/research-evidence/multimap-v2/screen-amendment-3/cells/task-718/cell.json"
"719","24607888","tour-of-egypt","cd_chrono_tourofegypt.map","2e660f22cf5ef994ca7453d14b9f68349063f9086b7c7c038f58e2067706236e","538","Russians","8","1","111,61","72,22","3002900538","0","opponent","baseline_win","26010","0","9","a60efffa5f321f828ce1a6b7178b4a7c31483c31","e87fc92b01a072959125780a8e961d0e22854ad4b5759a963f861233a26a61ef","5a838bd9cb3edf06df288914ad5cea60b61983f29d183a1efdeb5a3c90e3295e","9c836e60c8a4e5f470bc80a969d4cb499ccfd8e1a55e3b0d88ed36983f91b052","/nfs/roberts/project/pi_jss233/zc362/chrono_divide/research-evidence/multimap-v2/screen-amendment-3/cells/task-719/cell.json"
"720","24607889","south-pacific","cd_chrono_mp01t4.map","89a428f214d5ca2a5f650b94e2847fc493d51805aac04f869f1fcc76e4db3381","0","Americans","0","0","57,98","99,148","3003000000","0","draw","tick_cap_draw","90000","3","5","a60efffa5f321f828ce1a6b7178b4a7c31483c31","e87fc92b01a072959125780a8e961d0e22854ad4b5759a963f861233a26a61ef","5a838bd9cb3edf06df288914ad5cea60b61983f29d183a1efdeb5a3c90e3295e","38b26f8e2d6f37f68f7bc27d963beca54608a45be1a22e516f52ab2f07bf9855","/nfs/roberts/project/pi_jss233/zc362/chrono_divide/research-evidence/multimap-v2/screen-amendment-3/cells/task-720/cell.json"
"721","24607893","south-pacific","cd_chrono_mp01t4.map","89a428f214d5ca2a5f650b94e2847fc493d51805aac04f869f1fcc76e4db3381","4","Americans","0","0","99,148","152,96","3003000004","0","draw","tick_cap_draw","90000","18","1","a60efffa5f321f828ce1a6b7178b4a7c31483c31","e87fc92b01a072959125780a8e961d0e22854ad4b5759a963f861233a26a61ef","5a838bd9cb3edf06df288914ad5cea60b61983f29d183a1efdeb5a3c90e3295e","358d902d3fae7393c28b98aa31634f39bd8a1ea3dfa60a90e7fef325c3851845","/nfs/roberts/project/pi_jss233/zc362/chrono_divide/research-evidence/multimap-v2/screen-amendment-3/cells/task-721/cell.json"
"722","24607897","south-pacific","cd_chrono_mp01t4.map","89a428f214d5ca2a5f650b94e2847fc493d51805aac04f869f1fcc76e4db3381","8","Americans","0","0","152,96","110,55","3003000008","0","draw","tick_cap_draw","90000","2","21","a60efffa5f321f828ce1a6b7178b4a7c31483c31","e87fc92b01a072959125780a8e961d0e22854ad4b5759a963f861233a26a61ef","5a838bd9cb3edf06df288914ad5cea60b61983f29d183a1efdeb5a3c90e3295e","f0563d81a0b2d8d0ff78a595159b2c74c2d4920e564768978155d646fc69f1e6","/nfs/roberts/project/pi_jss233/zc362/chrono_divide/research-evidence/multimap-v2/screen-amendment-3/cells/task-722/cell.json"
"723","24607898","south-pacific","cd_chrono_mp01t4.map","89a428f214d5ca2a5f650b94e2847fc493d51805aac04f869f1fcc76e4db3381","9","Americans","0","0","110,55","57,98","3003000009","0","draw","engine_nonliteral_termination_draw","20727","16","1","a60efffa5f321f828ce1a6b7178b4a7c31483c31","e87fc92b01a072959125780a8e961d0e22854ad4b5759a963f861233a26a61ef","5a838bd9cb3edf06df288914ad5cea60b61983f29d183a1efdeb5a3c90e3295e","727d3291613abaf9b5f2c3bff04362349300b32f099817f04aa5afd01c604084","/nfs/roberts/project/pi_jss233/zc362/chrono_divide/research-evidence/multimap-v2/screen-amendment-3/cells/task-723/cell.json"
"724","24607900","south-pacific","cd_chrono_mp01t4.map","89a428f214d5ca2a5f650b94e2847fc493d51805aac04f869f1fcc76e4db3381","12","Americans","0","1","57,98","99,148","3003000012","0","draw","tick_cap_draw","90000","18","3","a60efffa5f321f828ce1a6b7178b4a7c31483c31","e87fc92b01a072959125780a8e961d0e22854ad4b5759a963f861233a26a61ef","5a838bd9cb3edf06df288914ad5cea60b61983f29d183a1efdeb5a3c90e3295e","cb01ff898ee3fd1a2928451fb84584dda26bd950f6ccb63a58a5cf63948d68b1","/nfs/roberts/project/pi_jss233/zc362/chrono_divide/research-evidence/multimap-v2/screen-amendment-3/cells/task-724/cell.json"
"725","24607902","south-pacific","cd_chrono_mp01t4.map","89a428f214d5ca2a5f650b94e2847fc493d51805aac04f869f1fcc76e4db3381","16","Americans","0","1","99,148","152,96","3003000016","0","draw","tick_cap_draw","90000","20","2","a60efffa5f321f828ce1a6b7178b4a7c31483c31","e87fc92b01a072959125780a8e961d0e22854ad4b5759a963f861233a26a61ef","5a838bd9cb3edf06df288914ad5cea60b61983f29d183a1efdeb5a3c90e3295e","7c49d816b0401dd1e1a458d11df963a33a8fecbf37109852a465f235e50adb12","/nfs/roberts/project/pi_jss233/zc362/chrono_divide/research-evidence/multimap-v2/screen-amendment-3/cells/task-725/cell.json"
"726","24607903","south-pacific","cd_chrono_mp01t4.map","89a428f214d5ca2a5f650b94e2847fc493d51805aac04f869f1fcc76e4db3381","20","Americans","0","1","152,96","110,55","3003000020","0","draw","tick_cap_draw","90000","3","20","a60efffa5f321f828ce1a6b7178b4a7c31483c31","e87fc92b01a072959125780a8e961d0e22854ad4b5759a963f861233a26a61ef","5a838bd9cb3edf06df288914ad5cea60b61983f29d183a1efdeb5a3c90e3295e","d70b97d2f373158475e8ec31f32308b30019e29069c5656955421610990ee26a","/nfs/roberts/project/pi_jss233/zc362/chrono_divide/research-evidence/multimap-v2/screen-amendment-3/cells/task-726/cell.json"
"727","24607904","south-pacific","cd_chrono_mp01t4.map","89a428f214d5ca2a5f650b94e2847fc493d51805aac04f869f1fcc76e4db3381","21","Americans","0","1","110,55","57,98","3003000021","0","draw","engine_nonliteral_termination_draw","20802","17","1","a60efffa5f321f828ce1a6b7178b4a7c31483c31","e87fc92b01a072959125780a8e961d0e22854ad4b5759a963f861233a26a61ef","5a838bd9cb3edf06df288914ad5cea60b61983f29d183a1efdeb5a3c90e3295e","ddf4011f518bfb6540827f3ca979fd78b606db89db9092eefba4c6fdafe49b49","/nfs/roberts/project/pi_jss233/zc362/chrono_divide/research-evidence/multimap-v2/screen-amendment-3/cells/task-727/cell.json"
"728","24607905","south-pacific","cd_chrono_mp01t4.map","89a428f214d5ca2a5f650b94e2847fc493d51805aac04f869f1fcc76e4db3381","25","Alliance","1","0","57,98","152,96","3003000025","0","draw","engine_nonliteral_termination_draw","41468","1","9","a60efffa5f321f828ce1a6b7178b4a7c31483c31","e87fc92b01a072959125780a8e961d0e22854ad4b5759a963f861233a26a61ef","5a838bd9cb3edf06df288914ad5cea60b61983f29d183a1efdeb5a3c90e3295e","c8411f0354788dd51d47279f4d9e19741fab617c160231db4d3902f628d2d769","/nfs/roberts/project/pi_jss233/zc362/chrono_divide/research-evidence/multimap-v2/screen-amendment-3/cells/task-728/cell.json"
"729","24607909","south-pacific","cd_chrono_mp01t4.map","89a428f214d5ca2a5f650b94e2847fc493d51805aac04f869f1fcc76e4db3381","29","Alliance","1","0","99,148","110,55","3003000029","0","draw","tick_cap_draw","90000","2","19","a60efffa5f321f828ce1a6b7178b4a7c31483c31","e87fc92b01a072959125780a8e961d0e22854ad4b5759a963f861233a26a61ef","5a838bd9cb3edf06df288914ad5cea60b61983f29d183a1efdeb5a3c90e3295e","b07ea7f9225a248f510bf4182adccaa2ce34068a83cce9cd7480add7f9aed51c","/nfs/roberts/project/pi_jss233/zc362/chrono_divide/research-evidence/multimap-v2/screen-amendment-3/cells/task-729/cell.json"
"730","24607911","south-pacific","cd_chrono_mp01t4.map","89a428f214d5ca2a5f650b94e2847fc493d51805aac04f869f1fcc76e4db3381","30","Alliance","1","0","152,96","57,98","3003000030","0","draw","engine_nonliteral_termination_draw","26532","1","10","a60efffa5f321f828ce1a6b7178b4a7c31483c31","e87fc92b01a072959125780a8e961d0e22854ad4b5759a963f861233a26a61ef","5a838bd9cb3edf06df288914ad5cea60b61983f29d183a1efdeb5a3c90e3295e","411cbc8ee24d9f193976f6d1f0ef9908786ecc4e4b8a84d672ba8a16a169479e","/nfs/roberts/project/pi_jss233/zc362/chrono_divide/research-evidence/multimap-v2/screen-amendment-3/cells/task-730/cell.json"
"731","24607914","south-pacific","cd_chrono_mp01t4.map","89a428f214d5ca2a5f650b94e2847fc493d51805aac04f869f1fcc76e4db3381","34","Alliance","1","0","110,55","99,148","3003000034","0","draw","tick_cap_draw","90000","2","19","a60efffa5f321f828ce1a6b7178b4a7c31483c31","e87fc92b01a072959125780a8e961d0e22854ad4b5759a963f861233a26a61ef","5a838bd9cb3edf06df288914ad5cea60b61983f29d183a1efdeb5a3c90e3295e","edb195fce329e6c4128114085479a87368106debf7fc7968efa00151ee076202","/nfs/roberts/project/pi_jss233/zc362/chrono_divide/research-evidence/multimap-v2/screen-amendment-3/cells/task-731/cell.json"
"732","24607916","south-pacific","cd_chrono_mp01t4.map","89a428f214d5ca2a5f650b94e2847fc493d51805aac04f869f1fcc76e4db3381","37","Alliance","1","1","57,98","152,96","3003000037","0","draw","engine_nonliteral_termination_draw","31137","1","9","a60efffa5f321f828ce1a6b7178b4a7c31483c31","e87fc92b01a072959125780a8e961d0e22854ad4b5759a963f861233a26a61ef","5a838bd9cb3edf06df288914ad5cea60b61983f29d183a1efdeb5a3c90e3295e","99aa7d6fb544fadbf3fab6d1e0b3eff01330a3635ab2cc5e901cf48628a3c6b9","/nfs/roberts/project/pi_jss233/zc362/chrono_divide/research-evidence/multimap-v2/screen-amendment-3/cells/task-732/cell.json"
"733","24607917","south-pacific","cd_chrono_mp01t4.map","89a428f214d5ca2a5f650b94e2847fc493d51805aac04f869f1fcc76e4db3381","41","Alliance","1","1","99,148","110,55","3003000041","0","draw","engine_nonliteral_termination_draw","57580","1","19","a60efffa5f321f828ce1a6b7178b4a7c31483c31","e87fc92b01a072959125780a8e961d0e22854ad4b5759a963f861233a26a61ef","5a838bd9cb3edf06df288914ad5cea60b61983f29d183a1efdeb5a3c90e3295e","111c69cb54d463e4096230aa9bc27ecfc5919c4fa2364833146aadbc68533213","/nfs/roberts/project/pi_jss233/zc362/chrono_divide/research-evidence/multimap-v2/screen-amendment-3/cells/task-733/cell.json"
"734","24607918","south-pacific","cd_chrono_mp01t4.map","89a428f214d5ca2a5f650b94e2847fc493d51805aac04f869f1fcc76e4db3381","42","Alliance","1","1","152,96","57,98","3003000042","0","draw","engine_nonliteral_termination_draw","24117","1","10","a60efffa5f321f828ce1a6b7178b4a7c31483c31","e87fc92b01a072959125780a8e961d0e22854ad4b5759a963f861233a26a61ef","5a838bd9cb3edf06df288914ad5cea60b61983f29d183a1efdeb5a3c90e3295e","4c75e70a3584eb11dd39e8eb70cb8298996d1ec92ba4cf30dfcb5286670808d8","/nfs/roberts/project/pi_jss233/zc362/chrono_divide/research-evidence/multimap-v2/screen-amendment-3/cells/task-734/cell.json"
"735","24607919","south-pacific","cd_chrono_mp01t4.map","89a428f214d5ca2a5f650b94e2847fc493d51805aac04f869f1fcc76e4db3381","46","Alliance","1","1","110,55","99,148","3003000046","0","draw","tick_cap_draw","90000","2","19","a60efffa5f321f828ce1a6b7178b4a7c31483c31","e87fc92b01a072959125780a8e961d0e22854ad4b5759a963f861233a26a61ef","5a838bd9cb3edf06df288914ad5cea60b61983f29d183a1efdeb5a3c90e3295e","3df8a894a8e0aeabb327ba206378355032f847f81a49584c7db7a7eb42b1af1c","/nfs/roberts/project/pi_jss233/zc362/chrono_divide/research-evidence/multimap-v2/screen-amendment-3/cells/task-735/cell.json"
"736","24607920","south-pacific","cd_chrono_mp01t4.map","89a428f214d5ca2a5f650b94e2847fc493d51805aac04f869f1fcc76e4db3381","50","French","2","0","57,98","110,55","3003000050","0","draw","engine_nonliteral_termination_draw","9220","1","8","a60efffa5f321f828ce1a6b7178b4a7c31483c31","e87fc92b01a072959125780a8e961d0e22854ad4b5759a963f861233a26a61ef","5a838bd9cb3edf06df288914ad5cea60b61983f29d183a1efdeb5a3c90e3295e","29f1eb3e1b430b660138b7b2fa3354815b7ca9aa00eae3da49b18c209274ebf2","/nfs/roberts/project/pi_jss233/zc362/chrono_divide/research-evidence/multimap-v2/screen-amendment-3/cells/task-736/cell.json"
"737","24607923","south-pacific","cd_chrono_mp01t4.map","89a428f214d5ca2a5f650b94e2847fc493d51805aac04f869f1fcc76e4db3381","51","French","2","0","99,148","57,98","3003000051","0","draw","engine_nonliteral_termination_draw","39980","1","10","a60efffa5f321f828ce1a6b7178b4a7c31483c31","e87fc92b01a072959125780a8e961d0e22854ad4b5759a963f861233a26a61ef","5a838bd9cb3edf06df288914ad5cea60b61983f29d183a1efdeb5a3c90e3295e","7adb25e23942badbfacb87b8abad8356437560200dd3cf9e4f20b2996392b033","/nfs/roberts/project/pi_jss233/zc362/chrono_divide/research-evidence/multimap-v2/screen-amendment-3/cells/task-737/cell.json"
"738","24607926","south-pacific","cd_chrono_mp01t4.map","89a428f214d5ca2a5f650b94e2847fc493d51805aac04f869f1fcc76e4db3381","55","French","2","0","152,96","99,148","3003000055","0","draw","engine_nonliteral_termination_draw","45964","1","32","a60efffa5f321f828ce1a6b7178b4a7c31483c31","e87fc92b01a072959125780a8e961d0e22854ad4b5759a963f861233a26a61ef","5a838bd9cb3edf06df288914ad5cea60b61983f29d183a1efdeb5a3c90e3295e","a2e64b14c3f0c0cd64f01ade465cad2561272b965c7d7158ab12871119c21486","/nfs/roberts/project/pi_jss233/zc362/chrono_divide/research-evidence/multimap-v2/screen-amendment-3/cells/task-738/cell.json"
"739","24607927","south-pacific","cd_chrono_mp01t4.map","89a428f214d5ca2a5f650b94e2847fc493d51805aac04f869f1fcc76e4db3381","59","French","2","0","110,55","152,96","3003000059","0","candidate","candidate_win","30228","14","0","a60efffa5f321f828ce1a6b7178b4a7c31483c31","e87fc92b01a072959125780a8e961d0e22854ad4b5759a963f861233a26a61ef","5a838bd9cb3edf06df288914ad5cea60b61983f29d183a1efdeb5a3c90e3295e","3152517422495f60f6d648dc62718f899e393a82467a3db94cb9743d8f76ffab","/nfs/roberts/project/pi_jss233/zc362/chrono_divide/research-evidence/multimap-v2/screen-amendment-3/cells/task-739/cell.json"
"740","24607928","south-pacific","cd_chrono_mp01t4.map","89a428f214d5ca2a5f650b94e2847fc493d51805aac04f869f1fcc76e4db3381","62","French","2","1","57,98","110,55","3003000062","0","draw","engine_nonliteral_termination_draw","8788","1","8","a60efffa5f321f828ce1a6b7178b4a7c31483c31","e87fc92b01a072959125780a8e961d0e22854ad4b5759a963f861233a26a61ef","5a838bd9cb3edf06df288914ad5cea60b61983f29d183a1efdeb5a3c90e3295e","0cf8de4a5a6a28ac8df76c8e3200e24db01232d9bd088e6ed239442e84f48970","/nfs/roberts/project/pi_jss233/zc362/chrono_divide/research-evidence/multimap-v2/screen-amendment-3/cells/task-740/cell.json"
"741","24607934","south-pacific","cd_chrono_mp01t4.map","89a428f214d5ca2a5f650b94e2847fc493d51805aac04f869f1fcc76e4db3381","63","French","2","1","99,148","57,98","3003000063","0","draw","engine_nonliteral_termination_draw","28332","16","2","a60efffa5f321f828ce1a6b7178b4a7c31483c31","e87fc92b01a072959125780a8e961d0e22854ad4b5759a963f861233a26a61ef","5a838bd9cb3edf06df288914ad5cea60b61983f29d183a1efdeb5a3c90e3295e","9b88a282c6aef1aaa812a0677ff07d348032e4cc20209f5cf1a23a099648f1a4","/nfs/roberts/project/pi_jss233/zc362/chrono_divide/research-evidence/multimap-v2/screen-amendment-3/cells/task-741/cell.json"
"742","24607935","south-pacific","cd_chrono_mp01t4.map","89a428f214d5ca2a5f650b94e2847fc493d51805aac04f869f1fcc76e4db3381","67","French","2","1","152,96","99,148","3003000067","0","opponent","baseline_win","24702","0","10","a60efffa5f321f828ce1a6b7178b4a7c31483c31","e87fc92b01a072959125780a8e961d0e22854ad4b5759a963f861233a26a61ef","5a838bd9cb3edf06df288914ad5cea60b61983f29d183a1efdeb5a3c90e3295e","2f32d84359256f5e1be319e0df95fb08baee50e7af6bdefa8376b36f399cc420","/nfs/roberts/project/pi_jss233/zc362/chrono_divide/research-evidence/multimap-v2/screen-amendment-3/cells/task-742/cell.json"
"743","24608106","south-pacific","cd_chrono_mp01t4.map","89a428f214d5ca2a5f650b94e2847fc493d51805aac04f869f1fcc76e4db3381","71","French","2","1","110,55","152,96","3003000071","0","candidate","candidate_win","20074","17","0","a60efffa5f321f828ce1a6b7178b4a7c31483c31","e87fc92b01a072959125780a8e961d0e22854ad4b5759a963f861233a26a61ef","5a838bd9cb3edf06df288914ad5cea60b61983f29d183a1efdeb5a3c90e3295e","ef929a073a5345dcb78611e9173d64d83e7923999c78d28d3c3ec273d8013186","/nfs/roberts/project/pi_jss233/zc362/chrono_divide/research-evidence/multimap-v2/screen-amendment-3/cells/task-743/cell.json"
"744","24608107","south-pacific","cd_chrono_mp01t4.map","89a428f214d5ca2a5f650b94e2847fc493d51805aac04f869f1fcc76e4db3381","72","Germans","3","0","57,98","99,148","3003000072","0","draw","tick_cap_draw","90000","17","12","a60efffa5f321f828ce1a6b7178b4a7c31483c31","e87fc92b01a072959125780a8e961d0e22854ad4b5759a963f861233a26a61ef","5a838bd9cb3edf06df288914ad5cea60b61983f29d183a1efdeb5a3c90e3295e","3c350753e1d1fd3daa5e295850602036d07af0ad1d4b3ac28ee4b71b609f3f3b","/nfs/roberts/project/pi_jss233/zc362/chrono_divide/research-evidence/multimap-v2/screen-amendment-3/cells/task-744/cell.json"
"745","24608114","south-pacific","cd_chrono_mp01t4.map","89a428f214d5ca2a5f650b94e2847fc493d51805aac04f869f1fcc76e4db3381","76","Germans","3","0","99,148","152,96","3003000076","0","draw","tick_cap_draw","90000","1","8","a60efffa5f321f828ce1a6b7178b4a7c31483c31","e87fc92b01a072959125780a8e961d0e22854ad4b5759a963f861233a26a61ef","5a838bd9cb3edf06df288914ad5cea60b61983f29d183a1efdeb5a3c90e3295e","b43bc89bc6494c774359d08ed12e0a8b7863d99362126d8b9bb056dea10a4cb5","/nfs/roberts/project/pi_jss233/zc362/chrono_divide/research-evidence/multimap-v2/screen-amendment-3/cells/task-745/cell.json"
"746","24608115","south-pacific","cd_chrono_mp01t4.map","89a428f214d5ca2a5f650b94e2847fc493d51805aac04f869f1fcc76e4db3381","80","Germans","3","0","152,96","110,55","3003000080","0","draw","tick_cap_draw","90000","2","20","a60efffa5f321f828ce1a6b7178b4a7c31483c31","e87fc92b01a072959125780a8e961d0e22854ad4b5759a963f861233a26a61ef","5a838bd9cb3edf06df288914ad5cea60b61983f29d183a1efdeb5a3c90e3295e","4972625555cf52fbea960e97f31930610ab4463af1119b05511d5e29ea02794c","/nfs/roberts/project/pi_jss233/zc362/chrono_divide/research-evidence/multimap-v2/screen-amendment-3/cells/task-746/cell.json"
"747","24608116","south-pacific","cd_chrono_mp01t4.map","89a428f214d5ca2a5f650b94e2847fc493d51805aac04f869f1fcc76e4db3381","81","Germans","3","0","110,55","57,98","3003000081","0","draw","tick_cap_draw","90000","2","12","a60efffa5f321f828ce1a6b7178b4a7c31483c31","e87fc92b01a072959125780a8e961d0e22854ad4b5759a963f861233a26a61ef","5a838bd9cb3edf06df288914ad5cea60b61983f29d183a1efdeb5a3c90e3295e","7d32fcac1b4a29c817a5f676491c552d4fc418c2f1d99cdeb9cffef54bf3f515","/nfs/roberts/project/pi_jss233/zc362/chrono_divide/research-evidence/multimap-v2/screen-amendment-3/cells/task-747/cell.json"
"748","24608117","south-pacific","cd_chrono_mp01t4.map","89a428f214d5ca2a5f650b94e2847fc493d51805aac04f869f1fcc76e4db3381","84","Germans","3","1","57,98","99,148","3003000084","0","draw","engine_nonliteral_termination_draw","45292","1","15","a60efffa5f321f828ce1a6b7178b4a7c31483c31","e87fc92b01a072959125780a8e961d0e22854ad4b5759a963f861233a26a61ef","5a838bd9cb3edf06df288914ad5cea60b61983f29d183a1efdeb5a3c90e3295e","e7e50baa8b75ca3fe02dfdff381c223c4e8b3c14acdad9f727b6b5bd0beea3d9","/nfs/roberts/project/pi_jss233/zc362/chrono_divide/research-evidence/multimap-v2/screen-amendment-3/cells/task-748/cell.json"
"749","24608118","south-pacific","cd_chrono_mp01t4.map","89a428f214d5ca2a5f650b94e2847fc493d51805aac04f869f1fcc76e4db3381","88","Germans","3","1","99,148","152,96","3003000088","0","draw","tick_cap_draw","90000","8","9","a60efffa5f321f828ce1a6b7178b4a7c31483c31","e87fc92b01a072959125780a8e961d0e22854ad4b5759a963f861233a26a61ef","5a838bd9cb3edf06df288914ad5cea60b61983f29d183a1efdeb5a3c90e3295e","00fd921cdfbd0bc75b715801fc8ec2f4a78dcf2efe311dafd94fdc4b2de97186","/nfs/roberts/project/pi_jss233/zc362/chrono_divide/research-evidence/multimap-v2/screen-amendment-3/cells/task-749/cell.json"
"750","24608141","south-pacific","cd_chrono_mp01t4.map","89a428f214d5ca2a5f650b94e2847fc493d51805aac04f869f1fcc76e4db3381","92","Germans","3","1","152,96","110,55","3003000092","0","draw","engine_nonliteral_termination_draw","15076","1","8","a60efffa5f321f828ce1a6b7178b4a7c31483c31","e87fc92b01a072959125780a8e961d0e22854ad4b5759a963f861233a26a61ef","5a838bd9cb3edf06df288914ad5cea60b61983f29d183a1efdeb5a3c90e3295e","159f2b149dd958852a2079a1c896cdff5bfbbd2c32b36f02de5464dca87ff183","/nfs/roberts/project/pi_jss233/zc362/chrono_divide/research-evidence/multimap-v2/screen-amendment-3/cells/task-750/cell.json"
"751","24608143","south-pacific","cd_chrono_mp01t4.map","89a428f214d5ca2a5f650b94e2847fc493d51805aac04f869f1fcc76e4db3381","93","Germans","3","1","110,55","57,98","3003000093","0","draw","tick_cap_draw","90000","2","20","a60efffa5f321f828ce1a6b7178b4a7c31483c31","e87fc92b01a072959125780a8e961d0e22854ad4b5759a963f861233a26a61ef","5a838bd9cb3edf06df288914ad5cea60b61983f29d183a1efdeb5a3c90e3295e","80db06a46cce516c757f8dbf66a619a08497cdacfcd00f9e37965daaa209c547","/nfs/roberts/project/pi_jss233/zc362/chrono_divide/research-evidence/multimap-v2/screen-amendment-3/cells/task-751/cell.json"
"752","24608144","south-pacific","cd_chrono_mp01t4.map","89a428f214d5ca2a5f650b94e2847fc493d51805aac04f869f1fcc76e4db3381","97","British","4","0","57,98","152,96","3003000097","0","draw","engine_nonliteral_termination_draw","23292","1","9","a60efffa5f321f828ce1a6b7178b4a7c31483c31","e87fc92b01a072959125780a8e961d0e22854ad4b5759a963f861233a26a61ef","5a838bd9cb3edf06df288914ad5cea60b61983f29d183a1efdeb5a3c90e3295e","34e54b58fa05836e121b45e758bccb47e719ed4d5bcca7e11240ebbb17b1cb3d","/nfs/roberts/project/pi_jss233/zc362/chrono_divide/research-evidence/multimap-v2/screen-amendment-3/cells/task-752/cell.json"
"753","24608147","south-pacific","cd_chrono_mp01t4.map","89a428f214d5ca2a5f650b94e2847fc493d51805aac04f869f1fcc76e4db3381","101","British","4","0","99,148","110,55","3003000101","0","draw","tick_cap_draw","90000","1","19","a60efffa5f321f828ce1a6b7178b4a7c31483c31","e87fc92b01a072959125780a8e961d0e22854ad4b5759a963f861233a26a61ef","5a838bd9cb3edf06df288914ad5cea60b61983f29d183a1efdeb5a3c90e3295e","c9784efa1e4f8439c947fd310aeda7b962db13e97e28efa0181383a1a500bc50","/nfs/roberts/project/pi_jss233/zc362/chrono_divide/research-evidence/multimap-v2/screen-amendment-3/cells/task-753/cell.json"
"754","24608149","south-pacific","cd_chrono_mp01t4.map","89a428f214d5ca2a5f650b94e2847fc493d51805aac04f869f1fcc76e4db3381","102","British","4","0","152,96","57,98","3003000102","0","draw","tick_cap_draw","90000","1","8","a60efffa5f321f828ce1a6b7178b4a7c31483c31","e87fc92b01a072959125780a8e961d0e22854ad4b5759a963f861233a26a61ef","5a838bd9cb3edf06df288914ad5cea60b61983f29d183a1efdeb5a3c90e3295e","bccfb19af51d6e20b7c982053ffdcea1083db1c1e2bb4daf277811078af62b64","/nfs/roberts/project/pi_jss233/zc362/chrono_divide/research-evidence/multimap-v2/screen-amendment-3/cells/task-754/cell.json"
"755","24608150","south-pacific","cd_chrono_mp01t4.map","89a428f214d5ca2a5f650b94e2847fc493d51805aac04f869f1fcc76e4db3381","106","British","4","0","110,55","99,148","3003000106","0","draw","tick_cap_draw","90000","1","20","a60efffa5f321f828ce1a6b7178b4a7c31483c31","e87fc92b01a072959125780a8e961d0e22854ad4b5759a963f861233a26a61ef","5a838bd9cb3edf06df288914ad5cea60b61983f29d183a1efdeb5a3c90e3295e","c517b7262e0ef6ca723decfc4c4dc2715c6f2f684f87c79f402787925b7dbe70","/nfs/roberts/project/pi_jss233/zc362/chrono_divide/research-evidence/multimap-v2/screen-amendment-3/cells/task-755/cell.json"
"756","24608152","south-pacific","cd_chrono_mp01t4.map","89a428f214d5ca2a5f650b94e2847fc493d51805aac04f869f1fcc76e4db3381","109","British","4","1","57,98","152,96","3003000109","0","draw","tick_cap_draw","90000","3","20","a60efffa5f321f828ce1a6b7178b4a7c31483c31","e87fc92b01a072959125780a8e961d0e22854ad4b5759a963f861233a26a61ef","5a838bd9cb3edf06df288914ad5cea60b61983f29d183a1efdeb5a3c90e3295e","8bd963717410d2a5cc6d6792cc34de02796ef53ac175203e0724b93bd2066df7","/nfs/roberts/project/pi_jss233/zc362/chrono_divide/research-evidence/multimap-v2/screen-amendment-3/cells/task-756/cell.json"
"757","24608153","south-pacific","cd_chrono_mp01t4.map","89a428f214d5ca2a5f650b94e2847fc493d51805aac04f869f1fcc76e4db3381","113","British","4","1","99,148","110,55","3003000113","0","draw","tick_cap_draw","90000","2","19","a60efffa5f321f828ce1a6b7178b4a7c31483c31","e87fc92b01a072959125780a8e961d0e22854ad4b5759a963f861233a26a61ef","5a838bd9cb3edf06df288914ad5cea60b61983f29d183a1efdeb5a3c90e3295e","df8698bc6a82b610e8e6e44e6839f697cf7989c81ead024f6e577106a887c463","/nfs/roberts/project/pi_jss233/zc362/chrono_divide/research-evidence/multimap-v2/screen-amendment-3/cells/task-757/cell.json"
"758","24608154","south-pacific","cd_chrono_mp01t4.map","89a428f214d5ca2a5f650b94e2847fc493d51805aac04f869f1fcc76e4db3381","114","British","4","1","152,96","57,98","3003000114","0","draw","tick_cap_draw","90000","2","9","a60efffa5f321f828ce1a6b7178b4a7c31483c31","e87fc92b01a072959125780a8e961d0e22854ad4b5759a963f861233a26a61ef","5a838bd9cb3edf06df288914ad5cea60b61983f29d183a1efdeb5a3c90e3295e","41c1ad8f9bd66f9f7bc261260a6ad2a5f0b028dfad9a259276bf2ceb15ce3561","/nfs/roberts/project/pi_jss233/zc362/chrono_divide/research-evidence/multimap-v2/screen-amendment-3/cells/task-758/cell.json"
"759","24608156","south-pacific","cd_chrono_mp01t4.map","89a428f214d5ca2a5f650b94e2847fc493d51805aac04f869f1fcc76e4db3381","118","British","4","1","110,55","99,148","3003000118","0","draw","tick_cap_draw","90000","2","19","a60efffa5f321f828ce1a6b7178b4a7c31483c31","e87fc92b01a072959125780a8e961d0e22854ad4b5759a963f861233a26a61ef","5a838bd9cb3edf06df288914ad5cea60b61983f29d183a1efdeb5a3c90e3295e","393d52f61d565b1c47b2e2aa964124e1db2f40cfe1969b2ed05b413ebad6b310","/nfs/roberts/project/pi_jss233/zc362/chrono_divide/research-evidence/multimap-v2/screen-amendment-3/cells/task-759/cell.json"
"760","24608170","south-pacific","cd_chrono_mp01t4.map","89a428f214d5ca2a5f650b94e2847fc493d51805aac04f869f1fcc76e4db3381","122","Africans","5","0","57,98","110,55","3003000122","0","draw","engine_nonliteral_termination_draw","11540","1","8","a60efffa5f321f828ce1a6b7178b4a7c31483c31","e87fc92b01a072959125780a8e961d0e22854ad4b5759a963f861233a26a61ef","5a838bd9cb3edf06df288914ad5cea60b61983f29d183a1efdeb5a3c90e3295e","7a180a9693aaba16d8de801ae3cf7230ac533245ccf3766bbc947b0e0bb3bb15","/nfs/roberts/project/pi_jss233/zc362/chrono_divide/research-evidence/multimap-v2/screen-amendment-3/cells/task-760/cell.json"
"761","24608171","south-pacific","cd_chrono_mp01t4.map","89a428f214d5ca2a5f650b94e2847fc493d51805aac04f869f1fcc76e4db3381","123","Africans","5","0","99,148","57,98","3003000123","0","draw","tick_cap_draw","90000","19","12","a60efffa5f321f828ce1a6b7178b4a7c31483c31","e87fc92b01a072959125780a8e961d0e22854ad4b5759a963f861233a26a61ef","5a838bd9cb3edf06df288914ad5cea60b61983f29d183a1efdeb5a3c90e3295e","ce7403c34535f1d14856c078992c8b29c28b40c71ac650498e6c7cb41449288a","/nfs/roberts/project/pi_jss233/zc362/chrono_divide/research-evidence/multimap-v2/screen-amendment-3/cells/task-761/cell.json"
"762","24608175","south-pacific","cd_chrono_mp01t4.map","89a428f214d5ca2a5f650b94e2847fc493d51805aac04f869f1fcc76e4db3381","127","Africans","5","0","152,96","99,148","3003000127","0","draw","tick_cap_draw","90000","2","8","a60efffa5f321f828ce1a6b7178b4a7c31483c31","e87fc92b01a072959125780a8e961d0e22854ad4b5759a963f861233a26a61ef","5a838bd9cb3edf06df288914ad5cea60b61983f29d183a1efdeb5a3c90e3295e","b878393092aa775cd951b923051a433d6b7de4570f41097247dbd5aec7addfc2","/nfs/roberts/project/pi_jss233/zc362/chrono_divide/research-evidence/multimap-v2/screen-amendment-3/cells/task-762/cell.json"
"763","24608176","south-pacific","cd_chrono_mp01t4.map","89a428f214d5ca2a5f650b94e2847fc493d51805aac04f869f1fcc76e4db3381","131","Africans","5","0","110,55","152,96","3003000131","0","draw","tick_cap_draw","90000","15","13","a60efffa5f321f828ce1a6b7178b4a7c31483c31","e87fc92b01a072959125780a8e961d0e22854ad4b5759a963f861233a26a61ef","5a838bd9cb3edf06df288914ad5cea60b61983f29d183a1efdeb5a3c90e3295e","90b5e467a7a9623bd419e8b304259713da71ac76198e1284d346ce2c41cb0443","/nfs/roberts/project/pi_jss233/zc362/chrono_divide/research-evidence/multimap-v2/screen-amendment-3/cells/task-763/cell.json"
"764","24608177","south-pacific","cd_chrono_mp01t4.map","89a428f214d5ca2a5f650b94e2847fc493d51805aac04f869f1fcc76e4db3381","134","Africans","5","1","57,98","110,55","3003000134","0","draw","engine_nonliteral_termination_draw","53932","28","1","a60efffa5f321f828ce1a6b7178b4a7c31483c31","e87fc92b01a072959125780a8e961d0e22854ad4b5759a963f861233a26a61ef","5a838bd9cb3edf06df288914ad5cea60b61983f29d183a1efdeb5a3c90e3295e","d599c82d44b802197961ce2f8bc4e3895d46a6f882c00a14e4bb1c6aa8a271e7","/nfs/roberts/project/pi_jss233/zc362/chrono_divide/research-evidence/multimap-v2/screen-amendment-3/cells/task-764/cell.json"
"765","24608178","south-pacific","cd_chrono_mp01t4.map","89a428f214d5ca2a5f650b94e2847fc493d51805aac04f869f1fcc76e4db3381","135","Africans","5","1","99,148","57,98","3003000135","0","draw","tick_cap_draw","90000","3","11","a60efffa5f321f828ce1a6b7178b4a7c31483c31","e87fc92b01a072959125780a8e961d0e22854ad4b5759a963f861233a26a61ef","5a838bd9cb3edf06df288914ad5cea60b61983f29d183a1efdeb5a3c90e3295e","2e0ca2c3452dd11aedb8d79b89f22d2828f19049798c0ae3e82e02f3e23a81a0","/nfs/roberts/project/pi_jss233/zc362/chrono_divide/research-evidence/multimap-v2/screen-amendment-3/cells/task-765/cell.json"
"766","24608179","south-pacific","cd_chrono_mp01t4.map","89a428f214d5ca2a5f650b94e2847fc493d51805aac04f869f1fcc76e4db3381","139","Africans","5","1","152,96","99,148","3003000139","0","draw","tick_cap_draw","90000","2","8","a60efffa5f321f828ce1a6b7178b4a7c31483c31","e87fc92b01a072959125780a8e961d0e22854ad4b5759a963f861233a26a61ef","5a838bd9cb3edf06df288914ad5cea60b61983f29d183a1efdeb5a3c90e3295e","4813e75c8552ee0b3219445ffb6fb3f85416fb029babecff9a0903a2a15beaa6","/nfs/roberts/project/pi_jss233/zc362/chrono_divide/research-evidence/multimap-v2/screen-amendment-3/cells/task-766/cell.json"
"767","24608365","south-pacific","cd_chrono_mp01t4.map","89a428f214d5ca2a5f650b94e2847fc493d51805aac04f869f1fcc76e4db3381","143","Africans","5","1","110,55","152,96","3003000143","0","draw","tick_cap_draw","90000","15","14","a60efffa5f321f828ce1a6b7178b4a7c31483c31","e87fc92b01a072959125780a8e961d0e22854ad4b5759a963f861233a26a61ef","5a838bd9cb3edf06df288914ad5cea60b61983f29d183a1efdeb5a3c90e3295e","92eeb9afcf76181a655f6d45a52dcf4a342ffc5db9227c951d9b33749920a239","/nfs/roberts/project/pi_jss233/zc362/chrono_divide/research-evidence/multimap-v2/screen-amendment-3/cells/task-767/cell.json"
"768","24608374","south-pacific","cd_chrono_mp01t4.map","89a428f214d5ca2a5f650b94e2847fc493d51805aac04f869f1fcc76e4db3381","144","Arabs","6","0","57,98","99,148","3003000144","0","draw","tick_cap_draw","90000","2","21","a60efffa5f321f828ce1a6b7178b4a7c31483c31","e87fc92b01a072959125780a8e961d0e22854ad4b5759a963f861233a26a61ef","5a838bd9cb3edf06df288914ad5cea60b61983f29d183a1efdeb5a3c90e3295e","17eaf12e2fa6300f36631f854d480777da04e1d794404f2b4b9ca8a10daa8a45","/nfs/roberts/project/pi_jss233/zc362/chrono_divide/research-evidence/multimap-v2/screen-amendment-3/cells/task-768/cell.json"
"769","24608385","south-pacific","cd_chrono_mp01t4.map","89a428f214d5ca2a5f650b94e2847fc493d51805aac04f869f1fcc76e4db3381","148","Arabs","6","0","99,148","152,96","3003000148","0","draw","tick_cap_draw","90000","17","7","a60efffa5f321f828ce1a6b7178b4a7c31483c31","e87fc92b01a072959125780a8e961d0e22854ad4b5759a963f861233a26a61ef","5a838bd9cb3edf06df288914ad5cea60b61983f29d183a1efdeb5a3c90e3295e","6bbb099ecb5421c19b2e6fcb4451d3ce7de031a435de2c84b1ba0d78dde2a598","/nfs/roberts/project/pi_jss233/zc362/chrono_divide/research-evidence/multimap-v2/screen-amendment-3/cells/task-769/cell.json"
"770","24608410","south-pacific","cd_chrono_mp01t4.map","89a428f214d5ca2a5f650b94e2847fc493d51805aac04f869f1fcc76e4db3381","152","Arabs","6","0","152,96","110,55","3003000152","0","draw","engine_nonliteral_termination_draw","12756","1","8","a60efffa5f321f828ce1a6b7178b4a7c31483c31","e87fc92b01a072959125780a8e961d0e22854ad4b5759a963f861233a26a61ef","5a838bd9cb3edf06df288914ad5cea60b61983f29d183a1efdeb5a3c90e3295e","fda0b3577f4863d3a8c825a49def9b75c983b04f83fdaf9926261805e221f5d4","/nfs/roberts/project/pi_jss233/zc362/chrono_divide/research-evidence/multimap-v2/screen-amendment-3/cells/task-770/cell.json"
"771","24608411","south-pacific","cd_chrono_mp01t4.map","89a428f214d5ca2a5f650b94e2847fc493d51805aac04f869f1fcc76e4db3381","153","Arabs","6","0","110,55","57,98","3003000153","0","draw","engine_nonliteral_termination_draw","33004","17","1","a60efffa5f321f828ce1a6b7178b4a7c31483c31","e87fc92b01a072959125780a8e961d0e22854ad4b5759a963f861233a26a61ef","5a838bd9cb3edf06df288914ad5cea60b61983f29d183a1efdeb5a3c90e3295e","a9d869ec11aa8d8137260e3a0328eead524ab2cb48a6c94eb5e6f8816631dbcf","/nfs/roberts/project/pi_jss233/zc362/chrono_divide/research-evidence/multimap-v2/screen-amendment-3/cells/task-771/cell.json"
"772","24608418","south-pacific","cd_chrono_mp01t4.map","89a428f214d5ca2a5f650b94e2847fc493d51805aac04f869f1fcc76e4db3381","156","Arabs","6","1","57,98","99,148","3003000156","0","draw","engine_nonliteral_termination_draw","12340","1","9","a60efffa5f321f828ce1a6b7178b4a7c31483c31","e87fc92b01a072959125780a8e961d0e22854ad4b5759a963f861233a26a61ef","5a838bd9cb3edf06df288914ad5cea60b61983f29d183a1efdeb5a3c90e3295e","0ea928db069f2b481ab31a83f7e61e19c8928cf2c7106584292f8dfb855cb425","/nfs/roberts/project/pi_jss233/zc362/chrono_divide/research-evidence/multimap-v2/screen-amendment-3/cells/task-772/cell.json"
"773","24608420","south-pacific","cd_chrono_mp01t4.map","89a428f214d5ca2a5f650b94e2847fc493d51805aac04f869f1fcc76e4db3381","160","Arabs","6","1","99,148","152,96","3003000160","0","draw","engine_nonliteral_termination_draw","79723","17","1","a60efffa5f321f828ce1a6b7178b4a7c31483c31","e87fc92b01a072959125780a8e961d0e22854ad4b5759a963f861233a26a61ef","5a838bd9cb3edf06df288914ad5cea60b61983f29d183a1efdeb5a3c90e3295e","dc59c1bf6bfb32241d0f0e8484c8814416d4dface6837955e3f22b0fb46ad1c7","/nfs/roberts/project/pi_jss233/zc362/chrono_divide/research-evidence/multimap-v2/screen-amendment-3/cells/task-773/cell.json"
"774","24608423","south-pacific","cd_chrono_mp01t4.map","89a428f214d5ca2a5f650b94e2847fc493d51805aac04f869f1fcc76e4db3381","164","Arabs","6","1","152,96","110,55","3003000164","0","draw","engine_nonliteral_termination_draw","12436","1","8","a60efffa5f321f828ce1a6b7178b4a7c31483c31","e87fc92b01a072959125780a8e961d0e22854ad4b5759a963f861233a26a61ef","5a838bd9cb3edf06df288914ad5cea60b61983f29d183a1efdeb5a3c90e3295e","a0bac9c308c5c47830ae645705e1763a2d72d074d82a1942677fb45d597d89c2","/nfs/roberts/project/pi_jss233/zc362/chrono_divide/research-evidence/multimap-v2/screen-amendment-3/cells/task-774/cell.json"
"775","24608427","south-pacific","cd_chrono_mp01t4.map","89a428f214d5ca2a5f650b94e2847fc493d51805aac04f869f1fcc76e4db3381","165","Arabs","6","1","110,55","57,98","3003000165","0","draw","tick_cap_draw","90000","2","13","a60efffa5f321f828ce1a6b7178b4a7c31483c31","e87fc92b01a072959125780a8e961d0e22854ad4b5759a963f861233a26a61ef","5a838bd9cb3edf06df288914ad5cea60b61983f29d183a1efdeb5a3c90e3295e","6920f558fa8603e59e7f12e2634e10912edc1da7e73a10d92b1753e1c943d180","/nfs/roberts/project/pi_jss233/zc362/chrono_divide/research-evidence/multimap-v2/screen-amendment-3/cells/task-775/cell.json"
"776","24608428","south-pacific","cd_chrono_mp01t4.map","89a428f214d5ca2a5f650b94e2847fc493d51805aac04f869f1fcc76e4db3381","169","Confederation","7","0","57,98","152,96","3003000169","0","opponent","baseline_win","18880","0","9","a60efffa5f321f828ce1a6b7178b4a7c31483c31","e87fc92b01a072959125780a8e961d0e22854ad4b5759a963f861233a26a61ef","5a838bd9cb3edf06df288914ad5cea60b61983f29d183a1efdeb5a3c90e3295e","43d2e31f99d91881ec9993b87e6e759a9e1806b1ca7a9e6c32ef39bbf7aa5d19","/nfs/roberts/project/pi_jss233/zc362/chrono_divide/research-evidence/multimap-v2/screen-amendment-3/cells/task-776/cell.json"
"777","24608558","south-pacific","cd_chrono_mp01t4.map","89a428f214d5ca2a5f650b94e2847fc493d51805aac04f869f1fcc76e4db3381","173","Confederation","7","0","99,148","110,55","3003000173","0","draw","tick_cap_draw","90000","17","3","a60efffa5f321f828ce1a6b7178b4a7c31483c31","e87fc92b01a072959125780a8e961d0e22854ad4b5759a963f861233a26a61ef","5a838bd9cb3edf06df288914ad5cea60b61983f29d183a1efdeb5a3c90e3295e","0118270363cd96835007f9a07f14ce5a27fe632d97c851bd72f479d53a1da6ec","/nfs/roberts/project/pi_jss233/zc362/chrono_divide/research-evidence/multimap-v2/screen-amendment-3/cells/task-777/cell.json"
"778","24608590","south-pacific","cd_chrono_mp01t4.map","89a428f214d5ca2a5f650b94e2847fc493d51805aac04f869f1fcc76e4db3381","174","Confederation","7","0","152,96","57,98","3003000174","0","draw","engine_nonliteral_termination_draw","48844","17","2","a60efffa5f321f828ce1a6b7178b4a7c31483c31","e87fc92b01a072959125780a8e961d0e22854ad4b5759a963f861233a26a61ef","5a838bd9cb3edf06df288914ad5cea60b61983f29d183a1efdeb5a3c90e3295e","28d6e6523bda32fc94fa99d7046f5278e11f16ae799581f1053ff5a91925127e","/nfs/roberts/project/pi_jss233/zc362/chrono_divide/research-evidence/multimap-v2/screen-amendment-3/cells/task-778/cell.json"
"779","24608591","south-pacific","cd_chrono_mp01t4.map","89a428f214d5ca2a5f650b94e2847fc493d51805aac04f869f1fcc76e4db3381","178","Confederation","7","0","110,55","99,148","3003000178","0","draw","tick_cap_draw","90000","2","14","a60efffa5f321f828ce1a6b7178b4a7c31483c31","e87fc92b01a072959125780a8e961d0e22854ad4b5759a963f861233a26a61ef","5a838bd9cb3edf06df288914ad5cea60b61983f29d183a1efdeb5a3c90e3295e","e109bdfc7a5e1d9da579d5e7a39890540985a41fcdfebf49223f085beff5ceea","/nfs/roberts/project/pi_jss233/zc362/chrono_divide/research-evidence/multimap-v2/screen-amendment-3/cells/task-779/cell.json"
"780","24608597","south-pacific","cd_chrono_mp01t4.map","89a428f214d5ca2a5f650b94e2847fc493d51805aac04f869f1fcc76e4db3381","181","Confederation","7","1","57,98","152,96","3003000181","0","draw","tick_cap_draw","90000","28","2","a60efffa5f321f828ce1a6b7178b4a7c31483c31","e87fc92b01a072959125780a8e961d0e22854ad4b5759a963f861233a26a61ef","5a838bd9cb3edf06df288914ad5cea60b61983f29d183a1efdeb5a3c90e3295e","2b135b80706f66b5d82b75f079533d1e2413bb26fd184688cadf0e1b1edda7c7","/nfs/roberts/project/pi_jss233/zc362/chrono_divide/research-evidence/multimap-v2/screen-amendment-3/cells/task-780/cell.json"
"781","24608598","south-pacific","cd_chrono_mp01t4.map","89a428f214d5ca2a5f650b94e2847fc493d51805aac04f869f1fcc76e4db3381","185","Confederation","7","1","99,148","110,55","3003000185","0","candidate","candidate_win","28565","19","0","a60efffa5f321f828ce1a6b7178b4a7c31483c31","e87fc92b01a072959125780a8e961d0e22854ad4b5759a963f861233a26a61ef","5a838bd9cb3edf06df288914ad5cea60b61983f29d183a1efdeb5a3c90e3295e","1622e391273752c1d5c7857171842ecfebd574e54cf3158e601e0bd6bb181e9f","/nfs/roberts/project/pi_jss233/zc362/chrono_divide/research-evidence/multimap-v2/screen-amendment-3/cells/task-781/cell.json"
"782","24608605","south-pacific","cd_chrono_mp01t4.map","89a428f214d5ca2a5f650b94e2847fc493d51805aac04f869f1fcc76e4db3381","186","Confederation","7","1","152,96","57,98","3003000186","0","draw","engine_nonliteral_termination_draw","38012","17","2","a60efffa5f321f828ce1a6b7178b4a7c31483c31","e87fc92b01a072959125780a8e961d0e22854ad4b5759a963f861233a26a61ef","5a838bd9cb3edf06df288914ad5cea60b61983f29d183a1efdeb5a3c90e3295e","a7257475f51c61fd69bf01f2b4362e22d28ecac998241a27fa4faeaa31691e2e","/nfs/roberts/project/pi_jss233/zc362/chrono_divide/research-evidence/multimap-v2/screen-amendment-3/cells/task-782/cell.json"
"783","24608715","south-pacific","cd_chrono_mp01t4.map","89a428f214d5ca2a5f650b94e2847fc493d51805aac04f869f1fcc76e4db3381","190","Confederation","7","1","110,55","99,148","3003000190","0","draw","tick_cap_draw","90000","2","19","a60efffa5f321f828ce1a6b7178b4a7c31483c31","e87fc92b01a072959125780a8e961d0e22854ad4b5759a963f861233a26a61ef","5a838bd9cb3edf06df288914ad5cea60b61983f29d183a1efdeb5a3c90e3295e","23b6f3c75453807ac7a70433f41343e1657b54ad5100441047adcd5fcd9084f0","/nfs/roberts/project/pi_jss233/zc362/chrono_divide/research-evidence/multimap-v2/screen-amendment-3/cells/task-783/cell.json"
"784","24608716","south-pacific","cd_chrono_mp01t4.map","89a428f214d5ca2a5f650b94e2847fc493d51805aac04f869f1fcc76e4db3381","194","Russians","8","0","57,98","110,55","3003000194","0","draw","engine_nonliteral_termination_draw","89533","28","1","a60efffa5f321f828ce1a6b7178b4a7c31483c31","e87fc92b01a072959125780a8e961d0e22854ad4b5759a963f861233a26a61ef","5a838bd9cb3edf06df288914ad5cea60b61983f29d183a1efdeb5a3c90e3295e","42833a417f62f1a916b0bd1ee97a5ab81e9d9df95ba8a6bcd6d1f7935d8f4123","/nfs/roberts/project/pi_jss233/zc362/chrono_divide/research-evidence/multimap-v2/screen-amendment-3/cells/task-784/cell.json"
"785","24608745","south-pacific","cd_chrono_mp01t4.map","89a428f214d5ca2a5f650b94e2847fc493d51805aac04f869f1fcc76e4db3381","195","Russians","8","0","99,148","57,98","3003000195","0","draw","tick_cap_draw","90000","2","11","a60efffa5f321f828ce1a6b7178b4a7c31483c31","e87fc92b01a072959125780a8e961d0e22854ad4b5759a963f861233a26a61ef","5a838bd9cb3edf06df288914ad5cea60b61983f29d183a1efdeb5a3c90e3295e","17b32d6b31271f5c31c69545b6e5f9442b12caba5d331ee700033a77e93210a4","/nfs/roberts/project/pi_jss233/zc362/chrono_divide/research-evidence/multimap-v2/screen-amendment-3/cells/task-785/cell.json"
"786","24608746","south-pacific","cd_chrono_mp01t4.map","89a428f214d5ca2a5f650b94e2847fc493d51805aac04f869f1fcc76e4db3381","199","Russians","8","0","152,96","99,148","3003000199","0","opponent","baseline_win","19853","0","9","a60efffa5f321f828ce1a6b7178b4a7c31483c31","e87fc92b01a072959125780a8e961d0e22854ad4b5759a963f861233a26a61ef","5a838bd9cb3edf06df288914ad5cea60b61983f29d183a1efdeb5a3c90e3295e","ae0ddf2e49383a820c7d90863034e202c018e261fbc0d4d8bcb5d496fd37a26f","/nfs/roberts/project/pi_jss233/zc362/chrono_divide/research-evidence/multimap-v2/screen-amendment-3/cells/task-786/cell.json"
"787","24608754","south-pacific","cd_chrono_mp01t4.map","89a428f214d5ca2a5f650b94e2847fc493d51805aac04f869f1fcc76e4db3381","203","Russians","8","0","110,55","152,96","3003000203","0","draw","tick_cap_draw","90000","17","9","a60efffa5f321f828ce1a6b7178b4a7c31483c31","e87fc92b01a072959125780a8e961d0e22854ad4b5759a963f861233a26a61ef","5a838bd9cb3edf06df288914ad5cea60b61983f29d183a1efdeb5a3c90e3295e","2be04d9083e4f183b1ed1586bcdd6d091d5c92a588848271a6620e2f0f4a59a5","/nfs/roberts/project/pi_jss233/zc362/chrono_divide/research-evidence/multimap-v2/screen-amendment-3/cells/task-787/cell.json"
"788","24608758","south-pacific","cd_chrono_mp01t4.map","89a428f214d5ca2a5f650b94e2847fc493d51805aac04f869f1fcc76e4db3381","206","Russians","8","1","57,98","110,55","3003000206","0","opponent","baseline_win","12908","0","8","a60efffa5f321f828ce1a6b7178b4a7c31483c31","e87fc92b01a072959125780a8e961d0e22854ad4b5759a963f861233a26a61ef","5a838bd9cb3edf06df288914ad5cea60b61983f29d183a1efdeb5a3c90e3295e","7cc935b21d03d5ec45d2d95e273a69ac1160ce0149503989f61d94706147b639","/nfs/roberts/project/pi_jss233/zc362/chrono_divide/research-evidence/multimap-v2/screen-amendment-3/cells/task-788/cell.json"
"789","24608763","south-pacific","cd_chrono_mp01t4.map","89a428f214d5ca2a5f650b94e2847fc493d51805aac04f869f1fcc76e4db3381","207","Russians","8","1","99,148","57,98","3003000207","0","draw","tick_cap_draw","90000","4","9","a60efffa5f321f828ce1a6b7178b4a7c31483c31","e87fc92b01a072959125780a8e961d0e22854ad4b5759a963f861233a26a61ef","5a838bd9cb3edf06df288914ad5cea60b61983f29d183a1efdeb5a3c90e3295e","4d55f261b3517ead07907368fb20a7f14296853955f7a3aa9a683bd7b84b05fc","/nfs/roberts/project/pi_jss233/zc362/chrono_divide/research-evidence/multimap-v2/screen-amendment-3/cells/task-789/cell.json"
"790","24608764","south-pacific","cd_chrono_mp01t4.map","89a428f214d5ca2a5f650b94e2847fc493d51805aac04f869f1fcc76e4db3381","211","Russians","8","1","152,96","99,148","3003000211","0","draw","tick_cap_draw","90000","1","20","a60efffa5f321f828ce1a6b7178b4a7c31483c31","e87fc92b01a072959125780a8e961d0e22854ad4b5759a963f861233a26a61ef","5a838bd9cb3edf06df288914ad5cea60b61983f29d183a1efdeb5a3c90e3295e","a413244ffa18588e8517703bad97b6173517ba3c2b8afabd6b5adba7e52e9424","/nfs/roberts/project/pi_jss233/zc362/chrono_divide/research-evidence/multimap-v2/screen-amendment-3/cells/task-790/cell.json"
"791","24608765","south-pacific","cd_chrono_mp01t4.map","89a428f214d5ca2a5f650b94e2847fc493d51805aac04f869f1fcc76e4db3381","215","Russians","8","1","110,55","152,96","3003000215","0","draw","tick_cap_draw","90000","15","12","a60efffa5f321f828ce1a6b7178b4a7c31483c31","e87fc92b01a072959125780a8e961d0e22854ad4b5759a963f861233a26a61ef","5a838bd9cb3edf06df288914ad5cea60b61983f29d183a1efdeb5a3c90e3295e","6001b523271b25cfe9a8d7717ea7e8d5276652866b6e549fb51aa1313c554f7d","/nfs/roberts/project/pi_jss233/zc362/chrono_divide/research-evidence/multimap-v2/screen-amendment-3/cells/task-791/cell.json"
"792","24608766","south-pacific-2","cd_2_south_pacific.map","5d8122dc9234cc6fbcb68ec428cbea28b31496617253274ee15296a7c2807e2e","0","Americans","0","0","57,98","152,96","3003100000","0","draw","tick_cap_draw","90000","1","21","a60efffa5f321f828ce1a6b7178b4a7c31483c31","e87fc92b01a072959125780a8e961d0e22854ad4b5759a963f861233a26a61ef","5a838bd9cb3edf06df288914ad5cea60b61983f29d183a1efdeb5a3c90e3295e","a9731c7c35defe1c19f7c39bd3f2c2e62611228e224db13151ee36cf8105f09a","/nfs/roberts/project/pi_jss233/zc362/chrono_divide/research-evidence/multimap-v2/screen-amendment-3/cells/task-792/cell.json"
"793","24608767","south-pacific-2","cd_2_south_pacific.map","5d8122dc9234cc6fbcb68ec428cbea28b31496617253274ee15296a7c2807e2e","5","Americans","0","0","152,96","57,98","3003100005","0","draw","engine_nonliteral_termination_draw","48172","16","1","a60efffa5f321f828ce1a6b7178b4a7c31483c31","e87fc92b01a072959125780a8e961d0e22854ad4b5759a963f861233a26a61ef","5a838bd9cb3edf06df288914ad5cea60b61983f29d183a1efdeb5a3c90e3295e","9e5f94a490e54804aa307396df408d7af7a153077a0cc41ca23f41b839e22bf4","/nfs/roberts/project/pi_jss233/zc362/chrono_divide/research-evidence/multimap-v2/screen-amendment-3/cells/task-793/cell.json"
"794","24608775","south-pacific-2","cd_2_south_pacific.map","5d8122dc9234cc6fbcb68ec428cbea28b31496617253274ee15296a7c2807e2e","10","Americans","0","1","57,98","152,96","3003100010","0","draw","tick_cap_draw","90000","1","21","a60efffa5f321f828ce1a6b7178b4a7c31483c31","e87fc92b01a072959125780a8e961d0e22854ad4b5759a963f861233a26a61ef","5a838bd9cb3edf06df288914ad5cea60b61983f29d183a1efdeb5a3c90e3295e","e081288cbffd80af65077556eb9aedfeb8c2cb412479cb179002a5e796fe29ab","/nfs/roberts/project/pi_jss233/zc362/chrono_divide/research-evidence/multimap-v2/screen-amendment-3/cells/task-794/cell.json"
"795","24608780","south-pacific-2","cd_2_south_pacific.map","5d8122dc9234cc6fbcb68ec428cbea28b31496617253274ee15296a7c2807e2e","15","Americans","0","1","152,96","57,98","3003100015","0","draw","engine_nonliteral_termination_draw","21972","15","1","a60efffa5f321f828ce1a6b7178b4a7c31483c31","e87fc92b01a072959125780a8e961d0e22854ad4b5759a963f861233a26a61ef","5a838bd9cb3edf06df288914ad5cea60b61983f29d183a1efdeb5a3c90e3295e","58481c74454a7a3e9bb95700152961212e1a542003c8ae6bb0044b6bdf4ebc52","/nfs/roberts/project/pi_jss233/zc362/chrono_divide/research-evidence/multimap-v2/screen-amendment-3/cells/task-795/cell.json"
"796","24608919","south-pacific-2","cd_2_south_pacific.map","5d8122dc9234cc6fbcb68ec428cbea28b31496617253274ee15296a7c2807e2e","20","Alliance","1","0","57,98","152,96","3003100020","0","opponent","baseline_win","20566","0","9","a60efffa5f321f828ce1a6b7178b4a7c31483c31","e87fc92b01a072959125780a8e961d0e22854ad4b5759a963f861233a26a61ef","5a838bd9cb3edf06df288914ad5cea60b61983f29d183a1efdeb5a3c90e3295e","6a7f37963119739c5f8b893ebd85f4ec906e602cc6297e9c42b55f878d7d85e1","/nfs/roberts/project/pi_jss233/zc362/chrono_divide/research-evidence/multimap-v2/screen-amendment-3/cells/task-796/cell.json"
"797","24608928","south-pacific-2","cd_2_south_pacific.map","5d8122dc9234cc6fbcb68ec428cbea28b31496617253274ee15296a7c2807e2e","25","Alliance","1","0","152,96","57,98","3003100025","0","draw","tick_cap_draw","90000","2","8","a60efffa5f321f828ce1a6b7178b4a7c31483c31","e87fc92b01a072959125780a8e961d0e22854ad4b5759a963f861233a26a61ef","5a838bd9cb3edf06df288914ad5cea60b61983f29d183a1efdeb5a3c90e3295e","8fc89e8e624b55ec560970f838feb56b1489d52244cb709e59a12e1ec168ef93","/nfs/roberts/project/pi_jss233/zc362/chrono_divide/research-evidence/multimap-v2/screen-amendment-3/cells/task-797/cell.json"
"798","24608952","south-pacific-2","cd_2_south_pacific.map","5d8122dc9234cc6fbcb68ec428cbea28b31496617253274ee15296a7c2807e2e","30","Alliance","1","1","57,98","152,96","3003100030","0","draw","tick_cap_draw","90000","27","2","a60efffa5f321f828ce1a6b7178b4a7c31483c31","e87fc92b01a072959125780a8e961d0e22854ad4b5759a963f861233a26a61ef","5a838bd9cb3edf06df288914ad5cea60b61983f29d183a1efdeb5a3c90e3295e","83aeb6160b6abc99c7ac659ba9653aa3ec976f0cb30611e1bee183a20f915f0a","/nfs/roberts/project/pi_jss233/zc362/chrono_divide/research-evidence/multimap-v2/screen-amendment-3/cells/task-798/cell.json"
"799","24609295","south-pacific-2","cd_2_south_pacific.map","5d8122dc9234cc6fbcb68ec428cbea28b31496617253274ee15296a7c2807e2e","35","Alliance","1","1","152,96","57,98","3003100035","0","draw","engine_nonliteral_termination_draw","62636","17","1","a60efffa5f321f828ce1a6b7178b4a7c31483c31","e87fc92b01a072959125780a8e961d0e22854ad4b5759a963f861233a26a61ef","5a838bd9cb3edf06df288914ad5cea60b61983f29d183a1efdeb5a3c90e3295e","6ead685bba404dfeec2b71e7745110fa4147bd37a70113c270d9bb12133ce6f0","/nfs/roberts/project/pi_jss233/zc362/chrono_divide/research-evidence/multimap-v2/screen-amendment-3/cells/task-799/cell.json"
"800","24609305","south-pacific-2","cd_2_south_pacific.map","5d8122dc9234cc6fbcb68ec428cbea28b31496617253274ee15296a7c2807e2e","40","French","2","0","57,98","152,96","3003100040","0","draw","tick_cap_draw","90000","3","21","a60efffa5f321f828ce1a6b7178b4a7c31483c31","e87fc92b01a072959125780a8e961d0e22854ad4b5759a963f861233a26a61ef","5a838bd9cb3edf06df288914ad5cea60b61983f29d183a1efdeb5a3c90e3295e","c4c2b2d21edfcbb7dd1899fbf82546a27a9be7ba59b78950e42dddda2fb0c2b3","/nfs/roberts/project/pi_jss233/zc362/chrono_divide/research-evidence/multimap-v2/screen-amendment-3/cells/task-800/cell.json"
"801","24609306","south-pacific-2","cd_2_south_pacific.map","5d8122dc9234cc6fbcb68ec428cbea28b31496617253274ee15296a7c2807e2e","45","French","2","0","152,96","57,98","3003100045","0","draw","engine_nonliteral_termination_draw","36812","20","1","a60efffa5f321f828ce1a6b7178b4a7c31483c31","e87fc92b01a072959125780a8e961d0e22854ad4b5759a963f861233a26a61ef","5a838bd9cb3edf06df288914ad5cea60b61983f29d183a1efdeb5a3c90e3295e","362717446d7c3d72a93cfc433f7b014ce66ed2cdf25f0ddd8c03e6abd3f3fe6f","/nfs/roberts/project/pi_jss233/zc362/chrono_divide/research-evidence/multimap-v2/screen-amendment-3/cells/task-801/cell.json"
"802","24609308","south-pacific-2","cd_2_south_pacific.map","5d8122dc9234cc6fbcb68ec428cbea28b31496617253274ee15296a7c2807e2e","50","French","2","1","57,98","152,96","3003100050","0","draw","engine_nonliteral_termination_draw","14212","1","9","a60efffa5f321f828ce1a6b7178b4a7c31483c31","e87fc92b01a072959125780a8e961d0e22854ad4b5759a963f861233a26a61ef","5a838bd9cb3edf06df288914ad5cea60b61983f29d183a1efdeb5a3c90e3295e","b9ae671c2932f08738b74b44a8039183c510163e712a63a68537db2ba4ea1d6c","/nfs/roberts/project/pi_jss233/zc362/chrono_divide/research-evidence/multimap-v2/screen-amendment-3/cells/task-802/cell.json"
"803","24609515","south-pacific-2","cd_2_south_pacific.map","5d8122dc9234cc6fbcb68ec428cbea28b31496617253274ee15296a7c2807e2e","55","French","2","1","152,96","57,98","3003100055","0","draw","engine_nonliteral_termination_draw","38860","22","1","a60efffa5f321f828ce1a6b7178b4a7c31483c31","e87fc92b01a072959125780a8e961d0e22854ad4b5759a963f861233a26a61ef","5a838bd9cb3edf06df288914ad5cea60b61983f29d183a1efdeb5a3c90e3295e","5f1342123d5884389a47700ba0f776b148c5b94d437c1e31a9acdb4369697acc","/nfs/roberts/project/pi_jss233/zc362/chrono_divide/research-evidence/multimap-v2/screen-amendment-3/cells/task-803/cell.json"
"804","24609709","south-pacific-2","cd_2_south_pacific.map","5d8122dc9234cc6fbcb68ec428cbea28b31496617253274ee15296a7c2807e2e","60","Germans","3","0","57,98","152,96","3003100060","0","opponent","baseline_win","19639","0","9","a60efffa5f321f828ce1a6b7178b4a7c31483c31","e87fc92b01a072959125780a8e961d0e22854ad4b5759a963f861233a26a61ef","5a838bd9cb3edf06df288914ad5cea60b61983f29d183a1efdeb5a3c90e3295e","f2d5a7f9761b30c0bb9313ccacda1fb1ba92e6e35cf7040433e2365bc1b14cec","/nfs/roberts/project/pi_jss233/zc362/chrono_divide/research-evidence/multimap-v2/screen-amendment-3/cells/task-804/cell.json"
"805","24609987","south-pacific-2","cd_2_south_pacific.map","5d8122dc9234cc6fbcb68ec428cbea28b31496617253274ee15296a7c2807e2e","65","Germans","3","0","152,96","57,98","3003100065","0","draw","engine_nonliteral_termination_draw","23952","16","1","a60efffa5f321f828ce1a6b7178b4a7c31483c31","e87fc92b01a072959125780a8e961d0e22854ad4b5759a963f861233a26a61ef","5a838bd9cb3edf06df288914ad5cea60b61983f29d183a1efdeb5a3c90e3295e","38f881f0a504999c6364671ed0861166cda966dd08e6953ec9bc3a9c28bbb3ac","/nfs/roberts/project/pi_jss233/zc362/chrono_divide/research-evidence/multimap-v2/screen-amendment-3/cells/task-805/cell.json"
"806","24609994","south-pacific-2","cd_2_south_pacific.map","5d8122dc9234cc6fbcb68ec428cbea28b31496617253274ee15296a7c2807e2e","70","Germans","3","1","57,98","152,96","3003100070","0","opponent","baseline_win","14908","0","9","a60efffa5f321f828ce1a6b7178b4a7c31483c31","e87fc92b01a072959125780a8e961d0e22854ad4b5759a963f861233a26a61ef","5a838bd9cb3edf06df288914ad5cea60b61983f29d183a1efdeb5a3c90e3295e","bc55cebc90df16cbe932be31b3d356511fdb04a474291ece63486a54289b22ea","/nfs/roberts/project/pi_jss233/zc362/chrono_divide/research-evidence/multimap-v2/screen-amendment-3/cells/task-806/cell.json"
"807","24610002","south-pacific-2","cd_2_south_pacific.map","5d8122dc9234cc6fbcb68ec428cbea28b31496617253274ee15296a7c2807e2e","75","Germans","3","1","152,96","57,98","3003100075","0","draw","engine_nonliteral_termination_draw","23412","16","1","a60efffa5f321f828ce1a6b7178b4a7c31483c31","e87fc92b01a072959125780a8e961d0e22854ad4b5759a963f861233a26a61ef","5a838bd9cb3edf06df288914ad5cea60b61983f29d183a1efdeb5a3c90e3295e","e3ca469609723f7e84c075a4c8dd0b0a161d924107c228dffd533bead1dcfce1","/nfs/roberts/project/pi_jss233/zc362/chrono_divide/research-evidence/multimap-v2/screen-amendment-3/cells/task-807/cell.json"
"808","24610003","south-pacific-2","cd_2_south_pacific.map","5d8122dc9234cc6fbcb68ec428cbea28b31496617253274ee15296a7c2807e2e","80","British","4","0","57,98","152,96","3003100080","0","opponent","baseline_win","26522","0","9","a60efffa5f321f828ce1a6b7178b4a7c31483c31","e87fc92b01a072959125780a8e961d0e22854ad4b5759a963f861233a26a61ef","5a838bd9cb3edf06df288914ad5cea60b61983f29d183a1efdeb5a3c90e3295e","0fa15eea20d2f5c53775685f4c31618b1919f9be417df1322541487882e9855d","/nfs/roberts/project/pi_jss233/zc362/chrono_divide/research-evidence/multimap-v2/screen-amendment-3/cells/task-808/cell.json"
"809","24610338","south-pacific-2","cd_2_south_pacific.map","5d8122dc9234cc6fbcb68ec428cbea28b31496617253274ee15296a7c2807e2e","85","British","4","0","152,96","57,98","3003100085","0","draw","tick_cap_draw","90000","25","5","a60efffa5f321f828ce1a6b7178b4a7c31483c31","e87fc92b01a072959125780a8e961d0e22854ad4b5759a963f861233a26a61ef","5a838bd9cb3edf06df288914ad5cea60b61983f29d183a1efdeb5a3c90e3295e","6cc766c1cc2d7cc26b1dc692e387fee79dc397f7141904f4b092c8f6d72483d6","/nfs/roberts/project/pi_jss233/zc362/chrono_divide/research-evidence/multimap-v2/screen-amendment-3/cells/task-809/cell.json"
"810","24610339","south-pacific-2","cd_2_south_pacific.map","5d8122dc9234cc6fbcb68ec428cbea28b31496617253274ee15296a7c2807e2e","90","British","4","1","57,98","152,96","3003100090","0","draw","tick_cap_draw","90000","2","20","a60efffa5f321f828ce1a6b7178b4a7c31483c31","e87fc92b01a072959125780a8e961d0e22854ad4b5759a963f861233a26a61ef","5a838bd9cb3edf06df288914ad5cea60b61983f29d183a1efdeb5a3c90e3295e","a3874354a72d7c44cb7397849f0b8e9cf5ab83387e9bd2e164f9ab0fa7e68e53","/nfs/roberts/project/pi_jss233/zc362/chrono_divide/research-evidence/multimap-v2/screen-amendment-3/cells/task-810/cell.json"
"811","24610341","south-pacific-2","cd_2_south_pacific.map","5d8122dc9234cc6fbcb68ec428cbea28b31496617253274ee15296a7c2807e2e","95","British","4","1","152,96","57,98","3003100095","0","draw","tick_cap_draw","90000","2","19","a60efffa5f321f828ce1a6b7178b4a7c31483c31","e87fc92b01a072959125780a8e961d0e22854ad4b5759a963f861233a26a61ef","5a838bd9cb3edf06df288914ad5cea60b61983f29d183a1efdeb5a3c90e3295e","6056e8e40b57482ccdd93d6e313baa3d8caa453ad079f9e0233dd11dc779a208","/nfs/roberts/project/pi_jss233/zc362/chrono_divide/research-evidence/multimap-v2/screen-amendment-3/cells/task-811/cell.json"
"812","24610355","south-pacific-2","cd_2_south_pacific.map","5d8122dc9234cc6fbcb68ec428cbea28b31496617253274ee15296a7c2807e2e","100","Africans","5","0","57,98","152,96","3003100100","0","draw","engine_nonliteral_termination_draw","70678","27","2","a60efffa5f321f828ce1a6b7178b4a7c31483c31","e87fc92b01a072959125780a8e961d0e22854ad4b5759a963f861233a26a61ef","5a838bd9cb3edf06df288914ad5cea60b61983f29d183a1efdeb5a3c90e3295e","d3a9289dea1b5ce0fe4c5a82f02dc667ef15eb2c9e856f97e6b029aa7afdd0ab","/nfs/roberts/project/pi_jss233/zc362/chrono_divide/research-evidence/multimap-v2/screen-amendment-3/cells/task-812/cell.json"
"813","24610549","south-pacific-2","cd_2_south_pacific.map","5d8122dc9234cc6fbcb68ec428cbea28b31496617253274ee15296a7c2807e2e","105","Africans","5","0","152,96","57,98","3003100105","0","draw","engine_nonliteral_termination_draw","34700","17","1","a60efffa5f321f828ce1a6b7178b4a7c31483c31","e87fc92b01a072959125780a8e961d0e22854ad4b5759a963f861233a26a61ef","5a838bd9cb3edf06df288914ad5cea60b61983f29d183a1efdeb5a3c90e3295e","f773ce038748d655c05e6b7835a5697eb84e5145040a011916204d4c692a9432","/nfs/roberts/project/pi_jss233/zc362/chrono_divide/research-evidence/multimap-v2/screen-amendment-3/cells/task-813/cell.json"
"814","24610550","south-pacific-2","cd_2_south_pacific.map","5d8122dc9234cc6fbcb68ec428cbea28b31496617253274ee15296a7c2807e2e","110","Africans","5","1","57,98","152,96","3003100110","0","draw","tick_cap_draw","90000","27","5","a60efffa5f321f828ce1a6b7178b4a7c31483c31","e87fc92b01a072959125780a8e961d0e22854ad4b5759a963f861233a26a61ef","5a838bd9cb3edf06df288914ad5cea60b61983f29d183a1efdeb5a3c90e3295e","aaf78ef4808e9150c7d80415dbe5c8944dfbbbf220d13624e834408cadd9cd76","/nfs/roberts/project/pi_jss233/zc362/chrono_divide/research-evidence/multimap-v2/screen-amendment-3/cells/task-814/cell.json"
"815","24610551","south-pacific-2","cd_2_south_pacific.map","5d8122dc9234cc6fbcb68ec428cbea28b31496617253274ee15296a7c2807e2e","115","Africans","5","1","152,96","57,98","3003100115","0","draw","tick_cap_draw","90000","25","2","a60efffa5f321f828ce1a6b7178b4a7c31483c31","e87fc92b01a072959125780a8e961d0e22854ad4b5759a963f861233a26a61ef","5a838bd9cb3edf06df288914ad5cea60b61983f29d183a1efdeb5a3c90e3295e","f2a68f52dfc58795a0b01e000b7bc951d0d1ff8e00936251c70f88df5950cf06","/nfs/roberts/project/pi_jss233/zc362/chrono_divide/research-evidence/multimap-v2/screen-amendment-3/cells/task-815/cell.json"
"816","24610552","south-pacific-2","cd_2_south_pacific.map","5d8122dc9234cc6fbcb68ec428cbea28b31496617253274ee15296a7c2807e2e","120","Arabs","6","0","57,98","152,96","3003100120","0","draw","engine_nonliteral_termination_draw","83398","29","2","a60efffa5f321f828ce1a6b7178b4a7c31483c31","e87fc92b01a072959125780a8e961d0e22854ad4b5759a963f861233a26a61ef","5a838bd9cb3edf06df288914ad5cea60b61983f29d183a1efdeb5a3c90e3295e","6948f76c5099a8ce666f71d0f2580ffd97c03f46d2b02248ae892840b9f21736","/nfs/roberts/project/pi_jss233/zc362/chrono_divide/research-evidence/multimap-v2/screen-amendment-3/cells/task-816/cell.json"
"817","24610553","south-pacific-2","cd_2_south_pacific.map","5d8122dc9234cc6fbcb68ec428cbea28b31496617253274ee15296a7c2807e2e","125","Arabs","6","0","152,96","57,98","3003100125","0","draw","tick_cap_draw","90000","25","1","a60efffa5f321f828ce1a6b7178b4a7c31483c31","e87fc92b01a072959125780a8e961d0e22854ad4b5759a963f861233a26a61ef","5a838bd9cb3edf06df288914ad5cea60b61983f29d183a1efdeb5a3c90e3295e","e2e581cfcc733f24ccc1a325e790ab2920d9026f1ff68e4e9eb9ee592a004f2c","/nfs/roberts/project/pi_jss233/zc362/chrono_divide/research-evidence/multimap-v2/screen-amendment-3/cells/task-817/cell.json"
"818","24610554","south-pacific-2","cd_2_south_pacific.map","5d8122dc9234cc6fbcb68ec428cbea28b31496617253274ee15296a7c2807e2e","130","Arabs","6","1","57,98","152,96","3003100130","0","draw","tick_cap_draw","90000","27","3","a60efffa5f321f828ce1a6b7178b4a7c31483c31","e87fc92b01a072959125780a8e961d0e22854ad4b5759a963f861233a26a61ef","5a838bd9cb3edf06df288914ad5cea60b61983f29d183a1efdeb5a3c90e3295e","067e3152d2a9c0b90e3e2c189a435b89b37b3dca4a11ca770225681db7e1f862","/nfs/roberts/project/pi_jss233/zc362/chrono_divide/research-evidence/multimap-v2/screen-amendment-3/cells/task-818/cell.json"
"819","24610555","south-pacific-2","cd_2_south_pacific.map","5d8122dc9234cc6fbcb68ec428cbea28b31496617253274ee15296a7c2807e2e","135","Arabs","6","1","152,96","57,98","3003100135","0","draw","engine_nonliteral_termination_draw","54236","16","1","a60efffa5f321f828ce1a6b7178b4a7c31483c31","e87fc92b01a072959125780a8e961d0e22854ad4b5759a963f861233a26a61ef","5a838bd9cb3edf06df288914ad5cea60b61983f29d183a1efdeb5a3c90e3295e","defb325e564e0c7911fc5d206295c219271e1b2f949262b3736a79ec3dfb09b0","/nfs/roberts/project/pi_jss233/zc362/chrono_divide/research-evidence/multimap-v2/screen-amendment-3/cells/task-819/cell.json"
"820","24610556","south-pacific-2","cd_2_south_pacific.map","5d8122dc9234cc6fbcb68ec428cbea28b31496617253274ee15296a7c2807e2e","140","Confederation","7","0","57,98","152,96","3003100140","0","draw","tick_cap_draw","90000","28","6","a60efffa5f321f828ce1a6b7178b4a7c31483c31","e87fc92b01a072959125780a8e961d0e22854ad4b5759a963f861233a26a61ef","5a838bd9cb3edf06df288914ad5cea60b61983f29d183a1efdeb5a3c90e3295e","861121d2e8e395233e089e96dc22d869fe56af1b08e49f25ef918d8e2c391db4","/nfs/roberts/project/pi_jss233/zc362/chrono_divide/research-evidence/multimap-v2/screen-amendment-3/cells/task-820/cell.json"
"821","24610717","south-pacific-2","cd_2_south_pacific.map","5d8122dc9234cc6fbcb68ec428cbea28b31496617253274ee15296a7c2807e2e","145","Confederation","7","0","152,96","57,98","3003100145","0","draw","engine_nonliteral_termination_draw","31516","16","1","a60efffa5f321f828ce1a6b7178b4a7c31483c31","e87fc92b01a072959125780a8e961d0e22854ad4b5759a963f861233a26a61ef","5a838bd9cb3edf06df288914ad5cea60b61983f29d183a1efdeb5a3c90e3295e","b95a08e49d69e848d8657e388709c63770b11714e89c63613e679273a0fc4141","/nfs/roberts/project/pi_jss233/zc362/chrono_divide/research-evidence/multimap-v2/screen-amendment-3/cells/task-821/cell.json"
"822","24610718","south-pacific-2","cd_2_south_pacific.map","5d8122dc9234cc6fbcb68ec428cbea28b31496617253274ee15296a7c2807e2e","150","Confederation","7","1","57,98","152,96","3003100150","0","draw","tick_cap_draw","90000","27","3","a60efffa5f321f828ce1a6b7178b4a7c31483c31","e87fc92b01a072959125780a8e961d0e22854ad4b5759a963f861233a26a61ef","5a838bd9cb3edf06df288914ad5cea60b61983f29d183a1efdeb5a3c90e3295e","184a523bea064b4a7bab299bf83631df42380ea509f4e22677d0ec875d5eec55","/nfs/roberts/project/pi_jss233/zc362/chrono_divide/research-evidence/multimap-v2/screen-amendment-3/cells/task-822/cell.json"
"823","24610719","south-pacific-2","cd_2_south_pacific.map","5d8122dc9234cc6fbcb68ec428cbea28b31496617253274ee15296a7c2807e2e","155","Confederation","7","1","152,96","57,98","3003100155","0","draw","tick_cap_draw","90000","21","1","a60efffa5f321f828ce1a6b7178b4a7c31483c31","e87fc92b01a072959125780a8e961d0e22854ad4b5759a963f861233a26a61ef","5a838bd9cb3edf06df288914ad5cea60b61983f29d183a1efdeb5a3c90e3295e","1179e5ce563f864b313783058f78a300a5b7f82bb3f3e7f50fcee84916044704","/nfs/roberts/project/pi_jss233/zc362/chrono_divide/research-evidence/multimap-v2/screen-amendment-3/cells/task-823/cell.json"
"824","24610720","south-pacific-2","cd_2_south_pacific.map","5d8122dc9234cc6fbcb68ec428cbea28b31496617253274ee15296a7c2807e2e","160","Russians","8","0","57,98","152,96","3003100160","0","draw","tick_cap_draw","90000","28","10","a60efffa5f321f828ce1a6b7178b4a7c31483c31","e87fc92b01a072959125780a8e961d0e22854ad4b5759a963f861233a26a61ef","5a838bd9cb3edf06df288914ad5cea60b61983f29d183a1efdeb5a3c90e3295e","5781322e9165ed9a5960c7be17eeb8e7b45de3ac094b11ef999106b7bf2f3c69","/nfs/roberts/project/pi_jss233/zc362/chrono_divide/research-evidence/multimap-v2/screen-amendment-3/cells/task-824/cell.json"
"825","24610721","south-pacific-2","cd_2_south_pacific.map","5d8122dc9234cc6fbcb68ec428cbea28b31496617253274ee15296a7c2807e2e","165","Russians","8","0","152,96","57,98","3003100165","0","draw","engine_nonliteral_termination_draw","66868","17","1","a60efffa5f321f828ce1a6b7178b4a7c31483c31","e87fc92b01a072959125780a8e961d0e22854ad4b5759a963f861233a26a61ef","5a838bd9cb3edf06df288914ad5cea60b61983f29d183a1efdeb5a3c90e3295e","329a4bde0c9c903453153273eb87387e889819d82ca44871edc072bc8ea4618b","/nfs/roberts/project/pi_jss233/zc362/chrono_divide/research-evidence/multimap-v2/screen-amendment-3/cells/task-825/cell.json"
"826","24610722","south-pacific-2","cd_2_south_pacific.map","5d8122dc9234cc6fbcb68ec428cbea28b31496617253274ee15296a7c2807e2e","170","Russians","8","1","57,98","152,96","3003100170","0","draw","tick_cap_draw","90000","28","6","a60efffa5f321f828ce1a6b7178b4a7c31483c31","e87fc92b01a072959125780a8e961d0e22854ad4b5759a963f861233a26a61ef","5a838bd9cb3edf06df288914ad5cea60b61983f29d183a1efdeb5a3c90e3295e","7e55a369a5b01bfca1bf51300af8fd42d1fa1217d633fc37918da9999b4f21b3","/nfs/roberts/project/pi_jss233/zc362/chrono_divide/research-evidence/multimap-v2/screen-amendment-3/cells/task-826/cell.json"
"827","24610723","south-pacific-2","cd_2_south_pacific.map","5d8122dc9234cc6fbcb68ec428cbea28b31496617253274ee15296a7c2807e2e","175","Russians","8","1","152,96","57,98","3003100175","0","draw","engine_nonliteral_termination_draw","30102","15","1","a60efffa5f321f828ce1a6b7178b4a7c31483c31","e87fc92b01a072959125780a8e961d0e22854ad4b5759a963f861233a26a61ef","5a838bd9cb3edf06df288914ad5cea60b61983f29d183a1efdeb5a3c90e3295e","ddcbf453197cf74b64a7b8e77a3a8146bf5a92d9b94bd5411345a4ecf4802ea1","/nfs/roberts/project/pi_jss233/zc362/chrono_divide/research-evidence/multimap-v2/screen-amendment-3/cells/task-827/cell.json"
"828","24610724","pacific-heights","cd_chrono_pacific.map","8ba46066a7e034c37b2367bd07df94be8d6252757d4396ea68d21bc226fa8898","0","Americans","0","0","83,146","43,80","3003200000","0","candidate","candidate_win","9580","4","0","a60efffa5f321f828ce1a6b7178b4a7c31483c31","e87fc92b01a072959125780a8e961d0e22854ad4b5759a963f861233a26a61ef","5a838bd9cb3edf06df288914ad5cea60b61983f29d183a1efdeb5a3c90e3295e","e7de9025c3f4169b377e3f1493c927677afc3153a1e0969a84c5b10612902c4c","/nfs/roberts/project/pi_jss233/zc362/chrono_divide/research-evidence/multimap-v2/screen-amendment-3/cells/task-828/cell.json"
"829","24610725","pacific-heights","cd_chrono_pacific.map","8ba46066a7e034c37b2367bd07df94be8d6252757d4396ea68d21bc226fa8898","4","Americans","0","0","43,80","109,44","3003200004","0","draw","engine_nonliteral_termination_draw","7425","4","2","a60efffa5f321f828ce1a6b7178b4a7c31483c31","e87fc92b01a072959125780a8e961d0e22854ad4b5759a963f861233a26a61ef","5a838bd9cb3edf06df288914ad5cea60b61983f29d183a1efdeb5a3c90e3295e","98287a3d0a78b4e177b5996de7396ff07e53fdd8ba95cfd9537b2b30ae07b25e","/nfs/roberts/project/pi_jss233/zc362/chrono_divide/research-evidence/multimap-v2/screen-amendment-3/cells/task-829/cell.json"
"830","24610726","pacific-heights","cd_chrono_pacific.map","8ba46066a7e034c37b2367bd07df94be8d6252757d4396ea68d21bc226fa8898","8","Americans","0","0","109,44","148,108","3003200008","0","draw","engine_nonliteral_termination_draw","8164","4","3","a60efffa5f321f828ce1a6b7178b4a7c31483c31","e87fc92b01a072959125780a8e961d0e22854ad4b5759a963f861233a26a61ef","5a838bd9cb3edf06df288914ad5cea60b61983f29d183a1efdeb5a3c90e3295e","ffc6fdbea43cf5f8e7e17a7a2176e8918ddff4020250b90f8763390d5064ba63","/nfs/roberts/project/pi_jss233/zc362/chrono_divide/research-evidence/multimap-v2/screen-amendment-3/cells/task-830/cell.json"
"831","24610727","pacific-heights","cd_chrono_pacific.map","8ba46066a7e034c37b2367bd07df94be8d6252757d4396ea68d21bc226fa8898","9","Americans","0","0","148,108","83,146","3003200009","0","draw","tick_cap_draw","90000","6","3","a60efffa5f321f828ce1a6b7178b4a7c31483c31","e87fc92b01a072959125780a8e961d0e22854ad4b5759a963f861233a26a61ef","5a838bd9cb3edf06df288914ad5cea60b61983f29d183a1efdeb5a3c90e3295e","a2de99ddfeb04a1dd726369b629beb3a67799a533135c76131d3404d186036af","/nfs/roberts/project/pi_jss233/zc362/chrono_divide/research-evidence/multimap-v2/screen-amendment-3/cells/task-831/cell.json"
"832","24610728","pacific-heights","cd_chrono_pacific.map","8ba46066a7e034c37b2367bd07df94be8d6252757d4396ea68d21bc226fa8898","12","Americans","0","1","83,146","43,80","3003200012","0","candidate","candidate_win","9370","4","0","a60efffa5f321f828ce1a6b7178b4a7c31483c31","e87fc92b01a072959125780a8e961d0e22854ad4b5759a963f861233a26a61ef","5a838bd9cb3edf06df288914ad5cea60b61983f29d183a1efdeb5a3c90e3295e","d9fdc2958dacb0c0b401b6a7bb75d5b0c0ea0d4a831115f2b51dfd96eeab86a5","/nfs/roberts/project/pi_jss233/zc362/chrono_divide/research-evidence/multimap-v2/screen-amendment-3/cells/task-832/cell.json"
"833","24610729","pacific-heights","cd_chrono_pacific.map","8ba46066a7e034c37b2367bd07df94be8d6252757d4396ea68d21bc226fa8898","16","Americans","0","1","43,80","109,44","3003200016","0","draw","engine_nonliteral_termination_draw","8100","4","2","a60efffa5f321f828ce1a6b7178b4a7c31483c31","e87fc92b01a072959125780a8e961d0e22854ad4b5759a963f861233a26a61ef","5a838bd9cb3edf06df288914ad5cea60b61983f29d183a1efdeb5a3c90e3295e","6f502ee8044daca6e1a8db281d3d79f8fa6773677d6ebf1d47699adfc10fe78b","/nfs/roberts/project/pi_jss233/zc362/chrono_divide/research-evidence/multimap-v2/screen-amendment-3/cells/task-833/cell.json"
"834","24610913","pacific-heights","cd_chrono_pacific.map","8ba46066a7e034c37b2367bd07df94be8d6252757d4396ea68d21bc226fa8898","20","Americans","0","1","109,44","148,108","3003200020","0","draw","engine_nonliteral_termination_draw","64888","0","3","a60efffa5f321f828ce1a6b7178b4a7c31483c31","e87fc92b01a072959125780a8e961d0e22854ad4b5759a963f861233a26a61ef","5a838bd9cb3edf06df288914ad5cea60b61983f29d183a1efdeb5a3c90e3295e","4ccef65335a61bcbbba8c4dcfdee3b508ca2782bd0082ddc38d3d9a429d4df38","/nfs/roberts/project/pi_jss233/zc362/chrono_divide/research-evidence/multimap-v2/screen-amendment-3/cells/task-834/cell.json"
"835","24610914","pacific-heights","cd_chrono_pacific.map","8ba46066a7e034c37b2367bd07df94be8d6252757d4396ea68d21bc226fa8898","21","Americans","0","1","148,108","83,146","3003200021","0","draw","tick_cap_draw","90000","6","3","a60efffa5f321f828ce1a6b7178b4a7c31483c31","e87fc92b01a072959125780a8e961d0e22854ad4b5759a963f861233a26a61ef","5a838bd9cb3edf06df288914ad5cea60b61983f29d183a1efdeb5a3c90e3295e","a231b75c1fdfab91cb2ef387eac0439e75aa0899e4a0266bbb74c39535451812","/nfs/roberts/project/pi_jss233/zc362/chrono_divide/research-evidence/multimap-v2/screen-amendment-3/cells/task-835/cell.json"
"836","24610915","pacific-heights","cd_chrono_pacific.map","8ba46066a7e034c37b2367bd07df94be8d6252757d4396ea68d21bc226fa8898","25","Alliance","1","0","83,146","109,44","3003200025","0","candidate","candidate_win","8944","4","0","a60efffa5f321f828ce1a6b7178b4a7c31483c31","e87fc92b01a072959125780a8e961d0e22854ad4b5759a963f861233a26a61ef","5a838bd9cb3edf06df288914ad5cea60b61983f29d183a1efdeb5a3c90e3295e","2c6211ce78e12f41ceb7c79d85a455fd3939c08123deb38d2d9793044f1a37f2","/nfs/roberts/project/pi_jss233/zc362/chrono_divide/research-evidence/multimap-v2/screen-amendment-3/cells/task-836/cell.json"
"837","24611071","pacific-heights","cd_chrono_pacific.map","8ba46066a7e034c37b2367bd07df94be8d6252757d4396ea68d21bc226fa8898","29","Alliance","1","0","43,80","148,108","3003200029","0","draw","engine_nonliteral_termination_draw","82183","0","2","a60efffa5f321f828ce1a6b7178b4a7c31483c31","e87fc92b01a072959125780a8e961d0e22854ad4b5759a963f861233a26a61ef","5a838bd9cb3edf06df288914ad5cea60b61983f29d183a1efdeb5a3c90e3295e","5a8670b1e1d4c6d3f9cbc4042d902a7fe2eb44c272caafa6a2cb7a260a372487","/nfs/roberts/project/pi_jss233/zc362/chrono_divide/research-evidence/multimap-v2/screen-amendment-3/cells/task-837/cell.json"
"838","24611072","pacific-heights","cd_chrono_pacific.map","8ba46066a7e034c37b2367bd07df94be8d6252757d4396ea68d21bc226fa8898","30","Alliance","1","0","109,44","83,146","3003200030","0","opponent","baseline_win","15176","0","7","a60efffa5f321f828ce1a6b7178b4a7c31483c31","e87fc92b01a072959125780a8e961d0e22854ad4b5759a963f861233a26a61ef","5a838bd9cb3edf06df288914ad5cea60b61983f29d183a1efdeb5a3c90e3295e","9e12fb3c1d03f0d6ebeefce79e8d05f97fa3091b1251d0d8590f10dc2e89f151","/nfs/roberts/project/pi_jss233/zc362/chrono_divide/research-evidence/multimap-v2/screen-amendment-3/cells/task-838/cell.json"
"839","24611073","pacific-heights","cd_chrono_pacific.map","8ba46066a7e034c37b2367bd07df94be8d6252757d4396ea68d21bc226fa8898","34","Alliance","1","0","148,108","43,80","3003200034","0","draw","engine_nonliteral_termination_draw","65653","0","2","a60efffa5f321f828ce1a6b7178b4a7c31483c31","e87fc92b01a072959125780a8e961d0e22854ad4b5759a963f861233a26a61ef","5a838bd9cb3edf06df288914ad5cea60b61983f29d183a1efdeb5a3c90e3295e","554f2a603940cdca1bcd01a8e9c8d2e36c613d44c30c97a3e8eea76a1b34efe8","/nfs/roberts/project/pi_jss233/zc362/chrono_divide/research-evidence/multimap-v2/screen-amendment-3/cells/task-839/cell.json"
"840","24611204","pacific-heights","cd_chrono_pacific.map","8ba46066a7e034c37b2367bd07df94be8d6252757d4396ea68d21bc226fa8898","37","Alliance","1","1","83,146","109,44","3003200037","0","candidate","candidate_win","19221","4","0","a60efffa5f321f828ce1a6b7178b4a7c31483c31","e87fc92b01a072959125780a8e961d0e22854ad4b5759a963f861233a26a61ef","5a838bd9cb3edf06df288914ad5cea60b61983f29d183a1efdeb5a3c90e3295e","d43f3631916221397ff342eed51c168accd8c6fbb7643afd8c787b7b53475b0e","/nfs/roberts/project/pi_jss233/zc362/chrono_divide/research-evidence/multimap-v2/screen-amendment-3/cells/task-840/cell.json"
"841","24611205","pacific-heights","cd_chrono_pacific.map","8ba46066a7e034c37b2367bd07df94be8d6252757d4396ea68d21bc226fa8898","41","Alliance","1","1","43,80","148,108","3003200041","0","draw","engine_nonliteral_termination_draw","23517","4","2","a60efffa5f321f828ce1a6b7178b4a7c31483c31","e87fc92b01a072959125780a8e961d0e22854ad4b5759a963f861233a26a61ef","5a838bd9cb3edf06df288914ad5cea60b61983f29d183a1efdeb5a3c90e3295e","dce9e14c07ce3b67c1eb4b360e289ed0ed137ea9301c2ff26f1331b709dc3fab","/nfs/roberts/project/pi_jss233/zc362/chrono_divide/research-evidence/multimap-v2/screen-amendment-3/cells/task-841/cell.json"
"842","24611362","pacific-heights","cd_chrono_pacific.map","8ba46066a7e034c37b2367bd07df94be8d6252757d4396ea68d21bc226fa8898","42","Alliance","1","1","109,44","83,146","3003200042","0","draw","engine_nonliteral_termination_draw","70978","0","2","a60efffa5f321f828ce1a6b7178b4a7c31483c31","e87fc92b01a072959125780a8e961d0e22854ad4b5759a963f861233a26a61ef","5a838bd9cb3edf06df288914ad5cea60b61983f29d183a1efdeb5a3c90e3295e","84ece7686bb30a9d0e395afd203c1ad81088d38c3855e5f0cda9418cf0b9349a","/nfs/roberts/project/pi_jss233/zc362/chrono_divide/research-evidence/multimap-v2/screen-amendment-3/cells/task-842/cell.json"
"843","24611363","pacific-heights","cd_chrono_pacific.map","8ba46066a7e034c37b2367bd07df94be8d6252757d4396ea68d21bc226fa8898","46","Alliance","1","1","148,108","43,80","3003200046","0","draw","engine_nonliteral_termination_draw","65743","0","4","a60efffa5f321f828ce1a6b7178b4a7c31483c31","e87fc92b01a072959125780a8e961d0e22854ad4b5759a963f861233a26a61ef","5a838bd9cb3edf06df288914ad5cea60b61983f29d183a1efdeb5a3c90e3295e","8771c3cf0baf58e9a9dd791f36a11cf7b21da2a74339a2b3f0d4aa11f8780f5e","/nfs/roberts/project/pi_jss233/zc362/chrono_divide/research-evidence/multimap-v2/screen-amendment-3/cells/task-843/cell.json"
"844","24611364","pacific-heights","cd_chrono_pacific.map","8ba46066a7e034c37b2367bd07df94be8d6252757d4396ea68d21bc226fa8898","50","French","2","0","83,146","148,108","3003200050","0","draw","engine_nonliteral_termination_draw","66043","0","0","a60efffa5f321f828ce1a6b7178b4a7c31483c31","e87fc92b01a072959125780a8e961d0e22854ad4b5759a963f861233a26a61ef","5a838bd9cb3edf06df288914ad5cea60b61983f29d183a1efdeb5a3c90e3295e","988f2630d140b9bf4139ce30f3e231978b55e95e82dd187d842c23d5052bbb3c","/nfs/roberts/project/pi_jss233/zc362/chrono_divide/research-evidence/multimap-v2/screen-amendment-3/cells/task-844/cell.json"
"845","24611365","pacific-heights","cd_chrono_pacific.map","8ba46066a7e034c37b2367bd07df94be8d6252757d4396ea68d21bc226fa8898","51","French","2","0","43,80","83,146","3003200051","0","candidate","candidate_win","11038","4","0","a60efffa5f321f828ce1a6b7178b4a7c31483c31","e87fc92b01a072959125780a8e961d0e22854ad4b5759a963f861233a26a61ef","5a838bd9cb3edf06df288914ad5cea60b61983f29d183a1efdeb5a3c90e3295e","810bbfc908b5dfeebad45342704a9eb601ba3bdb6c3670867a9809acfa8d8719","/nfs/roberts/project/pi_jss233/zc362/chrono_divide/research-evidence/multimap-v2/screen-amendment-3/cells/task-845/cell.json"
"846","24611366","pacific-heights","cd_chrono_pacific.map","8ba46066a7e034c37b2367bd07df94be8d6252757d4396ea68d21bc226fa8898","55","French","2","0","109,44","43,80","3003200055","0","draw","engine_nonliteral_termination_draw","10084","10","1","a60efffa5f321f828ce1a6b7178b4a7c31483c31","e87fc92b01a072959125780a8e961d0e22854ad4b5759a963f861233a26a61ef","5a838bd9cb3edf06df288914ad5cea60b61983f29d183a1efdeb5a3c90e3295e","b6238008bdf16453cb44bd4eafbd98349effcf159c08f2fc87c5955cb70dd934","/nfs/roberts/project/pi_jss233/zc362/chrono_divide/research-evidence/multimap-v2/screen-amendment-3/cells/task-846/cell.json"
"847","24611367","pacific-heights","cd_chrono_pacific.map","8ba46066a7e034c37b2367bd07df94be8d6252757d4396ea68d21bc226fa8898","59","French","2","0","148,108","109,44","3003200059","0","draw","engine_nonliteral_termination_draw","66028","0","2","a60efffa5f321f828ce1a6b7178b4a7c31483c31","e87fc92b01a072959125780a8e961d0e22854ad4b5759a963f861233a26a61ef","5a838bd9cb3edf06df288914ad5cea60b61983f29d183a1efdeb5a3c90e3295e","84db75508355f6adc457d21ded1c5a2485ac390377cb8a3f03d8f3106c7a530e","/nfs/roberts/project/pi_jss233/zc362/chrono_divide/research-evidence/multimap-v2/screen-amendment-3/cells/task-847/cell.json"
"848","24611368","pacific-heights","cd_chrono_pacific.map","8ba46066a7e034c37b2367bd07df94be8d6252757d4396ea68d21bc226fa8898","62","French","2","1","83,146","148,108","3003200062","0","candidate","candidate_win","12946","4","0","a60efffa5f321f828ce1a6b7178b4a7c31483c31","e87fc92b01a072959125780a8e961d0e22854ad4b5759a963f861233a26a61ef","5a838bd9cb3edf06df288914ad5cea60b61983f29d183a1efdeb5a3c90e3295e","505966e2550f19e6a17f219c23b657b67bfe722293b53ac56f31f3ca848e1726","/nfs/roberts/project/pi_jss233/zc362/chrono_divide/research-evidence/multimap-v2/screen-amendment-3/cells/task-848/cell.json"
"849","24611369","pacific-heights","cd_chrono_pacific.map","8ba46066a7e034c37b2367bd07df94be8d6252757d4396ea68d21bc226fa8898","63","French","2","1","43,80","83,146","3003200063","0","draw","engine_nonliteral_termination_draw","65683","0","3","a60efffa5f321f828ce1a6b7178b4a7c31483c31","e87fc92b01a072959125780a8e961d0e22854ad4b5759a963f861233a26a61ef","5a838bd9cb3edf06df288914ad5cea60b61983f29d183a1efdeb5a3c90e3295e","6e13becffa1e935c13882f42c0fc6f186046a3c758de1191f760d2baf8e4d051","/nfs/roberts/project/pi_jss233/zc362/chrono_divide/research-evidence/multimap-v2/screen-amendment-3/cells/task-849/cell.json"
"850","24611370","pacific-heights","cd_chrono_pacific.map","8ba46066a7e034c37b2367bd07df94be8d6252757d4396ea68d21bc226fa8898","67","French","2","1","109,44","43,80","3003200067","0","draw","engine_nonliteral_termination_draw","49772","11","1","a60efffa5f321f828ce1a6b7178b4a7c31483c31","e87fc92b01a072959125780a8e961d0e22854ad4b5759a963f861233a26a61ef","5a838bd9cb3edf06df288914ad5cea60b61983f29d183a1efdeb5a3c90e3295e","ebef9eeb9875600153498fce7310253bd624c24d30bdd82e346e10d53a57fb21","/nfs/roberts/project/pi_jss233/zc362/chrono_divide/research-evidence/multimap-v2/screen-amendment-3/cells/task-850/cell.json"
"851","24611371","pacific-heights","cd_chrono_pacific.map","8ba46066a7e034c37b2367bd07df94be8d6252757d4396ea68d21bc226fa8898","71","French","2","1","148,108","109,44","3003200071","0","draw","engine_nonliteral_termination_draw","65563","0","2","a60efffa5f321f828ce1a6b7178b4a7c31483c31","e87fc92b01a072959125780a8e961d0e22854ad4b5759a963f861233a26a61ef","5a838bd9cb3edf06df288914ad5cea60b61983f29d183a1efdeb5a3c90e3295e","7feef47ce5cdc628c3fd630b5baa12d7bf081795b39392d0b458a13aa61d7003","/nfs/roberts/project/pi_jss233/zc362/chrono_divide/research-evidence/multimap-v2/screen-amendment-3/cells/task-851/cell.json"
"852","24611372","pacific-heights","cd_chrono_pacific.map","8ba46066a7e034c37b2367bd07df94be8d6252757d4396ea68d21bc226fa8898","72","Germans","3","0","83,146","43,80","3003200072","0","candidate","candidate_win","9232","4","0","a60efffa5f321f828ce1a6b7178b4a7c31483c31","e87fc92b01a072959125780a8e961d0e22854ad4b5759a963f861233a26a61ef","5a838bd9cb3edf06df288914ad5cea60b61983f29d183a1efdeb5a3c90e3295e","0fa61d0261137af22b156f069cae2523f21fbe36e40b090d027ecb1b25d4ece6","/nfs/roberts/project/pi_jss233/zc362/chrono_divide/research-evidence/multimap-v2/screen-amendment-3/cells/task-852/cell.json"
"853","24611373","pacific-heights","cd_chrono_pacific.map","8ba46066a7e034c37b2367bd07df94be8d6252757d4396ea68d21bc226fa8898","76","Germans","3","0","43,80","109,44","3003200076","0","draw","engine_nonliteral_termination_draw","8036","4","2","a60efffa5f321f828ce1a6b7178b4a7c31483c31","e87fc92b01a072959125780a8e961d0e22854ad4b5759a963f861233a26a61ef","5a838bd9cb3edf06df288914ad5cea60b61983f29d183a1efdeb5a3c90e3295e","f13b0a28878417eda2086a421002a7384f519defc4f09d91cfe5cddb2510bdea","/nfs/roberts/project/pi_jss233/zc362/chrono_divide/research-evidence/multimap-v2/screen-amendment-3/cells/task-853/cell.json"
"854","24611551","pacific-heights","cd_chrono_pacific.map","8ba46066a7e034c37b2367bd07df94be8d6252757d4396ea68d21bc226fa8898","80","Germans","3","0","109,44","148,108","3003200080","0","draw","engine_nonliteral_termination_draw","8260","4","3","a60efffa5f321f828ce1a6b7178b4a7c31483c31","e87fc92b01a072959125780a8e961d0e22854ad4b5759a963f861233a26a61ef","5a838bd9cb3edf06df288914ad5cea60b61983f29d183a1efdeb5a3c90e3295e","11b2279df7a1cb14232164144bc92c5fe12749f9e228a3b2c6c53bdac5d79975","/nfs/roberts/project/pi_jss233/zc362/chrono_divide/research-evidence/multimap-v2/screen-amendment-3/cells/task-854/cell.json"
"855","24611552","pacific-heights","cd_chrono_pacific.map","8ba46066a7e034c37b2367bd07df94be8d6252757d4396ea68d21bc226fa8898","81","Germans","3","0","148,108","83,146","3003200081","0","draw","tick_cap_draw","90000","6","3","a60efffa5f321f828ce1a6b7178b4a7c31483c31","e87fc92b01a072959125780a8e961d0e22854ad4b5759a963f861233a26a61ef","5a838bd9cb3edf06df288914ad5cea60b61983f29d183a1efdeb5a3c90e3295e","94459340aa75156490a125442c2c2b313936a22b7ff0ccc0378a08b8a48e3627","/nfs/roberts/project/pi_jss233/zc362/chrono_divide/research-evidence/multimap-v2/screen-amendment-3/cells/task-855/cell.json"
"856","24611553","pacific-heights","cd_chrono_pacific.map","8ba46066a7e034c37b2367bd07df94be8d6252757d4396ea68d21bc226fa8898","84","Germans","3","1","83,146","43,80","3003200084","0","candidate","candidate_win","10888","10","0","a60efffa5f321f828ce1a6b7178b4a7c31483c31","e87fc92b01a072959125780a8e961d0e22854ad4b5759a963f861233a26a61ef","5a838bd9cb3edf06df288914ad5cea60b61983f29d183a1efdeb5a3c90e3295e","ddd5af8b9c329db3302959eb188d78905e00821a49aa32abcb65292df0115a98","/nfs/roberts/project/pi_jss233/zc362/chrono_divide/research-evidence/multimap-v2/screen-amendment-3/cells/task-856/cell.json"
"857","24611554","pacific-heights","cd_chrono_pacific.map","8ba46066a7e034c37b2367bd07df94be8d6252757d4396ea68d21bc226fa8898","88","Germans","3","1","43,80","109,44","3003200088","0","draw","engine_nonliteral_termination_draw","65368","0","2","a60efffa5f321f828ce1a6b7178b4a7c31483c31","e87fc92b01a072959125780a8e961d0e22854ad4b5759a963f861233a26a61ef","5a838bd9cb3edf06df288914ad5cea60b61983f29d183a1efdeb5a3c90e3295e","43e079bcecca12ad9cbab36ecee5188fc40b49c6fad0095e06bac5df4025b60c","/nfs/roberts/project/pi_jss233/zc362/chrono_divide/research-evidence/multimap-v2/screen-amendment-3/cells/task-857/cell.json"
"858","24611555","pacific-heights","cd_chrono_pacific.map","8ba46066a7e034c37b2367bd07df94be8d6252757d4396ea68d21bc226fa8898","92","Germans","3","1","109,44","148,108","3003200092","0","draw","engine_nonliteral_termination_draw","52860","4","3","a60efffa5f321f828ce1a6b7178b4a7c31483c31","e87fc92b01a072959125780a8e961d0e22854ad4b5759a963f861233a26a61ef","5a838bd9cb3edf06df288914ad5cea60b61983f29d183a1efdeb5a3c90e3295e","fdded3ed58af152e924015028442d0f356d76b41c55c9f02e8550f7c401213bc","/nfs/roberts/project/pi_jss233/zc362/chrono_divide/research-evidence/multimap-v2/screen-amendment-3/cells/task-858/cell.json"
"859","24611556","pacific-heights","cd_chrono_pacific.map","8ba46066a7e034c37b2367bd07df94be8d6252757d4396ea68d21bc226fa8898","93","Germans","3","1","148,108","83,146","3003200093","0","draw","tick_cap_draw","90000","1","8","a60efffa5f321f828ce1a6b7178b4a7c31483c31","e87fc92b01a072959125780a8e961d0e22854ad4b5759a963f861233a26a61ef","5a838bd9cb3edf06df288914ad5cea60b61983f29d183a1efdeb5a3c90e3295e","5972e47ffdd96e98c74d52b9f7e5aa6aab998d9e786d7093317c829da109331f","/nfs/roberts/project/pi_jss233/zc362/chrono_divide/research-evidence/multimap-v2/screen-amendment-3/cells/task-859/cell.json"
"860","24611725","pacific-heights","cd_chrono_pacific.map","8ba46066a7e034c37b2367bd07df94be8d6252757d4396ea68d21bc226fa8898","97","British","4","0","83,146","109,44","3003200097","0","candidate","candidate_win","9418","4","0","a60efffa5f321f828ce1a6b7178b4a7c31483c31","e87fc92b01a072959125780a8e961d0e22854ad4b5759a963f861233a26a61ef","5a838bd9cb3edf06df288914ad5cea60b61983f29d183a1efdeb5a3c90e3295e","d0d5e1d2cd5b881b692d06667b8212b8c61570e9c5d18a22d37f2a143b7206e0","/nfs/roberts/project/pi_jss233/zc362/chrono_divide/research-evidence/multimap-v2/screen-amendment-3/cells/task-860/cell.json"
"861","24611726","pacific-heights","cd_chrono_pacific.map","8ba46066a7e034c37b2367bd07df94be8d6252757d4396ea68d21bc226fa8898","101","British","4","0","43,80","148,108","3003200101","0","opponent","baseline_win","64219","0","14","a60efffa5f321f828ce1a6b7178b4a7c31483c31","e87fc92b01a072959125780a8e961d0e22854ad4b5759a963f861233a26a61ef","5a838bd9cb3edf06df288914ad5cea60b61983f29d183a1efdeb5a3c90e3295e","05f0cfcd219ac406aeb78c2b3980327c39e5a011a73ae2fef42c2f3684d8e5ff","/nfs/roberts/project/pi_jss233/zc362/chrono_divide/research-evidence/multimap-v2/screen-amendment-3/cells/task-861/cell.json"
"862","24611868","pacific-heights","cd_chrono_pacific.map","8ba46066a7e034c37b2367bd07df94be8d6252757d4396ea68d21bc226fa8898","102","British","4","0","109,44","83,146","3003200102","0","draw","engine_nonliteral_termination_draw","65893","0","2","a60efffa5f321f828ce1a6b7178b4a7c31483c31","e87fc92b01a072959125780a8e961d0e22854ad4b5759a963f861233a26a61ef","5a838bd9cb3edf06df288914ad5cea60b61983f29d183a1efdeb5a3c90e3295e","e5cef8934495ff1d46e1575e5862cb89e0d7599073eee9df8a10fbd7a2d10fad","/nfs/roberts/project/pi_jss233/zc362/chrono_divide/research-evidence/multimap-v2/screen-amendment-3/cells/task-862/cell.json"
"863","24611869","pacific-heights","cd_chrono_pacific.map","8ba46066a7e034c37b2367bd07df94be8d6252757d4396ea68d21bc226fa8898","106","British","4","0","148,108","43,80","3003200106","0","draw","engine_nonliteral_termination_draw","62172","4","2","a60efffa5f321f828ce1a6b7178b4a7c31483c31","e87fc92b01a072959125780a8e961d0e22854ad4b5759a963f861233a26a61ef","5a838bd9cb3edf06df288914ad5cea60b61983f29d183a1efdeb5a3c90e3295e","7c445377410d0e63adfe1c4d4eb6e93ffd53c27c9a8068ed4f48b5eb51ce777c","/nfs/roberts/project/pi_jss233/zc362/chrono_divide/research-evidence/multimap-v2/screen-amendment-3/cells/task-863/cell.json"
"864","24611988","pacific-heights","cd_chrono_pacific.map","8ba46066a7e034c37b2367bd07df94be8d6252757d4396ea68d21bc226fa8898","109","British","4","1","83,146","109,44","3003200109","0","candidate","candidate_win","21455","4","0","a60efffa5f321f828ce1a6b7178b4a7c31483c31","e87fc92b01a072959125780a8e961d0e22854ad4b5759a963f861233a26a61ef","5a838bd9cb3edf06df288914ad5cea60b61983f29d183a1efdeb5a3c90e3295e","43c0e369569ed9d203c8be3db4215611792488d21e478c731ceb5c36137fb896","/nfs/roberts/project/pi_jss233/zc362/chrono_divide/research-evidence/multimap-v2/screen-amendment-3/cells/task-864/cell.json"
"865","24611989","pacific-heights","cd_chrono_pacific.map","8ba46066a7e034c37b2367bd07df94be8d6252757d4396ea68d21bc226fa8898","113","British","4","1","43,80","148,108","3003200113","0","draw","engine_nonliteral_termination_draw","26607","4","2","a60efffa5f321f828ce1a6b7178b4a7c31483c31","e87fc92b01a072959125780a8e961d0e22854ad4b5759a963f861233a26a61ef","5a838bd9cb3edf06df288914ad5cea60b61983f29d183a1efdeb5a3c90e3295e","4a60ff4bf7f35866484ff0f64059dc0597afcee0835ed2704edeafe9b0589cd8","/nfs/roberts/project/pi_jss233/zc362/chrono_divide/research-evidence/multimap-v2/screen-amendment-3/cells/task-865/cell.json"
"866","24611990","pacific-heights","cd_chrono_pacific.map","8ba46066a7e034c37b2367bd07df94be8d6252757d4396ea68d21bc226fa8898","114","British","4","1","109,44","83,146","3003200114","0","draw","engine_nonliteral_termination_draw","64948","0","2","a60efffa5f321f828ce1a6b7178b4a7c31483c31","e87fc92b01a072959125780a8e961d0e22854ad4b5759a963f861233a26a61ef","5a838bd9cb3edf06df288914ad5cea60b61983f29d183a1efdeb5a3c90e3295e","8757c4266ffed8ab1afde169657759fd3ee6f12069f83bf5ee07f8f8a24ea648","/nfs/roberts/project/pi_jss233/zc362/chrono_divide/research-evidence/multimap-v2/screen-amendment-3/cells/task-866/cell.json"
"867","24611991","pacific-heights","cd_chrono_pacific.map","8ba46066a7e034c37b2367bd07df94be8d6252757d4396ea68d21bc226fa8898","118","British","4","1","148,108","43,80","3003200118","0","draw","engine_nonliteral_termination_draw","65323","0","2","a60efffa5f321f828ce1a6b7178b4a7c31483c31","e87fc92b01a072959125780a8e961d0e22854ad4b5759a963f861233a26a61ef","5a838bd9cb3edf06df288914ad5cea60b61983f29d183a1efdeb5a3c90e3295e","80b5d7608f552a7b95b08fe2696dfbbebd22761613c8a0fca86215b7c0b5a814","/nfs/roberts/project/pi_jss233/zc362/chrono_divide/research-evidence/multimap-v2/screen-amendment-3/cells/task-867/cell.json"
"868","24611992","pacific-heights","cd_chrono_pacific.map","8ba46066a7e034c37b2367bd07df94be8d6252757d4396ea68d21bc226fa8898","122","Africans","5","0","83,146","148,108","3003200122","0","opponent","baseline_win","8940","0","7","a60efffa5f321f828ce1a6b7178b4a7c31483c31","e87fc92b01a072959125780a8e961d0e22854ad4b5759a963f861233a26a61ef","5a838bd9cb3edf06df288914ad5cea60b61983f29d183a1efdeb5a3c90e3295e","f67c27efbe3a1e4b5fc43c4d5c0b79229c084fa9bb6fded3193f01b6eb90b826","/nfs/roberts/project/pi_jss233/zc362/chrono_divide/research-evidence/multimap-v2/screen-amendment-3/cells/task-868/cell.json"
"869","24611993","pacific-heights","cd_chrono_pacific.map","8ba46066a7e034c37b2367bd07df94be8d6252757d4396ea68d21bc226fa8898","123","Africans","5","0","43,80","83,146","3003200123","0","candidate","candidate_win","10775","4","0","a60efffa5f321f828ce1a6b7178b4a7c31483c31","e87fc92b01a072959125780a8e961d0e22854ad4b5759a963f861233a26a61ef","5a838bd9cb3edf06df288914ad5cea60b61983f29d183a1efdeb5a3c90e3295e","6359545a3139874e726d0bb2884a4fc10de28067850721255b6690df25a63548","/nfs/roberts/project/pi_jss233/zc362/chrono_divide/research-evidence/multimap-v2/screen-amendment-3/cells/task-869/cell.json"
"870","24611994","pacific-heights","cd_chrono_pacific.map","8ba46066a7e034c37b2367bd07df94be8d6252757d4396ea68d21bc226fa8898","127","Africans","5","0","109,44","43,80","3003200127","0","draw","engine_nonliteral_termination_draw","35308","12","1","a60efffa5f321f828ce1a6b7178b4a7c31483c31","e87fc92b01a072959125780a8e961d0e22854ad4b5759a963f861233a26a61ef","5a838bd9cb3edf06df288914ad5cea60b61983f29d183a1efdeb5a3c90e3295e","c9f83cc020a57b5a55e13431577f87b6a9837e0e5726c25438f5eba1ce3fa946","/nfs/roberts/project/pi_jss233/zc362/chrono_divide/research-evidence/multimap-v2/screen-amendment-3/cells/task-870/cell.json"
"871","24611995","pacific-heights","cd_chrono_pacific.map","8ba46066a7e034c37b2367bd07df94be8d6252757d4396ea68d21bc226fa8898","131","Africans","5","0","148,108","109,44","3003200131","0","draw","engine_nonliteral_termination_draw","11860","6","2","a60efffa5f321f828ce1a6b7178b4a7c31483c31","e87fc92b01a072959125780a8e961d0e22854ad4b5759a963f861233a26a61ef","5a838bd9cb3edf06df288914ad5cea60b61983f29d183a1efdeb5a3c90e3295e","6ba0148d6167318a3cd90db5c1a65913d19bf669946c0455815e8a4f0efc798f","/nfs/roberts/project/pi_jss233/zc362/chrono_divide/research-evidence/multimap-v2/screen-amendment-3/cells/task-871/cell.json"
"872","24611996","pacific-heights","cd_chrono_pacific.map","8ba46066a7e034c37b2367bd07df94be8d6252757d4396ea68d21bc226fa8898","134","Africans","5","1","83,146","148,108","3003200134","0","draw","engine_nonliteral_termination_draw","20247","2","8","a60efffa5f321f828ce1a6b7178b4a7c31483c31","e87fc92b01a072959125780a8e961d0e22854ad4b5759a963f861233a26a61ef","5a838bd9cb3edf06df288914ad5cea60b61983f29d183a1efdeb5a3c90e3295e","a838c3a7d714b5596312a7bb40ccf96a0b290e43d9a1458d7c7ba1c864f7251f","/nfs/roberts/project/pi_jss233/zc362/chrono_divide/research-evidence/multimap-v2/screen-amendment-3/cells/task-872/cell.json"
"873","24611997","pacific-heights","cd_chrono_pacific.map","8ba46066a7e034c37b2367bd07df94be8d6252757d4396ea68d21bc226fa8898","135","Africans","5","1","43,80","83,146","3003200135","0","candidate","candidate_win","9349","4","0","a60efffa5f321f828ce1a6b7178b4a7c31483c31","e87fc92b01a072959125780a8e961d0e22854ad4b5759a963f861233a26a61ef","5a838bd9cb3edf06df288914ad5cea60b61983f29d183a1efdeb5a3c90e3295e","0c4086536db81223d078856bc4af4ead86ca52c6f32b3171d330b46fb33cef39","/nfs/roberts/project/pi_jss233/zc362/chrono_divide/research-evidence/multimap-v2/screen-amendment-3/cells/task-873/cell.json"
"874","24611998","pacific-heights","cd_chrono_pacific.map","8ba46066a7e034c37b2367bd07df94be8d6252757d4396ea68d21bc226fa8898","139","Africans","5","1","109,44","43,80","3003200139","0","draw","engine_nonliteral_termination_draw","24057","16","2","a60efffa5f321f828ce1a6b7178b4a7c31483c31","e87fc92b01a072959125780a8e961d0e22854ad4b5759a963f861233a26a61ef","5a838bd9cb3edf06df288914ad5cea60b61983f29d183a1efdeb5a3c90e3295e","7980f4ecc935ce9f74e312ae24ddca27b6b5a446d7526fdbef91e1ae4fac6f2d","/nfs/roberts/project/pi_jss233/zc362/chrono_divide/research-evidence/multimap-v2/screen-amendment-3/cells/task-874/cell.json"
"875","24611999","pacific-heights","cd_chrono_pacific.map","8ba46066a7e034c37b2367bd07df94be8d6252757d4396ea68d21bc226fa8898","143","Africans","5","1","148,108","109,44","3003200143","0","draw","engine_nonliteral_termination_draw","9620","6","2","a60efffa5f321f828ce1a6b7178b4a7c31483c31","e87fc92b01a072959125780a8e961d0e22854ad4b5759a963f861233a26a61ef","5a838bd9cb3edf06df288914ad5cea60b61983f29d183a1efdeb5a3c90e3295e","4e3b00e94a2ea5723c1b2faaebce5bf04bcc37df8a26b378101728aeeec057b1","/nfs/roberts/project/pi_jss233/zc362/chrono_divide/research-evidence/multimap-v2/screen-amendment-3/cells/task-875/cell.json"
"876","24612000","pacific-heights","cd_chrono_pacific.map","8ba46066a7e034c37b2367bd07df94be8d6252757d4396ea68d21bc226fa8898","144","Arabs","6","0","83,146","43,80","3003200144","0","draw","tick_cap_draw","90000","2","19","a60efffa5f321f828ce1a6b7178b4a7c31483c31","e87fc92b01a072959125780a8e961d0e22854ad4b5759a963f861233a26a61ef","5a838bd9cb3edf06df288914ad5cea60b61983f29d183a1efdeb5a3c90e3295e","022df9f52405b0821a5420d0d458e576f9ab6a54e2ce4f9ecfa80ae6f34cf949","/nfs/roberts/project/pi_jss233/zc362/chrono_divide/research-evidence/multimap-v2/screen-amendment-3/cells/task-876/cell.json"
"877","24612136","pacific-heights","cd_chrono_pacific.map","8ba46066a7e034c37b2367bd07df94be8d6252757d4396ea68d21bc226fa8898","148","Arabs","6","0","43,80","109,44","3003200148","0","draw","engine_nonliteral_termination_draw","9636","4","1","a60efffa5f321f828ce1a6b7178b4a7c31483c31","e87fc92b01a072959125780a8e961d0e22854ad4b5759a963f861233a26a61ef","5a838bd9cb3edf06df288914ad5cea60b61983f29d183a1efdeb5a3c90e3295e","4e67884c4ea0b188ea635a4728a7a2e5a9cf9f1fd89d4dcd1540f8cd5e31267b","/nfs/roberts/project/pi_jss233/zc362/chrono_divide/research-evidence/multimap-v2/screen-amendment-3/cells/task-877/cell.json"
"878","24612137","pacific-heights","cd_chrono_pacific.map","8ba46066a7e034c37b2367bd07df94be8d6252757d4396ea68d21bc226fa8898","152","Arabs","6","0","109,44","148,108","3003200152","0","draw","engine_nonliteral_termination_draw","76333","22","3","a60efffa5f321f828ce1a6b7178b4a7c31483c31","e87fc92b01a072959125780a8e961d0e22854ad4b5759a963f861233a26a61ef","5a838bd9cb3edf06df288914ad5cea60b61983f29d183a1efdeb5a3c90e3295e","409d03dd51ea975f1612e233f99e2628c58d46d1c4d097d886e78deef9682975","/nfs/roberts/project/pi_jss233/zc362/chrono_divide/research-evidence/multimap-v2/screen-amendment-3/cells/task-878/cell.json"
"879","24612138","pacific-heights","cd_chrono_pacific.map","8ba46066a7e034c37b2367bd07df94be8d6252757d4396ea68d21bc226fa8898","153","Arabs","6","0","148,108","83,146","3003200153","0","draw","engine_nonliteral_termination_draw","10724","4","4","a60efffa5f321f828ce1a6b7178b4a7c31483c31","e87fc92b01a072959125780a8e961d0e22854ad4b5759a963f861233a26a61ef","5a838bd9cb3edf06df288914ad5cea60b61983f29d183a1efdeb5a3c90e3295e","4359951436be1009f765b1f34545b061d5e78cd405e4a8f27dbda4e724c1e0ef","/nfs/roberts/project/pi_jss233/zc362/chrono_divide/research-evidence/multimap-v2/screen-amendment-3/cells/task-879/cell.json"
"880","24612139","pacific-heights","cd_chrono_pacific.map","8ba46066a7e034c37b2367bd07df94be8d6252757d4396ea68d21bc226fa8898","156","Arabs","6","1","83,146","43,80","3003200156","0","draw","tick_cap_draw","90000","6","8","a60efffa5f321f828ce1a6b7178b4a7c31483c31","e87fc92b01a072959125780a8e961d0e22854ad4b5759a963f861233a26a61ef","5a838bd9cb3edf06df288914ad5cea60b61983f29d183a1efdeb5a3c90e3295e","4857d244b30a7ed5a69e05d26eefd7301d1a4149cf4bc1c13ad5be2719c40358","/nfs/roberts/project/pi_jss233/zc362/chrono_divide/research-evidence/multimap-v2/screen-amendment-3/cells/task-880/cell.json"
"881","24612140","pacific-heights","cd_chrono_pacific.map","8ba46066a7e034c37b2367bd07df94be8d6252757d4396ea68d21bc226fa8898","160","Arabs","6","1","43,80","109,44","3003200160","0","draw","engine_nonliteral_termination_draw","39788","22","2","a60efffa5f321f828ce1a6b7178b4a7c31483c31","e87fc92b01a072959125780a8e961d0e22854ad4b5759a963f861233a26a61ef","5a838bd9cb3edf06df288914ad5cea60b61983f29d183a1efdeb5a3c90e3295e","3c86b5bbddde3328e5dc89283370ab6793a21dbf6beed32a45183f95eaacc4e5","/nfs/roberts/project/pi_jss233/zc362/chrono_divide/research-evidence/multimap-v2/screen-amendment-3/cells/task-881/cell.json"
"882","24612141","pacific-heights","cd_chrono_pacific.map","8ba46066a7e034c37b2367bd07df94be8d6252757d4396ea68d21bc226fa8898","164","Arabs","6","1","109,44","148,108","3003200164","0","draw","tick_cap_draw","90000","29","7","a60efffa5f321f828ce1a6b7178b4a7c31483c31","e87fc92b01a072959125780a8e961d0e22854ad4b5759a963f861233a26a61ef","5a838bd9cb3edf06df288914ad5cea60b61983f29d183a1efdeb5a3c90e3295e","b1159f16295ca8ca7f5117b8a76135ae56b42882bfeb8dbfacea4f9148759ee1","/nfs/roberts/project/pi_jss233/zc362/chrono_divide/research-evidence/multimap-v2/screen-amendment-3/cells/task-882/cell.json"
"883","24612142","pacific-heights","cd_chrono_pacific.map","8ba46066a7e034c37b2367bd07df94be8d6252757d4396ea68d21bc226fa8898","165","Arabs","6","1","148,108","83,146","3003200165","0","draw","engine_nonliteral_termination_draw","10724","4","3","a60efffa5f321f828ce1a6b7178b4a7c31483c31","e87fc92b01a072959125780a8e961d0e22854ad4b5759a963f861233a26a61ef","5a838bd9cb3edf06df288914ad5cea60b61983f29d183a1efdeb5a3c90e3295e","6da577878f31dbfbac4ed036623e6aa0b5b3b6388481b7b52e1d1af6dd5c9ca2","/nfs/roberts/project/pi_jss233/zc362/chrono_divide/research-evidence/multimap-v2/screen-amendment-3/cells/task-883/cell.json"
"884","24612264","pacific-heights","cd_chrono_pacific.map","8ba46066a7e034c37b2367bd07df94be8d6252757d4396ea68d21bc226fa8898","169","Confederation","7","0","83,146","109,44","3003200169","0","candidate","candidate_win","18388","4","0","a60efffa5f321f828ce1a6b7178b4a7c31483c31","e87fc92b01a072959125780a8e961d0e22854ad4b5759a963f861233a26a61ef","5a838bd9cb3edf06df288914ad5cea60b61983f29d183a1efdeb5a3c90e3295e","dfd39f18aa22ff9e2adfbfa8ebc45286b4dfe2ec3664a12ebb965274ea000c50","/nfs/roberts/project/pi_jss233/zc362/chrono_divide/research-evidence/multimap-v2/screen-amendment-3/cells/task-884/cell.json"
"885","24612265","pacific-heights","cd_chrono_pacific.map","8ba46066a7e034c37b2367bd07df94be8d6252757d4396ea68d21bc226fa8898","173","Confederation","7","0","43,80","148,108","3003200173","0","draw","engine_nonliteral_termination_draw","66358","0","2","a60efffa5f321f828ce1a6b7178b4a7c31483c31","e87fc92b01a072959125780a8e961d0e22854ad4b5759a963f861233a26a61ef","5a838bd9cb3edf06df288914ad5cea60b61983f29d183a1efdeb5a3c90e3295e","8c37e2b648c9cde49e384de1ff8e1ba4561c9cb7d8dfe220e4d0bddca425b4f8","/nfs/roberts/project/pi_jss233/zc362/chrono_divide/research-evidence/multimap-v2/screen-amendment-3/cells/task-885/cell.json"
"886","24612440","pacific-heights","cd_chrono_pacific.map","8ba46066a7e034c37b2367bd07df94be8d6252757d4396ea68d21bc226fa8898","174","Confederation","7","0","109,44","83,146","3003200174","0","draw","tick_cap_draw","90000","29","4","a60efffa5f321f828ce1a6b7178b4a7c31483c31","e87fc92b01a072959125780a8e961d0e22854ad4b5759a963f861233a26a61ef","5a838bd9cb3edf06df288914ad5cea60b61983f29d183a1efdeb5a3c90e3295e","03fe8a9b74a617e7bceb5da90b4b25dbe0864021715a140f4d98b33d15aafa8b","/nfs/roberts/project/pi_jss233/zc362/chrono_divide/research-evidence/multimap-v2/screen-amendment-3/cells/task-886/cell.json"
"887","24612441","pacific-heights","cd_chrono_pacific.map","8ba46066a7e034c37b2367bd07df94be8d6252757d4396ea68d21bc226fa8898","178","Confederation","7","0","148,108","43,80","3003200178","0","draw","engine_nonliteral_termination_draw","65368","0","6","a60efffa5f321f828ce1a6b7178b4a7c31483c31","e87fc92b01a072959125780a8e961d0e22854ad4b5759a963f861233a26a61ef","5a838bd9cb3edf06df288914ad5cea60b61983f29d183a1efdeb5a3c90e3295e","bc206fbad71f027c077077a2db8519284ae2a3cd9d0abcee3c1fdffa1d915a63","/nfs/roberts/project/pi_jss233/zc362/chrono_divide/research-evidence/multimap-v2/screen-amendment-3/cells/task-887/cell.json"
"888","24612442","pacific-heights","cd_chrono_pacific.map","8ba46066a7e034c37b2367bd07df94be8d6252757d4396ea68d21bc226fa8898","181","Confederation","7","1","83,146","109,44","3003200181","0","candidate","candidate_win","15269","4","0","a60efffa5f321f828ce1a6b7178b4a7c31483c31","e87fc92b01a072959125780a8e961d0e22854ad4b5759a963f861233a26a61ef","5a838bd9cb3edf06df288914ad5cea60b61983f29d183a1efdeb5a3c90e3295e","b0661f50f8c2102272d0a26f07f917c7eaa2c586da94b5c300f1b419be51910a","/nfs/roberts/project/pi_jss233/zc362/chrono_divide/research-evidence/multimap-v2/screen-amendment-3/cells/task-888/cell.json"
"889","24612626","pacific-heights","cd_chrono_pacific.map","8ba46066a7e034c37b2367bd07df94be8d6252757d4396ea68d21bc226fa8898","185","Confederation","7","1","43,80","148,108","3003200185","0","draw","engine_nonliteral_termination_draw","11076","4","4","a60efffa5f321f828ce1a6b7178b4a7c31483c31","e87fc92b01a072959125780a8e961d0e22854ad4b5759a963f861233a26a61ef","5a838bd9cb3edf06df288914ad5cea60b61983f29d183a1efdeb5a3c90e3295e","934ea952a983786b445137b08bd02481a4e41ec908f98b3e042cc7f6d3845c0b","/nfs/roberts/project/pi_jss233/zc362/chrono_divide/research-evidence/multimap-v2/screen-amendment-3/cells/task-889/cell.json"
"890","24612627","pacific-heights","cd_chrono_pacific.map","8ba46066a7e034c37b2367bd07df94be8d6252757d4396ea68d21bc226fa8898","186","Confederation","7","1","109,44","83,146","3003200186","0","draw","tick_cap_draw","90000","22","1","a60efffa5f321f828ce1a6b7178b4a7c31483c31","e87fc92b01a072959125780a8e961d0e22854ad4b5759a963f861233a26a61ef","5a838bd9cb3edf06df288914ad5cea60b61983f29d183a1efdeb5a3c90e3295e","90a522250ddb922d4c8c93305ff2969a31fda5e922b861f1d1d158fcdc819171","/nfs/roberts/project/pi_jss233/zc362/chrono_divide/research-evidence/multimap-v2/screen-amendment-3/cells/task-890/cell.json"
"891","24612628","pacific-heights","cd_chrono_pacific.map","8ba46066a7e034c37b2367bd07df94be8d6252757d4396ea68d21bc226fa8898","190","Confederation","7","1","148,108","43,80","3003200190","0","draw","engine_nonliteral_termination_draw","65158","0","4","a60efffa5f321f828ce1a6b7178b4a7c31483c31","e87fc92b01a072959125780a8e961d0e22854ad4b5759a963f861233a26a61ef","5a838bd9cb3edf06df288914ad5cea60b61983f29d183a1efdeb5a3c90e3295e","530b878243c3a9008ed82011d183786f1d1d58591d7b6dbd9322c9d4b5d95f1a","/nfs/roberts/project/pi_jss233/zc362/chrono_divide/research-evidence/multimap-v2/screen-amendment-3/cells/task-891/cell.json"
"892","24612794","pacific-heights","cd_chrono_pacific.map","8ba46066a7e034c37b2367bd07df94be8d6252757d4396ea68d21bc226fa8898","194","Russians","8","0","83,146","148,108","3003200194","0","draw","tick_cap_draw","90000","3","20","a60efffa5f321f828ce1a6b7178b4a7c31483c31","e87fc92b01a072959125780a8e961d0e22854ad4b5759a963f861233a26a61ef","5a838bd9cb3edf06df288914ad5cea60b61983f29d183a1efdeb5a3c90e3295e","93b1875f88c1a5c316babffb2571fc346c1cf77774f2d88e5f93e2b7bb2c08c8","/nfs/roberts/project/pi_jss233/zc362/chrono_divide/research-evidence/multimap-v2/screen-amendment-3/cells/task-892/cell.json"
"893","24612795","pacific-heights","cd_chrono_pacific.map","8ba46066a7e034c37b2367bd07df94be8d6252757d4396ea68d21bc226fa8898","195","Russians","8","0","43,80","83,146","3003200195","0","candidate","candidate_win","10068","4","0","a60efffa5f321f828ce1a6b7178b4a7c31483c31","e87fc92b01a072959125780a8e961d0e22854ad4b5759a963f861233a26a61ef","5a838bd9cb3edf06df288914ad5cea60b61983f29d183a1efdeb5a3c90e3295e","33e5a12c7d5f869bd086d92ce6690da46dfeb1e1af1fcd95ddc0b915f1a7dd70","/nfs/roberts/project/pi_jss233/zc362/chrono_divide/research-evidence/multimap-v2/screen-amendment-3/cells/task-893/cell.json"
"894","24612796","pacific-heights","cd_chrono_pacific.map","8ba46066a7e034c37b2367bd07df94be8d6252757d4396ea68d21bc226fa8898","199","Russians","8","0","109,44","43,80","3003200199","0","draw","engine_nonliteral_termination_draw","20397","16","1","a60efffa5f321f828ce1a6b7178b4a7c31483c31","e87fc92b01a072959125780a8e961d0e22854ad4b5759a963f861233a26a61ef","5a838bd9cb3edf06df288914ad5cea60b61983f29d183a1efdeb5a3c90e3295e","19b8f230f04bc502f83aaab482efc4658f5b3c1df771987995ae1771b1e19438","/nfs/roberts/project/pi_jss233/zc362/chrono_divide/research-evidence/multimap-v2/screen-amendment-3/cells/task-894/cell.json"
"895","24612797","pacific-heights","cd_chrono_pacific.map","8ba46066a7e034c37b2367bd07df94be8d6252757d4396ea68d21bc226fa8898","203","Russians","8","0","148,108","109,44","3003200203","0","draw","tick_cap_draw","90000","6","4","a60efffa5f321f828ce1a6b7178b4a7c31483c31","e87fc92b01a072959125780a8e961d0e22854ad4b5759a963f861233a26a61ef","5a838bd9cb3edf06df288914ad5cea60b61983f29d183a1efdeb5a3c90e3295e","c6c11e9540407938b81c0cdd4218fccd20afc4c7ede393513c5f5a3fbcf47703","/nfs/roberts/project/pi_jss233/zc362/chrono_divide/research-evidence/multimap-v2/screen-amendment-3/cells/task-895/cell.json"
"896","24612798","pacific-heights","cd_chrono_pacific.map","8ba46066a7e034c37b2367bd07df94be8d6252757d4396ea68d21bc226fa8898","206","Russians","8","1","83,146","148,108","3003200206","0","draw","tick_cap_draw","90000","1","18","a60efffa5f321f828ce1a6b7178b4a7c31483c31","e87fc92b01a072959125780a8e961d0e22854ad4b5759a963f861233a26a61ef","5a838bd9cb3edf06df288914ad5cea60b61983f29d183a1efdeb5a3c90e3295e","90d19b1b2016e33a33f08fbfdd24fb48dd72ecca716a075f899aa979bfebcfec","/nfs/roberts/project/pi_jss233/zc362/chrono_divide/research-evidence/multimap-v2/screen-amendment-3/cells/task-896/cell.json"
"897","24612925","pacific-heights","cd_chrono_pacific.map","8ba46066a7e034c37b2367bd07df94be8d6252757d4396ea68d21bc226fa8898","207","Russians","8","1","43,80","83,146","3003200207","0","candidate","candidate_win","9858","4","0","a60efffa5f321f828ce1a6b7178b4a7c31483c31","e87fc92b01a072959125780a8e961d0e22854ad4b5759a963f861233a26a61ef","5a838bd9cb3edf06df288914ad5cea60b61983f29d183a1efdeb5a3c90e3295e","3de422c53417dcba970aec393347c5ccb9b63f1f52757561ea14981af83c7023","/nfs/roberts/project/pi_jss233/zc362/chrono_divide/research-evidence/multimap-v2/screen-amendment-3/cells/task-897/cell.json"
"898","24613046","pacific-heights","cd_chrono_pacific.map","8ba46066a7e034c37b2367bd07df94be8d6252757d4396ea68d21bc226fa8898","211","Russians","8","1","109,44","43,80","3003200211","0","draw","engine_nonliteral_termination_draw","22497","18","2","a60efffa5f321f828ce1a6b7178b4a7c31483c31","e87fc92b01a072959125780a8e961d0e22854ad4b5759a963f861233a26a61ef","5a838bd9cb3edf06df288914ad5cea60b61983f29d183a1efdeb5a3c90e3295e","d259ca8c82564a677599babeeb1d88c35ef6ab82f8b5c7e13fb041fc64895063","/nfs/roberts/project/pi_jss233/zc362/chrono_divide/research-evidence/multimap-v2/screen-amendment-3/cells/task-898/cell.json"
"899","24603573","pacific-heights","cd_chrono_pacific.map","8ba46066a7e034c37b2367bd07df94be8d6252757d4396ea68d21bc226fa8898","215","Russians","8","1","148,108","109,44","3003200215","0","draw","engine_nonliteral_termination_draw","15412","6","2","a60efffa5f321f828ce1a6b7178b4a7c31483c31","e87fc92b01a072959125780a8e961d0e22854ad4b5759a963f861233a26a61ef","5a838bd9cb3edf06df288914ad5cea60b61983f29d183a1efdeb5a3c90e3295e","aa24957e9689499d45a1d53b2d226979e49405455ba61bfef34175dfbedc7eef","/nfs/roberts/project/pi_jss233/zc362/chrono_divide/research-evidence/multimap-v2/screen-amendment-3/cells/task-899/cell.json"
