"caseIndex","caseId","blockIndex","cohort","mapId","countryOrdinal","country","candidateStartOrdinal","opponentStartOrdinal","candidateStart","opponentStart","candidateSlot","repeatIndex","pairIndex","pairId","requestedEngineSeed","observedCandidateStart","observedOpponentStart","updates","selectorJobId","cellSha256"
"0","fresh-dual-v1-0000","0","central","hfo-le","0","Americans","0","2","39,82","151,119","0","0","0","central:hfo-le:0:0:0","3765000000","39,82","151,119","0","24651417","9dc109b1e357269a6a40b1c07eabe230a2af97b70b54ba05bbfaff12f5dc9b29"
"1","fresh-dual-v1-0001","0","central","hfo-le","0","Americans","0","2","39,82","151,119","1","0","0","central:hfo-le:0:0:0","3765000000","39,82","151,119","0","24651417","9dc109b1e357269a6a40b1c07eabe230a2af97b70b54ba05bbfaff12f5dc9b29"
"2","fresh-dual-v1-0002","0","central","hfo-le","0","Americans","0","2","39,82","151,119","0","1","1","central:hfo-le:0:0:1","3765000001","39,82","151,119","0","24651417","9dc109b1e357269a6a40b1c07eabe230a2af97b70b54ba05bbfaff12f5dc9b29"
"3","fresh-dual-v1-0003","0","central","hfo-le","0","Americans","0","2","39,82","151,119","1","1","1","central:hfo-le:0:0:1","3765000001","39,82","151,119","0","24651417","9dc109b1e357269a6a40b1c07eabe230a2af97b70b54ba05bbfaff12f5dc9b29"
"4","fresh-dual-v1-0004","0","central","hfo-le","0","Americans","0","2","39,82","151,119","0","2","2","central:hfo-le:0:0:2","3765000002","39,82","151,119","0","24651417","9dc109b1e357269a6a40b1c07eabe230a2af97b70b54ba05bbfaff12f5dc9b29"
"5","fresh-dual-v1-0005","0","central","hfo-le","0","Americans","0","2","39,82","151,119","1","2","2","central:hfo-le:0:0:2","3765000002","39,82","151,119","0","24651417","9dc109b1e357269a6a40b1c07eabe230a2af97b70b54ba05bbfaff12f5dc9b29"
"6","fresh-dual-v1-0006","0","central","hfo-le","0","Americans","0","2","39,82","151,119","0","3","3","central:hfo-le:0:0:3","3765000003","39,82","151,119","0","24651417","9dc109b1e357269a6a40b1c07eabe230a2af97b70b54ba05bbfaff12f5dc9b29"
"7","fresh-dual-v1-0007","0","central","hfo-le","0","Americans","0","2","39,82","151,119","1","3","3","central:hfo-le:0:0:3","3765000003","39,82","151,119","0","24651417","9dc109b1e357269a6a40b1c07eabe230a2af97b70b54ba05bbfaff12f5dc9b29"
"8","fresh-dual-v1-0008","0","central","hfo-le","0","Americans","0","2","39,82","151,119","0","4","4","central:hfo-le:0:0:4","3765000004","39,82","151,119","0","24651417","9dc109b1e357269a6a40b1c07eabe230a2af97b70b54ba05bbfaff12f5dc9b29"
"9","fresh-dual-v1-0009","0","central","hfo-le","0","Americans","0","2","39,82","151,119","1","4","4","central:hfo-le:0:0:4","3765000004","39,82","151,119","0","24651417","9dc109b1e357269a6a40b1c07eabe230a2af97b70b54ba05bbfaff12f5dc9b29"
"10","fresh-dual-v1-0010","0","central","hfo-le","0","Americans","0","2","39,82","151,119","0","5","5","central:hfo-le:0:0:5","3765000005","39,82","151,119","0","24651417","9dc109b1e357269a6a40b1c07eabe230a2af97b70b54ba05bbfaff12f5dc9b29"
"11","fresh-dual-v1-0011","0","central","hfo-le","0","Americans","0","2","39,82","151,119","1","5","5","central:hfo-le:0:0:5","3765000005","39,82","151,119","0","24651417","9dc109b1e357269a6a40b1c07eabe230a2af97b70b54ba05bbfaff12f5dc9b29"
"12","fresh-dual-v1-0012","0","central","hfo-le","0","Americans","0","2","39,82","151,119","0","6","6","central:hfo-le:0:0:6","3765000006","39,82","151,119","0","24651417","9dc109b1e357269a6a40b1c07eabe230a2af97b70b54ba05bbfaff12f5dc9b29"
"13","fresh-dual-v1-0013","0","central","hfo-le","0","Americans","0","2","39,82","151,119","1","6","6","central:hfo-le:0:0:6","3765000006","39,82","151,119","0","24651417","9dc109b1e357269a6a40b1c07eabe230a2af97b70b54ba05bbfaff12f5dc9b29"
"14","fresh-dual-v1-0014","0","central","hfo-le","0","Americans","0","2","39,82","151,119","0","7","7","central:hfo-le:0:0:7","3765000007","39,82","151,119","0","24651417","9dc109b1e357269a6a40b1c07eabe230a2af97b70b54ba05bbfaff12f5dc9b29"
"15","fresh-dual-v1-0015","0","central","hfo-le","0","Americans","0","2","39,82","151,119","1","7","7","central:hfo-le:0:0:7","3765000007","39,82","151,119","0","24651417","9dc109b1e357269a6a40b1c07eabe230a2af97b70b54ba05bbfaff12f5dc9b29"
"16","fresh-dual-v1-0016","0","central","hfo-le","0","Americans","0","2","39,82","151,119","0","8","8","central:hfo-le:0:0:8","3765000008","39,82","151,119","0","24651417","9dc109b1e357269a6a40b1c07eabe230a2af97b70b54ba05bbfaff12f5dc9b29"
"17","fresh-dual-v1-0017","0","central","hfo-le","0","Americans","0","2","39,82","151,119","1","8","8","central:hfo-le:0:0:8","3765000008","39,82","151,119","0","24651417","9dc109b1e357269a6a40b1c07eabe230a2af97b70b54ba05bbfaff12f5dc9b29"
"18","fresh-dual-v1-0018","0","central","hfo-le","0","Americans","0","2","39,82","151,119","0","9","9","central:hfo-le:0:0:9","3765000009","39,82","151,119","0","24651417","9dc109b1e357269a6a40b1c07eabe230a2af97b70b54ba05bbfaff12f5dc9b29"
"19","fresh-dual-v1-0019","0","central","hfo-le","0","Americans","0","2","39,82","151,119","1","9","9","central:hfo-le:0:0:9","3765000009","39,82","151,119","0","24651417","9dc109b1e357269a6a40b1c07eabe230a2af97b70b54ba05bbfaff12f5dc9b29"
"20","fresh-dual-v1-0020","0","central","hfo-le","0","Americans","1","3","88,34","88,157","0","0","10","central:hfo-le:0:1:0","3765000010","88,34","88,157","0","24651417","9dc109b1e357269a6a40b1c07eabe230a2af97b70b54ba05bbfaff12f5dc9b29"
"21","fresh-dual-v1-0021","0","central","hfo-le","0","Americans","1","3","88,34","88,157","1","0","10","central:hfo-le:0:1:0","3765000010","88,34","88,157","0","24651417","9dc109b1e357269a6a40b1c07eabe230a2af97b70b54ba05bbfaff12f5dc9b29"
"22","fresh-dual-v1-0022","0","central","hfo-le","0","Americans","1","3","88,34","88,157","0","1","11","central:hfo-le:0:1:1","3765000011","88,34","88,157","0","24651417","9dc109b1e357269a6a40b1c07eabe230a2af97b70b54ba05bbfaff12f5dc9b29"
"23","fresh-dual-v1-0023","0","central","hfo-le","0","Americans","1","3","88,34","88,157","1","1","11","central:hfo-le:0:1:1","3765000011","88,34","88,157","0","24651417","9dc109b1e357269a6a40b1c07eabe230a2af97b70b54ba05bbfaff12f5dc9b29"
"24","fresh-dual-v1-0024","0","central","hfo-le","0","Americans","1","3","88,34","88,157","0","2","12","central:hfo-le:0:1:2","3765000012","88,34","88,157","0","24651417","9dc109b1e357269a6a40b1c07eabe230a2af97b70b54ba05bbfaff12f5dc9b29"
"25","fresh-dual-v1-0025","0","central","hfo-le","0","Americans","1","3","88,34","88,157","1","2","12","central:hfo-le:0:1:2","3765000012","88,34","88,157","0","24651417","9dc109b1e357269a6a40b1c07eabe230a2af97b70b54ba05bbfaff12f5dc9b29"
"26","fresh-dual-v1-0026","0","central","hfo-le","0","Americans","1","3","88,34","88,157","0","3","13","central:hfo-le:0:1:3","3765000013","88,34","88,157","0","24651417","9dc109b1e357269a6a40b1c07eabe230a2af97b70b54ba05bbfaff12f5dc9b29"
"27","fresh-dual-v1-0027","0","central","hfo-le","0","Americans","1","3","88,34","88,157","1","3","13","central:hfo-le:0:1:3","3765000013","88,34","88,157","0","24651417","9dc109b1e357269a6a40b1c07eabe230a2af97b70b54ba05bbfaff12f5dc9b29"
"28","fresh-dual-v1-0028","0","central","hfo-le","0","Americans","1","3","88,34","88,157","0","4","14","central:hfo-le:0:1:4","3765000014","88,34","88,157","0","24651417","9dc109b1e357269a6a40b1c07eabe230a2af97b70b54ba05bbfaff12f5dc9b29"
"29","fresh-dual-v1-0029","0","central","hfo-le","0","Americans","1","3","88,34","88,157","1","4","14","central:hfo-le:0:1:4","3765000014","88,34","88,157","0","24651417","9dc109b1e357269a6a40b1c07eabe230a2af97b70b54ba05bbfaff12f5dc9b29"
"30","fresh-dual-v1-0030","0","central","hfo-le","0","Americans","1","3","88,34","88,157","0","5","15","central:hfo-le:0:1:5","3765000015","88,34","88,157","0","24651417","9dc109b1e357269a6a40b1c07eabe230a2af97b70b54ba05bbfaff12f5dc9b29"
"31","fresh-dual-v1-0031","0","central","hfo-le","0","Americans","1","3","88,34","88,157","1","5","15","central:hfo-le:0:1:5","3765000015","88,34","88,157","0","24651417","9dc109b1e357269a6a40b1c07eabe230a2af97b70b54ba05bbfaff12f5dc9b29"
"32","fresh-dual-v1-0032","0","central","hfo-le","0","Americans","1","3","88,34","88,157","0","6","16","central:hfo-le:0:1:6","3765000016","88,34","88,157","0","24651417","9dc109b1e357269a6a40b1c07eabe230a2af97b70b54ba05bbfaff12f5dc9b29"
"33","fresh-dual-v1-0033","0","central","hfo-le","0","Americans","1","3","88,34","88,157","1","6","16","central:hfo-le:0:1:6","3765000016","88,34","88,157","0","24651417","9dc109b1e357269a6a40b1c07eabe230a2af97b70b54ba05bbfaff12f5dc9b29"
"34","fresh-dual-v1-0034","0","central","hfo-le","0","Americans","1","3","88,34","88,157","0","7","17","central:hfo-le:0:1:7","3765000017","88,34","88,157","0","24651417","9dc109b1e357269a6a40b1c07eabe230a2af97b70b54ba05bbfaff12f5dc9b29"
"35","fresh-dual-v1-0035","0","central","hfo-le","0","Americans","1","3","88,34","88,157","1","7","17","central:hfo-le:0:1:7","3765000017","88,34","88,157","0","24651417","9dc109b1e357269a6a40b1c07eabe230a2af97b70b54ba05bbfaff12f5dc9b29"
"36","fresh-dual-v1-0036","0","central","hfo-le","0","Americans","1","3","88,34","88,157","0","8","18","central:hfo-le:0:1:8","3765000018","88,34","88,157","0","24651417","9dc109b1e357269a6a40b1c07eabe230a2af97b70b54ba05bbfaff12f5dc9b29"
"37","fresh-dual-v1-0037","0","central","hfo-le","0","Americans","1","3","88,34","88,157","1","8","18","central:hfo-le:0:1:8","3765000018","88,34","88,157","0","24651417","9dc109b1e357269a6a40b1c07eabe230a2af97b70b54ba05bbfaff12f5dc9b29"
"38","fresh-dual-v1-0038","0","central","hfo-le","0","Americans","1","3","88,34","88,157","0","9","19","central:hfo-le:0:1:9","3765000019","88,34","88,157","0","24651417","9dc109b1e357269a6a40b1c07eabe230a2af97b70b54ba05bbfaff12f5dc9b29"
"39","fresh-dual-v1-0039","0","central","hfo-le","0","Americans","1","3","88,34","88,157","1","9","19","central:hfo-le:0:1:9","3765000019","88,34","88,157","0","24651417","9dc109b1e357269a6a40b1c07eabe230a2af97b70b54ba05bbfaff12f5dc9b29"
"40","fresh-dual-v1-0040","0","central","hfo-le","0","Americans","2","0","151,119","39,82","0","0","20","central:hfo-le:0:2:0","3765000020","151,119","39,82","0","24651417","9dc109b1e357269a6a40b1c07eabe230a2af97b70b54ba05bbfaff12f5dc9b29"
"41","fresh-dual-v1-0041","0","central","hfo-le","0","Americans","2","0","151,119","39,82","1","0","20","central:hfo-le:0:2:0","3765000020","151,119","39,82","0","24651417","9dc109b1e357269a6a40b1c07eabe230a2af97b70b54ba05bbfaff12f5dc9b29"
"42","fresh-dual-v1-0042","0","central","hfo-le","0","Americans","2","0","151,119","39,82","0","1","21","central:hfo-le:0:2:1","3765000021","151,119","39,82","0","24651417","9dc109b1e357269a6a40b1c07eabe230a2af97b70b54ba05bbfaff12f5dc9b29"
"43","fresh-dual-v1-0043","0","central","hfo-le","0","Americans","2","0","151,119","39,82","1","1","21","central:hfo-le:0:2:1","3765000021","151,119","39,82","0","24651417","9dc109b1e357269a6a40b1c07eabe230a2af97b70b54ba05bbfaff12f5dc9b29"
"44","fresh-dual-v1-0044","0","central","hfo-le","0","Americans","2","0","151,119","39,82","0","2","22","central:hfo-le:0:2:2","3765000022","151,119","39,82","0","24651417","9dc109b1e357269a6a40b1c07eabe230a2af97b70b54ba05bbfaff12f5dc9b29"
"45","fresh-dual-v1-0045","0","central","hfo-le","0","Americans","2","0","151,119","39,82","1","2","22","central:hfo-le:0:2:2","3765000022","151,119","39,82","0","24651417","9dc109b1e357269a6a40b1c07eabe230a2af97b70b54ba05bbfaff12f5dc9b29"
"46","fresh-dual-v1-0046","0","central","hfo-le","0","Americans","2","0","151,119","39,82","0","3","23","central:hfo-le:0:2:3","3765000023","151,119","39,82","0","24651417","9dc109b1e357269a6a40b1c07eabe230a2af97b70b54ba05bbfaff12f5dc9b29"
"47","fresh-dual-v1-0047","0","central","hfo-le","0","Americans","2","0","151,119","39,82","1","3","23","central:hfo-le:0:2:3","3765000023","151,119","39,82","0","24651417","9dc109b1e357269a6a40b1c07eabe230a2af97b70b54ba05bbfaff12f5dc9b29"
"48","fresh-dual-v1-0048","0","central","hfo-le","0","Americans","2","0","151,119","39,82","0","4","24","central:hfo-le:0:2:4","3765000024","151,119","39,82","0","24651417","9dc109b1e357269a6a40b1c07eabe230a2af97b70b54ba05bbfaff12f5dc9b29"
"49","fresh-dual-v1-0049","0","central","hfo-le","0","Americans","2","0","151,119","39,82","1","4","24","central:hfo-le:0:2:4","3765000024","151,119","39,82","0","24651417","9dc109b1e357269a6a40b1c07eabe230a2af97b70b54ba05bbfaff12f5dc9b29"
"50","fresh-dual-v1-0050","0","central","hfo-le","0","Americans","2","0","151,119","39,82","0","5","25","central:hfo-le:0:2:5","3765000025","151,119","39,82","0","24651417","9dc109b1e357269a6a40b1c07eabe230a2af97b70b54ba05bbfaff12f5dc9b29"
"51","fresh-dual-v1-0051","0","central","hfo-le","0","Americans","2","0","151,119","39,82","1","5","25","central:hfo-le:0:2:5","3765000025","151,119","39,82","0","24651417","9dc109b1e357269a6a40b1c07eabe230a2af97b70b54ba05bbfaff12f5dc9b29"
"52","fresh-dual-v1-0052","0","central","hfo-le","0","Americans","2","0","151,119","39,82","0","6","26","central:hfo-le:0:2:6","3765000026","151,119","39,82","0","24651417","9dc109b1e357269a6a40b1c07eabe230a2af97b70b54ba05bbfaff12f5dc9b29"
"53","fresh-dual-v1-0053","0","central","hfo-le","0","Americans","2","0","151,119","39,82","1","6","26","central:hfo-le:0:2:6","3765000026","151,119","39,82","0","24651417","9dc109b1e357269a6a40b1c07eabe230a2af97b70b54ba05bbfaff12f5dc9b29"
"54","fresh-dual-v1-0054","0","central","hfo-le","0","Americans","2","0","151,119","39,82","0","7","27","central:hfo-le:0:2:7","3765000027","151,119","39,82","0","24651417","9dc109b1e357269a6a40b1c07eabe230a2af97b70b54ba05bbfaff12f5dc9b29"
"55","fresh-dual-v1-0055","0","central","hfo-le","0","Americans","2","0","151,119","39,82","1","7","27","central:hfo-le:0:2:7","3765000027","151,119","39,82","0","24651417","9dc109b1e357269a6a40b1c07eabe230a2af97b70b54ba05bbfaff12f5dc9b29"
"56","fresh-dual-v1-0056","0","central","hfo-le","0","Americans","2","0","151,119","39,82","0","8","28","central:hfo-le:0:2:8","3765000028","151,119","39,82","0","24651417","9dc109b1e357269a6a40b1c07eabe230a2af97b70b54ba05bbfaff12f5dc9b29"
"57","fresh-dual-v1-0057","0","central","hfo-le","0","Americans","2","0","151,119","39,82","1","8","28","central:hfo-le:0:2:8","3765000028","151,119","39,82","0","24651417","9dc109b1e357269a6a40b1c07eabe230a2af97b70b54ba05bbfaff12f5dc9b29"
"58","fresh-dual-v1-0058","0","central","hfo-le","0","Americans","2","0","151,119","39,82","0","9","29","central:hfo-le:0:2:9","3765000029","151,119","39,82","0","24651417","9dc109b1e357269a6a40b1c07eabe230a2af97b70b54ba05bbfaff12f5dc9b29"
"59","fresh-dual-v1-0059","0","central","hfo-le","0","Americans","2","0","151,119","39,82","1","9","29","central:hfo-le:0:2:9","3765000029","151,119","39,82","0","24651417","9dc109b1e357269a6a40b1c07eabe230a2af97b70b54ba05bbfaff12f5dc9b29"
"60","fresh-dual-v1-0060","0","central","hfo-le","0","Americans","3","1","88,157","88,34","0","0","30","central:hfo-le:0:3:0","3765000030","88,157","88,34","0","24651417","9dc109b1e357269a6a40b1c07eabe230a2af97b70b54ba05bbfaff12f5dc9b29"
"61","fresh-dual-v1-0061","0","central","hfo-le","0","Americans","3","1","88,157","88,34","1","0","30","central:hfo-le:0:3:0","3765000030","88,157","88,34","0","24651417","9dc109b1e357269a6a40b1c07eabe230a2af97b70b54ba05bbfaff12f5dc9b29"
"62","fresh-dual-v1-0062","0","central","hfo-le","0","Americans","3","1","88,157","88,34","0","1","31","central:hfo-le:0:3:1","3765000031","88,157","88,34","0","24651417","9dc109b1e357269a6a40b1c07eabe230a2af97b70b54ba05bbfaff12f5dc9b29"
"63","fresh-dual-v1-0063","0","central","hfo-le","0","Americans","3","1","88,157","88,34","1","1","31","central:hfo-le:0:3:1","3765000031","88,157","88,34","0","24651417","9dc109b1e357269a6a40b1c07eabe230a2af97b70b54ba05bbfaff12f5dc9b29"
"64","fresh-dual-v1-0064","0","central","hfo-le","0","Americans","3","1","88,157","88,34","0","2","32","central:hfo-le:0:3:2","3765000032","88,157","88,34","0","24651417","9dc109b1e357269a6a40b1c07eabe230a2af97b70b54ba05bbfaff12f5dc9b29"
"65","fresh-dual-v1-0065","0","central","hfo-le","0","Americans","3","1","88,157","88,34","1","2","32","central:hfo-le:0:3:2","3765000032","88,157","88,34","0","24651417","9dc109b1e357269a6a40b1c07eabe230a2af97b70b54ba05bbfaff12f5dc9b29"
"66","fresh-dual-v1-0066","0","central","hfo-le","0","Americans","3","1","88,157","88,34","0","3","33","central:hfo-le:0:3:3","3765000033","88,157","88,34","0","24651417","9dc109b1e357269a6a40b1c07eabe230a2af97b70b54ba05bbfaff12f5dc9b29"
"67","fresh-dual-v1-0067","0","central","hfo-le","0","Americans","3","1","88,157","88,34","1","3","33","central:hfo-le:0:3:3","3765000033","88,157","88,34","0","24651417","9dc109b1e357269a6a40b1c07eabe230a2af97b70b54ba05bbfaff12f5dc9b29"
"68","fresh-dual-v1-0068","0","central","hfo-le","0","Americans","3","1","88,157","88,34","0","4","34","central:hfo-le:0:3:4","3765000034","88,157","88,34","0","24651417","9dc109b1e357269a6a40b1c07eabe230a2af97b70b54ba05bbfaff12f5dc9b29"
"69","fresh-dual-v1-0069","0","central","hfo-le","0","Americans","3","1","88,157","88,34","1","4","34","central:hfo-le:0:3:4","3765000034","88,157","88,34","0","24651417","9dc109b1e357269a6a40b1c07eabe230a2af97b70b54ba05bbfaff12f5dc9b29"
"70","fresh-dual-v1-0070","0","central","hfo-le","0","Americans","3","1","88,157","88,34","0","5","35","central:hfo-le:0:3:5","3765000035","88,157","88,34","0","24651417","9dc109b1e357269a6a40b1c07eabe230a2af97b70b54ba05bbfaff12f5dc9b29"
"71","fresh-dual-v1-0071","0","central","hfo-le","0","Americans","3","1","88,157","88,34","1","5","35","central:hfo-le:0:3:5","3765000035","88,157","88,34","0","24651417","9dc109b1e357269a6a40b1c07eabe230a2af97b70b54ba05bbfaff12f5dc9b29"
"72","fresh-dual-v1-0072","0","central","hfo-le","0","Americans","3","1","88,157","88,34","0","6","36","central:hfo-le:0:3:6","3765000036","88,157","88,34","0","24651417","9dc109b1e357269a6a40b1c07eabe230a2af97b70b54ba05bbfaff12f5dc9b29"
"73","fresh-dual-v1-0073","0","central","hfo-le","0","Americans","3","1","88,157","88,34","1","6","36","central:hfo-le:0:3:6","3765000036","88,157","88,34","0","24651417","9dc109b1e357269a6a40b1c07eabe230a2af97b70b54ba05bbfaff12f5dc9b29"
"74","fresh-dual-v1-0074","0","central","hfo-le","0","Americans","3","1","88,157","88,34","0","7","37","central:hfo-le:0:3:7","3765000037","88,157","88,34","0","24651417","9dc109b1e357269a6a40b1c07eabe230a2af97b70b54ba05bbfaff12f5dc9b29"
"75","fresh-dual-v1-0075","0","central","hfo-le","0","Americans","3","1","88,157","88,34","1","7","37","central:hfo-le:0:3:7","3765000037","88,157","88,34","0","24651417","9dc109b1e357269a6a40b1c07eabe230a2af97b70b54ba05bbfaff12f5dc9b29"
"76","fresh-dual-v1-0076","0","central","hfo-le","0","Americans","3","1","88,157","88,34","0","8","38","central:hfo-le:0:3:8","3765000038","88,157","88,34","0","24651417","9dc109b1e357269a6a40b1c07eabe230a2af97b70b54ba05bbfaff12f5dc9b29"
"77","fresh-dual-v1-0077","0","central","hfo-le","0","Americans","3","1","88,157","88,34","1","8","38","central:hfo-le:0:3:8","3765000038","88,157","88,34","0","24651417","9dc109b1e357269a6a40b1c07eabe230a2af97b70b54ba05bbfaff12f5dc9b29"
"78","fresh-dual-v1-0078","0","central","hfo-le","0","Americans","3","1","88,157","88,34","0","9","39","central:hfo-le:0:3:9","3765000039","88,157","88,34","0","24651417","9dc109b1e357269a6a40b1c07eabe230a2af97b70b54ba05bbfaff12f5dc9b29"
"79","fresh-dual-v1-0079","0","central","hfo-le","0","Americans","3","1","88,157","88,34","1","9","39","central:hfo-le:0:3:9","3765000039","88,157","88,34","0","24651417","9dc109b1e357269a6a40b1c07eabe230a2af97b70b54ba05bbfaff12f5dc9b29"
"80","fresh-dual-v1-0080","0","central","hfo-le","1","Alliance","0","2","39,82","151,119","0","0","40","central:hfo-le:1:0:0","3765000040","39,82","151,119","0","24651417","9dc109b1e357269a6a40b1c07eabe230a2af97b70b54ba05bbfaff12f5dc9b29"
"81","fresh-dual-v1-0081","0","central","hfo-le","1","Alliance","0","2","39,82","151,119","1","0","40","central:hfo-le:1:0:0","3765000040","39,82","151,119","0","24651417","9dc109b1e357269a6a40b1c07eabe230a2af97b70b54ba05bbfaff12f5dc9b29"
"82","fresh-dual-v1-0082","0","central","hfo-le","1","Alliance","0","2","39,82","151,119","0","1","41","central:hfo-le:1:0:1","3765000041","39,82","151,119","0","24651417","9dc109b1e357269a6a40b1c07eabe230a2af97b70b54ba05bbfaff12f5dc9b29"
"83","fresh-dual-v1-0083","0","central","hfo-le","1","Alliance","0","2","39,82","151,119","1","1","41","central:hfo-le:1:0:1","3765000041","39,82","151,119","0","24651417","9dc109b1e357269a6a40b1c07eabe230a2af97b70b54ba05bbfaff12f5dc9b29"
"84","fresh-dual-v1-0084","0","central","hfo-le","1","Alliance","0","2","39,82","151,119","0","2","42","central:hfo-le:1:0:2","3765000042","39,82","151,119","0","24651417","9dc109b1e357269a6a40b1c07eabe230a2af97b70b54ba05bbfaff12f5dc9b29"
"85","fresh-dual-v1-0085","0","central","hfo-le","1","Alliance","0","2","39,82","151,119","1","2","42","central:hfo-le:1:0:2","3765000042","39,82","151,119","0","24651417","9dc109b1e357269a6a40b1c07eabe230a2af97b70b54ba05bbfaff12f5dc9b29"
"86","fresh-dual-v1-0086","0","central","hfo-le","1","Alliance","0","2","39,82","151,119","0","3","43","central:hfo-le:1:0:3","3765000043","39,82","151,119","0","24651417","9dc109b1e357269a6a40b1c07eabe230a2af97b70b54ba05bbfaff12f5dc9b29"
"87","fresh-dual-v1-0087","0","central","hfo-le","1","Alliance","0","2","39,82","151,119","1","3","43","central:hfo-le:1:0:3","3765000043","39,82","151,119","0","24651417","9dc109b1e357269a6a40b1c07eabe230a2af97b70b54ba05bbfaff12f5dc9b29"
"88","fresh-dual-v1-0088","0","central","hfo-le","1","Alliance","0","2","39,82","151,119","0","4","44","central:hfo-le:1:0:4","3765000044","39,82","151,119","0","24651417","9dc109b1e357269a6a40b1c07eabe230a2af97b70b54ba05bbfaff12f5dc9b29"
"89","fresh-dual-v1-0089","0","central","hfo-le","1","Alliance","0","2","39,82","151,119","1","4","44","central:hfo-le:1:0:4","3765000044","39,82","151,119","0","24651417","9dc109b1e357269a6a40b1c07eabe230a2af97b70b54ba05bbfaff12f5dc9b29"
"90","fresh-dual-v1-0090","0","central","hfo-le","1","Alliance","0","2","39,82","151,119","0","5","45","central:hfo-le:1:0:5","3765000045","39,82","151,119","0","24651417","9dc109b1e357269a6a40b1c07eabe230a2af97b70b54ba05bbfaff12f5dc9b29"
"91","fresh-dual-v1-0091","0","central","hfo-le","1","Alliance","0","2","39,82","151,119","1","5","45","central:hfo-le:1:0:5","3765000045","39,82","151,119","0","24651417","9dc109b1e357269a6a40b1c07eabe230a2af97b70b54ba05bbfaff12f5dc9b29"
"92","fresh-dual-v1-0092","0","central","hfo-le","1","Alliance","0","2","39,82","151,119","0","6","46","central:hfo-le:1:0:6","3765000046","39,82","151,119","0","24651417","9dc109b1e357269a6a40b1c07eabe230a2af97b70b54ba05bbfaff12f5dc9b29"
"93","fresh-dual-v1-0093","0","central","hfo-le","1","Alliance","0","2","39,82","151,119","1","6","46","central:hfo-le:1:0:6","3765000046","39,82","151,119","0","24651417","9dc109b1e357269a6a40b1c07eabe230a2af97b70b54ba05bbfaff12f5dc9b29"
"94","fresh-dual-v1-0094","0","central","hfo-le","1","Alliance","0","2","39,82","151,119","0","7","47","central:hfo-le:1:0:7","3765000047","39,82","151,119","0","24651417","9dc109b1e357269a6a40b1c07eabe230a2af97b70b54ba05bbfaff12f5dc9b29"
"95","fresh-dual-v1-0095","0","central","hfo-le","1","Alliance","0","2","39,82","151,119","1","7","47","central:hfo-le:1:0:7","3765000047","39,82","151,119","0","24651417","9dc109b1e357269a6a40b1c07eabe230a2af97b70b54ba05bbfaff12f5dc9b29"
"96","fresh-dual-v1-0096","0","central","hfo-le","1","Alliance","0","2","39,82","151,119","0","8","48","central:hfo-le:1:0:8","3765000048","39,82","151,119","0","24651417","9dc109b1e357269a6a40b1c07eabe230a2af97b70b54ba05bbfaff12f5dc9b29"
"97","fresh-dual-v1-0097","0","central","hfo-le","1","Alliance","0","2","39,82","151,119","1","8","48","central:hfo-le:1:0:8","3765000048","39,82","151,119","0","24651417","9dc109b1e357269a6a40b1c07eabe230a2af97b70b54ba05bbfaff12f5dc9b29"
"98","fresh-dual-v1-0098","0","central","hfo-le","1","Alliance","0","2","39,82","151,119","0","9","49","central:hfo-le:1:0:9","3765000049","39,82","151,119","0","24651417","9dc109b1e357269a6a40b1c07eabe230a2af97b70b54ba05bbfaff12f5dc9b29"
"99","fresh-dual-v1-0099","0","central","hfo-le","1","Alliance","0","2","39,82","151,119","1","9","49","central:hfo-le:1:0:9","3765000049","39,82","151,119","0","24651417","9dc109b1e357269a6a40b1c07eabe230a2af97b70b54ba05bbfaff12f5dc9b29"
"100","fresh-dual-v1-0100","0","central","hfo-le","1","Alliance","1","3","88,34","88,157","0","0","50","central:hfo-le:1:1:0","3765000050","88,34","88,157","0","24651417","9dc109b1e357269a6a40b1c07eabe230a2af97b70b54ba05bbfaff12f5dc9b29"
"101","fresh-dual-v1-0101","0","central","hfo-le","1","Alliance","1","3","88,34","88,157","1","0","50","central:hfo-le:1:1:0","3765000050","88,34","88,157","0","24651417","9dc109b1e357269a6a40b1c07eabe230a2af97b70b54ba05bbfaff12f5dc9b29"
"102","fresh-dual-v1-0102","0","central","hfo-le","1","Alliance","1","3","88,34","88,157","0","1","51","central:hfo-le:1:1:1","3765000051","88,34","88,157","0","24651417","9dc109b1e357269a6a40b1c07eabe230a2af97b70b54ba05bbfaff12f5dc9b29"
"103","fresh-dual-v1-0103","0","central","hfo-le","1","Alliance","1","3","88,34","88,157","1","1","51","central:hfo-le:1:1:1","3765000051","88,34","88,157","0","24651417","9dc109b1e357269a6a40b1c07eabe230a2af97b70b54ba05bbfaff12f5dc9b29"
"104","fresh-dual-v1-0104","0","central","hfo-le","1","Alliance","1","3","88,34","88,157","0","2","52","central:hfo-le:1:1:2","3765000052","88,34","88,157","0","24651417","9dc109b1e357269a6a40b1c07eabe230a2af97b70b54ba05bbfaff12f5dc9b29"
"105","fresh-dual-v1-0105","0","central","hfo-le","1","Alliance","1","3","88,34","88,157","1","2","52","central:hfo-le:1:1:2","3765000052","88,34","88,157","0","24651417","9dc109b1e357269a6a40b1c07eabe230a2af97b70b54ba05bbfaff12f5dc9b29"
"106","fresh-dual-v1-0106","0","central","hfo-le","1","Alliance","1","3","88,34","88,157","0","3","53","central:hfo-le:1:1:3","3765000053","88,34","88,157","0","24651417","9dc109b1e357269a6a40b1c07eabe230a2af97b70b54ba05bbfaff12f5dc9b29"
"107","fresh-dual-v1-0107","0","central","hfo-le","1","Alliance","1","3","88,34","88,157","1","3","53","central:hfo-le:1:1:3","3765000053","88,34","88,157","0","24651417","9dc109b1e357269a6a40b1c07eabe230a2af97b70b54ba05bbfaff12f5dc9b29"
"108","fresh-dual-v1-0108","0","central","hfo-le","1","Alliance","1","3","88,34","88,157","0","4","54","central:hfo-le:1:1:4","3765000054","88,34","88,157","0","24651417","9dc109b1e357269a6a40b1c07eabe230a2af97b70b54ba05bbfaff12f5dc9b29"
"109","fresh-dual-v1-0109","0","central","hfo-le","1","Alliance","1","3","88,34","88,157","1","4","54","central:hfo-le:1:1:4","3765000054","88,34","88,157","0","24651417","9dc109b1e357269a6a40b1c07eabe230a2af97b70b54ba05bbfaff12f5dc9b29"
"110","fresh-dual-v1-0110","0","central","hfo-le","1","Alliance","1","3","88,34","88,157","0","5","55","central:hfo-le:1:1:5","3765000055","88,34","88,157","0","24651417","9dc109b1e357269a6a40b1c07eabe230a2af97b70b54ba05bbfaff12f5dc9b29"
"111","fresh-dual-v1-0111","0","central","hfo-le","1","Alliance","1","3","88,34","88,157","1","5","55","central:hfo-le:1:1:5","3765000055","88,34","88,157","0","24651417","9dc109b1e357269a6a40b1c07eabe230a2af97b70b54ba05bbfaff12f5dc9b29"
"112","fresh-dual-v1-0112","0","central","hfo-le","1","Alliance","1","3","88,34","88,157","0","6","56","central:hfo-le:1:1:6","3765000056","88,34","88,157","0","24651417","9dc109b1e357269a6a40b1c07eabe230a2af97b70b54ba05bbfaff12f5dc9b29"
"113","fresh-dual-v1-0113","0","central","hfo-le","1","Alliance","1","3","88,34","88,157","1","6","56","central:hfo-le:1:1:6","3765000056","88,34","88,157","0","24651417","9dc109b1e357269a6a40b1c07eabe230a2af97b70b54ba05bbfaff12f5dc9b29"
"114","fresh-dual-v1-0114","0","central","hfo-le","1","Alliance","1","3","88,34","88,157","0","7","57","central:hfo-le:1:1:7","3765000057","88,34","88,157","0","24651417","9dc109b1e357269a6a40b1c07eabe230a2af97b70b54ba05bbfaff12f5dc9b29"
"115","fresh-dual-v1-0115","0","central","hfo-le","1","Alliance","1","3","88,34","88,157","1","7","57","central:hfo-le:1:1:7","3765000057","88,34","88,157","0","24651417","9dc109b1e357269a6a40b1c07eabe230a2af97b70b54ba05bbfaff12f5dc9b29"
"116","fresh-dual-v1-0116","0","central","hfo-le","1","Alliance","1","3","88,34","88,157","0","8","58","central:hfo-le:1:1:8","3765000058","88,34","88,157","0","24651417","9dc109b1e357269a6a40b1c07eabe230a2af97b70b54ba05bbfaff12f5dc9b29"
"117","fresh-dual-v1-0117","0","central","hfo-le","1","Alliance","1","3","88,34","88,157","1","8","58","central:hfo-le:1:1:8","3765000058","88,34","88,157","0","24651417","9dc109b1e357269a6a40b1c07eabe230a2af97b70b54ba05bbfaff12f5dc9b29"
"118","fresh-dual-v1-0118","0","central","hfo-le","1","Alliance","1","3","88,34","88,157","0","9","59","central:hfo-le:1:1:9","3765000059","88,34","88,157","0","24651417","9dc109b1e357269a6a40b1c07eabe230a2af97b70b54ba05bbfaff12f5dc9b29"
"119","fresh-dual-v1-0119","0","central","hfo-le","1","Alliance","1","3","88,34","88,157","1","9","59","central:hfo-le:1:1:9","3765000059","88,34","88,157","0","24651417","9dc109b1e357269a6a40b1c07eabe230a2af97b70b54ba05bbfaff12f5dc9b29"
"120","fresh-dual-v1-0120","0","central","hfo-le","1","Alliance","2","0","151,119","39,82","0","0","60","central:hfo-le:1:2:0","3765000060","151,119","39,82","0","24651417","9dc109b1e357269a6a40b1c07eabe230a2af97b70b54ba05bbfaff12f5dc9b29"
"121","fresh-dual-v1-0121","0","central","hfo-le","1","Alliance","2","0","151,119","39,82","1","0","60","central:hfo-le:1:2:0","3765000060","151,119","39,82","0","24651417","9dc109b1e357269a6a40b1c07eabe230a2af97b70b54ba05bbfaff12f5dc9b29"
"122","fresh-dual-v1-0122","0","central","hfo-le","1","Alliance","2","0","151,119","39,82","0","1","61","central:hfo-le:1:2:1","3765000061","151,119","39,82","0","24651417","9dc109b1e357269a6a40b1c07eabe230a2af97b70b54ba05bbfaff12f5dc9b29"
"123","fresh-dual-v1-0123","0","central","hfo-le","1","Alliance","2","0","151,119","39,82","1","1","61","central:hfo-le:1:2:1","3765000061","151,119","39,82","0","24651417","9dc109b1e357269a6a40b1c07eabe230a2af97b70b54ba05bbfaff12f5dc9b29"
"124","fresh-dual-v1-0124","0","central","hfo-le","1","Alliance","2","0","151,119","39,82","0","2","62","central:hfo-le:1:2:2","3765000062","151,119","39,82","0","24651417","9dc109b1e357269a6a40b1c07eabe230a2af97b70b54ba05bbfaff12f5dc9b29"
"125","fresh-dual-v1-0125","0","central","hfo-le","1","Alliance","2","0","151,119","39,82","1","2","62","central:hfo-le:1:2:2","3765000062","151,119","39,82","0","24651417","9dc109b1e357269a6a40b1c07eabe230a2af97b70b54ba05bbfaff12f5dc9b29"
"126","fresh-dual-v1-0126","0","central","hfo-le","1","Alliance","2","0","151,119","39,82","0","3","63","central:hfo-le:1:2:3","3765000063","151,119","39,82","0","24651417","9dc109b1e357269a6a40b1c07eabe230a2af97b70b54ba05bbfaff12f5dc9b29"
"127","fresh-dual-v1-0127","0","central","hfo-le","1","Alliance","2","0","151,119","39,82","1","3","63","central:hfo-le:1:2:3","3765000063","151,119","39,82","0","24651417","9dc109b1e357269a6a40b1c07eabe230a2af97b70b54ba05bbfaff12f5dc9b29"
"128","fresh-dual-v1-0128","0","central","hfo-le","1","Alliance","2","0","151,119","39,82","0","4","64","central:hfo-le:1:2:4","3765000064","151,119","39,82","0","24651417","9dc109b1e357269a6a40b1c07eabe230a2af97b70b54ba05bbfaff12f5dc9b29"
"129","fresh-dual-v1-0129","0","central","hfo-le","1","Alliance","2","0","151,119","39,82","1","4","64","central:hfo-le:1:2:4","3765000064","151,119","39,82","0","24651417","9dc109b1e357269a6a40b1c07eabe230a2af97b70b54ba05bbfaff12f5dc9b29"
"130","fresh-dual-v1-0130","0","central","hfo-le","1","Alliance","2","0","151,119","39,82","0","5","65","central:hfo-le:1:2:5","3765000065","151,119","39,82","0","24651417","9dc109b1e357269a6a40b1c07eabe230a2af97b70b54ba05bbfaff12f5dc9b29"
"131","fresh-dual-v1-0131","0","central","hfo-le","1","Alliance","2","0","151,119","39,82","1","5","65","central:hfo-le:1:2:5","3765000065","151,119","39,82","0","24651417","9dc109b1e357269a6a40b1c07eabe230a2af97b70b54ba05bbfaff12f5dc9b29"
"132","fresh-dual-v1-0132","0","central","hfo-le","1","Alliance","2","0","151,119","39,82","0","6","66","central:hfo-le:1:2:6","3765000066","151,119","39,82","0","24651417","9dc109b1e357269a6a40b1c07eabe230a2af97b70b54ba05bbfaff12f5dc9b29"
"133","fresh-dual-v1-0133","0","central","hfo-le","1","Alliance","2","0","151,119","39,82","1","6","66","central:hfo-le:1:2:6","3765000066","151,119","39,82","0","24651417","9dc109b1e357269a6a40b1c07eabe230a2af97b70b54ba05bbfaff12f5dc9b29"
"134","fresh-dual-v1-0134","0","central","hfo-le","1","Alliance","2","0","151,119","39,82","0","7","67","central:hfo-le:1:2:7","3765000067","151,119","39,82","0","24651417","9dc109b1e357269a6a40b1c07eabe230a2af97b70b54ba05bbfaff12f5dc9b29"
"135","fresh-dual-v1-0135","0","central","hfo-le","1","Alliance","2","0","151,119","39,82","1","7","67","central:hfo-le:1:2:7","3765000067","151,119","39,82","0","24651417","9dc109b1e357269a6a40b1c07eabe230a2af97b70b54ba05bbfaff12f5dc9b29"
"136","fresh-dual-v1-0136","0","central","hfo-le","1","Alliance","2","0","151,119","39,82","0","8","68","central:hfo-le:1:2:8","3765000068","151,119","39,82","0","24651417","9dc109b1e357269a6a40b1c07eabe230a2af97b70b54ba05bbfaff12f5dc9b29"
"137","fresh-dual-v1-0137","0","central","hfo-le","1","Alliance","2","0","151,119","39,82","1","8","68","central:hfo-le:1:2:8","3765000068","151,119","39,82","0","24651417","9dc109b1e357269a6a40b1c07eabe230a2af97b70b54ba05bbfaff12f5dc9b29"
"138","fresh-dual-v1-0138","0","central","hfo-le","1","Alliance","2","0","151,119","39,82","0","9","69","central:hfo-le:1:2:9","3765000069","151,119","39,82","0","24651417","9dc109b1e357269a6a40b1c07eabe230a2af97b70b54ba05bbfaff12f5dc9b29"
"139","fresh-dual-v1-0139","0","central","hfo-le","1","Alliance","2","0","151,119","39,82","1","9","69","central:hfo-le:1:2:9","3765000069","151,119","39,82","0","24651417","9dc109b1e357269a6a40b1c07eabe230a2af97b70b54ba05bbfaff12f5dc9b29"
"140","fresh-dual-v1-0140","0","central","hfo-le","1","Alliance","3","1","88,157","88,34","0","0","70","central:hfo-le:1:3:0","3765000070","88,157","88,34","0","24651417","9dc109b1e357269a6a40b1c07eabe230a2af97b70b54ba05bbfaff12f5dc9b29"
"141","fresh-dual-v1-0141","0","central","hfo-le","1","Alliance","3","1","88,157","88,34","1","0","70","central:hfo-le:1:3:0","3765000070","88,157","88,34","0","24651417","9dc109b1e357269a6a40b1c07eabe230a2af97b70b54ba05bbfaff12f5dc9b29"
"142","fresh-dual-v1-0142","0","central","hfo-le","1","Alliance","3","1","88,157","88,34","0","1","71","central:hfo-le:1:3:1","3765000071","88,157","88,34","0","24651417","9dc109b1e357269a6a40b1c07eabe230a2af97b70b54ba05bbfaff12f5dc9b29"
"143","fresh-dual-v1-0143","0","central","hfo-le","1","Alliance","3","1","88,157","88,34","1","1","71","central:hfo-le:1:3:1","3765000071","88,157","88,34","0","24651417","9dc109b1e357269a6a40b1c07eabe230a2af97b70b54ba05bbfaff12f5dc9b29"
"144","fresh-dual-v1-0144","0","central","hfo-le","1","Alliance","3","1","88,157","88,34","0","2","72","central:hfo-le:1:3:2","3765000072","88,157","88,34","0","24651417","9dc109b1e357269a6a40b1c07eabe230a2af97b70b54ba05bbfaff12f5dc9b29"
"145","fresh-dual-v1-0145","0","central","hfo-le","1","Alliance","3","1","88,157","88,34","1","2","72","central:hfo-le:1:3:2","3765000072","88,157","88,34","0","24651417","9dc109b1e357269a6a40b1c07eabe230a2af97b70b54ba05bbfaff12f5dc9b29"
"146","fresh-dual-v1-0146","0","central","hfo-le","1","Alliance","3","1","88,157","88,34","0","3","73","central:hfo-le:1:3:3","3765000073","88,157","88,34","0","24651417","9dc109b1e357269a6a40b1c07eabe230a2af97b70b54ba05bbfaff12f5dc9b29"
"147","fresh-dual-v1-0147","0","central","hfo-le","1","Alliance","3","1","88,157","88,34","1","3","73","central:hfo-le:1:3:3","3765000073","88,157","88,34","0","24651417","9dc109b1e357269a6a40b1c07eabe230a2af97b70b54ba05bbfaff12f5dc9b29"
"148","fresh-dual-v1-0148","0","central","hfo-le","1","Alliance","3","1","88,157","88,34","0","4","74","central:hfo-le:1:3:4","3765000074","88,157","88,34","0","24651417","9dc109b1e357269a6a40b1c07eabe230a2af97b70b54ba05bbfaff12f5dc9b29"
"149","fresh-dual-v1-0149","0","central","hfo-le","1","Alliance","3","1","88,157","88,34","1","4","74","central:hfo-le:1:3:4","3765000074","88,157","88,34","0","24651417","9dc109b1e357269a6a40b1c07eabe230a2af97b70b54ba05bbfaff12f5dc9b29"
"150","fresh-dual-v1-0150","0","central","hfo-le","1","Alliance","3","1","88,157","88,34","0","5","75","central:hfo-le:1:3:5","3765000075","88,157","88,34","0","24651417","9dc109b1e357269a6a40b1c07eabe230a2af97b70b54ba05bbfaff12f5dc9b29"
"151","fresh-dual-v1-0151","0","central","hfo-le","1","Alliance","3","1","88,157","88,34","1","5","75","central:hfo-le:1:3:5","3765000075","88,157","88,34","0","24651417","9dc109b1e357269a6a40b1c07eabe230a2af97b70b54ba05bbfaff12f5dc9b29"
"152","fresh-dual-v1-0152","0","central","hfo-le","1","Alliance","3","1","88,157","88,34","0","6","76","central:hfo-le:1:3:6","3765000076","88,157","88,34","0","24651417","9dc109b1e357269a6a40b1c07eabe230a2af97b70b54ba05bbfaff12f5dc9b29"
"153","fresh-dual-v1-0153","0","central","hfo-le","1","Alliance","3","1","88,157","88,34","1","6","76","central:hfo-le:1:3:6","3765000076","88,157","88,34","0","24651417","9dc109b1e357269a6a40b1c07eabe230a2af97b70b54ba05bbfaff12f5dc9b29"
"154","fresh-dual-v1-0154","0","central","hfo-le","1","Alliance","3","1","88,157","88,34","0","7","77","central:hfo-le:1:3:7","3765000077","88,157","88,34","0","24651417","9dc109b1e357269a6a40b1c07eabe230a2af97b70b54ba05bbfaff12f5dc9b29"
"155","fresh-dual-v1-0155","0","central","hfo-le","1","Alliance","3","1","88,157","88,34","1","7","77","central:hfo-le:1:3:7","3765000077","88,157","88,34","0","24651417","9dc109b1e357269a6a40b1c07eabe230a2af97b70b54ba05bbfaff12f5dc9b29"
"156","fresh-dual-v1-0156","0","central","hfo-le","1","Alliance","3","1","88,157","88,34","0","8","78","central:hfo-le:1:3:8","3765000078","88,157","88,34","0","24651417","9dc109b1e357269a6a40b1c07eabe230a2af97b70b54ba05bbfaff12f5dc9b29"
"157","fresh-dual-v1-0157","0","central","hfo-le","1","Alliance","3","1","88,157","88,34","1","8","78","central:hfo-le:1:3:8","3765000078","88,157","88,34","0","24651417","9dc109b1e357269a6a40b1c07eabe230a2af97b70b54ba05bbfaff12f5dc9b29"
"158","fresh-dual-v1-0158","0","central","hfo-le","1","Alliance","3","1","88,157","88,34","0","9","79","central:hfo-le:1:3:9","3765000079","88,157","88,34","0","24651417","9dc109b1e357269a6a40b1c07eabe230a2af97b70b54ba05bbfaff12f5dc9b29"
"159","fresh-dual-v1-0159","0","central","hfo-le","1","Alliance","3","1","88,157","88,34","1","9","79","central:hfo-le:1:3:9","3765000079","88,157","88,34","0","24651417","9dc109b1e357269a6a40b1c07eabe230a2af97b70b54ba05bbfaff12f5dc9b29"
"160","fresh-dual-v1-0160","0","central","hfo-le","2","French","0","2","39,82","151,119","0","0","80","central:hfo-le:2:0:0","3765000080","39,82","151,119","0","24651417","9dc109b1e357269a6a40b1c07eabe230a2af97b70b54ba05bbfaff12f5dc9b29"
"161","fresh-dual-v1-0161","0","central","hfo-le","2","French","0","2","39,82","151,119","1","0","80","central:hfo-le:2:0:0","3765000080","39,82","151,119","0","24651417","9dc109b1e357269a6a40b1c07eabe230a2af97b70b54ba05bbfaff12f5dc9b29"
"162","fresh-dual-v1-0162","0","central","hfo-le","2","French","0","2","39,82","151,119","0","1","81","central:hfo-le:2:0:1","3765000081","39,82","151,119","0","24651417","9dc109b1e357269a6a40b1c07eabe230a2af97b70b54ba05bbfaff12f5dc9b29"
"163","fresh-dual-v1-0163","0","central","hfo-le","2","French","0","2","39,82","151,119","1","1","81","central:hfo-le:2:0:1","3765000081","39,82","151,119","0","24651417","9dc109b1e357269a6a40b1c07eabe230a2af97b70b54ba05bbfaff12f5dc9b29"
"164","fresh-dual-v1-0164","0","central","hfo-le","2","French","0","2","39,82","151,119","0","2","82","central:hfo-le:2:0:2","3765000082","39,82","151,119","0","24651417","9dc109b1e357269a6a40b1c07eabe230a2af97b70b54ba05bbfaff12f5dc9b29"
"165","fresh-dual-v1-0165","0","central","hfo-le","2","French","0","2","39,82","151,119","1","2","82","central:hfo-le:2:0:2","3765000082","39,82","151,119","0","24651417","9dc109b1e357269a6a40b1c07eabe230a2af97b70b54ba05bbfaff12f5dc9b29"
"166","fresh-dual-v1-0166","0","central","hfo-le","2","French","0","2","39,82","151,119","0","3","83","central:hfo-le:2:0:3","3765000083","39,82","151,119","0","24651417","9dc109b1e357269a6a40b1c07eabe230a2af97b70b54ba05bbfaff12f5dc9b29"
"167","fresh-dual-v1-0167","0","central","hfo-le","2","French","0","2","39,82","151,119","1","3","83","central:hfo-le:2:0:3","3765000083","39,82","151,119","0","24651417","9dc109b1e357269a6a40b1c07eabe230a2af97b70b54ba05bbfaff12f5dc9b29"
"168","fresh-dual-v1-0168","0","central","hfo-le","2","French","0","2","39,82","151,119","0","4","84","central:hfo-le:2:0:4","3765000084","39,82","151,119","0","24651417","9dc109b1e357269a6a40b1c07eabe230a2af97b70b54ba05bbfaff12f5dc9b29"
"169","fresh-dual-v1-0169","0","central","hfo-le","2","French","0","2","39,82","151,119","1","4","84","central:hfo-le:2:0:4","3765000084","39,82","151,119","0","24651417","9dc109b1e357269a6a40b1c07eabe230a2af97b70b54ba05bbfaff12f5dc9b29"
"170","fresh-dual-v1-0170","0","central","hfo-le","2","French","0","2","39,82","151,119","0","5","85","central:hfo-le:2:0:5","3765000085","39,82","151,119","0","24651417","9dc109b1e357269a6a40b1c07eabe230a2af97b70b54ba05bbfaff12f5dc9b29"
"171","fresh-dual-v1-0171","0","central","hfo-le","2","French","0","2","39,82","151,119","1","5","85","central:hfo-le:2:0:5","3765000085","39,82","151,119","0","24651417","9dc109b1e357269a6a40b1c07eabe230a2af97b70b54ba05bbfaff12f5dc9b29"
"172","fresh-dual-v1-0172","0","central","hfo-le","2","French","0","2","39,82","151,119","0","6","86","central:hfo-le:2:0:6","3765000086","39,82","151,119","0","24651417","9dc109b1e357269a6a40b1c07eabe230a2af97b70b54ba05bbfaff12f5dc9b29"
"173","fresh-dual-v1-0173","0","central","hfo-le","2","French","0","2","39,82","151,119","1","6","86","central:hfo-le:2:0:6","3765000086","39,82","151,119","0","24651417","9dc109b1e357269a6a40b1c07eabe230a2af97b70b54ba05bbfaff12f5dc9b29"
"174","fresh-dual-v1-0174","0","central","hfo-le","2","French","0","2","39,82","151,119","0","7","87","central:hfo-le:2:0:7","3765000087","39,82","151,119","0","24651417","9dc109b1e357269a6a40b1c07eabe230a2af97b70b54ba05bbfaff12f5dc9b29"
"175","fresh-dual-v1-0175","0","central","hfo-le","2","French","0","2","39,82","151,119","1","7","87","central:hfo-le:2:0:7","3765000087","39,82","151,119","0","24651417","9dc109b1e357269a6a40b1c07eabe230a2af97b70b54ba05bbfaff12f5dc9b29"
"176","fresh-dual-v1-0176","0","central","hfo-le","2","French","0","2","39,82","151,119","0","8","88","central:hfo-le:2:0:8","3765000088","39,82","151,119","0","24651417","9dc109b1e357269a6a40b1c07eabe230a2af97b70b54ba05bbfaff12f5dc9b29"
"177","fresh-dual-v1-0177","0","central","hfo-le","2","French","0","2","39,82","151,119","1","8","88","central:hfo-le:2:0:8","3765000088","39,82","151,119","0","24651417","9dc109b1e357269a6a40b1c07eabe230a2af97b70b54ba05bbfaff12f5dc9b29"
"178","fresh-dual-v1-0178","0","central","hfo-le","2","French","0","2","39,82","151,119","0","9","89","central:hfo-le:2:0:9","3765000089","39,82","151,119","0","24651417","9dc109b1e357269a6a40b1c07eabe230a2af97b70b54ba05bbfaff12f5dc9b29"
"179","fresh-dual-v1-0179","0","central","hfo-le","2","French","0","2","39,82","151,119","1","9","89","central:hfo-le:2:0:9","3765000089","39,82","151,119","0","24651417","9dc109b1e357269a6a40b1c07eabe230a2af97b70b54ba05bbfaff12f5dc9b29"
"180","fresh-dual-v1-0180","0","central","hfo-le","2","French","1","3","88,34","88,157","0","0","90","central:hfo-le:2:1:0","3765000090","88,34","88,157","0","24651417","9dc109b1e357269a6a40b1c07eabe230a2af97b70b54ba05bbfaff12f5dc9b29"
"181","fresh-dual-v1-0181","0","central","hfo-le","2","French","1","3","88,34","88,157","1","0","90","central:hfo-le:2:1:0","3765000090","88,34","88,157","0","24651417","9dc109b1e357269a6a40b1c07eabe230a2af97b70b54ba05bbfaff12f5dc9b29"
"182","fresh-dual-v1-0182","0","central","hfo-le","2","French","1","3","88,34","88,157","0","1","91","central:hfo-le:2:1:1","3765000091","88,34","88,157","0","24651417","9dc109b1e357269a6a40b1c07eabe230a2af97b70b54ba05bbfaff12f5dc9b29"
"183","fresh-dual-v1-0183","0","central","hfo-le","2","French","1","3","88,34","88,157","1","1","91","central:hfo-le:2:1:1","3765000091","88,34","88,157","0","24651417","9dc109b1e357269a6a40b1c07eabe230a2af97b70b54ba05bbfaff12f5dc9b29"
"184","fresh-dual-v1-0184","0","central","hfo-le","2","French","1","3","88,34","88,157","0","2","92","central:hfo-le:2:1:2","3765000092","88,34","88,157","0","24651417","9dc109b1e357269a6a40b1c07eabe230a2af97b70b54ba05bbfaff12f5dc9b29"
"185","fresh-dual-v1-0185","0","central","hfo-le","2","French","1","3","88,34","88,157","1","2","92","central:hfo-le:2:1:2","3765000092","88,34","88,157","0","24651417","9dc109b1e357269a6a40b1c07eabe230a2af97b70b54ba05bbfaff12f5dc9b29"
"186","fresh-dual-v1-0186","0","central","hfo-le","2","French","1","3","88,34","88,157","0","3","93","central:hfo-le:2:1:3","3765000093","88,34","88,157","0","24651417","9dc109b1e357269a6a40b1c07eabe230a2af97b70b54ba05bbfaff12f5dc9b29"
"187","fresh-dual-v1-0187","0","central","hfo-le","2","French","1","3","88,34","88,157","1","3","93","central:hfo-le:2:1:3","3765000093","88,34","88,157","0","24651417","9dc109b1e357269a6a40b1c07eabe230a2af97b70b54ba05bbfaff12f5dc9b29"
"188","fresh-dual-v1-0188","0","central","hfo-le","2","French","1","3","88,34","88,157","0","4","94","central:hfo-le:2:1:4","3765000094","88,34","88,157","0","24651417","9dc109b1e357269a6a40b1c07eabe230a2af97b70b54ba05bbfaff12f5dc9b29"
"189","fresh-dual-v1-0189","0","central","hfo-le","2","French","1","3","88,34","88,157","1","4","94","central:hfo-le:2:1:4","3765000094","88,34","88,157","0","24651417","9dc109b1e357269a6a40b1c07eabe230a2af97b70b54ba05bbfaff12f5dc9b29"
"190","fresh-dual-v1-0190","0","central","hfo-le","2","French","1","3","88,34","88,157","0","5","95","central:hfo-le:2:1:5","3765000095","88,34","88,157","0","24651417","9dc109b1e357269a6a40b1c07eabe230a2af97b70b54ba05bbfaff12f5dc9b29"
"191","fresh-dual-v1-0191","0","central","hfo-le","2","French","1","3","88,34","88,157","1","5","95","central:hfo-le:2:1:5","3765000095","88,34","88,157","0","24651417","9dc109b1e357269a6a40b1c07eabe230a2af97b70b54ba05bbfaff12f5dc9b29"
"192","fresh-dual-v1-0192","0","central","hfo-le","2","French","1","3","88,34","88,157","0","6","96","central:hfo-le:2:1:6","3765000096","88,34","88,157","0","24651417","9dc109b1e357269a6a40b1c07eabe230a2af97b70b54ba05bbfaff12f5dc9b29"
"193","fresh-dual-v1-0193","0","central","hfo-le","2","French","1","3","88,34","88,157","1","6","96","central:hfo-le:2:1:6","3765000096","88,34","88,157","0","24651417","9dc109b1e357269a6a40b1c07eabe230a2af97b70b54ba05bbfaff12f5dc9b29"
"194","fresh-dual-v1-0194","0","central","hfo-le","2","French","1","3","88,34","88,157","0","7","97","central:hfo-le:2:1:7","3765000097","88,34","88,157","0","24651417","9dc109b1e357269a6a40b1c07eabe230a2af97b70b54ba05bbfaff12f5dc9b29"
"195","fresh-dual-v1-0195","0","central","hfo-le","2","French","1","3","88,34","88,157","1","7","97","central:hfo-le:2:1:7","3765000097","88,34","88,157","0","24651417","9dc109b1e357269a6a40b1c07eabe230a2af97b70b54ba05bbfaff12f5dc9b29"
"196","fresh-dual-v1-0196","0","central","hfo-le","2","French","1","3","88,34","88,157","0","8","98","central:hfo-le:2:1:8","3765000098","88,34","88,157","0","24651417","9dc109b1e357269a6a40b1c07eabe230a2af97b70b54ba05bbfaff12f5dc9b29"
"197","fresh-dual-v1-0197","0","central","hfo-le","2","French","1","3","88,34","88,157","1","8","98","central:hfo-le:2:1:8","3765000098","88,34","88,157","0","24651417","9dc109b1e357269a6a40b1c07eabe230a2af97b70b54ba05bbfaff12f5dc9b29"
"198","fresh-dual-v1-0198","0","central","hfo-le","2","French","1","3","88,34","88,157","0","9","99","central:hfo-le:2:1:9","3765000099","88,34","88,157","0","24651417","9dc109b1e357269a6a40b1c07eabe230a2af97b70b54ba05bbfaff12f5dc9b29"
"199","fresh-dual-v1-0199","0","central","hfo-le","2","French","1","3","88,34","88,157","1","9","99","central:hfo-le:2:1:9","3765000099","88,34","88,157","0","24651417","9dc109b1e357269a6a40b1c07eabe230a2af97b70b54ba05bbfaff12f5dc9b29"
"200","fresh-dual-v1-0200","0","central","hfo-le","2","French","2","0","151,119","39,82","0","0","100","central:hfo-le:2:2:0","3765000100","151,119","39,82","0","24651417","9dc109b1e357269a6a40b1c07eabe230a2af97b70b54ba05bbfaff12f5dc9b29"
"201","fresh-dual-v1-0201","0","central","hfo-le","2","French","2","0","151,119","39,82","1","0","100","central:hfo-le:2:2:0","3765000100","151,119","39,82","0","24651417","9dc109b1e357269a6a40b1c07eabe230a2af97b70b54ba05bbfaff12f5dc9b29"
"202","fresh-dual-v1-0202","0","central","hfo-le","2","French","2","0","151,119","39,82","0","1","101","central:hfo-le:2:2:1","3765000101","151,119","39,82","0","24651417","9dc109b1e357269a6a40b1c07eabe230a2af97b70b54ba05bbfaff12f5dc9b29"
"203","fresh-dual-v1-0203","0","central","hfo-le","2","French","2","0","151,119","39,82","1","1","101","central:hfo-le:2:2:1","3765000101","151,119","39,82","0","24651417","9dc109b1e357269a6a40b1c07eabe230a2af97b70b54ba05bbfaff12f5dc9b29"
"204","fresh-dual-v1-0204","0","central","hfo-le","2","French","2","0","151,119","39,82","0","2","102","central:hfo-le:2:2:2","3765000102","151,119","39,82","0","24651417","9dc109b1e357269a6a40b1c07eabe230a2af97b70b54ba05bbfaff12f5dc9b29"
"205","fresh-dual-v1-0205","0","central","hfo-le","2","French","2","0","151,119","39,82","1","2","102","central:hfo-le:2:2:2","3765000102","151,119","39,82","0","24651417","9dc109b1e357269a6a40b1c07eabe230a2af97b70b54ba05bbfaff12f5dc9b29"
"206","fresh-dual-v1-0206","0","central","hfo-le","2","French","2","0","151,119","39,82","0","3","103","central:hfo-le:2:2:3","3765000103","151,119","39,82","0","24651417","9dc109b1e357269a6a40b1c07eabe230a2af97b70b54ba05bbfaff12f5dc9b29"
"207","fresh-dual-v1-0207","0","central","hfo-le","2","French","2","0","151,119","39,82","1","3","103","central:hfo-le:2:2:3","3765000103","151,119","39,82","0","24651417","9dc109b1e357269a6a40b1c07eabe230a2af97b70b54ba05bbfaff12f5dc9b29"
"208","fresh-dual-v1-0208","0","central","hfo-le","2","French","2","0","151,119","39,82","0","4","104","central:hfo-le:2:2:4","3765000104","151,119","39,82","0","24651417","9dc109b1e357269a6a40b1c07eabe230a2af97b70b54ba05bbfaff12f5dc9b29"
"209","fresh-dual-v1-0209","0","central","hfo-le","2","French","2","0","151,119","39,82","1","4","104","central:hfo-le:2:2:4","3765000104","151,119","39,82","0","24651417","9dc109b1e357269a6a40b1c07eabe230a2af97b70b54ba05bbfaff12f5dc9b29"
"210","fresh-dual-v1-0210","0","central","hfo-le","2","French","2","0","151,119","39,82","0","5","105","central:hfo-le:2:2:5","3765000105","151,119","39,82","0","24651417","9dc109b1e357269a6a40b1c07eabe230a2af97b70b54ba05bbfaff12f5dc9b29"
"211","fresh-dual-v1-0211","0","central","hfo-le","2","French","2","0","151,119","39,82","1","5","105","central:hfo-le:2:2:5","3765000105","151,119","39,82","0","24651417","9dc109b1e357269a6a40b1c07eabe230a2af97b70b54ba05bbfaff12f5dc9b29"
"212","fresh-dual-v1-0212","0","central","hfo-le","2","French","2","0","151,119","39,82","0","6","106","central:hfo-le:2:2:6","3765000106","151,119","39,82","0","24651417","9dc109b1e357269a6a40b1c07eabe230a2af97b70b54ba05bbfaff12f5dc9b29"
"213","fresh-dual-v1-0213","0","central","hfo-le","2","French","2","0","151,119","39,82","1","6","106","central:hfo-le:2:2:6","3765000106","151,119","39,82","0","24651417","9dc109b1e357269a6a40b1c07eabe230a2af97b70b54ba05bbfaff12f5dc9b29"
"214","fresh-dual-v1-0214","0","central","hfo-le","2","French","2","0","151,119","39,82","0","7","107","central:hfo-le:2:2:7","3765000107","151,119","39,82","0","24651417","9dc109b1e357269a6a40b1c07eabe230a2af97b70b54ba05bbfaff12f5dc9b29"
"215","fresh-dual-v1-0215","0","central","hfo-le","2","French","2","0","151,119","39,82","1","7","107","central:hfo-le:2:2:7","3765000107","151,119","39,82","0","24651417","9dc109b1e357269a6a40b1c07eabe230a2af97b70b54ba05bbfaff12f5dc9b29"
"216","fresh-dual-v1-0216","0","central","hfo-le","2","French","2","0","151,119","39,82","0","8","108","central:hfo-le:2:2:8","3765000108","151,119","39,82","0","24651417","9dc109b1e357269a6a40b1c07eabe230a2af97b70b54ba05bbfaff12f5dc9b29"
"217","fresh-dual-v1-0217","0","central","hfo-le","2","French","2","0","151,119","39,82","1","8","108","central:hfo-le:2:2:8","3765000108","151,119","39,82","0","24651417","9dc109b1e357269a6a40b1c07eabe230a2af97b70b54ba05bbfaff12f5dc9b29"
"218","fresh-dual-v1-0218","0","central","hfo-le","2","French","2","0","151,119","39,82","0","9","109","central:hfo-le:2:2:9","3765000109","151,119","39,82","0","24651417","9dc109b1e357269a6a40b1c07eabe230a2af97b70b54ba05bbfaff12f5dc9b29"
"219","fresh-dual-v1-0219","0","central","hfo-le","2","French","2","0","151,119","39,82","1","9","109","central:hfo-le:2:2:9","3765000109","151,119","39,82","0","24651417","9dc109b1e357269a6a40b1c07eabe230a2af97b70b54ba05bbfaff12f5dc9b29"
"220","fresh-dual-v1-0220","0","central","hfo-le","2","French","3","1","88,157","88,34","0","0","110","central:hfo-le:2:3:0","3765000110","88,157","88,34","0","24651417","9dc109b1e357269a6a40b1c07eabe230a2af97b70b54ba05bbfaff12f5dc9b29"
"221","fresh-dual-v1-0221","0","central","hfo-le","2","French","3","1","88,157","88,34","1","0","110","central:hfo-le:2:3:0","3765000110","88,157","88,34","0","24651417","9dc109b1e357269a6a40b1c07eabe230a2af97b70b54ba05bbfaff12f5dc9b29"
"222","fresh-dual-v1-0222","0","central","hfo-le","2","French","3","1","88,157","88,34","0","1","111","central:hfo-le:2:3:1","3765000111","88,157","88,34","0","24651417","9dc109b1e357269a6a40b1c07eabe230a2af97b70b54ba05bbfaff12f5dc9b29"
"223","fresh-dual-v1-0223","0","central","hfo-le","2","French","3","1","88,157","88,34","1","1","111","central:hfo-le:2:3:1","3765000111","88,157","88,34","0","24651417","9dc109b1e357269a6a40b1c07eabe230a2af97b70b54ba05bbfaff12f5dc9b29"
"224","fresh-dual-v1-0224","0","central","hfo-le","2","French","3","1","88,157","88,34","0","2","112","central:hfo-le:2:3:2","3765000112","88,157","88,34","0","24651417","9dc109b1e357269a6a40b1c07eabe230a2af97b70b54ba05bbfaff12f5dc9b29"
"225","fresh-dual-v1-0225","0","central","hfo-le","2","French","3","1","88,157","88,34","1","2","112","central:hfo-le:2:3:2","3765000112","88,157","88,34","0","24651417","9dc109b1e357269a6a40b1c07eabe230a2af97b70b54ba05bbfaff12f5dc9b29"
"226","fresh-dual-v1-0226","0","central","hfo-le","2","French","3","1","88,157","88,34","0","3","113","central:hfo-le:2:3:3","3765000113","88,157","88,34","0","24651417","9dc109b1e357269a6a40b1c07eabe230a2af97b70b54ba05bbfaff12f5dc9b29"
"227","fresh-dual-v1-0227","0","central","hfo-le","2","French","3","1","88,157","88,34","1","3","113","central:hfo-le:2:3:3","3765000113","88,157","88,34","0","24651417","9dc109b1e357269a6a40b1c07eabe230a2af97b70b54ba05bbfaff12f5dc9b29"
"228","fresh-dual-v1-0228","0","central","hfo-le","2","French","3","1","88,157","88,34","0","4","114","central:hfo-le:2:3:4","3765000114","88,157","88,34","0","24651417","9dc109b1e357269a6a40b1c07eabe230a2af97b70b54ba05bbfaff12f5dc9b29"
"229","fresh-dual-v1-0229","0","central","hfo-le","2","French","3","1","88,157","88,34","1","4","114","central:hfo-le:2:3:4","3765000114","88,157","88,34","0","24651417","9dc109b1e357269a6a40b1c07eabe230a2af97b70b54ba05bbfaff12f5dc9b29"
"230","fresh-dual-v1-0230","0","central","hfo-le","2","French","3","1","88,157","88,34","0","5","115","central:hfo-le:2:3:5","3765000115","88,157","88,34","0","24651417","9dc109b1e357269a6a40b1c07eabe230a2af97b70b54ba05bbfaff12f5dc9b29"
"231","fresh-dual-v1-0231","0","central","hfo-le","2","French","3","1","88,157","88,34","1","5","115","central:hfo-le:2:3:5","3765000115","88,157","88,34","0","24651417","9dc109b1e357269a6a40b1c07eabe230a2af97b70b54ba05bbfaff12f5dc9b29"
"232","fresh-dual-v1-0232","0","central","hfo-le","2","French","3","1","88,157","88,34","0","6","116","central:hfo-le:2:3:6","3765000116","88,157","88,34","0","24651417","9dc109b1e357269a6a40b1c07eabe230a2af97b70b54ba05bbfaff12f5dc9b29"
"233","fresh-dual-v1-0233","0","central","hfo-le","2","French","3","1","88,157","88,34","1","6","116","central:hfo-le:2:3:6","3765000116","88,157","88,34","0","24651417","9dc109b1e357269a6a40b1c07eabe230a2af97b70b54ba05bbfaff12f5dc9b29"
"234","fresh-dual-v1-0234","0","central","hfo-le","2","French","3","1","88,157","88,34","0","7","117","central:hfo-le:2:3:7","3765000117","88,157","88,34","0","24651417","9dc109b1e357269a6a40b1c07eabe230a2af97b70b54ba05bbfaff12f5dc9b29"
"235","fresh-dual-v1-0235","0","central","hfo-le","2","French","3","1","88,157","88,34","1","7","117","central:hfo-le:2:3:7","3765000117","88,157","88,34","0","24651417","9dc109b1e357269a6a40b1c07eabe230a2af97b70b54ba05bbfaff12f5dc9b29"
"236","fresh-dual-v1-0236","0","central","hfo-le","2","French","3","1","88,157","88,34","0","8","118","central:hfo-le:2:3:8","3765000118","88,157","88,34","0","24651417","9dc109b1e357269a6a40b1c07eabe230a2af97b70b54ba05bbfaff12f5dc9b29"
"237","fresh-dual-v1-0237","0","central","hfo-le","2","French","3","1","88,157","88,34","1","8","118","central:hfo-le:2:3:8","3765000118","88,157","88,34","0","24651417","9dc109b1e357269a6a40b1c07eabe230a2af97b70b54ba05bbfaff12f5dc9b29"
"238","fresh-dual-v1-0238","0","central","hfo-le","2","French","3","1","88,157","88,34","0","9","119","central:hfo-le:2:3:9","3765000119","88,157","88,34","0","24651417","9dc109b1e357269a6a40b1c07eabe230a2af97b70b54ba05bbfaff12f5dc9b29"
"239","fresh-dual-v1-0239","0","central","hfo-le","2","French","3","1","88,157","88,34","1","9","119","central:hfo-le:2:3:9","3765000119","88,157","88,34","0","24651417","9dc109b1e357269a6a40b1c07eabe230a2af97b70b54ba05bbfaff12f5dc9b29"
"240","fresh-dual-v1-0240","0","central","hfo-le","3","Germans","0","2","39,82","151,119","0","0","120","central:hfo-le:3:0:0","3765000120","39,82","151,119","0","24651417","9dc109b1e357269a6a40b1c07eabe230a2af97b70b54ba05bbfaff12f5dc9b29"
"241","fresh-dual-v1-0241","0","central","hfo-le","3","Germans","0","2","39,82","151,119","1","0","120","central:hfo-le:3:0:0","3765000120","39,82","151,119","0","24651417","9dc109b1e357269a6a40b1c07eabe230a2af97b70b54ba05bbfaff12f5dc9b29"
"242","fresh-dual-v1-0242","0","central","hfo-le","3","Germans","0","2","39,82","151,119","0","1","121","central:hfo-le:3:0:1","3765000121","39,82","151,119","0","24651417","9dc109b1e357269a6a40b1c07eabe230a2af97b70b54ba05bbfaff12f5dc9b29"
"243","fresh-dual-v1-0243","0","central","hfo-le","3","Germans","0","2","39,82","151,119","1","1","121","central:hfo-le:3:0:1","3765000121","39,82","151,119","0","24651417","9dc109b1e357269a6a40b1c07eabe230a2af97b70b54ba05bbfaff12f5dc9b29"
"244","fresh-dual-v1-0244","0","central","hfo-le","3","Germans","0","2","39,82","151,119","0","2","122","central:hfo-le:3:0:2","3765000122","39,82","151,119","0","24651417","9dc109b1e357269a6a40b1c07eabe230a2af97b70b54ba05bbfaff12f5dc9b29"
"245","fresh-dual-v1-0245","0","central","hfo-le","3","Germans","0","2","39,82","151,119","1","2","122","central:hfo-le:3:0:2","3765000122","39,82","151,119","0","24651417","9dc109b1e357269a6a40b1c07eabe230a2af97b70b54ba05bbfaff12f5dc9b29"
"246","fresh-dual-v1-0246","0","central","hfo-le","3","Germans","0","2","39,82","151,119","0","3","123","central:hfo-le:3:0:3","3765000123","39,82","151,119","0","24651417","9dc109b1e357269a6a40b1c07eabe230a2af97b70b54ba05bbfaff12f5dc9b29"
"247","fresh-dual-v1-0247","0","central","hfo-le","3","Germans","0","2","39,82","151,119","1","3","123","central:hfo-le:3:0:3","3765000123","39,82","151,119","0","24651417","9dc109b1e357269a6a40b1c07eabe230a2af97b70b54ba05bbfaff12f5dc9b29"
"248","fresh-dual-v1-0248","0","central","hfo-le","3","Germans","0","2","39,82","151,119","0","4","124","central:hfo-le:3:0:4","3765000124","39,82","151,119","0","24651417","9dc109b1e357269a6a40b1c07eabe230a2af97b70b54ba05bbfaff12f5dc9b29"
"249","fresh-dual-v1-0249","0","central","hfo-le","3","Germans","0","2","39,82","151,119","1","4","124","central:hfo-le:3:0:4","3765000124","39,82","151,119","0","24651417","9dc109b1e357269a6a40b1c07eabe230a2af97b70b54ba05bbfaff12f5dc9b29"
"250","fresh-dual-v1-0250","0","central","hfo-le","3","Germans","0","2","39,82","151,119","0","5","125","central:hfo-le:3:0:5","3765000125","39,82","151,119","0","24651417","9dc109b1e357269a6a40b1c07eabe230a2af97b70b54ba05bbfaff12f5dc9b29"
"251","fresh-dual-v1-0251","0","central","hfo-le","3","Germans","0","2","39,82","151,119","1","5","125","central:hfo-le:3:0:5","3765000125","39,82","151,119","0","24651417","9dc109b1e357269a6a40b1c07eabe230a2af97b70b54ba05bbfaff12f5dc9b29"
"252","fresh-dual-v1-0252","0","central","hfo-le","3","Germans","0","2","39,82","151,119","0","6","126","central:hfo-le:3:0:6","3765000126","39,82","151,119","0","24651417","9dc109b1e357269a6a40b1c07eabe230a2af97b70b54ba05bbfaff12f5dc9b29"
"253","fresh-dual-v1-0253","0","central","hfo-le","3","Germans","0","2","39,82","151,119","1","6","126","central:hfo-le:3:0:6","3765000126","39,82","151,119","0","24651417","9dc109b1e357269a6a40b1c07eabe230a2af97b70b54ba05bbfaff12f5dc9b29"
"254","fresh-dual-v1-0254","0","central","hfo-le","3","Germans","0","2","39,82","151,119","0","7","127","central:hfo-le:3:0:7","3765000127","39,82","151,119","0","24651417","9dc109b1e357269a6a40b1c07eabe230a2af97b70b54ba05bbfaff12f5dc9b29"
"255","fresh-dual-v1-0255","0","central","hfo-le","3","Germans","0","2","39,82","151,119","1","7","127","central:hfo-le:3:0:7","3765000127","39,82","151,119","0","24651417","9dc109b1e357269a6a40b1c07eabe230a2af97b70b54ba05bbfaff12f5dc9b29"
"256","fresh-dual-v1-0256","0","central","hfo-le","3","Germans","0","2","39,82","151,119","0","8","128","central:hfo-le:3:0:8","3765000128","39,82","151,119","0","24651417","9dc109b1e357269a6a40b1c07eabe230a2af97b70b54ba05bbfaff12f5dc9b29"
"257","fresh-dual-v1-0257","0","central","hfo-le","3","Germans","0","2","39,82","151,119","1","8","128","central:hfo-le:3:0:8","3765000128","39,82","151,119","0","24651417","9dc109b1e357269a6a40b1c07eabe230a2af97b70b54ba05bbfaff12f5dc9b29"
"258","fresh-dual-v1-0258","0","central","hfo-le","3","Germans","0","2","39,82","151,119","0","9","129","central:hfo-le:3:0:9","3765000129","39,82","151,119","0","24651417","9dc109b1e357269a6a40b1c07eabe230a2af97b70b54ba05bbfaff12f5dc9b29"
"259","fresh-dual-v1-0259","0","central","hfo-le","3","Germans","0","2","39,82","151,119","1","9","129","central:hfo-le:3:0:9","3765000129","39,82","151,119","0","24651417","9dc109b1e357269a6a40b1c07eabe230a2af97b70b54ba05bbfaff12f5dc9b29"
"260","fresh-dual-v1-0260","0","central","hfo-le","3","Germans","1","3","88,34","88,157","0","0","130","central:hfo-le:3:1:0","3765000130","88,34","88,157","0","24651417","9dc109b1e357269a6a40b1c07eabe230a2af97b70b54ba05bbfaff12f5dc9b29"
"261","fresh-dual-v1-0261","0","central","hfo-le","3","Germans","1","3","88,34","88,157","1","0","130","central:hfo-le:3:1:0","3765000130","88,34","88,157","0","24651417","9dc109b1e357269a6a40b1c07eabe230a2af97b70b54ba05bbfaff12f5dc9b29"
"262","fresh-dual-v1-0262","0","central","hfo-le","3","Germans","1","3","88,34","88,157","0","1","131","central:hfo-le:3:1:1","3765000131","88,34","88,157","0","24651417","9dc109b1e357269a6a40b1c07eabe230a2af97b70b54ba05bbfaff12f5dc9b29"
"263","fresh-dual-v1-0263","0","central","hfo-le","3","Germans","1","3","88,34","88,157","1","1","131","central:hfo-le:3:1:1","3765000131","88,34","88,157","0","24651417","9dc109b1e357269a6a40b1c07eabe230a2af97b70b54ba05bbfaff12f5dc9b29"
"264","fresh-dual-v1-0264","0","central","hfo-le","3","Germans","1","3","88,34","88,157","0","2","132","central:hfo-le:3:1:2","3765000132","88,34","88,157","0","24651417","9dc109b1e357269a6a40b1c07eabe230a2af97b70b54ba05bbfaff12f5dc9b29"
"265","fresh-dual-v1-0265","0","central","hfo-le","3","Germans","1","3","88,34","88,157","1","2","132","central:hfo-le:3:1:2","3765000132","88,34","88,157","0","24651417","9dc109b1e357269a6a40b1c07eabe230a2af97b70b54ba05bbfaff12f5dc9b29"
"266","fresh-dual-v1-0266","0","central","hfo-le","3","Germans","1","3","88,34","88,157","0","3","133","central:hfo-le:3:1:3","3765000133","88,34","88,157","0","24651417","9dc109b1e357269a6a40b1c07eabe230a2af97b70b54ba05bbfaff12f5dc9b29"
"267","fresh-dual-v1-0267","0","central","hfo-le","3","Germans","1","3","88,34","88,157","1","3","133","central:hfo-le:3:1:3","3765000133","88,34","88,157","0","24651417","9dc109b1e357269a6a40b1c07eabe230a2af97b70b54ba05bbfaff12f5dc9b29"
"268","fresh-dual-v1-0268","0","central","hfo-le","3","Germans","1","3","88,34","88,157","0","4","134","central:hfo-le:3:1:4","3765000134","88,34","88,157","0","24651417","9dc109b1e357269a6a40b1c07eabe230a2af97b70b54ba05bbfaff12f5dc9b29"
"269","fresh-dual-v1-0269","0","central","hfo-le","3","Germans","1","3","88,34","88,157","1","4","134","central:hfo-le:3:1:4","3765000134","88,34","88,157","0","24651417","9dc109b1e357269a6a40b1c07eabe230a2af97b70b54ba05bbfaff12f5dc9b29"
"270","fresh-dual-v1-0270","0","central","hfo-le","3","Germans","1","3","88,34","88,157","0","5","135","central:hfo-le:3:1:5","3765000135","88,34","88,157","0","24651417","9dc109b1e357269a6a40b1c07eabe230a2af97b70b54ba05bbfaff12f5dc9b29"
"271","fresh-dual-v1-0271","0","central","hfo-le","3","Germans","1","3","88,34","88,157","1","5","135","central:hfo-le:3:1:5","3765000135","88,34","88,157","0","24651417","9dc109b1e357269a6a40b1c07eabe230a2af97b70b54ba05bbfaff12f5dc9b29"
"272","fresh-dual-v1-0272","0","central","hfo-le","3","Germans","1","3","88,34","88,157","0","6","136","central:hfo-le:3:1:6","3765000136","88,34","88,157","0","24651417","9dc109b1e357269a6a40b1c07eabe230a2af97b70b54ba05bbfaff12f5dc9b29"
"273","fresh-dual-v1-0273","0","central","hfo-le","3","Germans","1","3","88,34","88,157","1","6","136","central:hfo-le:3:1:6","3765000136","88,34","88,157","0","24651417","9dc109b1e357269a6a40b1c07eabe230a2af97b70b54ba05bbfaff12f5dc9b29"
"274","fresh-dual-v1-0274","0","central","hfo-le","3","Germans","1","3","88,34","88,157","0","7","137","central:hfo-le:3:1:7","3765000137","88,34","88,157","0","24651417","9dc109b1e357269a6a40b1c07eabe230a2af97b70b54ba05bbfaff12f5dc9b29"
"275","fresh-dual-v1-0275","0","central","hfo-le","3","Germans","1","3","88,34","88,157","1","7","137","central:hfo-le:3:1:7","3765000137","88,34","88,157","0","24651417","9dc109b1e357269a6a40b1c07eabe230a2af97b70b54ba05bbfaff12f5dc9b29"
"276","fresh-dual-v1-0276","0","central","hfo-le","3","Germans","1","3","88,34","88,157","0","8","138","central:hfo-le:3:1:8","3765000138","88,34","88,157","0","24651417","9dc109b1e357269a6a40b1c07eabe230a2af97b70b54ba05bbfaff12f5dc9b29"
"277","fresh-dual-v1-0277","0","central","hfo-le","3","Germans","1","3","88,34","88,157","1","8","138","central:hfo-le:3:1:8","3765000138","88,34","88,157","0","24651417","9dc109b1e357269a6a40b1c07eabe230a2af97b70b54ba05bbfaff12f5dc9b29"
"278","fresh-dual-v1-0278","0","central","hfo-le","3","Germans","1","3","88,34","88,157","0","9","139","central:hfo-le:3:1:9","3765000139","88,34","88,157","0","24651417","9dc109b1e357269a6a40b1c07eabe230a2af97b70b54ba05bbfaff12f5dc9b29"
"279","fresh-dual-v1-0279","0","central","hfo-le","3","Germans","1","3","88,34","88,157","1","9","139","central:hfo-le:3:1:9","3765000139","88,34","88,157","0","24651417","9dc109b1e357269a6a40b1c07eabe230a2af97b70b54ba05bbfaff12f5dc9b29"
"280","fresh-dual-v1-0280","0","central","hfo-le","3","Germans","2","0","151,119","39,82","0","0","140","central:hfo-le:3:2:0","3765000140","151,119","39,82","0","24651417","9dc109b1e357269a6a40b1c07eabe230a2af97b70b54ba05bbfaff12f5dc9b29"
"281","fresh-dual-v1-0281","0","central","hfo-le","3","Germans","2","0","151,119","39,82","1","0","140","central:hfo-le:3:2:0","3765000140","151,119","39,82","0","24651417","9dc109b1e357269a6a40b1c07eabe230a2af97b70b54ba05bbfaff12f5dc9b29"
"282","fresh-dual-v1-0282","0","central","hfo-le","3","Germans","2","0","151,119","39,82","0","1","141","central:hfo-le:3:2:1","3765000141","151,119","39,82","0","24651417","9dc109b1e357269a6a40b1c07eabe230a2af97b70b54ba05bbfaff12f5dc9b29"
"283","fresh-dual-v1-0283","0","central","hfo-le","3","Germans","2","0","151,119","39,82","1","1","141","central:hfo-le:3:2:1","3765000141","151,119","39,82","0","24651417","9dc109b1e357269a6a40b1c07eabe230a2af97b70b54ba05bbfaff12f5dc9b29"
"284","fresh-dual-v1-0284","0","central","hfo-le","3","Germans","2","0","151,119","39,82","0","2","142","central:hfo-le:3:2:2","3765000142","151,119","39,82","0","24651417","9dc109b1e357269a6a40b1c07eabe230a2af97b70b54ba05bbfaff12f5dc9b29"
"285","fresh-dual-v1-0285","0","central","hfo-le","3","Germans","2","0","151,119","39,82","1","2","142","central:hfo-le:3:2:2","3765000142","151,119","39,82","0","24651417","9dc109b1e357269a6a40b1c07eabe230a2af97b70b54ba05bbfaff12f5dc9b29"
"286","fresh-dual-v1-0286","0","central","hfo-le","3","Germans","2","0","151,119","39,82","0","3","143","central:hfo-le:3:2:3","3765000143","151,119","39,82","0","24651417","9dc109b1e357269a6a40b1c07eabe230a2af97b70b54ba05bbfaff12f5dc9b29"
"287","fresh-dual-v1-0287","0","central","hfo-le","3","Germans","2","0","151,119","39,82","1","3","143","central:hfo-le:3:2:3","3765000143","151,119","39,82","0","24651417","9dc109b1e357269a6a40b1c07eabe230a2af97b70b54ba05bbfaff12f5dc9b29"
"288","fresh-dual-v1-0288","0","central","hfo-le","3","Germans","2","0","151,119","39,82","0","4","144","central:hfo-le:3:2:4","3765000144","151,119","39,82","0","24651417","9dc109b1e357269a6a40b1c07eabe230a2af97b70b54ba05bbfaff12f5dc9b29"
"289","fresh-dual-v1-0289","0","central","hfo-le","3","Germans","2","0","151,119","39,82","1","4","144","central:hfo-le:3:2:4","3765000144","151,119","39,82","0","24651417","9dc109b1e357269a6a40b1c07eabe230a2af97b70b54ba05bbfaff12f5dc9b29"
"290","fresh-dual-v1-0290","0","central","hfo-le","3","Germans","2","0","151,119","39,82","0","5","145","central:hfo-le:3:2:5","3765000145","151,119","39,82","0","24651417","9dc109b1e357269a6a40b1c07eabe230a2af97b70b54ba05bbfaff12f5dc9b29"
"291","fresh-dual-v1-0291","0","central","hfo-le","3","Germans","2","0","151,119","39,82","1","5","145","central:hfo-le:3:2:5","3765000145","151,119","39,82","0","24651417","9dc109b1e357269a6a40b1c07eabe230a2af97b70b54ba05bbfaff12f5dc9b29"
"292","fresh-dual-v1-0292","0","central","hfo-le","3","Germans","2","0","151,119","39,82","0","6","146","central:hfo-le:3:2:6","3765000146","151,119","39,82","0","24651417","9dc109b1e357269a6a40b1c07eabe230a2af97b70b54ba05bbfaff12f5dc9b29"
"293","fresh-dual-v1-0293","0","central","hfo-le","3","Germans","2","0","151,119","39,82","1","6","146","central:hfo-le:3:2:6","3765000146","151,119","39,82","0","24651417","9dc109b1e357269a6a40b1c07eabe230a2af97b70b54ba05bbfaff12f5dc9b29"
"294","fresh-dual-v1-0294","0","central","hfo-le","3","Germans","2","0","151,119","39,82","0","7","147","central:hfo-le:3:2:7","3765000147","151,119","39,82","0","24651417","9dc109b1e357269a6a40b1c07eabe230a2af97b70b54ba05bbfaff12f5dc9b29"
"295","fresh-dual-v1-0295","0","central","hfo-le","3","Germans","2","0","151,119","39,82","1","7","147","central:hfo-le:3:2:7","3765000147","151,119","39,82","0","24651417","9dc109b1e357269a6a40b1c07eabe230a2af97b70b54ba05bbfaff12f5dc9b29"
"296","fresh-dual-v1-0296","0","central","hfo-le","3","Germans","2","0","151,119","39,82","0","8","148","central:hfo-le:3:2:8","3765000148","151,119","39,82","0","24651417","9dc109b1e357269a6a40b1c07eabe230a2af97b70b54ba05bbfaff12f5dc9b29"
"297","fresh-dual-v1-0297","0","central","hfo-le","3","Germans","2","0","151,119","39,82","1","8","148","central:hfo-le:3:2:8","3765000148","151,119","39,82","0","24651417","9dc109b1e357269a6a40b1c07eabe230a2af97b70b54ba05bbfaff12f5dc9b29"
"298","fresh-dual-v1-0298","0","central","hfo-le","3","Germans","2","0","151,119","39,82","0","9","149","central:hfo-le:3:2:9","3765000149","151,119","39,82","0","24651417","9dc109b1e357269a6a40b1c07eabe230a2af97b70b54ba05bbfaff12f5dc9b29"
"299","fresh-dual-v1-0299","0","central","hfo-le","3","Germans","2","0","151,119","39,82","1","9","149","central:hfo-le:3:2:9","3765000149","151,119","39,82","0","24651417","9dc109b1e357269a6a40b1c07eabe230a2af97b70b54ba05bbfaff12f5dc9b29"
"300","fresh-dual-v1-0300","0","central","hfo-le","3","Germans","3","1","88,157","88,34","0","0","150","central:hfo-le:3:3:0","3765000150","88,157","88,34","0","24651417","9dc109b1e357269a6a40b1c07eabe230a2af97b70b54ba05bbfaff12f5dc9b29"
"301","fresh-dual-v1-0301","0","central","hfo-le","3","Germans","3","1","88,157","88,34","1","0","150","central:hfo-le:3:3:0","3765000150","88,157","88,34","0","24651417","9dc109b1e357269a6a40b1c07eabe230a2af97b70b54ba05bbfaff12f5dc9b29"
"302","fresh-dual-v1-0302","0","central","hfo-le","3","Germans","3","1","88,157","88,34","0","1","151","central:hfo-le:3:3:1","3765000151","88,157","88,34","0","24651417","9dc109b1e357269a6a40b1c07eabe230a2af97b70b54ba05bbfaff12f5dc9b29"
"303","fresh-dual-v1-0303","0","central","hfo-le","3","Germans","3","1","88,157","88,34","1","1","151","central:hfo-le:3:3:1","3765000151","88,157","88,34","0","24651417","9dc109b1e357269a6a40b1c07eabe230a2af97b70b54ba05bbfaff12f5dc9b29"
"304","fresh-dual-v1-0304","0","central","hfo-le","3","Germans","3","1","88,157","88,34","0","2","152","central:hfo-le:3:3:2","3765000152","88,157","88,34","0","24651417","9dc109b1e357269a6a40b1c07eabe230a2af97b70b54ba05bbfaff12f5dc9b29"
"305","fresh-dual-v1-0305","0","central","hfo-le","3","Germans","3","1","88,157","88,34","1","2","152","central:hfo-le:3:3:2","3765000152","88,157","88,34","0","24651417","9dc109b1e357269a6a40b1c07eabe230a2af97b70b54ba05bbfaff12f5dc9b29"
"306","fresh-dual-v1-0306","0","central","hfo-le","3","Germans","3","1","88,157","88,34","0","3","153","central:hfo-le:3:3:3","3765000153","88,157","88,34","0","24651417","9dc109b1e357269a6a40b1c07eabe230a2af97b70b54ba05bbfaff12f5dc9b29"
"307","fresh-dual-v1-0307","0","central","hfo-le","3","Germans","3","1","88,157","88,34","1","3","153","central:hfo-le:3:3:3","3765000153","88,157","88,34","0","24651417","9dc109b1e357269a6a40b1c07eabe230a2af97b70b54ba05bbfaff12f5dc9b29"
"308","fresh-dual-v1-0308","0","central","hfo-le","3","Germans","3","1","88,157","88,34","0","4","154","central:hfo-le:3:3:4","3765000154","88,157","88,34","0","24651417","9dc109b1e357269a6a40b1c07eabe230a2af97b70b54ba05bbfaff12f5dc9b29"
"309","fresh-dual-v1-0309","0","central","hfo-le","3","Germans","3","1","88,157","88,34","1","4","154","central:hfo-le:3:3:4","3765000154","88,157","88,34","0","24651417","9dc109b1e357269a6a40b1c07eabe230a2af97b70b54ba05bbfaff12f5dc9b29"
"310","fresh-dual-v1-0310","0","central","hfo-le","3","Germans","3","1","88,157","88,34","0","5","155","central:hfo-le:3:3:5","3765000155","88,157","88,34","0","24651417","9dc109b1e357269a6a40b1c07eabe230a2af97b70b54ba05bbfaff12f5dc9b29"
"311","fresh-dual-v1-0311","0","central","hfo-le","3","Germans","3","1","88,157","88,34","1","5","155","central:hfo-le:3:3:5","3765000155","88,157","88,34","0","24651417","9dc109b1e357269a6a40b1c07eabe230a2af97b70b54ba05bbfaff12f5dc9b29"
"312","fresh-dual-v1-0312","0","central","hfo-le","3","Germans","3","1","88,157","88,34","0","6","156","central:hfo-le:3:3:6","3765000156","88,157","88,34","0","24651417","9dc109b1e357269a6a40b1c07eabe230a2af97b70b54ba05bbfaff12f5dc9b29"
"313","fresh-dual-v1-0313","0","central","hfo-le","3","Germans","3","1","88,157","88,34","1","6","156","central:hfo-le:3:3:6","3765000156","88,157","88,34","0","24651417","9dc109b1e357269a6a40b1c07eabe230a2af97b70b54ba05bbfaff12f5dc9b29"
"314","fresh-dual-v1-0314","0","central","hfo-le","3","Germans","3","1","88,157","88,34","0","7","157","central:hfo-le:3:3:7","3765000157","88,157","88,34","0","24651417","9dc109b1e357269a6a40b1c07eabe230a2af97b70b54ba05bbfaff12f5dc9b29"
"315","fresh-dual-v1-0315","0","central","hfo-le","3","Germans","3","1","88,157","88,34","1","7","157","central:hfo-le:3:3:7","3765000157","88,157","88,34","0","24651417","9dc109b1e357269a6a40b1c07eabe230a2af97b70b54ba05bbfaff12f5dc9b29"
"316","fresh-dual-v1-0316","0","central","hfo-le","3","Germans","3","1","88,157","88,34","0","8","158","central:hfo-le:3:3:8","3765000158","88,157","88,34","0","24651417","9dc109b1e357269a6a40b1c07eabe230a2af97b70b54ba05bbfaff12f5dc9b29"
"317","fresh-dual-v1-0317","0","central","hfo-le","3","Germans","3","1","88,157","88,34","1","8","158","central:hfo-le:3:3:8","3765000158","88,157","88,34","0","24651417","9dc109b1e357269a6a40b1c07eabe230a2af97b70b54ba05bbfaff12f5dc9b29"
"318","fresh-dual-v1-0318","0","central","hfo-le","3","Germans","3","1","88,157","88,34","0","9","159","central:hfo-le:3:3:9","3765000159","88,157","88,34","0","24651417","9dc109b1e357269a6a40b1c07eabe230a2af97b70b54ba05bbfaff12f5dc9b29"
"319","fresh-dual-v1-0319","0","central","hfo-le","3","Germans","3","1","88,157","88,34","1","9","159","central:hfo-le:3:3:9","3765000159","88,157","88,34","0","24651417","9dc109b1e357269a6a40b1c07eabe230a2af97b70b54ba05bbfaff12f5dc9b29"
"320","fresh-dual-v1-0320","0","central","hfo-le","4","British","0","2","39,82","151,119","0","0","160","central:hfo-le:4:0:0","3765000160","39,82","151,119","0","24651417","9dc109b1e357269a6a40b1c07eabe230a2af97b70b54ba05bbfaff12f5dc9b29"
"321","fresh-dual-v1-0321","0","central","hfo-le","4","British","0","2","39,82","151,119","1","0","160","central:hfo-le:4:0:0","3765000160","39,82","151,119","0","24651417","9dc109b1e357269a6a40b1c07eabe230a2af97b70b54ba05bbfaff12f5dc9b29"
"322","fresh-dual-v1-0322","0","central","hfo-le","4","British","0","2","39,82","151,119","0","1","161","central:hfo-le:4:0:1","3765000161","39,82","151,119","0","24651417","9dc109b1e357269a6a40b1c07eabe230a2af97b70b54ba05bbfaff12f5dc9b29"
"323","fresh-dual-v1-0323","0","central","hfo-le","4","British","0","2","39,82","151,119","1","1","161","central:hfo-le:4:0:1","3765000161","39,82","151,119","0","24651417","9dc109b1e357269a6a40b1c07eabe230a2af97b70b54ba05bbfaff12f5dc9b29"
"324","fresh-dual-v1-0324","0","central","hfo-le","4","British","0","2","39,82","151,119","0","2","162","central:hfo-le:4:0:2","3765000162","39,82","151,119","0","24651417","9dc109b1e357269a6a40b1c07eabe230a2af97b70b54ba05bbfaff12f5dc9b29"
"325","fresh-dual-v1-0325","0","central","hfo-le","4","British","0","2","39,82","151,119","1","2","162","central:hfo-le:4:0:2","3765000162","39,82","151,119","0","24651417","9dc109b1e357269a6a40b1c07eabe230a2af97b70b54ba05bbfaff12f5dc9b29"
"326","fresh-dual-v1-0326","0","central","hfo-le","4","British","0","2","39,82","151,119","0","3","163","central:hfo-le:4:0:3","3765000163","39,82","151,119","0","24651417","9dc109b1e357269a6a40b1c07eabe230a2af97b70b54ba05bbfaff12f5dc9b29"
"327","fresh-dual-v1-0327","0","central","hfo-le","4","British","0","2","39,82","151,119","1","3","163","central:hfo-le:4:0:3","3765000163","39,82","151,119","0","24651417","9dc109b1e357269a6a40b1c07eabe230a2af97b70b54ba05bbfaff12f5dc9b29"
"328","fresh-dual-v1-0328","0","central","hfo-le","4","British","0","2","39,82","151,119","0","4","164","central:hfo-le:4:0:4","3765000164","39,82","151,119","0","24651417","9dc109b1e357269a6a40b1c07eabe230a2af97b70b54ba05bbfaff12f5dc9b29"
"329","fresh-dual-v1-0329","0","central","hfo-le","4","British","0","2","39,82","151,119","1","4","164","central:hfo-le:4:0:4","3765000164","39,82","151,119","0","24651417","9dc109b1e357269a6a40b1c07eabe230a2af97b70b54ba05bbfaff12f5dc9b29"
"330","fresh-dual-v1-0330","0","central","hfo-le","4","British","0","2","39,82","151,119","0","5","165","central:hfo-le:4:0:5","3765000165","39,82","151,119","0","24651417","9dc109b1e357269a6a40b1c07eabe230a2af97b70b54ba05bbfaff12f5dc9b29"
"331","fresh-dual-v1-0331","0","central","hfo-le","4","British","0","2","39,82","151,119","1","5","165","central:hfo-le:4:0:5","3765000165","39,82","151,119","0","24651417","9dc109b1e357269a6a40b1c07eabe230a2af97b70b54ba05bbfaff12f5dc9b29"
"332","fresh-dual-v1-0332","0","central","hfo-le","4","British","0","2","39,82","151,119","0","6","166","central:hfo-le:4:0:6","3765000166","39,82","151,119","0","24651417","9dc109b1e357269a6a40b1c07eabe230a2af97b70b54ba05bbfaff12f5dc9b29"
"333","fresh-dual-v1-0333","0","central","hfo-le","4","British","0","2","39,82","151,119","1","6","166","central:hfo-le:4:0:6","3765000166","39,82","151,119","0","24651417","9dc109b1e357269a6a40b1c07eabe230a2af97b70b54ba05bbfaff12f5dc9b29"
"334","fresh-dual-v1-0334","0","central","hfo-le","4","British","0","2","39,82","151,119","0","7","167","central:hfo-le:4:0:7","3765000167","39,82","151,119","0","24651417","9dc109b1e357269a6a40b1c07eabe230a2af97b70b54ba05bbfaff12f5dc9b29"
"335","fresh-dual-v1-0335","0","central","hfo-le","4","British","0","2","39,82","151,119","1","7","167","central:hfo-le:4:0:7","3765000167","39,82","151,119","0","24651417","9dc109b1e357269a6a40b1c07eabe230a2af97b70b54ba05bbfaff12f5dc9b29"
"336","fresh-dual-v1-0336","0","central","hfo-le","4","British","0","2","39,82","151,119","0","8","168","central:hfo-le:4:0:8","3765000168","39,82","151,119","0","24651417","9dc109b1e357269a6a40b1c07eabe230a2af97b70b54ba05bbfaff12f5dc9b29"
"337","fresh-dual-v1-0337","0","central","hfo-le","4","British","0","2","39,82","151,119","1","8","168","central:hfo-le:4:0:8","3765000168","39,82","151,119","0","24651417","9dc109b1e357269a6a40b1c07eabe230a2af97b70b54ba05bbfaff12f5dc9b29"
"338","fresh-dual-v1-0338","0","central","hfo-le","4","British","0","2","39,82","151,119","0","9","169","central:hfo-le:4:0:9","3765000169","39,82","151,119","0","24651417","9dc109b1e357269a6a40b1c07eabe230a2af97b70b54ba05bbfaff12f5dc9b29"
"339","fresh-dual-v1-0339","0","central","hfo-le","4","British","0","2","39,82","151,119","1","9","169","central:hfo-le:4:0:9","3765000169","39,82","151,119","0","24651417","9dc109b1e357269a6a40b1c07eabe230a2af97b70b54ba05bbfaff12f5dc9b29"
"340","fresh-dual-v1-0340","0","central","hfo-le","4","British","1","3","88,34","88,157","0","0","170","central:hfo-le:4:1:0","3765000170","88,34","88,157","0","24651417","9dc109b1e357269a6a40b1c07eabe230a2af97b70b54ba05bbfaff12f5dc9b29"
"341","fresh-dual-v1-0341","0","central","hfo-le","4","British","1","3","88,34","88,157","1","0","170","central:hfo-le:4:1:0","3765000170","88,34","88,157","0","24651417","9dc109b1e357269a6a40b1c07eabe230a2af97b70b54ba05bbfaff12f5dc9b29"
"342","fresh-dual-v1-0342","0","central","hfo-le","4","British","1","3","88,34","88,157","0","1","171","central:hfo-le:4:1:1","3765000171","88,34","88,157","0","24651417","9dc109b1e357269a6a40b1c07eabe230a2af97b70b54ba05bbfaff12f5dc9b29"
"343","fresh-dual-v1-0343","0","central","hfo-le","4","British","1","3","88,34","88,157","1","1","171","central:hfo-le:4:1:1","3765000171","88,34","88,157","0","24651417","9dc109b1e357269a6a40b1c07eabe230a2af97b70b54ba05bbfaff12f5dc9b29"
"344","fresh-dual-v1-0344","0","central","hfo-le","4","British","1","3","88,34","88,157","0","2","172","central:hfo-le:4:1:2","3765000172","88,34","88,157","0","24651417","9dc109b1e357269a6a40b1c07eabe230a2af97b70b54ba05bbfaff12f5dc9b29"
"345","fresh-dual-v1-0345","0","central","hfo-le","4","British","1","3","88,34","88,157","1","2","172","central:hfo-le:4:1:2","3765000172","88,34","88,157","0","24651417","9dc109b1e357269a6a40b1c07eabe230a2af97b70b54ba05bbfaff12f5dc9b29"
"346","fresh-dual-v1-0346","0","central","hfo-le","4","British","1","3","88,34","88,157","0","3","173","central:hfo-le:4:1:3","3765000173","88,34","88,157","0","24651417","9dc109b1e357269a6a40b1c07eabe230a2af97b70b54ba05bbfaff12f5dc9b29"
"347","fresh-dual-v1-0347","0","central","hfo-le","4","British","1","3","88,34","88,157","1","3","173","central:hfo-le:4:1:3","3765000173","88,34","88,157","0","24651417","9dc109b1e357269a6a40b1c07eabe230a2af97b70b54ba05bbfaff12f5dc9b29"
"348","fresh-dual-v1-0348","0","central","hfo-le","4","British","1","3","88,34","88,157","0","4","174","central:hfo-le:4:1:4","3765000174","88,34","88,157","0","24651417","9dc109b1e357269a6a40b1c07eabe230a2af97b70b54ba05bbfaff12f5dc9b29"
"349","fresh-dual-v1-0349","0","central","hfo-le","4","British","1","3","88,34","88,157","1","4","174","central:hfo-le:4:1:4","3765000174","88,34","88,157","0","24651417","9dc109b1e357269a6a40b1c07eabe230a2af97b70b54ba05bbfaff12f5dc9b29"
"350","fresh-dual-v1-0350","0","central","hfo-le","4","British","1","3","88,34","88,157","0","5","175","central:hfo-le:4:1:5","3765000175","88,34","88,157","0","24651417","9dc109b1e357269a6a40b1c07eabe230a2af97b70b54ba05bbfaff12f5dc9b29"
"351","fresh-dual-v1-0351","0","central","hfo-le","4","British","1","3","88,34","88,157","1","5","175","central:hfo-le:4:1:5","3765000175","88,34","88,157","0","24651417","9dc109b1e357269a6a40b1c07eabe230a2af97b70b54ba05bbfaff12f5dc9b29"
"352","fresh-dual-v1-0352","0","central","hfo-le","4","British","1","3","88,34","88,157","0","6","176","central:hfo-le:4:1:6","3765000176","88,34","88,157","0","24651417","9dc109b1e357269a6a40b1c07eabe230a2af97b70b54ba05bbfaff12f5dc9b29"
"353","fresh-dual-v1-0353","0","central","hfo-le","4","British","1","3","88,34","88,157","1","6","176","central:hfo-le:4:1:6","3765000176","88,34","88,157","0","24651417","9dc109b1e357269a6a40b1c07eabe230a2af97b70b54ba05bbfaff12f5dc9b29"
"354","fresh-dual-v1-0354","0","central","hfo-le","4","British","1","3","88,34","88,157","0","7","177","central:hfo-le:4:1:7","3765000177","88,34","88,157","0","24651417","9dc109b1e357269a6a40b1c07eabe230a2af97b70b54ba05bbfaff12f5dc9b29"
"355","fresh-dual-v1-0355","0","central","hfo-le","4","British","1","3","88,34","88,157","1","7","177","central:hfo-le:4:1:7","3765000177","88,34","88,157","0","24651417","9dc109b1e357269a6a40b1c07eabe230a2af97b70b54ba05bbfaff12f5dc9b29"
"356","fresh-dual-v1-0356","0","central","hfo-le","4","British","1","3","88,34","88,157","0","8","178","central:hfo-le:4:1:8","3765000178","88,34","88,157","0","24651417","9dc109b1e357269a6a40b1c07eabe230a2af97b70b54ba05bbfaff12f5dc9b29"
"357","fresh-dual-v1-0357","0","central","hfo-le","4","British","1","3","88,34","88,157","1","8","178","central:hfo-le:4:1:8","3765000178","88,34","88,157","0","24651417","9dc109b1e357269a6a40b1c07eabe230a2af97b70b54ba05bbfaff12f5dc9b29"
"358","fresh-dual-v1-0358","0","central","hfo-le","4","British","1","3","88,34","88,157","0","9","179","central:hfo-le:4:1:9","3765000179","88,34","88,157","0","24651417","9dc109b1e357269a6a40b1c07eabe230a2af97b70b54ba05bbfaff12f5dc9b29"
"359","fresh-dual-v1-0359","0","central","hfo-le","4","British","1","3","88,34","88,157","1","9","179","central:hfo-le:4:1:9","3765000179","88,34","88,157","0","24651417","9dc109b1e357269a6a40b1c07eabe230a2af97b70b54ba05bbfaff12f5dc9b29"
"360","fresh-dual-v1-0360","0","central","hfo-le","4","British","2","0","151,119","39,82","0","0","180","central:hfo-le:4:2:0","3765000180","151,119","39,82","0","24651417","9dc109b1e357269a6a40b1c07eabe230a2af97b70b54ba05bbfaff12f5dc9b29"
"361","fresh-dual-v1-0361","0","central","hfo-le","4","British","2","0","151,119","39,82","1","0","180","central:hfo-le:4:2:0","3765000180","151,119","39,82","0","24651417","9dc109b1e357269a6a40b1c07eabe230a2af97b70b54ba05bbfaff12f5dc9b29"
"362","fresh-dual-v1-0362","0","central","hfo-le","4","British","2","0","151,119","39,82","0","1","181","central:hfo-le:4:2:1","3765000181","151,119","39,82","0","24651417","9dc109b1e357269a6a40b1c07eabe230a2af97b70b54ba05bbfaff12f5dc9b29"
"363","fresh-dual-v1-0363","0","central","hfo-le","4","British","2","0","151,119","39,82","1","1","181","central:hfo-le:4:2:1","3765000181","151,119","39,82","0","24651417","9dc109b1e357269a6a40b1c07eabe230a2af97b70b54ba05bbfaff12f5dc9b29"
"364","fresh-dual-v1-0364","0","central","hfo-le","4","British","2","0","151,119","39,82","0","2","182","central:hfo-le:4:2:2","3765000182","151,119","39,82","0","24651417","9dc109b1e357269a6a40b1c07eabe230a2af97b70b54ba05bbfaff12f5dc9b29"
"365","fresh-dual-v1-0365","0","central","hfo-le","4","British","2","0","151,119","39,82","1","2","182","central:hfo-le:4:2:2","3765000182","151,119","39,82","0","24651417","9dc109b1e357269a6a40b1c07eabe230a2af97b70b54ba05bbfaff12f5dc9b29"
"366","fresh-dual-v1-0366","0","central","hfo-le","4","British","2","0","151,119","39,82","0","3","183","central:hfo-le:4:2:3","3765000183","151,119","39,82","0","24651417","9dc109b1e357269a6a40b1c07eabe230a2af97b70b54ba05bbfaff12f5dc9b29"
"367","fresh-dual-v1-0367","0","central","hfo-le","4","British","2","0","151,119","39,82","1","3","183","central:hfo-le:4:2:3","3765000183","151,119","39,82","0","24651417","9dc109b1e357269a6a40b1c07eabe230a2af97b70b54ba05bbfaff12f5dc9b29"
"368","fresh-dual-v1-0368","0","central","hfo-le","4","British","2","0","151,119","39,82","0","4","184","central:hfo-le:4:2:4","3765000184","151,119","39,82","0","24651417","9dc109b1e357269a6a40b1c07eabe230a2af97b70b54ba05bbfaff12f5dc9b29"
"369","fresh-dual-v1-0369","0","central","hfo-le","4","British","2","0","151,119","39,82","1","4","184","central:hfo-le:4:2:4","3765000184","151,119","39,82","0","24651417","9dc109b1e357269a6a40b1c07eabe230a2af97b70b54ba05bbfaff12f5dc9b29"
"370","fresh-dual-v1-0370","0","central","hfo-le","4","British","2","0","151,119","39,82","0","5","185","central:hfo-le:4:2:5","3765000185","151,119","39,82","0","24651417","9dc109b1e357269a6a40b1c07eabe230a2af97b70b54ba05bbfaff12f5dc9b29"
"371","fresh-dual-v1-0371","0","central","hfo-le","4","British","2","0","151,119","39,82","1","5","185","central:hfo-le:4:2:5","3765000185","151,119","39,82","0","24651417","9dc109b1e357269a6a40b1c07eabe230a2af97b70b54ba05bbfaff12f5dc9b29"
"372","fresh-dual-v1-0372","0","central","hfo-le","4","British","2","0","151,119","39,82","0","6","186","central:hfo-le:4:2:6","3765000186","151,119","39,82","0","24651417","9dc109b1e357269a6a40b1c07eabe230a2af97b70b54ba05bbfaff12f5dc9b29"
"373","fresh-dual-v1-0373","0","central","hfo-le","4","British","2","0","151,119","39,82","1","6","186","central:hfo-le:4:2:6","3765000186","151,119","39,82","0","24651417","9dc109b1e357269a6a40b1c07eabe230a2af97b70b54ba05bbfaff12f5dc9b29"
"374","fresh-dual-v1-0374","0","central","hfo-le","4","British","2","0","151,119","39,82","0","7","187","central:hfo-le:4:2:7","3765000187","151,119","39,82","0","24651417","9dc109b1e357269a6a40b1c07eabe230a2af97b70b54ba05bbfaff12f5dc9b29"
"375","fresh-dual-v1-0375","0","central","hfo-le","4","British","2","0","151,119","39,82","1","7","187","central:hfo-le:4:2:7","3765000187","151,119","39,82","0","24651417","9dc109b1e357269a6a40b1c07eabe230a2af97b70b54ba05bbfaff12f5dc9b29"
"376","fresh-dual-v1-0376","0","central","hfo-le","4","British","2","0","151,119","39,82","0","8","188","central:hfo-le:4:2:8","3765000188","151,119","39,82","0","24651417","9dc109b1e357269a6a40b1c07eabe230a2af97b70b54ba05bbfaff12f5dc9b29"
"377","fresh-dual-v1-0377","0","central","hfo-le","4","British","2","0","151,119","39,82","1","8","188","central:hfo-le:4:2:8","3765000188","151,119","39,82","0","24651417","9dc109b1e357269a6a40b1c07eabe230a2af97b70b54ba05bbfaff12f5dc9b29"
"378","fresh-dual-v1-0378","0","central","hfo-le","4","British","2","0","151,119","39,82","0","9","189","central:hfo-le:4:2:9","3765000189","151,119","39,82","0","24651417","9dc109b1e357269a6a40b1c07eabe230a2af97b70b54ba05bbfaff12f5dc9b29"
"379","fresh-dual-v1-0379","0","central","hfo-le","4","British","2","0","151,119","39,82","1","9","189","central:hfo-le:4:2:9","3765000189","151,119","39,82","0","24651417","9dc109b1e357269a6a40b1c07eabe230a2af97b70b54ba05bbfaff12f5dc9b29"
"380","fresh-dual-v1-0380","0","central","hfo-le","4","British","3","1","88,157","88,34","0","0","190","central:hfo-le:4:3:0","3765000190","88,157","88,34","0","24651417","9dc109b1e357269a6a40b1c07eabe230a2af97b70b54ba05bbfaff12f5dc9b29"
"381","fresh-dual-v1-0381","0","central","hfo-le","4","British","3","1","88,157","88,34","1","0","190","central:hfo-le:4:3:0","3765000190","88,157","88,34","0","24651417","9dc109b1e357269a6a40b1c07eabe230a2af97b70b54ba05bbfaff12f5dc9b29"
"382","fresh-dual-v1-0382","0","central","hfo-le","4","British","3","1","88,157","88,34","0","1","191","central:hfo-le:4:3:1","3765000191","88,157","88,34","0","24651417","9dc109b1e357269a6a40b1c07eabe230a2af97b70b54ba05bbfaff12f5dc9b29"
"383","fresh-dual-v1-0383","0","central","hfo-le","4","British","3","1","88,157","88,34","1","1","191","central:hfo-le:4:3:1","3765000191","88,157","88,34","0","24651417","9dc109b1e357269a6a40b1c07eabe230a2af97b70b54ba05bbfaff12f5dc9b29"
"384","fresh-dual-v1-0384","0","central","hfo-le","4","British","3","1","88,157","88,34","0","2","192","central:hfo-le:4:3:2","3765000192","88,157","88,34","0","24651417","9dc109b1e357269a6a40b1c07eabe230a2af97b70b54ba05bbfaff12f5dc9b29"
"385","fresh-dual-v1-0385","0","central","hfo-le","4","British","3","1","88,157","88,34","1","2","192","central:hfo-le:4:3:2","3765000192","88,157","88,34","0","24651417","9dc109b1e357269a6a40b1c07eabe230a2af97b70b54ba05bbfaff12f5dc9b29"
"386","fresh-dual-v1-0386","0","central","hfo-le","4","British","3","1","88,157","88,34","0","3","193","central:hfo-le:4:3:3","3765000193","88,157","88,34","0","24651417","9dc109b1e357269a6a40b1c07eabe230a2af97b70b54ba05bbfaff12f5dc9b29"
"387","fresh-dual-v1-0387","0","central","hfo-le","4","British","3","1","88,157","88,34","1","3","193","central:hfo-le:4:3:3","3765000193","88,157","88,34","0","24651417","9dc109b1e357269a6a40b1c07eabe230a2af97b70b54ba05bbfaff12f5dc9b29"
"388","fresh-dual-v1-0388","0","central","hfo-le","4","British","3","1","88,157","88,34","0","4","194","central:hfo-le:4:3:4","3765000194","88,157","88,34","0","24651417","9dc109b1e357269a6a40b1c07eabe230a2af97b70b54ba05bbfaff12f5dc9b29"
"389","fresh-dual-v1-0389","0","central","hfo-le","4","British","3","1","88,157","88,34","1","4","194","central:hfo-le:4:3:4","3765000194","88,157","88,34","0","24651417","9dc109b1e357269a6a40b1c07eabe230a2af97b70b54ba05bbfaff12f5dc9b29"
"390","fresh-dual-v1-0390","0","central","hfo-le","4","British","3","1","88,157","88,34","0","5","195","central:hfo-le:4:3:5","3765000195","88,157","88,34","0","24651417","9dc109b1e357269a6a40b1c07eabe230a2af97b70b54ba05bbfaff12f5dc9b29"
"391","fresh-dual-v1-0391","0","central","hfo-le","4","British","3","1","88,157","88,34","1","5","195","central:hfo-le:4:3:5","3765000195","88,157","88,34","0","24651417","9dc109b1e357269a6a40b1c07eabe230a2af97b70b54ba05bbfaff12f5dc9b29"
"392","fresh-dual-v1-0392","0","central","hfo-le","4","British","3","1","88,157","88,34","0","6","196","central:hfo-le:4:3:6","3765000196","88,157","88,34","0","24651417","9dc109b1e357269a6a40b1c07eabe230a2af97b70b54ba05bbfaff12f5dc9b29"
"393","fresh-dual-v1-0393","0","central","hfo-le","4","British","3","1","88,157","88,34","1","6","196","central:hfo-le:4:3:6","3765000196","88,157","88,34","0","24651417","9dc109b1e357269a6a40b1c07eabe230a2af97b70b54ba05bbfaff12f5dc9b29"
"394","fresh-dual-v1-0394","0","central","hfo-le","4","British","3","1","88,157","88,34","0","7","197","central:hfo-le:4:3:7","3765000197","88,157","88,34","0","24651417","9dc109b1e357269a6a40b1c07eabe230a2af97b70b54ba05bbfaff12f5dc9b29"
"395","fresh-dual-v1-0395","0","central","hfo-le","4","British","3","1","88,157","88,34","1","7","197","central:hfo-le:4:3:7","3765000197","88,157","88,34","0","24651417","9dc109b1e357269a6a40b1c07eabe230a2af97b70b54ba05bbfaff12f5dc9b29"
"396","fresh-dual-v1-0396","0","central","hfo-le","4","British","3","1","88,157","88,34","0","8","198","central:hfo-le:4:3:8","3765000198","88,157","88,34","0","24651417","9dc109b1e357269a6a40b1c07eabe230a2af97b70b54ba05bbfaff12f5dc9b29"
"397","fresh-dual-v1-0397","0","central","hfo-le","4","British","3","1","88,157","88,34","1","8","198","central:hfo-le:4:3:8","3765000198","88,157","88,34","0","24651417","9dc109b1e357269a6a40b1c07eabe230a2af97b70b54ba05bbfaff12f5dc9b29"
"398","fresh-dual-v1-0398","0","central","hfo-le","4","British","3","1","88,157","88,34","0","9","199","central:hfo-le:4:3:9","3765000199","88,157","88,34","0","24651417","9dc109b1e357269a6a40b1c07eabe230a2af97b70b54ba05bbfaff12f5dc9b29"
"399","fresh-dual-v1-0399","0","central","hfo-le","4","British","3","1","88,157","88,34","1","9","199","central:hfo-le:4:3:9","3765000199","88,157","88,34","0","24651417","9dc109b1e357269a6a40b1c07eabe230a2af97b70b54ba05bbfaff12f5dc9b29"
"400","fresh-dual-v1-0400","0","central","hfo-le","5","Africans","0","2","39,82","151,119","0","0","200","central:hfo-le:5:0:0","3765000200","39,82","151,119","0","24651417","9dc109b1e357269a6a40b1c07eabe230a2af97b70b54ba05bbfaff12f5dc9b29"
"401","fresh-dual-v1-0401","0","central","hfo-le","5","Africans","0","2","39,82","151,119","1","0","200","central:hfo-le:5:0:0","3765000200","39,82","151,119","0","24651417","9dc109b1e357269a6a40b1c07eabe230a2af97b70b54ba05bbfaff12f5dc9b29"
"402","fresh-dual-v1-0402","0","central","hfo-le","5","Africans","0","2","39,82","151,119","0","1","201","central:hfo-le:5:0:1","3765000201","39,82","151,119","0","24651417","9dc109b1e357269a6a40b1c07eabe230a2af97b70b54ba05bbfaff12f5dc9b29"
"403","fresh-dual-v1-0403","0","central","hfo-le","5","Africans","0","2","39,82","151,119","1","1","201","central:hfo-le:5:0:1","3765000201","39,82","151,119","0","24651417","9dc109b1e357269a6a40b1c07eabe230a2af97b70b54ba05bbfaff12f5dc9b29"
"404","fresh-dual-v1-0404","0","central","hfo-le","5","Africans","0","2","39,82","151,119","0","2","202","central:hfo-le:5:0:2","3765000202","39,82","151,119","0","24651417","9dc109b1e357269a6a40b1c07eabe230a2af97b70b54ba05bbfaff12f5dc9b29"
"405","fresh-dual-v1-0405","0","central","hfo-le","5","Africans","0","2","39,82","151,119","1","2","202","central:hfo-le:5:0:2","3765000202","39,82","151,119","0","24651417","9dc109b1e357269a6a40b1c07eabe230a2af97b70b54ba05bbfaff12f5dc9b29"
"406","fresh-dual-v1-0406","0","central","hfo-le","5","Africans","0","2","39,82","151,119","0","3","203","central:hfo-le:5:0:3","3765000203","39,82","151,119","0","24651417","9dc109b1e357269a6a40b1c07eabe230a2af97b70b54ba05bbfaff12f5dc9b29"
"407","fresh-dual-v1-0407","0","central","hfo-le","5","Africans","0","2","39,82","151,119","1","3","203","central:hfo-le:5:0:3","3765000203","39,82","151,119","0","24651417","9dc109b1e357269a6a40b1c07eabe230a2af97b70b54ba05bbfaff12f5dc9b29"
"408","fresh-dual-v1-0408","0","central","hfo-le","5","Africans","0","2","39,82","151,119","0","4","204","central:hfo-le:5:0:4","3765000204","39,82","151,119","0","24651417","9dc109b1e357269a6a40b1c07eabe230a2af97b70b54ba05bbfaff12f5dc9b29"
"409","fresh-dual-v1-0409","0","central","hfo-le","5","Africans","0","2","39,82","151,119","1","4","204","central:hfo-le:5:0:4","3765000204","39,82","151,119","0","24651417","9dc109b1e357269a6a40b1c07eabe230a2af97b70b54ba05bbfaff12f5dc9b29"
"410","fresh-dual-v1-0410","0","central","hfo-le","5","Africans","0","2","39,82","151,119","0","5","205","central:hfo-le:5:0:5","3765000205","39,82","151,119","0","24651417","9dc109b1e357269a6a40b1c07eabe230a2af97b70b54ba05bbfaff12f5dc9b29"
"411","fresh-dual-v1-0411","0","central","hfo-le","5","Africans","0","2","39,82","151,119","1","5","205","central:hfo-le:5:0:5","3765000205","39,82","151,119","0","24651417","9dc109b1e357269a6a40b1c07eabe230a2af97b70b54ba05bbfaff12f5dc9b29"
"412","fresh-dual-v1-0412","0","central","hfo-le","5","Africans","0","2","39,82","151,119","0","6","206","central:hfo-le:5:0:6","3765000206","39,82","151,119","0","24651417","9dc109b1e357269a6a40b1c07eabe230a2af97b70b54ba05bbfaff12f5dc9b29"
"413","fresh-dual-v1-0413","0","central","hfo-le","5","Africans","0","2","39,82","151,119","1","6","206","central:hfo-le:5:0:6","3765000206","39,82","151,119","0","24651417","9dc109b1e357269a6a40b1c07eabe230a2af97b70b54ba05bbfaff12f5dc9b29"
"414","fresh-dual-v1-0414","0","central","hfo-le","5","Africans","0","2","39,82","151,119","0","7","207","central:hfo-le:5:0:7","3765000207","39,82","151,119","0","24651417","9dc109b1e357269a6a40b1c07eabe230a2af97b70b54ba05bbfaff12f5dc9b29"
"415","fresh-dual-v1-0415","0","central","hfo-le","5","Africans","0","2","39,82","151,119","1","7","207","central:hfo-le:5:0:7","3765000207","39,82","151,119","0","24651417","9dc109b1e357269a6a40b1c07eabe230a2af97b70b54ba05bbfaff12f5dc9b29"
"416","fresh-dual-v1-0416","0","central","hfo-le","5","Africans","0","2","39,82","151,119","0","8","208","central:hfo-le:5:0:8","3765000208","39,82","151,119","0","24651417","9dc109b1e357269a6a40b1c07eabe230a2af97b70b54ba05bbfaff12f5dc9b29"
"417","fresh-dual-v1-0417","0","central","hfo-le","5","Africans","0","2","39,82","151,119","1","8","208","central:hfo-le:5:0:8","3765000208","39,82","151,119","0","24651417","9dc109b1e357269a6a40b1c07eabe230a2af97b70b54ba05bbfaff12f5dc9b29"
"418","fresh-dual-v1-0418","0","central","hfo-le","5","Africans","0","2","39,82","151,119","0","9","209","central:hfo-le:5:0:9","3765000209","39,82","151,119","0","24651417","9dc109b1e357269a6a40b1c07eabe230a2af97b70b54ba05bbfaff12f5dc9b29"
"419","fresh-dual-v1-0419","0","central","hfo-le","5","Africans","0","2","39,82","151,119","1","9","209","central:hfo-le:5:0:9","3765000209","39,82","151,119","0","24651417","9dc109b1e357269a6a40b1c07eabe230a2af97b70b54ba05bbfaff12f5dc9b29"
"420","fresh-dual-v1-0420","0","central","hfo-le","5","Africans","1","3","88,34","88,157","0","0","210","central:hfo-le:5:1:0","3765000210","88,34","88,157","0","24651417","9dc109b1e357269a6a40b1c07eabe230a2af97b70b54ba05bbfaff12f5dc9b29"
"421","fresh-dual-v1-0421","0","central","hfo-le","5","Africans","1","3","88,34","88,157","1","0","210","central:hfo-le:5:1:0","3765000210","88,34","88,157","0","24651417","9dc109b1e357269a6a40b1c07eabe230a2af97b70b54ba05bbfaff12f5dc9b29"
"422","fresh-dual-v1-0422","0","central","hfo-le","5","Africans","1","3","88,34","88,157","0","1","211","central:hfo-le:5:1:1","3765000211","88,34","88,157","0","24651417","9dc109b1e357269a6a40b1c07eabe230a2af97b70b54ba05bbfaff12f5dc9b29"
"423","fresh-dual-v1-0423","0","central","hfo-le","5","Africans","1","3","88,34","88,157","1","1","211","central:hfo-le:5:1:1","3765000211","88,34","88,157","0","24651417","9dc109b1e357269a6a40b1c07eabe230a2af97b70b54ba05bbfaff12f5dc9b29"
"424","fresh-dual-v1-0424","0","central","hfo-le","5","Africans","1","3","88,34","88,157","0","2","212","central:hfo-le:5:1:2","3765000212","88,34","88,157","0","24651417","9dc109b1e357269a6a40b1c07eabe230a2af97b70b54ba05bbfaff12f5dc9b29"
"425","fresh-dual-v1-0425","0","central","hfo-le","5","Africans","1","3","88,34","88,157","1","2","212","central:hfo-le:5:1:2","3765000212","88,34","88,157","0","24651417","9dc109b1e357269a6a40b1c07eabe230a2af97b70b54ba05bbfaff12f5dc9b29"
"426","fresh-dual-v1-0426","0","central","hfo-le","5","Africans","1","3","88,34","88,157","0","3","213","central:hfo-le:5:1:3","3765000213","88,34","88,157","0","24651417","9dc109b1e357269a6a40b1c07eabe230a2af97b70b54ba05bbfaff12f5dc9b29"
"427","fresh-dual-v1-0427","0","central","hfo-le","5","Africans","1","3","88,34","88,157","1","3","213","central:hfo-le:5:1:3","3765000213","88,34","88,157","0","24651417","9dc109b1e357269a6a40b1c07eabe230a2af97b70b54ba05bbfaff12f5dc9b29"
"428","fresh-dual-v1-0428","0","central","hfo-le","5","Africans","1","3","88,34","88,157","0","4","214","central:hfo-le:5:1:4","3765000214","88,34","88,157","0","24651417","9dc109b1e357269a6a40b1c07eabe230a2af97b70b54ba05bbfaff12f5dc9b29"
"429","fresh-dual-v1-0429","0","central","hfo-le","5","Africans","1","3","88,34","88,157","1","4","214","central:hfo-le:5:1:4","3765000214","88,34","88,157","0","24651417","9dc109b1e357269a6a40b1c07eabe230a2af97b70b54ba05bbfaff12f5dc9b29"
"430","fresh-dual-v1-0430","0","central","hfo-le","5","Africans","1","3","88,34","88,157","0","5","215","central:hfo-le:5:1:5","3765000215","88,34","88,157","0","24651417","9dc109b1e357269a6a40b1c07eabe230a2af97b70b54ba05bbfaff12f5dc9b29"
"431","fresh-dual-v1-0431","0","central","hfo-le","5","Africans","1","3","88,34","88,157","1","5","215","central:hfo-le:5:1:5","3765000215","88,34","88,157","0","24651417","9dc109b1e357269a6a40b1c07eabe230a2af97b70b54ba05bbfaff12f5dc9b29"
"432","fresh-dual-v1-0432","0","central","hfo-le","5","Africans","1","3","88,34","88,157","0","6","216","central:hfo-le:5:1:6","3765000216","88,34","88,157","0","24651417","9dc109b1e357269a6a40b1c07eabe230a2af97b70b54ba05bbfaff12f5dc9b29"
"433","fresh-dual-v1-0433","0","central","hfo-le","5","Africans","1","3","88,34","88,157","1","6","216","central:hfo-le:5:1:6","3765000216","88,34","88,157","0","24651417","9dc109b1e357269a6a40b1c07eabe230a2af97b70b54ba05bbfaff12f5dc9b29"
"434","fresh-dual-v1-0434","0","central","hfo-le","5","Africans","1","3","88,34","88,157","0","7","217","central:hfo-le:5:1:7","3765000217","88,34","88,157","0","24651417","9dc109b1e357269a6a40b1c07eabe230a2af97b70b54ba05bbfaff12f5dc9b29"
"435","fresh-dual-v1-0435","0","central","hfo-le","5","Africans","1","3","88,34","88,157","1","7","217","central:hfo-le:5:1:7","3765000217","88,34","88,157","0","24651417","9dc109b1e357269a6a40b1c07eabe230a2af97b70b54ba05bbfaff12f5dc9b29"
"436","fresh-dual-v1-0436","0","central","hfo-le","5","Africans","1","3","88,34","88,157","0","8","218","central:hfo-le:5:1:8","3765000218","88,34","88,157","0","24651417","9dc109b1e357269a6a40b1c07eabe230a2af97b70b54ba05bbfaff12f5dc9b29"
"437","fresh-dual-v1-0437","0","central","hfo-le","5","Africans","1","3","88,34","88,157","1","8","218","central:hfo-le:5:1:8","3765000218","88,34","88,157","0","24651417","9dc109b1e357269a6a40b1c07eabe230a2af97b70b54ba05bbfaff12f5dc9b29"
"438","fresh-dual-v1-0438","0","central","hfo-le","5","Africans","1","3","88,34","88,157","0","9","219","central:hfo-le:5:1:9","3765000219","88,34","88,157","0","24651417","9dc109b1e357269a6a40b1c07eabe230a2af97b70b54ba05bbfaff12f5dc9b29"
"439","fresh-dual-v1-0439","0","central","hfo-le","5","Africans","1","3","88,34","88,157","1","9","219","central:hfo-le:5:1:9","3765000219","88,34","88,157","0","24651417","9dc109b1e357269a6a40b1c07eabe230a2af97b70b54ba05bbfaff12f5dc9b29"
"440","fresh-dual-v1-0440","0","central","hfo-le","5","Africans","2","0","151,119","39,82","0","0","220","central:hfo-le:5:2:0","3765000220","151,119","39,82","0","24651417","9dc109b1e357269a6a40b1c07eabe230a2af97b70b54ba05bbfaff12f5dc9b29"
"441","fresh-dual-v1-0441","0","central","hfo-le","5","Africans","2","0","151,119","39,82","1","0","220","central:hfo-le:5:2:0","3765000220","151,119","39,82","0","24651417","9dc109b1e357269a6a40b1c07eabe230a2af97b70b54ba05bbfaff12f5dc9b29"
"442","fresh-dual-v1-0442","0","central","hfo-le","5","Africans","2","0","151,119","39,82","0","1","221","central:hfo-le:5:2:1","3765000221","151,119","39,82","0","24651417","9dc109b1e357269a6a40b1c07eabe230a2af97b70b54ba05bbfaff12f5dc9b29"
"443","fresh-dual-v1-0443","0","central","hfo-le","5","Africans","2","0","151,119","39,82","1","1","221","central:hfo-le:5:2:1","3765000221","151,119","39,82","0","24651417","9dc109b1e357269a6a40b1c07eabe230a2af97b70b54ba05bbfaff12f5dc9b29"
"444","fresh-dual-v1-0444","0","central","hfo-le","5","Africans","2","0","151,119","39,82","0","2","222","central:hfo-le:5:2:2","3765000222","151,119","39,82","0","24651417","9dc109b1e357269a6a40b1c07eabe230a2af97b70b54ba05bbfaff12f5dc9b29"
"445","fresh-dual-v1-0445","0","central","hfo-le","5","Africans","2","0","151,119","39,82","1","2","222","central:hfo-le:5:2:2","3765000222","151,119","39,82","0","24651417","9dc109b1e357269a6a40b1c07eabe230a2af97b70b54ba05bbfaff12f5dc9b29"
"446","fresh-dual-v1-0446","0","central","hfo-le","5","Africans","2","0","151,119","39,82","0","3","223","central:hfo-le:5:2:3","3765000223","151,119","39,82","0","24651417","9dc109b1e357269a6a40b1c07eabe230a2af97b70b54ba05bbfaff12f5dc9b29"
"447","fresh-dual-v1-0447","0","central","hfo-le","5","Africans","2","0","151,119","39,82","1","3","223","central:hfo-le:5:2:3","3765000223","151,119","39,82","0","24651417","9dc109b1e357269a6a40b1c07eabe230a2af97b70b54ba05bbfaff12f5dc9b29"
"448","fresh-dual-v1-0448","0","central","hfo-le","5","Africans","2","0","151,119","39,82","0","4","224","central:hfo-le:5:2:4","3765000224","151,119","39,82","0","24651417","9dc109b1e357269a6a40b1c07eabe230a2af97b70b54ba05bbfaff12f5dc9b29"
"449","fresh-dual-v1-0449","0","central","hfo-le","5","Africans","2","0","151,119","39,82","1","4","224","central:hfo-le:5:2:4","3765000224","151,119","39,82","0","24651417","9dc109b1e357269a6a40b1c07eabe230a2af97b70b54ba05bbfaff12f5dc9b29"
"450","fresh-dual-v1-0450","0","central","hfo-le","5","Africans","2","0","151,119","39,82","0","5","225","central:hfo-le:5:2:5","3765000225","151,119","39,82","0","24651417","9dc109b1e357269a6a40b1c07eabe230a2af97b70b54ba05bbfaff12f5dc9b29"
"451","fresh-dual-v1-0451","0","central","hfo-le","5","Africans","2","0","151,119","39,82","1","5","225","central:hfo-le:5:2:5","3765000225","151,119","39,82","0","24651417","9dc109b1e357269a6a40b1c07eabe230a2af97b70b54ba05bbfaff12f5dc9b29"
"452","fresh-dual-v1-0452","0","central","hfo-le","5","Africans","2","0","151,119","39,82","0","6","226","central:hfo-le:5:2:6","3765000226","151,119","39,82","0","24651417","9dc109b1e357269a6a40b1c07eabe230a2af97b70b54ba05bbfaff12f5dc9b29"
"453","fresh-dual-v1-0453","0","central","hfo-le","5","Africans","2","0","151,119","39,82","1","6","226","central:hfo-le:5:2:6","3765000226","151,119","39,82","0","24651417","9dc109b1e357269a6a40b1c07eabe230a2af97b70b54ba05bbfaff12f5dc9b29"
"454","fresh-dual-v1-0454","0","central","hfo-le","5","Africans","2","0","151,119","39,82","0","7","227","central:hfo-le:5:2:7","3765000227","151,119","39,82","0","24651417","9dc109b1e357269a6a40b1c07eabe230a2af97b70b54ba05bbfaff12f5dc9b29"
"455","fresh-dual-v1-0455","0","central","hfo-le","5","Africans","2","0","151,119","39,82","1","7","227","central:hfo-le:5:2:7","3765000227","151,119","39,82","0","24651417","9dc109b1e357269a6a40b1c07eabe230a2af97b70b54ba05bbfaff12f5dc9b29"
"456","fresh-dual-v1-0456","0","central","hfo-le","5","Africans","2","0","151,119","39,82","0","8","228","central:hfo-le:5:2:8","3765000228","151,119","39,82","0","24651417","9dc109b1e357269a6a40b1c07eabe230a2af97b70b54ba05bbfaff12f5dc9b29"
"457","fresh-dual-v1-0457","0","central","hfo-le","5","Africans","2","0","151,119","39,82","1","8","228","central:hfo-le:5:2:8","3765000228","151,119","39,82","0","24651417","9dc109b1e357269a6a40b1c07eabe230a2af97b70b54ba05bbfaff12f5dc9b29"
"458","fresh-dual-v1-0458","0","central","hfo-le","5","Africans","2","0","151,119","39,82","0","9","229","central:hfo-le:5:2:9","3765000229","151,119","39,82","0","24651417","9dc109b1e357269a6a40b1c07eabe230a2af97b70b54ba05bbfaff12f5dc9b29"
"459","fresh-dual-v1-0459","0","central","hfo-le","5","Africans","2","0","151,119","39,82","1","9","229","central:hfo-le:5:2:9","3765000229","151,119","39,82","0","24651417","9dc109b1e357269a6a40b1c07eabe230a2af97b70b54ba05bbfaff12f5dc9b29"
"460","fresh-dual-v1-0460","0","central","hfo-le","5","Africans","3","1","88,157","88,34","0","0","230","central:hfo-le:5:3:0","3765000230","88,157","88,34","0","24651417","9dc109b1e357269a6a40b1c07eabe230a2af97b70b54ba05bbfaff12f5dc9b29"
"461","fresh-dual-v1-0461","0","central","hfo-le","5","Africans","3","1","88,157","88,34","1","0","230","central:hfo-le:5:3:0","3765000230","88,157","88,34","0","24651417","9dc109b1e357269a6a40b1c07eabe230a2af97b70b54ba05bbfaff12f5dc9b29"
"462","fresh-dual-v1-0462","0","central","hfo-le","5","Africans","3","1","88,157","88,34","0","1","231","central:hfo-le:5:3:1","3765000231","88,157","88,34","0","24651417","9dc109b1e357269a6a40b1c07eabe230a2af97b70b54ba05bbfaff12f5dc9b29"
"463","fresh-dual-v1-0463","0","central","hfo-le","5","Africans","3","1","88,157","88,34","1","1","231","central:hfo-le:5:3:1","3765000231","88,157","88,34","0","24651417","9dc109b1e357269a6a40b1c07eabe230a2af97b70b54ba05bbfaff12f5dc9b29"
"464","fresh-dual-v1-0464","0","central","hfo-le","5","Africans","3","1","88,157","88,34","0","2","232","central:hfo-le:5:3:2","3765000232","88,157","88,34","0","24651417","9dc109b1e357269a6a40b1c07eabe230a2af97b70b54ba05bbfaff12f5dc9b29"
"465","fresh-dual-v1-0465","0","central","hfo-le","5","Africans","3","1","88,157","88,34","1","2","232","central:hfo-le:5:3:2","3765000232","88,157","88,34","0","24651417","9dc109b1e357269a6a40b1c07eabe230a2af97b70b54ba05bbfaff12f5dc9b29"
"466","fresh-dual-v1-0466","0","central","hfo-le","5","Africans","3","1","88,157","88,34","0","3","233","central:hfo-le:5:3:3","3765000233","88,157","88,34","0","24651417","9dc109b1e357269a6a40b1c07eabe230a2af97b70b54ba05bbfaff12f5dc9b29"
"467","fresh-dual-v1-0467","0","central","hfo-le","5","Africans","3","1","88,157","88,34","1","3","233","central:hfo-le:5:3:3","3765000233","88,157","88,34","0","24651417","9dc109b1e357269a6a40b1c07eabe230a2af97b70b54ba05bbfaff12f5dc9b29"
"468","fresh-dual-v1-0468","0","central","hfo-le","5","Africans","3","1","88,157","88,34","0","4","234","central:hfo-le:5:3:4","3765000234","88,157","88,34","0","24651417","9dc109b1e357269a6a40b1c07eabe230a2af97b70b54ba05bbfaff12f5dc9b29"
"469","fresh-dual-v1-0469","0","central","hfo-le","5","Africans","3","1","88,157","88,34","1","4","234","central:hfo-le:5:3:4","3765000234","88,157","88,34","0","24651417","9dc109b1e357269a6a40b1c07eabe230a2af97b70b54ba05bbfaff12f5dc9b29"
"470","fresh-dual-v1-0470","0","central","hfo-le","5","Africans","3","1","88,157","88,34","0","5","235","central:hfo-le:5:3:5","3765000235","88,157","88,34","0","24651417","9dc109b1e357269a6a40b1c07eabe230a2af97b70b54ba05bbfaff12f5dc9b29"
"471","fresh-dual-v1-0471","0","central","hfo-le","5","Africans","3","1","88,157","88,34","1","5","235","central:hfo-le:5:3:5","3765000235","88,157","88,34","0","24651417","9dc109b1e357269a6a40b1c07eabe230a2af97b70b54ba05bbfaff12f5dc9b29"
"472","fresh-dual-v1-0472","0","central","hfo-le","5","Africans","3","1","88,157","88,34","0","6","236","central:hfo-le:5:3:6","3765000236","88,157","88,34","0","24651417","9dc109b1e357269a6a40b1c07eabe230a2af97b70b54ba05bbfaff12f5dc9b29"
"473","fresh-dual-v1-0473","0","central","hfo-le","5","Africans","3","1","88,157","88,34","1","6","236","central:hfo-le:5:3:6","3765000236","88,157","88,34","0","24651417","9dc109b1e357269a6a40b1c07eabe230a2af97b70b54ba05bbfaff12f5dc9b29"
"474","fresh-dual-v1-0474","0","central","hfo-le","5","Africans","3","1","88,157","88,34","0","7","237","central:hfo-le:5:3:7","3765000237","88,157","88,34","0","24651417","9dc109b1e357269a6a40b1c07eabe230a2af97b70b54ba05bbfaff12f5dc9b29"
"475","fresh-dual-v1-0475","0","central","hfo-le","5","Africans","3","1","88,157","88,34","1","7","237","central:hfo-le:5:3:7","3765000237","88,157","88,34","0","24651417","9dc109b1e357269a6a40b1c07eabe230a2af97b70b54ba05bbfaff12f5dc9b29"
"476","fresh-dual-v1-0476","0","central","hfo-le","5","Africans","3","1","88,157","88,34","0","8","238","central:hfo-le:5:3:8","3765000238","88,157","88,34","0","24651417","9dc109b1e357269a6a40b1c07eabe230a2af97b70b54ba05bbfaff12f5dc9b29"
"477","fresh-dual-v1-0477","0","central","hfo-le","5","Africans","3","1","88,157","88,34","1","8","238","central:hfo-le:5:3:8","3765000238","88,157","88,34","0","24651417","9dc109b1e357269a6a40b1c07eabe230a2af97b70b54ba05bbfaff12f5dc9b29"
"478","fresh-dual-v1-0478","0","central","hfo-le","5","Africans","3","1","88,157","88,34","0","9","239","central:hfo-le:5:3:9","3765000239","88,157","88,34","0","24651417","9dc109b1e357269a6a40b1c07eabe230a2af97b70b54ba05bbfaff12f5dc9b29"
"479","fresh-dual-v1-0479","0","central","hfo-le","5","Africans","3","1","88,157","88,34","1","9","239","central:hfo-le:5:3:9","3765000239","88,157","88,34","0","24651417","9dc109b1e357269a6a40b1c07eabe230a2af97b70b54ba05bbfaff12f5dc9b29"
"480","fresh-dual-v1-0480","0","central","hfo-le","6","Arabs","0","2","39,82","151,119","0","0","240","central:hfo-le:6:0:0","3765000240","39,82","151,119","0","24651417","9dc109b1e357269a6a40b1c07eabe230a2af97b70b54ba05bbfaff12f5dc9b29"
"481","fresh-dual-v1-0481","0","central","hfo-le","6","Arabs","0","2","39,82","151,119","1","0","240","central:hfo-le:6:0:0","3765000240","39,82","151,119","0","24651417","9dc109b1e357269a6a40b1c07eabe230a2af97b70b54ba05bbfaff12f5dc9b29"
"482","fresh-dual-v1-0482","0","central","hfo-le","6","Arabs","0","2","39,82","151,119","0","1","241","central:hfo-le:6:0:1","3765000241","39,82","151,119","0","24651417","9dc109b1e357269a6a40b1c07eabe230a2af97b70b54ba05bbfaff12f5dc9b29"
"483","fresh-dual-v1-0483","0","central","hfo-le","6","Arabs","0","2","39,82","151,119","1","1","241","central:hfo-le:6:0:1","3765000241","39,82","151,119","0","24651417","9dc109b1e357269a6a40b1c07eabe230a2af97b70b54ba05bbfaff12f5dc9b29"
"484","fresh-dual-v1-0484","0","central","hfo-le","6","Arabs","0","2","39,82","151,119","0","2","242","central:hfo-le:6:0:2","3765000242","39,82","151,119","0","24651417","9dc109b1e357269a6a40b1c07eabe230a2af97b70b54ba05bbfaff12f5dc9b29"
"485","fresh-dual-v1-0485","0","central","hfo-le","6","Arabs","0","2","39,82","151,119","1","2","242","central:hfo-le:6:0:2","3765000242","39,82","151,119","0","24651417","9dc109b1e357269a6a40b1c07eabe230a2af97b70b54ba05bbfaff12f5dc9b29"
"486","fresh-dual-v1-0486","0","central","hfo-le","6","Arabs","0","2","39,82","151,119","0","3","243","central:hfo-le:6:0:3","3765000243","39,82","151,119","0","24651417","9dc109b1e357269a6a40b1c07eabe230a2af97b70b54ba05bbfaff12f5dc9b29"
"487","fresh-dual-v1-0487","0","central","hfo-le","6","Arabs","0","2","39,82","151,119","1","3","243","central:hfo-le:6:0:3","3765000243","39,82","151,119","0","24651417","9dc109b1e357269a6a40b1c07eabe230a2af97b70b54ba05bbfaff12f5dc9b29"
"488","fresh-dual-v1-0488","0","central","hfo-le","6","Arabs","0","2","39,82","151,119","0","4","244","central:hfo-le:6:0:4","3765000244","39,82","151,119","0","24651417","9dc109b1e357269a6a40b1c07eabe230a2af97b70b54ba05bbfaff12f5dc9b29"
"489","fresh-dual-v1-0489","0","central","hfo-le","6","Arabs","0","2","39,82","151,119","1","4","244","central:hfo-le:6:0:4","3765000244","39,82","151,119","0","24651417","9dc109b1e357269a6a40b1c07eabe230a2af97b70b54ba05bbfaff12f5dc9b29"
"490","fresh-dual-v1-0490","0","central","hfo-le","6","Arabs","0","2","39,82","151,119","0","5","245","central:hfo-le:6:0:5","3765000245","39,82","151,119","0","24651417","9dc109b1e357269a6a40b1c07eabe230a2af97b70b54ba05bbfaff12f5dc9b29"
"491","fresh-dual-v1-0491","0","central","hfo-le","6","Arabs","0","2","39,82","151,119","1","5","245","central:hfo-le:6:0:5","3765000245","39,82","151,119","0","24651417","9dc109b1e357269a6a40b1c07eabe230a2af97b70b54ba05bbfaff12f5dc9b29"
"492","fresh-dual-v1-0492","0","central","hfo-le","6","Arabs","0","2","39,82","151,119","0","6","246","central:hfo-le:6:0:6","3765000246","39,82","151,119","0","24651417","9dc109b1e357269a6a40b1c07eabe230a2af97b70b54ba05bbfaff12f5dc9b29"
"493","fresh-dual-v1-0493","0","central","hfo-le","6","Arabs","0","2","39,82","151,119","1","6","246","central:hfo-le:6:0:6","3765000246","39,82","151,119","0","24651417","9dc109b1e357269a6a40b1c07eabe230a2af97b70b54ba05bbfaff12f5dc9b29"
"494","fresh-dual-v1-0494","0","central","hfo-le","6","Arabs","0","2","39,82","151,119","0","7","247","central:hfo-le:6:0:7","3765000247","39,82","151,119","0","24651417","9dc109b1e357269a6a40b1c07eabe230a2af97b70b54ba05bbfaff12f5dc9b29"
"495","fresh-dual-v1-0495","0","central","hfo-le","6","Arabs","0","2","39,82","151,119","1","7","247","central:hfo-le:6:0:7","3765000247","39,82","151,119","0","24651417","9dc109b1e357269a6a40b1c07eabe230a2af97b70b54ba05bbfaff12f5dc9b29"
"496","fresh-dual-v1-0496","0","central","hfo-le","6","Arabs","0","2","39,82","151,119","0","8","248","central:hfo-le:6:0:8","3765000248","39,82","151,119","0","24651417","9dc109b1e357269a6a40b1c07eabe230a2af97b70b54ba05bbfaff12f5dc9b29"
"497","fresh-dual-v1-0497","0","central","hfo-le","6","Arabs","0","2","39,82","151,119","1","8","248","central:hfo-le:6:0:8","3765000248","39,82","151,119","0","24651417","9dc109b1e357269a6a40b1c07eabe230a2af97b70b54ba05bbfaff12f5dc9b29"
"498","fresh-dual-v1-0498","0","central","hfo-le","6","Arabs","0","2","39,82","151,119","0","9","249","central:hfo-le:6:0:9","3765000249","39,82","151,119","0","24651417","9dc109b1e357269a6a40b1c07eabe230a2af97b70b54ba05bbfaff12f5dc9b29"
"499","fresh-dual-v1-0499","0","central","hfo-le","6","Arabs","0","2","39,82","151,119","1","9","249","central:hfo-le:6:0:9","3765000249","39,82","151,119","0","24651417","9dc109b1e357269a6a40b1c07eabe230a2af97b70b54ba05bbfaff12f5dc9b29"
"500","fresh-dual-v1-0500","0","central","hfo-le","6","Arabs","1","3","88,34","88,157","0","0","250","central:hfo-le:6:1:0","3765000250","88,34","88,157","0","24651417","9dc109b1e357269a6a40b1c07eabe230a2af97b70b54ba05bbfaff12f5dc9b29"
"501","fresh-dual-v1-0501","0","central","hfo-le","6","Arabs","1","3","88,34","88,157","1","0","250","central:hfo-le:6:1:0","3765000250","88,34","88,157","0","24651417","9dc109b1e357269a6a40b1c07eabe230a2af97b70b54ba05bbfaff12f5dc9b29"
"502","fresh-dual-v1-0502","0","central","hfo-le","6","Arabs","1","3","88,34","88,157","0","1","251","central:hfo-le:6:1:1","3765000251","88,34","88,157","0","24651417","9dc109b1e357269a6a40b1c07eabe230a2af97b70b54ba05bbfaff12f5dc9b29"
"503","fresh-dual-v1-0503","0","central","hfo-le","6","Arabs","1","3","88,34","88,157","1","1","251","central:hfo-le:6:1:1","3765000251","88,34","88,157","0","24651417","9dc109b1e357269a6a40b1c07eabe230a2af97b70b54ba05bbfaff12f5dc9b29"
"504","fresh-dual-v1-0504","0","central","hfo-le","6","Arabs","1","3","88,34","88,157","0","2","252","central:hfo-le:6:1:2","3765000252","88,34","88,157","0","24651417","9dc109b1e357269a6a40b1c07eabe230a2af97b70b54ba05bbfaff12f5dc9b29"
"505","fresh-dual-v1-0505","0","central","hfo-le","6","Arabs","1","3","88,34","88,157","1","2","252","central:hfo-le:6:1:2","3765000252","88,34","88,157","0","24651417","9dc109b1e357269a6a40b1c07eabe230a2af97b70b54ba05bbfaff12f5dc9b29"
"506","fresh-dual-v1-0506","0","central","hfo-le","6","Arabs","1","3","88,34","88,157","0","3","253","central:hfo-le:6:1:3","3765000253","88,34","88,157","0","24651417","9dc109b1e357269a6a40b1c07eabe230a2af97b70b54ba05bbfaff12f5dc9b29"
"507","fresh-dual-v1-0507","0","central","hfo-le","6","Arabs","1","3","88,34","88,157","1","3","253","central:hfo-le:6:1:3","3765000253","88,34","88,157","0","24651417","9dc109b1e357269a6a40b1c07eabe230a2af97b70b54ba05bbfaff12f5dc9b29"
"508","fresh-dual-v1-0508","0","central","hfo-le","6","Arabs","1","3","88,34","88,157","0","4","254","central:hfo-le:6:1:4","3765000254","88,34","88,157","0","24651417","9dc109b1e357269a6a40b1c07eabe230a2af97b70b54ba05bbfaff12f5dc9b29"
"509","fresh-dual-v1-0509","0","central","hfo-le","6","Arabs","1","3","88,34","88,157","1","4","254","central:hfo-le:6:1:4","3765000254","88,34","88,157","0","24651417","9dc109b1e357269a6a40b1c07eabe230a2af97b70b54ba05bbfaff12f5dc9b29"
"510","fresh-dual-v1-0510","0","central","hfo-le","6","Arabs","1","3","88,34","88,157","0","5","255","central:hfo-le:6:1:5","3765000255","88,34","88,157","0","24651417","9dc109b1e357269a6a40b1c07eabe230a2af97b70b54ba05bbfaff12f5dc9b29"
"511","fresh-dual-v1-0511","0","central","hfo-le","6","Arabs","1","3","88,34","88,157","1","5","255","central:hfo-le:6:1:5","3765000255","88,34","88,157","0","24651417","9dc109b1e357269a6a40b1c07eabe230a2af97b70b54ba05bbfaff12f5dc9b29"
"512","fresh-dual-v1-0512","0","central","hfo-le","6","Arabs","1","3","88,34","88,157","0","6","256","central:hfo-le:6:1:6","3765000256","88,34","88,157","0","24651417","9dc109b1e357269a6a40b1c07eabe230a2af97b70b54ba05bbfaff12f5dc9b29"
"513","fresh-dual-v1-0513","0","central","hfo-le","6","Arabs","1","3","88,34","88,157","1","6","256","central:hfo-le:6:1:6","3765000256","88,34","88,157","0","24651417","9dc109b1e357269a6a40b1c07eabe230a2af97b70b54ba05bbfaff12f5dc9b29"
"514","fresh-dual-v1-0514","0","central","hfo-le","6","Arabs","1","3","88,34","88,157","0","7","257","central:hfo-le:6:1:7","3765000257","88,34","88,157","0","24651417","9dc109b1e357269a6a40b1c07eabe230a2af97b70b54ba05bbfaff12f5dc9b29"
"515","fresh-dual-v1-0515","0","central","hfo-le","6","Arabs","1","3","88,34","88,157","1","7","257","central:hfo-le:6:1:7","3765000257","88,34","88,157","0","24651417","9dc109b1e357269a6a40b1c07eabe230a2af97b70b54ba05bbfaff12f5dc9b29"
"516","fresh-dual-v1-0516","0","central","hfo-le","6","Arabs","1","3","88,34","88,157","0","8","258","central:hfo-le:6:1:8","3765000258","88,34","88,157","0","24651417","9dc109b1e357269a6a40b1c07eabe230a2af97b70b54ba05bbfaff12f5dc9b29"
"517","fresh-dual-v1-0517","0","central","hfo-le","6","Arabs","1","3","88,34","88,157","1","8","258","central:hfo-le:6:1:8","3765000258","88,34","88,157","0","24651417","9dc109b1e357269a6a40b1c07eabe230a2af97b70b54ba05bbfaff12f5dc9b29"
"518","fresh-dual-v1-0518","0","central","hfo-le","6","Arabs","1","3","88,34","88,157","0","9","259","central:hfo-le:6:1:9","3765000259","88,34","88,157","0","24651417","9dc109b1e357269a6a40b1c07eabe230a2af97b70b54ba05bbfaff12f5dc9b29"
"519","fresh-dual-v1-0519","0","central","hfo-le","6","Arabs","1","3","88,34","88,157","1","9","259","central:hfo-le:6:1:9","3765000259","88,34","88,157","0","24651417","9dc109b1e357269a6a40b1c07eabe230a2af97b70b54ba05bbfaff12f5dc9b29"
"520","fresh-dual-v1-0520","0","central","hfo-le","6","Arabs","2","0","151,119","39,82","0","0","260","central:hfo-le:6:2:0","3765000260","151,119","39,82","0","24651417","9dc109b1e357269a6a40b1c07eabe230a2af97b70b54ba05bbfaff12f5dc9b29"
"521","fresh-dual-v1-0521","0","central","hfo-le","6","Arabs","2","0","151,119","39,82","1","0","260","central:hfo-le:6:2:0","3765000260","151,119","39,82","0","24651417","9dc109b1e357269a6a40b1c07eabe230a2af97b70b54ba05bbfaff12f5dc9b29"
"522","fresh-dual-v1-0522","0","central","hfo-le","6","Arabs","2","0","151,119","39,82","0","1","261","central:hfo-le:6:2:1","3765000261","151,119","39,82","0","24651417","9dc109b1e357269a6a40b1c07eabe230a2af97b70b54ba05bbfaff12f5dc9b29"
"523","fresh-dual-v1-0523","0","central","hfo-le","6","Arabs","2","0","151,119","39,82","1","1","261","central:hfo-le:6:2:1","3765000261","151,119","39,82","0","24651417","9dc109b1e357269a6a40b1c07eabe230a2af97b70b54ba05bbfaff12f5dc9b29"
"524","fresh-dual-v1-0524","0","central","hfo-le","6","Arabs","2","0","151,119","39,82","0","2","262","central:hfo-le:6:2:2","3765000262","151,119","39,82","0","24651417","9dc109b1e357269a6a40b1c07eabe230a2af97b70b54ba05bbfaff12f5dc9b29"
"525","fresh-dual-v1-0525","0","central","hfo-le","6","Arabs","2","0","151,119","39,82","1","2","262","central:hfo-le:6:2:2","3765000262","151,119","39,82","0","24651417","9dc109b1e357269a6a40b1c07eabe230a2af97b70b54ba05bbfaff12f5dc9b29"
"526","fresh-dual-v1-0526","0","central","hfo-le","6","Arabs","2","0","151,119","39,82","0","3","263","central:hfo-le:6:2:3","3765000263","151,119","39,82","0","24651417","9dc109b1e357269a6a40b1c07eabe230a2af97b70b54ba05bbfaff12f5dc9b29"
"527","fresh-dual-v1-0527","0","central","hfo-le","6","Arabs","2","0","151,119","39,82","1","3","263","central:hfo-le:6:2:3","3765000263","151,119","39,82","0","24651417","9dc109b1e357269a6a40b1c07eabe230a2af97b70b54ba05bbfaff12f5dc9b29"
"528","fresh-dual-v1-0528","0","central","hfo-le","6","Arabs","2","0","151,119","39,82","0","4","264","central:hfo-le:6:2:4","3765000264","151,119","39,82","0","24651417","9dc109b1e357269a6a40b1c07eabe230a2af97b70b54ba05bbfaff12f5dc9b29"
"529","fresh-dual-v1-0529","0","central","hfo-le","6","Arabs","2","0","151,119","39,82","1","4","264","central:hfo-le:6:2:4","3765000264","151,119","39,82","0","24651417","9dc109b1e357269a6a40b1c07eabe230a2af97b70b54ba05bbfaff12f5dc9b29"
"530","fresh-dual-v1-0530","0","central","hfo-le","6","Arabs","2","0","151,119","39,82","0","5","265","central:hfo-le:6:2:5","3765000265","151,119","39,82","0","24651417","9dc109b1e357269a6a40b1c07eabe230a2af97b70b54ba05bbfaff12f5dc9b29"
"531","fresh-dual-v1-0531","0","central","hfo-le","6","Arabs","2","0","151,119","39,82","1","5","265","central:hfo-le:6:2:5","3765000265","151,119","39,82","0","24651417","9dc109b1e357269a6a40b1c07eabe230a2af97b70b54ba05bbfaff12f5dc9b29"
"532","fresh-dual-v1-0532","0","central","hfo-le","6","Arabs","2","0","151,119","39,82","0","6","266","central:hfo-le:6:2:6","3765000266","151,119","39,82","0","24651417","9dc109b1e357269a6a40b1c07eabe230a2af97b70b54ba05bbfaff12f5dc9b29"
"533","fresh-dual-v1-0533","0","central","hfo-le","6","Arabs","2","0","151,119","39,82","1","6","266","central:hfo-le:6:2:6","3765000266","151,119","39,82","0","24651417","9dc109b1e357269a6a40b1c07eabe230a2af97b70b54ba05bbfaff12f5dc9b29"
"534","fresh-dual-v1-0534","0","central","hfo-le","6","Arabs","2","0","151,119","39,82","0","7","267","central:hfo-le:6:2:7","3765000267","151,119","39,82","0","24651417","9dc109b1e357269a6a40b1c07eabe230a2af97b70b54ba05bbfaff12f5dc9b29"
"535","fresh-dual-v1-0535","0","central","hfo-le","6","Arabs","2","0","151,119","39,82","1","7","267","central:hfo-le:6:2:7","3765000267","151,119","39,82","0","24651417","9dc109b1e357269a6a40b1c07eabe230a2af97b70b54ba05bbfaff12f5dc9b29"
"536","fresh-dual-v1-0536","0","central","hfo-le","6","Arabs","2","0","151,119","39,82","0","8","268","central:hfo-le:6:2:8","3765000268","151,119","39,82","0","24651417","9dc109b1e357269a6a40b1c07eabe230a2af97b70b54ba05bbfaff12f5dc9b29"
"537","fresh-dual-v1-0537","0","central","hfo-le","6","Arabs","2","0","151,119","39,82","1","8","268","central:hfo-le:6:2:8","3765000268","151,119","39,82","0","24651417","9dc109b1e357269a6a40b1c07eabe230a2af97b70b54ba05bbfaff12f5dc9b29"
"538","fresh-dual-v1-0538","0","central","hfo-le","6","Arabs","2","0","151,119","39,82","0","9","269","central:hfo-le:6:2:9","3765000269","151,119","39,82","0","24651417","9dc109b1e357269a6a40b1c07eabe230a2af97b70b54ba05bbfaff12f5dc9b29"
"539","fresh-dual-v1-0539","0","central","hfo-le","6","Arabs","2","0","151,119","39,82","1","9","269","central:hfo-le:6:2:9","3765000269","151,119","39,82","0","24651417","9dc109b1e357269a6a40b1c07eabe230a2af97b70b54ba05bbfaff12f5dc9b29"
"540","fresh-dual-v1-0540","0","central","hfo-le","6","Arabs","3","1","88,157","88,34","0","0","270","central:hfo-le:6:3:0","3765000270","88,157","88,34","0","24651417","9dc109b1e357269a6a40b1c07eabe230a2af97b70b54ba05bbfaff12f5dc9b29"
"541","fresh-dual-v1-0541","0","central","hfo-le","6","Arabs","3","1","88,157","88,34","1","0","270","central:hfo-le:6:3:0","3765000270","88,157","88,34","0","24651417","9dc109b1e357269a6a40b1c07eabe230a2af97b70b54ba05bbfaff12f5dc9b29"
"542","fresh-dual-v1-0542","0","central","hfo-le","6","Arabs","3","1","88,157","88,34","0","1","271","central:hfo-le:6:3:1","3765000271","88,157","88,34","0","24651417","9dc109b1e357269a6a40b1c07eabe230a2af97b70b54ba05bbfaff12f5dc9b29"
"543","fresh-dual-v1-0543","0","central","hfo-le","6","Arabs","3","1","88,157","88,34","1","1","271","central:hfo-le:6:3:1","3765000271","88,157","88,34","0","24651417","9dc109b1e357269a6a40b1c07eabe230a2af97b70b54ba05bbfaff12f5dc9b29"
"544","fresh-dual-v1-0544","0","central","hfo-le","6","Arabs","3","1","88,157","88,34","0","2","272","central:hfo-le:6:3:2","3765000272","88,157","88,34","0","24651417","9dc109b1e357269a6a40b1c07eabe230a2af97b70b54ba05bbfaff12f5dc9b29"
"545","fresh-dual-v1-0545","0","central","hfo-le","6","Arabs","3","1","88,157","88,34","1","2","272","central:hfo-le:6:3:2","3765000272","88,157","88,34","0","24651417","9dc109b1e357269a6a40b1c07eabe230a2af97b70b54ba05bbfaff12f5dc9b29"
"546","fresh-dual-v1-0546","0","central","hfo-le","6","Arabs","3","1","88,157","88,34","0","3","273","central:hfo-le:6:3:3","3765000273","88,157","88,34","0","24651417","9dc109b1e357269a6a40b1c07eabe230a2af97b70b54ba05bbfaff12f5dc9b29"
"547","fresh-dual-v1-0547","0","central","hfo-le","6","Arabs","3","1","88,157","88,34","1","3","273","central:hfo-le:6:3:3","3765000273","88,157","88,34","0","24651417","9dc109b1e357269a6a40b1c07eabe230a2af97b70b54ba05bbfaff12f5dc9b29"
"548","fresh-dual-v1-0548","0","central","hfo-le","6","Arabs","3","1","88,157","88,34","0","4","274","central:hfo-le:6:3:4","3765000274","88,157","88,34","0","24651417","9dc109b1e357269a6a40b1c07eabe230a2af97b70b54ba05bbfaff12f5dc9b29"
"549","fresh-dual-v1-0549","0","central","hfo-le","6","Arabs","3","1","88,157","88,34","1","4","274","central:hfo-le:6:3:4","3765000274","88,157","88,34","0","24651417","9dc109b1e357269a6a40b1c07eabe230a2af97b70b54ba05bbfaff12f5dc9b29"
"550","fresh-dual-v1-0550","0","central","hfo-le","6","Arabs","3","1","88,157","88,34","0","5","275","central:hfo-le:6:3:5","3765000275","88,157","88,34","0","24651417","9dc109b1e357269a6a40b1c07eabe230a2af97b70b54ba05bbfaff12f5dc9b29"
"551","fresh-dual-v1-0551","0","central","hfo-le","6","Arabs","3","1","88,157","88,34","1","5","275","central:hfo-le:6:3:5","3765000275","88,157","88,34","0","24651417","9dc109b1e357269a6a40b1c07eabe230a2af97b70b54ba05bbfaff12f5dc9b29"
"552","fresh-dual-v1-0552","0","central","hfo-le","6","Arabs","3","1","88,157","88,34","0","6","276","central:hfo-le:6:3:6","3765000276","88,157","88,34","0","24651417","9dc109b1e357269a6a40b1c07eabe230a2af97b70b54ba05bbfaff12f5dc9b29"
"553","fresh-dual-v1-0553","0","central","hfo-le","6","Arabs","3","1","88,157","88,34","1","6","276","central:hfo-le:6:3:6","3765000276","88,157","88,34","0","24651417","9dc109b1e357269a6a40b1c07eabe230a2af97b70b54ba05bbfaff12f5dc9b29"
"554","fresh-dual-v1-0554","0","central","hfo-le","6","Arabs","3","1","88,157","88,34","0","7","277","central:hfo-le:6:3:7","3765000277","88,157","88,34","0","24651417","9dc109b1e357269a6a40b1c07eabe230a2af97b70b54ba05bbfaff12f5dc9b29"
"555","fresh-dual-v1-0555","0","central","hfo-le","6","Arabs","3","1","88,157","88,34","1","7","277","central:hfo-le:6:3:7","3765000277","88,157","88,34","0","24651417","9dc109b1e357269a6a40b1c07eabe230a2af97b70b54ba05bbfaff12f5dc9b29"
"556","fresh-dual-v1-0556","0","central","hfo-le","6","Arabs","3","1","88,157","88,34","0","8","278","central:hfo-le:6:3:8","3765000278","88,157","88,34","0","24651417","9dc109b1e357269a6a40b1c07eabe230a2af97b70b54ba05bbfaff12f5dc9b29"
"557","fresh-dual-v1-0557","0","central","hfo-le","6","Arabs","3","1","88,157","88,34","1","8","278","central:hfo-le:6:3:8","3765000278","88,157","88,34","0","24651417","9dc109b1e357269a6a40b1c07eabe230a2af97b70b54ba05bbfaff12f5dc9b29"
"558","fresh-dual-v1-0558","0","central","hfo-le","6","Arabs","3","1","88,157","88,34","0","9","279","central:hfo-le:6:3:9","3765000279","88,157","88,34","0","24651417","9dc109b1e357269a6a40b1c07eabe230a2af97b70b54ba05bbfaff12f5dc9b29"
"559","fresh-dual-v1-0559","0","central","hfo-le","6","Arabs","3","1","88,157","88,34","1","9","279","central:hfo-le:6:3:9","3765000279","88,157","88,34","0","24651417","9dc109b1e357269a6a40b1c07eabe230a2af97b70b54ba05bbfaff12f5dc9b29"
"560","fresh-dual-v1-0560","0","central","hfo-le","7","Confederation","0","2","39,82","151,119","0","0","280","central:hfo-le:7:0:0","3765000280","39,82","151,119","0","24651417","9dc109b1e357269a6a40b1c07eabe230a2af97b70b54ba05bbfaff12f5dc9b29"
"561","fresh-dual-v1-0561","0","central","hfo-le","7","Confederation","0","2","39,82","151,119","1","0","280","central:hfo-le:7:0:0","3765000280","39,82","151,119","0","24651417","9dc109b1e357269a6a40b1c07eabe230a2af97b70b54ba05bbfaff12f5dc9b29"
"562","fresh-dual-v1-0562","0","central","hfo-le","7","Confederation","0","2","39,82","151,119","0","1","281","central:hfo-le:7:0:1","3765000281","39,82","151,119","0","24651417","9dc109b1e357269a6a40b1c07eabe230a2af97b70b54ba05bbfaff12f5dc9b29"
"563","fresh-dual-v1-0563","0","central","hfo-le","7","Confederation","0","2","39,82","151,119","1","1","281","central:hfo-le:7:0:1","3765000281","39,82","151,119","0","24651417","9dc109b1e357269a6a40b1c07eabe230a2af97b70b54ba05bbfaff12f5dc9b29"
"564","fresh-dual-v1-0564","0","central","hfo-le","7","Confederation","0","2","39,82","151,119","0","2","282","central:hfo-le:7:0:2","3765000282","39,82","151,119","0","24651417","9dc109b1e357269a6a40b1c07eabe230a2af97b70b54ba05bbfaff12f5dc9b29"
"565","fresh-dual-v1-0565","0","central","hfo-le","7","Confederation","0","2","39,82","151,119","1","2","282","central:hfo-le:7:0:2","3765000282","39,82","151,119","0","24651417","9dc109b1e357269a6a40b1c07eabe230a2af97b70b54ba05bbfaff12f5dc9b29"
"566","fresh-dual-v1-0566","0","central","hfo-le","7","Confederation","0","2","39,82","151,119","0","3","283","central:hfo-le:7:0:3","3765000283","39,82","151,119","0","24651417","9dc109b1e357269a6a40b1c07eabe230a2af97b70b54ba05bbfaff12f5dc9b29"
"567","fresh-dual-v1-0567","0","central","hfo-le","7","Confederation","0","2","39,82","151,119","1","3","283","central:hfo-le:7:0:3","3765000283","39,82","151,119","0","24651417","9dc109b1e357269a6a40b1c07eabe230a2af97b70b54ba05bbfaff12f5dc9b29"
"568","fresh-dual-v1-0568","0","central","hfo-le","7","Confederation","0","2","39,82","151,119","0","4","284","central:hfo-le:7:0:4","3765000284","39,82","151,119","0","24651417","9dc109b1e357269a6a40b1c07eabe230a2af97b70b54ba05bbfaff12f5dc9b29"
"569","fresh-dual-v1-0569","0","central","hfo-le","7","Confederation","0","2","39,82","151,119","1","4","284","central:hfo-le:7:0:4","3765000284","39,82","151,119","0","24651417","9dc109b1e357269a6a40b1c07eabe230a2af97b70b54ba05bbfaff12f5dc9b29"
"570","fresh-dual-v1-0570","0","central","hfo-le","7","Confederation","0","2","39,82","151,119","0","5","285","central:hfo-le:7:0:5","3765000285","39,82","151,119","0","24651417","9dc109b1e357269a6a40b1c07eabe230a2af97b70b54ba05bbfaff12f5dc9b29"
"571","fresh-dual-v1-0571","0","central","hfo-le","7","Confederation","0","2","39,82","151,119","1","5","285","central:hfo-le:7:0:5","3765000285","39,82","151,119","0","24651417","9dc109b1e357269a6a40b1c07eabe230a2af97b70b54ba05bbfaff12f5dc9b29"
"572","fresh-dual-v1-0572","0","central","hfo-le","7","Confederation","0","2","39,82","151,119","0","6","286","central:hfo-le:7:0:6","3765000286","39,82","151,119","0","24651417","9dc109b1e357269a6a40b1c07eabe230a2af97b70b54ba05bbfaff12f5dc9b29"
"573","fresh-dual-v1-0573","0","central","hfo-le","7","Confederation","0","2","39,82","151,119","1","6","286","central:hfo-le:7:0:6","3765000286","39,82","151,119","0","24651417","9dc109b1e357269a6a40b1c07eabe230a2af97b70b54ba05bbfaff12f5dc9b29"
"574","fresh-dual-v1-0574","0","central","hfo-le","7","Confederation","0","2","39,82","151,119","0","7","287","central:hfo-le:7:0:7","3765000287","39,82","151,119","0","24651417","9dc109b1e357269a6a40b1c07eabe230a2af97b70b54ba05bbfaff12f5dc9b29"
"575","fresh-dual-v1-0575","0","central","hfo-le","7","Confederation","0","2","39,82","151,119","1","7","287","central:hfo-le:7:0:7","3765000287","39,82","151,119","0","24651417","9dc109b1e357269a6a40b1c07eabe230a2af97b70b54ba05bbfaff12f5dc9b29"
"576","fresh-dual-v1-0576","0","central","hfo-le","7","Confederation","0","2","39,82","151,119","0","8","288","central:hfo-le:7:0:8","3765000288","39,82","151,119","0","24651417","9dc109b1e357269a6a40b1c07eabe230a2af97b70b54ba05bbfaff12f5dc9b29"
"577","fresh-dual-v1-0577","0","central","hfo-le","7","Confederation","0","2","39,82","151,119","1","8","288","central:hfo-le:7:0:8","3765000288","39,82","151,119","0","24651417","9dc109b1e357269a6a40b1c07eabe230a2af97b70b54ba05bbfaff12f5dc9b29"
"578","fresh-dual-v1-0578","0","central","hfo-le","7","Confederation","0","2","39,82","151,119","0","9","289","central:hfo-le:7:0:9","3765000289","39,82","151,119","0","24651417","9dc109b1e357269a6a40b1c07eabe230a2af97b70b54ba05bbfaff12f5dc9b29"
"579","fresh-dual-v1-0579","0","central","hfo-le","7","Confederation","0","2","39,82","151,119","1","9","289","central:hfo-le:7:0:9","3765000289","39,82","151,119","0","24651417","9dc109b1e357269a6a40b1c07eabe230a2af97b70b54ba05bbfaff12f5dc9b29"
"580","fresh-dual-v1-0580","0","central","hfo-le","7","Confederation","1","3","88,34","88,157","0","0","290","central:hfo-le:7:1:0","3765000290","88,34","88,157","0","24651417","9dc109b1e357269a6a40b1c07eabe230a2af97b70b54ba05bbfaff12f5dc9b29"
"581","fresh-dual-v1-0581","0","central","hfo-le","7","Confederation","1","3","88,34","88,157","1","0","290","central:hfo-le:7:1:0","3765000290","88,34","88,157","0","24651417","9dc109b1e357269a6a40b1c07eabe230a2af97b70b54ba05bbfaff12f5dc9b29"
"582","fresh-dual-v1-0582","0","central","hfo-le","7","Confederation","1","3","88,34","88,157","0","1","291","central:hfo-le:7:1:1","3765000291","88,34","88,157","0","24651417","9dc109b1e357269a6a40b1c07eabe230a2af97b70b54ba05bbfaff12f5dc9b29"
"583","fresh-dual-v1-0583","0","central","hfo-le","7","Confederation","1","3","88,34","88,157","1","1","291","central:hfo-le:7:1:1","3765000291","88,34","88,157","0","24651417","9dc109b1e357269a6a40b1c07eabe230a2af97b70b54ba05bbfaff12f5dc9b29"
"584","fresh-dual-v1-0584","0","central","hfo-le","7","Confederation","1","3","88,34","88,157","0","2","292","central:hfo-le:7:1:2","3765000292","88,34","88,157","0","24651417","9dc109b1e357269a6a40b1c07eabe230a2af97b70b54ba05bbfaff12f5dc9b29"
"585","fresh-dual-v1-0585","0","central","hfo-le","7","Confederation","1","3","88,34","88,157","1","2","292","central:hfo-le:7:1:2","3765000292","88,34","88,157","0","24651417","9dc109b1e357269a6a40b1c07eabe230a2af97b70b54ba05bbfaff12f5dc9b29"
"586","fresh-dual-v1-0586","0","central","hfo-le","7","Confederation","1","3","88,34","88,157","0","3","293","central:hfo-le:7:1:3","3765000293","88,34","88,157","0","24651417","9dc109b1e357269a6a40b1c07eabe230a2af97b70b54ba05bbfaff12f5dc9b29"
"587","fresh-dual-v1-0587","0","central","hfo-le","7","Confederation","1","3","88,34","88,157","1","3","293","central:hfo-le:7:1:3","3765000293","88,34","88,157","0","24651417","9dc109b1e357269a6a40b1c07eabe230a2af97b70b54ba05bbfaff12f5dc9b29"
"588","fresh-dual-v1-0588","0","central","hfo-le","7","Confederation","1","3","88,34","88,157","0","4","294","central:hfo-le:7:1:4","3765000294","88,34","88,157","0","24651417","9dc109b1e357269a6a40b1c07eabe230a2af97b70b54ba05bbfaff12f5dc9b29"
"589","fresh-dual-v1-0589","0","central","hfo-le","7","Confederation","1","3","88,34","88,157","1","4","294","central:hfo-le:7:1:4","3765000294","88,34","88,157","0","24651417","9dc109b1e357269a6a40b1c07eabe230a2af97b70b54ba05bbfaff12f5dc9b29"
"590","fresh-dual-v1-0590","0","central","hfo-le","7","Confederation","1","3","88,34","88,157","0","5","295","central:hfo-le:7:1:5","3765000295","88,34","88,157","0","24651417","9dc109b1e357269a6a40b1c07eabe230a2af97b70b54ba05bbfaff12f5dc9b29"
"591","fresh-dual-v1-0591","0","central","hfo-le","7","Confederation","1","3","88,34","88,157","1","5","295","central:hfo-le:7:1:5","3765000295","88,34","88,157","0","24651417","9dc109b1e357269a6a40b1c07eabe230a2af97b70b54ba05bbfaff12f5dc9b29"
"592","fresh-dual-v1-0592","0","central","hfo-le","7","Confederation","1","3","88,34","88,157","0","6","296","central:hfo-le:7:1:6","3765000296","88,34","88,157","0","24651417","9dc109b1e357269a6a40b1c07eabe230a2af97b70b54ba05bbfaff12f5dc9b29"
"593","fresh-dual-v1-0593","0","central","hfo-le","7","Confederation","1","3","88,34","88,157","1","6","296","central:hfo-le:7:1:6","3765000296","88,34","88,157","0","24651417","9dc109b1e357269a6a40b1c07eabe230a2af97b70b54ba05bbfaff12f5dc9b29"
"594","fresh-dual-v1-0594","0","central","hfo-le","7","Confederation","1","3","88,34","88,157","0","7","297","central:hfo-le:7:1:7","3765000297","88,34","88,157","0","24651417","9dc109b1e357269a6a40b1c07eabe230a2af97b70b54ba05bbfaff12f5dc9b29"
"595","fresh-dual-v1-0595","0","central","hfo-le","7","Confederation","1","3","88,34","88,157","1","7","297","central:hfo-le:7:1:7","3765000297","88,34","88,157","0","24651417","9dc109b1e357269a6a40b1c07eabe230a2af97b70b54ba05bbfaff12f5dc9b29"
"596","fresh-dual-v1-0596","0","central","hfo-le","7","Confederation","1","3","88,34","88,157","0","8","298","central:hfo-le:7:1:8","3765000298","88,34","88,157","0","24651417","9dc109b1e357269a6a40b1c07eabe230a2af97b70b54ba05bbfaff12f5dc9b29"
"597","fresh-dual-v1-0597","0","central","hfo-le","7","Confederation","1","3","88,34","88,157","1","8","298","central:hfo-le:7:1:8","3765000298","88,34","88,157","0","24651417","9dc109b1e357269a6a40b1c07eabe230a2af97b70b54ba05bbfaff12f5dc9b29"
"598","fresh-dual-v1-0598","0","central","hfo-le","7","Confederation","1","3","88,34","88,157","0","9","299","central:hfo-le:7:1:9","3765000299","88,34","88,157","0","24651417","9dc109b1e357269a6a40b1c07eabe230a2af97b70b54ba05bbfaff12f5dc9b29"
"599","fresh-dual-v1-0599","0","central","hfo-le","7","Confederation","1","3","88,34","88,157","1","9","299","central:hfo-le:7:1:9","3765000299","88,34","88,157","0","24651417","9dc109b1e357269a6a40b1c07eabe230a2af97b70b54ba05bbfaff12f5dc9b29"
"600","fresh-dual-v1-0600","0","central","hfo-le","7","Confederation","2","0","151,119","39,82","0","0","300","central:hfo-le:7:2:0","3765000300","151,119","39,82","0","24651417","9dc109b1e357269a6a40b1c07eabe230a2af97b70b54ba05bbfaff12f5dc9b29"
"601","fresh-dual-v1-0601","0","central","hfo-le","7","Confederation","2","0","151,119","39,82","1","0","300","central:hfo-le:7:2:0","3765000300","151,119","39,82","0","24651417","9dc109b1e357269a6a40b1c07eabe230a2af97b70b54ba05bbfaff12f5dc9b29"
"602","fresh-dual-v1-0602","0","central","hfo-le","7","Confederation","2","0","151,119","39,82","0","1","301","central:hfo-le:7:2:1","3765000301","151,119","39,82","0","24651417","9dc109b1e357269a6a40b1c07eabe230a2af97b70b54ba05bbfaff12f5dc9b29"
"603","fresh-dual-v1-0603","0","central","hfo-le","7","Confederation","2","0","151,119","39,82","1","1","301","central:hfo-le:7:2:1","3765000301","151,119","39,82","0","24651417","9dc109b1e357269a6a40b1c07eabe230a2af97b70b54ba05bbfaff12f5dc9b29"
"604","fresh-dual-v1-0604","0","central","hfo-le","7","Confederation","2","0","151,119","39,82","0","2","302","central:hfo-le:7:2:2","3765000302","151,119","39,82","0","24651417","9dc109b1e357269a6a40b1c07eabe230a2af97b70b54ba05bbfaff12f5dc9b29"
"605","fresh-dual-v1-0605","0","central","hfo-le","7","Confederation","2","0","151,119","39,82","1","2","302","central:hfo-le:7:2:2","3765000302","151,119","39,82","0","24651417","9dc109b1e357269a6a40b1c07eabe230a2af97b70b54ba05bbfaff12f5dc9b29"
"606","fresh-dual-v1-0606","0","central","hfo-le","7","Confederation","2","0","151,119","39,82","0","3","303","central:hfo-le:7:2:3","3765000303","151,119","39,82","0","24651417","9dc109b1e357269a6a40b1c07eabe230a2af97b70b54ba05bbfaff12f5dc9b29"
"607","fresh-dual-v1-0607","0","central","hfo-le","7","Confederation","2","0","151,119","39,82","1","3","303","central:hfo-le:7:2:3","3765000303","151,119","39,82","0","24651417","9dc109b1e357269a6a40b1c07eabe230a2af97b70b54ba05bbfaff12f5dc9b29"
"608","fresh-dual-v1-0608","0","central","hfo-le","7","Confederation","2","0","151,119","39,82","0","4","304","central:hfo-le:7:2:4","3765000304","151,119","39,82","0","24651417","9dc109b1e357269a6a40b1c07eabe230a2af97b70b54ba05bbfaff12f5dc9b29"
"609","fresh-dual-v1-0609","0","central","hfo-le","7","Confederation","2","0","151,119","39,82","1","4","304","central:hfo-le:7:2:4","3765000304","151,119","39,82","0","24651417","9dc109b1e357269a6a40b1c07eabe230a2af97b70b54ba05bbfaff12f5dc9b29"
"610","fresh-dual-v1-0610","0","central","hfo-le","7","Confederation","2","0","151,119","39,82","0","5","305","central:hfo-le:7:2:5","3765000305","151,119","39,82","0","24651417","9dc109b1e357269a6a40b1c07eabe230a2af97b70b54ba05bbfaff12f5dc9b29"
"611","fresh-dual-v1-0611","0","central","hfo-le","7","Confederation","2","0","151,119","39,82","1","5","305","central:hfo-le:7:2:5","3765000305","151,119","39,82","0","24651417","9dc109b1e357269a6a40b1c07eabe230a2af97b70b54ba05bbfaff12f5dc9b29"
"612","fresh-dual-v1-0612","0","central","hfo-le","7","Confederation","2","0","151,119","39,82","0","6","306","central:hfo-le:7:2:6","3765000306","151,119","39,82","0","24651417","9dc109b1e357269a6a40b1c07eabe230a2af97b70b54ba05bbfaff12f5dc9b29"
"613","fresh-dual-v1-0613","0","central","hfo-le","7","Confederation","2","0","151,119","39,82","1","6","306","central:hfo-le:7:2:6","3765000306","151,119","39,82","0","24651417","9dc109b1e357269a6a40b1c07eabe230a2af97b70b54ba05bbfaff12f5dc9b29"
"614","fresh-dual-v1-0614","0","central","hfo-le","7","Confederation","2","0","151,119","39,82","0","7","307","central:hfo-le:7:2:7","3765000307","151,119","39,82","0","24651417","9dc109b1e357269a6a40b1c07eabe230a2af97b70b54ba05bbfaff12f5dc9b29"
"615","fresh-dual-v1-0615","0","central","hfo-le","7","Confederation","2","0","151,119","39,82","1","7","307","central:hfo-le:7:2:7","3765000307","151,119","39,82","0","24651417","9dc109b1e357269a6a40b1c07eabe230a2af97b70b54ba05bbfaff12f5dc9b29"
"616","fresh-dual-v1-0616","0","central","hfo-le","7","Confederation","2","0","151,119","39,82","0","8","308","central:hfo-le:7:2:8","3765000308","151,119","39,82","0","24651417","9dc109b1e357269a6a40b1c07eabe230a2af97b70b54ba05bbfaff12f5dc9b29"
"617","fresh-dual-v1-0617","0","central","hfo-le","7","Confederation","2","0","151,119","39,82","1","8","308","central:hfo-le:7:2:8","3765000308","151,119","39,82","0","24651417","9dc109b1e357269a6a40b1c07eabe230a2af97b70b54ba05bbfaff12f5dc9b29"
"618","fresh-dual-v1-0618","0","central","hfo-le","7","Confederation","2","0","151,119","39,82","0","9","309","central:hfo-le:7:2:9","3765000309","151,119","39,82","0","24651417","9dc109b1e357269a6a40b1c07eabe230a2af97b70b54ba05bbfaff12f5dc9b29"
"619","fresh-dual-v1-0619","0","central","hfo-le","7","Confederation","2","0","151,119","39,82","1","9","309","central:hfo-le:7:2:9","3765000309","151,119","39,82","0","24651417","9dc109b1e357269a6a40b1c07eabe230a2af97b70b54ba05bbfaff12f5dc9b29"
"620","fresh-dual-v1-0620","0","central","hfo-le","7","Confederation","3","1","88,157","88,34","0","0","310","central:hfo-le:7:3:0","3765000310","88,157","88,34","0","24651417","9dc109b1e357269a6a40b1c07eabe230a2af97b70b54ba05bbfaff12f5dc9b29"
"621","fresh-dual-v1-0621","0","central","hfo-le","7","Confederation","3","1","88,157","88,34","1","0","310","central:hfo-le:7:3:0","3765000310","88,157","88,34","0","24651417","9dc109b1e357269a6a40b1c07eabe230a2af97b70b54ba05bbfaff12f5dc9b29"
"622","fresh-dual-v1-0622","0","central","hfo-le","7","Confederation","3","1","88,157","88,34","0","1","311","central:hfo-le:7:3:1","3765000311","88,157","88,34","0","24651417","9dc109b1e357269a6a40b1c07eabe230a2af97b70b54ba05bbfaff12f5dc9b29"
"623","fresh-dual-v1-0623","0","central","hfo-le","7","Confederation","3","1","88,157","88,34","1","1","311","central:hfo-le:7:3:1","3765000311","88,157","88,34","0","24651417","9dc109b1e357269a6a40b1c07eabe230a2af97b70b54ba05bbfaff12f5dc9b29"
"624","fresh-dual-v1-0624","0","central","hfo-le","7","Confederation","3","1","88,157","88,34","0","2","312","central:hfo-le:7:3:2","3765000312","88,157","88,34","0","24651417","9dc109b1e357269a6a40b1c07eabe230a2af97b70b54ba05bbfaff12f5dc9b29"
"625","fresh-dual-v1-0625","0","central","hfo-le","7","Confederation","3","1","88,157","88,34","1","2","312","central:hfo-le:7:3:2","3765000312","88,157","88,34","0","24651417","9dc109b1e357269a6a40b1c07eabe230a2af97b70b54ba05bbfaff12f5dc9b29"
"626","fresh-dual-v1-0626","0","central","hfo-le","7","Confederation","3","1","88,157","88,34","0","3","313","central:hfo-le:7:3:3","3765000313","88,157","88,34","0","24651417","9dc109b1e357269a6a40b1c07eabe230a2af97b70b54ba05bbfaff12f5dc9b29"
"627","fresh-dual-v1-0627","0","central","hfo-le","7","Confederation","3","1","88,157","88,34","1","3","313","central:hfo-le:7:3:3","3765000313","88,157","88,34","0","24651417","9dc109b1e357269a6a40b1c07eabe230a2af97b70b54ba05bbfaff12f5dc9b29"
"628","fresh-dual-v1-0628","0","central","hfo-le","7","Confederation","3","1","88,157","88,34","0","4","314","central:hfo-le:7:3:4","3765000314","88,157","88,34","0","24651417","9dc109b1e357269a6a40b1c07eabe230a2af97b70b54ba05bbfaff12f5dc9b29"
"629","fresh-dual-v1-0629","0","central","hfo-le","7","Confederation","3","1","88,157","88,34","1","4","314","central:hfo-le:7:3:4","3765000314","88,157","88,34","0","24651417","9dc109b1e357269a6a40b1c07eabe230a2af97b70b54ba05bbfaff12f5dc9b29"
"630","fresh-dual-v1-0630","0","central","hfo-le","7","Confederation","3","1","88,157","88,34","0","5","315","central:hfo-le:7:3:5","3765000315","88,157","88,34","0","24651417","9dc109b1e357269a6a40b1c07eabe230a2af97b70b54ba05bbfaff12f5dc9b29"
"631","fresh-dual-v1-0631","0","central","hfo-le","7","Confederation","3","1","88,157","88,34","1","5","315","central:hfo-le:7:3:5","3765000315","88,157","88,34","0","24651417","9dc109b1e357269a6a40b1c07eabe230a2af97b70b54ba05bbfaff12f5dc9b29"
"632","fresh-dual-v1-0632","0","central","hfo-le","7","Confederation","3","1","88,157","88,34","0","6","316","central:hfo-le:7:3:6","3765000316","88,157","88,34","0","24651417","9dc109b1e357269a6a40b1c07eabe230a2af97b70b54ba05bbfaff12f5dc9b29"
"633","fresh-dual-v1-0633","0","central","hfo-le","7","Confederation","3","1","88,157","88,34","1","6","316","central:hfo-le:7:3:6","3765000316","88,157","88,34","0","24651417","9dc109b1e357269a6a40b1c07eabe230a2af97b70b54ba05bbfaff12f5dc9b29"
"634","fresh-dual-v1-0634","0","central","hfo-le","7","Confederation","3","1","88,157","88,34","0","7","317","central:hfo-le:7:3:7","3765000317","88,157","88,34","0","24651417","9dc109b1e357269a6a40b1c07eabe230a2af97b70b54ba05bbfaff12f5dc9b29"
"635","fresh-dual-v1-0635","0","central","hfo-le","7","Confederation","3","1","88,157","88,34","1","7","317","central:hfo-le:7:3:7","3765000317","88,157","88,34","0","24651417","9dc109b1e357269a6a40b1c07eabe230a2af97b70b54ba05bbfaff12f5dc9b29"
"636","fresh-dual-v1-0636","0","central","hfo-le","7","Confederation","3","1","88,157","88,34","0","8","318","central:hfo-le:7:3:8","3765000318","88,157","88,34","0","24651417","9dc109b1e357269a6a40b1c07eabe230a2af97b70b54ba05bbfaff12f5dc9b29"
"637","fresh-dual-v1-0637","0","central","hfo-le","7","Confederation","3","1","88,157","88,34","1","8","318","central:hfo-le:7:3:8","3765000318","88,157","88,34","0","24651417","9dc109b1e357269a6a40b1c07eabe230a2af97b70b54ba05bbfaff12f5dc9b29"
"638","fresh-dual-v1-0638","0","central","hfo-le","7","Confederation","3","1","88,157","88,34","0","9","319","central:hfo-le:7:3:9","3765000319","88,157","88,34","0","24651417","9dc109b1e357269a6a40b1c07eabe230a2af97b70b54ba05bbfaff12f5dc9b29"
"639","fresh-dual-v1-0639","0","central","hfo-le","7","Confederation","3","1","88,157","88,34","1","9","319","central:hfo-le:7:3:9","3765000319","88,157","88,34","0","24651417","9dc109b1e357269a6a40b1c07eabe230a2af97b70b54ba05bbfaff12f5dc9b29"
"640","fresh-dual-v1-0640","0","central","hfo-le","8","Russians","0","2","39,82","151,119","0","0","320","central:hfo-le:8:0:0","3765000320","39,82","151,119","0","24651417","9dc109b1e357269a6a40b1c07eabe230a2af97b70b54ba05bbfaff12f5dc9b29"
"641","fresh-dual-v1-0641","0","central","hfo-le","8","Russians","0","2","39,82","151,119","1","0","320","central:hfo-le:8:0:0","3765000320","39,82","151,119","0","24651417","9dc109b1e357269a6a40b1c07eabe230a2af97b70b54ba05bbfaff12f5dc9b29"
"642","fresh-dual-v1-0642","0","central","hfo-le","8","Russians","0","2","39,82","151,119","0","1","321","central:hfo-le:8:0:1","3765000321","39,82","151,119","0","24651417","9dc109b1e357269a6a40b1c07eabe230a2af97b70b54ba05bbfaff12f5dc9b29"
"643","fresh-dual-v1-0643","0","central","hfo-le","8","Russians","0","2","39,82","151,119","1","1","321","central:hfo-le:8:0:1","3765000321","39,82","151,119","0","24651417","9dc109b1e357269a6a40b1c07eabe230a2af97b70b54ba05bbfaff12f5dc9b29"
"644","fresh-dual-v1-0644","0","central","hfo-le","8","Russians","0","2","39,82","151,119","0","2","322","central:hfo-le:8:0:2","3765000322","39,82","151,119","0","24651417","9dc109b1e357269a6a40b1c07eabe230a2af97b70b54ba05bbfaff12f5dc9b29"
"645","fresh-dual-v1-0645","0","central","hfo-le","8","Russians","0","2","39,82","151,119","1","2","322","central:hfo-le:8:0:2","3765000322","39,82","151,119","0","24651417","9dc109b1e357269a6a40b1c07eabe230a2af97b70b54ba05bbfaff12f5dc9b29"
"646","fresh-dual-v1-0646","0","central","hfo-le","8","Russians","0","2","39,82","151,119","0","3","323","central:hfo-le:8:0:3","3765000323","39,82","151,119","0","24651417","9dc109b1e357269a6a40b1c07eabe230a2af97b70b54ba05bbfaff12f5dc9b29"
"647","fresh-dual-v1-0647","0","central","hfo-le","8","Russians","0","2","39,82","151,119","1","3","323","central:hfo-le:8:0:3","3765000323","39,82","151,119","0","24651417","9dc109b1e357269a6a40b1c07eabe230a2af97b70b54ba05bbfaff12f5dc9b29"
"648","fresh-dual-v1-0648","0","central","hfo-le","8","Russians","0","2","39,82","151,119","0","4","324","central:hfo-le:8:0:4","3765000324","39,82","151,119","0","24651417","9dc109b1e357269a6a40b1c07eabe230a2af97b70b54ba05bbfaff12f5dc9b29"
"649","fresh-dual-v1-0649","0","central","hfo-le","8","Russians","0","2","39,82","151,119","1","4","324","central:hfo-le:8:0:4","3765000324","39,82","151,119","0","24651417","9dc109b1e357269a6a40b1c07eabe230a2af97b70b54ba05bbfaff12f5dc9b29"
"650","fresh-dual-v1-0650","0","central","hfo-le","8","Russians","0","2","39,82","151,119","0","5","325","central:hfo-le:8:0:5","3765000325","39,82","151,119","0","24651417","9dc109b1e357269a6a40b1c07eabe230a2af97b70b54ba05bbfaff12f5dc9b29"
"651","fresh-dual-v1-0651","0","central","hfo-le","8","Russians","0","2","39,82","151,119","1","5","325","central:hfo-le:8:0:5","3765000325","39,82","151,119","0","24651417","9dc109b1e357269a6a40b1c07eabe230a2af97b70b54ba05bbfaff12f5dc9b29"
"652","fresh-dual-v1-0652","0","central","hfo-le","8","Russians","0","2","39,82","151,119","0","6","326","central:hfo-le:8:0:6","3765000326","39,82","151,119","0","24651417","9dc109b1e357269a6a40b1c07eabe230a2af97b70b54ba05bbfaff12f5dc9b29"
"653","fresh-dual-v1-0653","0","central","hfo-le","8","Russians","0","2","39,82","151,119","1","6","326","central:hfo-le:8:0:6","3765000326","39,82","151,119","0","24651417","9dc109b1e357269a6a40b1c07eabe230a2af97b70b54ba05bbfaff12f5dc9b29"
"654","fresh-dual-v1-0654","0","central","hfo-le","8","Russians","0","2","39,82","151,119","0","7","327","central:hfo-le:8:0:7","3765000327","39,82","151,119","0","24651417","9dc109b1e357269a6a40b1c07eabe230a2af97b70b54ba05bbfaff12f5dc9b29"
"655","fresh-dual-v1-0655","0","central","hfo-le","8","Russians","0","2","39,82","151,119","1","7","327","central:hfo-le:8:0:7","3765000327","39,82","151,119","0","24651417","9dc109b1e357269a6a40b1c07eabe230a2af97b70b54ba05bbfaff12f5dc9b29"
"656","fresh-dual-v1-0656","0","central","hfo-le","8","Russians","0","2","39,82","151,119","0","8","328","central:hfo-le:8:0:8","3765000328","39,82","151,119","0","24651417","9dc109b1e357269a6a40b1c07eabe230a2af97b70b54ba05bbfaff12f5dc9b29"
"657","fresh-dual-v1-0657","0","central","hfo-le","8","Russians","0","2","39,82","151,119","1","8","328","central:hfo-le:8:0:8","3765000328","39,82","151,119","0","24651417","9dc109b1e357269a6a40b1c07eabe230a2af97b70b54ba05bbfaff12f5dc9b29"
"658","fresh-dual-v1-0658","0","central","hfo-le","8","Russians","0","2","39,82","151,119","0","9","329","central:hfo-le:8:0:9","3765000329","39,82","151,119","0","24651417","9dc109b1e357269a6a40b1c07eabe230a2af97b70b54ba05bbfaff12f5dc9b29"
"659","fresh-dual-v1-0659","0","central","hfo-le","8","Russians","0","2","39,82","151,119","1","9","329","central:hfo-le:8:0:9","3765000329","39,82","151,119","0","24651417","9dc109b1e357269a6a40b1c07eabe230a2af97b70b54ba05bbfaff12f5dc9b29"
"660","fresh-dual-v1-0660","0","central","hfo-le","8","Russians","1","3","88,34","88,157","0","0","330","central:hfo-le:8:1:0","3765000330","88,34","88,157","0","24651417","9dc109b1e357269a6a40b1c07eabe230a2af97b70b54ba05bbfaff12f5dc9b29"
"661","fresh-dual-v1-0661","0","central","hfo-le","8","Russians","1","3","88,34","88,157","1","0","330","central:hfo-le:8:1:0","3765000330","88,34","88,157","0","24651417","9dc109b1e357269a6a40b1c07eabe230a2af97b70b54ba05bbfaff12f5dc9b29"
"662","fresh-dual-v1-0662","0","central","hfo-le","8","Russians","1","3","88,34","88,157","0","1","331","central:hfo-le:8:1:1","3765000331","88,34","88,157","0","24651417","9dc109b1e357269a6a40b1c07eabe230a2af97b70b54ba05bbfaff12f5dc9b29"
"663","fresh-dual-v1-0663","0","central","hfo-le","8","Russians","1","3","88,34","88,157","1","1","331","central:hfo-le:8:1:1","3765000331","88,34","88,157","0","24651417","9dc109b1e357269a6a40b1c07eabe230a2af97b70b54ba05bbfaff12f5dc9b29"
"664","fresh-dual-v1-0664","0","central","hfo-le","8","Russians","1","3","88,34","88,157","0","2","332","central:hfo-le:8:1:2","3765000332","88,34","88,157","0","24651417","9dc109b1e357269a6a40b1c07eabe230a2af97b70b54ba05bbfaff12f5dc9b29"
"665","fresh-dual-v1-0665","0","central","hfo-le","8","Russians","1","3","88,34","88,157","1","2","332","central:hfo-le:8:1:2","3765000332","88,34","88,157","0","24651417","9dc109b1e357269a6a40b1c07eabe230a2af97b70b54ba05bbfaff12f5dc9b29"
"666","fresh-dual-v1-0666","0","central","hfo-le","8","Russians","1","3","88,34","88,157","0","3","333","central:hfo-le:8:1:3","3765000333","88,34","88,157","0","24651417","9dc109b1e357269a6a40b1c07eabe230a2af97b70b54ba05bbfaff12f5dc9b29"
"667","fresh-dual-v1-0667","0","central","hfo-le","8","Russians","1","3","88,34","88,157","1","3","333","central:hfo-le:8:1:3","3765000333","88,34","88,157","0","24651417","9dc109b1e357269a6a40b1c07eabe230a2af97b70b54ba05bbfaff12f5dc9b29"
"668","fresh-dual-v1-0668","0","central","hfo-le","8","Russians","1","3","88,34","88,157","0","4","334","central:hfo-le:8:1:4","3765000334","88,34","88,157","0","24651417","9dc109b1e357269a6a40b1c07eabe230a2af97b70b54ba05bbfaff12f5dc9b29"
"669","fresh-dual-v1-0669","0","central","hfo-le","8","Russians","1","3","88,34","88,157","1","4","334","central:hfo-le:8:1:4","3765000334","88,34","88,157","0","24651417","9dc109b1e357269a6a40b1c07eabe230a2af97b70b54ba05bbfaff12f5dc9b29"
"670","fresh-dual-v1-0670","0","central","hfo-le","8","Russians","1","3","88,34","88,157","0","5","335","central:hfo-le:8:1:5","3765000335","88,34","88,157","0","24651417","9dc109b1e357269a6a40b1c07eabe230a2af97b70b54ba05bbfaff12f5dc9b29"
"671","fresh-dual-v1-0671","0","central","hfo-le","8","Russians","1","3","88,34","88,157","1","5","335","central:hfo-le:8:1:5","3765000335","88,34","88,157","0","24651417","9dc109b1e357269a6a40b1c07eabe230a2af97b70b54ba05bbfaff12f5dc9b29"
"672","fresh-dual-v1-0672","0","central","hfo-le","8","Russians","1","3","88,34","88,157","0","6","336","central:hfo-le:8:1:6","3765000336","88,34","88,157","0","24651417","9dc109b1e357269a6a40b1c07eabe230a2af97b70b54ba05bbfaff12f5dc9b29"
"673","fresh-dual-v1-0673","0","central","hfo-le","8","Russians","1","3","88,34","88,157","1","6","336","central:hfo-le:8:1:6","3765000336","88,34","88,157","0","24651417","9dc109b1e357269a6a40b1c07eabe230a2af97b70b54ba05bbfaff12f5dc9b29"
"674","fresh-dual-v1-0674","0","central","hfo-le","8","Russians","1","3","88,34","88,157","0","7","337","central:hfo-le:8:1:7","3765000337","88,34","88,157","0","24651417","9dc109b1e357269a6a40b1c07eabe230a2af97b70b54ba05bbfaff12f5dc9b29"
"675","fresh-dual-v1-0675","0","central","hfo-le","8","Russians","1","3","88,34","88,157","1","7","337","central:hfo-le:8:1:7","3765000337","88,34","88,157","0","24651417","9dc109b1e357269a6a40b1c07eabe230a2af97b70b54ba05bbfaff12f5dc9b29"
"676","fresh-dual-v1-0676","0","central","hfo-le","8","Russians","1","3","88,34","88,157","0","8","338","central:hfo-le:8:1:8","3765000338","88,34","88,157","0","24651417","9dc109b1e357269a6a40b1c07eabe230a2af97b70b54ba05bbfaff12f5dc9b29"
"677","fresh-dual-v1-0677","0","central","hfo-le","8","Russians","1","3","88,34","88,157","1","8","338","central:hfo-le:8:1:8","3765000338","88,34","88,157","0","24651417","9dc109b1e357269a6a40b1c07eabe230a2af97b70b54ba05bbfaff12f5dc9b29"
"678","fresh-dual-v1-0678","0","central","hfo-le","8","Russians","1","3","88,34","88,157","0","9","339","central:hfo-le:8:1:9","3765000339","88,34","88,157","0","24651417","9dc109b1e357269a6a40b1c07eabe230a2af97b70b54ba05bbfaff12f5dc9b29"
"679","fresh-dual-v1-0679","0","central","hfo-le","8","Russians","1","3","88,34","88,157","1","9","339","central:hfo-le:8:1:9","3765000339","88,34","88,157","0","24651417","9dc109b1e357269a6a40b1c07eabe230a2af97b70b54ba05bbfaff12f5dc9b29"
"680","fresh-dual-v1-0680","0","central","hfo-le","8","Russians","2","0","151,119","39,82","0","0","340","central:hfo-le:8:2:0","3765000340","151,119","39,82","0","24651417","9dc109b1e357269a6a40b1c07eabe230a2af97b70b54ba05bbfaff12f5dc9b29"
"681","fresh-dual-v1-0681","0","central","hfo-le","8","Russians","2","0","151,119","39,82","1","0","340","central:hfo-le:8:2:0","3765000340","151,119","39,82","0","24651417","9dc109b1e357269a6a40b1c07eabe230a2af97b70b54ba05bbfaff12f5dc9b29"
"682","fresh-dual-v1-0682","0","central","hfo-le","8","Russians","2","0","151,119","39,82","0","1","341","central:hfo-le:8:2:1","3765000341","151,119","39,82","0","24651417","9dc109b1e357269a6a40b1c07eabe230a2af97b70b54ba05bbfaff12f5dc9b29"
"683","fresh-dual-v1-0683","0","central","hfo-le","8","Russians","2","0","151,119","39,82","1","1","341","central:hfo-le:8:2:1","3765000341","151,119","39,82","0","24651417","9dc109b1e357269a6a40b1c07eabe230a2af97b70b54ba05bbfaff12f5dc9b29"
"684","fresh-dual-v1-0684","0","central","hfo-le","8","Russians","2","0","151,119","39,82","0","2","342","central:hfo-le:8:2:2","3765000342","151,119","39,82","0","24651417","9dc109b1e357269a6a40b1c07eabe230a2af97b70b54ba05bbfaff12f5dc9b29"
"685","fresh-dual-v1-0685","0","central","hfo-le","8","Russians","2","0","151,119","39,82","1","2","342","central:hfo-le:8:2:2","3765000342","151,119","39,82","0","24651417","9dc109b1e357269a6a40b1c07eabe230a2af97b70b54ba05bbfaff12f5dc9b29"
"686","fresh-dual-v1-0686","0","central","hfo-le","8","Russians","2","0","151,119","39,82","0","3","343","central:hfo-le:8:2:3","3765000343","151,119","39,82","0","24651417","9dc109b1e357269a6a40b1c07eabe230a2af97b70b54ba05bbfaff12f5dc9b29"
"687","fresh-dual-v1-0687","0","central","hfo-le","8","Russians","2","0","151,119","39,82","1","3","343","central:hfo-le:8:2:3","3765000343","151,119","39,82","0","24651417","9dc109b1e357269a6a40b1c07eabe230a2af97b70b54ba05bbfaff12f5dc9b29"
"688","fresh-dual-v1-0688","0","central","hfo-le","8","Russians","2","0","151,119","39,82","0","4","344","central:hfo-le:8:2:4","3765000344","151,119","39,82","0","24651417","9dc109b1e357269a6a40b1c07eabe230a2af97b70b54ba05bbfaff12f5dc9b29"
"689","fresh-dual-v1-0689","0","central","hfo-le","8","Russians","2","0","151,119","39,82","1","4","344","central:hfo-le:8:2:4","3765000344","151,119","39,82","0","24651417","9dc109b1e357269a6a40b1c07eabe230a2af97b70b54ba05bbfaff12f5dc9b29"
"690","fresh-dual-v1-0690","0","central","hfo-le","8","Russians","2","0","151,119","39,82","0","5","345","central:hfo-le:8:2:5","3765000345","151,119","39,82","0","24651417","9dc109b1e357269a6a40b1c07eabe230a2af97b70b54ba05bbfaff12f5dc9b29"
"691","fresh-dual-v1-0691","0","central","hfo-le","8","Russians","2","0","151,119","39,82","1","5","345","central:hfo-le:8:2:5","3765000345","151,119","39,82","0","24651417","9dc109b1e357269a6a40b1c07eabe230a2af97b70b54ba05bbfaff12f5dc9b29"
"692","fresh-dual-v1-0692","0","central","hfo-le","8","Russians","2","0","151,119","39,82","0","6","346","central:hfo-le:8:2:6","3765000346","151,119","39,82","0","24651417","9dc109b1e357269a6a40b1c07eabe230a2af97b70b54ba05bbfaff12f5dc9b29"
"693","fresh-dual-v1-0693","0","central","hfo-le","8","Russians","2","0","151,119","39,82","1","6","346","central:hfo-le:8:2:6","3765000346","151,119","39,82","0","24651417","9dc109b1e357269a6a40b1c07eabe230a2af97b70b54ba05bbfaff12f5dc9b29"
"694","fresh-dual-v1-0694","0","central","hfo-le","8","Russians","2","0","151,119","39,82","0","7","347","central:hfo-le:8:2:7","3765000347","151,119","39,82","0","24651417","9dc109b1e357269a6a40b1c07eabe230a2af97b70b54ba05bbfaff12f5dc9b29"
"695","fresh-dual-v1-0695","0","central","hfo-le","8","Russians","2","0","151,119","39,82","1","7","347","central:hfo-le:8:2:7","3765000347","151,119","39,82","0","24651417","9dc109b1e357269a6a40b1c07eabe230a2af97b70b54ba05bbfaff12f5dc9b29"
"696","fresh-dual-v1-0696","0","central","hfo-le","8","Russians","2","0","151,119","39,82","0","8","348","central:hfo-le:8:2:8","3765000348","151,119","39,82","0","24651417","9dc109b1e357269a6a40b1c07eabe230a2af97b70b54ba05bbfaff12f5dc9b29"
"697","fresh-dual-v1-0697","0","central","hfo-le","8","Russians","2","0","151,119","39,82","1","8","348","central:hfo-le:8:2:8","3765000348","151,119","39,82","0","24651417","9dc109b1e357269a6a40b1c07eabe230a2af97b70b54ba05bbfaff12f5dc9b29"
"698","fresh-dual-v1-0698","0","central","hfo-le","8","Russians","2","0","151,119","39,82","0","9","349","central:hfo-le:8:2:9","3765000349","151,119","39,82","0","24651417","9dc109b1e357269a6a40b1c07eabe230a2af97b70b54ba05bbfaff12f5dc9b29"
"699","fresh-dual-v1-0699","0","central","hfo-le","8","Russians","2","0","151,119","39,82","1","9","349","central:hfo-le:8:2:9","3765000349","151,119","39,82","0","24651417","9dc109b1e357269a6a40b1c07eabe230a2af97b70b54ba05bbfaff12f5dc9b29"
"700","fresh-dual-v1-0700","0","central","hfo-le","8","Russians","3","1","88,157","88,34","0","0","350","central:hfo-le:8:3:0","3765000350","88,157","88,34","0","24651417","9dc109b1e357269a6a40b1c07eabe230a2af97b70b54ba05bbfaff12f5dc9b29"
"701","fresh-dual-v1-0701","0","central","hfo-le","8","Russians","3","1","88,157","88,34","1","0","350","central:hfo-le:8:3:0","3765000350","88,157","88,34","0","24651417","9dc109b1e357269a6a40b1c07eabe230a2af97b70b54ba05bbfaff12f5dc9b29"
"702","fresh-dual-v1-0702","0","central","hfo-le","8","Russians","3","1","88,157","88,34","0","1","351","central:hfo-le:8:3:1","3765000351","88,157","88,34","0","24651417","9dc109b1e357269a6a40b1c07eabe230a2af97b70b54ba05bbfaff12f5dc9b29"
"703","fresh-dual-v1-0703","0","central","hfo-le","8","Russians","3","1","88,157","88,34","1","1","351","central:hfo-le:8:3:1","3765000351","88,157","88,34","0","24651417","9dc109b1e357269a6a40b1c07eabe230a2af97b70b54ba05bbfaff12f5dc9b29"
"704","fresh-dual-v1-0704","0","central","hfo-le","8","Russians","3","1","88,157","88,34","0","2","352","central:hfo-le:8:3:2","3765000352","88,157","88,34","0","24651417","9dc109b1e357269a6a40b1c07eabe230a2af97b70b54ba05bbfaff12f5dc9b29"
"705","fresh-dual-v1-0705","0","central","hfo-le","8","Russians","3","1","88,157","88,34","1","2","352","central:hfo-le:8:3:2","3765000352","88,157","88,34","0","24651417","9dc109b1e357269a6a40b1c07eabe230a2af97b70b54ba05bbfaff12f5dc9b29"
"706","fresh-dual-v1-0706","0","central","hfo-le","8","Russians","3","1","88,157","88,34","0","3","353","central:hfo-le:8:3:3","3765000353","88,157","88,34","0","24651417","9dc109b1e357269a6a40b1c07eabe230a2af97b70b54ba05bbfaff12f5dc9b29"
"707","fresh-dual-v1-0707","0","central","hfo-le","8","Russians","3","1","88,157","88,34","1","3","353","central:hfo-le:8:3:3","3765000353","88,157","88,34","0","24651417","9dc109b1e357269a6a40b1c07eabe230a2af97b70b54ba05bbfaff12f5dc9b29"
"708","fresh-dual-v1-0708","0","central","hfo-le","8","Russians","3","1","88,157","88,34","0","4","354","central:hfo-le:8:3:4","3765000354","88,157","88,34","0","24651417","9dc109b1e357269a6a40b1c07eabe230a2af97b70b54ba05bbfaff12f5dc9b29"
"709","fresh-dual-v1-0709","0","central","hfo-le","8","Russians","3","1","88,157","88,34","1","4","354","central:hfo-le:8:3:4","3765000354","88,157","88,34","0","24651417","9dc109b1e357269a6a40b1c07eabe230a2af97b70b54ba05bbfaff12f5dc9b29"
"710","fresh-dual-v1-0710","0","central","hfo-le","8","Russians","3","1","88,157","88,34","0","5","355","central:hfo-le:8:3:5","3765000355","88,157","88,34","0","24651417","9dc109b1e357269a6a40b1c07eabe230a2af97b70b54ba05bbfaff12f5dc9b29"
"711","fresh-dual-v1-0711","0","central","hfo-le","8","Russians","3","1","88,157","88,34","1","5","355","central:hfo-le:8:3:5","3765000355","88,157","88,34","0","24651417","9dc109b1e357269a6a40b1c07eabe230a2af97b70b54ba05bbfaff12f5dc9b29"
"712","fresh-dual-v1-0712","0","central","hfo-le","8","Russians","3","1","88,157","88,34","0","6","356","central:hfo-le:8:3:6","3765000356","88,157","88,34","0","24651417","9dc109b1e357269a6a40b1c07eabe230a2af97b70b54ba05bbfaff12f5dc9b29"
"713","fresh-dual-v1-0713","0","central","hfo-le","8","Russians","3","1","88,157","88,34","1","6","356","central:hfo-le:8:3:6","3765000356","88,157","88,34","0","24651417","9dc109b1e357269a6a40b1c07eabe230a2af97b70b54ba05bbfaff12f5dc9b29"
"714","fresh-dual-v1-0714","0","central","hfo-le","8","Russians","3","1","88,157","88,34","0","7","357","central:hfo-le:8:3:7","3765000357","88,157","88,34","0","24651417","9dc109b1e357269a6a40b1c07eabe230a2af97b70b54ba05bbfaff12f5dc9b29"
"715","fresh-dual-v1-0715","0","central","hfo-le","8","Russians","3","1","88,157","88,34","1","7","357","central:hfo-le:8:3:7","3765000357","88,157","88,34","0","24651417","9dc109b1e357269a6a40b1c07eabe230a2af97b70b54ba05bbfaff12f5dc9b29"
"716","fresh-dual-v1-0716","0","central","hfo-le","8","Russians","3","1","88,157","88,34","0","8","358","central:hfo-le:8:3:8","3765000358","88,157","88,34","0","24651417","9dc109b1e357269a6a40b1c07eabe230a2af97b70b54ba05bbfaff12f5dc9b29"
"717","fresh-dual-v1-0717","0","central","hfo-le","8","Russians","3","1","88,157","88,34","1","8","358","central:hfo-le:8:3:8","3765000358","88,157","88,34","0","24651417","9dc109b1e357269a6a40b1c07eabe230a2af97b70b54ba05bbfaff12f5dc9b29"
"718","fresh-dual-v1-0718","0","central","hfo-le","8","Russians","3","1","88,157","88,34","0","9","359","central:hfo-le:8:3:9","3765000359","88,157","88,34","0","24651417","9dc109b1e357269a6a40b1c07eabe230a2af97b70b54ba05bbfaff12f5dc9b29"
"719","fresh-dual-v1-0719","0","central","hfo-le","8","Russians","3","1","88,157","88,34","1","9","359","central:hfo-le:8:3:9","3765000359","88,157","88,34","0","24651417","9dc109b1e357269a6a40b1c07eabe230a2af97b70b54ba05bbfaff12f5dc9b29"
"720","fresh-dual-v1-0720","1","peak","peak","0","Americans","0","1","118,73","37,73","0","0","0","peak:peak:0:0:0","3766000000","118,73","37,73","0","24651418","ded94549bf0a3d06a92e8cb47ca32647369f6eb9223c10d767268007d6501673"
"721","fresh-dual-v1-0721","1","peak","peak","0","Americans","0","1","118,73","37,73","1","0","0","peak:peak:0:0:0","3766000000","118,73","37,73","0","24651418","ded94549bf0a3d06a92e8cb47ca32647369f6eb9223c10d767268007d6501673"
"722","fresh-dual-v1-0722","1","peak","peak","0","Americans","0","1","118,73","37,73","0","1","1","peak:peak:0:0:1","3766000001","118,73","37,73","0","24651418","ded94549bf0a3d06a92e8cb47ca32647369f6eb9223c10d767268007d6501673"
"723","fresh-dual-v1-0723","1","peak","peak","0","Americans","0","1","118,73","37,73","1","1","1","peak:peak:0:0:1","3766000001","118,73","37,73","0","24651418","ded94549bf0a3d06a92e8cb47ca32647369f6eb9223c10d767268007d6501673"
"724","fresh-dual-v1-0724","1","peak","peak","0","Americans","0","1","118,73","37,73","0","2","2","peak:peak:0:0:2","3766000002","118,73","37,73","0","24651418","ded94549bf0a3d06a92e8cb47ca32647369f6eb9223c10d767268007d6501673"
"725","fresh-dual-v1-0725","1","peak","peak","0","Americans","0","1","118,73","37,73","1","2","2","peak:peak:0:0:2","3766000002","118,73","37,73","0","24651418","ded94549bf0a3d06a92e8cb47ca32647369f6eb9223c10d767268007d6501673"
"726","fresh-dual-v1-0726","1","peak","peak","0","Americans","0","1","118,73","37,73","0","3","3","peak:peak:0:0:3","3766000003","118,73","37,73","0","24651418","ded94549bf0a3d06a92e8cb47ca32647369f6eb9223c10d767268007d6501673"
"727","fresh-dual-v1-0727","1","peak","peak","0","Americans","0","1","118,73","37,73","1","3","3","peak:peak:0:0:3","3766000003","118,73","37,73","0","24651418","ded94549bf0a3d06a92e8cb47ca32647369f6eb9223c10d767268007d6501673"
"728","fresh-dual-v1-0728","1","peak","peak","0","Americans","0","1","118,73","37,73","0","4","4","peak:peak:0:0:4","3766000004","118,73","37,73","0","24651418","ded94549bf0a3d06a92e8cb47ca32647369f6eb9223c10d767268007d6501673"
"729","fresh-dual-v1-0729","1","peak","peak","0","Americans","0","1","118,73","37,73","1","4","4","peak:peak:0:0:4","3766000004","118,73","37,73","0","24651418","ded94549bf0a3d06a92e8cb47ca32647369f6eb9223c10d767268007d6501673"
"730","fresh-dual-v1-0730","1","peak","peak","0","Americans","1","0","37,73","118,73","0","0","5","peak:peak:0:1:0","3766000005","37,73","118,73","0","24651418","ded94549bf0a3d06a92e8cb47ca32647369f6eb9223c10d767268007d6501673"
"731","fresh-dual-v1-0731","1","peak","peak","0","Americans","1","0","37,73","118,73","1","0","5","peak:peak:0:1:0","3766000005","37,73","118,73","0","24651418","ded94549bf0a3d06a92e8cb47ca32647369f6eb9223c10d767268007d6501673"
"732","fresh-dual-v1-0732","1","peak","peak","0","Americans","1","0","37,73","118,73","0","1","6","peak:peak:0:1:1","3766000006","37,73","118,73","0","24651418","ded94549bf0a3d06a92e8cb47ca32647369f6eb9223c10d767268007d6501673"
"733","fresh-dual-v1-0733","1","peak","peak","0","Americans","1","0","37,73","118,73","1","1","6","peak:peak:0:1:1","3766000006","37,73","118,73","0","24651418","ded94549bf0a3d06a92e8cb47ca32647369f6eb9223c10d767268007d6501673"
"734","fresh-dual-v1-0734","1","peak","peak","0","Americans","1","0","37,73","118,73","0","2","7","peak:peak:0:1:2","3766000007","37,73","118,73","0","24651418","ded94549bf0a3d06a92e8cb47ca32647369f6eb9223c10d767268007d6501673"
"735","fresh-dual-v1-0735","1","peak","peak","0","Americans","1","0","37,73","118,73","1","2","7","peak:peak:0:1:2","3766000007","37,73","118,73","0","24651418","ded94549bf0a3d06a92e8cb47ca32647369f6eb9223c10d767268007d6501673"
"736","fresh-dual-v1-0736","1","peak","peak","0","Americans","1","0","37,73","118,73","0","3","8","peak:peak:0:1:3","3766000008","37,73","118,73","0","24651418","ded94549bf0a3d06a92e8cb47ca32647369f6eb9223c10d767268007d6501673"
"737","fresh-dual-v1-0737","1","peak","peak","0","Americans","1","0","37,73","118,73","1","3","8","peak:peak:0:1:3","3766000008","37,73","118,73","0","24651418","ded94549bf0a3d06a92e8cb47ca32647369f6eb9223c10d767268007d6501673"
"738","fresh-dual-v1-0738","1","peak","peak","0","Americans","1","0","37,73","118,73","0","4","9","peak:peak:0:1:4","3766000009","37,73","118,73","0","24651418","ded94549bf0a3d06a92e8cb47ca32647369f6eb9223c10d767268007d6501673"
"739","fresh-dual-v1-0739","1","peak","peak","0","Americans","1","0","37,73","118,73","1","4","9","peak:peak:0:1:4","3766000009","37,73","118,73","0","24651418","ded94549bf0a3d06a92e8cb47ca32647369f6eb9223c10d767268007d6501673"
"740","fresh-dual-v1-0740","1","peak","peak","1","Alliance","0","1","118,73","37,73","0","0","10","peak:peak:1:0:0","3766000010","118,73","37,73","0","24651418","ded94549bf0a3d06a92e8cb47ca32647369f6eb9223c10d767268007d6501673"
"741","fresh-dual-v1-0741","1","peak","peak","1","Alliance","0","1","118,73","37,73","1","0","10","peak:peak:1:0:0","3766000010","118,73","37,73","0","24651418","ded94549bf0a3d06a92e8cb47ca32647369f6eb9223c10d767268007d6501673"
"742","fresh-dual-v1-0742","1","peak","peak","1","Alliance","0","1","118,73","37,73","0","1","11","peak:peak:1:0:1","3766000011","118,73","37,73","0","24651418","ded94549bf0a3d06a92e8cb47ca32647369f6eb9223c10d767268007d6501673"
"743","fresh-dual-v1-0743","1","peak","peak","1","Alliance","0","1","118,73","37,73","1","1","11","peak:peak:1:0:1","3766000011","118,73","37,73","0","24651418","ded94549bf0a3d06a92e8cb47ca32647369f6eb9223c10d767268007d6501673"
"744","fresh-dual-v1-0744","1","peak","peak","1","Alliance","0","1","118,73","37,73","0","2","12","peak:peak:1:0:2","3766000012","118,73","37,73","0","24651418","ded94549bf0a3d06a92e8cb47ca32647369f6eb9223c10d767268007d6501673"
"745","fresh-dual-v1-0745","1","peak","peak","1","Alliance","0","1","118,73","37,73","1","2","12","peak:peak:1:0:2","3766000012","118,73","37,73","0","24651418","ded94549bf0a3d06a92e8cb47ca32647369f6eb9223c10d767268007d6501673"
"746","fresh-dual-v1-0746","1","peak","peak","1","Alliance","0","1","118,73","37,73","0","3","13","peak:peak:1:0:3","3766000013","118,73","37,73","0","24651418","ded94549bf0a3d06a92e8cb47ca32647369f6eb9223c10d767268007d6501673"
"747","fresh-dual-v1-0747","1","peak","peak","1","Alliance","0","1","118,73","37,73","1","3","13","peak:peak:1:0:3","3766000013","118,73","37,73","0","24651418","ded94549bf0a3d06a92e8cb47ca32647369f6eb9223c10d767268007d6501673"
"748","fresh-dual-v1-0748","1","peak","peak","1","Alliance","0","1","118,73","37,73","0","4","14","peak:peak:1:0:4","3766000014","118,73","37,73","0","24651418","ded94549bf0a3d06a92e8cb47ca32647369f6eb9223c10d767268007d6501673"
"749","fresh-dual-v1-0749","1","peak","peak","1","Alliance","0","1","118,73","37,73","1","4","14","peak:peak:1:0:4","3766000014","118,73","37,73","0","24651418","ded94549bf0a3d06a92e8cb47ca32647369f6eb9223c10d767268007d6501673"
"750","fresh-dual-v1-0750","1","peak","peak","1","Alliance","1","0","37,73","118,73","0","0","15","peak:peak:1:1:0","3766000015","37,73","118,73","0","24651418","ded94549bf0a3d06a92e8cb47ca32647369f6eb9223c10d767268007d6501673"
"751","fresh-dual-v1-0751","1","peak","peak","1","Alliance","1","0","37,73","118,73","1","0","15","peak:peak:1:1:0","3766000015","37,73","118,73","0","24651418","ded94549bf0a3d06a92e8cb47ca32647369f6eb9223c10d767268007d6501673"
"752","fresh-dual-v1-0752","1","peak","peak","1","Alliance","1","0","37,73","118,73","0","1","16","peak:peak:1:1:1","3766000016","37,73","118,73","0","24651418","ded94549bf0a3d06a92e8cb47ca32647369f6eb9223c10d767268007d6501673"
"753","fresh-dual-v1-0753","1","peak","peak","1","Alliance","1","0","37,73","118,73","1","1","16","peak:peak:1:1:1","3766000016","37,73","118,73","0","24651418","ded94549bf0a3d06a92e8cb47ca32647369f6eb9223c10d767268007d6501673"
"754","fresh-dual-v1-0754","1","peak","peak","1","Alliance","1","0","37,73","118,73","0","2","17","peak:peak:1:1:2","3766000017","37,73","118,73","0","24651418","ded94549bf0a3d06a92e8cb47ca32647369f6eb9223c10d767268007d6501673"
"755","fresh-dual-v1-0755","1","peak","peak","1","Alliance","1","0","37,73","118,73","1","2","17","peak:peak:1:1:2","3766000017","37,73","118,73","0","24651418","ded94549bf0a3d06a92e8cb47ca32647369f6eb9223c10d767268007d6501673"
"756","fresh-dual-v1-0756","1","peak","peak","1","Alliance","1","0","37,73","118,73","0","3","18","peak:peak:1:1:3","3766000018","37,73","118,73","0","24651418","ded94549bf0a3d06a92e8cb47ca32647369f6eb9223c10d767268007d6501673"
"757","fresh-dual-v1-0757","1","peak","peak","1","Alliance","1","0","37,73","118,73","1","3","18","peak:peak:1:1:3","3766000018","37,73","118,73","0","24651418","ded94549bf0a3d06a92e8cb47ca32647369f6eb9223c10d767268007d6501673"
"758","fresh-dual-v1-0758","1","peak","peak","1","Alliance","1","0","37,73","118,73","0","4","19","peak:peak:1:1:4","3766000019","37,73","118,73","0","24651418","ded94549bf0a3d06a92e8cb47ca32647369f6eb9223c10d767268007d6501673"
"759","fresh-dual-v1-0759","1","peak","peak","1","Alliance","1","0","37,73","118,73","1","4","19","peak:peak:1:1:4","3766000019","37,73","118,73","0","24651418","ded94549bf0a3d06a92e8cb47ca32647369f6eb9223c10d767268007d6501673"
"760","fresh-dual-v1-0760","1","peak","peak","2","French","0","1","118,73","37,73","0","0","20","peak:peak:2:0:0","3766000020","118,73","37,73","0","24651418","ded94549bf0a3d06a92e8cb47ca32647369f6eb9223c10d767268007d6501673"
"761","fresh-dual-v1-0761","1","peak","peak","2","French","0","1","118,73","37,73","1","0","20","peak:peak:2:0:0","3766000020","118,73","37,73","0","24651418","ded94549bf0a3d06a92e8cb47ca32647369f6eb9223c10d767268007d6501673"
"762","fresh-dual-v1-0762","1","peak","peak","2","French","0","1","118,73","37,73","0","1","21","peak:peak:2:0:1","3766000021","118,73","37,73","0","24651418","ded94549bf0a3d06a92e8cb47ca32647369f6eb9223c10d767268007d6501673"
"763","fresh-dual-v1-0763","1","peak","peak","2","French","0","1","118,73","37,73","1","1","21","peak:peak:2:0:1","3766000021","118,73","37,73","0","24651418","ded94549bf0a3d06a92e8cb47ca32647369f6eb9223c10d767268007d6501673"
"764","fresh-dual-v1-0764","1","peak","peak","2","French","0","1","118,73","37,73","0","2","22","peak:peak:2:0:2","3766000022","118,73","37,73","0","24651418","ded94549bf0a3d06a92e8cb47ca32647369f6eb9223c10d767268007d6501673"
"765","fresh-dual-v1-0765","1","peak","peak","2","French","0","1","118,73","37,73","1","2","22","peak:peak:2:0:2","3766000022","118,73","37,73","0","24651418","ded94549bf0a3d06a92e8cb47ca32647369f6eb9223c10d767268007d6501673"
"766","fresh-dual-v1-0766","1","peak","peak","2","French","0","1","118,73","37,73","0","3","23","peak:peak:2:0:3","3766000023","118,73","37,73","0","24651418","ded94549bf0a3d06a92e8cb47ca32647369f6eb9223c10d767268007d6501673"
"767","fresh-dual-v1-0767","1","peak","peak","2","French","0","1","118,73","37,73","1","3","23","peak:peak:2:0:3","3766000023","118,73","37,73","0","24651418","ded94549bf0a3d06a92e8cb47ca32647369f6eb9223c10d767268007d6501673"
"768","fresh-dual-v1-0768","1","peak","peak","2","French","0","1","118,73","37,73","0","4","24","peak:peak:2:0:4","3766000024","118,73","37,73","0","24651418","ded94549bf0a3d06a92e8cb47ca32647369f6eb9223c10d767268007d6501673"
"769","fresh-dual-v1-0769","1","peak","peak","2","French","0","1","118,73","37,73","1","4","24","peak:peak:2:0:4","3766000024","118,73","37,73","0","24651418","ded94549bf0a3d06a92e8cb47ca32647369f6eb9223c10d767268007d6501673"
"770","fresh-dual-v1-0770","1","peak","peak","2","French","1","0","37,73","118,73","0","0","25","peak:peak:2:1:0","3766000025","37,73","118,73","0","24651418","ded94549bf0a3d06a92e8cb47ca32647369f6eb9223c10d767268007d6501673"
"771","fresh-dual-v1-0771","1","peak","peak","2","French","1","0","37,73","118,73","1","0","25","peak:peak:2:1:0","3766000025","37,73","118,73","0","24651418","ded94549bf0a3d06a92e8cb47ca32647369f6eb9223c10d767268007d6501673"
"772","fresh-dual-v1-0772","1","peak","peak","2","French","1","0","37,73","118,73","0","1","26","peak:peak:2:1:1","3766000026","37,73","118,73","0","24651418","ded94549bf0a3d06a92e8cb47ca32647369f6eb9223c10d767268007d6501673"
"773","fresh-dual-v1-0773","1","peak","peak","2","French","1","0","37,73","118,73","1","1","26","peak:peak:2:1:1","3766000026","37,73","118,73","0","24651418","ded94549bf0a3d06a92e8cb47ca32647369f6eb9223c10d767268007d6501673"
"774","fresh-dual-v1-0774","1","peak","peak","2","French","1","0","37,73","118,73","0","2","27","peak:peak:2:1:2","3766000027","37,73","118,73","0","24651418","ded94549bf0a3d06a92e8cb47ca32647369f6eb9223c10d767268007d6501673"
"775","fresh-dual-v1-0775","1","peak","peak","2","French","1","0","37,73","118,73","1","2","27","peak:peak:2:1:2","3766000027","37,73","118,73","0","24651418","ded94549bf0a3d06a92e8cb47ca32647369f6eb9223c10d767268007d6501673"
"776","fresh-dual-v1-0776","1","peak","peak","2","French","1","0","37,73","118,73","0","3","28","peak:peak:2:1:3","3766000028","37,73","118,73","0","24651418","ded94549bf0a3d06a92e8cb47ca32647369f6eb9223c10d767268007d6501673"
"777","fresh-dual-v1-0777","1","peak","peak","2","French","1","0","37,73","118,73","1","3","28","peak:peak:2:1:3","3766000028","37,73","118,73","0","24651418","ded94549bf0a3d06a92e8cb47ca32647369f6eb9223c10d767268007d6501673"
"778","fresh-dual-v1-0778","1","peak","peak","2","French","1","0","37,73","118,73","0","4","29","peak:peak:2:1:4","3766000029","37,73","118,73","0","24651418","ded94549bf0a3d06a92e8cb47ca32647369f6eb9223c10d767268007d6501673"
"779","fresh-dual-v1-0779","1","peak","peak","2","French","1","0","37,73","118,73","1","4","29","peak:peak:2:1:4","3766000029","37,73","118,73","0","24651418","ded94549bf0a3d06a92e8cb47ca32647369f6eb9223c10d767268007d6501673"
"780","fresh-dual-v1-0780","1","peak","peak","3","Germans","0","1","118,73","37,73","0","0","30","peak:peak:3:0:0","3766000030","118,73","37,73","0","24651418","ded94549bf0a3d06a92e8cb47ca32647369f6eb9223c10d767268007d6501673"
"781","fresh-dual-v1-0781","1","peak","peak","3","Germans","0","1","118,73","37,73","1","0","30","peak:peak:3:0:0","3766000030","118,73","37,73","0","24651418","ded94549bf0a3d06a92e8cb47ca32647369f6eb9223c10d767268007d6501673"
"782","fresh-dual-v1-0782","1","peak","peak","3","Germans","0","1","118,73","37,73","0","1","31","peak:peak:3:0:1","3766000031","118,73","37,73","0","24651418","ded94549bf0a3d06a92e8cb47ca32647369f6eb9223c10d767268007d6501673"
"783","fresh-dual-v1-0783","1","peak","peak","3","Germans","0","1","118,73","37,73","1","1","31","peak:peak:3:0:1","3766000031","118,73","37,73","0","24651418","ded94549bf0a3d06a92e8cb47ca32647369f6eb9223c10d767268007d6501673"
"784","fresh-dual-v1-0784","1","peak","peak","3","Germans","0","1","118,73","37,73","0","2","32","peak:peak:3:0:2","3766000032","118,73","37,73","0","24651418","ded94549bf0a3d06a92e8cb47ca32647369f6eb9223c10d767268007d6501673"
"785","fresh-dual-v1-0785","1","peak","peak","3","Germans","0","1","118,73","37,73","1","2","32","peak:peak:3:0:2","3766000032","118,73","37,73","0","24651418","ded94549bf0a3d06a92e8cb47ca32647369f6eb9223c10d767268007d6501673"
"786","fresh-dual-v1-0786","1","peak","peak","3","Germans","0","1","118,73","37,73","0","3","33","peak:peak:3:0:3","3766000033","118,73","37,73","0","24651418","ded94549bf0a3d06a92e8cb47ca32647369f6eb9223c10d767268007d6501673"
"787","fresh-dual-v1-0787","1","peak","peak","3","Germans","0","1","118,73","37,73","1","3","33","peak:peak:3:0:3","3766000033","118,73","37,73","0","24651418","ded94549bf0a3d06a92e8cb47ca32647369f6eb9223c10d767268007d6501673"
"788","fresh-dual-v1-0788","1","peak","peak","3","Germans","0","1","118,73","37,73","0","4","34","peak:peak:3:0:4","3766000034","118,73","37,73","0","24651418","ded94549bf0a3d06a92e8cb47ca32647369f6eb9223c10d767268007d6501673"
"789","fresh-dual-v1-0789","1","peak","peak","3","Germans","0","1","118,73","37,73","1","4","34","peak:peak:3:0:4","3766000034","118,73","37,73","0","24651418","ded94549bf0a3d06a92e8cb47ca32647369f6eb9223c10d767268007d6501673"
"790","fresh-dual-v1-0790","1","peak","peak","3","Germans","1","0","37,73","118,73","0","0","35","peak:peak:3:1:0","3766000035","37,73","118,73","0","24651418","ded94549bf0a3d06a92e8cb47ca32647369f6eb9223c10d767268007d6501673"
"791","fresh-dual-v1-0791","1","peak","peak","3","Germans","1","0","37,73","118,73","1","0","35","peak:peak:3:1:0","3766000035","37,73","118,73","0","24651418","ded94549bf0a3d06a92e8cb47ca32647369f6eb9223c10d767268007d6501673"
"792","fresh-dual-v1-0792","1","peak","peak","3","Germans","1","0","37,73","118,73","0","1","36","peak:peak:3:1:1","3766000036","37,73","118,73","0","24651418","ded94549bf0a3d06a92e8cb47ca32647369f6eb9223c10d767268007d6501673"
"793","fresh-dual-v1-0793","1","peak","peak","3","Germans","1","0","37,73","118,73","1","1","36","peak:peak:3:1:1","3766000036","37,73","118,73","0","24651418","ded94549bf0a3d06a92e8cb47ca32647369f6eb9223c10d767268007d6501673"
"794","fresh-dual-v1-0794","1","peak","peak","3","Germans","1","0","37,73","118,73","0","2","37","peak:peak:3:1:2","3766000037","37,73","118,73","0","24651418","ded94549bf0a3d06a92e8cb47ca32647369f6eb9223c10d767268007d6501673"
"795","fresh-dual-v1-0795","1","peak","peak","3","Germans","1","0","37,73","118,73","1","2","37","peak:peak:3:1:2","3766000037","37,73","118,73","0","24651418","ded94549bf0a3d06a92e8cb47ca32647369f6eb9223c10d767268007d6501673"
"796","fresh-dual-v1-0796","1","peak","peak","3","Germans","1","0","37,73","118,73","0","3","38","peak:peak:3:1:3","3766000038","37,73","118,73","0","24651418","ded94549bf0a3d06a92e8cb47ca32647369f6eb9223c10d767268007d6501673"
"797","fresh-dual-v1-0797","1","peak","peak","3","Germans","1","0","37,73","118,73","1","3","38","peak:peak:3:1:3","3766000038","37,73","118,73","0","24651418","ded94549bf0a3d06a92e8cb47ca32647369f6eb9223c10d767268007d6501673"
"798","fresh-dual-v1-0798","1","peak","peak","3","Germans","1","0","37,73","118,73","0","4","39","peak:peak:3:1:4","3766000039","37,73","118,73","0","24651418","ded94549bf0a3d06a92e8cb47ca32647369f6eb9223c10d767268007d6501673"
"799","fresh-dual-v1-0799","1","peak","peak","3","Germans","1","0","37,73","118,73","1","4","39","peak:peak:3:1:4","3766000039","37,73","118,73","0","24651418","ded94549bf0a3d06a92e8cb47ca32647369f6eb9223c10d767268007d6501673"
"800","fresh-dual-v1-0800","1","peak","peak","4","British","0","1","118,73","37,73","0","0","40","peak:peak:4:0:0","3766000040","118,73","37,73","0","24651418","ded94549bf0a3d06a92e8cb47ca32647369f6eb9223c10d767268007d6501673"
"801","fresh-dual-v1-0801","1","peak","peak","4","British","0","1","118,73","37,73","1","0","40","peak:peak:4:0:0","3766000040","118,73","37,73","0","24651418","ded94549bf0a3d06a92e8cb47ca32647369f6eb9223c10d767268007d6501673"
"802","fresh-dual-v1-0802","1","peak","peak","4","British","0","1","118,73","37,73","0","1","41","peak:peak:4:0:1","3766000041","118,73","37,73","0","24651418","ded94549bf0a3d06a92e8cb47ca32647369f6eb9223c10d767268007d6501673"
"803","fresh-dual-v1-0803","1","peak","peak","4","British","0","1","118,73","37,73","1","1","41","peak:peak:4:0:1","3766000041","118,73","37,73","0","24651418","ded94549bf0a3d06a92e8cb47ca32647369f6eb9223c10d767268007d6501673"
"804","fresh-dual-v1-0804","1","peak","peak","4","British","0","1","118,73","37,73","0","2","42","peak:peak:4:0:2","3766000042","118,73","37,73","0","24651418","ded94549bf0a3d06a92e8cb47ca32647369f6eb9223c10d767268007d6501673"
"805","fresh-dual-v1-0805","1","peak","peak","4","British","0","1","118,73","37,73","1","2","42","peak:peak:4:0:2","3766000042","118,73","37,73","0","24651418","ded94549bf0a3d06a92e8cb47ca32647369f6eb9223c10d767268007d6501673"
"806","fresh-dual-v1-0806","1","peak","peak","4","British","0","1","118,73","37,73","0","3","43","peak:peak:4:0:3","3766000043","118,73","37,73","0","24651418","ded94549bf0a3d06a92e8cb47ca32647369f6eb9223c10d767268007d6501673"
"807","fresh-dual-v1-0807","1","peak","peak","4","British","0","1","118,73","37,73","1","3","43","peak:peak:4:0:3","3766000043","118,73","37,73","0","24651418","ded94549bf0a3d06a92e8cb47ca32647369f6eb9223c10d767268007d6501673"
"808","fresh-dual-v1-0808","1","peak","peak","4","British","0","1","118,73","37,73","0","4","44","peak:peak:4:0:4","3766000044","118,73","37,73","0","24651418","ded94549bf0a3d06a92e8cb47ca32647369f6eb9223c10d767268007d6501673"
"809","fresh-dual-v1-0809","1","peak","peak","4","British","0","1","118,73","37,73","1","4","44","peak:peak:4:0:4","3766000044","118,73","37,73","0","24651418","ded94549bf0a3d06a92e8cb47ca32647369f6eb9223c10d767268007d6501673"
"810","fresh-dual-v1-0810","1","peak","peak","4","British","1","0","37,73","118,73","0","0","45","peak:peak:4:1:0","3766000045","37,73","118,73","0","24651418","ded94549bf0a3d06a92e8cb47ca32647369f6eb9223c10d767268007d6501673"
"811","fresh-dual-v1-0811","1","peak","peak","4","British","1","0","37,73","118,73","1","0","45","peak:peak:4:1:0","3766000045","37,73","118,73","0","24651418","ded94549bf0a3d06a92e8cb47ca32647369f6eb9223c10d767268007d6501673"
"812","fresh-dual-v1-0812","1","peak","peak","4","British","1","0","37,73","118,73","0","1","46","peak:peak:4:1:1","3766000046","37,73","118,73","0","24651418","ded94549bf0a3d06a92e8cb47ca32647369f6eb9223c10d767268007d6501673"
"813","fresh-dual-v1-0813","1","peak","peak","4","British","1","0","37,73","118,73","1","1","46","peak:peak:4:1:1","3766000046","37,73","118,73","0","24651418","ded94549bf0a3d06a92e8cb47ca32647369f6eb9223c10d767268007d6501673"
"814","fresh-dual-v1-0814","1","peak","peak","4","British","1","0","37,73","118,73","0","2","47","peak:peak:4:1:2","3766000047","37,73","118,73","0","24651418","ded94549bf0a3d06a92e8cb47ca32647369f6eb9223c10d767268007d6501673"
"815","fresh-dual-v1-0815","1","peak","peak","4","British","1","0","37,73","118,73","1","2","47","peak:peak:4:1:2","3766000047","37,73","118,73","0","24651418","ded94549bf0a3d06a92e8cb47ca32647369f6eb9223c10d767268007d6501673"
"816","fresh-dual-v1-0816","1","peak","peak","4","British","1","0","37,73","118,73","0","3","48","peak:peak:4:1:3","3766000048","37,73","118,73","0","24651418","ded94549bf0a3d06a92e8cb47ca32647369f6eb9223c10d767268007d6501673"
"817","fresh-dual-v1-0817","1","peak","peak","4","British","1","0","37,73","118,73","1","3","48","peak:peak:4:1:3","3766000048","37,73","118,73","0","24651418","ded94549bf0a3d06a92e8cb47ca32647369f6eb9223c10d767268007d6501673"
"818","fresh-dual-v1-0818","1","peak","peak","4","British","1","0","37,73","118,73","0","4","49","peak:peak:4:1:4","3766000049","37,73","118,73","0","24651418","ded94549bf0a3d06a92e8cb47ca32647369f6eb9223c10d767268007d6501673"
"819","fresh-dual-v1-0819","1","peak","peak","4","British","1","0","37,73","118,73","1","4","49","peak:peak:4:1:4","3766000049","37,73","118,73","0","24651418","ded94549bf0a3d06a92e8cb47ca32647369f6eb9223c10d767268007d6501673"
"820","fresh-dual-v1-0820","1","peak","peak","5","Africans","0","1","118,73","37,73","0","0","50","peak:peak:5:0:0","3766000050","118,73","37,73","0","24651418","ded94549bf0a3d06a92e8cb47ca32647369f6eb9223c10d767268007d6501673"
"821","fresh-dual-v1-0821","1","peak","peak","5","Africans","0","1","118,73","37,73","1","0","50","peak:peak:5:0:0","3766000050","118,73","37,73","0","24651418","ded94549bf0a3d06a92e8cb47ca32647369f6eb9223c10d767268007d6501673"
"822","fresh-dual-v1-0822","1","peak","peak","5","Africans","0","1","118,73","37,73","0","1","51","peak:peak:5:0:1","3766000051","118,73","37,73","0","24651418","ded94549bf0a3d06a92e8cb47ca32647369f6eb9223c10d767268007d6501673"
"823","fresh-dual-v1-0823","1","peak","peak","5","Africans","0","1","118,73","37,73","1","1","51","peak:peak:5:0:1","3766000051","118,73","37,73","0","24651418","ded94549bf0a3d06a92e8cb47ca32647369f6eb9223c10d767268007d6501673"
"824","fresh-dual-v1-0824","1","peak","peak","5","Africans","0","1","118,73","37,73","0","2","52","peak:peak:5:0:2","3766000052","118,73","37,73","0","24651418","ded94549bf0a3d06a92e8cb47ca32647369f6eb9223c10d767268007d6501673"
"825","fresh-dual-v1-0825","1","peak","peak","5","Africans","0","1","118,73","37,73","1","2","52","peak:peak:5:0:2","3766000052","118,73","37,73","0","24651418","ded94549bf0a3d06a92e8cb47ca32647369f6eb9223c10d767268007d6501673"
"826","fresh-dual-v1-0826","1","peak","peak","5","Africans","0","1","118,73","37,73","0","3","53","peak:peak:5:0:3","3766000053","118,73","37,73","0","24651418","ded94549bf0a3d06a92e8cb47ca32647369f6eb9223c10d767268007d6501673"
"827","fresh-dual-v1-0827","1","peak","peak","5","Africans","0","1","118,73","37,73","1","3","53","peak:peak:5:0:3","3766000053","118,73","37,73","0","24651418","ded94549bf0a3d06a92e8cb47ca32647369f6eb9223c10d767268007d6501673"
"828","fresh-dual-v1-0828","1","peak","peak","5","Africans","0","1","118,73","37,73","0","4","54","peak:peak:5:0:4","3766000054","118,73","37,73","0","24651418","ded94549bf0a3d06a92e8cb47ca32647369f6eb9223c10d767268007d6501673"
"829","fresh-dual-v1-0829","1","peak","peak","5","Africans","0","1","118,73","37,73","1","4","54","peak:peak:5:0:4","3766000054","118,73","37,73","0","24651418","ded94549bf0a3d06a92e8cb47ca32647369f6eb9223c10d767268007d6501673"
"830","fresh-dual-v1-0830","1","peak","peak","5","Africans","1","0","37,73","118,73","0","0","55","peak:peak:5:1:0","3766000055","37,73","118,73","0","24651418","ded94549bf0a3d06a92e8cb47ca32647369f6eb9223c10d767268007d6501673"
"831","fresh-dual-v1-0831","1","peak","peak","5","Africans","1","0","37,73","118,73","1","0","55","peak:peak:5:1:0","3766000055","37,73","118,73","0","24651418","ded94549bf0a3d06a92e8cb47ca32647369f6eb9223c10d767268007d6501673"
"832","fresh-dual-v1-0832","1","peak","peak","5","Africans","1","0","37,73","118,73","0","1","56","peak:peak:5:1:1","3766000056","37,73","118,73","0","24651418","ded94549bf0a3d06a92e8cb47ca32647369f6eb9223c10d767268007d6501673"
"833","fresh-dual-v1-0833","1","peak","peak","5","Africans","1","0","37,73","118,73","1","1","56","peak:peak:5:1:1","3766000056","37,73","118,73","0","24651418","ded94549bf0a3d06a92e8cb47ca32647369f6eb9223c10d767268007d6501673"
"834","fresh-dual-v1-0834","1","peak","peak","5","Africans","1","0","37,73","118,73","0","2","57","peak:peak:5:1:2","3766000057","37,73","118,73","0","24651418","ded94549bf0a3d06a92e8cb47ca32647369f6eb9223c10d767268007d6501673"
"835","fresh-dual-v1-0835","1","peak","peak","5","Africans","1","0","37,73","118,73","1","2","57","peak:peak:5:1:2","3766000057","37,73","118,73","0","24651418","ded94549bf0a3d06a92e8cb47ca32647369f6eb9223c10d767268007d6501673"
"836","fresh-dual-v1-0836","1","peak","peak","5","Africans","1","0","37,73","118,73","0","3","58","peak:peak:5:1:3","3766000058","37,73","118,73","0","24651418","ded94549bf0a3d06a92e8cb47ca32647369f6eb9223c10d767268007d6501673"
"837","fresh-dual-v1-0837","1","peak","peak","5","Africans","1","0","37,73","118,73","1","3","58","peak:peak:5:1:3","3766000058","37,73","118,73","0","24651418","ded94549bf0a3d06a92e8cb47ca32647369f6eb9223c10d767268007d6501673"
"838","fresh-dual-v1-0838","1","peak","peak","5","Africans","1","0","37,73","118,73","0","4","59","peak:peak:5:1:4","3766000059","37,73","118,73","0","24651418","ded94549bf0a3d06a92e8cb47ca32647369f6eb9223c10d767268007d6501673"
"839","fresh-dual-v1-0839","1","peak","peak","5","Africans","1","0","37,73","118,73","1","4","59","peak:peak:5:1:4","3766000059","37,73","118,73","0","24651418","ded94549bf0a3d06a92e8cb47ca32647369f6eb9223c10d767268007d6501673"
"840","fresh-dual-v1-0840","1","peak","peak","6","Arabs","0","1","118,73","37,73","0","0","60","peak:peak:6:0:0","3766000060","118,73","37,73","0","24651418","ded94549bf0a3d06a92e8cb47ca32647369f6eb9223c10d767268007d6501673"
"841","fresh-dual-v1-0841","1","peak","peak","6","Arabs","0","1","118,73","37,73","1","0","60","peak:peak:6:0:0","3766000060","118,73","37,73","0","24651418","ded94549bf0a3d06a92e8cb47ca32647369f6eb9223c10d767268007d6501673"
"842","fresh-dual-v1-0842","1","peak","peak","6","Arabs","0","1","118,73","37,73","0","1","61","peak:peak:6:0:1","3766000061","118,73","37,73","0","24651418","ded94549bf0a3d06a92e8cb47ca32647369f6eb9223c10d767268007d6501673"
"843","fresh-dual-v1-0843","1","peak","peak","6","Arabs","0","1","118,73","37,73","1","1","61","peak:peak:6:0:1","3766000061","118,73","37,73","0","24651418","ded94549bf0a3d06a92e8cb47ca32647369f6eb9223c10d767268007d6501673"
"844","fresh-dual-v1-0844","1","peak","peak","6","Arabs","0","1","118,73","37,73","0","2","62","peak:peak:6:0:2","3766000062","118,73","37,73","0","24651418","ded94549bf0a3d06a92e8cb47ca32647369f6eb9223c10d767268007d6501673"
"845","fresh-dual-v1-0845","1","peak","peak","6","Arabs","0","1","118,73","37,73","1","2","62","peak:peak:6:0:2","3766000062","118,73","37,73","0","24651418","ded94549bf0a3d06a92e8cb47ca32647369f6eb9223c10d767268007d6501673"
"846","fresh-dual-v1-0846","1","peak","peak","6","Arabs","0","1","118,73","37,73","0","3","63","peak:peak:6:0:3","3766000063","118,73","37,73","0","24651418","ded94549bf0a3d06a92e8cb47ca32647369f6eb9223c10d767268007d6501673"
"847","fresh-dual-v1-0847","1","peak","peak","6","Arabs","0","1","118,73","37,73","1","3","63","peak:peak:6:0:3","3766000063","118,73","37,73","0","24651418","ded94549bf0a3d06a92e8cb47ca32647369f6eb9223c10d767268007d6501673"
"848","fresh-dual-v1-0848","1","peak","peak","6","Arabs","0","1","118,73","37,73","0","4","64","peak:peak:6:0:4","3766000064","118,73","37,73","0","24651418","ded94549bf0a3d06a92e8cb47ca32647369f6eb9223c10d767268007d6501673"
"849","fresh-dual-v1-0849","1","peak","peak","6","Arabs","0","1","118,73","37,73","1","4","64","peak:peak:6:0:4","3766000064","118,73","37,73","0","24651418","ded94549bf0a3d06a92e8cb47ca32647369f6eb9223c10d767268007d6501673"
"850","fresh-dual-v1-0850","1","peak","peak","6","Arabs","1","0","37,73","118,73","0","0","65","peak:peak:6:1:0","3766000065","37,73","118,73","0","24651418","ded94549bf0a3d06a92e8cb47ca32647369f6eb9223c10d767268007d6501673"
"851","fresh-dual-v1-0851","1","peak","peak","6","Arabs","1","0","37,73","118,73","1","0","65","peak:peak:6:1:0","3766000065","37,73","118,73","0","24651418","ded94549bf0a3d06a92e8cb47ca32647369f6eb9223c10d767268007d6501673"
"852","fresh-dual-v1-0852","1","peak","peak","6","Arabs","1","0","37,73","118,73","0","1","66","peak:peak:6:1:1","3766000066","37,73","118,73","0","24651418","ded94549bf0a3d06a92e8cb47ca32647369f6eb9223c10d767268007d6501673"
"853","fresh-dual-v1-0853","1","peak","peak","6","Arabs","1","0","37,73","118,73","1","1","66","peak:peak:6:1:1","3766000066","37,73","118,73","0","24651418","ded94549bf0a3d06a92e8cb47ca32647369f6eb9223c10d767268007d6501673"
"854","fresh-dual-v1-0854","1","peak","peak","6","Arabs","1","0","37,73","118,73","0","2","67","peak:peak:6:1:2","3766000067","37,73","118,73","0","24651418","ded94549bf0a3d06a92e8cb47ca32647369f6eb9223c10d767268007d6501673"
"855","fresh-dual-v1-0855","1","peak","peak","6","Arabs","1","0","37,73","118,73","1","2","67","peak:peak:6:1:2","3766000067","37,73","118,73","0","24651418","ded94549bf0a3d06a92e8cb47ca32647369f6eb9223c10d767268007d6501673"
"856","fresh-dual-v1-0856","1","peak","peak","6","Arabs","1","0","37,73","118,73","0","3","68","peak:peak:6:1:3","3766000068","37,73","118,73","0","24651418","ded94549bf0a3d06a92e8cb47ca32647369f6eb9223c10d767268007d6501673"
"857","fresh-dual-v1-0857","1","peak","peak","6","Arabs","1","0","37,73","118,73","1","3","68","peak:peak:6:1:3","3766000068","37,73","118,73","0","24651418","ded94549bf0a3d06a92e8cb47ca32647369f6eb9223c10d767268007d6501673"
"858","fresh-dual-v1-0858","1","peak","peak","6","Arabs","1","0","37,73","118,73","0","4","69","peak:peak:6:1:4","3766000069","37,73","118,73","0","24651418","ded94549bf0a3d06a92e8cb47ca32647369f6eb9223c10d767268007d6501673"
"859","fresh-dual-v1-0859","1","peak","peak","6","Arabs","1","0","37,73","118,73","1","4","69","peak:peak:6:1:4","3766000069","37,73","118,73","0","24651418","ded94549bf0a3d06a92e8cb47ca32647369f6eb9223c10d767268007d6501673"
"860","fresh-dual-v1-0860","1","peak","peak","7","Confederation","0","1","118,73","37,73","0","0","70","peak:peak:7:0:0","3766000070","118,73","37,73","0","24651418","ded94549bf0a3d06a92e8cb47ca32647369f6eb9223c10d767268007d6501673"
"861","fresh-dual-v1-0861","1","peak","peak","7","Confederation","0","1","118,73","37,73","1","0","70","peak:peak:7:0:0","3766000070","118,73","37,73","0","24651418","ded94549bf0a3d06a92e8cb47ca32647369f6eb9223c10d767268007d6501673"
"862","fresh-dual-v1-0862","1","peak","peak","7","Confederation","0","1","118,73","37,73","0","1","71","peak:peak:7:0:1","3766000071","118,73","37,73","0","24651418","ded94549bf0a3d06a92e8cb47ca32647369f6eb9223c10d767268007d6501673"
"863","fresh-dual-v1-0863","1","peak","peak","7","Confederation","0","1","118,73","37,73","1","1","71","peak:peak:7:0:1","3766000071","118,73","37,73","0","24651418","ded94549bf0a3d06a92e8cb47ca32647369f6eb9223c10d767268007d6501673"
"864","fresh-dual-v1-0864","1","peak","peak","7","Confederation","0","1","118,73","37,73","0","2","72","peak:peak:7:0:2","3766000072","118,73","37,73","0","24651418","ded94549bf0a3d06a92e8cb47ca32647369f6eb9223c10d767268007d6501673"
"865","fresh-dual-v1-0865","1","peak","peak","7","Confederation","0","1","118,73","37,73","1","2","72","peak:peak:7:0:2","3766000072","118,73","37,73","0","24651418","ded94549bf0a3d06a92e8cb47ca32647369f6eb9223c10d767268007d6501673"
"866","fresh-dual-v1-0866","1","peak","peak","7","Confederation","0","1","118,73","37,73","0","3","73","peak:peak:7:0:3","3766000073","118,73","37,73","0","24651418","ded94549bf0a3d06a92e8cb47ca32647369f6eb9223c10d767268007d6501673"
"867","fresh-dual-v1-0867","1","peak","peak","7","Confederation","0","1","118,73","37,73","1","3","73","peak:peak:7:0:3","3766000073","118,73","37,73","0","24651418","ded94549bf0a3d06a92e8cb47ca32647369f6eb9223c10d767268007d6501673"
"868","fresh-dual-v1-0868","1","peak","peak","7","Confederation","0","1","118,73","37,73","0","4","74","peak:peak:7:0:4","3766000074","118,73","37,73","0","24651418","ded94549bf0a3d06a92e8cb47ca32647369f6eb9223c10d767268007d6501673"
"869","fresh-dual-v1-0869","1","peak","peak","7","Confederation","0","1","118,73","37,73","1","4","74","peak:peak:7:0:4","3766000074","118,73","37,73","0","24651418","ded94549bf0a3d06a92e8cb47ca32647369f6eb9223c10d767268007d6501673"
"870","fresh-dual-v1-0870","1","peak","peak","7","Confederation","1","0","37,73","118,73","0","0","75","peak:peak:7:1:0","3766000075","37,73","118,73","0","24651418","ded94549bf0a3d06a92e8cb47ca32647369f6eb9223c10d767268007d6501673"
"871","fresh-dual-v1-0871","1","peak","peak","7","Confederation","1","0","37,73","118,73","1","0","75","peak:peak:7:1:0","3766000075","37,73","118,73","0","24651418","ded94549bf0a3d06a92e8cb47ca32647369f6eb9223c10d767268007d6501673"
"872","fresh-dual-v1-0872","1","peak","peak","7","Confederation","1","0","37,73","118,73","0","1","76","peak:peak:7:1:1","3766000076","37,73","118,73","0","24651418","ded94549bf0a3d06a92e8cb47ca32647369f6eb9223c10d767268007d6501673"
"873","fresh-dual-v1-0873","1","peak","peak","7","Confederation","1","0","37,73","118,73","1","1","76","peak:peak:7:1:1","3766000076","37,73","118,73","0","24651418","ded94549bf0a3d06a92e8cb47ca32647369f6eb9223c10d767268007d6501673"
"874","fresh-dual-v1-0874","1","peak","peak","7","Confederation","1","0","37,73","118,73","0","2","77","peak:peak:7:1:2","3766000077","37,73","118,73","0","24651418","ded94549bf0a3d06a92e8cb47ca32647369f6eb9223c10d767268007d6501673"
"875","fresh-dual-v1-0875","1","peak","peak","7","Confederation","1","0","37,73","118,73","1","2","77","peak:peak:7:1:2","3766000077","37,73","118,73","0","24651418","ded94549bf0a3d06a92e8cb47ca32647369f6eb9223c10d767268007d6501673"
"876","fresh-dual-v1-0876","1","peak","peak","7","Confederation","1","0","37,73","118,73","0","3","78","peak:peak:7:1:3","3766000078","37,73","118,73","0","24651418","ded94549bf0a3d06a92e8cb47ca32647369f6eb9223c10d767268007d6501673"
"877","fresh-dual-v1-0877","1","peak","peak","7","Confederation","1","0","37,73","118,73","1","3","78","peak:peak:7:1:3","3766000078","37,73","118,73","0","24651418","ded94549bf0a3d06a92e8cb47ca32647369f6eb9223c10d767268007d6501673"
"878","fresh-dual-v1-0878","1","peak","peak","7","Confederation","1","0","37,73","118,73","0","4","79","peak:peak:7:1:4","3766000079","37,73","118,73","0","24651418","ded94549bf0a3d06a92e8cb47ca32647369f6eb9223c10d767268007d6501673"
"879","fresh-dual-v1-0879","1","peak","peak","7","Confederation","1","0","37,73","118,73","1","4","79","peak:peak:7:1:4","3766000079","37,73","118,73","0","24651418","ded94549bf0a3d06a92e8cb47ca32647369f6eb9223c10d767268007d6501673"
"880","fresh-dual-v1-0880","1","peak","peak","8","Russians","0","1","118,73","37,73","0","0","80","peak:peak:8:0:0","3766000080","118,73","37,73","0","24651418","ded94549bf0a3d06a92e8cb47ca32647369f6eb9223c10d767268007d6501673"
"881","fresh-dual-v1-0881","1","peak","peak","8","Russians","0","1","118,73","37,73","1","0","80","peak:peak:8:0:0","3766000080","118,73","37,73","0","24651418","ded94549bf0a3d06a92e8cb47ca32647369f6eb9223c10d767268007d6501673"
"882","fresh-dual-v1-0882","1","peak","peak","8","Russians","0","1","118,73","37,73","0","1","81","peak:peak:8:0:1","3766000081","118,73","37,73","0","24651418","ded94549bf0a3d06a92e8cb47ca32647369f6eb9223c10d767268007d6501673"
"883","fresh-dual-v1-0883","1","peak","peak","8","Russians","0","1","118,73","37,73","1","1","81","peak:peak:8:0:1","3766000081","118,73","37,73","0","24651418","ded94549bf0a3d06a92e8cb47ca32647369f6eb9223c10d767268007d6501673"
"884","fresh-dual-v1-0884","1","peak","peak","8","Russians","0","1","118,73","37,73","0","2","82","peak:peak:8:0:2","3766000082","118,73","37,73","0","24651418","ded94549bf0a3d06a92e8cb47ca32647369f6eb9223c10d767268007d6501673"
"885","fresh-dual-v1-0885","1","peak","peak","8","Russians","0","1","118,73","37,73","1","2","82","peak:peak:8:0:2","3766000082","118,73","37,73","0","24651418","ded94549bf0a3d06a92e8cb47ca32647369f6eb9223c10d767268007d6501673"
"886","fresh-dual-v1-0886","1","peak","peak","8","Russians","0","1","118,73","37,73","0","3","83","peak:peak:8:0:3","3766000083","118,73","37,73","0","24651418","ded94549bf0a3d06a92e8cb47ca32647369f6eb9223c10d767268007d6501673"
"887","fresh-dual-v1-0887","1","peak","peak","8","Russians","0","1","118,73","37,73","1","3","83","peak:peak:8:0:3","3766000083","118,73","37,73","0","24651418","ded94549bf0a3d06a92e8cb47ca32647369f6eb9223c10d767268007d6501673"
"888","fresh-dual-v1-0888","1","peak","peak","8","Russians","0","1","118,73","37,73","0","4","84","peak:peak:8:0:4","3766000084","118,73","37,73","0","24651418","ded94549bf0a3d06a92e8cb47ca32647369f6eb9223c10d767268007d6501673"
"889","fresh-dual-v1-0889","1","peak","peak","8","Russians","0","1","118,73","37,73","1","4","84","peak:peak:8:0:4","3766000084","118,73","37,73","0","24651418","ded94549bf0a3d06a92e8cb47ca32647369f6eb9223c10d767268007d6501673"
"890","fresh-dual-v1-0890","1","peak","peak","8","Russians","1","0","37,73","118,73","0","0","85","peak:peak:8:1:0","3766000085","37,73","118,73","0","24651418","ded94549bf0a3d06a92e8cb47ca32647369f6eb9223c10d767268007d6501673"
"891","fresh-dual-v1-0891","1","peak","peak","8","Russians","1","0","37,73","118,73","1","0","85","peak:peak:8:1:0","3766000085","37,73","118,73","0","24651418","ded94549bf0a3d06a92e8cb47ca32647369f6eb9223c10d767268007d6501673"
"892","fresh-dual-v1-0892","1","peak","peak","8","Russians","1","0","37,73","118,73","0","1","86","peak:peak:8:1:1","3766000086","37,73","118,73","0","24651418","ded94549bf0a3d06a92e8cb47ca32647369f6eb9223c10d767268007d6501673"
"893","fresh-dual-v1-0893","1","peak","peak","8","Russians","1","0","37,73","118,73","1","1","86","peak:peak:8:1:1","3766000086","37,73","118,73","0","24651418","ded94549bf0a3d06a92e8cb47ca32647369f6eb9223c10d767268007d6501673"
"894","fresh-dual-v1-0894","1","peak","peak","8","Russians","1","0","37,73","118,73","0","2","87","peak:peak:8:1:2","3766000087","37,73","118,73","0","24651418","ded94549bf0a3d06a92e8cb47ca32647369f6eb9223c10d767268007d6501673"
"895","fresh-dual-v1-0895","1","peak","peak","8","Russians","1","0","37,73","118,73","1","2","87","peak:peak:8:1:2","3766000087","37,73","118,73","0","24651418","ded94549bf0a3d06a92e8cb47ca32647369f6eb9223c10d767268007d6501673"
"896","fresh-dual-v1-0896","1","peak","peak","8","Russians","1","0","37,73","118,73","0","3","88","peak:peak:8:1:3","3766000088","37,73","118,73","0","24651418","ded94549bf0a3d06a92e8cb47ca32647369f6eb9223c10d767268007d6501673"
"897","fresh-dual-v1-0897","1","peak","peak","8","Russians","1","0","37,73","118,73","1","3","88","peak:peak:8:1:3","3766000088","37,73","118,73","0","24651418","ded94549bf0a3d06a92e8cb47ca32647369f6eb9223c10d767268007d6501673"
"898","fresh-dual-v1-0898","1","peak","peak","8","Russians","1","0","37,73","118,73","0","4","89","peak:peak:8:1:4","3766000089","37,73","118,73","0","24651418","ded94549bf0a3d06a92e8cb47ca32647369f6eb9223c10d767268007d6501673"
"899","fresh-dual-v1-0899","1","peak","peak","8","Russians","1","0","37,73","118,73","1","4","89","peak:peak:8:1:4","3766000089","37,73","118,73","0","24651418","ded94549bf0a3d06a92e8cb47ca32647369f6eb9223c10d767268007d6501673"
"900","fresh-dual-v1-0900","2","transfer","hfo-original","0","Americans","0","1","39,82","88,34","0","0","0","transfer:hfo-original:0:0:0","3767000000","39,82","88,34","0","24651419","0e6edda2c33f7392f7d32a3168c2af917c48807c3c42dea002ccabed2f94b365"
"901","fresh-dual-v1-0901","2","transfer","hfo-original","0","Americans","0","1","39,82","88,34","1","0","0","transfer:hfo-original:0:0:0","3767000000","39,82","88,34","0","24651419","0e6edda2c33f7392f7d32a3168c2af917c48807c3c42dea002ccabed2f94b365"
"902","fresh-dual-v1-0902","2","transfer","hfo-original","0","Americans","1","0","88,34","39,82","0","0","1","transfer:hfo-original:0:1:0","3767000001","88,34","39,82","0","24651419","0e6edda2c33f7392f7d32a3168c2af917c48807c3c42dea002ccabed2f94b365"
"903","fresh-dual-v1-0903","2","transfer","hfo-original","0","Americans","1","0","88,34","39,82","1","0","1","transfer:hfo-original:0:1:0","3767000001","88,34","39,82","0","24651419","0e6edda2c33f7392f7d32a3168c2af917c48807c3c42dea002ccabed2f94b365"
"904","fresh-dual-v1-0904","2","transfer","hfo-original","0","Americans","2","5","151,119","119,152","0","0","2","transfer:hfo-original:0:2:0","3767000002","151,119","119,152","0","24651419","0e6edda2c33f7392f7d32a3168c2af917c48807c3c42dea002ccabed2f94b365"
"905","fresh-dual-v1-0905","2","transfer","hfo-original","0","Americans","2","5","151,119","119,152","1","0","2","transfer:hfo-original:0:2:0","3767000002","151,119","119,152","0","24651419","0e6edda2c33f7392f7d32a3168c2af917c48807c3c42dea002ccabed2f94b365"
"906","fresh-dual-v1-0906","2","transfer","hfo-original","0","Americans","3","7","87,157","120,83","0","0","3","transfer:hfo-original:0:3:0","3767000003","87,157","120,83","0","24651419","0e6edda2c33f7392f7d32a3168c2af917c48807c3c42dea002ccabed2f94b365"
"907","fresh-dual-v1-0907","2","transfer","hfo-original","0","Americans","3","7","87,157","120,83","1","0","3","transfer:hfo-original:0:3:0","3767000003","87,157","120,83","0","24651419","0e6edda2c33f7392f7d32a3168c2af917c48807c3c42dea002ccabed2f94b365"
"908","fresh-dual-v1-0908","2","transfer","hfo-original","0","Americans","4","6","50,121","146,76","0","0","4","transfer:hfo-original:0:4:0","3767000004","50,121","146,76","0","24651419","0e6edda2c33f7392f7d32a3168c2af917c48807c3c42dea002ccabed2f94b365"
"909","fresh-dual-v1-0909","2","transfer","hfo-original","0","Americans","4","6","50,121","146,76","1","0","4","transfer:hfo-original:0:4:0","3767000004","50,121","146,76","0","24651419","0e6edda2c33f7392f7d32a3168c2af917c48807c3c42dea002ccabed2f94b365"
"910","fresh-dual-v1-0910","2","transfer","hfo-original","0","Americans","5","2","119,152","151,119","0","0","5","transfer:hfo-original:0:5:0","3767000005","119,152","151,119","0","24651419","0e6edda2c33f7392f7d32a3168c2af917c48807c3c42dea002ccabed2f94b365"
"911","fresh-dual-v1-0911","2","transfer","hfo-original","0","Americans","5","2","119,152","151,119","1","0","5","transfer:hfo-original:0:5:0","3767000005","119,152","151,119","0","24651419","0e6edda2c33f7392f7d32a3168c2af917c48807c3c42dea002ccabed2f94b365"
"912","fresh-dual-v1-0912","2","transfer","hfo-original","0","Americans","6","4","146,76","50,121","0","0","6","transfer:hfo-original:0:6:0","3767000006","146,76","50,121","0","24651419","0e6edda2c33f7392f7d32a3168c2af917c48807c3c42dea002ccabed2f94b365"
"913","fresh-dual-v1-0913","2","transfer","hfo-original","0","Americans","6","4","146,76","50,121","1","0","6","transfer:hfo-original:0:6:0","3767000006","146,76","50,121","0","24651419","0e6edda2c33f7392f7d32a3168c2af917c48807c3c42dea002ccabed2f94b365"
"914","fresh-dual-v1-0914","2","transfer","hfo-original","0","Americans","7","3","120,83","87,157","0","0","7","transfer:hfo-original:0:7:0","3767000007","120,83","87,157","0","24651419","0e6edda2c33f7392f7d32a3168c2af917c48807c3c42dea002ccabed2f94b365"
"915","fresh-dual-v1-0915","2","transfer","hfo-original","0","Americans","7","3","120,83","87,157","1","0","7","transfer:hfo-original:0:7:0","3767000007","120,83","87,157","0","24651419","0e6edda2c33f7392f7d32a3168c2af917c48807c3c42dea002ccabed2f94b365"
"916","fresh-dual-v1-0916","2","transfer","hfo-original","1","Alliance","0","1","39,82","88,34","0","0","8","transfer:hfo-original:1:0:0","3767000008","39,82","88,34","0","24651419","0e6edda2c33f7392f7d32a3168c2af917c48807c3c42dea002ccabed2f94b365"
"917","fresh-dual-v1-0917","2","transfer","hfo-original","1","Alliance","0","1","39,82","88,34","1","0","8","transfer:hfo-original:1:0:0","3767000008","39,82","88,34","0","24651419","0e6edda2c33f7392f7d32a3168c2af917c48807c3c42dea002ccabed2f94b365"
"918","fresh-dual-v1-0918","2","transfer","hfo-original","1","Alliance","1","0","88,34","39,82","0","0","9","transfer:hfo-original:1:1:0","3767000009","88,34","39,82","0","24651419","0e6edda2c33f7392f7d32a3168c2af917c48807c3c42dea002ccabed2f94b365"
"919","fresh-dual-v1-0919","2","transfer","hfo-original","1","Alliance","1","0","88,34","39,82","1","0","9","transfer:hfo-original:1:1:0","3767000009","88,34","39,82","0","24651419","0e6edda2c33f7392f7d32a3168c2af917c48807c3c42dea002ccabed2f94b365"
"920","fresh-dual-v1-0920","2","transfer","hfo-original","1","Alliance","2","6","151,119","146,76","0","0","10","transfer:hfo-original:1:2:0","3767000010","151,119","146,76","0","24651419","0e6edda2c33f7392f7d32a3168c2af917c48807c3c42dea002ccabed2f94b365"
"921","fresh-dual-v1-0921","2","transfer","hfo-original","1","Alliance","2","6","151,119","146,76","1","0","10","transfer:hfo-original:1:2:0","3767000010","151,119","146,76","0","24651419","0e6edda2c33f7392f7d32a3168c2af917c48807c3c42dea002ccabed2f94b365"
"922","fresh-dual-v1-0922","2","transfer","hfo-original","1","Alliance","3","5","87,157","119,152","0","0","11","transfer:hfo-original:1:3:0","3767000011","87,157","119,152","0","24651419","0e6edda2c33f7392f7d32a3168c2af917c48807c3c42dea002ccabed2f94b365"
"923","fresh-dual-v1-0923","2","transfer","hfo-original","1","Alliance","3","5","87,157","119,152","1","0","11","transfer:hfo-original:1:3:0","3767000011","87,157","119,152","0","24651419","0e6edda2c33f7392f7d32a3168c2af917c48807c3c42dea002ccabed2f94b365"
"924","fresh-dual-v1-0924","2","transfer","hfo-original","1","Alliance","4","7","50,121","120,83","0","0","12","transfer:hfo-original:1:4:0","3767000012","50,121","120,83","0","24651419","0e6edda2c33f7392f7d32a3168c2af917c48807c3c42dea002ccabed2f94b365"
"925","fresh-dual-v1-0925","2","transfer","hfo-original","1","Alliance","4","7","50,121","120,83","1","0","12","transfer:hfo-original:1:4:0","3767000012","50,121","120,83","0","24651419","0e6edda2c33f7392f7d32a3168c2af917c48807c3c42dea002ccabed2f94b365"
"926","fresh-dual-v1-0926","2","transfer","hfo-original","1","Alliance","5","2","119,152","151,119","0","0","13","transfer:hfo-original:1:5:0","3767000013","119,152","151,119","0","24651419","0e6edda2c33f7392f7d32a3168c2af917c48807c3c42dea002ccabed2f94b365"
"927","fresh-dual-v1-0927","2","transfer","hfo-original","1","Alliance","5","2","119,152","151,119","1","0","13","transfer:hfo-original:1:5:0","3767000013","119,152","151,119","0","24651419","0e6edda2c33f7392f7d32a3168c2af917c48807c3c42dea002ccabed2f94b365"
"928","fresh-dual-v1-0928","2","transfer","hfo-original","1","Alliance","6","4","146,76","50,121","0","0","14","transfer:hfo-original:1:6:0","3767000014","146,76","50,121","0","24651419","0e6edda2c33f7392f7d32a3168c2af917c48807c3c42dea002ccabed2f94b365"
"929","fresh-dual-v1-0929","2","transfer","hfo-original","1","Alliance","6","4","146,76","50,121","1","0","14","transfer:hfo-original:1:6:0","3767000014","146,76","50,121","0","24651419","0e6edda2c33f7392f7d32a3168c2af917c48807c3c42dea002ccabed2f94b365"
"930","fresh-dual-v1-0930","2","transfer","hfo-original","1","Alliance","7","3","120,83","87,157","0","0","15","transfer:hfo-original:1:7:0","3767000015","120,83","87,157","0","24651419","0e6edda2c33f7392f7d32a3168c2af917c48807c3c42dea002ccabed2f94b365"
"931","fresh-dual-v1-0931","2","transfer","hfo-original","1","Alliance","7","3","120,83","87,157","1","0","15","transfer:hfo-original:1:7:0","3767000015","120,83","87,157","0","24651419","0e6edda2c33f7392f7d32a3168c2af917c48807c3c42dea002ccabed2f94b365"
"932","fresh-dual-v1-0932","2","transfer","hfo-original","2","French","0","2","39,82","151,119","0","0","16","transfer:hfo-original:2:0:0","3767000016","39,82","151,119","0","24651419","0e6edda2c33f7392f7d32a3168c2af917c48807c3c42dea002ccabed2f94b365"
"933","fresh-dual-v1-0933","2","transfer","hfo-original","2","French","0","2","39,82","151,119","1","0","16","transfer:hfo-original:2:0:0","3767000016","39,82","151,119","0","24651419","0e6edda2c33f7392f7d32a3168c2af917c48807c3c42dea002ccabed2f94b365"
"934","fresh-dual-v1-0934","2","transfer","hfo-original","2","French","1","3","88,34","87,157","0","0","17","transfer:hfo-original:2:1:0","3767000017","88,34","87,157","0","24651419","0e6edda2c33f7392f7d32a3168c2af917c48807c3c42dea002ccabed2f94b365"
"935","fresh-dual-v1-0935","2","transfer","hfo-original","2","French","1","3","88,34","87,157","1","0","17","transfer:hfo-original:2:1:0","3767000017","88,34","87,157","0","24651419","0e6edda2c33f7392f7d32a3168c2af917c48807c3c42dea002ccabed2f94b365"
"936","fresh-dual-v1-0936","2","transfer","hfo-original","2","French","2","0","151,119","39,82","0","0","18","transfer:hfo-original:2:2:0","3767000018","151,119","39,82","0","24651419","0e6edda2c33f7392f7d32a3168c2af917c48807c3c42dea002ccabed2f94b365"
"937","fresh-dual-v1-0937","2","transfer","hfo-original","2","French","2","0","151,119","39,82","1","0","18","transfer:hfo-original:2:2:0","3767000018","151,119","39,82","0","24651419","0e6edda2c33f7392f7d32a3168c2af917c48807c3c42dea002ccabed2f94b365"
"938","fresh-dual-v1-0938","2","transfer","hfo-original","2","French","3","1","87,157","88,34","0","0","19","transfer:hfo-original:2:3:0","3767000019","87,157","88,34","0","24651419","0e6edda2c33f7392f7d32a3168c2af917c48807c3c42dea002ccabed2f94b365"
"939","fresh-dual-v1-0939","2","transfer","hfo-original","2","French","3","1","87,157","88,34","1","0","19","transfer:hfo-original:2:3:0","3767000019","87,157","88,34","0","24651419","0e6edda2c33f7392f7d32a3168c2af917c48807c3c42dea002ccabed2f94b365"
"940","fresh-dual-v1-0940","2","transfer","hfo-original","2","French","4","7","50,121","120,83","0","0","20","transfer:hfo-original:2:4:0","3767000020","50,121","120,83","0","24651419","0e6edda2c33f7392f7d32a3168c2af917c48807c3c42dea002ccabed2f94b365"
"941","fresh-dual-v1-0941","2","transfer","hfo-original","2","French","4","7","50,121","120,83","1","0","20","transfer:hfo-original:2:4:0","3767000020","50,121","120,83","0","24651419","0e6edda2c33f7392f7d32a3168c2af917c48807c3c42dea002ccabed2f94b365"
"942","fresh-dual-v1-0942","2","transfer","hfo-original","2","French","5","6","119,152","146,76","0","0","21","transfer:hfo-original:2:5:0","3767000021","119,152","146,76","0","24651419","0e6edda2c33f7392f7d32a3168c2af917c48807c3c42dea002ccabed2f94b365"
"943","fresh-dual-v1-0943","2","transfer","hfo-original","2","French","5","6","119,152","146,76","1","0","21","transfer:hfo-original:2:5:0","3767000021","119,152","146,76","0","24651419","0e6edda2c33f7392f7d32a3168c2af917c48807c3c42dea002ccabed2f94b365"
"944","fresh-dual-v1-0944","2","transfer","hfo-original","2","French","6","5","146,76","119,152","0","0","22","transfer:hfo-original:2:6:0","3767000022","146,76","119,152","0","24651419","0e6edda2c33f7392f7d32a3168c2af917c48807c3c42dea002ccabed2f94b365"
"945","fresh-dual-v1-0945","2","transfer","hfo-original","2","French","6","5","146,76","119,152","1","0","22","transfer:hfo-original:2:6:0","3767000022","146,76","119,152","0","24651419","0e6edda2c33f7392f7d32a3168c2af917c48807c3c42dea002ccabed2f94b365"
"946","fresh-dual-v1-0946","2","transfer","hfo-original","2","French","7","4","120,83","50,121","0","0","23","transfer:hfo-original:2:7:0","3767000023","120,83","50,121","0","24651419","0e6edda2c33f7392f7d32a3168c2af917c48807c3c42dea002ccabed2f94b365"
"947","fresh-dual-v1-0947","2","transfer","hfo-original","2","French","7","4","120,83","50,121","1","0","23","transfer:hfo-original:2:7:0","3767000023","120,83","50,121","0","24651419","0e6edda2c33f7392f7d32a3168c2af917c48807c3c42dea002ccabed2f94b365"
"948","fresh-dual-v1-0948","2","transfer","hfo-original","3","Germans","0","2","39,82","151,119","0","0","24","transfer:hfo-original:3:0:0","3767000024","39,82","151,119","0","24651419","0e6edda2c33f7392f7d32a3168c2af917c48807c3c42dea002ccabed2f94b365"
"949","fresh-dual-v1-0949","2","transfer","hfo-original","3","Germans","0","2","39,82","151,119","1","0","24","transfer:hfo-original:3:0:0","3767000024","39,82","151,119","0","24651419","0e6edda2c33f7392f7d32a3168c2af917c48807c3c42dea002ccabed2f94b365"
"950","fresh-dual-v1-0950","2","transfer","hfo-original","3","Germans","1","4","88,34","50,121","0","0","25","transfer:hfo-original:3:1:0","3767000025","88,34","50,121","0","24651419","0e6edda2c33f7392f7d32a3168c2af917c48807c3c42dea002ccabed2f94b365"
"951","fresh-dual-v1-0951","2","transfer","hfo-original","3","Germans","1","4","88,34","50,121","1","0","25","transfer:hfo-original:3:1:0","3767000025","88,34","50,121","0","24651419","0e6edda2c33f7392f7d32a3168c2af917c48807c3c42dea002ccabed2f94b365"
"952","fresh-dual-v1-0952","2","transfer","hfo-original","3","Germans","2","0","151,119","39,82","0","0","26","transfer:hfo-original:3:2:0","3767000026","151,119","39,82","0","24651419","0e6edda2c33f7392f7d32a3168c2af917c48807c3c42dea002ccabed2f94b365"
"953","fresh-dual-v1-0953","2","transfer","hfo-original","3","Germans","2","0","151,119","39,82","1","0","26","transfer:hfo-original:3:2:0","3767000026","151,119","39,82","0","24651419","0e6edda2c33f7392f7d32a3168c2af917c48807c3c42dea002ccabed2f94b365"
"954","fresh-dual-v1-0954","2","transfer","hfo-original","3","Germans","3","7","87,157","120,83","0","0","27","transfer:hfo-original:3:3:0","3767000027","87,157","120,83","0","24651419","0e6edda2c33f7392f7d32a3168c2af917c48807c3c42dea002ccabed2f94b365"
"955","fresh-dual-v1-0955","2","transfer","hfo-original","3","Germans","3","7","87,157","120,83","1","0","27","transfer:hfo-original:3:3:0","3767000027","87,157","120,83","0","24651419","0e6edda2c33f7392f7d32a3168c2af917c48807c3c42dea002ccabed2f94b365"
"956","fresh-dual-v1-0956","2","transfer","hfo-original","3","Germans","4","5","50,121","119,152","0","0","28","transfer:hfo-original:3:4:0","3767000028","50,121","119,152","0","24651419","0e6edda2c33f7392f7d32a3168c2af917c48807c3c42dea002ccabed2f94b365"
"957","fresh-dual-v1-0957","2","transfer","hfo-original","3","Germans","4","5","50,121","119,152","1","0","28","transfer:hfo-original:3:4:0","3767000028","50,121","119,152","0","24651419","0e6edda2c33f7392f7d32a3168c2af917c48807c3c42dea002ccabed2f94b365"
"958","fresh-dual-v1-0958","2","transfer","hfo-original","3","Germans","5","1","119,152","88,34","0","0","29","transfer:hfo-original:3:5:0","3767000029","119,152","88,34","0","24651419","0e6edda2c33f7392f7d32a3168c2af917c48807c3c42dea002ccabed2f94b365"
"959","fresh-dual-v1-0959","2","transfer","hfo-original","3","Germans","5","1","119,152","88,34","1","0","29","transfer:hfo-original:3:5:0","3767000029","119,152","88,34","0","24651419","0e6edda2c33f7392f7d32a3168c2af917c48807c3c42dea002ccabed2f94b365"
"960","fresh-dual-v1-0960","2","transfer","hfo-original","3","Germans","6","3","146,76","87,157","0","0","30","transfer:hfo-original:3:6:0","3767000030","146,76","87,157","0","24651419","0e6edda2c33f7392f7d32a3168c2af917c48807c3c42dea002ccabed2f94b365"
"961","fresh-dual-v1-0961","2","transfer","hfo-original","3","Germans","6","3","146,76","87,157","1","0","30","transfer:hfo-original:3:6:0","3767000030","146,76","87,157","0","24651419","0e6edda2c33f7392f7d32a3168c2af917c48807c3c42dea002ccabed2f94b365"
"962","fresh-dual-v1-0962","2","transfer","hfo-original","3","Germans","7","6","120,83","146,76","0","0","31","transfer:hfo-original:3:7:0","3767000031","120,83","146,76","0","24651419","0e6edda2c33f7392f7d32a3168c2af917c48807c3c42dea002ccabed2f94b365"
"963","fresh-dual-v1-0963","2","transfer","hfo-original","3","Germans","7","6","120,83","146,76","1","0","31","transfer:hfo-original:3:7:0","3767000031","120,83","146,76","0","24651419","0e6edda2c33f7392f7d32a3168c2af917c48807c3c42dea002ccabed2f94b365"
"964","fresh-dual-v1-0964","2","transfer","hfo-original","4","British","0","3","39,82","87,157","0","0","32","transfer:hfo-original:4:0:0","3767000032","39,82","87,157","0","24651419","0e6edda2c33f7392f7d32a3168c2af917c48807c3c42dea002ccabed2f94b365"
"965","fresh-dual-v1-0965","2","transfer","hfo-original","4","British","0","3","39,82","87,157","1","0","32","transfer:hfo-original:4:0:0","3767000032","39,82","87,157","0","24651419","0e6edda2c33f7392f7d32a3168c2af917c48807c3c42dea002ccabed2f94b365"
"966","fresh-dual-v1-0966","2","transfer","hfo-original","4","British","1","6","88,34","146,76","0","0","33","transfer:hfo-original:4:1:0","3767000033","88,34","146,76","0","24651419","0e6edda2c33f7392f7d32a3168c2af917c48807c3c42dea002ccabed2f94b365"
"967","fresh-dual-v1-0967","2","transfer","hfo-original","4","British","1","6","88,34","146,76","1","0","33","transfer:hfo-original:4:1:0","3767000033","88,34","146,76","0","24651419","0e6edda2c33f7392f7d32a3168c2af917c48807c3c42dea002ccabed2f94b365"
"968","fresh-dual-v1-0968","2","transfer","hfo-original","4","British","2","1","151,119","88,34","0","0","34","transfer:hfo-original:4:2:0","3767000034","151,119","88,34","0","24651419","0e6edda2c33f7392f7d32a3168c2af917c48807c3c42dea002ccabed2f94b365"
"969","fresh-dual-v1-0969","2","transfer","hfo-original","4","British","2","1","151,119","88,34","1","0","34","transfer:hfo-original:4:2:0","3767000034","151,119","88,34","0","24651419","0e6edda2c33f7392f7d32a3168c2af917c48807c3c42dea002ccabed2f94b365"
"970","fresh-dual-v1-0970","2","transfer","hfo-original","4","British","3","4","87,157","50,121","0","0","35","transfer:hfo-original:4:3:0","3767000035","87,157","50,121","0","24651419","0e6edda2c33f7392f7d32a3168c2af917c48807c3c42dea002ccabed2f94b365"
"971","fresh-dual-v1-0971","2","transfer","hfo-original","4","British","3","4","87,157","50,121","1","0","35","transfer:hfo-original:4:3:0","3767000035","87,157","50,121","0","24651419","0e6edda2c33f7392f7d32a3168c2af917c48807c3c42dea002ccabed2f94b365"
"972","fresh-dual-v1-0972","2","transfer","hfo-original","4","British","4","2","50,121","151,119","0","0","36","transfer:hfo-original:4:4:0","3767000036","50,121","151,119","0","24651419","0e6edda2c33f7392f7d32a3168c2af917c48807c3c42dea002ccabed2f94b365"
"973","fresh-dual-v1-0973","2","transfer","hfo-original","4","British","4","2","50,121","151,119","1","0","36","transfer:hfo-original:4:4:0","3767000036","50,121","151,119","0","24651419","0e6edda2c33f7392f7d32a3168c2af917c48807c3c42dea002ccabed2f94b365"
"974","fresh-dual-v1-0974","2","transfer","hfo-original","4","British","5","7","119,152","120,83","0","0","37","transfer:hfo-original:4:5:0","3767000037","119,152","120,83","0","24651419","0e6edda2c33f7392f7d32a3168c2af917c48807c3c42dea002ccabed2f94b365"
"975","fresh-dual-v1-0975","2","transfer","hfo-original","4","British","5","7","119,152","120,83","1","0","37","transfer:hfo-original:4:5:0","3767000037","119,152","120,83","0","24651419","0e6edda2c33f7392f7d32a3168c2af917c48807c3c42dea002ccabed2f94b365"
"976","fresh-dual-v1-0976","2","transfer","hfo-original","4","British","6","5","146,76","119,152","0","0","38","transfer:hfo-original:4:6:0","3767000038","146,76","119,152","0","24651419","0e6edda2c33f7392f7d32a3168c2af917c48807c3c42dea002ccabed2f94b365"
"977","fresh-dual-v1-0977","2","transfer","hfo-original","4","British","6","5","146,76","119,152","1","0","38","transfer:hfo-original:4:6:0","3767000038","146,76","119,152","0","24651419","0e6edda2c33f7392f7d32a3168c2af917c48807c3c42dea002ccabed2f94b365"
"978","fresh-dual-v1-0978","2","transfer","hfo-original","4","British","7","0","120,83","39,82","0","0","39","transfer:hfo-original:4:7:0","3767000039","120,83","39,82","0","24651419","0e6edda2c33f7392f7d32a3168c2af917c48807c3c42dea002ccabed2f94b365"
"979","fresh-dual-v1-0979","2","transfer","hfo-original","4","British","7","0","120,83","39,82","1","0","39","transfer:hfo-original:4:7:0","3767000039","120,83","39,82","0","24651419","0e6edda2c33f7392f7d32a3168c2af917c48807c3c42dea002ccabed2f94b365"
"980","fresh-dual-v1-0980","2","transfer","hfo-original","5","Africans","0","4","39,82","50,121","0","0","40","transfer:hfo-original:5:0:0","3767000040","39,82","50,121","0","24651419","0e6edda2c33f7392f7d32a3168c2af917c48807c3c42dea002ccabed2f94b365"
"981","fresh-dual-v1-0981","2","transfer","hfo-original","5","Africans","0","4","39,82","50,121","1","0","40","transfer:hfo-original:5:0:0","3767000040","39,82","50,121","0","24651419","0e6edda2c33f7392f7d32a3168c2af917c48807c3c42dea002ccabed2f94b365"
"982","fresh-dual-v1-0982","2","transfer","hfo-original","5","Africans","1","2","88,34","151,119","0","0","41","transfer:hfo-original:5:1:0","3767000041","88,34","151,119","0","24651419","0e6edda2c33f7392f7d32a3168c2af917c48807c3c42dea002ccabed2f94b365"
"983","fresh-dual-v1-0983","2","transfer","hfo-original","5","Africans","1","2","88,34","151,119","1","0","41","transfer:hfo-original:5:1:0","3767000041","88,34","151,119","0","24651419","0e6edda2c33f7392f7d32a3168c2af917c48807c3c42dea002ccabed2f94b365"
"984","fresh-dual-v1-0984","2","transfer","hfo-original","5","Africans","2","7","151,119","120,83","0","0","42","transfer:hfo-original:5:2:0","3767000042","151,119","120,83","0","24651419","0e6edda2c33f7392f7d32a3168c2af917c48807c3c42dea002ccabed2f94b365"
"985","fresh-dual-v1-0985","2","transfer","hfo-original","5","Africans","2","7","151,119","120,83","1","0","42","transfer:hfo-original:5:2:0","3767000042","151,119","120,83","0","24651419","0e6edda2c33f7392f7d32a3168c2af917c48807c3c42dea002ccabed2f94b365"
"986","fresh-dual-v1-0986","2","transfer","hfo-original","5","Africans","3","5","87,157","119,152","0","0","43","transfer:hfo-original:5:3:0","3767000043","87,157","119,152","0","24651419","0e6edda2c33f7392f7d32a3168c2af917c48807c3c42dea002ccabed2f94b365"
"987","fresh-dual-v1-0987","2","transfer","hfo-original","5","Africans","3","5","87,157","119,152","1","0","43","transfer:hfo-original:5:3:0","3767000043","87,157","119,152","0","24651419","0e6edda2c33f7392f7d32a3168c2af917c48807c3c42dea002ccabed2f94b365"
"988","fresh-dual-v1-0988","2","transfer","hfo-original","5","Africans","4","0","50,121","39,82","0","0","44","transfer:hfo-original:5:4:0","3767000044","50,121","39,82","0","24651419","0e6edda2c33f7392f7d32a3168c2af917c48807c3c42dea002ccabed2f94b365"
"989","fresh-dual-v1-0989","2","transfer","hfo-original","5","Africans","4","0","50,121","39,82","1","0","44","transfer:hfo-original:5:4:0","3767000044","50,121","39,82","0","24651419","0e6edda2c33f7392f7d32a3168c2af917c48807c3c42dea002ccabed2f94b365"
"990","fresh-dual-v1-0990","2","transfer","hfo-original","5","Africans","5","3","119,152","87,157","0","0","45","transfer:hfo-original:5:5:0","3767000045","119,152","87,157","0","24651419","0e6edda2c33f7392f7d32a3168c2af917c48807c3c42dea002ccabed2f94b365"
"991","fresh-dual-v1-0991","2","transfer","hfo-original","5","Africans","5","3","119,152","87,157","1","0","45","transfer:hfo-original:5:5:0","3767000045","119,152","87,157","0","24651419","0e6edda2c33f7392f7d32a3168c2af917c48807c3c42dea002ccabed2f94b365"
"992","fresh-dual-v1-0992","2","transfer","hfo-original","5","Africans","6","1","146,76","88,34","0","0","46","transfer:hfo-original:5:6:0","3767000046","146,76","88,34","0","24651419","0e6edda2c33f7392f7d32a3168c2af917c48807c3c42dea002ccabed2f94b365"
"993","fresh-dual-v1-0993","2","transfer","hfo-original","5","Africans","6","1","146,76","88,34","1","0","46","transfer:hfo-original:5:6:0","3767000046","146,76","88,34","0","24651419","0e6edda2c33f7392f7d32a3168c2af917c48807c3c42dea002ccabed2f94b365"
"994","fresh-dual-v1-0994","2","transfer","hfo-original","5","Africans","7","6","120,83","146,76","0","0","47","transfer:hfo-original:5:7:0","3767000047","120,83","146,76","0","24651419","0e6edda2c33f7392f7d32a3168c2af917c48807c3c42dea002ccabed2f94b365"
"995","fresh-dual-v1-0995","2","transfer","hfo-original","5","Africans","7","6","120,83","146,76","1","0","47","transfer:hfo-original:5:7:0","3767000047","120,83","146,76","0","24651419","0e6edda2c33f7392f7d32a3168c2af917c48807c3c42dea002ccabed2f94b365"
"996","fresh-dual-v1-0996","2","transfer","hfo-original","6","Arabs","0","5","39,82","119,152","0","0","48","transfer:hfo-original:6:0:0","3767000048","39,82","119,152","0","24651419","0e6edda2c33f7392f7d32a3168c2af917c48807c3c42dea002ccabed2f94b365"
"997","fresh-dual-v1-0997","2","transfer","hfo-original","6","Arabs","0","5","39,82","119,152","1","0","48","transfer:hfo-original:6:0:0","3767000048","39,82","119,152","0","24651419","0e6edda2c33f7392f7d32a3168c2af917c48807c3c42dea002ccabed2f94b365"
"998","fresh-dual-v1-0998","2","transfer","hfo-original","6","Arabs","1","7","88,34","120,83","0","0","49","transfer:hfo-original:6:1:0","3767000049","88,34","120,83","0","24651419","0e6edda2c33f7392f7d32a3168c2af917c48807c3c42dea002ccabed2f94b365"
"999","fresh-dual-v1-0999","2","transfer","hfo-original","6","Arabs","1","7","88,34","120,83","1","0","49","transfer:hfo-original:6:1:0","3767000049","88,34","120,83","0","24651419","0e6edda2c33f7392f7d32a3168c2af917c48807c3c42dea002ccabed2f94b365"
"1000","fresh-dual-v1-1000","2","transfer","hfo-original","6","Arabs","2","3","151,119","87,157","0","0","50","transfer:hfo-original:6:2:0","3767000050","151,119","87,157","0","24651419","0e6edda2c33f7392f7d32a3168c2af917c48807c3c42dea002ccabed2f94b365"
"1001","fresh-dual-v1-1001","2","transfer","hfo-original","6","Arabs","2","3","151,119","87,157","1","0","50","transfer:hfo-original:6:2:0","3767000050","151,119","87,157","0","24651419","0e6edda2c33f7392f7d32a3168c2af917c48807c3c42dea002ccabed2f94b365"
"1002","fresh-dual-v1-1002","2","transfer","hfo-original","6","Arabs","3","6","87,157","146,76","0","0","51","transfer:hfo-original:6:3:0","3767000051","87,157","146,76","0","24651419","0e6edda2c33f7392f7d32a3168c2af917c48807c3c42dea002ccabed2f94b365"
"1003","fresh-dual-v1-1003","2","transfer","hfo-original","6","Arabs","3","6","87,157","146,76","1","0","51","transfer:hfo-original:6:3:0","3767000051","87,157","146,76","0","24651419","0e6edda2c33f7392f7d32a3168c2af917c48807c3c42dea002ccabed2f94b365"
"1004","fresh-dual-v1-1004","2","transfer","hfo-original","6","Arabs","4","1","50,121","88,34","0","0","52","transfer:hfo-original:6:4:0","3767000052","50,121","88,34","0","24651419","0e6edda2c33f7392f7d32a3168c2af917c48807c3c42dea002ccabed2f94b365"
"1005","fresh-dual-v1-1005","2","transfer","hfo-original","6","Arabs","4","1","50,121","88,34","1","0","52","transfer:hfo-original:6:4:0","3767000052","50,121","88,34","0","24651419","0e6edda2c33f7392f7d32a3168c2af917c48807c3c42dea002ccabed2f94b365"
"1006","fresh-dual-v1-1006","2","transfer","hfo-original","6","Arabs","5","4","119,152","50,121","0","0","53","transfer:hfo-original:6:5:0","3767000053","119,152","50,121","0","24651419","0e6edda2c33f7392f7d32a3168c2af917c48807c3c42dea002ccabed2f94b365"
"1007","fresh-dual-v1-1007","2","transfer","hfo-original","6","Arabs","5","4","119,152","50,121","1","0","53","transfer:hfo-original:6:5:0","3767000053","119,152","50,121","0","24651419","0e6edda2c33f7392f7d32a3168c2af917c48807c3c42dea002ccabed2f94b365"
"1008","fresh-dual-v1-1008","2","transfer","hfo-original","6","Arabs","6","0","146,76","39,82","0","0","54","transfer:hfo-original:6:6:0","3767000054","146,76","39,82","0","24651419","0e6edda2c33f7392f7d32a3168c2af917c48807c3c42dea002ccabed2f94b365"
"1009","fresh-dual-v1-1009","2","transfer","hfo-original","6","Arabs","6","0","146,76","39,82","1","0","54","transfer:hfo-original:6:6:0","3767000054","146,76","39,82","0","24651419","0e6edda2c33f7392f7d32a3168c2af917c48807c3c42dea002ccabed2f94b365"
"1010","fresh-dual-v1-1010","2","transfer","hfo-original","6","Arabs","7","2","120,83","151,119","0","0","55","transfer:hfo-original:6:7:0","3767000055","120,83","151,119","0","24651419","0e6edda2c33f7392f7d32a3168c2af917c48807c3c42dea002ccabed2f94b365"
"1011","fresh-dual-v1-1011","2","transfer","hfo-original","6","Arabs","7","2","120,83","151,119","1","0","55","transfer:hfo-original:6:7:0","3767000055","120,83","151,119","0","24651419","0e6edda2c33f7392f7d32a3168c2af917c48807c3c42dea002ccabed2f94b365"
"1012","fresh-dual-v1-1012","2","transfer","hfo-original","7","Confederation","0","6","39,82","146,76","0","0","56","transfer:hfo-original:7:0:0","3767000056","39,82","146,76","0","24651419","0e6edda2c33f7392f7d32a3168c2af917c48807c3c42dea002ccabed2f94b365"
"1013","fresh-dual-v1-1013","2","transfer","hfo-original","7","Confederation","0","6","39,82","146,76","1","0","56","transfer:hfo-original:7:0:0","3767000056","39,82","146,76","0","24651419","0e6edda2c33f7392f7d32a3168c2af917c48807c3c42dea002ccabed2f94b365"
"1014","fresh-dual-v1-1014","2","transfer","hfo-original","7","Confederation","1","5","88,34","119,152","0","0","57","transfer:hfo-original:7:1:0","3767000057","88,34","119,152","0","24651419","0e6edda2c33f7392f7d32a3168c2af917c48807c3c42dea002ccabed2f94b365"
"1015","fresh-dual-v1-1015","2","transfer","hfo-original","7","Confederation","1","5","88,34","119,152","1","0","57","transfer:hfo-original:7:1:0","3767000057","88,34","119,152","0","24651419","0e6edda2c33f7392f7d32a3168c2af917c48807c3c42dea002ccabed2f94b365"
"1016","fresh-dual-v1-1016","2","transfer","hfo-original","7","Confederation","2","4","151,119","50,121","0","0","58","transfer:hfo-original:7:2:0","3767000058","151,119","50,121","0","24651419","0e6edda2c33f7392f7d32a3168c2af917c48807c3c42dea002ccabed2f94b365"
"1017","fresh-dual-v1-1017","2","transfer","hfo-original","7","Confederation","2","4","151,119","50,121","1","0","58","transfer:hfo-original:7:2:0","3767000058","151,119","50,121","0","24651419","0e6edda2c33f7392f7d32a3168c2af917c48807c3c42dea002ccabed2f94b365"
"1018","fresh-dual-v1-1018","2","transfer","hfo-original","7","Confederation","3","2","87,157","151,119","0","0","59","transfer:hfo-original:7:3:0","3767000059","87,157","151,119","0","24651419","0e6edda2c33f7392f7d32a3168c2af917c48807c3c42dea002ccabed2f94b365"
"1019","fresh-dual-v1-1019","2","transfer","hfo-original","7","Confederation","3","2","87,157","151,119","1","0","59","transfer:hfo-original:7:3:0","3767000059","87,157","151,119","0","24651419","0e6edda2c33f7392f7d32a3168c2af917c48807c3c42dea002ccabed2f94b365"
"1020","fresh-dual-v1-1020","2","transfer","hfo-original","7","Confederation","4","3","50,121","87,157","0","0","60","transfer:hfo-original:7:4:0","3767000060","50,121","87,157","0","24651419","0e6edda2c33f7392f7d32a3168c2af917c48807c3c42dea002ccabed2f94b365"
"1021","fresh-dual-v1-1021","2","transfer","hfo-original","7","Confederation","4","3","50,121","87,157","1","0","60","transfer:hfo-original:7:4:0","3767000060","50,121","87,157","0","24651419","0e6edda2c33f7392f7d32a3168c2af917c48807c3c42dea002ccabed2f94b365"
"1022","fresh-dual-v1-1022","2","transfer","hfo-original","7","Confederation","5","0","119,152","39,82","0","0","61","transfer:hfo-original:7:5:0","3767000061","119,152","39,82","0","24651419","0e6edda2c33f7392f7d32a3168c2af917c48807c3c42dea002ccabed2f94b365"
"1023","fresh-dual-v1-1023","2","transfer","hfo-original","7","Confederation","5","0","119,152","39,82","1","0","61","transfer:hfo-original:7:5:0","3767000061","119,152","39,82","0","24651419","0e6edda2c33f7392f7d32a3168c2af917c48807c3c42dea002ccabed2f94b365"
"1024","fresh-dual-v1-1024","2","transfer","hfo-original","7","Confederation","6","7","146,76","120,83","0","0","62","transfer:hfo-original:7:6:0","3767000062","146,76","120,83","0","24651419","0e6edda2c33f7392f7d32a3168c2af917c48807c3c42dea002ccabed2f94b365"
"1025","fresh-dual-v1-1025","2","transfer","hfo-original","7","Confederation","6","7","146,76","120,83","1","0","62","transfer:hfo-original:7:6:0","3767000062","146,76","120,83","0","24651419","0e6edda2c33f7392f7d32a3168c2af917c48807c3c42dea002ccabed2f94b365"
"1026","fresh-dual-v1-1026","2","transfer","hfo-original","7","Confederation","7","1","120,83","88,34","0","0","63","transfer:hfo-original:7:7:0","3767000063","120,83","88,34","0","24651419","0e6edda2c33f7392f7d32a3168c2af917c48807c3c42dea002ccabed2f94b365"
"1027","fresh-dual-v1-1027","2","transfer","hfo-original","7","Confederation","7","1","120,83","88,34","1","0","63","transfer:hfo-original:7:7:0","3767000063","120,83","88,34","0","24651419","0e6edda2c33f7392f7d32a3168c2af917c48807c3c42dea002ccabed2f94b365"
"1028","fresh-dual-v1-1028","2","transfer","hfo-original","8","Russians","0","7","39,82","120,83","0","0","64","transfer:hfo-original:8:0:0","3767000064","39,82","120,83","0","24651419","0e6edda2c33f7392f7d32a3168c2af917c48807c3c42dea002ccabed2f94b365"
"1029","fresh-dual-v1-1029","2","transfer","hfo-original","8","Russians","0","7","39,82","120,83","1","0","64","transfer:hfo-original:8:0:0","3767000064","39,82","120,83","0","24651419","0e6edda2c33f7392f7d32a3168c2af917c48807c3c42dea002ccabed2f94b365"
"1030","fresh-dual-v1-1030","2","transfer","hfo-original","8","Russians","1","4","88,34","50,121","0","0","65","transfer:hfo-original:8:1:0","3767000065","88,34","50,121","0","24651419","0e6edda2c33f7392f7d32a3168c2af917c48807c3c42dea002ccabed2f94b365"
"1031","fresh-dual-v1-1031","2","transfer","hfo-original","8","Russians","1","4","88,34","50,121","1","0","65","transfer:hfo-original:8:1:0","3767000065","88,34","50,121","0","24651419","0e6edda2c33f7392f7d32a3168c2af917c48807c3c42dea002ccabed2f94b365"
"1032","fresh-dual-v1-1032","2","transfer","hfo-original","8","Russians","2","3","151,119","87,157","0","0","66","transfer:hfo-original:8:2:0","3767000066","151,119","87,157","0","24651419","0e6edda2c33f7392f7d32a3168c2af917c48807c3c42dea002ccabed2f94b365"
"1033","fresh-dual-v1-1033","2","transfer","hfo-original","8","Russians","2","3","151,119","87,157","1","0","66","transfer:hfo-original:8:2:0","3767000066","151,119","87,157","0","24651419","0e6edda2c33f7392f7d32a3168c2af917c48807c3c42dea002ccabed2f94b365"
"1034","fresh-dual-v1-1034","2","transfer","hfo-original","8","Russians","3","0","87,157","39,82","0","0","67","transfer:hfo-original:8:3:0","3767000067","87,157","39,82","0","24651419","0e6edda2c33f7392f7d32a3168c2af917c48807c3c42dea002ccabed2f94b365"
"1035","fresh-dual-v1-1035","2","transfer","hfo-original","8","Russians","3","0","87,157","39,82","1","0","67","transfer:hfo-original:8:3:0","3767000067","87,157","39,82","0","24651419","0e6edda2c33f7392f7d32a3168c2af917c48807c3c42dea002ccabed2f94b365"
"1036","fresh-dual-v1-1036","2","transfer","hfo-original","8","Russians","4","1","50,121","88,34","0","0","68","transfer:hfo-original:8:4:0","3767000068","50,121","88,34","0","24651419","0e6edda2c33f7392f7d32a3168c2af917c48807c3c42dea002ccabed2f94b365"
"1037","fresh-dual-v1-1037","2","transfer","hfo-original","8","Russians","4","1","50,121","88,34","1","0","68","transfer:hfo-original:8:4:0","3767000068","50,121","88,34","0","24651419","0e6edda2c33f7392f7d32a3168c2af917c48807c3c42dea002ccabed2f94b365"
"1038","fresh-dual-v1-1038","2","transfer","hfo-original","8","Russians","5","6","119,152","146,76","0","0","69","transfer:hfo-original:8:5:0","3767000069","119,152","146,76","0","24651419","0e6edda2c33f7392f7d32a3168c2af917c48807c3c42dea002ccabed2f94b365"
"1039","fresh-dual-v1-1039","2","transfer","hfo-original","8","Russians","5","6","119,152","146,76","1","0","69","transfer:hfo-original:8:5:0","3767000069","119,152","146,76","0","24651419","0e6edda2c33f7392f7d32a3168c2af917c48807c3c42dea002ccabed2f94b365"
"1040","fresh-dual-v1-1040","2","transfer","hfo-original","8","Russians","6","2","146,76","151,119","0","0","70","transfer:hfo-original:8:6:0","3767000070","146,76","151,119","0","24651419","0e6edda2c33f7392f7d32a3168c2af917c48807c3c42dea002ccabed2f94b365"
"1041","fresh-dual-v1-1041","2","transfer","hfo-original","8","Russians","6","2","146,76","151,119","1","0","70","transfer:hfo-original:8:6:0","3767000070","146,76","151,119","0","24651419","0e6edda2c33f7392f7d32a3168c2af917c48807c3c42dea002ccabed2f94b365"
"1042","fresh-dual-v1-1042","2","transfer","hfo-original","8","Russians","7","5","120,83","119,152","0","0","71","transfer:hfo-original:8:7:0","3767000071","120,83","119,152","0","24651419","0e6edda2c33f7392f7d32a3168c2af917c48807c3c42dea002ccabed2f94b365"
"1043","fresh-dual-v1-1043","2","transfer","hfo-original","8","Russians","7","5","120,83","119,152","1","0","71","transfer:hfo-original:8:7:0","3767000071","120,83","119,152","0","24651419","0e6edda2c33f7392f7d32a3168c2af917c48807c3c42dea002ccabed2f94b365"
"1044","fresh-dual-v1-1044","3","transfer","hfo-golden","0","Americans","0","1","39,82","88,34","0","0","0","transfer:hfo-golden:0:0:0","3767010000","39,82","88,34","0","24651420","3a34a66c50c4826b67822638a01aef68979df2d054096dc31ec6081f36516d13"
"1045","fresh-dual-v1-1045","3","transfer","hfo-golden","0","Americans","0","1","39,82","88,34","1","0","0","transfer:hfo-golden:0:0:0","3767010000","39,82","88,34","0","24651420","3a34a66c50c4826b67822638a01aef68979df2d054096dc31ec6081f36516d13"
"1046","fresh-dual-v1-1046","3","transfer","hfo-golden","0","Americans","1","3","88,34","120,83","0","0","1","transfer:hfo-golden:0:1:0","3767010001","88,34","120,83","0","24651420","3a34a66c50c4826b67822638a01aef68979df2d054096dc31ec6081f36516d13"
"1047","fresh-dual-v1-1047","3","transfer","hfo-golden","0","Americans","1","3","88,34","120,83","1","0","1","transfer:hfo-golden:0:1:0","3767010001","88,34","120,83","0","24651420","3a34a66c50c4826b67822638a01aef68979df2d054096dc31ec6081f36516d13"
"1048","fresh-dual-v1-1048","3","transfer","hfo-golden","0","Americans","2","5","151,119","119,152","0","0","2","transfer:hfo-golden:0:2:0","3767010002","151,119","119,152","0","24651420","3a34a66c50c4826b67822638a01aef68979df2d054096dc31ec6081f36516d13"
"1049","fresh-dual-v1-1049","3","transfer","hfo-golden","0","Americans","2","5","151,119","119,152","1","0","2","transfer:hfo-golden:0:2:0","3767010002","151,119","119,152","0","24651420","3a34a66c50c4826b67822638a01aef68979df2d054096dc31ec6081f36516d13"
"1050","fresh-dual-v1-1050","3","transfer","hfo-golden","0","Americans","3","0","120,83","39,82","0","0","3","transfer:hfo-golden:0:3:0","3767010003","120,83","39,82","0","24651420","3a34a66c50c4826b67822638a01aef68979df2d054096dc31ec6081f36516d13"
"1051","fresh-dual-v1-1051","3","transfer","hfo-golden","0","Americans","3","0","120,83","39,82","1","0","3","transfer:hfo-golden:0:3:0","3767010003","120,83","39,82","0","24651420","3a34a66c50c4826b67822638a01aef68979df2d054096dc31ec6081f36516d13"
"1052","fresh-dual-v1-1052","3","transfer","hfo-golden","0","Americans","4","2","50,121","151,119","0","0","4","transfer:hfo-golden:0:4:0","3767010004","50,121","151,119","0","24651420","3a34a66c50c4826b67822638a01aef68979df2d054096dc31ec6081f36516d13"
"1053","fresh-dual-v1-1053","3","transfer","hfo-golden","0","Americans","4","2","50,121","151,119","1","0","4","transfer:hfo-golden:0:4:0","3767010004","50,121","151,119","0","24651420","3a34a66c50c4826b67822638a01aef68979df2d054096dc31ec6081f36516d13"
"1054","fresh-dual-v1-1054","3","transfer","hfo-golden","0","Americans","5","4","119,152","50,121","0","0","5","transfer:hfo-golden:0:5:0","3767010005","119,152","50,121","0","24651420","3a34a66c50c4826b67822638a01aef68979df2d054096dc31ec6081f36516d13"
"1055","fresh-dual-v1-1055","3","transfer","hfo-golden","0","Americans","5","4","119,152","50,121","1","0","5","transfer:hfo-golden:0:5:0","3767010005","119,152","50,121","0","24651420","3a34a66c50c4826b67822638a01aef68979df2d054096dc31ec6081f36516d13"
"1056","fresh-dual-v1-1056","3","transfer","hfo-golden","1","Alliance","0","3","39,82","120,83","0","0","6","transfer:hfo-golden:1:0:0","3767010006","39,82","120,83","0","24651420","3a34a66c50c4826b67822638a01aef68979df2d054096dc31ec6081f36516d13"
"1057","fresh-dual-v1-1057","3","transfer","hfo-golden","1","Alliance","0","3","39,82","120,83","1","0","6","transfer:hfo-golden:1:0:0","3767010006","39,82","120,83","0","24651420","3a34a66c50c4826b67822638a01aef68979df2d054096dc31ec6081f36516d13"
"1058","fresh-dual-v1-1058","3","transfer","hfo-golden","1","Alliance","1","0","88,34","39,82","0","0","7","transfer:hfo-golden:1:1:0","3767010007","88,34","39,82","0","24651420","3a34a66c50c4826b67822638a01aef68979df2d054096dc31ec6081f36516d13"
"1059","fresh-dual-v1-1059","3","transfer","hfo-golden","1","Alliance","1","0","88,34","39,82","1","0","7","transfer:hfo-golden:1:1:0","3767010007","88,34","39,82","0","24651420","3a34a66c50c4826b67822638a01aef68979df2d054096dc31ec6081f36516d13"
"1060","fresh-dual-v1-1060","3","transfer","hfo-golden","1","Alliance","2","4","151,119","50,121","0","0","8","transfer:hfo-golden:1:2:0","3767010008","151,119","50,121","0","24651420","3a34a66c50c4826b67822638a01aef68979df2d054096dc31ec6081f36516d13"
"1061","fresh-dual-v1-1061","3","transfer","hfo-golden","1","Alliance","2","4","151,119","50,121","1","0","8","transfer:hfo-golden:1:2:0","3767010008","151,119","50,121","0","24651420","3a34a66c50c4826b67822638a01aef68979df2d054096dc31ec6081f36516d13"
"1062","fresh-dual-v1-1062","3","transfer","hfo-golden","1","Alliance","3","1","120,83","88,34","0","0","9","transfer:hfo-golden:1:3:0","3767010009","120,83","88,34","0","24651420","3a34a66c50c4826b67822638a01aef68979df2d054096dc31ec6081f36516d13"
"1063","fresh-dual-v1-1063","3","transfer","hfo-golden","1","Alliance","3","1","120,83","88,34","1","0","9","transfer:hfo-golden:1:3:0","3767010009","120,83","88,34","0","24651420","3a34a66c50c4826b67822638a01aef68979df2d054096dc31ec6081f36516d13"
"1064","fresh-dual-v1-1064","3","transfer","hfo-golden","1","Alliance","4","5","50,121","119,152","0","0","10","transfer:hfo-golden:1:4:0","3767010010","50,121","119,152","0","24651420","3a34a66c50c4826b67822638a01aef68979df2d054096dc31ec6081f36516d13"
"1065","fresh-dual-v1-1065","3","transfer","hfo-golden","1","Alliance","4","5","50,121","119,152","1","0","10","transfer:hfo-golden:1:4:0","3767010010","50,121","119,152","0","24651420","3a34a66c50c4826b67822638a01aef68979df2d054096dc31ec6081f36516d13"
"1066","fresh-dual-v1-1066","3","transfer","hfo-golden","1","Alliance","5","2","119,152","151,119","0","0","11","transfer:hfo-golden:1:5:0","3767010011","119,152","151,119","0","24651420","3a34a66c50c4826b67822638a01aef68979df2d054096dc31ec6081f36516d13"
"1067","fresh-dual-v1-1067","3","transfer","hfo-golden","1","Alliance","5","2","119,152","151,119","1","0","11","transfer:hfo-golden:1:5:0","3767010011","119,152","151,119","0","24651420","3a34a66c50c4826b67822638a01aef68979df2d054096dc31ec6081f36516d13"
"1068","fresh-dual-v1-1068","3","transfer","hfo-golden","2","French","0","2","39,82","151,119","0","0","12","transfer:hfo-golden:2:0:0","3767010012","39,82","151,119","0","24651420","3a34a66c50c4826b67822638a01aef68979df2d054096dc31ec6081f36516d13"
"1069","fresh-dual-v1-1069","3","transfer","hfo-golden","2","French","0","2","39,82","151,119","1","0","12","transfer:hfo-golden:2:0:0","3767010012","39,82","151,119","0","24651420","3a34a66c50c4826b67822638a01aef68979df2d054096dc31ec6081f36516d13"
"1070","fresh-dual-v1-1070","3","transfer","hfo-golden","2","French","1","0","88,34","39,82","0","0","13","transfer:hfo-golden:2:1:0","3767010013","88,34","39,82","0","24651420","3a34a66c50c4826b67822638a01aef68979df2d054096dc31ec6081f36516d13"
"1071","fresh-dual-v1-1071","3","transfer","hfo-golden","2","French","1","0","88,34","39,82","1","0","13","transfer:hfo-golden:2:1:0","3767010013","88,34","39,82","0","24651420","3a34a66c50c4826b67822638a01aef68979df2d054096dc31ec6081f36516d13"
"1072","fresh-dual-v1-1072","3","transfer","hfo-golden","2","French","2","1","151,119","88,34","0","0","14","transfer:hfo-golden:2:2:0","3767010014","151,119","88,34","0","24651420","3a34a66c50c4826b67822638a01aef68979df2d054096dc31ec6081f36516d13"
"1073","fresh-dual-v1-1073","3","transfer","hfo-golden","2","French","2","1","151,119","88,34","1","0","14","transfer:hfo-golden:2:2:0","3767010014","151,119","88,34","0","24651420","3a34a66c50c4826b67822638a01aef68979df2d054096dc31ec6081f36516d13"
"1074","fresh-dual-v1-1074","3","transfer","hfo-golden","2","French","3","4","120,83","50,121","0","0","15","transfer:hfo-golden:2:3:0","3767010015","120,83","50,121","0","24651420","3a34a66c50c4826b67822638a01aef68979df2d054096dc31ec6081f36516d13"
"1075","fresh-dual-v1-1075","3","transfer","hfo-golden","2","French","3","4","120,83","50,121","1","0","15","transfer:hfo-golden:2:3:0","3767010015","120,83","50,121","0","24651420","3a34a66c50c4826b67822638a01aef68979df2d054096dc31ec6081f36516d13"
"1076","fresh-dual-v1-1076","3","transfer","hfo-golden","2","French","4","5","50,121","119,152","0","0","16","transfer:hfo-golden:2:4:0","3767010016","50,121","119,152","0","24651420","3a34a66c50c4826b67822638a01aef68979df2d054096dc31ec6081f36516d13"
"1077","fresh-dual-v1-1077","3","transfer","hfo-golden","2","French","4","5","50,121","119,152","1","0","16","transfer:hfo-golden:2:4:0","3767010016","50,121","119,152","0","24651420","3a34a66c50c4826b67822638a01aef68979df2d054096dc31ec6081f36516d13"
"1078","fresh-dual-v1-1078","3","transfer","hfo-golden","2","French","5","3","119,152","120,83","0","0","17","transfer:hfo-golden:2:5:0","3767010017","119,152","120,83","0","24651420","3a34a66c50c4826b67822638a01aef68979df2d054096dc31ec6081f36516d13"
"1079","fresh-dual-v1-1079","3","transfer","hfo-golden","2","French","5","3","119,152","120,83","1","0","17","transfer:hfo-golden:2:5:0","3767010017","119,152","120,83","0","24651420","3a34a66c50c4826b67822638a01aef68979df2d054096dc31ec6081f36516d13"
"1080","fresh-dual-v1-1080","3","transfer","hfo-golden","3","Germans","0","3","39,82","120,83","0","0","18","transfer:hfo-golden:3:0:0","3767010018","39,82","120,83","0","24651420","3a34a66c50c4826b67822638a01aef68979df2d054096dc31ec6081f36516d13"
"1081","fresh-dual-v1-1081","3","transfer","hfo-golden","3","Germans","0","3","39,82","120,83","1","0","18","transfer:hfo-golden:3:0:0","3767010018","39,82","120,83","0","24651420","3a34a66c50c4826b67822638a01aef68979df2d054096dc31ec6081f36516d13"
"1082","fresh-dual-v1-1082","3","transfer","hfo-golden","3","Germans","1","5","88,34","119,152","0","0","19","transfer:hfo-golden:3:1:0","3767010019","88,34","119,152","0","24651420","3a34a66c50c4826b67822638a01aef68979df2d054096dc31ec6081f36516d13"
"1083","fresh-dual-v1-1083","3","transfer","hfo-golden","3","Germans","1","5","88,34","119,152","1","0","19","transfer:hfo-golden:3:1:0","3767010019","88,34","119,152","0","24651420","3a34a66c50c4826b67822638a01aef68979df2d054096dc31ec6081f36516d13"
"1084","fresh-dual-v1-1084","3","transfer","hfo-golden","3","Germans","2","4","151,119","50,121","0","0","20","transfer:hfo-golden:3:2:0","3767010020","151,119","50,121","0","24651420","3a34a66c50c4826b67822638a01aef68979df2d054096dc31ec6081f36516d13"
"1085","fresh-dual-v1-1085","3","transfer","hfo-golden","3","Germans","2","4","151,119","50,121","1","0","20","transfer:hfo-golden:3:2:0","3767010020","151,119","50,121","0","24651420","3a34a66c50c4826b67822638a01aef68979df2d054096dc31ec6081f36516d13"
"1086","fresh-dual-v1-1086","3","transfer","hfo-golden","3","Germans","3","2","120,83","151,119","0","0","21","transfer:hfo-golden:3:3:0","3767010021","120,83","151,119","0","24651420","3a34a66c50c4826b67822638a01aef68979df2d054096dc31ec6081f36516d13"
"1087","fresh-dual-v1-1087","3","transfer","hfo-golden","3","Germans","3","2","120,83","151,119","1","0","21","transfer:hfo-golden:3:3:0","3767010021","120,83","151,119","0","24651420","3a34a66c50c4826b67822638a01aef68979df2d054096dc31ec6081f36516d13"
"1088","fresh-dual-v1-1088","3","transfer","hfo-golden","3","Germans","4","1","50,121","88,34","0","0","22","transfer:hfo-golden:3:4:0","3767010022","50,121","88,34","0","24651420","3a34a66c50c4826b67822638a01aef68979df2d054096dc31ec6081f36516d13"
"1089","fresh-dual-v1-1089","3","transfer","hfo-golden","3","Germans","4","1","50,121","88,34","1","0","22","transfer:hfo-golden:3:4:0","3767010022","50,121","88,34","0","24651420","3a34a66c50c4826b67822638a01aef68979df2d054096dc31ec6081f36516d13"
"1090","fresh-dual-v1-1090","3","transfer","hfo-golden","3","Germans","5","0","119,152","39,82","0","0","23","transfer:hfo-golden:3:5:0","3767010023","119,152","39,82","0","24651420","3a34a66c50c4826b67822638a01aef68979df2d054096dc31ec6081f36516d13"
"1091","fresh-dual-v1-1091","3","transfer","hfo-golden","3","Germans","5","0","119,152","39,82","1","0","23","transfer:hfo-golden:3:5:0","3767010023","119,152","39,82","0","24651420","3a34a66c50c4826b67822638a01aef68979df2d054096dc31ec6081f36516d13"
"1092","fresh-dual-v1-1092","3","transfer","hfo-golden","4","British","0","4","39,82","50,121","0","0","24","transfer:hfo-golden:4:0:0","3767010024","39,82","50,121","0","24651420","3a34a66c50c4826b67822638a01aef68979df2d054096dc31ec6081f36516d13"
"1093","fresh-dual-v1-1093","3","transfer","hfo-golden","4","British","0","4","39,82","50,121","1","0","24","transfer:hfo-golden:4:0:0","3767010024","39,82","50,121","0","24651420","3a34a66c50c4826b67822638a01aef68979df2d054096dc31ec6081f36516d13"
"1094","fresh-dual-v1-1094","3","transfer","hfo-golden","4","British","1","2","88,34","151,119","0","0","25","transfer:hfo-golden:4:1:0","3767010025","88,34","151,119","0","24651420","3a34a66c50c4826b67822638a01aef68979df2d054096dc31ec6081f36516d13"
"1095","fresh-dual-v1-1095","3","transfer","hfo-golden","4","British","1","2","88,34","151,119","1","0","25","transfer:hfo-golden:4:1:0","3767010025","88,34","151,119","0","24651420","3a34a66c50c4826b67822638a01aef68979df2d054096dc31ec6081f36516d13"
"1096","fresh-dual-v1-1096","3","transfer","hfo-golden","4","British","2","0","151,119","39,82","0","0","26","transfer:hfo-golden:4:2:0","3767010026","151,119","39,82","0","24651420","3a34a66c50c4826b67822638a01aef68979df2d054096dc31ec6081f36516d13"
"1097","fresh-dual-v1-1097","3","transfer","hfo-golden","4","British","2","0","151,119","39,82","1","0","26","transfer:hfo-golden:4:2:0","3767010026","151,119","39,82","0","24651420","3a34a66c50c4826b67822638a01aef68979df2d054096dc31ec6081f36516d13"
"1098","fresh-dual-v1-1098","3","transfer","hfo-golden","4","British","3","5","120,83","119,152","0","0","27","transfer:hfo-golden:4:3:0","3767010027","120,83","119,152","0","24651420","3a34a66c50c4826b67822638a01aef68979df2d054096dc31ec6081f36516d13"
"1099","fresh-dual-v1-1099","3","transfer","hfo-golden","4","British","3","5","120,83","119,152","1","0","27","transfer:hfo-golden:4:3:0","3767010027","120,83","119,152","0","24651420","3a34a66c50c4826b67822638a01aef68979df2d054096dc31ec6081f36516d13"
"1100","fresh-dual-v1-1100","3","transfer","hfo-golden","4","British","4","3","50,121","120,83","0","0","28","transfer:hfo-golden:4:4:0","3767010028","50,121","120,83","0","24651420","3a34a66c50c4826b67822638a01aef68979df2d054096dc31ec6081f36516d13"
"1101","fresh-dual-v1-1101","3","transfer","hfo-golden","4","British","4","3","50,121","120,83","1","0","28","transfer:hfo-golden:4:4:0","3767010028","50,121","120,83","0","24651420","3a34a66c50c4826b67822638a01aef68979df2d054096dc31ec6081f36516d13"
"1102","fresh-dual-v1-1102","3","transfer","hfo-golden","4","British","5","1","119,152","88,34","0","0","29","transfer:hfo-golden:4:5:0","3767010029","119,152","88,34","0","24651420","3a34a66c50c4826b67822638a01aef68979df2d054096dc31ec6081f36516d13"
"1103","fresh-dual-v1-1103","3","transfer","hfo-golden","4","British","5","1","119,152","88,34","1","0","29","transfer:hfo-golden:4:5:0","3767010029","119,152","88,34","0","24651420","3a34a66c50c4826b67822638a01aef68979df2d054096dc31ec6081f36516d13"
"1104","fresh-dual-v1-1104","3","transfer","hfo-golden","5","Africans","0","5","39,82","119,152","0","0","30","transfer:hfo-golden:5:0:0","3767010030","39,82","119,152","0","24651420","3a34a66c50c4826b67822638a01aef68979df2d054096dc31ec6081f36516d13"
"1105","fresh-dual-v1-1105","3","transfer","hfo-golden","5","Africans","0","5","39,82","119,152","1","0","30","transfer:hfo-golden:5:0:0","3767010030","39,82","119,152","0","24651420","3a34a66c50c4826b67822638a01aef68979df2d054096dc31ec6081f36516d13"
"1106","fresh-dual-v1-1106","3","transfer","hfo-golden","5","Africans","1","4","88,34","50,121","0","0","31","transfer:hfo-golden:5:1:0","3767010031","88,34","50,121","0","24651420","3a34a66c50c4826b67822638a01aef68979df2d054096dc31ec6081f36516d13"
"1107","fresh-dual-v1-1107","3","transfer","hfo-golden","5","Africans","1","4","88,34","50,121","1","0","31","transfer:hfo-golden:5:1:0","3767010031","88,34","50,121","0","24651420","3a34a66c50c4826b67822638a01aef68979df2d054096dc31ec6081f36516d13"
"1108","fresh-dual-v1-1108","3","transfer","hfo-golden","5","Africans","2","3","151,119","120,83","0","0","32","transfer:hfo-golden:5:2:0","3767010032","151,119","120,83","0","24651420","3a34a66c50c4826b67822638a01aef68979df2d054096dc31ec6081f36516d13"
"1109","fresh-dual-v1-1109","3","transfer","hfo-golden","5","Africans","2","3","151,119","120,83","1","0","32","transfer:hfo-golden:5:2:0","3767010032","151,119","120,83","0","24651420","3a34a66c50c4826b67822638a01aef68979df2d054096dc31ec6081f36516d13"
"1110","fresh-dual-v1-1110","3","transfer","hfo-golden","5","Africans","3","1","120,83","88,34","0","0","33","transfer:hfo-golden:5:3:0","3767010033","120,83","88,34","0","24651420","3a34a66c50c4826b67822638a01aef68979df2d054096dc31ec6081f36516d13"
"1111","fresh-dual-v1-1111","3","transfer","hfo-golden","5","Africans","3","1","120,83","88,34","1","0","33","transfer:hfo-golden:5:3:0","3767010033","120,83","88,34","0","24651420","3a34a66c50c4826b67822638a01aef68979df2d054096dc31ec6081f36516d13"
"1112","fresh-dual-v1-1112","3","transfer","hfo-golden","5","Africans","4","0","50,121","39,82","0","0","34","transfer:hfo-golden:5:4:0","3767010034","50,121","39,82","0","24651420","3a34a66c50c4826b67822638a01aef68979df2d054096dc31ec6081f36516d13"
"1113","fresh-dual-v1-1113","3","transfer","hfo-golden","5","Africans","4","0","50,121","39,82","1","0","34","transfer:hfo-golden:5:4:0","3767010034","50,121","39,82","0","24651420","3a34a66c50c4826b67822638a01aef68979df2d054096dc31ec6081f36516d13"
"1114","fresh-dual-v1-1114","3","transfer","hfo-golden","5","Africans","5","2","119,152","151,119","0","0","35","transfer:hfo-golden:5:5:0","3767010035","119,152","151,119","0","24651420","3a34a66c50c4826b67822638a01aef68979df2d054096dc31ec6081f36516d13"
"1115","fresh-dual-v1-1115","3","transfer","hfo-golden","5","Africans","5","2","119,152","151,119","1","0","35","transfer:hfo-golden:5:5:0","3767010035","119,152","151,119","0","24651420","3a34a66c50c4826b67822638a01aef68979df2d054096dc31ec6081f36516d13"
"1116","fresh-dual-v1-1116","3","transfer","hfo-golden","6","Arabs","0","4","39,82","50,121","0","0","36","transfer:hfo-golden:6:0:0","3767010036","39,82","50,121","0","24651420","3a34a66c50c4826b67822638a01aef68979df2d054096dc31ec6081f36516d13"
"1117","fresh-dual-v1-1117","3","transfer","hfo-golden","6","Arabs","0","4","39,82","50,121","1","0","36","transfer:hfo-golden:6:0:0","3767010036","39,82","50,121","0","24651420","3a34a66c50c4826b67822638a01aef68979df2d054096dc31ec6081f36516d13"
"1118","fresh-dual-v1-1118","3","transfer","hfo-golden","6","Arabs","1","5","88,34","119,152","0","0","37","transfer:hfo-golden:6:1:0","3767010037","88,34","119,152","0","24651420","3a34a66c50c4826b67822638a01aef68979df2d054096dc31ec6081f36516d13"
"1119","fresh-dual-v1-1119","3","transfer","hfo-golden","6","Arabs","1","5","88,34","119,152","1","0","37","transfer:hfo-golden:6:1:0","3767010037","88,34","119,152","0","24651420","3a34a66c50c4826b67822638a01aef68979df2d054096dc31ec6081f36516d13"
"1120","fresh-dual-v1-1120","3","transfer","hfo-golden","6","Arabs","2","3","151,119","120,83","0","0","38","transfer:hfo-golden:6:2:0","3767010038","151,119","120,83","0","24651420","3a34a66c50c4826b67822638a01aef68979df2d054096dc31ec6081f36516d13"
"1121","fresh-dual-v1-1121","3","transfer","hfo-golden","6","Arabs","2","3","151,119","120,83","1","0","38","transfer:hfo-golden:6:2:0","3767010038","151,119","120,83","0","24651420","3a34a66c50c4826b67822638a01aef68979df2d054096dc31ec6081f36516d13"
"1122","fresh-dual-v1-1122","3","transfer","hfo-golden","6","Arabs","3","2","120,83","151,119","0","0","39","transfer:hfo-golden:6:3:0","3767010039","120,83","151,119","0","24651420","3a34a66c50c4826b67822638a01aef68979df2d054096dc31ec6081f36516d13"
"1123","fresh-dual-v1-1123","3","transfer","hfo-golden","6","Arabs","3","2","120,83","151,119","1","0","39","transfer:hfo-golden:6:3:0","3767010039","120,83","151,119","0","24651420","3a34a66c50c4826b67822638a01aef68979df2d054096dc31ec6081f36516d13"
"1124","fresh-dual-v1-1124","3","transfer","hfo-golden","6","Arabs","4","0","50,121","39,82","0","0","40","transfer:hfo-golden:6:4:0","3767010040","50,121","39,82","0","24651420","3a34a66c50c4826b67822638a01aef68979df2d054096dc31ec6081f36516d13"
"1125","fresh-dual-v1-1125","3","transfer","hfo-golden","6","Arabs","4","0","50,121","39,82","1","0","40","transfer:hfo-golden:6:4:0","3767010040","50,121","39,82","0","24651420","3a34a66c50c4826b67822638a01aef68979df2d054096dc31ec6081f36516d13"
"1126","fresh-dual-v1-1126","3","transfer","hfo-golden","6","Arabs","5","1","119,152","88,34","0","0","41","transfer:hfo-golden:6:5:0","3767010041","119,152","88,34","0","24651420","3a34a66c50c4826b67822638a01aef68979df2d054096dc31ec6081f36516d13"
"1127","fresh-dual-v1-1127","3","transfer","hfo-golden","6","Arabs","5","1","119,152","88,34","1","0","41","transfer:hfo-golden:6:5:0","3767010041","119,152","88,34","0","24651420","3a34a66c50c4826b67822638a01aef68979df2d054096dc31ec6081f36516d13"
"1128","fresh-dual-v1-1128","3","transfer","hfo-golden","7","Confederation","0","2","39,82","151,119","0","0","42","transfer:hfo-golden:7:0:0","3767010042","39,82","151,119","0","24651420","3a34a66c50c4826b67822638a01aef68979df2d054096dc31ec6081f36516d13"
"1129","fresh-dual-v1-1129","3","transfer","hfo-golden","7","Confederation","0","2","39,82","151,119","1","0","42","transfer:hfo-golden:7:0:0","3767010042","39,82","151,119","0","24651420","3a34a66c50c4826b67822638a01aef68979df2d054096dc31ec6081f36516d13"
"1130","fresh-dual-v1-1130","3","transfer","hfo-golden","7","Confederation","1","4","88,34","50,121","0","0","43","transfer:hfo-golden:7:1:0","3767010043","88,34","50,121","0","24651420","3a34a66c50c4826b67822638a01aef68979df2d054096dc31ec6081f36516d13"
"1131","fresh-dual-v1-1131","3","transfer","hfo-golden","7","Confederation","1","4","88,34","50,121","1","0","43","transfer:hfo-golden:7:1:0","3767010043","88,34","50,121","0","24651420","3a34a66c50c4826b67822638a01aef68979df2d054096dc31ec6081f36516d13"
"1132","fresh-dual-v1-1132","3","transfer","hfo-golden","7","Confederation","2","1","151,119","88,34","0","0","44","transfer:hfo-golden:7:2:0","3767010044","151,119","88,34","0","24651420","3a34a66c50c4826b67822638a01aef68979df2d054096dc31ec6081f36516d13"
"1133","fresh-dual-v1-1133","3","transfer","hfo-golden","7","Confederation","2","1","151,119","88,34","1","0","44","transfer:hfo-golden:7:2:0","3767010044","151,119","88,34","0","24651420","3a34a66c50c4826b67822638a01aef68979df2d054096dc31ec6081f36516d13"
"1134","fresh-dual-v1-1134","3","transfer","hfo-golden","7","Confederation","3","5","120,83","119,152","0","0","45","transfer:hfo-golden:7:3:0","3767010045","120,83","119,152","0","24651420","3a34a66c50c4826b67822638a01aef68979df2d054096dc31ec6081f36516d13"
"1135","fresh-dual-v1-1135","3","transfer","hfo-golden","7","Confederation","3","5","120,83","119,152","1","0","45","transfer:hfo-golden:7:3:0","3767010045","120,83","119,152","0","24651420","3a34a66c50c4826b67822638a01aef68979df2d054096dc31ec6081f36516d13"
"1136","fresh-dual-v1-1136","3","transfer","hfo-golden","7","Confederation","4","3","50,121","120,83","0","0","46","transfer:hfo-golden:7:4:0","3767010046","50,121","120,83","0","24651420","3a34a66c50c4826b67822638a01aef68979df2d054096dc31ec6081f36516d13"
"1137","fresh-dual-v1-1137","3","transfer","hfo-golden","7","Confederation","4","3","50,121","120,83","1","0","46","transfer:hfo-golden:7:4:0","3767010046","50,121","120,83","0","24651420","3a34a66c50c4826b67822638a01aef68979df2d054096dc31ec6081f36516d13"
"1138","fresh-dual-v1-1138","3","transfer","hfo-golden","7","Confederation","5","0","119,152","39,82","0","0","47","transfer:hfo-golden:7:5:0","3767010047","119,152","39,82","0","24651420","3a34a66c50c4826b67822638a01aef68979df2d054096dc31ec6081f36516d13"
"1139","fresh-dual-v1-1139","3","transfer","hfo-golden","7","Confederation","5","0","119,152","39,82","1","0","47","transfer:hfo-golden:7:5:0","3767010047","119,152","39,82","0","24651420","3a34a66c50c4826b67822638a01aef68979df2d054096dc31ec6081f36516d13"
"1140","fresh-dual-v1-1140","3","transfer","hfo-golden","8","Russians","0","5","39,82","119,152","0","0","48","transfer:hfo-golden:8:0:0","3767010048","39,82","119,152","0","24651420","3a34a66c50c4826b67822638a01aef68979df2d054096dc31ec6081f36516d13"
"1141","fresh-dual-v1-1141","3","transfer","hfo-golden","8","Russians","0","5","39,82","119,152","1","0","48","transfer:hfo-golden:8:0:0","3767010048","39,82","119,152","0","24651420","3a34a66c50c4826b67822638a01aef68979df2d054096dc31ec6081f36516d13"
"1142","fresh-dual-v1-1142","3","transfer","hfo-golden","8","Russians","1","2","88,34","151,119","0","0","49","transfer:hfo-golden:8:1:0","3767010049","88,34","151,119","0","24651420","3a34a66c50c4826b67822638a01aef68979df2d054096dc31ec6081f36516d13"
"1143","fresh-dual-v1-1143","3","transfer","hfo-golden","8","Russians","1","2","88,34","151,119","1","0","49","transfer:hfo-golden:8:1:0","3767010049","88,34","151,119","0","24651420","3a34a66c50c4826b67822638a01aef68979df2d054096dc31ec6081f36516d13"
"1144","fresh-dual-v1-1144","3","transfer","hfo-golden","8","Russians","2","0","151,119","39,82","0","0","50","transfer:hfo-golden:8:2:0","3767010050","151,119","39,82","0","24651420","3a34a66c50c4826b67822638a01aef68979df2d054096dc31ec6081f36516d13"
"1145","fresh-dual-v1-1145","3","transfer","hfo-golden","8","Russians","2","0","151,119","39,82","1","0","50","transfer:hfo-golden:8:2:0","3767010050","151,119","39,82","0","24651420","3a34a66c50c4826b67822638a01aef68979df2d054096dc31ec6081f36516d13"
"1146","fresh-dual-v1-1146","3","transfer","hfo-golden","8","Russians","3","4","120,83","50,121","0","0","51","transfer:hfo-golden:8:3:0","3767010051","120,83","50,121","0","24651420","3a34a66c50c4826b67822638a01aef68979df2d054096dc31ec6081f36516d13"
"1147","fresh-dual-v1-1147","3","transfer","hfo-golden","8","Russians","3","4","120,83","50,121","1","0","51","transfer:hfo-golden:8:3:0","3767010051","120,83","50,121","0","24651420","3a34a66c50c4826b67822638a01aef68979df2d054096dc31ec6081f36516d13"
"1148","fresh-dual-v1-1148","3","transfer","hfo-golden","8","Russians","4","1","50,121","88,34","0","0","52","transfer:hfo-golden:8:4:0","3767010052","50,121","88,34","0","24651420","3a34a66c50c4826b67822638a01aef68979df2d054096dc31ec6081f36516d13"
"1149","fresh-dual-v1-1149","3","transfer","hfo-golden","8","Russians","4","1","50,121","88,34","1","0","52","transfer:hfo-golden:8:4:0","3767010052","50,121","88,34","0","24651420","3a34a66c50c4826b67822638a01aef68979df2d054096dc31ec6081f36516d13"
"1150","fresh-dual-v1-1150","3","transfer","hfo-golden","8","Russians","5","3","119,152","120,83","0","0","53","transfer:hfo-golden:8:5:0","3767010053","119,152","120,83","0","24651420","3a34a66c50c4826b67822638a01aef68979df2d054096dc31ec6081f36516d13"
"1151","fresh-dual-v1-1151","3","transfer","hfo-golden","8","Russians","5","3","119,152","120,83","1","0","53","transfer:hfo-golden:8:5:0","3767010053","119,152","120,83","0","24651420","3a34a66c50c4826b67822638a01aef68979df2d054096dc31ec6081f36516d13"
"1152","fresh-dual-v1-1152","4","transfer","hfo-corners","0","Americans","0","1","39,82","88,34","0","0","0","transfer:hfo-corners:0:0:0","3767020000","39,82","88,34","0","24651421","40d46c85cbbe679b9a5d893862412701a68bc30e7f22c67936f84096a91ad0ed"
"1153","fresh-dual-v1-1153","4","transfer","hfo-corners","0","Americans","0","1","39,82","88,34","1","0","0","transfer:hfo-corners:0:0:0","3767020000","39,82","88,34","0","24651421","40d46c85cbbe679b9a5d893862412701a68bc30e7f22c67936f84096a91ad0ed"
"1154","fresh-dual-v1-1154","4","transfer","hfo-corners","0","Americans","1","2","88,34","151,119","0","0","1","transfer:hfo-corners:0:1:0","3767020001","88,34","151,119","0","24651421","40d46c85cbbe679b9a5d893862412701a68bc30e7f22c67936f84096a91ad0ed"
"1155","fresh-dual-v1-1155","4","transfer","hfo-corners","0","Americans","1","2","88,34","151,119","1","0","1","transfer:hfo-corners:0:1:0","3767020001","88,34","151,119","0","24651421","40d46c85cbbe679b9a5d893862412701a68bc30e7f22c67936f84096a91ad0ed"
"1156","fresh-dual-v1-1156","4","transfer","hfo-corners","0","Americans","2","3","151,119","87,157","0","0","2","transfer:hfo-corners:0:2:0","3767020002","151,119","87,157","0","24651421","40d46c85cbbe679b9a5d893862412701a68bc30e7f22c67936f84096a91ad0ed"
"1157","fresh-dual-v1-1157","4","transfer","hfo-corners","0","Americans","2","3","151,119","87,157","1","0","2","transfer:hfo-corners:0:2:0","3767020002","151,119","87,157","0","24651421","40d46c85cbbe679b9a5d893862412701a68bc30e7f22c67936f84096a91ad0ed"
"1158","fresh-dual-v1-1158","4","transfer","hfo-corners","0","Americans","3","0","87,157","39,82","0","0","3","transfer:hfo-corners:0:3:0","3767020003","87,157","39,82","0","24651421","40d46c85cbbe679b9a5d893862412701a68bc30e7f22c67936f84096a91ad0ed"
"1159","fresh-dual-v1-1159","4","transfer","hfo-corners","0","Americans","3","0","87,157","39,82","1","0","3","transfer:hfo-corners:0:3:0","3767020003","87,157","39,82","0","24651421","40d46c85cbbe679b9a5d893862412701a68bc30e7f22c67936f84096a91ad0ed"
"1160","fresh-dual-v1-1160","4","transfer","hfo-corners","1","Alliance","0","2","39,82","151,119","0","0","4","transfer:hfo-corners:1:0:0","3767020004","39,82","151,119","0","24651421","40d46c85cbbe679b9a5d893862412701a68bc30e7f22c67936f84096a91ad0ed"
"1161","fresh-dual-v1-1161","4","transfer","hfo-corners","1","Alliance","0","2","39,82","151,119","1","0","4","transfer:hfo-corners:1:0:0","3767020004","39,82","151,119","0","24651421","40d46c85cbbe679b9a5d893862412701a68bc30e7f22c67936f84096a91ad0ed"
"1162","fresh-dual-v1-1162","4","transfer","hfo-corners","1","Alliance","1","3","88,34","87,157","0","0","5","transfer:hfo-corners:1:1:0","3767020005","88,34","87,157","0","24651421","40d46c85cbbe679b9a5d893862412701a68bc30e7f22c67936f84096a91ad0ed"
"1163","fresh-dual-v1-1163","4","transfer","hfo-corners","1","Alliance","1","3","88,34","87,157","1","0","5","transfer:hfo-corners:1:1:0","3767020005","88,34","87,157","0","24651421","40d46c85cbbe679b9a5d893862412701a68bc30e7f22c67936f84096a91ad0ed"
"1164","fresh-dual-v1-1164","4","transfer","hfo-corners","1","Alliance","2","0","151,119","39,82","0","0","6","transfer:hfo-corners:1:2:0","3767020006","151,119","39,82","0","24651421","40d46c85cbbe679b9a5d893862412701a68bc30e7f22c67936f84096a91ad0ed"
"1165","fresh-dual-v1-1165","4","transfer","hfo-corners","1","Alliance","2","0","151,119","39,82","1","0","6","transfer:hfo-corners:1:2:0","3767020006","151,119","39,82","0","24651421","40d46c85cbbe679b9a5d893862412701a68bc30e7f22c67936f84096a91ad0ed"
"1166","fresh-dual-v1-1166","4","transfer","hfo-corners","1","Alliance","3","1","87,157","88,34","0","0","7","transfer:hfo-corners:1:3:0","3767020007","87,157","88,34","0","24651421","40d46c85cbbe679b9a5d893862412701a68bc30e7f22c67936f84096a91ad0ed"
"1167","fresh-dual-v1-1167","4","transfer","hfo-corners","1","Alliance","3","1","87,157","88,34","1","0","7","transfer:hfo-corners:1:3:0","3767020007","87,157","88,34","0","24651421","40d46c85cbbe679b9a5d893862412701a68bc30e7f22c67936f84096a91ad0ed"
"1168","fresh-dual-v1-1168","4","transfer","hfo-corners","2","French","0","3","39,82","87,157","0","0","8","transfer:hfo-corners:2:0:0","3767020008","39,82","87,157","0","24651421","40d46c85cbbe679b9a5d893862412701a68bc30e7f22c67936f84096a91ad0ed"
"1169","fresh-dual-v1-1169","4","transfer","hfo-corners","2","French","0","3","39,82","87,157","1","0","8","transfer:hfo-corners:2:0:0","3767020008","39,82","87,157","0","24651421","40d46c85cbbe679b9a5d893862412701a68bc30e7f22c67936f84096a91ad0ed"
"1170","fresh-dual-v1-1170","4","transfer","hfo-corners","2","French","1","0","88,34","39,82","0","0","9","transfer:hfo-corners:2:1:0","3767020009","88,34","39,82","0","24651421","40d46c85cbbe679b9a5d893862412701a68bc30e7f22c67936f84096a91ad0ed"
"1171","fresh-dual-v1-1171","4","transfer","hfo-corners","2","French","1","0","88,34","39,82","1","0","9","transfer:hfo-corners:2:1:0","3767020009","88,34","39,82","0","24651421","40d46c85cbbe679b9a5d893862412701a68bc30e7f22c67936f84096a91ad0ed"
"1172","fresh-dual-v1-1172","4","transfer","hfo-corners","2","French","2","1","151,119","88,34","0","0","10","transfer:hfo-corners:2:2:0","3767020010","151,119","88,34","0","24651421","40d46c85cbbe679b9a5d893862412701a68bc30e7f22c67936f84096a91ad0ed"
"1173","fresh-dual-v1-1173","4","transfer","hfo-corners","2","French","2","1","151,119","88,34","1","0","10","transfer:hfo-corners:2:2:0","3767020010","151,119","88,34","0","24651421","40d46c85cbbe679b9a5d893862412701a68bc30e7f22c67936f84096a91ad0ed"
"1174","fresh-dual-v1-1174","4","transfer","hfo-corners","2","French","3","2","87,157","151,119","0","0","11","transfer:hfo-corners:2:3:0","3767020011","87,157","151,119","0","24651421","40d46c85cbbe679b9a5d893862412701a68bc30e7f22c67936f84096a91ad0ed"
"1175","fresh-dual-v1-1175","4","transfer","hfo-corners","2","French","3","2","87,157","151,119","1","0","11","transfer:hfo-corners:2:3:0","3767020011","87,157","151,119","0","24651421","40d46c85cbbe679b9a5d893862412701a68bc30e7f22c67936f84096a91ad0ed"
"1176","fresh-dual-v1-1176","4","transfer","hfo-corners","3","Germans","0","1","39,82","88,34","0","0","12","transfer:hfo-corners:3:0:0","3767020012","39,82","88,34","0","24651421","40d46c85cbbe679b9a5d893862412701a68bc30e7f22c67936f84096a91ad0ed"
"1177","fresh-dual-v1-1177","4","transfer","hfo-corners","3","Germans","0","1","39,82","88,34","1","0","12","transfer:hfo-corners:3:0:0","3767020012","39,82","88,34","0","24651421","40d46c85cbbe679b9a5d893862412701a68bc30e7f22c67936f84096a91ad0ed"
"1178","fresh-dual-v1-1178","4","transfer","hfo-corners","3","Germans","1","2","88,34","151,119","0","0","13","transfer:hfo-corners:3:1:0","3767020013","88,34","151,119","0","24651421","40d46c85cbbe679b9a5d893862412701a68bc30e7f22c67936f84096a91ad0ed"
"1179","fresh-dual-v1-1179","4","transfer","hfo-corners","3","Germans","1","2","88,34","151,119","1","0","13","transfer:hfo-corners:3:1:0","3767020013","88,34","151,119","0","24651421","40d46c85cbbe679b9a5d893862412701a68bc30e7f22c67936f84096a91ad0ed"
"1180","fresh-dual-v1-1180","4","transfer","hfo-corners","3","Germans","2","3","151,119","87,157","0","0","14","transfer:hfo-corners:3:2:0","3767020014","151,119","87,157","0","24651421","40d46c85cbbe679b9a5d893862412701a68bc30e7f22c67936f84096a91ad0ed"
"1181","fresh-dual-v1-1181","4","transfer","hfo-corners","3","Germans","2","3","151,119","87,157","1","0","14","transfer:hfo-corners:3:2:0","3767020014","151,119","87,157","0","24651421","40d46c85cbbe679b9a5d893862412701a68bc30e7f22c67936f84096a91ad0ed"
"1182","fresh-dual-v1-1182","4","transfer","hfo-corners","3","Germans","3","0","87,157","39,82","0","0","15","transfer:hfo-corners:3:3:0","3767020015","87,157","39,82","0","24651421","40d46c85cbbe679b9a5d893862412701a68bc30e7f22c67936f84096a91ad0ed"
"1183","fresh-dual-v1-1183","4","transfer","hfo-corners","3","Germans","3","0","87,157","39,82","1","0","15","transfer:hfo-corners:3:3:0","3767020015","87,157","39,82","0","24651421","40d46c85cbbe679b9a5d893862412701a68bc30e7f22c67936f84096a91ad0ed"
"1184","fresh-dual-v1-1184","4","transfer","hfo-corners","4","British","0","2","39,82","151,119","0","0","16","transfer:hfo-corners:4:0:0","3767020016","39,82","151,119","0","24651421","40d46c85cbbe679b9a5d893862412701a68bc30e7f22c67936f84096a91ad0ed"
"1185","fresh-dual-v1-1185","4","transfer","hfo-corners","4","British","0","2","39,82","151,119","1","0","16","transfer:hfo-corners:4:0:0","3767020016","39,82","151,119","0","24651421","40d46c85cbbe679b9a5d893862412701a68bc30e7f22c67936f84096a91ad0ed"
"1186","fresh-dual-v1-1186","4","transfer","hfo-corners","4","British","1","3","88,34","87,157","0","0","17","transfer:hfo-corners:4:1:0","3767020017","88,34","87,157","0","24651421","40d46c85cbbe679b9a5d893862412701a68bc30e7f22c67936f84096a91ad0ed"
"1187","fresh-dual-v1-1187","4","transfer","hfo-corners","4","British","1","3","88,34","87,157","1","0","17","transfer:hfo-corners:4:1:0","3767020017","88,34","87,157","0","24651421","40d46c85cbbe679b9a5d893862412701a68bc30e7f22c67936f84096a91ad0ed"
"1188","fresh-dual-v1-1188","4","transfer","hfo-corners","4","British","2","0","151,119","39,82","0","0","18","transfer:hfo-corners:4:2:0","3767020018","151,119","39,82","0","24651421","40d46c85cbbe679b9a5d893862412701a68bc30e7f22c67936f84096a91ad0ed"
"1189","fresh-dual-v1-1189","4","transfer","hfo-corners","4","British","2","0","151,119","39,82","1","0","18","transfer:hfo-corners:4:2:0","3767020018","151,119","39,82","0","24651421","40d46c85cbbe679b9a5d893862412701a68bc30e7f22c67936f84096a91ad0ed"
"1190","fresh-dual-v1-1190","4","transfer","hfo-corners","4","British","3","1","87,157","88,34","0","0","19","transfer:hfo-corners:4:3:0","3767020019","87,157","88,34","0","24651421","40d46c85cbbe679b9a5d893862412701a68bc30e7f22c67936f84096a91ad0ed"
"1191","fresh-dual-v1-1191","4","transfer","hfo-corners","4","British","3","1","87,157","88,34","1","0","19","transfer:hfo-corners:4:3:0","3767020019","87,157","88,34","0","24651421","40d46c85cbbe679b9a5d893862412701a68bc30e7f22c67936f84096a91ad0ed"
"1192","fresh-dual-v1-1192","4","transfer","hfo-corners","5","Africans","0","3","39,82","87,157","0","0","20","transfer:hfo-corners:5:0:0","3767020020","39,82","87,157","0","24651421","40d46c85cbbe679b9a5d893862412701a68bc30e7f22c67936f84096a91ad0ed"
"1193","fresh-dual-v1-1193","4","transfer","hfo-corners","5","Africans","0","3","39,82","87,157","1","0","20","transfer:hfo-corners:5:0:0","3767020020","39,82","87,157","0","24651421","40d46c85cbbe679b9a5d893862412701a68bc30e7f22c67936f84096a91ad0ed"
"1194","fresh-dual-v1-1194","4","transfer","hfo-corners","5","Africans","1","0","88,34","39,82","0","0","21","transfer:hfo-corners:5:1:0","3767020021","88,34","39,82","0","24651421","40d46c85cbbe679b9a5d893862412701a68bc30e7f22c67936f84096a91ad0ed"
"1195","fresh-dual-v1-1195","4","transfer","hfo-corners","5","Africans","1","0","88,34","39,82","1","0","21","transfer:hfo-corners:5:1:0","3767020021","88,34","39,82","0","24651421","40d46c85cbbe679b9a5d893862412701a68bc30e7f22c67936f84096a91ad0ed"
"1196","fresh-dual-v1-1196","4","transfer","hfo-corners","5","Africans","2","1","151,119","88,34","0","0","22","transfer:hfo-corners:5:2:0","3767020022","151,119","88,34","0","24651421","40d46c85cbbe679b9a5d893862412701a68bc30e7f22c67936f84096a91ad0ed"
"1197","fresh-dual-v1-1197","4","transfer","hfo-corners","5","Africans","2","1","151,119","88,34","1","0","22","transfer:hfo-corners:5:2:0","3767020022","151,119","88,34","0","24651421","40d46c85cbbe679b9a5d893862412701a68bc30e7f22c67936f84096a91ad0ed"
"1198","fresh-dual-v1-1198","4","transfer","hfo-corners","5","Africans","3","2","87,157","151,119","0","0","23","transfer:hfo-corners:5:3:0","3767020023","87,157","151,119","0","24651421","40d46c85cbbe679b9a5d893862412701a68bc30e7f22c67936f84096a91ad0ed"
"1199","fresh-dual-v1-1199","4","transfer","hfo-corners","5","Africans","3","2","87,157","151,119","1","0","23","transfer:hfo-corners:5:3:0","3767020023","87,157","151,119","0","24651421","40d46c85cbbe679b9a5d893862412701a68bc30e7f22c67936f84096a91ad0ed"
"1200","fresh-dual-v1-1200","4","transfer","hfo-corners","6","Arabs","0","1","39,82","88,34","0","0","24","transfer:hfo-corners:6:0:0","3767020024","39,82","88,34","0","24651421","40d46c85cbbe679b9a5d893862412701a68bc30e7f22c67936f84096a91ad0ed"
"1201","fresh-dual-v1-1201","4","transfer","hfo-corners","6","Arabs","0","1","39,82","88,34","1","0","24","transfer:hfo-corners:6:0:0","3767020024","39,82","88,34","0","24651421","40d46c85cbbe679b9a5d893862412701a68bc30e7f22c67936f84096a91ad0ed"
"1202","fresh-dual-v1-1202","4","transfer","hfo-corners","6","Arabs","1","2","88,34","151,119","0","0","25","transfer:hfo-corners:6:1:0","3767020025","88,34","151,119","0","24651421","40d46c85cbbe679b9a5d893862412701a68bc30e7f22c67936f84096a91ad0ed"
"1203","fresh-dual-v1-1203","4","transfer","hfo-corners","6","Arabs","1","2","88,34","151,119","1","0","25","transfer:hfo-corners:6:1:0","3767020025","88,34","151,119","0","24651421","40d46c85cbbe679b9a5d893862412701a68bc30e7f22c67936f84096a91ad0ed"
"1204","fresh-dual-v1-1204","4","transfer","hfo-corners","6","Arabs","2","3","151,119","87,157","0","0","26","transfer:hfo-corners:6:2:0","3767020026","151,119","87,157","0","24651421","40d46c85cbbe679b9a5d893862412701a68bc30e7f22c67936f84096a91ad0ed"
"1205","fresh-dual-v1-1205","4","transfer","hfo-corners","6","Arabs","2","3","151,119","87,157","1","0","26","transfer:hfo-corners:6:2:0","3767020026","151,119","87,157","0","24651421","40d46c85cbbe679b9a5d893862412701a68bc30e7f22c67936f84096a91ad0ed"
"1206","fresh-dual-v1-1206","4","transfer","hfo-corners","6","Arabs","3","0","87,157","39,82","0","0","27","transfer:hfo-corners:6:3:0","3767020027","87,157","39,82","0","24651421","40d46c85cbbe679b9a5d893862412701a68bc30e7f22c67936f84096a91ad0ed"
"1207","fresh-dual-v1-1207","4","transfer","hfo-corners","6","Arabs","3","0","87,157","39,82","1","0","27","transfer:hfo-corners:6:3:0","3767020027","87,157","39,82","0","24651421","40d46c85cbbe679b9a5d893862412701a68bc30e7f22c67936f84096a91ad0ed"
"1208","fresh-dual-v1-1208","4","transfer","hfo-corners","7","Confederation","0","2","39,82","151,119","0","0","28","transfer:hfo-corners:7:0:0","3767020028","39,82","151,119","0","24651421","40d46c85cbbe679b9a5d893862412701a68bc30e7f22c67936f84096a91ad0ed"
"1209","fresh-dual-v1-1209","4","transfer","hfo-corners","7","Confederation","0","2","39,82","151,119","1","0","28","transfer:hfo-corners:7:0:0","3767020028","39,82","151,119","0","24651421","40d46c85cbbe679b9a5d893862412701a68bc30e7f22c67936f84096a91ad0ed"
"1210","fresh-dual-v1-1210","4","transfer","hfo-corners","7","Confederation","1","3","88,34","87,157","0","0","29","transfer:hfo-corners:7:1:0","3767020029","88,34","87,157","0","24651421","40d46c85cbbe679b9a5d893862412701a68bc30e7f22c67936f84096a91ad0ed"
"1211","fresh-dual-v1-1211","4","transfer","hfo-corners","7","Confederation","1","3","88,34","87,157","1","0","29","transfer:hfo-corners:7:1:0","3767020029","88,34","87,157","0","24651421","40d46c85cbbe679b9a5d893862412701a68bc30e7f22c67936f84096a91ad0ed"
"1212","fresh-dual-v1-1212","4","transfer","hfo-corners","7","Confederation","2","0","151,119","39,82","0","0","30","transfer:hfo-corners:7:2:0","3767020030","151,119","39,82","0","24651421","40d46c85cbbe679b9a5d893862412701a68bc30e7f22c67936f84096a91ad0ed"
"1213","fresh-dual-v1-1213","4","transfer","hfo-corners","7","Confederation","2","0","151,119","39,82","1","0","30","transfer:hfo-corners:7:2:0","3767020030","151,119","39,82","0","24651421","40d46c85cbbe679b9a5d893862412701a68bc30e7f22c67936f84096a91ad0ed"
"1214","fresh-dual-v1-1214","4","transfer","hfo-corners","7","Confederation","3","1","87,157","88,34","0","0","31","transfer:hfo-corners:7:3:0","3767020031","87,157","88,34","0","24651421","40d46c85cbbe679b9a5d893862412701a68bc30e7f22c67936f84096a91ad0ed"
"1215","fresh-dual-v1-1215","4","transfer","hfo-corners","7","Confederation","3","1","87,157","88,34","1","0","31","transfer:hfo-corners:7:3:0","3767020031","87,157","88,34","0","24651421","40d46c85cbbe679b9a5d893862412701a68bc30e7f22c67936f84096a91ad0ed"
"1216","fresh-dual-v1-1216","4","transfer","hfo-corners","8","Russians","0","3","39,82","87,157","0","0","32","transfer:hfo-corners:8:0:0","3767020032","39,82","87,157","0","24651421","40d46c85cbbe679b9a5d893862412701a68bc30e7f22c67936f84096a91ad0ed"
"1217","fresh-dual-v1-1217","4","transfer","hfo-corners","8","Russians","0","3","39,82","87,157","1","0","32","transfer:hfo-corners:8:0:0","3767020032","39,82","87,157","0","24651421","40d46c85cbbe679b9a5d893862412701a68bc30e7f22c67936f84096a91ad0ed"
"1218","fresh-dual-v1-1218","4","transfer","hfo-corners","8","Russians","1","0","88,34","39,82","0","0","33","transfer:hfo-corners:8:1:0","3767020033","88,34","39,82","0","24651421","40d46c85cbbe679b9a5d893862412701a68bc30e7f22c67936f84096a91ad0ed"
"1219","fresh-dual-v1-1219","4","transfer","hfo-corners","8","Russians","1","0","88,34","39,82","1","0","33","transfer:hfo-corners:8:1:0","3767020033","88,34","39,82","0","24651421","40d46c85cbbe679b9a5d893862412701a68bc30e7f22c67936f84096a91ad0ed"
"1220","fresh-dual-v1-1220","4","transfer","hfo-corners","8","Russians","2","1","151,119","88,34","0","0","34","transfer:hfo-corners:8:2:0","3767020034","151,119","88,34","0","24651421","40d46c85cbbe679b9a5d893862412701a68bc30e7f22c67936f84096a91ad0ed"
"1221","fresh-dual-v1-1221","4","transfer","hfo-corners","8","Russians","2","1","151,119","88,34","1","0","34","transfer:hfo-corners:8:2:0","3767020034","151,119","88,34","0","24651421","40d46c85cbbe679b9a5d893862412701a68bc30e7f22c67936f84096a91ad0ed"
"1222","fresh-dual-v1-1222","4","transfer","hfo-corners","8","Russians","3","2","87,157","151,119","0","0","35","transfer:hfo-corners:8:3:0","3767020035","87,157","151,119","0","24651421","40d46c85cbbe679b9a5d893862412701a68bc30e7f22c67936f84096a91ad0ed"
"1223","fresh-dual-v1-1223","4","transfer","hfo-corners","8","Russians","3","2","87,157","151,119","1","0","35","transfer:hfo-corners:8:3:0","3767020035","87,157","151,119","0","24651421","40d46c85cbbe679b9a5d893862412701a68bc30e7f22c67936f84096a91ad0ed"
"1224","fresh-dual-v1-1224","5","transfer","hfo-corners-b","0","Americans","0","1","39,82","88,34","0","0","0","transfer:hfo-corners-b:0:0:0","3767030000","39,82","88,34","0","24651422","6c1bd5eef798b590049a5d56d9ef558f6e4baa55ea04278ea2ee042bb23358df"
"1225","fresh-dual-v1-1225","5","transfer","hfo-corners-b","0","Americans","0","1","39,82","88,34","1","0","0","transfer:hfo-corners-b:0:0:0","3767030000","39,82","88,34","0","24651422","6c1bd5eef798b590049a5d56d9ef558f6e4baa55ea04278ea2ee042bb23358df"
"1226","fresh-dual-v1-1226","5","transfer","hfo-corners-b","0","Americans","1","2","88,34","151,119","0","0","1","transfer:hfo-corners-b:0:1:0","3767030001","88,34","151,119","0","24651422","6c1bd5eef798b590049a5d56d9ef558f6e4baa55ea04278ea2ee042bb23358df"
"1227","fresh-dual-v1-1227","5","transfer","hfo-corners-b","0","Americans","1","2","88,34","151,119","1","0","1","transfer:hfo-corners-b:0:1:0","3767030001","88,34","151,119","0","24651422","6c1bd5eef798b590049a5d56d9ef558f6e4baa55ea04278ea2ee042bb23358df"
"1228","fresh-dual-v1-1228","5","transfer","hfo-corners-b","0","Americans","2","3","151,119","119,152","0","0","2","transfer:hfo-corners-b:0:2:0","3767030002","151,119","119,152","0","24651422","6c1bd5eef798b590049a5d56d9ef558f6e4baa55ea04278ea2ee042bb23358df"
"1229","fresh-dual-v1-1229","5","transfer","hfo-corners-b","0","Americans","2","3","151,119","119,152","1","0","2","transfer:hfo-corners-b:0:2:0","3767030002","151,119","119,152","0","24651422","6c1bd5eef798b590049a5d56d9ef558f6e4baa55ea04278ea2ee042bb23358df"
"1230","fresh-dual-v1-1230","5","transfer","hfo-corners-b","0","Americans","3","0","119,152","39,82","0","0","3","transfer:hfo-corners-b:0:3:0","3767030003","119,152","39,82","0","24651422","6c1bd5eef798b590049a5d56d9ef558f6e4baa55ea04278ea2ee042bb23358df"
"1231","fresh-dual-v1-1231","5","transfer","hfo-corners-b","0","Americans","3","0","119,152","39,82","1","0","3","transfer:hfo-corners-b:0:3:0","3767030003","119,152","39,82","0","24651422","6c1bd5eef798b590049a5d56d9ef558f6e4baa55ea04278ea2ee042bb23358df"
"1232","fresh-dual-v1-1232","5","transfer","hfo-corners-b","1","Alliance","0","2","39,82","151,119","0","0","4","transfer:hfo-corners-b:1:0:0","3767030004","39,82","151,119","0","24651422","6c1bd5eef798b590049a5d56d9ef558f6e4baa55ea04278ea2ee042bb23358df"
"1233","fresh-dual-v1-1233","5","transfer","hfo-corners-b","1","Alliance","0","2","39,82","151,119","1","0","4","transfer:hfo-corners-b:1:0:0","3767030004","39,82","151,119","0","24651422","6c1bd5eef798b590049a5d56d9ef558f6e4baa55ea04278ea2ee042bb23358df"
"1234","fresh-dual-v1-1234","5","transfer","hfo-corners-b","1","Alliance","1","3","88,34","119,152","0","0","5","transfer:hfo-corners-b:1:1:0","3767030005","88,34","119,152","0","24651422","6c1bd5eef798b590049a5d56d9ef558f6e4baa55ea04278ea2ee042bb23358df"
"1235","fresh-dual-v1-1235","5","transfer","hfo-corners-b","1","Alliance","1","3","88,34","119,152","1","0","5","transfer:hfo-corners-b:1:1:0","3767030005","88,34","119,152","0","24651422","6c1bd5eef798b590049a5d56d9ef558f6e4baa55ea04278ea2ee042bb23358df"
"1236","fresh-dual-v1-1236","5","transfer","hfo-corners-b","1","Alliance","2","0","151,119","39,82","0","0","6","transfer:hfo-corners-b:1:2:0","3767030006","151,119","39,82","0","24651422","6c1bd5eef798b590049a5d56d9ef558f6e4baa55ea04278ea2ee042bb23358df"
"1237","fresh-dual-v1-1237","5","transfer","hfo-corners-b","1","Alliance","2","0","151,119","39,82","1","0","6","transfer:hfo-corners-b:1:2:0","3767030006","151,119","39,82","0","24651422","6c1bd5eef798b590049a5d56d9ef558f6e4baa55ea04278ea2ee042bb23358df"
"1238","fresh-dual-v1-1238","5","transfer","hfo-corners-b","1","Alliance","3","1","119,152","88,34","0","0","7","transfer:hfo-corners-b:1:3:0","3767030007","119,152","88,34","0","24651422","6c1bd5eef798b590049a5d56d9ef558f6e4baa55ea04278ea2ee042bb23358df"
"1239","fresh-dual-v1-1239","5","transfer","hfo-corners-b","1","Alliance","3","1","119,152","88,34","1","0","7","transfer:hfo-corners-b:1:3:0","3767030007","119,152","88,34","0","24651422","6c1bd5eef798b590049a5d56d9ef558f6e4baa55ea04278ea2ee042bb23358df"
"1240","fresh-dual-v1-1240","5","transfer","hfo-corners-b","2","French","0","3","39,82","119,152","0","0","8","transfer:hfo-corners-b:2:0:0","3767030008","39,82","119,152","0","24651422","6c1bd5eef798b590049a5d56d9ef558f6e4baa55ea04278ea2ee042bb23358df"
"1241","fresh-dual-v1-1241","5","transfer","hfo-corners-b","2","French","0","3","39,82","119,152","1","0","8","transfer:hfo-corners-b:2:0:0","3767030008","39,82","119,152","0","24651422","6c1bd5eef798b590049a5d56d9ef558f6e4baa55ea04278ea2ee042bb23358df"
"1242","fresh-dual-v1-1242","5","transfer","hfo-corners-b","2","French","1","0","88,34","39,82","0","0","9","transfer:hfo-corners-b:2:1:0","3767030009","88,34","39,82","0","24651422","6c1bd5eef798b590049a5d56d9ef558f6e4baa55ea04278ea2ee042bb23358df"
"1243","fresh-dual-v1-1243","5","transfer","hfo-corners-b","2","French","1","0","88,34","39,82","1","0","9","transfer:hfo-corners-b:2:1:0","3767030009","88,34","39,82","0","24651422","6c1bd5eef798b590049a5d56d9ef558f6e4baa55ea04278ea2ee042bb23358df"
"1244","fresh-dual-v1-1244","5","transfer","hfo-corners-b","2","French","2","1","151,119","88,34","0","0","10","transfer:hfo-corners-b:2:2:0","3767030010","151,119","88,34","0","24651422","6c1bd5eef798b590049a5d56d9ef558f6e4baa55ea04278ea2ee042bb23358df"
"1245","fresh-dual-v1-1245","5","transfer","hfo-corners-b","2","French","2","1","151,119","88,34","1","0","10","transfer:hfo-corners-b:2:2:0","3767030010","151,119","88,34","0","24651422","6c1bd5eef798b590049a5d56d9ef558f6e4baa55ea04278ea2ee042bb23358df"
"1246","fresh-dual-v1-1246","5","transfer","hfo-corners-b","2","French","3","2","119,152","151,119","0","0","11","transfer:hfo-corners-b:2:3:0","3767030011","119,152","151,119","0","24651422","6c1bd5eef798b590049a5d56d9ef558f6e4baa55ea04278ea2ee042bb23358df"
"1247","fresh-dual-v1-1247","5","transfer","hfo-corners-b","2","French","3","2","119,152","151,119","1","0","11","transfer:hfo-corners-b:2:3:0","3767030011","119,152","151,119","0","24651422","6c1bd5eef798b590049a5d56d9ef558f6e4baa55ea04278ea2ee042bb23358df"
"1248","fresh-dual-v1-1248","5","transfer","hfo-corners-b","3","Germans","0","1","39,82","88,34","0","0","12","transfer:hfo-corners-b:3:0:0","3767030012","39,82","88,34","0","24651422","6c1bd5eef798b590049a5d56d9ef558f6e4baa55ea04278ea2ee042bb23358df"
"1249","fresh-dual-v1-1249","5","transfer","hfo-corners-b","3","Germans","0","1","39,82","88,34","1","0","12","transfer:hfo-corners-b:3:0:0","3767030012","39,82","88,34","0","24651422","6c1bd5eef798b590049a5d56d9ef558f6e4baa55ea04278ea2ee042bb23358df"
"1250","fresh-dual-v1-1250","5","transfer","hfo-corners-b","3","Germans","1","2","88,34","151,119","0","0","13","transfer:hfo-corners-b:3:1:0","3767030013","88,34","151,119","0","24651422","6c1bd5eef798b590049a5d56d9ef558f6e4baa55ea04278ea2ee042bb23358df"
"1251","fresh-dual-v1-1251","5","transfer","hfo-corners-b","3","Germans","1","2","88,34","151,119","1","0","13","transfer:hfo-corners-b:3:1:0","3767030013","88,34","151,119","0","24651422","6c1bd5eef798b590049a5d56d9ef558f6e4baa55ea04278ea2ee042bb23358df"
"1252","fresh-dual-v1-1252","5","transfer","hfo-corners-b","3","Germans","2","3","151,119","119,152","0","0","14","transfer:hfo-corners-b:3:2:0","3767030014","151,119","119,152","0","24651422","6c1bd5eef798b590049a5d56d9ef558f6e4baa55ea04278ea2ee042bb23358df"
"1253","fresh-dual-v1-1253","5","transfer","hfo-corners-b","3","Germans","2","3","151,119","119,152","1","0","14","transfer:hfo-corners-b:3:2:0","3767030014","151,119","119,152","0","24651422","6c1bd5eef798b590049a5d56d9ef558f6e4baa55ea04278ea2ee042bb23358df"
"1254","fresh-dual-v1-1254","5","transfer","hfo-corners-b","3","Germans","3","0","119,152","39,82","0","0","15","transfer:hfo-corners-b:3:3:0","3767030015","119,152","39,82","0","24651422","6c1bd5eef798b590049a5d56d9ef558f6e4baa55ea04278ea2ee042bb23358df"
"1255","fresh-dual-v1-1255","5","transfer","hfo-corners-b","3","Germans","3","0","119,152","39,82","1","0","15","transfer:hfo-corners-b:3:3:0","3767030015","119,152","39,82","0","24651422","6c1bd5eef798b590049a5d56d9ef558f6e4baa55ea04278ea2ee042bb23358df"
"1256","fresh-dual-v1-1256","5","transfer","hfo-corners-b","4","British","0","2","39,82","151,119","0","0","16","transfer:hfo-corners-b:4:0:0","3767030016","39,82","151,119","0","24651422","6c1bd5eef798b590049a5d56d9ef558f6e4baa55ea04278ea2ee042bb23358df"
"1257","fresh-dual-v1-1257","5","transfer","hfo-corners-b","4","British","0","2","39,82","151,119","1","0","16","transfer:hfo-corners-b:4:0:0","3767030016","39,82","151,119","0","24651422","6c1bd5eef798b590049a5d56d9ef558f6e4baa55ea04278ea2ee042bb23358df"
"1258","fresh-dual-v1-1258","5","transfer","hfo-corners-b","4","British","1","3","88,34","119,152","0","0","17","transfer:hfo-corners-b:4:1:0","3767030017","88,34","119,152","0","24651422","6c1bd5eef798b590049a5d56d9ef558f6e4baa55ea04278ea2ee042bb23358df"
"1259","fresh-dual-v1-1259","5","transfer","hfo-corners-b","4","British","1","3","88,34","119,152","1","0","17","transfer:hfo-corners-b:4:1:0","3767030017","88,34","119,152","0","24651422","6c1bd5eef798b590049a5d56d9ef558f6e4baa55ea04278ea2ee042bb23358df"
"1260","fresh-dual-v1-1260","5","transfer","hfo-corners-b","4","British","2","0","151,119","39,82","0","0","18","transfer:hfo-corners-b:4:2:0","3767030018","151,119","39,82","0","24651422","6c1bd5eef798b590049a5d56d9ef558f6e4baa55ea04278ea2ee042bb23358df"
"1261","fresh-dual-v1-1261","5","transfer","hfo-corners-b","4","British","2","0","151,119","39,82","1","0","18","transfer:hfo-corners-b:4:2:0","3767030018","151,119","39,82","0","24651422","6c1bd5eef798b590049a5d56d9ef558f6e4baa55ea04278ea2ee042bb23358df"
"1262","fresh-dual-v1-1262","5","transfer","hfo-corners-b","4","British","3","1","119,152","88,34","0","0","19","transfer:hfo-corners-b:4:3:0","3767030019","119,152","88,34","0","24651422","6c1bd5eef798b590049a5d56d9ef558f6e4baa55ea04278ea2ee042bb23358df"
"1263","fresh-dual-v1-1263","5","transfer","hfo-corners-b","4","British","3","1","119,152","88,34","1","0","19","transfer:hfo-corners-b:4:3:0","3767030019","119,152","88,34","0","24651422","6c1bd5eef798b590049a5d56d9ef558f6e4baa55ea04278ea2ee042bb23358df"
"1264","fresh-dual-v1-1264","5","transfer","hfo-corners-b","5","Africans","0","3","39,82","119,152","0","0","20","transfer:hfo-corners-b:5:0:0","3767030020","39,82","119,152","0","24651422","6c1bd5eef798b590049a5d56d9ef558f6e4baa55ea04278ea2ee042bb23358df"
"1265","fresh-dual-v1-1265","5","transfer","hfo-corners-b","5","Africans","0","3","39,82","119,152","1","0","20","transfer:hfo-corners-b:5:0:0","3767030020","39,82","119,152","0","24651422","6c1bd5eef798b590049a5d56d9ef558f6e4baa55ea04278ea2ee042bb23358df"
"1266","fresh-dual-v1-1266","5","transfer","hfo-corners-b","5","Africans","1","0","88,34","39,82","0","0","21","transfer:hfo-corners-b:5:1:0","3767030021","88,34","39,82","0","24651422","6c1bd5eef798b590049a5d56d9ef558f6e4baa55ea04278ea2ee042bb23358df"
"1267","fresh-dual-v1-1267","5","transfer","hfo-corners-b","5","Africans","1","0","88,34","39,82","1","0","21","transfer:hfo-corners-b:5:1:0","3767030021","88,34","39,82","0","24651422","6c1bd5eef798b590049a5d56d9ef558f6e4baa55ea04278ea2ee042bb23358df"
"1268","fresh-dual-v1-1268","5","transfer","hfo-corners-b","5","Africans","2","1","151,119","88,34","0","0","22","transfer:hfo-corners-b:5:2:0","3767030022","151,119","88,34","0","24651422","6c1bd5eef798b590049a5d56d9ef558f6e4baa55ea04278ea2ee042bb23358df"
"1269","fresh-dual-v1-1269","5","transfer","hfo-corners-b","5","Africans","2","1","151,119","88,34","1","0","22","transfer:hfo-corners-b:5:2:0","3767030022","151,119","88,34","0","24651422","6c1bd5eef798b590049a5d56d9ef558f6e4baa55ea04278ea2ee042bb23358df"
"1270","fresh-dual-v1-1270","5","transfer","hfo-corners-b","5","Africans","3","2","119,152","151,119","0","0","23","transfer:hfo-corners-b:5:3:0","3767030023","119,152","151,119","0","24651422","6c1bd5eef798b590049a5d56d9ef558f6e4baa55ea04278ea2ee042bb23358df"
"1271","fresh-dual-v1-1271","5","transfer","hfo-corners-b","5","Africans","3","2","119,152","151,119","1","0","23","transfer:hfo-corners-b:5:3:0","3767030023","119,152","151,119","0","24651422","6c1bd5eef798b590049a5d56d9ef558f6e4baa55ea04278ea2ee042bb23358df"
"1272","fresh-dual-v1-1272","5","transfer","hfo-corners-b","6","Arabs","0","1","39,82","88,34","0","0","24","transfer:hfo-corners-b:6:0:0","3767030024","39,82","88,34","0","24651422","6c1bd5eef798b590049a5d56d9ef558f6e4baa55ea04278ea2ee042bb23358df"
"1273","fresh-dual-v1-1273","5","transfer","hfo-corners-b","6","Arabs","0","1","39,82","88,34","1","0","24","transfer:hfo-corners-b:6:0:0","3767030024","39,82","88,34","0","24651422","6c1bd5eef798b590049a5d56d9ef558f6e4baa55ea04278ea2ee042bb23358df"
"1274","fresh-dual-v1-1274","5","transfer","hfo-corners-b","6","Arabs","1","2","88,34","151,119","0","0","25","transfer:hfo-corners-b:6:1:0","3767030025","88,34","151,119","0","24651422","6c1bd5eef798b590049a5d56d9ef558f6e4baa55ea04278ea2ee042bb23358df"
"1275","fresh-dual-v1-1275","5","transfer","hfo-corners-b","6","Arabs","1","2","88,34","151,119","1","0","25","transfer:hfo-corners-b:6:1:0","3767030025","88,34","151,119","0","24651422","6c1bd5eef798b590049a5d56d9ef558f6e4baa55ea04278ea2ee042bb23358df"
"1276","fresh-dual-v1-1276","5","transfer","hfo-corners-b","6","Arabs","2","3","151,119","119,152","0","0","26","transfer:hfo-corners-b:6:2:0","3767030026","151,119","119,152","0","24651422","6c1bd5eef798b590049a5d56d9ef558f6e4baa55ea04278ea2ee042bb23358df"
"1277","fresh-dual-v1-1277","5","transfer","hfo-corners-b","6","Arabs","2","3","151,119","119,152","1","0","26","transfer:hfo-corners-b:6:2:0","3767030026","151,119","119,152","0","24651422","6c1bd5eef798b590049a5d56d9ef558f6e4baa55ea04278ea2ee042bb23358df"
"1278","fresh-dual-v1-1278","5","transfer","hfo-corners-b","6","Arabs","3","0","119,152","39,82","0","0","27","transfer:hfo-corners-b:6:3:0","3767030027","119,152","39,82","0","24651422","6c1bd5eef798b590049a5d56d9ef558f6e4baa55ea04278ea2ee042bb23358df"
"1279","fresh-dual-v1-1279","5","transfer","hfo-corners-b","6","Arabs","3","0","119,152","39,82","1","0","27","transfer:hfo-corners-b:6:3:0","3767030027","119,152","39,82","0","24651422","6c1bd5eef798b590049a5d56d9ef558f6e4baa55ea04278ea2ee042bb23358df"
"1280","fresh-dual-v1-1280","5","transfer","hfo-corners-b","7","Confederation","0","2","39,82","151,119","0","0","28","transfer:hfo-corners-b:7:0:0","3767030028","39,82","151,119","0","24651422","6c1bd5eef798b590049a5d56d9ef558f6e4baa55ea04278ea2ee042bb23358df"
"1281","fresh-dual-v1-1281","5","transfer","hfo-corners-b","7","Confederation","0","2","39,82","151,119","1","0","28","transfer:hfo-corners-b:7:0:0","3767030028","39,82","151,119","0","24651422","6c1bd5eef798b590049a5d56d9ef558f6e4baa55ea04278ea2ee042bb23358df"
"1282","fresh-dual-v1-1282","5","transfer","hfo-corners-b","7","Confederation","1","3","88,34","119,152","0","0","29","transfer:hfo-corners-b:7:1:0","3767030029","88,34","119,152","0","24651422","6c1bd5eef798b590049a5d56d9ef558f6e4baa55ea04278ea2ee042bb23358df"
"1283","fresh-dual-v1-1283","5","transfer","hfo-corners-b","7","Confederation","1","3","88,34","119,152","1","0","29","transfer:hfo-corners-b:7:1:0","3767030029","88,34","119,152","0","24651422","6c1bd5eef798b590049a5d56d9ef558f6e4baa55ea04278ea2ee042bb23358df"
"1284","fresh-dual-v1-1284","5","transfer","hfo-corners-b","7","Confederation","2","0","151,119","39,82","0","0","30","transfer:hfo-corners-b:7:2:0","3767030030","151,119","39,82","0","24651422","6c1bd5eef798b590049a5d56d9ef558f6e4baa55ea04278ea2ee042bb23358df"
"1285","fresh-dual-v1-1285","5","transfer","hfo-corners-b","7","Confederation","2","0","151,119","39,82","1","0","30","transfer:hfo-corners-b:7:2:0","3767030030","151,119","39,82","0","24651422","6c1bd5eef798b590049a5d56d9ef558f6e4baa55ea04278ea2ee042bb23358df"
"1286","fresh-dual-v1-1286","5","transfer","hfo-corners-b","7","Confederation","3","1","119,152","88,34","0","0","31","transfer:hfo-corners-b:7:3:0","3767030031","119,152","88,34","0","24651422","6c1bd5eef798b590049a5d56d9ef558f6e4baa55ea04278ea2ee042bb23358df"
"1287","fresh-dual-v1-1287","5","transfer","hfo-corners-b","7","Confederation","3","1","119,152","88,34","1","0","31","transfer:hfo-corners-b:7:3:0","3767030031","119,152","88,34","0","24651422","6c1bd5eef798b590049a5d56d9ef558f6e4baa55ea04278ea2ee042bb23358df"
"1288","fresh-dual-v1-1288","5","transfer","hfo-corners-b","8","Russians","0","3","39,82","119,152","0","0","32","transfer:hfo-corners-b:8:0:0","3767030032","39,82","119,152","0","24651422","6c1bd5eef798b590049a5d56d9ef558f6e4baa55ea04278ea2ee042bb23358df"
"1289","fresh-dual-v1-1289","5","transfer","hfo-corners-b","8","Russians","0","3","39,82","119,152","1","0","32","transfer:hfo-corners-b:8:0:0","3767030032","39,82","119,152","0","24651422","6c1bd5eef798b590049a5d56d9ef558f6e4baa55ea04278ea2ee042bb23358df"
"1290","fresh-dual-v1-1290","5","transfer","hfo-corners-b","8","Russians","1","0","88,34","39,82","0","0","33","transfer:hfo-corners-b:8:1:0","3767030033","88,34","39,82","0","24651422","6c1bd5eef798b590049a5d56d9ef558f6e4baa55ea04278ea2ee042bb23358df"
"1291","fresh-dual-v1-1291","5","transfer","hfo-corners-b","8","Russians","1","0","88,34","39,82","1","0","33","transfer:hfo-corners-b:8:1:0","3767030033","88,34","39,82","0","24651422","6c1bd5eef798b590049a5d56d9ef558f6e4baa55ea04278ea2ee042bb23358df"
"1292","fresh-dual-v1-1292","5","transfer","hfo-corners-b","8","Russians","2","1","151,119","88,34","0","0","34","transfer:hfo-corners-b:8:2:0","3767030034","151,119","88,34","0","24651422","6c1bd5eef798b590049a5d56d9ef558f6e4baa55ea04278ea2ee042bb23358df"
"1293","fresh-dual-v1-1293","5","transfer","hfo-corners-b","8","Russians","2","1","151,119","88,34","1","0","34","transfer:hfo-corners-b:8:2:0","3767030034","151,119","88,34","0","24651422","6c1bd5eef798b590049a5d56d9ef558f6e4baa55ea04278ea2ee042bb23358df"
"1294","fresh-dual-v1-1294","5","transfer","hfo-corners-b","8","Russians","3","2","119,152","151,119","0","0","35","transfer:hfo-corners-b:8:3:0","3767030035","119,152","151,119","0","24651422","6c1bd5eef798b590049a5d56d9ef558f6e4baa55ea04278ea2ee042bb23358df"
"1295","fresh-dual-v1-1295","5","transfer","hfo-corners-b","8","Russians","3","2","119,152","151,119","1","0","35","transfer:hfo-corners-b:8:3:0","3767030035","119,152","151,119","0","24651422","6c1bd5eef798b590049a5d56d9ef558f6e4baa55ea04278ea2ee042bb23358df"
"1296","fresh-dual-v1-1296","6","transfer","hfo-corners-b-golden","0","Americans","0","1","39,82","88,34","0","0","0","transfer:hfo-corners-b-golden:0:0:0","3767040000","39,82","88,34","0","24651423","8ba39597b2c0b1b830b78df429b9fc7072e1b026ecae37ac78b4d271e93ef525"
"1297","fresh-dual-v1-1297","6","transfer","hfo-corners-b-golden","0","Americans","0","1","39,82","88,34","1","0","0","transfer:hfo-corners-b-golden:0:0:0","3767040000","39,82","88,34","0","24651423","8ba39597b2c0b1b830b78df429b9fc7072e1b026ecae37ac78b4d271e93ef525"
"1298","fresh-dual-v1-1298","6","transfer","hfo-corners-b-golden","0","Americans","1","2","88,34","151,119","0","0","1","transfer:hfo-corners-b-golden:0:1:0","3767040001","88,34","151,119","0","24651423","8ba39597b2c0b1b830b78df429b9fc7072e1b026ecae37ac78b4d271e93ef525"
"1299","fresh-dual-v1-1299","6","transfer","hfo-corners-b-golden","0","Americans","1","2","88,34","151,119","1","0","1","transfer:hfo-corners-b-golden:0:1:0","3767040001","88,34","151,119","0","24651423","8ba39597b2c0b1b830b78df429b9fc7072e1b026ecae37ac78b4d271e93ef525"
"1300","fresh-dual-v1-1300","6","transfer","hfo-corners-b-golden","0","Americans","2","3","151,119","119,152","0","0","2","transfer:hfo-corners-b-golden:0:2:0","3767040002","151,119","119,152","0","24651423","8ba39597b2c0b1b830b78df429b9fc7072e1b026ecae37ac78b4d271e93ef525"
"1301","fresh-dual-v1-1301","6","transfer","hfo-corners-b-golden","0","Americans","2","3","151,119","119,152","1","0","2","transfer:hfo-corners-b-golden:0:2:0","3767040002","151,119","119,152","0","24651423","8ba39597b2c0b1b830b78df429b9fc7072e1b026ecae37ac78b4d271e93ef525"
"1302","fresh-dual-v1-1302","6","transfer","hfo-corners-b-golden","0","Americans","3","0","119,152","39,82","0","0","3","transfer:hfo-corners-b-golden:0:3:0","3767040003","119,152","39,82","0","24651423","8ba39597b2c0b1b830b78df429b9fc7072e1b026ecae37ac78b4d271e93ef525"
"1303","fresh-dual-v1-1303","6","transfer","hfo-corners-b-golden","0","Americans","3","0","119,152","39,82","1","0","3","transfer:hfo-corners-b-golden:0:3:0","3767040003","119,152","39,82","0","24651423","8ba39597b2c0b1b830b78df429b9fc7072e1b026ecae37ac78b4d271e93ef525"
"1304","fresh-dual-v1-1304","6","transfer","hfo-corners-b-golden","1","Alliance","0","2","39,82","151,119","0","0","4","transfer:hfo-corners-b-golden:1:0:0","3767040004","39,82","151,119","0","24651423","8ba39597b2c0b1b830b78df429b9fc7072e1b026ecae37ac78b4d271e93ef525"
"1305","fresh-dual-v1-1305","6","transfer","hfo-corners-b-golden","1","Alliance","0","2","39,82","151,119","1","0","4","transfer:hfo-corners-b-golden:1:0:0","3767040004","39,82","151,119","0","24651423","8ba39597b2c0b1b830b78df429b9fc7072e1b026ecae37ac78b4d271e93ef525"
"1306","fresh-dual-v1-1306","6","transfer","hfo-corners-b-golden","1","Alliance","1","3","88,34","119,152","0","0","5","transfer:hfo-corners-b-golden:1:1:0","3767040005","88,34","119,152","0","24651423","8ba39597b2c0b1b830b78df429b9fc7072e1b026ecae37ac78b4d271e93ef525"
"1307","fresh-dual-v1-1307","6","transfer","hfo-corners-b-golden","1","Alliance","1","3","88,34","119,152","1","0","5","transfer:hfo-corners-b-golden:1:1:0","3767040005","88,34","119,152","0","24651423","8ba39597b2c0b1b830b78df429b9fc7072e1b026ecae37ac78b4d271e93ef525"
"1308","fresh-dual-v1-1308","6","transfer","hfo-corners-b-golden","1","Alliance","2","0","151,119","39,82","0","0","6","transfer:hfo-corners-b-golden:1:2:0","3767040006","151,119","39,82","0","24651423","8ba39597b2c0b1b830b78df429b9fc7072e1b026ecae37ac78b4d271e93ef525"
"1309","fresh-dual-v1-1309","6","transfer","hfo-corners-b-golden","1","Alliance","2","0","151,119","39,82","1","0","6","transfer:hfo-corners-b-golden:1:2:0","3767040006","151,119","39,82","0","24651423","8ba39597b2c0b1b830b78df429b9fc7072e1b026ecae37ac78b4d271e93ef525"
"1310","fresh-dual-v1-1310","6","transfer","hfo-corners-b-golden","1","Alliance","3","1","119,152","88,34","0","0","7","transfer:hfo-corners-b-golden:1:3:0","3767040007","119,152","88,34","0","24651423","8ba39597b2c0b1b830b78df429b9fc7072e1b026ecae37ac78b4d271e93ef525"
"1311","fresh-dual-v1-1311","6","transfer","hfo-corners-b-golden","1","Alliance","3","1","119,152","88,34","1","0","7","transfer:hfo-corners-b-golden:1:3:0","3767040007","119,152","88,34","0","24651423","8ba39597b2c0b1b830b78df429b9fc7072e1b026ecae37ac78b4d271e93ef525"
"1312","fresh-dual-v1-1312","6","transfer","hfo-corners-b-golden","2","French","0","3","39,82","119,152","0","0","8","transfer:hfo-corners-b-golden:2:0:0","3767040008","39,82","119,152","0","24651423","8ba39597b2c0b1b830b78df429b9fc7072e1b026ecae37ac78b4d271e93ef525"
"1313","fresh-dual-v1-1313","6","transfer","hfo-corners-b-golden","2","French","0","3","39,82","119,152","1","0","8","transfer:hfo-corners-b-golden:2:0:0","3767040008","39,82","119,152","0","24651423","8ba39597b2c0b1b830b78df429b9fc7072e1b026ecae37ac78b4d271e93ef525"
"1314","fresh-dual-v1-1314","6","transfer","hfo-corners-b-golden","2","French","1","0","88,34","39,82","0","0","9","transfer:hfo-corners-b-golden:2:1:0","3767040009","88,34","39,82","0","24651423","8ba39597b2c0b1b830b78df429b9fc7072e1b026ecae37ac78b4d271e93ef525"
"1315","fresh-dual-v1-1315","6","transfer","hfo-corners-b-golden","2","French","1","0","88,34","39,82","1","0","9","transfer:hfo-corners-b-golden:2:1:0","3767040009","88,34","39,82","0","24651423","8ba39597b2c0b1b830b78df429b9fc7072e1b026ecae37ac78b4d271e93ef525"
"1316","fresh-dual-v1-1316","6","transfer","hfo-corners-b-golden","2","French","2","1","151,119","88,34","0","0","10","transfer:hfo-corners-b-golden:2:2:0","3767040010","151,119","88,34","0","24651423","8ba39597b2c0b1b830b78df429b9fc7072e1b026ecae37ac78b4d271e93ef525"
"1317","fresh-dual-v1-1317","6","transfer","hfo-corners-b-golden","2","French","2","1","151,119","88,34","1","0","10","transfer:hfo-corners-b-golden:2:2:0","3767040010","151,119","88,34","0","24651423","8ba39597b2c0b1b830b78df429b9fc7072e1b026ecae37ac78b4d271e93ef525"
"1318","fresh-dual-v1-1318","6","transfer","hfo-corners-b-golden","2","French","3","2","119,152","151,119","0","0","11","transfer:hfo-corners-b-golden:2:3:0","3767040011","119,152","151,119","0","24651423","8ba39597b2c0b1b830b78df429b9fc7072e1b026ecae37ac78b4d271e93ef525"
"1319","fresh-dual-v1-1319","6","transfer","hfo-corners-b-golden","2","French","3","2","119,152","151,119","1","0","11","transfer:hfo-corners-b-golden:2:3:0","3767040011","119,152","151,119","0","24651423","8ba39597b2c0b1b830b78df429b9fc7072e1b026ecae37ac78b4d271e93ef525"
"1320","fresh-dual-v1-1320","6","transfer","hfo-corners-b-golden","3","Germans","0","1","39,82","88,34","0","0","12","transfer:hfo-corners-b-golden:3:0:0","3767040012","39,82","88,34","0","24651423","8ba39597b2c0b1b830b78df429b9fc7072e1b026ecae37ac78b4d271e93ef525"
"1321","fresh-dual-v1-1321","6","transfer","hfo-corners-b-golden","3","Germans","0","1","39,82","88,34","1","0","12","transfer:hfo-corners-b-golden:3:0:0","3767040012","39,82","88,34","0","24651423","8ba39597b2c0b1b830b78df429b9fc7072e1b026ecae37ac78b4d271e93ef525"
"1322","fresh-dual-v1-1322","6","transfer","hfo-corners-b-golden","3","Germans","1","2","88,34","151,119","0","0","13","transfer:hfo-corners-b-golden:3:1:0","3767040013","88,34","151,119","0","24651423","8ba39597b2c0b1b830b78df429b9fc7072e1b026ecae37ac78b4d271e93ef525"
"1323","fresh-dual-v1-1323","6","transfer","hfo-corners-b-golden","3","Germans","1","2","88,34","151,119","1","0","13","transfer:hfo-corners-b-golden:3:1:0","3767040013","88,34","151,119","0","24651423","8ba39597b2c0b1b830b78df429b9fc7072e1b026ecae37ac78b4d271e93ef525"
"1324","fresh-dual-v1-1324","6","transfer","hfo-corners-b-golden","3","Germans","2","3","151,119","119,152","0","0","14","transfer:hfo-corners-b-golden:3:2:0","3767040014","151,119","119,152","0","24651423","8ba39597b2c0b1b830b78df429b9fc7072e1b026ecae37ac78b4d271e93ef525"
"1325","fresh-dual-v1-1325","6","transfer","hfo-corners-b-golden","3","Germans","2","3","151,119","119,152","1","0","14","transfer:hfo-corners-b-golden:3:2:0","3767040014","151,119","119,152","0","24651423","8ba39597b2c0b1b830b78df429b9fc7072e1b026ecae37ac78b4d271e93ef525"
"1326","fresh-dual-v1-1326","6","transfer","hfo-corners-b-golden","3","Germans","3","0","119,152","39,82","0","0","15","transfer:hfo-corners-b-golden:3:3:0","3767040015","119,152","39,82","0","24651423","8ba39597b2c0b1b830b78df429b9fc7072e1b026ecae37ac78b4d271e93ef525"
"1327","fresh-dual-v1-1327","6","transfer","hfo-corners-b-golden","3","Germans","3","0","119,152","39,82","1","0","15","transfer:hfo-corners-b-golden:3:3:0","3767040015","119,152","39,82","0","24651423","8ba39597b2c0b1b830b78df429b9fc7072e1b026ecae37ac78b4d271e93ef525"
"1328","fresh-dual-v1-1328","6","transfer","hfo-corners-b-golden","4","British","0","2","39,82","151,119","0","0","16","transfer:hfo-corners-b-golden:4:0:0","3767040016","39,82","151,119","0","24651423","8ba39597b2c0b1b830b78df429b9fc7072e1b026ecae37ac78b4d271e93ef525"
"1329","fresh-dual-v1-1329","6","transfer","hfo-corners-b-golden","4","British","0","2","39,82","151,119","1","0","16","transfer:hfo-corners-b-golden:4:0:0","3767040016","39,82","151,119","0","24651423","8ba39597b2c0b1b830b78df429b9fc7072e1b026ecae37ac78b4d271e93ef525"
"1330","fresh-dual-v1-1330","6","transfer","hfo-corners-b-golden","4","British","1","3","88,34","119,152","0","0","17","transfer:hfo-corners-b-golden:4:1:0","3767040017","88,34","119,152","0","24651423","8ba39597b2c0b1b830b78df429b9fc7072e1b026ecae37ac78b4d271e93ef525"
"1331","fresh-dual-v1-1331","6","transfer","hfo-corners-b-golden","4","British","1","3","88,34","119,152","1","0","17","transfer:hfo-corners-b-golden:4:1:0","3767040017","88,34","119,152","0","24651423","8ba39597b2c0b1b830b78df429b9fc7072e1b026ecae37ac78b4d271e93ef525"
"1332","fresh-dual-v1-1332","6","transfer","hfo-corners-b-golden","4","British","2","0","151,119","39,82","0","0","18","transfer:hfo-corners-b-golden:4:2:0","3767040018","151,119","39,82","0","24651423","8ba39597b2c0b1b830b78df429b9fc7072e1b026ecae37ac78b4d271e93ef525"
"1333","fresh-dual-v1-1333","6","transfer","hfo-corners-b-golden","4","British","2","0","151,119","39,82","1","0","18","transfer:hfo-corners-b-golden:4:2:0","3767040018","151,119","39,82","0","24651423","8ba39597b2c0b1b830b78df429b9fc7072e1b026ecae37ac78b4d271e93ef525"
"1334","fresh-dual-v1-1334","6","transfer","hfo-corners-b-golden","4","British","3","1","119,152","88,34","0","0","19","transfer:hfo-corners-b-golden:4:3:0","3767040019","119,152","88,34","0","24651423","8ba39597b2c0b1b830b78df429b9fc7072e1b026ecae37ac78b4d271e93ef525"
"1335","fresh-dual-v1-1335","6","transfer","hfo-corners-b-golden","4","British","3","1","119,152","88,34","1","0","19","transfer:hfo-corners-b-golden:4:3:0","3767040019","119,152","88,34","0","24651423","8ba39597b2c0b1b830b78df429b9fc7072e1b026ecae37ac78b4d271e93ef525"
"1336","fresh-dual-v1-1336","6","transfer","hfo-corners-b-golden","5","Africans","0","3","39,82","119,152","0","0","20","transfer:hfo-corners-b-golden:5:0:0","3767040020","39,82","119,152","0","24651423","8ba39597b2c0b1b830b78df429b9fc7072e1b026ecae37ac78b4d271e93ef525"
"1337","fresh-dual-v1-1337","6","transfer","hfo-corners-b-golden","5","Africans","0","3","39,82","119,152","1","0","20","transfer:hfo-corners-b-golden:5:0:0","3767040020","39,82","119,152","0","24651423","8ba39597b2c0b1b830b78df429b9fc7072e1b026ecae37ac78b4d271e93ef525"
"1338","fresh-dual-v1-1338","6","transfer","hfo-corners-b-golden","5","Africans","1","0","88,34","39,82","0","0","21","transfer:hfo-corners-b-golden:5:1:0","3767040021","88,34","39,82","0","24651423","8ba39597b2c0b1b830b78df429b9fc7072e1b026ecae37ac78b4d271e93ef525"
"1339","fresh-dual-v1-1339","6","transfer","hfo-corners-b-golden","5","Africans","1","0","88,34","39,82","1","0","21","transfer:hfo-corners-b-golden:5:1:0","3767040021","88,34","39,82","0","24651423","8ba39597b2c0b1b830b78df429b9fc7072e1b026ecae37ac78b4d271e93ef525"
"1340","fresh-dual-v1-1340","6","transfer","hfo-corners-b-golden","5","Africans","2","1","151,119","88,34","0","0","22","transfer:hfo-corners-b-golden:5:2:0","3767040022","151,119","88,34","0","24651423","8ba39597b2c0b1b830b78df429b9fc7072e1b026ecae37ac78b4d271e93ef525"
"1341","fresh-dual-v1-1341","6","transfer","hfo-corners-b-golden","5","Africans","2","1","151,119","88,34","1","0","22","transfer:hfo-corners-b-golden:5:2:0","3767040022","151,119","88,34","0","24651423","8ba39597b2c0b1b830b78df429b9fc7072e1b026ecae37ac78b4d271e93ef525"
"1342","fresh-dual-v1-1342","6","transfer","hfo-corners-b-golden","5","Africans","3","2","119,152","151,119","0","0","23","transfer:hfo-corners-b-golden:5:3:0","3767040023","119,152","151,119","0","24651423","8ba39597b2c0b1b830b78df429b9fc7072e1b026ecae37ac78b4d271e93ef525"
"1343","fresh-dual-v1-1343","6","transfer","hfo-corners-b-golden","5","Africans","3","2","119,152","151,119","1","0","23","transfer:hfo-corners-b-golden:5:3:0","3767040023","119,152","151,119","0","24651423","8ba39597b2c0b1b830b78df429b9fc7072e1b026ecae37ac78b4d271e93ef525"
"1344","fresh-dual-v1-1344","6","transfer","hfo-corners-b-golden","6","Arabs","0","1","39,82","88,34","0","0","24","transfer:hfo-corners-b-golden:6:0:0","3767040024","39,82","88,34","0","24651423","8ba39597b2c0b1b830b78df429b9fc7072e1b026ecae37ac78b4d271e93ef525"
"1345","fresh-dual-v1-1345","6","transfer","hfo-corners-b-golden","6","Arabs","0","1","39,82","88,34","1","0","24","transfer:hfo-corners-b-golden:6:0:0","3767040024","39,82","88,34","0","24651423","8ba39597b2c0b1b830b78df429b9fc7072e1b026ecae37ac78b4d271e93ef525"
"1346","fresh-dual-v1-1346","6","transfer","hfo-corners-b-golden","6","Arabs","1","2","88,34","151,119","0","0","25","transfer:hfo-corners-b-golden:6:1:0","3767040025","88,34","151,119","0","24651423","8ba39597b2c0b1b830b78df429b9fc7072e1b026ecae37ac78b4d271e93ef525"
"1347","fresh-dual-v1-1347","6","transfer","hfo-corners-b-golden","6","Arabs","1","2","88,34","151,119","1","0","25","transfer:hfo-corners-b-golden:6:1:0","3767040025","88,34","151,119","0","24651423","8ba39597b2c0b1b830b78df429b9fc7072e1b026ecae37ac78b4d271e93ef525"
"1348","fresh-dual-v1-1348","6","transfer","hfo-corners-b-golden","6","Arabs","2","3","151,119","119,152","0","0","26","transfer:hfo-corners-b-golden:6:2:0","3767040026","151,119","119,152","0","24651423","8ba39597b2c0b1b830b78df429b9fc7072e1b026ecae37ac78b4d271e93ef525"
"1349","fresh-dual-v1-1349","6","transfer","hfo-corners-b-golden","6","Arabs","2","3","151,119","119,152","1","0","26","transfer:hfo-corners-b-golden:6:2:0","3767040026","151,119","119,152","0","24651423","8ba39597b2c0b1b830b78df429b9fc7072e1b026ecae37ac78b4d271e93ef525"
"1350","fresh-dual-v1-1350","6","transfer","hfo-corners-b-golden","6","Arabs","3","0","119,152","39,82","0","0","27","transfer:hfo-corners-b-golden:6:3:0","3767040027","119,152","39,82","0","24651423","8ba39597b2c0b1b830b78df429b9fc7072e1b026ecae37ac78b4d271e93ef525"
"1351","fresh-dual-v1-1351","6","transfer","hfo-corners-b-golden","6","Arabs","3","0","119,152","39,82","1","0","27","transfer:hfo-corners-b-golden:6:3:0","3767040027","119,152","39,82","0","24651423","8ba39597b2c0b1b830b78df429b9fc7072e1b026ecae37ac78b4d271e93ef525"
"1352","fresh-dual-v1-1352","6","transfer","hfo-corners-b-golden","7","Confederation","0","2","39,82","151,119","0","0","28","transfer:hfo-corners-b-golden:7:0:0","3767040028","39,82","151,119","0","24651423","8ba39597b2c0b1b830b78df429b9fc7072e1b026ecae37ac78b4d271e93ef525"
"1353","fresh-dual-v1-1353","6","transfer","hfo-corners-b-golden","7","Confederation","0","2","39,82","151,119","1","0","28","transfer:hfo-corners-b-golden:7:0:0","3767040028","39,82","151,119","0","24651423","8ba39597b2c0b1b830b78df429b9fc7072e1b026ecae37ac78b4d271e93ef525"
"1354","fresh-dual-v1-1354","6","transfer","hfo-corners-b-golden","7","Confederation","1","3","88,34","119,152","0","0","29","transfer:hfo-corners-b-golden:7:1:0","3767040029","88,34","119,152","0","24651423","8ba39597b2c0b1b830b78df429b9fc7072e1b026ecae37ac78b4d271e93ef525"
"1355","fresh-dual-v1-1355","6","transfer","hfo-corners-b-golden","7","Confederation","1","3","88,34","119,152","1","0","29","transfer:hfo-corners-b-golden:7:1:0","3767040029","88,34","119,152","0","24651423","8ba39597b2c0b1b830b78df429b9fc7072e1b026ecae37ac78b4d271e93ef525"
"1356","fresh-dual-v1-1356","6","transfer","hfo-corners-b-golden","7","Confederation","2","0","151,119","39,82","0","0","30","transfer:hfo-corners-b-golden:7:2:0","3767040030","151,119","39,82","0","24651423","8ba39597b2c0b1b830b78df429b9fc7072e1b026ecae37ac78b4d271e93ef525"
"1357","fresh-dual-v1-1357","6","transfer","hfo-corners-b-golden","7","Confederation","2","0","151,119","39,82","1","0","30","transfer:hfo-corners-b-golden:7:2:0","3767040030","151,119","39,82","0","24651423","8ba39597b2c0b1b830b78df429b9fc7072e1b026ecae37ac78b4d271e93ef525"
"1358","fresh-dual-v1-1358","6","transfer","hfo-corners-b-golden","7","Confederation","3","1","119,152","88,34","0","0","31","transfer:hfo-corners-b-golden:7:3:0","3767040031","119,152","88,34","0","24651423","8ba39597b2c0b1b830b78df429b9fc7072e1b026ecae37ac78b4d271e93ef525"
"1359","fresh-dual-v1-1359","6","transfer","hfo-corners-b-golden","7","Confederation","3","1","119,152","88,34","1","0","31","transfer:hfo-corners-b-golden:7:3:0","3767040031","119,152","88,34","0","24651423","8ba39597b2c0b1b830b78df429b9fc7072e1b026ecae37ac78b4d271e93ef525"
"1360","fresh-dual-v1-1360","6","transfer","hfo-corners-b-golden","8","Russians","0","3","39,82","119,152","0","0","32","transfer:hfo-corners-b-golden:8:0:0","3767040032","39,82","119,152","0","24651423","8ba39597b2c0b1b830b78df429b9fc7072e1b026ecae37ac78b4d271e93ef525"
"1361","fresh-dual-v1-1361","6","transfer","hfo-corners-b-golden","8","Russians","0","3","39,82","119,152","1","0","32","transfer:hfo-corners-b-golden:8:0:0","3767040032","39,82","119,152","0","24651423","8ba39597b2c0b1b830b78df429b9fc7072e1b026ecae37ac78b4d271e93ef525"
"1362","fresh-dual-v1-1362","6","transfer","hfo-corners-b-golden","8","Russians","1","0","88,34","39,82","0","0","33","transfer:hfo-corners-b-golden:8:1:0","3767040033","88,34","39,82","0","24651423","8ba39597b2c0b1b830b78df429b9fc7072e1b026ecae37ac78b4d271e93ef525"
"1363","fresh-dual-v1-1363","6","transfer","hfo-corners-b-golden","8","Russians","1","0","88,34","39,82","1","0","33","transfer:hfo-corners-b-golden:8:1:0","3767040033","88,34","39,82","0","24651423","8ba39597b2c0b1b830b78df429b9fc7072e1b026ecae37ac78b4d271e93ef525"
"1364","fresh-dual-v1-1364","6","transfer","hfo-corners-b-golden","8","Russians","2","1","151,119","88,34","0","0","34","transfer:hfo-corners-b-golden:8:2:0","3767040034","151,119","88,34","0","24651423","8ba39597b2c0b1b830b78df429b9fc7072e1b026ecae37ac78b4d271e93ef525"
"1365","fresh-dual-v1-1365","6","transfer","hfo-corners-b-golden","8","Russians","2","1","151,119","88,34","1","0","34","transfer:hfo-corners-b-golden:8:2:0","3767040034","151,119","88,34","0","24651423","8ba39597b2c0b1b830b78df429b9fc7072e1b026ecae37ac78b4d271e93ef525"
"1366","fresh-dual-v1-1366","6","transfer","hfo-corners-b-golden","8","Russians","3","2","119,152","151,119","0","0","35","transfer:hfo-corners-b-golden:8:3:0","3767040035","119,152","151,119","0","24651423","8ba39597b2c0b1b830b78df429b9fc7072e1b026ecae37ac78b4d271e93ef525"
"1367","fresh-dual-v1-1367","6","transfer","hfo-corners-b-golden","8","Russians","3","2","119,152","151,119","1","0","35","transfer:hfo-corners-b-golden:8:3:0","3767040035","119,152","151,119","0","24651423","8ba39597b2c0b1b830b78df429b9fc7072e1b026ecae37ac78b4d271e93ef525"
"1368","fresh-dual-v1-1368","7","transfer","hfo-bvb","0","Americans","0","1","87,158","151,119","0","0","0","transfer:hfo-bvb:0:0:0","3767050000","87,158","151,119","0","24651424","8cfd097266ac985f93d239efb6bef1f97361fb430f1b0639c00f59e9ae3291cd"
"1369","fresh-dual-v1-1369","7","transfer","hfo-bvb","0","Americans","0","1","87,158","151,119","1","0","0","transfer:hfo-bvb:0:0:0","3767050000","87,158","151,119","0","24651424","8cfd097266ac985f93d239efb6bef1f97361fb430f1b0639c00f59e9ae3291cd"
"1370","fresh-dual-v1-1370","7","transfer","hfo-bvb","0","Americans","1","0","151,119","87,158","0","0","1","transfer:hfo-bvb:0:1:0","3767050001","151,119","87,158","0","24651424","8cfd097266ac985f93d239efb6bef1f97361fb430f1b0639c00f59e9ae3291cd"
"1371","fresh-dual-v1-1371","7","transfer","hfo-bvb","0","Americans","1","0","151,119","87,158","1","0","1","transfer:hfo-bvb:0:1:0","3767050001","151,119","87,158","0","24651424","8cfd097266ac985f93d239efb6bef1f97361fb430f1b0639c00f59e9ae3291cd"
"1372","fresh-dual-v1-1372","7","transfer","hfo-bvb","1","Alliance","0","1","87,158","151,119","0","0","2","transfer:hfo-bvb:1:0:0","3767050002","87,158","151,119","0","24651424","8cfd097266ac985f93d239efb6bef1f97361fb430f1b0639c00f59e9ae3291cd"
"1373","fresh-dual-v1-1373","7","transfer","hfo-bvb","1","Alliance","0","1","87,158","151,119","1","0","2","transfer:hfo-bvb:1:0:0","3767050002","87,158","151,119","0","24651424","8cfd097266ac985f93d239efb6bef1f97361fb430f1b0639c00f59e9ae3291cd"
"1374","fresh-dual-v1-1374","7","transfer","hfo-bvb","1","Alliance","1","0","151,119","87,158","0","0","3","transfer:hfo-bvb:1:1:0","3767050003","151,119","87,158","0","24651424","8cfd097266ac985f93d239efb6bef1f97361fb430f1b0639c00f59e9ae3291cd"
"1375","fresh-dual-v1-1375","7","transfer","hfo-bvb","1","Alliance","1","0","151,119","87,158","1","0","3","transfer:hfo-bvb:1:1:0","3767050003","151,119","87,158","0","24651424","8cfd097266ac985f93d239efb6bef1f97361fb430f1b0639c00f59e9ae3291cd"
"1376","fresh-dual-v1-1376","7","transfer","hfo-bvb","2","French","0","1","87,158","151,119","0","0","4","transfer:hfo-bvb:2:0:0","3767050004","87,158","151,119","0","24651424","8cfd097266ac985f93d239efb6bef1f97361fb430f1b0639c00f59e9ae3291cd"
"1377","fresh-dual-v1-1377","7","transfer","hfo-bvb","2","French","0","1","87,158","151,119","1","0","4","transfer:hfo-bvb:2:0:0","3767050004","87,158","151,119","0","24651424","8cfd097266ac985f93d239efb6bef1f97361fb430f1b0639c00f59e9ae3291cd"
"1378","fresh-dual-v1-1378","7","transfer","hfo-bvb","2","French","1","0","151,119","87,158","0","0","5","transfer:hfo-bvb:2:1:0","3767050005","151,119","87,158","0","24651424","8cfd097266ac985f93d239efb6bef1f97361fb430f1b0639c00f59e9ae3291cd"
"1379","fresh-dual-v1-1379","7","transfer","hfo-bvb","2","French","1","0","151,119","87,158","1","0","5","transfer:hfo-bvb:2:1:0","3767050005","151,119","87,158","0","24651424","8cfd097266ac985f93d239efb6bef1f97361fb430f1b0639c00f59e9ae3291cd"
"1380","fresh-dual-v1-1380","7","transfer","hfo-bvb","3","Germans","0","1","87,158","151,119","0","0","6","transfer:hfo-bvb:3:0:0","3767050006","87,158","151,119","0","24651424","8cfd097266ac985f93d239efb6bef1f97361fb430f1b0639c00f59e9ae3291cd"
"1381","fresh-dual-v1-1381","7","transfer","hfo-bvb","3","Germans","0","1","87,158","151,119","1","0","6","transfer:hfo-bvb:3:0:0","3767050006","87,158","151,119","0","24651424","8cfd097266ac985f93d239efb6bef1f97361fb430f1b0639c00f59e9ae3291cd"
"1382","fresh-dual-v1-1382","7","transfer","hfo-bvb","3","Germans","1","0","151,119","87,158","0","0","7","transfer:hfo-bvb:3:1:0","3767050007","151,119","87,158","0","24651424","8cfd097266ac985f93d239efb6bef1f97361fb430f1b0639c00f59e9ae3291cd"
"1383","fresh-dual-v1-1383","7","transfer","hfo-bvb","3","Germans","1","0","151,119","87,158","1","0","7","transfer:hfo-bvb:3:1:0","3767050007","151,119","87,158","0","24651424","8cfd097266ac985f93d239efb6bef1f97361fb430f1b0639c00f59e9ae3291cd"
"1384","fresh-dual-v1-1384","7","transfer","hfo-bvb","4","British","0","1","87,158","151,119","0","0","8","transfer:hfo-bvb:4:0:0","3767050008","87,158","151,119","0","24651424","8cfd097266ac985f93d239efb6bef1f97361fb430f1b0639c00f59e9ae3291cd"
"1385","fresh-dual-v1-1385","7","transfer","hfo-bvb","4","British","0","1","87,158","151,119","1","0","8","transfer:hfo-bvb:4:0:0","3767050008","87,158","151,119","0","24651424","8cfd097266ac985f93d239efb6bef1f97361fb430f1b0639c00f59e9ae3291cd"
"1386","fresh-dual-v1-1386","7","transfer","hfo-bvb","4","British","1","0","151,119","87,158","0","0","9","transfer:hfo-bvb:4:1:0","3767050009","151,119","87,158","0","24651424","8cfd097266ac985f93d239efb6bef1f97361fb430f1b0639c00f59e9ae3291cd"
"1387","fresh-dual-v1-1387","7","transfer","hfo-bvb","4","British","1","0","151,119","87,158","1","0","9","transfer:hfo-bvb:4:1:0","3767050009","151,119","87,158","0","24651424","8cfd097266ac985f93d239efb6bef1f97361fb430f1b0639c00f59e9ae3291cd"
"1388","fresh-dual-v1-1388","7","transfer","hfo-bvb","5","Africans","0","1","87,158","151,119","0","0","10","transfer:hfo-bvb:5:0:0","3767050010","87,158","151,119","0","24651424","8cfd097266ac985f93d239efb6bef1f97361fb430f1b0639c00f59e9ae3291cd"
"1389","fresh-dual-v1-1389","7","transfer","hfo-bvb","5","Africans","0","1","87,158","151,119","1","0","10","transfer:hfo-bvb:5:0:0","3767050010","87,158","151,119","0","24651424","8cfd097266ac985f93d239efb6bef1f97361fb430f1b0639c00f59e9ae3291cd"
"1390","fresh-dual-v1-1390","7","transfer","hfo-bvb","5","Africans","1","0","151,119","87,158","0","0","11","transfer:hfo-bvb:5:1:0","3767050011","151,119","87,158","0","24651424","8cfd097266ac985f93d239efb6bef1f97361fb430f1b0639c00f59e9ae3291cd"
"1391","fresh-dual-v1-1391","7","transfer","hfo-bvb","5","Africans","1","0","151,119","87,158","1","0","11","transfer:hfo-bvb:5:1:0","3767050011","151,119","87,158","0","24651424","8cfd097266ac985f93d239efb6bef1f97361fb430f1b0639c00f59e9ae3291cd"
"1392","fresh-dual-v1-1392","7","transfer","hfo-bvb","6","Arabs","0","1","87,158","151,119","0","0","12","transfer:hfo-bvb:6:0:0","3767050012","87,158","151,119","0","24651424","8cfd097266ac985f93d239efb6bef1f97361fb430f1b0639c00f59e9ae3291cd"
"1393","fresh-dual-v1-1393","7","transfer","hfo-bvb","6","Arabs","0","1","87,158","151,119","1","0","12","transfer:hfo-bvb:6:0:0","3767050012","87,158","151,119","0","24651424","8cfd097266ac985f93d239efb6bef1f97361fb430f1b0639c00f59e9ae3291cd"
"1394","fresh-dual-v1-1394","7","transfer","hfo-bvb","6","Arabs","1","0","151,119","87,158","0","0","13","transfer:hfo-bvb:6:1:0","3767050013","151,119","87,158","0","24651424","8cfd097266ac985f93d239efb6bef1f97361fb430f1b0639c00f59e9ae3291cd"
"1395","fresh-dual-v1-1395","7","transfer","hfo-bvb","6","Arabs","1","0","151,119","87,158","1","0","13","transfer:hfo-bvb:6:1:0","3767050013","151,119","87,158","0","24651424","8cfd097266ac985f93d239efb6bef1f97361fb430f1b0639c00f59e9ae3291cd"
"1396","fresh-dual-v1-1396","7","transfer","hfo-bvb","7","Confederation","0","1","87,158","151,119","0","0","14","transfer:hfo-bvb:7:0:0","3767050014","87,158","151,119","0","24651424","8cfd097266ac985f93d239efb6bef1f97361fb430f1b0639c00f59e9ae3291cd"
"1397","fresh-dual-v1-1397","7","transfer","hfo-bvb","7","Confederation","0","1","87,158","151,119","1","0","14","transfer:hfo-bvb:7:0:0","3767050014","87,158","151,119","0","24651424","8cfd097266ac985f93d239efb6bef1f97361fb430f1b0639c00f59e9ae3291cd"
"1398","fresh-dual-v1-1398","7","transfer","hfo-bvb","7","Confederation","1","0","151,119","87,158","0","0","15","transfer:hfo-bvb:7:1:0","3767050015","151,119","87,158","0","24651424","8cfd097266ac985f93d239efb6bef1f97361fb430f1b0639c00f59e9ae3291cd"
"1399","fresh-dual-v1-1399","7","transfer","hfo-bvb","7","Confederation","1","0","151,119","87,158","1","0","15","transfer:hfo-bvb:7:1:0","3767050015","151,119","87,158","0","24651424","8cfd097266ac985f93d239efb6bef1f97361fb430f1b0639c00f59e9ae3291cd"
"1400","fresh-dual-v1-1400","7","transfer","hfo-bvb","8","Russians","0","1","87,158","151,119","0","0","16","transfer:hfo-bvb:8:0:0","3767050016","87,158","151,119","0","24651424","8cfd097266ac985f93d239efb6bef1f97361fb430f1b0639c00f59e9ae3291cd"
"1401","fresh-dual-v1-1401","7","transfer","hfo-bvb","8","Russians","0","1","87,158","151,119","1","0","16","transfer:hfo-bvb:8:0:0","3767050016","87,158","151,119","0","24651424","8cfd097266ac985f93d239efb6bef1f97361fb430f1b0639c00f59e9ae3291cd"
"1402","fresh-dual-v1-1402","7","transfer","hfo-bvb","8","Russians","1","0","151,119","87,158","0","0","17","transfer:hfo-bvb:8:1:0","3767050017","151,119","87,158","0","24651424","8cfd097266ac985f93d239efb6bef1f97361fb430f1b0639c00f59e9ae3291cd"
"1403","fresh-dual-v1-1403","7","transfer","hfo-bvb","8","Russians","1","0","151,119","87,158","1","0","17","transfer:hfo-bvb:8:1:0","3767050017","151,119","87,158","0","24651424","8cfd097266ac985f93d239efb6bef1f97361fb430f1b0639c00f59e9ae3291cd"
"1404","fresh-dual-v1-1404","8","transfer","hfo-lvl","0","Americans","0","1","39,82","87,157","0","0","0","transfer:hfo-lvl:0:0:0","3767060000","39,82","87,157","0","24651469","4cbeb75aac373b85e51374245231468519511413164b49b1eff5b7fc762c06e8"
"1405","fresh-dual-v1-1405","8","transfer","hfo-lvl","0","Americans","0","1","39,82","87,157","1","0","0","transfer:hfo-lvl:0:0:0","3767060000","39,82","87,157","0","24651469","4cbeb75aac373b85e51374245231468519511413164b49b1eff5b7fc762c06e8"
"1406","fresh-dual-v1-1406","8","transfer","hfo-lvl","0","Americans","1","0","87,157","39,82","0","0","1","transfer:hfo-lvl:0:1:0","3767060001","87,157","39,82","0","24651469","4cbeb75aac373b85e51374245231468519511413164b49b1eff5b7fc762c06e8"
"1407","fresh-dual-v1-1407","8","transfer","hfo-lvl","0","Americans","1","0","87,157","39,82","1","0","1","transfer:hfo-lvl:0:1:0","3767060001","87,157","39,82","0","24651469","4cbeb75aac373b85e51374245231468519511413164b49b1eff5b7fc762c06e8"
"1408","fresh-dual-v1-1408","8","transfer","hfo-lvl","1","Alliance","0","1","39,82","87,157","0","0","2","transfer:hfo-lvl:1:0:0","3767060002","39,82","87,157","0","24651469","4cbeb75aac373b85e51374245231468519511413164b49b1eff5b7fc762c06e8"
"1409","fresh-dual-v1-1409","8","transfer","hfo-lvl","1","Alliance","0","1","39,82","87,157","1","0","2","transfer:hfo-lvl:1:0:0","3767060002","39,82","87,157","0","24651469","4cbeb75aac373b85e51374245231468519511413164b49b1eff5b7fc762c06e8"
"1410","fresh-dual-v1-1410","8","transfer","hfo-lvl","1","Alliance","1","0","87,157","39,82","0","0","3","transfer:hfo-lvl:1:1:0","3767060003","87,157","39,82","0","24651469","4cbeb75aac373b85e51374245231468519511413164b49b1eff5b7fc762c06e8"
"1411","fresh-dual-v1-1411","8","transfer","hfo-lvl","1","Alliance","1","0","87,157","39,82","1","0","3","transfer:hfo-lvl:1:1:0","3767060003","87,157","39,82","0","24651469","4cbeb75aac373b85e51374245231468519511413164b49b1eff5b7fc762c06e8"
"1412","fresh-dual-v1-1412","8","transfer","hfo-lvl","2","French","0","1","39,82","87,157","0","0","4","transfer:hfo-lvl:2:0:0","3767060004","39,82","87,157","0","24651469","4cbeb75aac373b85e51374245231468519511413164b49b1eff5b7fc762c06e8"
"1413","fresh-dual-v1-1413","8","transfer","hfo-lvl","2","French","0","1","39,82","87,157","1","0","4","transfer:hfo-lvl:2:0:0","3767060004","39,82","87,157","0","24651469","4cbeb75aac373b85e51374245231468519511413164b49b1eff5b7fc762c06e8"
"1414","fresh-dual-v1-1414","8","transfer","hfo-lvl","2","French","1","0","87,157","39,82","0","0","5","transfer:hfo-lvl:2:1:0","3767060005","87,157","39,82","0","24651469","4cbeb75aac373b85e51374245231468519511413164b49b1eff5b7fc762c06e8"
"1415","fresh-dual-v1-1415","8","transfer","hfo-lvl","2","French","1","0","87,157","39,82","1","0","5","transfer:hfo-lvl:2:1:0","3767060005","87,157","39,82","0","24651469","4cbeb75aac373b85e51374245231468519511413164b49b1eff5b7fc762c06e8"
"1416","fresh-dual-v1-1416","8","transfer","hfo-lvl","3","Germans","0","1","39,82","87,157","0","0","6","transfer:hfo-lvl:3:0:0","3767060006","39,82","87,157","0","24651469","4cbeb75aac373b85e51374245231468519511413164b49b1eff5b7fc762c06e8"
"1417","fresh-dual-v1-1417","8","transfer","hfo-lvl","3","Germans","0","1","39,82","87,157","1","0","6","transfer:hfo-lvl:3:0:0","3767060006","39,82","87,157","0","24651469","4cbeb75aac373b85e51374245231468519511413164b49b1eff5b7fc762c06e8"
"1418","fresh-dual-v1-1418","8","transfer","hfo-lvl","3","Germans","1","0","87,157","39,82","0","0","7","transfer:hfo-lvl:3:1:0","3767060007","87,157","39,82","0","24651469","4cbeb75aac373b85e51374245231468519511413164b49b1eff5b7fc762c06e8"
"1419","fresh-dual-v1-1419","8","transfer","hfo-lvl","3","Germans","1","0","87,157","39,82","1","0","7","transfer:hfo-lvl:3:1:0","3767060007","87,157","39,82","0","24651469","4cbeb75aac373b85e51374245231468519511413164b49b1eff5b7fc762c06e8"
"1420","fresh-dual-v1-1420","8","transfer","hfo-lvl","4","British","0","1","39,82","87,157","0","0","8","transfer:hfo-lvl:4:0:0","3767060008","39,82","87,157","0","24651469","4cbeb75aac373b85e51374245231468519511413164b49b1eff5b7fc762c06e8"
"1421","fresh-dual-v1-1421","8","transfer","hfo-lvl","4","British","0","1","39,82","87,157","1","0","8","transfer:hfo-lvl:4:0:0","3767060008","39,82","87,157","0","24651469","4cbeb75aac373b85e51374245231468519511413164b49b1eff5b7fc762c06e8"
"1422","fresh-dual-v1-1422","8","transfer","hfo-lvl","4","British","1","0","87,157","39,82","0","0","9","transfer:hfo-lvl:4:1:0","3767060009","87,157","39,82","0","24651469","4cbeb75aac373b85e51374245231468519511413164b49b1eff5b7fc762c06e8"
"1423","fresh-dual-v1-1423","8","transfer","hfo-lvl","4","British","1","0","87,157","39,82","1","0","9","transfer:hfo-lvl:4:1:0","3767060009","87,157","39,82","0","24651469","4cbeb75aac373b85e51374245231468519511413164b49b1eff5b7fc762c06e8"
"1424","fresh-dual-v1-1424","8","transfer","hfo-lvl","5","Africans","0","1","39,82","87,157","0","0","10","transfer:hfo-lvl:5:0:0","3767060010","39,82","87,157","0","24651469","4cbeb75aac373b85e51374245231468519511413164b49b1eff5b7fc762c06e8"
"1425","fresh-dual-v1-1425","8","transfer","hfo-lvl","5","Africans","0","1","39,82","87,157","1","0","10","transfer:hfo-lvl:5:0:0","3767060010","39,82","87,157","0","24651469","4cbeb75aac373b85e51374245231468519511413164b49b1eff5b7fc762c06e8"
"1426","fresh-dual-v1-1426","8","transfer","hfo-lvl","5","Africans","1","0","87,157","39,82","0","0","11","transfer:hfo-lvl:5:1:0","3767060011","87,157","39,82","0","24651469","4cbeb75aac373b85e51374245231468519511413164b49b1eff5b7fc762c06e8"
"1427","fresh-dual-v1-1427","8","transfer","hfo-lvl","5","Africans","1","0","87,157","39,82","1","0","11","transfer:hfo-lvl:5:1:0","3767060011","87,157","39,82","0","24651469","4cbeb75aac373b85e51374245231468519511413164b49b1eff5b7fc762c06e8"
"1428","fresh-dual-v1-1428","8","transfer","hfo-lvl","6","Arabs","0","1","39,82","87,157","0","0","12","transfer:hfo-lvl:6:0:0","3767060012","39,82","87,157","0","24651469","4cbeb75aac373b85e51374245231468519511413164b49b1eff5b7fc762c06e8"
"1429","fresh-dual-v1-1429","8","transfer","hfo-lvl","6","Arabs","0","1","39,82","87,157","1","0","12","transfer:hfo-lvl:6:0:0","3767060012","39,82","87,157","0","24651469","4cbeb75aac373b85e51374245231468519511413164b49b1eff5b7fc762c06e8"
"1430","fresh-dual-v1-1430","8","transfer","hfo-lvl","6","Arabs","1","0","87,157","39,82","0","0","13","transfer:hfo-lvl:6:1:0","3767060013","87,157","39,82","0","24651469","4cbeb75aac373b85e51374245231468519511413164b49b1eff5b7fc762c06e8"
"1431","fresh-dual-v1-1431","8","transfer","hfo-lvl","6","Arabs","1","0","87,157","39,82","1","0","13","transfer:hfo-lvl:6:1:0","3767060013","87,157","39,82","0","24651469","4cbeb75aac373b85e51374245231468519511413164b49b1eff5b7fc762c06e8"
"1432","fresh-dual-v1-1432","8","transfer","hfo-lvl","7","Confederation","0","1","39,82","87,157","0","0","14","transfer:hfo-lvl:7:0:0","3767060014","39,82","87,157","0","24651469","4cbeb75aac373b85e51374245231468519511413164b49b1eff5b7fc762c06e8"
"1433","fresh-dual-v1-1433","8","transfer","hfo-lvl","7","Confederation","0","1","39,82","87,157","1","0","14","transfer:hfo-lvl:7:0:0","3767060014","39,82","87,157","0","24651469","4cbeb75aac373b85e51374245231468519511413164b49b1eff5b7fc762c06e8"
"1434","fresh-dual-v1-1434","8","transfer","hfo-lvl","7","Confederation","1","0","87,157","39,82","0","0","15","transfer:hfo-lvl:7:1:0","3767060015","87,157","39,82","0","24651469","4cbeb75aac373b85e51374245231468519511413164b49b1eff5b7fc762c06e8"
"1435","fresh-dual-v1-1435","8","transfer","hfo-lvl","7","Confederation","1","0","87,157","39,82","1","0","15","transfer:hfo-lvl:7:1:0","3767060015","87,157","39,82","0","24651469","4cbeb75aac373b85e51374245231468519511413164b49b1eff5b7fc762c06e8"
"1436","fresh-dual-v1-1436","8","transfer","hfo-lvl","8","Russians","0","1","39,82","87,157","0","0","16","transfer:hfo-lvl:8:0:0","3767060016","39,82","87,157","0","24651469","4cbeb75aac373b85e51374245231468519511413164b49b1eff5b7fc762c06e8"
"1437","fresh-dual-v1-1437","8","transfer","hfo-lvl","8","Russians","0","1","39,82","87,157","1","0","16","transfer:hfo-lvl:8:0:0","3767060016","39,82","87,157","0","24651469","4cbeb75aac373b85e51374245231468519511413164b49b1eff5b7fc762c06e8"
"1438","fresh-dual-v1-1438","8","transfer","hfo-lvl","8","Russians","1","0","87,157","39,82","0","0","17","transfer:hfo-lvl:8:1:0","3767060017","87,157","39,82","0","24651469","4cbeb75aac373b85e51374245231468519511413164b49b1eff5b7fc762c06e8"
"1439","fresh-dual-v1-1439","8","transfer","hfo-lvl","8","Russians","1","0","87,157","39,82","1","0","17","transfer:hfo-lvl:8:1:0","3767060017","87,157","39,82","0","24651469","4cbeb75aac373b85e51374245231468519511413164b49b1eff5b7fc762c06e8"
"1440","fresh-dual-v1-1440","9","transfer","hfo-rvr","0","Americans","0","1","151,118","88,34","0","0","0","transfer:hfo-rvr:0:0:0","3767070000","151,118","88,34","0","24651484","68e739b37ac6900a408550cfdbf4d9ac56402370cbf70f5b5ad7de3b5dca0914"
"1441","fresh-dual-v1-1441","9","transfer","hfo-rvr","0","Americans","0","1","151,118","88,34","1","0","0","transfer:hfo-rvr:0:0:0","3767070000","151,118","88,34","0","24651484","68e739b37ac6900a408550cfdbf4d9ac56402370cbf70f5b5ad7de3b5dca0914"
"1442","fresh-dual-v1-1442","9","transfer","hfo-rvr","0","Americans","1","0","88,34","151,118","0","0","1","transfer:hfo-rvr:0:1:0","3767070001","88,34","151,118","0","24651484","68e739b37ac6900a408550cfdbf4d9ac56402370cbf70f5b5ad7de3b5dca0914"
"1443","fresh-dual-v1-1443","9","transfer","hfo-rvr","0","Americans","1","0","88,34","151,118","1","0","1","transfer:hfo-rvr:0:1:0","3767070001","88,34","151,118","0","24651484","68e739b37ac6900a408550cfdbf4d9ac56402370cbf70f5b5ad7de3b5dca0914"
"1444","fresh-dual-v1-1444","9","transfer","hfo-rvr","1","Alliance","0","1","151,118","88,34","0","0","2","transfer:hfo-rvr:1:0:0","3767070002","151,118","88,34","0","24651484","68e739b37ac6900a408550cfdbf4d9ac56402370cbf70f5b5ad7de3b5dca0914"
"1445","fresh-dual-v1-1445","9","transfer","hfo-rvr","1","Alliance","0","1","151,118","88,34","1","0","2","transfer:hfo-rvr:1:0:0","3767070002","151,118","88,34","0","24651484","68e739b37ac6900a408550cfdbf4d9ac56402370cbf70f5b5ad7de3b5dca0914"
"1446","fresh-dual-v1-1446","9","transfer","hfo-rvr","1","Alliance","1","0","88,34","151,118","0","0","3","transfer:hfo-rvr:1:1:0","3767070003","88,34","151,118","0","24651484","68e739b37ac6900a408550cfdbf4d9ac56402370cbf70f5b5ad7de3b5dca0914"
"1447","fresh-dual-v1-1447","9","transfer","hfo-rvr","1","Alliance","1","0","88,34","151,118","1","0","3","transfer:hfo-rvr:1:1:0","3767070003","88,34","151,118","0","24651484","68e739b37ac6900a408550cfdbf4d9ac56402370cbf70f5b5ad7de3b5dca0914"
"1448","fresh-dual-v1-1448","9","transfer","hfo-rvr","2","French","0","1","151,118","88,34","0","0","4","transfer:hfo-rvr:2:0:0","3767070004","151,118","88,34","0","24651484","68e739b37ac6900a408550cfdbf4d9ac56402370cbf70f5b5ad7de3b5dca0914"
"1449","fresh-dual-v1-1449","9","transfer","hfo-rvr","2","French","0","1","151,118","88,34","1","0","4","transfer:hfo-rvr:2:0:0","3767070004","151,118","88,34","0","24651484","68e739b37ac6900a408550cfdbf4d9ac56402370cbf70f5b5ad7de3b5dca0914"
"1450","fresh-dual-v1-1450","9","transfer","hfo-rvr","2","French","1","0","88,34","151,118","0","0","5","transfer:hfo-rvr:2:1:0","3767070005","88,34","151,118","0","24651484","68e739b37ac6900a408550cfdbf4d9ac56402370cbf70f5b5ad7de3b5dca0914"
"1451","fresh-dual-v1-1451","9","transfer","hfo-rvr","2","French","1","0","88,34","151,118","1","0","5","transfer:hfo-rvr:2:1:0","3767070005","88,34","151,118","0","24651484","68e739b37ac6900a408550cfdbf4d9ac56402370cbf70f5b5ad7de3b5dca0914"
"1452","fresh-dual-v1-1452","9","transfer","hfo-rvr","3","Germans","0","1","151,118","88,34","0","0","6","transfer:hfo-rvr:3:0:0","3767070006","151,118","88,34","0","24651484","68e739b37ac6900a408550cfdbf4d9ac56402370cbf70f5b5ad7de3b5dca0914"
"1453","fresh-dual-v1-1453","9","transfer","hfo-rvr","3","Germans","0","1","151,118","88,34","1","0","6","transfer:hfo-rvr:3:0:0","3767070006","151,118","88,34","0","24651484","68e739b37ac6900a408550cfdbf4d9ac56402370cbf70f5b5ad7de3b5dca0914"
"1454","fresh-dual-v1-1454","9","transfer","hfo-rvr","3","Germans","1","0","88,34","151,118","0","0","7","transfer:hfo-rvr:3:1:0","3767070007","88,34","151,118","0","24651484","68e739b37ac6900a408550cfdbf4d9ac56402370cbf70f5b5ad7de3b5dca0914"
"1455","fresh-dual-v1-1455","9","transfer","hfo-rvr","3","Germans","1","0","88,34","151,118","1","0","7","transfer:hfo-rvr:3:1:0","3767070007","88,34","151,118","0","24651484","68e739b37ac6900a408550cfdbf4d9ac56402370cbf70f5b5ad7de3b5dca0914"
"1456","fresh-dual-v1-1456","9","transfer","hfo-rvr","4","British","0","1","151,118","88,34","0","0","8","transfer:hfo-rvr:4:0:0","3767070008","151,118","88,34","0","24651484","68e739b37ac6900a408550cfdbf4d9ac56402370cbf70f5b5ad7de3b5dca0914"
"1457","fresh-dual-v1-1457","9","transfer","hfo-rvr","4","British","0","1","151,118","88,34","1","0","8","transfer:hfo-rvr:4:0:0","3767070008","151,118","88,34","0","24651484","68e739b37ac6900a408550cfdbf4d9ac56402370cbf70f5b5ad7de3b5dca0914"
"1458","fresh-dual-v1-1458","9","transfer","hfo-rvr","4","British","1","0","88,34","151,118","0","0","9","transfer:hfo-rvr:4:1:0","3767070009","88,34","151,118","0","24651484","68e739b37ac6900a408550cfdbf4d9ac56402370cbf70f5b5ad7de3b5dca0914"
"1459","fresh-dual-v1-1459","9","transfer","hfo-rvr","4","British","1","0","88,34","151,118","1","0","9","transfer:hfo-rvr:4:1:0","3767070009","88,34","151,118","0","24651484","68e739b37ac6900a408550cfdbf4d9ac56402370cbf70f5b5ad7de3b5dca0914"
"1460","fresh-dual-v1-1460","9","transfer","hfo-rvr","5","Africans","0","1","151,118","88,34","0","0","10","transfer:hfo-rvr:5:0:0","3767070010","151,118","88,34","0","24651484","68e739b37ac6900a408550cfdbf4d9ac56402370cbf70f5b5ad7de3b5dca0914"
"1461","fresh-dual-v1-1461","9","transfer","hfo-rvr","5","Africans","0","1","151,118","88,34","1","0","10","transfer:hfo-rvr:5:0:0","3767070010","151,118","88,34","0","24651484","68e739b37ac6900a408550cfdbf4d9ac56402370cbf70f5b5ad7de3b5dca0914"
"1462","fresh-dual-v1-1462","9","transfer","hfo-rvr","5","Africans","1","0","88,34","151,118","0","0","11","transfer:hfo-rvr:5:1:0","3767070011","88,34","151,118","0","24651484","68e739b37ac6900a408550cfdbf4d9ac56402370cbf70f5b5ad7de3b5dca0914"
"1463","fresh-dual-v1-1463","9","transfer","hfo-rvr","5","Africans","1","0","88,34","151,118","1","0","11","transfer:hfo-rvr:5:1:0","3767070011","88,34","151,118","0","24651484","68e739b37ac6900a408550cfdbf4d9ac56402370cbf70f5b5ad7de3b5dca0914"
"1464","fresh-dual-v1-1464","9","transfer","hfo-rvr","6","Arabs","0","1","151,118","88,34","0","0","12","transfer:hfo-rvr:6:0:0","3767070012","151,118","88,34","0","24651484","68e739b37ac6900a408550cfdbf4d9ac56402370cbf70f5b5ad7de3b5dca0914"
"1465","fresh-dual-v1-1465","9","transfer","hfo-rvr","6","Arabs","0","1","151,118","88,34","1","0","12","transfer:hfo-rvr:6:0:0","3767070012","151,118","88,34","0","24651484","68e739b37ac6900a408550cfdbf4d9ac56402370cbf70f5b5ad7de3b5dca0914"
"1466","fresh-dual-v1-1466","9","transfer","hfo-rvr","6","Arabs","1","0","88,34","151,118","0","0","13","transfer:hfo-rvr:6:1:0","3767070013","88,34","151,118","0","24651484","68e739b37ac6900a408550cfdbf4d9ac56402370cbf70f5b5ad7de3b5dca0914"
"1467","fresh-dual-v1-1467","9","transfer","hfo-rvr","6","Arabs","1","0","88,34","151,118","1","0","13","transfer:hfo-rvr:6:1:0","3767070013","88,34","151,118","0","24651484","68e739b37ac6900a408550cfdbf4d9ac56402370cbf70f5b5ad7de3b5dca0914"
"1468","fresh-dual-v1-1468","9","transfer","hfo-rvr","7","Confederation","0","1","151,118","88,34","0","0","14","transfer:hfo-rvr:7:0:0","3767070014","151,118","88,34","0","24651484","68e739b37ac6900a408550cfdbf4d9ac56402370cbf70f5b5ad7de3b5dca0914"
"1469","fresh-dual-v1-1469","9","transfer","hfo-rvr","7","Confederation","0","1","151,118","88,34","1","0","14","transfer:hfo-rvr:7:0:0","3767070014","151,118","88,34","0","24651484","68e739b37ac6900a408550cfdbf4d9ac56402370cbf70f5b5ad7de3b5dca0914"
"1470","fresh-dual-v1-1470","9","transfer","hfo-rvr","7","Confederation","1","0","88,34","151,118","0","0","15","transfer:hfo-rvr:7:1:0","3767070015","88,34","151,118","0","24651484","68e739b37ac6900a408550cfdbf4d9ac56402370cbf70f5b5ad7de3b5dca0914"
"1471","fresh-dual-v1-1471","9","transfer","hfo-rvr","7","Confederation","1","0","88,34","151,118","1","0","15","transfer:hfo-rvr:7:1:0","3767070015","88,34","151,118","0","24651484","68e739b37ac6900a408550cfdbf4d9ac56402370cbf70f5b5ad7de3b5dca0914"
"1472","fresh-dual-v1-1472","9","transfer","hfo-rvr","8","Russians","0","1","151,118","88,34","0","0","16","transfer:hfo-rvr:8:0:0","3767070016","151,118","88,34","0","24651484","68e739b37ac6900a408550cfdbf4d9ac56402370cbf70f5b5ad7de3b5dca0914"
"1473","fresh-dual-v1-1473","9","transfer","hfo-rvr","8","Russians","0","1","151,118","88,34","1","0","16","transfer:hfo-rvr:8:0:0","3767070016","151,118","88,34","0","24651484","68e739b37ac6900a408550cfdbf4d9ac56402370cbf70f5b5ad7de3b5dca0914"
"1474","fresh-dual-v1-1474","9","transfer","hfo-rvr","8","Russians","1","0","88,34","151,118","0","0","17","transfer:hfo-rvr:8:1:0","3767070017","88,34","151,118","0","24651484","68e739b37ac6900a408550cfdbf4d9ac56402370cbf70f5b5ad7de3b5dca0914"
"1475","fresh-dual-v1-1475","9","transfer","hfo-rvr","8","Russians","1","0","88,34","151,118","1","0","17","transfer:hfo-rvr:8:1:0","3767070017","88,34","151,118","0","24651484","68e739b37ac6900a408550cfdbf4d9ac56402370cbf70f5b5ad7de3b5dca0914"
"1476","fresh-dual-v1-1476","10","transfer","hfo-tvt","0","Americans","0","1","39,82","88,34","0","0","0","transfer:hfo-tvt:0:0:0","3767080000","39,82","88,34","0","24651485","f6111b99807582e728c7020e7baf7c60f8f3ed91394d93d4bc53623630685ecb"
"1477","fresh-dual-v1-1477","10","transfer","hfo-tvt","0","Americans","0","1","39,82","88,34","1","0","0","transfer:hfo-tvt:0:0:0","3767080000","39,82","88,34","0","24651485","f6111b99807582e728c7020e7baf7c60f8f3ed91394d93d4bc53623630685ecb"
"1478","fresh-dual-v1-1478","10","transfer","hfo-tvt","0","Americans","1","0","88,34","39,82","0","0","1","transfer:hfo-tvt:0:1:0","3767080001","88,34","39,82","0","24651485","f6111b99807582e728c7020e7baf7c60f8f3ed91394d93d4bc53623630685ecb"
"1479","fresh-dual-v1-1479","10","transfer","hfo-tvt","0","Americans","1","0","88,34","39,82","1","0","1","transfer:hfo-tvt:0:1:0","3767080001","88,34","39,82","0","24651485","f6111b99807582e728c7020e7baf7c60f8f3ed91394d93d4bc53623630685ecb"
"1480","fresh-dual-v1-1480","10","transfer","hfo-tvt","1","Alliance","0","1","39,82","88,34","0","0","2","transfer:hfo-tvt:1:0:0","3767080002","39,82","88,34","0","24651485","f6111b99807582e728c7020e7baf7c60f8f3ed91394d93d4bc53623630685ecb"
"1481","fresh-dual-v1-1481","10","transfer","hfo-tvt","1","Alliance","0","1","39,82","88,34","1","0","2","transfer:hfo-tvt:1:0:0","3767080002","39,82","88,34","0","24651485","f6111b99807582e728c7020e7baf7c60f8f3ed91394d93d4bc53623630685ecb"
"1482","fresh-dual-v1-1482","10","transfer","hfo-tvt","1","Alliance","1","0","88,34","39,82","0","0","3","transfer:hfo-tvt:1:1:0","3767080003","88,34","39,82","0","24651485","f6111b99807582e728c7020e7baf7c60f8f3ed91394d93d4bc53623630685ecb"
"1483","fresh-dual-v1-1483","10","transfer","hfo-tvt","1","Alliance","1","0","88,34","39,82","1","0","3","transfer:hfo-tvt:1:1:0","3767080003","88,34","39,82","0","24651485","f6111b99807582e728c7020e7baf7c60f8f3ed91394d93d4bc53623630685ecb"
"1484","fresh-dual-v1-1484","10","transfer","hfo-tvt","2","French","0","1","39,82","88,34","0","0","4","transfer:hfo-tvt:2:0:0","3767080004","39,82","88,34","0","24651485","f6111b99807582e728c7020e7baf7c60f8f3ed91394d93d4bc53623630685ecb"
"1485","fresh-dual-v1-1485","10","transfer","hfo-tvt","2","French","0","1","39,82","88,34","1","0","4","transfer:hfo-tvt:2:0:0","3767080004","39,82","88,34","0","24651485","f6111b99807582e728c7020e7baf7c60f8f3ed91394d93d4bc53623630685ecb"
"1486","fresh-dual-v1-1486","10","transfer","hfo-tvt","2","French","1","0","88,34","39,82","0","0","5","transfer:hfo-tvt:2:1:0","3767080005","88,34","39,82","0","24651485","f6111b99807582e728c7020e7baf7c60f8f3ed91394d93d4bc53623630685ecb"
"1487","fresh-dual-v1-1487","10","transfer","hfo-tvt","2","French","1","0","88,34","39,82","1","0","5","transfer:hfo-tvt:2:1:0","3767080005","88,34","39,82","0","24651485","f6111b99807582e728c7020e7baf7c60f8f3ed91394d93d4bc53623630685ecb"
"1488","fresh-dual-v1-1488","10","transfer","hfo-tvt","3","Germans","0","1","39,82","88,34","0","0","6","transfer:hfo-tvt:3:0:0","3767080006","39,82","88,34","0","24651485","f6111b99807582e728c7020e7baf7c60f8f3ed91394d93d4bc53623630685ecb"
"1489","fresh-dual-v1-1489","10","transfer","hfo-tvt","3","Germans","0","1","39,82","88,34","1","0","6","transfer:hfo-tvt:3:0:0","3767080006","39,82","88,34","0","24651485","f6111b99807582e728c7020e7baf7c60f8f3ed91394d93d4bc53623630685ecb"
"1490","fresh-dual-v1-1490","10","transfer","hfo-tvt","3","Germans","1","0","88,34","39,82","0","0","7","transfer:hfo-tvt:3:1:0","3767080007","88,34","39,82","0","24651485","f6111b99807582e728c7020e7baf7c60f8f3ed91394d93d4bc53623630685ecb"
"1491","fresh-dual-v1-1491","10","transfer","hfo-tvt","3","Germans","1","0","88,34","39,82","1","0","7","transfer:hfo-tvt:3:1:0","3767080007","88,34","39,82","0","24651485","f6111b99807582e728c7020e7baf7c60f8f3ed91394d93d4bc53623630685ecb"
"1492","fresh-dual-v1-1492","10","transfer","hfo-tvt","4","British","0","1","39,82","88,34","0","0","8","transfer:hfo-tvt:4:0:0","3767080008","39,82","88,34","0","24651485","f6111b99807582e728c7020e7baf7c60f8f3ed91394d93d4bc53623630685ecb"
"1493","fresh-dual-v1-1493","10","transfer","hfo-tvt","4","British","0","1","39,82","88,34","1","0","8","transfer:hfo-tvt:4:0:0","3767080008","39,82","88,34","0","24651485","f6111b99807582e728c7020e7baf7c60f8f3ed91394d93d4bc53623630685ecb"
"1494","fresh-dual-v1-1494","10","transfer","hfo-tvt","4","British","1","0","88,34","39,82","0","0","9","transfer:hfo-tvt:4:1:0","3767080009","88,34","39,82","0","24651485","f6111b99807582e728c7020e7baf7c60f8f3ed91394d93d4bc53623630685ecb"
"1495","fresh-dual-v1-1495","10","transfer","hfo-tvt","4","British","1","0","88,34","39,82","1","0","9","transfer:hfo-tvt:4:1:0","3767080009","88,34","39,82","0","24651485","f6111b99807582e728c7020e7baf7c60f8f3ed91394d93d4bc53623630685ecb"
"1496","fresh-dual-v1-1496","10","transfer","hfo-tvt","5","Africans","0","1","39,82","88,34","0","0","10","transfer:hfo-tvt:5:0:0","3767080010","39,82","88,34","0","24651485","f6111b99807582e728c7020e7baf7c60f8f3ed91394d93d4bc53623630685ecb"
"1497","fresh-dual-v1-1497","10","transfer","hfo-tvt","5","Africans","0","1","39,82","88,34","1","0","10","transfer:hfo-tvt:5:0:0","3767080010","39,82","88,34","0","24651485","f6111b99807582e728c7020e7baf7c60f8f3ed91394d93d4bc53623630685ecb"
"1498","fresh-dual-v1-1498","10","transfer","hfo-tvt","5","Africans","1","0","88,34","39,82","0","0","11","transfer:hfo-tvt:5:1:0","3767080011","88,34","39,82","0","24651485","f6111b99807582e728c7020e7baf7c60f8f3ed91394d93d4bc53623630685ecb"
"1499","fresh-dual-v1-1499","10","transfer","hfo-tvt","5","Africans","1","0","88,34","39,82","1","0","11","transfer:hfo-tvt:5:1:0","3767080011","88,34","39,82","0","24651485","f6111b99807582e728c7020e7baf7c60f8f3ed91394d93d4bc53623630685ecb"
"1500","fresh-dual-v1-1500","10","transfer","hfo-tvt","6","Arabs","0","1","39,82","88,34","0","0","12","transfer:hfo-tvt:6:0:0","3767080012","39,82","88,34","0","24651485","f6111b99807582e728c7020e7baf7c60f8f3ed91394d93d4bc53623630685ecb"
"1501","fresh-dual-v1-1501","10","transfer","hfo-tvt","6","Arabs","0","1","39,82","88,34","1","0","12","transfer:hfo-tvt:6:0:0","3767080012","39,82","88,34","0","24651485","f6111b99807582e728c7020e7baf7c60f8f3ed91394d93d4bc53623630685ecb"
"1502","fresh-dual-v1-1502","10","transfer","hfo-tvt","6","Arabs","1","0","88,34","39,82","0","0","13","transfer:hfo-tvt:6:1:0","3767080013","88,34","39,82","0","24651485","f6111b99807582e728c7020e7baf7c60f8f3ed91394d93d4bc53623630685ecb"
"1503","fresh-dual-v1-1503","10","transfer","hfo-tvt","6","Arabs","1","0","88,34","39,82","1","0","13","transfer:hfo-tvt:6:1:0","3767080013","88,34","39,82","0","24651485","f6111b99807582e728c7020e7baf7c60f8f3ed91394d93d4bc53623630685ecb"
"1504","fresh-dual-v1-1504","10","transfer","hfo-tvt","7","Confederation","0","1","39,82","88,34","0","0","14","transfer:hfo-tvt:7:0:0","3767080014","39,82","88,34","0","24651485","f6111b99807582e728c7020e7baf7c60f8f3ed91394d93d4bc53623630685ecb"
"1505","fresh-dual-v1-1505","10","transfer","hfo-tvt","7","Confederation","0","1","39,82","88,34","1","0","14","transfer:hfo-tvt:7:0:0","3767080014","39,82","88,34","0","24651485","f6111b99807582e728c7020e7baf7c60f8f3ed91394d93d4bc53623630685ecb"
"1506","fresh-dual-v1-1506","10","transfer","hfo-tvt","7","Confederation","1","0","88,34","39,82","0","0","15","transfer:hfo-tvt:7:1:0","3767080015","88,34","39,82","0","24651485","f6111b99807582e728c7020e7baf7c60f8f3ed91394d93d4bc53623630685ecb"
"1507","fresh-dual-v1-1507","10","transfer","hfo-tvt","7","Confederation","1","0","88,34","39,82","1","0","15","transfer:hfo-tvt:7:1:0","3767080015","88,34","39,82","0","24651485","f6111b99807582e728c7020e7baf7c60f8f3ed91394d93d4bc53623630685ecb"
"1508","fresh-dual-v1-1508","10","transfer","hfo-tvt","8","Russians","0","1","39,82","88,34","0","0","16","transfer:hfo-tvt:8:0:0","3767080016","39,82","88,34","0","24651485","f6111b99807582e728c7020e7baf7c60f8f3ed91394d93d4bc53623630685ecb"
"1509","fresh-dual-v1-1509","10","transfer","hfo-tvt","8","Russians","0","1","39,82","88,34","1","0","16","transfer:hfo-tvt:8:0:0","3767080016","39,82","88,34","0","24651485","f6111b99807582e728c7020e7baf7c60f8f3ed91394d93d4bc53623630685ecb"
"1510","fresh-dual-v1-1510","10","transfer","hfo-tvt","8","Russians","1","0","88,34","39,82","0","0","17","transfer:hfo-tvt:8:1:0","3767080017","88,34","39,82","0","24651485","f6111b99807582e728c7020e7baf7c60f8f3ed91394d93d4bc53623630685ecb"
"1511","fresh-dual-v1-1511","10","transfer","hfo-tvt","8","Russians","1","0","88,34","39,82","1","0","17","transfer:hfo-tvt:8:1:0","3767080017","88,34","39,82","0","24651485","f6111b99807582e728c7020e7baf7c60f8f3ed91394d93d4bc53623630685ecb"
"1512","fresh-dual-v1-1512","11","transfer","tour-of-egypt","0","Americans","0","1","22,72","41,91","0","0","0","transfer:tour-of-egypt:0:0:0","3767090000","22,72","41,91","0","24651486","8acfce3793188dc0cd3c4b3c2c1fa8a31ab3eb04a6a3b35bd74d6bb224003b29"
"1513","fresh-dual-v1-1513","11","transfer","tour-of-egypt","0","Americans","0","1","22,72","41,91","1","0","0","transfer:tour-of-egypt:0:0:0","3767090000","22,72","41,91","0","24651486","8acfce3793188dc0cd3c4b3c2c1fa8a31ab3eb04a6a3b35bd74d6bb224003b29"
"1514","fresh-dual-v1-1514","11","transfer","tour-of-egypt","0","Americans","1","3","41,91","72,22","0","0","1","transfer:tour-of-egypt:0:1:0","3767090001","41,91","72,22","0","24651486","8acfce3793188dc0cd3c4b3c2c1fa8a31ab3eb04a6a3b35bd74d6bb224003b29"
"1515","fresh-dual-v1-1515","11","transfer","tour-of-egypt","0","Americans","1","3","41,91","72,22","1","0","1","transfer:tour-of-egypt:0:1:0","3767090001","41,91","72,22","0","24651486","8acfce3793188dc0cd3c4b3c2c1fa8a31ab3eb04a6a3b35bd74d6bb224003b29"
"1516","fresh-dual-v1-1516","11","transfer","tour-of-egypt","0","Americans","2","5","62,111","111,61","0","0","2","transfer:tour-of-egypt:0:2:0","3767090002","62,111","111,61","0","24651486","8acfce3793188dc0cd3c4b3c2c1fa8a31ab3eb04a6a3b35bd74d6bb224003b29"
"1517","fresh-dual-v1-1517","11","transfer","tour-of-egypt","0","Americans","2","5","62,111","111,61","1","0","2","transfer:tour-of-egypt:0:2:0","3767090002","62,111","111,61","0","24651486","8acfce3793188dc0cd3c4b3c2c1fa8a31ab3eb04a6a3b35bd74d6bb224003b29"
"1518","fresh-dual-v1-1518","11","transfer","tour-of-egypt","0","Americans","3","0","72,22","22,72","0","0","3","transfer:tour-of-egypt:0:3:0","3767090003","72,22","22,72","0","24651486","8acfce3793188dc0cd3c4b3c2c1fa8a31ab3eb04a6a3b35bd74d6bb224003b29"
"1519","fresh-dual-v1-1519","11","transfer","tour-of-egypt","0","Americans","3","0","72,22","22,72","1","0","3","transfer:tour-of-egypt:0:3:0","3767090003","72,22","22,72","0","24651486","8acfce3793188dc0cd3c4b3c2c1fa8a31ab3eb04a6a3b35bd74d6bb224003b29"
"1520","fresh-dual-v1-1520","11","transfer","tour-of-egypt","0","Americans","4","2","91,41","62,111","0","0","4","transfer:tour-of-egypt:0:4:0","3767090004","91,41","62,111","0","24651486","8acfce3793188dc0cd3c4b3c2c1fa8a31ab3eb04a6a3b35bd74d6bb224003b29"
"1521","fresh-dual-v1-1521","11","transfer","tour-of-egypt","0","Americans","4","2","91,41","62,111","1","0","4","transfer:tour-of-egypt:0:4:0","3767090004","91,41","62,111","0","24651486","8acfce3793188dc0cd3c4b3c2c1fa8a31ab3eb04a6a3b35bd74d6bb224003b29"
"1522","fresh-dual-v1-1522","11","transfer","tour-of-egypt","0","Americans","5","4","111,61","91,41","0","0","5","transfer:tour-of-egypt:0:5:0","3767090005","111,61","91,41","0","24651486","8acfce3793188dc0cd3c4b3c2c1fa8a31ab3eb04a6a3b35bd74d6bb224003b29"
"1523","fresh-dual-v1-1523","11","transfer","tour-of-egypt","0","Americans","5","4","111,61","91,41","1","0","5","transfer:tour-of-egypt:0:5:0","3767090005","111,61","91,41","0","24651486","8acfce3793188dc0cd3c4b3c2c1fa8a31ab3eb04a6a3b35bd74d6bb224003b29"
"1524","fresh-dual-v1-1524","11","transfer","tour-of-egypt","1","Alliance","0","3","22,72","72,22","0","0","6","transfer:tour-of-egypt:1:0:0","3767090006","22,72","72,22","0","24651486","8acfce3793188dc0cd3c4b3c2c1fa8a31ab3eb04a6a3b35bd74d6bb224003b29"
"1525","fresh-dual-v1-1525","11","transfer","tour-of-egypt","1","Alliance","0","3","22,72","72,22","1","0","6","transfer:tour-of-egypt:1:0:0","3767090006","22,72","72,22","0","24651486","8acfce3793188dc0cd3c4b3c2c1fa8a31ab3eb04a6a3b35bd74d6bb224003b29"
"1526","fresh-dual-v1-1526","11","transfer","tour-of-egypt","1","Alliance","1","0","41,91","22,72","0","0","7","transfer:tour-of-egypt:1:1:0","3767090007","41,91","22,72","0","24651486","8acfce3793188dc0cd3c4b3c2c1fa8a31ab3eb04a6a3b35bd74d6bb224003b29"
"1527","fresh-dual-v1-1527","11","transfer","tour-of-egypt","1","Alliance","1","0","41,91","22,72","1","0","7","transfer:tour-of-egypt:1:1:0","3767090007","41,91","22,72","0","24651486","8acfce3793188dc0cd3c4b3c2c1fa8a31ab3eb04a6a3b35bd74d6bb224003b29"
"1528","fresh-dual-v1-1528","11","transfer","tour-of-egypt","1","Alliance","2","4","62,111","91,41","0","0","8","transfer:tour-of-egypt:1:2:0","3767090008","62,111","91,41","0","24651486","8acfce3793188dc0cd3c4b3c2c1fa8a31ab3eb04a6a3b35bd74d6bb224003b29"
"1529","fresh-dual-v1-1529","11","transfer","tour-of-egypt","1","Alliance","2","4","62,111","91,41","1","0","8","transfer:tour-of-egypt:1:2:0","3767090008","62,111","91,41","0","24651486","8acfce3793188dc0cd3c4b3c2c1fa8a31ab3eb04a6a3b35bd74d6bb224003b29"
"1530","fresh-dual-v1-1530","11","transfer","tour-of-egypt","1","Alliance","3","1","72,22","41,91","0","0","9","transfer:tour-of-egypt:1:3:0","3767090009","72,22","41,91","0","24651486","8acfce3793188dc0cd3c4b3c2c1fa8a31ab3eb04a6a3b35bd74d6bb224003b29"
"1531","fresh-dual-v1-1531","11","transfer","tour-of-egypt","1","Alliance","3","1","72,22","41,91","1","0","9","transfer:tour-of-egypt:1:3:0","3767090009","72,22","41,91","0","24651486","8acfce3793188dc0cd3c4b3c2c1fa8a31ab3eb04a6a3b35bd74d6bb224003b29"
"1532","fresh-dual-v1-1532","11","transfer","tour-of-egypt","1","Alliance","4","5","91,41","111,61","0","0","10","transfer:tour-of-egypt:1:4:0","3767090010","91,41","111,61","0","24651486","8acfce3793188dc0cd3c4b3c2c1fa8a31ab3eb04a6a3b35bd74d6bb224003b29"
"1533","fresh-dual-v1-1533","11","transfer","tour-of-egypt","1","Alliance","4","5","91,41","111,61","1","0","10","transfer:tour-of-egypt:1:4:0","3767090010","91,41","111,61","0","24651486","8acfce3793188dc0cd3c4b3c2c1fa8a31ab3eb04a6a3b35bd74d6bb224003b29"
"1534","fresh-dual-v1-1534","11","transfer","tour-of-egypt","1","Alliance","5","2","111,61","62,111","0","0","11","transfer:tour-of-egypt:1:5:0","3767090011","111,61","62,111","0","24651486","8acfce3793188dc0cd3c4b3c2c1fa8a31ab3eb04a6a3b35bd74d6bb224003b29"
"1535","fresh-dual-v1-1535","11","transfer","tour-of-egypt","1","Alliance","5","2","111,61","62,111","1","0","11","transfer:tour-of-egypt:1:5:0","3767090011","111,61","62,111","0","24651486","8acfce3793188dc0cd3c4b3c2c1fa8a31ab3eb04a6a3b35bd74d6bb224003b29"
"1536","fresh-dual-v1-1536","11","transfer","tour-of-egypt","2","French","0","2","22,72","62,111","0","0","12","transfer:tour-of-egypt:2:0:0","3767090012","22,72","62,111","0","24651486","8acfce3793188dc0cd3c4b3c2c1fa8a31ab3eb04a6a3b35bd74d6bb224003b29"
"1537","fresh-dual-v1-1537","11","transfer","tour-of-egypt","2","French","0","2","22,72","62,111","1","0","12","transfer:tour-of-egypt:2:0:0","3767090012","22,72","62,111","0","24651486","8acfce3793188dc0cd3c4b3c2c1fa8a31ab3eb04a6a3b35bd74d6bb224003b29"
"1538","fresh-dual-v1-1538","11","transfer","tour-of-egypt","2","French","1","0","41,91","22,72","0","0","13","transfer:tour-of-egypt:2:1:0","3767090013","41,91","22,72","0","24651486","8acfce3793188dc0cd3c4b3c2c1fa8a31ab3eb04a6a3b35bd74d6bb224003b29"
"1539","fresh-dual-v1-1539","11","transfer","tour-of-egypt","2","French","1","0","41,91","22,72","1","0","13","transfer:tour-of-egypt:2:1:0","3767090013","41,91","22,72","0","24651486","8acfce3793188dc0cd3c4b3c2c1fa8a31ab3eb04a6a3b35bd74d6bb224003b29"
"1540","fresh-dual-v1-1540","11","transfer","tour-of-egypt","2","French","2","1","62,111","41,91","0","0","14","transfer:tour-of-egypt:2:2:0","3767090014","62,111","41,91","0","24651486","8acfce3793188dc0cd3c4b3c2c1fa8a31ab3eb04a6a3b35bd74d6bb224003b29"
"1541","fresh-dual-v1-1541","11","transfer","tour-of-egypt","2","French","2","1","62,111","41,91","1","0","14","transfer:tour-of-egypt:2:2:0","3767090014","62,111","41,91","0","24651486","8acfce3793188dc0cd3c4b3c2c1fa8a31ab3eb04a6a3b35bd74d6bb224003b29"
"1542","fresh-dual-v1-1542","11","transfer","tour-of-egypt","2","French","3","4","72,22","91,41","0","0","15","transfer:tour-of-egypt:2:3:0","3767090015","72,22","91,41","0","24651486","8acfce3793188dc0cd3c4b3c2c1fa8a31ab3eb04a6a3b35bd74d6bb224003b29"
"1543","fresh-dual-v1-1543","11","transfer","tour-of-egypt","2","French","3","4","72,22","91,41","1","0","15","transfer:tour-of-egypt:2:3:0","3767090015","72,22","91,41","0","24651486","8acfce3793188dc0cd3c4b3c2c1fa8a31ab3eb04a6a3b35bd74d6bb224003b29"
"1544","fresh-dual-v1-1544","11","transfer","tour-of-egypt","2","French","4","5","91,41","111,61","0","0","16","transfer:tour-of-egypt:2:4:0","3767090016","91,41","111,61","0","24651486","8acfce3793188dc0cd3c4b3c2c1fa8a31ab3eb04a6a3b35bd74d6bb224003b29"
"1545","fresh-dual-v1-1545","11","transfer","tour-of-egypt","2","French","4","5","91,41","111,61","1","0","16","transfer:tour-of-egypt:2:4:0","3767090016","91,41","111,61","0","24651486","8acfce3793188dc0cd3c4b3c2c1fa8a31ab3eb04a6a3b35bd74d6bb224003b29"
"1546","fresh-dual-v1-1546","11","transfer","tour-of-egypt","2","French","5","3","111,61","72,22","0","0","17","transfer:tour-of-egypt:2:5:0","3767090017","111,61","72,22","0","24651486","8acfce3793188dc0cd3c4b3c2c1fa8a31ab3eb04a6a3b35bd74d6bb224003b29"
"1547","fresh-dual-v1-1547","11","transfer","tour-of-egypt","2","French","5","3","111,61","72,22","1","0","17","transfer:tour-of-egypt:2:5:0","3767090017","111,61","72,22","0","24651486","8acfce3793188dc0cd3c4b3c2c1fa8a31ab3eb04a6a3b35bd74d6bb224003b29"
"1548","fresh-dual-v1-1548","11","transfer","tour-of-egypt","3","Germans","0","3","22,72","72,22","0","0","18","transfer:tour-of-egypt:3:0:0","3767090018","22,72","72,22","0","24651486","8acfce3793188dc0cd3c4b3c2c1fa8a31ab3eb04a6a3b35bd74d6bb224003b29"
"1549","fresh-dual-v1-1549","11","transfer","tour-of-egypt","3","Germans","0","3","22,72","72,22","1","0","18","transfer:tour-of-egypt:3:0:0","3767090018","22,72","72,22","0","24651486","8acfce3793188dc0cd3c4b3c2c1fa8a31ab3eb04a6a3b35bd74d6bb224003b29"
"1550","fresh-dual-v1-1550","11","transfer","tour-of-egypt","3","Germans","1","5","41,91","111,61","0","0","19","transfer:tour-of-egypt:3:1:0","3767090019","41,91","111,61","0","24651486","8acfce3793188dc0cd3c4b3c2c1fa8a31ab3eb04a6a3b35bd74d6bb224003b29"
"1551","fresh-dual-v1-1551","11","transfer","tour-of-egypt","3","Germans","1","5","41,91","111,61","1","0","19","transfer:tour-of-egypt:3:1:0","3767090019","41,91","111,61","0","24651486","8acfce3793188dc0cd3c4b3c2c1fa8a31ab3eb04a6a3b35bd74d6bb224003b29"
"1552","fresh-dual-v1-1552","11","transfer","tour-of-egypt","3","Germans","2","4","62,111","91,41","0","0","20","transfer:tour-of-egypt:3:2:0","3767090020","62,111","91,41","0","24651486","8acfce3793188dc0cd3c4b3c2c1fa8a31ab3eb04a6a3b35bd74d6bb224003b29"
"1553","fresh-dual-v1-1553","11","transfer","tour-of-egypt","3","Germans","2","4","62,111","91,41","1","0","20","transfer:tour-of-egypt:3:2:0","3767090020","62,111","91,41","0","24651486","8acfce3793188dc0cd3c4b3c2c1fa8a31ab3eb04a6a3b35bd74d6bb224003b29"
"1554","fresh-dual-v1-1554","11","transfer","tour-of-egypt","3","Germans","3","2","72,22","62,111","0","0","21","transfer:tour-of-egypt:3:3:0","3767090021","72,22","62,111","0","24651486","8acfce3793188dc0cd3c4b3c2c1fa8a31ab3eb04a6a3b35bd74d6bb224003b29"
"1555","fresh-dual-v1-1555","11","transfer","tour-of-egypt","3","Germans","3","2","72,22","62,111","1","0","21","transfer:tour-of-egypt:3:3:0","3767090021","72,22","62,111","0","24651486","8acfce3793188dc0cd3c4b3c2c1fa8a31ab3eb04a6a3b35bd74d6bb224003b29"
"1556","fresh-dual-v1-1556","11","transfer","tour-of-egypt","3","Germans","4","1","91,41","41,91","0","0","22","transfer:tour-of-egypt:3:4:0","3767090022","91,41","41,91","0","24651486","8acfce3793188dc0cd3c4b3c2c1fa8a31ab3eb04a6a3b35bd74d6bb224003b29"
"1557","fresh-dual-v1-1557","11","transfer","tour-of-egypt","3","Germans","4","1","91,41","41,91","1","0","22","transfer:tour-of-egypt:3:4:0","3767090022","91,41","41,91","0","24651486","8acfce3793188dc0cd3c4b3c2c1fa8a31ab3eb04a6a3b35bd74d6bb224003b29"
"1558","fresh-dual-v1-1558","11","transfer","tour-of-egypt","3","Germans","5","0","111,61","22,72","0","0","23","transfer:tour-of-egypt:3:5:0","3767090023","111,61","22,72","0","24651486","8acfce3793188dc0cd3c4b3c2c1fa8a31ab3eb04a6a3b35bd74d6bb224003b29"
"1559","fresh-dual-v1-1559","11","transfer","tour-of-egypt","3","Germans","5","0","111,61","22,72","1","0","23","transfer:tour-of-egypt:3:5:0","3767090023","111,61","22,72","0","24651486","8acfce3793188dc0cd3c4b3c2c1fa8a31ab3eb04a6a3b35bd74d6bb224003b29"
"1560","fresh-dual-v1-1560","11","transfer","tour-of-egypt","4","British","0","4","22,72","91,41","0","0","24","transfer:tour-of-egypt:4:0:0","3767090024","22,72","91,41","0","24651486","8acfce3793188dc0cd3c4b3c2c1fa8a31ab3eb04a6a3b35bd74d6bb224003b29"
"1561","fresh-dual-v1-1561","11","transfer","tour-of-egypt","4","British","0","4","22,72","91,41","1","0","24","transfer:tour-of-egypt:4:0:0","3767090024","22,72","91,41","0","24651486","8acfce3793188dc0cd3c4b3c2c1fa8a31ab3eb04a6a3b35bd74d6bb224003b29"
"1562","fresh-dual-v1-1562","11","transfer","tour-of-egypt","4","British","1","2","41,91","62,111","0","0","25","transfer:tour-of-egypt:4:1:0","3767090025","41,91","62,111","0","24651486","8acfce3793188dc0cd3c4b3c2c1fa8a31ab3eb04a6a3b35bd74d6bb224003b29"
"1563","fresh-dual-v1-1563","11","transfer","tour-of-egypt","4","British","1","2","41,91","62,111","1","0","25","transfer:tour-of-egypt:4:1:0","3767090025","41,91","62,111","0","24651486","8acfce3793188dc0cd3c4b3c2c1fa8a31ab3eb04a6a3b35bd74d6bb224003b29"
"1564","fresh-dual-v1-1564","11","transfer","tour-of-egypt","4","British","2","0","62,111","22,72","0","0","26","transfer:tour-of-egypt:4:2:0","3767090026","62,111","22,72","0","24651486","8acfce3793188dc0cd3c4b3c2c1fa8a31ab3eb04a6a3b35bd74d6bb224003b29"
"1565","fresh-dual-v1-1565","11","transfer","tour-of-egypt","4","British","2","0","62,111","22,72","1","0","26","transfer:tour-of-egypt:4:2:0","3767090026","62,111","22,72","0","24651486","8acfce3793188dc0cd3c4b3c2c1fa8a31ab3eb04a6a3b35bd74d6bb224003b29"
"1566","fresh-dual-v1-1566","11","transfer","tour-of-egypt","4","British","3","5","72,22","111,61","0","0","27","transfer:tour-of-egypt:4:3:0","3767090027","72,22","111,61","0","24651486","8acfce3793188dc0cd3c4b3c2c1fa8a31ab3eb04a6a3b35bd74d6bb224003b29"
"1567","fresh-dual-v1-1567","11","transfer","tour-of-egypt","4","British","3","5","72,22","111,61","1","0","27","transfer:tour-of-egypt:4:3:0","3767090027","72,22","111,61","0","24651486","8acfce3793188dc0cd3c4b3c2c1fa8a31ab3eb04a6a3b35bd74d6bb224003b29"
"1568","fresh-dual-v1-1568","11","transfer","tour-of-egypt","4","British","4","3","91,41","72,22","0","0","28","transfer:tour-of-egypt:4:4:0","3767090028","91,41","72,22","0","24651486","8acfce3793188dc0cd3c4b3c2c1fa8a31ab3eb04a6a3b35bd74d6bb224003b29"
"1569","fresh-dual-v1-1569","11","transfer","tour-of-egypt","4","British","4","3","91,41","72,22","1","0","28","transfer:tour-of-egypt:4:4:0","3767090028","91,41","72,22","0","24651486","8acfce3793188dc0cd3c4b3c2c1fa8a31ab3eb04a6a3b35bd74d6bb224003b29"
"1570","fresh-dual-v1-1570","11","transfer","tour-of-egypt","4","British","5","1","111,61","41,91","0","0","29","transfer:tour-of-egypt:4:5:0","3767090029","111,61","41,91","0","24651486","8acfce3793188dc0cd3c4b3c2c1fa8a31ab3eb04a6a3b35bd74d6bb224003b29"
"1571","fresh-dual-v1-1571","11","transfer","tour-of-egypt","4","British","5","1","111,61","41,91","1","0","29","transfer:tour-of-egypt:4:5:0","3767090029","111,61","41,91","0","24651486","8acfce3793188dc0cd3c4b3c2c1fa8a31ab3eb04a6a3b35bd74d6bb224003b29"
"1572","fresh-dual-v1-1572","11","transfer","tour-of-egypt","5","Africans","0","5","22,72","111,61","0","0","30","transfer:tour-of-egypt:5:0:0","3767090030","22,72","111,61","0","24651486","8acfce3793188dc0cd3c4b3c2c1fa8a31ab3eb04a6a3b35bd74d6bb224003b29"
"1573","fresh-dual-v1-1573","11","transfer","tour-of-egypt","5","Africans","0","5","22,72","111,61","1","0","30","transfer:tour-of-egypt:5:0:0","3767090030","22,72","111,61","0","24651486","8acfce3793188dc0cd3c4b3c2c1fa8a31ab3eb04a6a3b35bd74d6bb224003b29"
"1574","fresh-dual-v1-1574","11","transfer","tour-of-egypt","5","Africans","1","4","41,91","91,41","0","0","31","transfer:tour-of-egypt:5:1:0","3767090031","41,91","91,41","0","24651486","8acfce3793188dc0cd3c4b3c2c1fa8a31ab3eb04a6a3b35bd74d6bb224003b29"
"1575","fresh-dual-v1-1575","11","transfer","tour-of-egypt","5","Africans","1","4","41,91","91,41","1","0","31","transfer:tour-of-egypt:5:1:0","3767090031","41,91","91,41","0","24651486","8acfce3793188dc0cd3c4b3c2c1fa8a31ab3eb04a6a3b35bd74d6bb224003b29"
"1576","fresh-dual-v1-1576","11","transfer","tour-of-egypt","5","Africans","2","3","62,111","72,22","0","0","32","transfer:tour-of-egypt:5:2:0","3767090032","62,111","72,22","0","24651486","8acfce3793188dc0cd3c4b3c2c1fa8a31ab3eb04a6a3b35bd74d6bb224003b29"
"1577","fresh-dual-v1-1577","11","transfer","tour-of-egypt","5","Africans","2","3","62,111","72,22","1","0","32","transfer:tour-of-egypt:5:2:0","3767090032","62,111","72,22","0","24651486","8acfce3793188dc0cd3c4b3c2c1fa8a31ab3eb04a6a3b35bd74d6bb224003b29"
"1578","fresh-dual-v1-1578","11","transfer","tour-of-egypt","5","Africans","3","1","72,22","41,91","0","0","33","transfer:tour-of-egypt:5:3:0","3767090033","72,22","41,91","0","24651486","8acfce3793188dc0cd3c4b3c2c1fa8a31ab3eb04a6a3b35bd74d6bb224003b29"
"1579","fresh-dual-v1-1579","11","transfer","tour-of-egypt","5","Africans","3","1","72,22","41,91","1","0","33","transfer:tour-of-egypt:5:3:0","3767090033","72,22","41,91","0","24651486","8acfce3793188dc0cd3c4b3c2c1fa8a31ab3eb04a6a3b35bd74d6bb224003b29"
"1580","fresh-dual-v1-1580","11","transfer","tour-of-egypt","5","Africans","4","0","91,41","22,72","0","0","34","transfer:tour-of-egypt:5:4:0","3767090034","91,41","22,72","0","24651486","8acfce3793188dc0cd3c4b3c2c1fa8a31ab3eb04a6a3b35bd74d6bb224003b29"
"1581","fresh-dual-v1-1581","11","transfer","tour-of-egypt","5","Africans","4","0","91,41","22,72","1","0","34","transfer:tour-of-egypt:5:4:0","3767090034","91,41","22,72","0","24651486","8acfce3793188dc0cd3c4b3c2c1fa8a31ab3eb04a6a3b35bd74d6bb224003b29"
"1582","fresh-dual-v1-1582","11","transfer","tour-of-egypt","5","Africans","5","2","111,61","62,111","0","0","35","transfer:tour-of-egypt:5:5:0","3767090035","111,61","62,111","0","24651486","8acfce3793188dc0cd3c4b3c2c1fa8a31ab3eb04a6a3b35bd74d6bb224003b29"
"1583","fresh-dual-v1-1583","11","transfer","tour-of-egypt","5","Africans","5","2","111,61","62,111","1","0","35","transfer:tour-of-egypt:5:5:0","3767090035","111,61","62,111","0","24651486","8acfce3793188dc0cd3c4b3c2c1fa8a31ab3eb04a6a3b35bd74d6bb224003b29"
"1584","fresh-dual-v1-1584","11","transfer","tour-of-egypt","6","Arabs","0","4","22,72","91,41","0","0","36","transfer:tour-of-egypt:6:0:0","3767090036","22,72","91,41","0","24651486","8acfce3793188dc0cd3c4b3c2c1fa8a31ab3eb04a6a3b35bd74d6bb224003b29"
"1585","fresh-dual-v1-1585","11","transfer","tour-of-egypt","6","Arabs","0","4","22,72","91,41","1","0","36","transfer:tour-of-egypt:6:0:0","3767090036","22,72","91,41","0","24651486","8acfce3793188dc0cd3c4b3c2c1fa8a31ab3eb04a6a3b35bd74d6bb224003b29"
"1586","fresh-dual-v1-1586","11","transfer","tour-of-egypt","6","Arabs","1","5","41,91","111,61","0","0","37","transfer:tour-of-egypt:6:1:0","3767090037","41,91","111,61","0","24651486","8acfce3793188dc0cd3c4b3c2c1fa8a31ab3eb04a6a3b35bd74d6bb224003b29"
"1587","fresh-dual-v1-1587","11","transfer","tour-of-egypt","6","Arabs","1","5","41,91","111,61","1","0","37","transfer:tour-of-egypt:6:1:0","3767090037","41,91","111,61","0","24651486","8acfce3793188dc0cd3c4b3c2c1fa8a31ab3eb04a6a3b35bd74d6bb224003b29"
"1588","fresh-dual-v1-1588","11","transfer","tour-of-egypt","6","Arabs","2","3","62,111","72,22","0","0","38","transfer:tour-of-egypt:6:2:0","3767090038","62,111","72,22","0","24651486","8acfce3793188dc0cd3c4b3c2c1fa8a31ab3eb04a6a3b35bd74d6bb224003b29"
"1589","fresh-dual-v1-1589","11","transfer","tour-of-egypt","6","Arabs","2","3","62,111","72,22","1","0","38","transfer:tour-of-egypt:6:2:0","3767090038","62,111","72,22","0","24651486","8acfce3793188dc0cd3c4b3c2c1fa8a31ab3eb04a6a3b35bd74d6bb224003b29"
"1590","fresh-dual-v1-1590","11","transfer","tour-of-egypt","6","Arabs","3","2","72,22","62,111","0","0","39","transfer:tour-of-egypt:6:3:0","3767090039","72,22","62,111","0","24651486","8acfce3793188dc0cd3c4b3c2c1fa8a31ab3eb04a6a3b35bd74d6bb224003b29"
"1591","fresh-dual-v1-1591","11","transfer","tour-of-egypt","6","Arabs","3","2","72,22","62,111","1","0","39","transfer:tour-of-egypt:6:3:0","3767090039","72,22","62,111","0","24651486","8acfce3793188dc0cd3c4b3c2c1fa8a31ab3eb04a6a3b35bd74d6bb224003b29"
"1592","fresh-dual-v1-1592","11","transfer","tour-of-egypt","6","Arabs","4","0","91,41","22,72","0","0","40","transfer:tour-of-egypt:6:4:0","3767090040","91,41","22,72","0","24651486","8acfce3793188dc0cd3c4b3c2c1fa8a31ab3eb04a6a3b35bd74d6bb224003b29"
"1593","fresh-dual-v1-1593","11","transfer","tour-of-egypt","6","Arabs","4","0","91,41","22,72","1","0","40","transfer:tour-of-egypt:6:4:0","3767090040","91,41","22,72","0","24651486","8acfce3793188dc0cd3c4b3c2c1fa8a31ab3eb04a6a3b35bd74d6bb224003b29"
"1594","fresh-dual-v1-1594","11","transfer","tour-of-egypt","6","Arabs","5","1","111,61","41,91","0","0","41","transfer:tour-of-egypt:6:5:0","3767090041","111,61","41,91","0","24651486","8acfce3793188dc0cd3c4b3c2c1fa8a31ab3eb04a6a3b35bd74d6bb224003b29"
"1595","fresh-dual-v1-1595","11","transfer","tour-of-egypt","6","Arabs","5","1","111,61","41,91","1","0","41","transfer:tour-of-egypt:6:5:0","3767090041","111,61","41,91","0","24651486","8acfce3793188dc0cd3c4b3c2c1fa8a31ab3eb04a6a3b35bd74d6bb224003b29"
"1596","fresh-dual-v1-1596","11","transfer","tour-of-egypt","7","Confederation","0","2","22,72","62,111","0","0","42","transfer:tour-of-egypt:7:0:0","3767090042","22,72","62,111","0","24651486","8acfce3793188dc0cd3c4b3c2c1fa8a31ab3eb04a6a3b35bd74d6bb224003b29"
"1597","fresh-dual-v1-1597","11","transfer","tour-of-egypt","7","Confederation","0","2","22,72","62,111","1","0","42","transfer:tour-of-egypt:7:0:0","3767090042","22,72","62,111","0","24651486","8acfce3793188dc0cd3c4b3c2c1fa8a31ab3eb04a6a3b35bd74d6bb224003b29"
"1598","fresh-dual-v1-1598","11","transfer","tour-of-egypt","7","Confederation","1","4","41,91","91,41","0","0","43","transfer:tour-of-egypt:7:1:0","3767090043","41,91","91,41","0","24651486","8acfce3793188dc0cd3c4b3c2c1fa8a31ab3eb04a6a3b35bd74d6bb224003b29"
"1599","fresh-dual-v1-1599","11","transfer","tour-of-egypt","7","Confederation","1","4","41,91","91,41","1","0","43","transfer:tour-of-egypt:7:1:0","3767090043","41,91","91,41","0","24651486","8acfce3793188dc0cd3c4b3c2c1fa8a31ab3eb04a6a3b35bd74d6bb224003b29"
"1600","fresh-dual-v1-1600","11","transfer","tour-of-egypt","7","Confederation","2","1","62,111","41,91","0","0","44","transfer:tour-of-egypt:7:2:0","3767090044","62,111","41,91","0","24651486","8acfce3793188dc0cd3c4b3c2c1fa8a31ab3eb04a6a3b35bd74d6bb224003b29"
"1601","fresh-dual-v1-1601","11","transfer","tour-of-egypt","7","Confederation","2","1","62,111","41,91","1","0","44","transfer:tour-of-egypt:7:2:0","3767090044","62,111","41,91","0","24651486","8acfce3793188dc0cd3c4b3c2c1fa8a31ab3eb04a6a3b35bd74d6bb224003b29"
"1602","fresh-dual-v1-1602","11","transfer","tour-of-egypt","7","Confederation","3","5","72,22","111,61","0","0","45","transfer:tour-of-egypt:7:3:0","3767090045","72,22","111,61","0","24651486","8acfce3793188dc0cd3c4b3c2c1fa8a31ab3eb04a6a3b35bd74d6bb224003b29"
"1603","fresh-dual-v1-1603","11","transfer","tour-of-egypt","7","Confederation","3","5","72,22","111,61","1","0","45","transfer:tour-of-egypt:7:3:0","3767090045","72,22","111,61","0","24651486","8acfce3793188dc0cd3c4b3c2c1fa8a31ab3eb04a6a3b35bd74d6bb224003b29"
"1604","fresh-dual-v1-1604","11","transfer","tour-of-egypt","7","Confederation","4","3","91,41","72,22","0","0","46","transfer:tour-of-egypt:7:4:0","3767090046","91,41","72,22","0","24651486","8acfce3793188dc0cd3c4b3c2c1fa8a31ab3eb04a6a3b35bd74d6bb224003b29"
"1605","fresh-dual-v1-1605","11","transfer","tour-of-egypt","7","Confederation","4","3","91,41","72,22","1","0","46","transfer:tour-of-egypt:7:4:0","3767090046","91,41","72,22","0","24651486","8acfce3793188dc0cd3c4b3c2c1fa8a31ab3eb04a6a3b35bd74d6bb224003b29"
"1606","fresh-dual-v1-1606","11","transfer","tour-of-egypt","7","Confederation","5","0","111,61","22,72","0","0","47","transfer:tour-of-egypt:7:5:0","3767090047","111,61","22,72","0","24651486","8acfce3793188dc0cd3c4b3c2c1fa8a31ab3eb04a6a3b35bd74d6bb224003b29"
"1607","fresh-dual-v1-1607","11","transfer","tour-of-egypt","7","Confederation","5","0","111,61","22,72","1","0","47","transfer:tour-of-egypt:7:5:0","3767090047","111,61","22,72","0","24651486","8acfce3793188dc0cd3c4b3c2c1fa8a31ab3eb04a6a3b35bd74d6bb224003b29"
"1608","fresh-dual-v1-1608","11","transfer","tour-of-egypt","8","Russians","0","5","22,72","111,61","0","0","48","transfer:tour-of-egypt:8:0:0","3767090048","22,72","111,61","0","24651486","8acfce3793188dc0cd3c4b3c2c1fa8a31ab3eb04a6a3b35bd74d6bb224003b29"
"1609","fresh-dual-v1-1609","11","transfer","tour-of-egypt","8","Russians","0","5","22,72","111,61","1","0","48","transfer:tour-of-egypt:8:0:0","3767090048","22,72","111,61","0","24651486","8acfce3793188dc0cd3c4b3c2c1fa8a31ab3eb04a6a3b35bd74d6bb224003b29"
"1610","fresh-dual-v1-1610","11","transfer","tour-of-egypt","8","Russians","1","2","41,91","62,111","0","0","49","transfer:tour-of-egypt:8:1:0","3767090049","41,91","62,111","0","24651486","8acfce3793188dc0cd3c4b3c2c1fa8a31ab3eb04a6a3b35bd74d6bb224003b29"
"1611","fresh-dual-v1-1611","11","transfer","tour-of-egypt","8","Russians","1","2","41,91","62,111","1","0","49","transfer:tour-of-egypt:8:1:0","3767090049","41,91","62,111","0","24651486","8acfce3793188dc0cd3c4b3c2c1fa8a31ab3eb04a6a3b35bd74d6bb224003b29"
"1612","fresh-dual-v1-1612","11","transfer","tour-of-egypt","8","Russians","2","0","62,111","22,72","0","0","50","transfer:tour-of-egypt:8:2:0","3767090050","62,111","22,72","0","24651486","8acfce3793188dc0cd3c4b3c2c1fa8a31ab3eb04a6a3b35bd74d6bb224003b29"
"1613","fresh-dual-v1-1613","11","transfer","tour-of-egypt","8","Russians","2","0","62,111","22,72","1","0","50","transfer:tour-of-egypt:8:2:0","3767090050","62,111","22,72","0","24651486","8acfce3793188dc0cd3c4b3c2c1fa8a31ab3eb04a6a3b35bd74d6bb224003b29"
"1614","fresh-dual-v1-1614","11","transfer","tour-of-egypt","8","Russians","3","4","72,22","91,41","0","0","51","transfer:tour-of-egypt:8:3:0","3767090051","72,22","91,41","0","24651486","8acfce3793188dc0cd3c4b3c2c1fa8a31ab3eb04a6a3b35bd74d6bb224003b29"
"1615","fresh-dual-v1-1615","11","transfer","tour-of-egypt","8","Russians","3","4","72,22","91,41","1","0","51","transfer:tour-of-egypt:8:3:0","3767090051","72,22","91,41","0","24651486","8acfce3793188dc0cd3c4b3c2c1fa8a31ab3eb04a6a3b35bd74d6bb224003b29"
"1616","fresh-dual-v1-1616","11","transfer","tour-of-egypt","8","Russians","4","1","91,41","41,91","0","0","52","transfer:tour-of-egypt:8:4:0","3767090052","91,41","41,91","0","24651486","8acfce3793188dc0cd3c4b3c2c1fa8a31ab3eb04a6a3b35bd74d6bb224003b29"
"1617","fresh-dual-v1-1617","11","transfer","tour-of-egypt","8","Russians","4","1","91,41","41,91","1","0","52","transfer:tour-of-egypt:8:4:0","3767090052","91,41","41,91","0","24651486","8acfce3793188dc0cd3c4b3c2c1fa8a31ab3eb04a6a3b35bd74d6bb224003b29"
"1618","fresh-dual-v1-1618","11","transfer","tour-of-egypt","8","Russians","5","3","111,61","72,22","0","0","53","transfer:tour-of-egypt:8:5:0","3767090053","111,61","72,22","0","24651486","8acfce3793188dc0cd3c4b3c2c1fa8a31ab3eb04a6a3b35bd74d6bb224003b29"
"1619","fresh-dual-v1-1619","11","transfer","tour-of-egypt","8","Russians","5","3","111,61","72,22","1","0","53","transfer:tour-of-egypt:8:5:0","3767090053","111,61","72,22","0","24651486","8acfce3793188dc0cd3c4b3c2c1fa8a31ab3eb04a6a3b35bd74d6bb224003b29"
"1620","fresh-dual-v1-1620","12","transfer","south-pacific","0","Americans","0","1","57,98","99,148","0","0","0","transfer:south-pacific:0:0:0","3767100000","57,98","99,148","0","24651489","0c951d49e64a544bbb344acf9f8f955b4d628f0f3a54f46658f85fc12acb7e25"
"1621","fresh-dual-v1-1621","12","transfer","south-pacific","0","Americans","0","1","57,98","99,148","1","0","0","transfer:south-pacific:0:0:0","3767100000","57,98","99,148","0","24651489","0c951d49e64a544bbb344acf9f8f955b4d628f0f3a54f46658f85fc12acb7e25"
"1622","fresh-dual-v1-1622","12","transfer","south-pacific","0","Americans","1","2","99,148","152,96","0","0","1","transfer:south-pacific:0:1:0","3767100001","99,148","152,96","0","24651489","0c951d49e64a544bbb344acf9f8f955b4d628f0f3a54f46658f85fc12acb7e25"
"1623","fresh-dual-v1-1623","12","transfer","south-pacific","0","Americans","1","2","99,148","152,96","1","0","1","transfer:south-pacific:0:1:0","3767100001","99,148","152,96","0","24651489","0c951d49e64a544bbb344acf9f8f955b4d628f0f3a54f46658f85fc12acb7e25"
"1624","fresh-dual-v1-1624","12","transfer","south-pacific","0","Americans","2","3","152,96","110,55","0","0","2","transfer:south-pacific:0:2:0","3767100002","152,96","110,55","0","24651489","0c951d49e64a544bbb344acf9f8f955b4d628f0f3a54f46658f85fc12acb7e25"
"1625","fresh-dual-v1-1625","12","transfer","south-pacific","0","Americans","2","3","152,96","110,55","1","0","2","transfer:south-pacific:0:2:0","3767100002","152,96","110,55","0","24651489","0c951d49e64a544bbb344acf9f8f955b4d628f0f3a54f46658f85fc12acb7e25"
"1626","fresh-dual-v1-1626","12","transfer","south-pacific","0","Americans","3","0","110,55","57,98","0","0","3","transfer:south-pacific:0:3:0","3767100003","110,55","57,98","0","24651489","0c951d49e64a544bbb344acf9f8f955b4d628f0f3a54f46658f85fc12acb7e25"
"1627","fresh-dual-v1-1627","12","transfer","south-pacific","0","Americans","3","0","110,55","57,98","1","0","3","transfer:south-pacific:0:3:0","3767100003","110,55","57,98","0","24651489","0c951d49e64a544bbb344acf9f8f955b4d628f0f3a54f46658f85fc12acb7e25"
"1628","fresh-dual-v1-1628","12","transfer","south-pacific","1","Alliance","0","2","57,98","152,96","0","0","4","transfer:south-pacific:1:0:0","3767100004","57,98","152,96","0","24651489","0c951d49e64a544bbb344acf9f8f955b4d628f0f3a54f46658f85fc12acb7e25"
"1629","fresh-dual-v1-1629","12","transfer","south-pacific","1","Alliance","0","2","57,98","152,96","1","0","4","transfer:south-pacific:1:0:0","3767100004","57,98","152,96","0","24651489","0c951d49e64a544bbb344acf9f8f955b4d628f0f3a54f46658f85fc12acb7e25"
"1630","fresh-dual-v1-1630","12","transfer","south-pacific","1","Alliance","1","3","99,148","110,55","0","0","5","transfer:south-pacific:1:1:0","3767100005","99,148","110,55","0","24651489","0c951d49e64a544bbb344acf9f8f955b4d628f0f3a54f46658f85fc12acb7e25"
"1631","fresh-dual-v1-1631","12","transfer","south-pacific","1","Alliance","1","3","99,148","110,55","1","0","5","transfer:south-pacific:1:1:0","3767100005","99,148","110,55","0","24651489","0c951d49e64a544bbb344acf9f8f955b4d628f0f3a54f46658f85fc12acb7e25"
"1632","fresh-dual-v1-1632","12","transfer","south-pacific","1","Alliance","2","0","152,96","57,98","0","0","6","transfer:south-pacific:1:2:0","3767100006","152,96","57,98","0","24651489","0c951d49e64a544bbb344acf9f8f955b4d628f0f3a54f46658f85fc12acb7e25"
"1633","fresh-dual-v1-1633","12","transfer","south-pacific","1","Alliance","2","0","152,96","57,98","1","0","6","transfer:south-pacific:1:2:0","3767100006","152,96","57,98","0","24651489","0c951d49e64a544bbb344acf9f8f955b4d628f0f3a54f46658f85fc12acb7e25"
"1634","fresh-dual-v1-1634","12","transfer","south-pacific","1","Alliance","3","1","110,55","99,148","0","0","7","transfer:south-pacific:1:3:0","3767100007","110,55","99,148","0","24651489","0c951d49e64a544bbb344acf9f8f955b4d628f0f3a54f46658f85fc12acb7e25"
"1635","fresh-dual-v1-1635","12","transfer","south-pacific","1","Alliance","3","1","110,55","99,148","1","0","7","transfer:south-pacific:1:3:0","3767100007","110,55","99,148","0","24651489","0c951d49e64a544bbb344acf9f8f955b4d628f0f3a54f46658f85fc12acb7e25"
"1636","fresh-dual-v1-1636","12","transfer","south-pacific","2","French","0","3","57,98","110,55","0","0","8","transfer:south-pacific:2:0:0","3767100008","57,98","110,55","0","24651489","0c951d49e64a544bbb344acf9f8f955b4d628f0f3a54f46658f85fc12acb7e25"
"1637","fresh-dual-v1-1637","12","transfer","south-pacific","2","French","0","3","57,98","110,55","1","0","8","transfer:south-pacific:2:0:0","3767100008","57,98","110,55","0","24651489","0c951d49e64a544bbb344acf9f8f955b4d628f0f3a54f46658f85fc12acb7e25"
"1638","fresh-dual-v1-1638","12","transfer","south-pacific","2","French","1","0","99,148","57,98","0","0","9","transfer:south-pacific:2:1:0","3767100009","99,148","57,98","0","24651489","0c951d49e64a544bbb344acf9f8f955b4d628f0f3a54f46658f85fc12acb7e25"
"1639","fresh-dual-v1-1639","12","transfer","south-pacific","2","French","1","0","99,148","57,98","1","0","9","transfer:south-pacific:2:1:0","3767100009","99,148","57,98","0","24651489","0c951d49e64a544bbb344acf9f8f955b4d628f0f3a54f46658f85fc12acb7e25"
"1640","fresh-dual-v1-1640","12","transfer","south-pacific","2","French","2","1","152,96","99,148","0","0","10","transfer:south-pacific:2:2:0","3767100010","152,96","99,148","0","24651489","0c951d49e64a544bbb344acf9f8f955b4d628f0f3a54f46658f85fc12acb7e25"
"1641","fresh-dual-v1-1641","12","transfer","south-pacific","2","French","2","1","152,96","99,148","1","0","10","transfer:south-pacific:2:2:0","3767100010","152,96","99,148","0","24651489","0c951d49e64a544bbb344acf9f8f955b4d628f0f3a54f46658f85fc12acb7e25"
"1642","fresh-dual-v1-1642","12","transfer","south-pacific","2","French","3","2","110,55","152,96","0","0","11","transfer:south-pacific:2:3:0","3767100011","110,55","152,96","0","24651489","0c951d49e64a544bbb344acf9f8f955b4d628f0f3a54f46658f85fc12acb7e25"
"1643","fresh-dual-v1-1643","12","transfer","south-pacific","2","French","3","2","110,55","152,96","1","0","11","transfer:south-pacific:2:3:0","3767100011","110,55","152,96","0","24651489","0c951d49e64a544bbb344acf9f8f955b4d628f0f3a54f46658f85fc12acb7e25"
"1644","fresh-dual-v1-1644","12","transfer","south-pacific","3","Germans","0","1","57,98","99,148","0","0","12","transfer:south-pacific:3:0:0","3767100012","57,98","99,148","0","24651489","0c951d49e64a544bbb344acf9f8f955b4d628f0f3a54f46658f85fc12acb7e25"
"1645","fresh-dual-v1-1645","12","transfer","south-pacific","3","Germans","0","1","57,98","99,148","1","0","12","transfer:south-pacific:3:0:0","3767100012","57,98","99,148","0","24651489","0c951d49e64a544bbb344acf9f8f955b4d628f0f3a54f46658f85fc12acb7e25"
"1646","fresh-dual-v1-1646","12","transfer","south-pacific","3","Germans","1","2","99,148","152,96","0","0","13","transfer:south-pacific:3:1:0","3767100013","99,148","152,96","0","24651489","0c951d49e64a544bbb344acf9f8f955b4d628f0f3a54f46658f85fc12acb7e25"
"1647","fresh-dual-v1-1647","12","transfer","south-pacific","3","Germans","1","2","99,148","152,96","1","0","13","transfer:south-pacific:3:1:0","3767100013","99,148","152,96","0","24651489","0c951d49e64a544bbb344acf9f8f955b4d628f0f3a54f46658f85fc12acb7e25"
"1648","fresh-dual-v1-1648","12","transfer","south-pacific","3","Germans","2","3","152,96","110,55","0","0","14","transfer:south-pacific:3:2:0","3767100014","152,96","110,55","0","24651489","0c951d49e64a544bbb344acf9f8f955b4d628f0f3a54f46658f85fc12acb7e25"
"1649","fresh-dual-v1-1649","12","transfer","south-pacific","3","Germans","2","3","152,96","110,55","1","0","14","transfer:south-pacific:3:2:0","3767100014","152,96","110,55","0","24651489","0c951d49e64a544bbb344acf9f8f955b4d628f0f3a54f46658f85fc12acb7e25"
"1650","fresh-dual-v1-1650","12","transfer","south-pacific","3","Germans","3","0","110,55","57,98","0","0","15","transfer:south-pacific:3:3:0","3767100015","110,55","57,98","0","24651489","0c951d49e64a544bbb344acf9f8f955b4d628f0f3a54f46658f85fc12acb7e25"
"1651","fresh-dual-v1-1651","12","transfer","south-pacific","3","Germans","3","0","110,55","57,98","1","0","15","transfer:south-pacific:3:3:0","3767100015","110,55","57,98","0","24651489","0c951d49e64a544bbb344acf9f8f955b4d628f0f3a54f46658f85fc12acb7e25"
"1652","fresh-dual-v1-1652","12","transfer","south-pacific","4","British","0","2","57,98","152,96","0","0","16","transfer:south-pacific:4:0:0","3767100016","57,98","152,96","0","24651489","0c951d49e64a544bbb344acf9f8f955b4d628f0f3a54f46658f85fc12acb7e25"
"1653","fresh-dual-v1-1653","12","transfer","south-pacific","4","British","0","2","57,98","152,96","1","0","16","transfer:south-pacific:4:0:0","3767100016","57,98","152,96","0","24651489","0c951d49e64a544bbb344acf9f8f955b4d628f0f3a54f46658f85fc12acb7e25"
"1654","fresh-dual-v1-1654","12","transfer","south-pacific","4","British","1","3","99,148","110,55","0","0","17","transfer:south-pacific:4:1:0","3767100017","99,148","110,55","0","24651489","0c951d49e64a544bbb344acf9f8f955b4d628f0f3a54f46658f85fc12acb7e25"
"1655","fresh-dual-v1-1655","12","transfer","south-pacific","4","British","1","3","99,148","110,55","1","0","17","transfer:south-pacific:4:1:0","3767100017","99,148","110,55","0","24651489","0c951d49e64a544bbb344acf9f8f955b4d628f0f3a54f46658f85fc12acb7e25"
"1656","fresh-dual-v1-1656","12","transfer","south-pacific","4","British","2","0","152,96","57,98","0","0","18","transfer:south-pacific:4:2:0","3767100018","152,96","57,98","0","24651489","0c951d49e64a544bbb344acf9f8f955b4d628f0f3a54f46658f85fc12acb7e25"
"1657","fresh-dual-v1-1657","12","transfer","south-pacific","4","British","2","0","152,96","57,98","1","0","18","transfer:south-pacific:4:2:0","3767100018","152,96","57,98","0","24651489","0c951d49e64a544bbb344acf9f8f955b4d628f0f3a54f46658f85fc12acb7e25"
"1658","fresh-dual-v1-1658","12","transfer","south-pacific","4","British","3","1","110,55","99,148","0","0","19","transfer:south-pacific:4:3:0","3767100019","110,55","99,148","0","24651489","0c951d49e64a544bbb344acf9f8f955b4d628f0f3a54f46658f85fc12acb7e25"
"1659","fresh-dual-v1-1659","12","transfer","south-pacific","4","British","3","1","110,55","99,148","1","0","19","transfer:south-pacific:4:3:0","3767100019","110,55","99,148","0","24651489","0c951d49e64a544bbb344acf9f8f955b4d628f0f3a54f46658f85fc12acb7e25"
"1660","fresh-dual-v1-1660","12","transfer","south-pacific","5","Africans","0","3","57,98","110,55","0","0","20","transfer:south-pacific:5:0:0","3767100020","57,98","110,55","0","24651489","0c951d49e64a544bbb344acf9f8f955b4d628f0f3a54f46658f85fc12acb7e25"
"1661","fresh-dual-v1-1661","12","transfer","south-pacific","5","Africans","0","3","57,98","110,55","1","0","20","transfer:south-pacific:5:0:0","3767100020","57,98","110,55","0","24651489","0c951d49e64a544bbb344acf9f8f955b4d628f0f3a54f46658f85fc12acb7e25"
"1662","fresh-dual-v1-1662","12","transfer","south-pacific","5","Africans","1","0","99,148","57,98","0","0","21","transfer:south-pacific:5:1:0","3767100021","99,148","57,98","0","24651489","0c951d49e64a544bbb344acf9f8f955b4d628f0f3a54f46658f85fc12acb7e25"
"1663","fresh-dual-v1-1663","12","transfer","south-pacific","5","Africans","1","0","99,148","57,98","1","0","21","transfer:south-pacific:5:1:0","3767100021","99,148","57,98","0","24651489","0c951d49e64a544bbb344acf9f8f955b4d628f0f3a54f46658f85fc12acb7e25"
"1664","fresh-dual-v1-1664","12","transfer","south-pacific","5","Africans","2","1","152,96","99,148","0","0","22","transfer:south-pacific:5:2:0","3767100022","152,96","99,148","0","24651489","0c951d49e64a544bbb344acf9f8f955b4d628f0f3a54f46658f85fc12acb7e25"
"1665","fresh-dual-v1-1665","12","transfer","south-pacific","5","Africans","2","1","152,96","99,148","1","0","22","transfer:south-pacific:5:2:0","3767100022","152,96","99,148","0","24651489","0c951d49e64a544bbb344acf9f8f955b4d628f0f3a54f46658f85fc12acb7e25"
"1666","fresh-dual-v1-1666","12","transfer","south-pacific","5","Africans","3","2","110,55","152,96","0","0","23","transfer:south-pacific:5:3:0","3767100023","110,55","152,96","0","24651489","0c951d49e64a544bbb344acf9f8f955b4d628f0f3a54f46658f85fc12acb7e25"
"1667","fresh-dual-v1-1667","12","transfer","south-pacific","5","Africans","3","2","110,55","152,96","1","0","23","transfer:south-pacific:5:3:0","3767100023","110,55","152,96","0","24651489","0c951d49e64a544bbb344acf9f8f955b4d628f0f3a54f46658f85fc12acb7e25"
"1668","fresh-dual-v1-1668","12","transfer","south-pacific","6","Arabs","0","1","57,98","99,148","0","0","24","transfer:south-pacific:6:0:0","3767100024","57,98","99,148","0","24651489","0c951d49e64a544bbb344acf9f8f955b4d628f0f3a54f46658f85fc12acb7e25"
"1669","fresh-dual-v1-1669","12","transfer","south-pacific","6","Arabs","0","1","57,98","99,148","1","0","24","transfer:south-pacific:6:0:0","3767100024","57,98","99,148","0","24651489","0c951d49e64a544bbb344acf9f8f955b4d628f0f3a54f46658f85fc12acb7e25"
"1670","fresh-dual-v1-1670","12","transfer","south-pacific","6","Arabs","1","2","99,148","152,96","0","0","25","transfer:south-pacific:6:1:0","3767100025","99,148","152,96","0","24651489","0c951d49e64a544bbb344acf9f8f955b4d628f0f3a54f46658f85fc12acb7e25"
"1671","fresh-dual-v1-1671","12","transfer","south-pacific","6","Arabs","1","2","99,148","152,96","1","0","25","transfer:south-pacific:6:1:0","3767100025","99,148","152,96","0","24651489","0c951d49e64a544bbb344acf9f8f955b4d628f0f3a54f46658f85fc12acb7e25"
"1672","fresh-dual-v1-1672","12","transfer","south-pacific","6","Arabs","2","3","152,96","110,55","0","0","26","transfer:south-pacific:6:2:0","3767100026","152,96","110,55","0","24651489","0c951d49e64a544bbb344acf9f8f955b4d628f0f3a54f46658f85fc12acb7e25"
"1673","fresh-dual-v1-1673","12","transfer","south-pacific","6","Arabs","2","3","152,96","110,55","1","0","26","transfer:south-pacific:6:2:0","3767100026","152,96","110,55","0","24651489","0c951d49e64a544bbb344acf9f8f955b4d628f0f3a54f46658f85fc12acb7e25"
"1674","fresh-dual-v1-1674","12","transfer","south-pacific","6","Arabs","3","0","110,55","57,98","0","0","27","transfer:south-pacific:6:3:0","3767100027","110,55","57,98","0","24651489","0c951d49e64a544bbb344acf9f8f955b4d628f0f3a54f46658f85fc12acb7e25"
"1675","fresh-dual-v1-1675","12","transfer","south-pacific","6","Arabs","3","0","110,55","57,98","1","0","27","transfer:south-pacific:6:3:0","3767100027","110,55","57,98","0","24651489","0c951d49e64a544bbb344acf9f8f955b4d628f0f3a54f46658f85fc12acb7e25"
"1676","fresh-dual-v1-1676","12","transfer","south-pacific","7","Confederation","0","2","57,98","152,96","0","0","28","transfer:south-pacific:7:0:0","3767100028","57,98","152,96","0","24651489","0c951d49e64a544bbb344acf9f8f955b4d628f0f3a54f46658f85fc12acb7e25"
"1677","fresh-dual-v1-1677","12","transfer","south-pacific","7","Confederation","0","2","57,98","152,96","1","0","28","transfer:south-pacific:7:0:0","3767100028","57,98","152,96","0","24651489","0c951d49e64a544bbb344acf9f8f955b4d628f0f3a54f46658f85fc12acb7e25"
"1678","fresh-dual-v1-1678","12","transfer","south-pacific","7","Confederation","1","3","99,148","110,55","0","0","29","transfer:south-pacific:7:1:0","3767100029","99,148","110,55","0","24651489","0c951d49e64a544bbb344acf9f8f955b4d628f0f3a54f46658f85fc12acb7e25"
"1679","fresh-dual-v1-1679","12","transfer","south-pacific","7","Confederation","1","3","99,148","110,55","1","0","29","transfer:south-pacific:7:1:0","3767100029","99,148","110,55","0","24651489","0c951d49e64a544bbb344acf9f8f955b4d628f0f3a54f46658f85fc12acb7e25"
"1680","fresh-dual-v1-1680","12","transfer","south-pacific","7","Confederation","2","0","152,96","57,98","0","0","30","transfer:south-pacific:7:2:0","3767100030","152,96","57,98","0","24651489","0c951d49e64a544bbb344acf9f8f955b4d628f0f3a54f46658f85fc12acb7e25"
"1681","fresh-dual-v1-1681","12","transfer","south-pacific","7","Confederation","2","0","152,96","57,98","1","0","30","transfer:south-pacific:7:2:0","3767100030","152,96","57,98","0","24651489","0c951d49e64a544bbb344acf9f8f955b4d628f0f3a54f46658f85fc12acb7e25"
"1682","fresh-dual-v1-1682","12","transfer","south-pacific","7","Confederation","3","1","110,55","99,148","0","0","31","transfer:south-pacific:7:3:0","3767100031","110,55","99,148","0","24651489","0c951d49e64a544bbb344acf9f8f955b4d628f0f3a54f46658f85fc12acb7e25"
"1683","fresh-dual-v1-1683","12","transfer","south-pacific","7","Confederation","3","1","110,55","99,148","1","0","31","transfer:south-pacific:7:3:0","3767100031","110,55","99,148","0","24651489","0c951d49e64a544bbb344acf9f8f955b4d628f0f3a54f46658f85fc12acb7e25"
"1684","fresh-dual-v1-1684","12","transfer","south-pacific","8","Russians","0","3","57,98","110,55","0","0","32","transfer:south-pacific:8:0:0","3767100032","57,98","110,55","0","24651489","0c951d49e64a544bbb344acf9f8f955b4d628f0f3a54f46658f85fc12acb7e25"
"1685","fresh-dual-v1-1685","12","transfer","south-pacific","8","Russians","0","3","57,98","110,55","1","0","32","transfer:south-pacific:8:0:0","3767100032","57,98","110,55","0","24651489","0c951d49e64a544bbb344acf9f8f955b4d628f0f3a54f46658f85fc12acb7e25"
"1686","fresh-dual-v1-1686","12","transfer","south-pacific","8","Russians","1","0","99,148","57,98","0","0","33","transfer:south-pacific:8:1:0","3767100033","99,148","57,98","0","24651489","0c951d49e64a544bbb344acf9f8f955b4d628f0f3a54f46658f85fc12acb7e25"
"1687","fresh-dual-v1-1687","12","transfer","south-pacific","8","Russians","1","0","99,148","57,98","1","0","33","transfer:south-pacific:8:1:0","3767100033","99,148","57,98","0","24651489","0c951d49e64a544bbb344acf9f8f955b4d628f0f3a54f46658f85fc12acb7e25"
"1688","fresh-dual-v1-1688","12","transfer","south-pacific","8","Russians","2","1","152,96","99,148","0","0","34","transfer:south-pacific:8:2:0","3767100034","152,96","99,148","0","24651489","0c951d49e64a544bbb344acf9f8f955b4d628f0f3a54f46658f85fc12acb7e25"
"1689","fresh-dual-v1-1689","12","transfer","south-pacific","8","Russians","2","1","152,96","99,148","1","0","34","transfer:south-pacific:8:2:0","3767100034","152,96","99,148","0","24651489","0c951d49e64a544bbb344acf9f8f955b4d628f0f3a54f46658f85fc12acb7e25"
"1690","fresh-dual-v1-1690","12","transfer","south-pacific","8","Russians","3","2","110,55","152,96","0","0","35","transfer:south-pacific:8:3:0","3767100035","110,55","152,96","0","24651489","0c951d49e64a544bbb344acf9f8f955b4d628f0f3a54f46658f85fc12acb7e25"
"1691","fresh-dual-v1-1691","12","transfer","south-pacific","8","Russians","3","2","110,55","152,96","1","0","35","transfer:south-pacific:8:3:0","3767100035","110,55","152,96","0","24651489","0c951d49e64a544bbb344acf9f8f955b4d628f0f3a54f46658f85fc12acb7e25"
"1692","fresh-dual-v1-1692","13","transfer","south-pacific-2","0","Americans","0","1","57,98","152,96","0","0","0","transfer:south-pacific-2:0:0:0","3767110000","57,98","152,96","0","24651534","adb3b6981219396f8aa55a15901e1781332296731d7e5349319f69b729e51cd6"
"1693","fresh-dual-v1-1693","13","transfer","south-pacific-2","0","Americans","0","1","57,98","152,96","1","0","0","transfer:south-pacific-2:0:0:0","3767110000","57,98","152,96","0","24651534","adb3b6981219396f8aa55a15901e1781332296731d7e5349319f69b729e51cd6"
"1694","fresh-dual-v1-1694","13","transfer","south-pacific-2","0","Americans","1","0","152,96","57,98","0","0","1","transfer:south-pacific-2:0:1:0","3767110001","152,96","57,98","0","24651534","adb3b6981219396f8aa55a15901e1781332296731d7e5349319f69b729e51cd6"
"1695","fresh-dual-v1-1695","13","transfer","south-pacific-2","0","Americans","1","0","152,96","57,98","1","0","1","transfer:south-pacific-2:0:1:0","3767110001","152,96","57,98","0","24651534","adb3b6981219396f8aa55a15901e1781332296731d7e5349319f69b729e51cd6"
"1696","fresh-dual-v1-1696","13","transfer","south-pacific-2","1","Alliance","0","1","57,98","152,96","0","0","2","transfer:south-pacific-2:1:0:0","3767110002","57,98","152,96","0","24651534","adb3b6981219396f8aa55a15901e1781332296731d7e5349319f69b729e51cd6"
"1697","fresh-dual-v1-1697","13","transfer","south-pacific-2","1","Alliance","0","1","57,98","152,96","1","0","2","transfer:south-pacific-2:1:0:0","3767110002","57,98","152,96","0","24651534","adb3b6981219396f8aa55a15901e1781332296731d7e5349319f69b729e51cd6"
"1698","fresh-dual-v1-1698","13","transfer","south-pacific-2","1","Alliance","1","0","152,96","57,98","0","0","3","transfer:south-pacific-2:1:1:0","3767110003","152,96","57,98","0","24651534","adb3b6981219396f8aa55a15901e1781332296731d7e5349319f69b729e51cd6"
"1699","fresh-dual-v1-1699","13","transfer","south-pacific-2","1","Alliance","1","0","152,96","57,98","1","0","3","transfer:south-pacific-2:1:1:0","3767110003","152,96","57,98","0","24651534","adb3b6981219396f8aa55a15901e1781332296731d7e5349319f69b729e51cd6"
"1700","fresh-dual-v1-1700","13","transfer","south-pacific-2","2","French","0","1","57,98","152,96","0","0","4","transfer:south-pacific-2:2:0:0","3767110004","57,98","152,96","0","24651534","adb3b6981219396f8aa55a15901e1781332296731d7e5349319f69b729e51cd6"
"1701","fresh-dual-v1-1701","13","transfer","south-pacific-2","2","French","0","1","57,98","152,96","1","0","4","transfer:south-pacific-2:2:0:0","3767110004","57,98","152,96","0","24651534","adb3b6981219396f8aa55a15901e1781332296731d7e5349319f69b729e51cd6"
"1702","fresh-dual-v1-1702","13","transfer","south-pacific-2","2","French","1","0","152,96","57,98","0","0","5","transfer:south-pacific-2:2:1:0","3767110005","152,96","57,98","0","24651534","adb3b6981219396f8aa55a15901e1781332296731d7e5349319f69b729e51cd6"
"1703","fresh-dual-v1-1703","13","transfer","south-pacific-2","2","French","1","0","152,96","57,98","1","0","5","transfer:south-pacific-2:2:1:0","3767110005","152,96","57,98","0","24651534","adb3b6981219396f8aa55a15901e1781332296731d7e5349319f69b729e51cd6"
"1704","fresh-dual-v1-1704","13","transfer","south-pacific-2","3","Germans","0","1","57,98","152,96","0","0","6","transfer:south-pacific-2:3:0:0","3767110006","57,98","152,96","0","24651534","adb3b6981219396f8aa55a15901e1781332296731d7e5349319f69b729e51cd6"
"1705","fresh-dual-v1-1705","13","transfer","south-pacific-2","3","Germans","0","1","57,98","152,96","1","0","6","transfer:south-pacific-2:3:0:0","3767110006","57,98","152,96","0","24651534","adb3b6981219396f8aa55a15901e1781332296731d7e5349319f69b729e51cd6"
"1706","fresh-dual-v1-1706","13","transfer","south-pacific-2","3","Germans","1","0","152,96","57,98","0","0","7","transfer:south-pacific-2:3:1:0","3767110007","152,96","57,98","0","24651534","adb3b6981219396f8aa55a15901e1781332296731d7e5349319f69b729e51cd6"
"1707","fresh-dual-v1-1707","13","transfer","south-pacific-2","3","Germans","1","0","152,96","57,98","1","0","7","transfer:south-pacific-2:3:1:0","3767110007","152,96","57,98","0","24651534","adb3b6981219396f8aa55a15901e1781332296731d7e5349319f69b729e51cd6"
"1708","fresh-dual-v1-1708","13","transfer","south-pacific-2","4","British","0","1","57,98","152,96","0","0","8","transfer:south-pacific-2:4:0:0","3767110008","57,98","152,96","0","24651534","adb3b6981219396f8aa55a15901e1781332296731d7e5349319f69b729e51cd6"
"1709","fresh-dual-v1-1709","13","transfer","south-pacific-2","4","British","0","1","57,98","152,96","1","0","8","transfer:south-pacific-2:4:0:0","3767110008","57,98","152,96","0","24651534","adb3b6981219396f8aa55a15901e1781332296731d7e5349319f69b729e51cd6"
"1710","fresh-dual-v1-1710","13","transfer","south-pacific-2","4","British","1","0","152,96","57,98","0","0","9","transfer:south-pacific-2:4:1:0","3767110009","152,96","57,98","0","24651534","adb3b6981219396f8aa55a15901e1781332296731d7e5349319f69b729e51cd6"
"1711","fresh-dual-v1-1711","13","transfer","south-pacific-2","4","British","1","0","152,96","57,98","1","0","9","transfer:south-pacific-2:4:1:0","3767110009","152,96","57,98","0","24651534","adb3b6981219396f8aa55a15901e1781332296731d7e5349319f69b729e51cd6"
"1712","fresh-dual-v1-1712","13","transfer","south-pacific-2","5","Africans","0","1","57,98","152,96","0","0","10","transfer:south-pacific-2:5:0:0","3767110010","57,98","152,96","0","24651534","adb3b6981219396f8aa55a15901e1781332296731d7e5349319f69b729e51cd6"
"1713","fresh-dual-v1-1713","13","transfer","south-pacific-2","5","Africans","0","1","57,98","152,96","1","0","10","transfer:south-pacific-2:5:0:0","3767110010","57,98","152,96","0","24651534","adb3b6981219396f8aa55a15901e1781332296731d7e5349319f69b729e51cd6"
"1714","fresh-dual-v1-1714","13","transfer","south-pacific-2","5","Africans","1","0","152,96","57,98","0","0","11","transfer:south-pacific-2:5:1:0","3767110011","152,96","57,98","0","24651534","adb3b6981219396f8aa55a15901e1781332296731d7e5349319f69b729e51cd6"
"1715","fresh-dual-v1-1715","13","transfer","south-pacific-2","5","Africans","1","0","152,96","57,98","1","0","11","transfer:south-pacific-2:5:1:0","3767110011","152,96","57,98","0","24651534","adb3b6981219396f8aa55a15901e1781332296731d7e5349319f69b729e51cd6"
"1716","fresh-dual-v1-1716","13","transfer","south-pacific-2","6","Arabs","0","1","57,98","152,96","0","0","12","transfer:south-pacific-2:6:0:0","3767110012","57,98","152,96","0","24651534","adb3b6981219396f8aa55a15901e1781332296731d7e5349319f69b729e51cd6"
"1717","fresh-dual-v1-1717","13","transfer","south-pacific-2","6","Arabs","0","1","57,98","152,96","1","0","12","transfer:south-pacific-2:6:0:0","3767110012","57,98","152,96","0","24651534","adb3b6981219396f8aa55a15901e1781332296731d7e5349319f69b729e51cd6"
"1718","fresh-dual-v1-1718","13","transfer","south-pacific-2","6","Arabs","1","0","152,96","57,98","0","0","13","transfer:south-pacific-2:6:1:0","3767110013","152,96","57,98","0","24651534","adb3b6981219396f8aa55a15901e1781332296731d7e5349319f69b729e51cd6"
"1719","fresh-dual-v1-1719","13","transfer","south-pacific-2","6","Arabs","1","0","152,96","57,98","1","0","13","transfer:south-pacific-2:6:1:0","3767110013","152,96","57,98","0","24651534","adb3b6981219396f8aa55a15901e1781332296731d7e5349319f69b729e51cd6"
"1720","fresh-dual-v1-1720","13","transfer","south-pacific-2","7","Confederation","0","1","57,98","152,96","0","0","14","transfer:south-pacific-2:7:0:0","3767110014","57,98","152,96","0","24651534","adb3b6981219396f8aa55a15901e1781332296731d7e5349319f69b729e51cd6"
"1721","fresh-dual-v1-1721","13","transfer","south-pacific-2","7","Confederation","0","1","57,98","152,96","1","0","14","transfer:south-pacific-2:7:0:0","3767110014","57,98","152,96","0","24651534","adb3b6981219396f8aa55a15901e1781332296731d7e5349319f69b729e51cd6"
"1722","fresh-dual-v1-1722","13","transfer","south-pacific-2","7","Confederation","1","0","152,96","57,98","0","0","15","transfer:south-pacific-2:7:1:0","3767110015","152,96","57,98","0","24651534","adb3b6981219396f8aa55a15901e1781332296731d7e5349319f69b729e51cd6"
"1723","fresh-dual-v1-1723","13","transfer","south-pacific-2","7","Confederation","1","0","152,96","57,98","1","0","15","transfer:south-pacific-2:7:1:0","3767110015","152,96","57,98","0","24651534","adb3b6981219396f8aa55a15901e1781332296731d7e5349319f69b729e51cd6"
"1724","fresh-dual-v1-1724","13","transfer","south-pacific-2","8","Russians","0","1","57,98","152,96","0","0","16","transfer:south-pacific-2:8:0:0","3767110016","57,98","152,96","0","24651534","adb3b6981219396f8aa55a15901e1781332296731d7e5349319f69b729e51cd6"
"1725","fresh-dual-v1-1725","13","transfer","south-pacific-2","8","Russians","0","1","57,98","152,96","1","0","16","transfer:south-pacific-2:8:0:0","3767110016","57,98","152,96","0","24651534","adb3b6981219396f8aa55a15901e1781332296731d7e5349319f69b729e51cd6"
"1726","fresh-dual-v1-1726","13","transfer","south-pacific-2","8","Russians","1","0","152,96","57,98","0","0","17","transfer:south-pacific-2:8:1:0","3767110017","152,96","57,98","0","24651534","adb3b6981219396f8aa55a15901e1781332296731d7e5349319f69b729e51cd6"
"1727","fresh-dual-v1-1727","13","transfer","south-pacific-2","8","Russians","1","0","152,96","57,98","1","0","17","transfer:south-pacific-2:8:1:0","3767110017","152,96","57,98","0","24651534","adb3b6981219396f8aa55a15901e1781332296731d7e5349319f69b729e51cd6"
"1728","fresh-dual-v1-1728","14","transfer","pacific-heights","0","Americans","0","1","83,146","43,80","0","0","0","transfer:pacific-heights:0:0:0","3767120000","83,146","43,80","0","24651535","a01a453288ba83b8306019f717dbfed1d3d96720716145fbee93b61b9779ee69"
"1729","fresh-dual-v1-1729","14","transfer","pacific-heights","0","Americans","0","1","83,146","43,80","1","0","0","transfer:pacific-heights:0:0:0","3767120000","83,146","43,80","0","24651535","a01a453288ba83b8306019f717dbfed1d3d96720716145fbee93b61b9779ee69"
"1730","fresh-dual-v1-1730","14","transfer","pacific-heights","0","Americans","1","2","43,80","109,44","0","0","1","transfer:pacific-heights:0:1:0","3767120001","43,80","109,44","0","24651535","a01a453288ba83b8306019f717dbfed1d3d96720716145fbee93b61b9779ee69"
"1731","fresh-dual-v1-1731","14","transfer","pacific-heights","0","Americans","1","2","43,80","109,44","1","0","1","transfer:pacific-heights:0:1:0","3767120001","43,80","109,44","0","24651535","a01a453288ba83b8306019f717dbfed1d3d96720716145fbee93b61b9779ee69"
"1732","fresh-dual-v1-1732","14","transfer","pacific-heights","0","Americans","2","3","109,44","148,108","0","0","2","transfer:pacific-heights:0:2:0","3767120002","109,44","148,108","0","24651535","a01a453288ba83b8306019f717dbfed1d3d96720716145fbee93b61b9779ee69"
"1733","fresh-dual-v1-1733","14","transfer","pacific-heights","0","Americans","2","3","109,44","148,108","1","0","2","transfer:pacific-heights:0:2:0","3767120002","109,44","148,108","0","24651535","a01a453288ba83b8306019f717dbfed1d3d96720716145fbee93b61b9779ee69"
"1734","fresh-dual-v1-1734","14","transfer","pacific-heights","0","Americans","3","0","148,108","83,146","0","0","3","transfer:pacific-heights:0:3:0","3767120003","148,108","83,146","0","24651535","a01a453288ba83b8306019f717dbfed1d3d96720716145fbee93b61b9779ee69"
"1735","fresh-dual-v1-1735","14","transfer","pacific-heights","0","Americans","3","0","148,108","83,146","1","0","3","transfer:pacific-heights:0:3:0","3767120003","148,108","83,146","0","24651535","a01a453288ba83b8306019f717dbfed1d3d96720716145fbee93b61b9779ee69"
"1736","fresh-dual-v1-1736","14","transfer","pacific-heights","1","Alliance","0","2","83,146","109,44","0","0","4","transfer:pacific-heights:1:0:0","3767120004","83,146","109,44","0","24651535","a01a453288ba83b8306019f717dbfed1d3d96720716145fbee93b61b9779ee69"
"1737","fresh-dual-v1-1737","14","transfer","pacific-heights","1","Alliance","0","2","83,146","109,44","1","0","4","transfer:pacific-heights:1:0:0","3767120004","83,146","109,44","0","24651535","a01a453288ba83b8306019f717dbfed1d3d96720716145fbee93b61b9779ee69"
"1738","fresh-dual-v1-1738","14","transfer","pacific-heights","1","Alliance","1","3","43,80","148,108","0","0","5","transfer:pacific-heights:1:1:0","3767120005","43,80","148,108","0","24651535","a01a453288ba83b8306019f717dbfed1d3d96720716145fbee93b61b9779ee69"
"1739","fresh-dual-v1-1739","14","transfer","pacific-heights","1","Alliance","1","3","43,80","148,108","1","0","5","transfer:pacific-heights:1:1:0","3767120005","43,80","148,108","0","24651535","a01a453288ba83b8306019f717dbfed1d3d96720716145fbee93b61b9779ee69"
"1740","fresh-dual-v1-1740","14","transfer","pacific-heights","1","Alliance","2","0","109,44","83,146","0","0","6","transfer:pacific-heights:1:2:0","3767120006","109,44","83,146","0","24651535","a01a453288ba83b8306019f717dbfed1d3d96720716145fbee93b61b9779ee69"
"1741","fresh-dual-v1-1741","14","transfer","pacific-heights","1","Alliance","2","0","109,44","83,146","1","0","6","transfer:pacific-heights:1:2:0","3767120006","109,44","83,146","0","24651535","a01a453288ba83b8306019f717dbfed1d3d96720716145fbee93b61b9779ee69"
"1742","fresh-dual-v1-1742","14","transfer","pacific-heights","1","Alliance","3","1","148,108","43,80","0","0","7","transfer:pacific-heights:1:3:0","3767120007","148,108","43,80","0","24651535","a01a453288ba83b8306019f717dbfed1d3d96720716145fbee93b61b9779ee69"
"1743","fresh-dual-v1-1743","14","transfer","pacific-heights","1","Alliance","3","1","148,108","43,80","1","0","7","transfer:pacific-heights:1:3:0","3767120007","148,108","43,80","0","24651535","a01a453288ba83b8306019f717dbfed1d3d96720716145fbee93b61b9779ee69"
"1744","fresh-dual-v1-1744","14","transfer","pacific-heights","2","French","0","3","83,146","148,108","0","0","8","transfer:pacific-heights:2:0:0","3767120008","83,146","148,108","0","24651535","a01a453288ba83b8306019f717dbfed1d3d96720716145fbee93b61b9779ee69"
"1745","fresh-dual-v1-1745","14","transfer","pacific-heights","2","French","0","3","83,146","148,108","1","0","8","transfer:pacific-heights:2:0:0","3767120008","83,146","148,108","0","24651535","a01a453288ba83b8306019f717dbfed1d3d96720716145fbee93b61b9779ee69"
"1746","fresh-dual-v1-1746","14","transfer","pacific-heights","2","French","1","0","43,80","83,146","0","0","9","transfer:pacific-heights:2:1:0","3767120009","43,80","83,146","0","24651535","a01a453288ba83b8306019f717dbfed1d3d96720716145fbee93b61b9779ee69"
"1747","fresh-dual-v1-1747","14","transfer","pacific-heights","2","French","1","0","43,80","83,146","1","0","9","transfer:pacific-heights:2:1:0","3767120009","43,80","83,146","0","24651535","a01a453288ba83b8306019f717dbfed1d3d96720716145fbee93b61b9779ee69"
"1748","fresh-dual-v1-1748","14","transfer","pacific-heights","2","French","2","1","109,44","43,80","0","0","10","transfer:pacific-heights:2:2:0","3767120010","109,44","43,80","0","24651535","a01a453288ba83b8306019f717dbfed1d3d96720716145fbee93b61b9779ee69"
"1749","fresh-dual-v1-1749","14","transfer","pacific-heights","2","French","2","1","109,44","43,80","1","0","10","transfer:pacific-heights:2:2:0","3767120010","109,44","43,80","0","24651535","a01a453288ba83b8306019f717dbfed1d3d96720716145fbee93b61b9779ee69"
"1750","fresh-dual-v1-1750","14","transfer","pacific-heights","2","French","3","2","148,108","109,44","0","0","11","transfer:pacific-heights:2:3:0","3767120011","148,108","109,44","0","24651535","a01a453288ba83b8306019f717dbfed1d3d96720716145fbee93b61b9779ee69"
"1751","fresh-dual-v1-1751","14","transfer","pacific-heights","2","French","3","2","148,108","109,44","1","0","11","transfer:pacific-heights:2:3:0","3767120011","148,108","109,44","0","24651535","a01a453288ba83b8306019f717dbfed1d3d96720716145fbee93b61b9779ee69"
"1752","fresh-dual-v1-1752","14","transfer","pacific-heights","3","Germans","0","1","83,146","43,80","0","0","12","transfer:pacific-heights:3:0:0","3767120012","83,146","43,80","0","24651535","a01a453288ba83b8306019f717dbfed1d3d96720716145fbee93b61b9779ee69"
"1753","fresh-dual-v1-1753","14","transfer","pacific-heights","3","Germans","0","1","83,146","43,80","1","0","12","transfer:pacific-heights:3:0:0","3767120012","83,146","43,80","0","24651535","a01a453288ba83b8306019f717dbfed1d3d96720716145fbee93b61b9779ee69"
"1754","fresh-dual-v1-1754","14","transfer","pacific-heights","3","Germans","1","2","43,80","109,44","0","0","13","transfer:pacific-heights:3:1:0","3767120013","43,80","109,44","0","24651535","a01a453288ba83b8306019f717dbfed1d3d96720716145fbee93b61b9779ee69"
"1755","fresh-dual-v1-1755","14","transfer","pacific-heights","3","Germans","1","2","43,80","109,44","1","0","13","transfer:pacific-heights:3:1:0","3767120013","43,80","109,44","0","24651535","a01a453288ba83b8306019f717dbfed1d3d96720716145fbee93b61b9779ee69"
"1756","fresh-dual-v1-1756","14","transfer","pacific-heights","3","Germans","2","3","109,44","148,108","0","0","14","transfer:pacific-heights:3:2:0","3767120014","109,44","148,108","0","24651535","a01a453288ba83b8306019f717dbfed1d3d96720716145fbee93b61b9779ee69"
"1757","fresh-dual-v1-1757","14","transfer","pacific-heights","3","Germans","2","3","109,44","148,108","1","0","14","transfer:pacific-heights:3:2:0","3767120014","109,44","148,108","0","24651535","a01a453288ba83b8306019f717dbfed1d3d96720716145fbee93b61b9779ee69"
"1758","fresh-dual-v1-1758","14","transfer","pacific-heights","3","Germans","3","0","148,108","83,146","0","0","15","transfer:pacific-heights:3:3:0","3767120015","148,108","83,146","0","24651535","a01a453288ba83b8306019f717dbfed1d3d96720716145fbee93b61b9779ee69"
"1759","fresh-dual-v1-1759","14","transfer","pacific-heights","3","Germans","3","0","148,108","83,146","1","0","15","transfer:pacific-heights:3:3:0","3767120015","148,108","83,146","0","24651535","a01a453288ba83b8306019f717dbfed1d3d96720716145fbee93b61b9779ee69"
"1760","fresh-dual-v1-1760","14","transfer","pacific-heights","4","British","0","2","83,146","109,44","0","0","16","transfer:pacific-heights:4:0:0","3767120016","83,146","109,44","0","24651535","a01a453288ba83b8306019f717dbfed1d3d96720716145fbee93b61b9779ee69"
"1761","fresh-dual-v1-1761","14","transfer","pacific-heights","4","British","0","2","83,146","109,44","1","0","16","transfer:pacific-heights:4:0:0","3767120016","83,146","109,44","0","24651535","a01a453288ba83b8306019f717dbfed1d3d96720716145fbee93b61b9779ee69"
"1762","fresh-dual-v1-1762","14","transfer","pacific-heights","4","British","1","3","43,80","148,108","0","0","17","transfer:pacific-heights:4:1:0","3767120017","43,80","148,108","0","24651535","a01a453288ba83b8306019f717dbfed1d3d96720716145fbee93b61b9779ee69"
"1763","fresh-dual-v1-1763","14","transfer","pacific-heights","4","British","1","3","43,80","148,108","1","0","17","transfer:pacific-heights:4:1:0","3767120017","43,80","148,108","0","24651535","a01a453288ba83b8306019f717dbfed1d3d96720716145fbee93b61b9779ee69"
"1764","fresh-dual-v1-1764","14","transfer","pacific-heights","4","British","2","0","109,44","83,146","0","0","18","transfer:pacific-heights:4:2:0","3767120018","109,44","83,146","0","24651535","a01a453288ba83b8306019f717dbfed1d3d96720716145fbee93b61b9779ee69"
"1765","fresh-dual-v1-1765","14","transfer","pacific-heights","4","British","2","0","109,44","83,146","1","0","18","transfer:pacific-heights:4:2:0","3767120018","109,44","83,146","0","24651535","a01a453288ba83b8306019f717dbfed1d3d96720716145fbee93b61b9779ee69"
"1766","fresh-dual-v1-1766","14","transfer","pacific-heights","4","British","3","1","148,108","43,80","0","0","19","transfer:pacific-heights:4:3:0","3767120019","148,108","43,80","0","24651535","a01a453288ba83b8306019f717dbfed1d3d96720716145fbee93b61b9779ee69"
"1767","fresh-dual-v1-1767","14","transfer","pacific-heights","4","British","3","1","148,108","43,80","1","0","19","transfer:pacific-heights:4:3:0","3767120019","148,108","43,80","0","24651535","a01a453288ba83b8306019f717dbfed1d3d96720716145fbee93b61b9779ee69"
"1768","fresh-dual-v1-1768","14","transfer","pacific-heights","5","Africans","0","3","83,146","148,108","0","0","20","transfer:pacific-heights:5:0:0","3767120020","83,146","148,108","0","24651535","a01a453288ba83b8306019f717dbfed1d3d96720716145fbee93b61b9779ee69"
"1769","fresh-dual-v1-1769","14","transfer","pacific-heights","5","Africans","0","3","83,146","148,108","1","0","20","transfer:pacific-heights:5:0:0","3767120020","83,146","148,108","0","24651535","a01a453288ba83b8306019f717dbfed1d3d96720716145fbee93b61b9779ee69"
"1770","fresh-dual-v1-1770","14","transfer","pacific-heights","5","Africans","1","0","43,80","83,146","0","0","21","transfer:pacific-heights:5:1:0","3767120021","43,80","83,146","0","24651535","a01a453288ba83b8306019f717dbfed1d3d96720716145fbee93b61b9779ee69"
"1771","fresh-dual-v1-1771","14","transfer","pacific-heights","5","Africans","1","0","43,80","83,146","1","0","21","transfer:pacific-heights:5:1:0","3767120021","43,80","83,146","0","24651535","a01a453288ba83b8306019f717dbfed1d3d96720716145fbee93b61b9779ee69"
"1772","fresh-dual-v1-1772","14","transfer","pacific-heights","5","Africans","2","1","109,44","43,80","0","0","22","transfer:pacific-heights:5:2:0","3767120022","109,44","43,80","0","24651535","a01a453288ba83b8306019f717dbfed1d3d96720716145fbee93b61b9779ee69"
"1773","fresh-dual-v1-1773","14","transfer","pacific-heights","5","Africans","2","1","109,44","43,80","1","0","22","transfer:pacific-heights:5:2:0","3767120022","109,44","43,80","0","24651535","a01a453288ba83b8306019f717dbfed1d3d96720716145fbee93b61b9779ee69"
"1774","fresh-dual-v1-1774","14","transfer","pacific-heights","5","Africans","3","2","148,108","109,44","0","0","23","transfer:pacific-heights:5:3:0","3767120023","148,108","109,44","0","24651535","a01a453288ba83b8306019f717dbfed1d3d96720716145fbee93b61b9779ee69"
"1775","fresh-dual-v1-1775","14","transfer","pacific-heights","5","Africans","3","2","148,108","109,44","1","0","23","transfer:pacific-heights:5:3:0","3767120023","148,108","109,44","0","24651535","a01a453288ba83b8306019f717dbfed1d3d96720716145fbee93b61b9779ee69"
"1776","fresh-dual-v1-1776","14","transfer","pacific-heights","6","Arabs","0","1","83,146","43,80","0","0","24","transfer:pacific-heights:6:0:0","3767120024","83,146","43,80","0","24651535","a01a453288ba83b8306019f717dbfed1d3d96720716145fbee93b61b9779ee69"
"1777","fresh-dual-v1-1777","14","transfer","pacific-heights","6","Arabs","0","1","83,146","43,80","1","0","24","transfer:pacific-heights:6:0:0","3767120024","83,146","43,80","0","24651535","a01a453288ba83b8306019f717dbfed1d3d96720716145fbee93b61b9779ee69"
"1778","fresh-dual-v1-1778","14","transfer","pacific-heights","6","Arabs","1","2","43,80","109,44","0","0","25","transfer:pacific-heights:6:1:0","3767120025","43,80","109,44","0","24651535","a01a453288ba83b8306019f717dbfed1d3d96720716145fbee93b61b9779ee69"
"1779","fresh-dual-v1-1779","14","transfer","pacific-heights","6","Arabs","1","2","43,80","109,44","1","0","25","transfer:pacific-heights:6:1:0","3767120025","43,80","109,44","0","24651535","a01a453288ba83b8306019f717dbfed1d3d96720716145fbee93b61b9779ee69"
"1780","fresh-dual-v1-1780","14","transfer","pacific-heights","6","Arabs","2","3","109,44","148,108","0","0","26","transfer:pacific-heights:6:2:0","3767120026","109,44","148,108","0","24651535","a01a453288ba83b8306019f717dbfed1d3d96720716145fbee93b61b9779ee69"
"1781","fresh-dual-v1-1781","14","transfer","pacific-heights","6","Arabs","2","3","109,44","148,108","1","0","26","transfer:pacific-heights:6:2:0","3767120026","109,44","148,108","0","24651535","a01a453288ba83b8306019f717dbfed1d3d96720716145fbee93b61b9779ee69"
"1782","fresh-dual-v1-1782","14","transfer","pacific-heights","6","Arabs","3","0","148,108","83,146","0","0","27","transfer:pacific-heights:6:3:0","3767120027","148,108","83,146","0","24651535","a01a453288ba83b8306019f717dbfed1d3d96720716145fbee93b61b9779ee69"
"1783","fresh-dual-v1-1783","14","transfer","pacific-heights","6","Arabs","3","0","148,108","83,146","1","0","27","transfer:pacific-heights:6:3:0","3767120027","148,108","83,146","0","24651535","a01a453288ba83b8306019f717dbfed1d3d96720716145fbee93b61b9779ee69"
"1784","fresh-dual-v1-1784","14","transfer","pacific-heights","7","Confederation","0","2","83,146","109,44","0","0","28","transfer:pacific-heights:7:0:0","3767120028","83,146","109,44","0","24651535","a01a453288ba83b8306019f717dbfed1d3d96720716145fbee93b61b9779ee69"
"1785","fresh-dual-v1-1785","14","transfer","pacific-heights","7","Confederation","0","2","83,146","109,44","1","0","28","transfer:pacific-heights:7:0:0","3767120028","83,146","109,44","0","24651535","a01a453288ba83b8306019f717dbfed1d3d96720716145fbee93b61b9779ee69"
"1786","fresh-dual-v1-1786","14","transfer","pacific-heights","7","Confederation","1","3","43,80","148,108","0","0","29","transfer:pacific-heights:7:1:0","3767120029","43,80","148,108","0","24651535","a01a453288ba83b8306019f717dbfed1d3d96720716145fbee93b61b9779ee69"
"1787","fresh-dual-v1-1787","14","transfer","pacific-heights","7","Confederation","1","3","43,80","148,108","1","0","29","transfer:pacific-heights:7:1:0","3767120029","43,80","148,108","0","24651535","a01a453288ba83b8306019f717dbfed1d3d96720716145fbee93b61b9779ee69"
"1788","fresh-dual-v1-1788","14","transfer","pacific-heights","7","Confederation","2","0","109,44","83,146","0","0","30","transfer:pacific-heights:7:2:0","3767120030","109,44","83,146","0","24651535","a01a453288ba83b8306019f717dbfed1d3d96720716145fbee93b61b9779ee69"
"1789","fresh-dual-v1-1789","14","transfer","pacific-heights","7","Confederation","2","0","109,44","83,146","1","0","30","transfer:pacific-heights:7:2:0","3767120030","109,44","83,146","0","24651535","a01a453288ba83b8306019f717dbfed1d3d96720716145fbee93b61b9779ee69"
"1790","fresh-dual-v1-1790","14","transfer","pacific-heights","7","Confederation","3","1","148,108","43,80","0","0","31","transfer:pacific-heights:7:3:0","3767120031","148,108","43,80","0","24651535","a01a453288ba83b8306019f717dbfed1d3d96720716145fbee93b61b9779ee69"
"1791","fresh-dual-v1-1791","14","transfer","pacific-heights","7","Confederation","3","1","148,108","43,80","1","0","31","transfer:pacific-heights:7:3:0","3767120031","148,108","43,80","0","24651535","a01a453288ba83b8306019f717dbfed1d3d96720716145fbee93b61b9779ee69"
"1792","fresh-dual-v1-1792","14","transfer","pacific-heights","8","Russians","0","3","83,146","148,108","0","0","32","transfer:pacific-heights:8:0:0","3767120032","83,146","148,108","0","24651535","a01a453288ba83b8306019f717dbfed1d3d96720716145fbee93b61b9779ee69"
"1793","fresh-dual-v1-1793","14","transfer","pacific-heights","8","Russians","0","3","83,146","148,108","1","0","32","transfer:pacific-heights:8:0:0","3767120032","83,146","148,108","0","24651535","a01a453288ba83b8306019f717dbfed1d3d96720716145fbee93b61b9779ee69"
"1794","fresh-dual-v1-1794","14","transfer","pacific-heights","8","Russians","1","0","43,80","83,146","0","0","33","transfer:pacific-heights:8:1:0","3767120033","43,80","83,146","0","24651535","a01a453288ba83b8306019f717dbfed1d3d96720716145fbee93b61b9779ee69"
"1795","fresh-dual-v1-1795","14","transfer","pacific-heights","8","Russians","1","0","43,80","83,146","1","0","33","transfer:pacific-heights:8:1:0","3767120033","43,80","83,146","0","24651535","a01a453288ba83b8306019f717dbfed1d3d96720716145fbee93b61b9779ee69"
"1796","fresh-dual-v1-1796","14","transfer","pacific-heights","8","Russians","2","1","109,44","43,80","0","0","34","transfer:pacific-heights:8:2:0","3767120034","109,44","43,80","0","24651535","a01a453288ba83b8306019f717dbfed1d3d96720716145fbee93b61b9779ee69"
"1797","fresh-dual-v1-1797","14","transfer","pacific-heights","8","Russians","2","1","109,44","43,80","1","0","34","transfer:pacific-heights:8:2:0","3767120034","109,44","43,80","0","24651535","a01a453288ba83b8306019f717dbfed1d3d96720716145fbee93b61b9779ee69"
"1798","fresh-dual-v1-1798","14","transfer","pacific-heights","8","Russians","3","2","148,108","109,44","0","0","35","transfer:pacific-heights:8:3:0","3767120035","148,108","109,44","0","24651535","a01a453288ba83b8306019f717dbfed1d3d96720716145fbee93b61b9779ee69"
"1799","fresh-dual-v1-1799","14","transfer","pacific-heights","8","Russians","3","2","148,108","109,44","1","0","35","transfer:pacific-heights:8:3:0","3767120035","148,108","109,44","0","24651535","a01a453288ba83b8306019f717dbfed1d3d96720716145fbee93b61b9779ee69"
"1800","fresh-dual-v1-1800","15","advanced","hfo-le","0","Americans","0","2","39,82","151,119","0","0","0","advanced:hfo-le:0:0:0","3768000000","39,82","151,119","0","24651415","b8f6c86df82184b589c17fbd90296e40dcabf9263f86a52127ff86e828111b38"
"1801","fresh-dual-v1-1801","15","advanced","hfo-le","0","Americans","0","2","39,82","151,119","1","0","0","advanced:hfo-le:0:0:0","3768000000","39,82","151,119","0","24651415","b8f6c86df82184b589c17fbd90296e40dcabf9263f86a52127ff86e828111b38"
"1802","fresh-dual-v1-1802","15","advanced","hfo-le","0","Americans","0","2","39,82","151,119","0","1","1","advanced:hfo-le:0:0:1","3768000001","39,82","151,119","0","24651415","b8f6c86df82184b589c17fbd90296e40dcabf9263f86a52127ff86e828111b38"
"1803","fresh-dual-v1-1803","15","advanced","hfo-le","0","Americans","0","2","39,82","151,119","1","1","1","advanced:hfo-le:0:0:1","3768000001","39,82","151,119","0","24651415","b8f6c86df82184b589c17fbd90296e40dcabf9263f86a52127ff86e828111b38"
"1804","fresh-dual-v1-1804","15","advanced","hfo-le","0","Americans","0","2","39,82","151,119","0","2","2","advanced:hfo-le:0:0:2","3768000002","39,82","151,119","0","24651415","b8f6c86df82184b589c17fbd90296e40dcabf9263f86a52127ff86e828111b38"
"1805","fresh-dual-v1-1805","15","advanced","hfo-le","0","Americans","0","2","39,82","151,119","1","2","2","advanced:hfo-le:0:0:2","3768000002","39,82","151,119","0","24651415","b8f6c86df82184b589c17fbd90296e40dcabf9263f86a52127ff86e828111b38"
"1806","fresh-dual-v1-1806","15","advanced","hfo-le","0","Americans","0","2","39,82","151,119","0","3","3","advanced:hfo-le:0:0:3","3768000003","39,82","151,119","0","24651415","b8f6c86df82184b589c17fbd90296e40dcabf9263f86a52127ff86e828111b38"
"1807","fresh-dual-v1-1807","15","advanced","hfo-le","0","Americans","0","2","39,82","151,119","1","3","3","advanced:hfo-le:0:0:3","3768000003","39,82","151,119","0","24651415","b8f6c86df82184b589c17fbd90296e40dcabf9263f86a52127ff86e828111b38"
"1808","fresh-dual-v1-1808","15","advanced","hfo-le","0","Americans","0","2","39,82","151,119","0","4","4","advanced:hfo-le:0:0:4","3768000004","39,82","151,119","0","24651415","b8f6c86df82184b589c17fbd90296e40dcabf9263f86a52127ff86e828111b38"
"1809","fresh-dual-v1-1809","15","advanced","hfo-le","0","Americans","0","2","39,82","151,119","1","4","4","advanced:hfo-le:0:0:4","3768000004","39,82","151,119","0","24651415","b8f6c86df82184b589c17fbd90296e40dcabf9263f86a52127ff86e828111b38"
"1810","fresh-dual-v1-1810","15","advanced","hfo-le","0","Americans","1","3","88,34","88,157","0","0","5","advanced:hfo-le:0:1:0","3768000005","88,34","88,157","0","24651415","b8f6c86df82184b589c17fbd90296e40dcabf9263f86a52127ff86e828111b38"
"1811","fresh-dual-v1-1811","15","advanced","hfo-le","0","Americans","1","3","88,34","88,157","1","0","5","advanced:hfo-le:0:1:0","3768000005","88,34","88,157","0","24651415","b8f6c86df82184b589c17fbd90296e40dcabf9263f86a52127ff86e828111b38"
"1812","fresh-dual-v1-1812","15","advanced","hfo-le","0","Americans","1","3","88,34","88,157","0","1","6","advanced:hfo-le:0:1:1","3768000006","88,34","88,157","0","24651415","b8f6c86df82184b589c17fbd90296e40dcabf9263f86a52127ff86e828111b38"
"1813","fresh-dual-v1-1813","15","advanced","hfo-le","0","Americans","1","3","88,34","88,157","1","1","6","advanced:hfo-le:0:1:1","3768000006","88,34","88,157","0","24651415","b8f6c86df82184b589c17fbd90296e40dcabf9263f86a52127ff86e828111b38"
"1814","fresh-dual-v1-1814","15","advanced","hfo-le","0","Americans","1","3","88,34","88,157","0","2","7","advanced:hfo-le:0:1:2","3768000007","88,34","88,157","0","24651415","b8f6c86df82184b589c17fbd90296e40dcabf9263f86a52127ff86e828111b38"
"1815","fresh-dual-v1-1815","15","advanced","hfo-le","0","Americans","1","3","88,34","88,157","1","2","7","advanced:hfo-le:0:1:2","3768000007","88,34","88,157","0","24651415","b8f6c86df82184b589c17fbd90296e40dcabf9263f86a52127ff86e828111b38"
"1816","fresh-dual-v1-1816","15","advanced","hfo-le","0","Americans","1","3","88,34","88,157","0","3","8","advanced:hfo-le:0:1:3","3768000008","88,34","88,157","0","24651415","b8f6c86df82184b589c17fbd90296e40dcabf9263f86a52127ff86e828111b38"
"1817","fresh-dual-v1-1817","15","advanced","hfo-le","0","Americans","1","3","88,34","88,157","1","3","8","advanced:hfo-le:0:1:3","3768000008","88,34","88,157","0","24651415","b8f6c86df82184b589c17fbd90296e40dcabf9263f86a52127ff86e828111b38"
"1818","fresh-dual-v1-1818","15","advanced","hfo-le","0","Americans","1","3","88,34","88,157","0","4","9","advanced:hfo-le:0:1:4","3768000009","88,34","88,157","0","24651415","b8f6c86df82184b589c17fbd90296e40dcabf9263f86a52127ff86e828111b38"
"1819","fresh-dual-v1-1819","15","advanced","hfo-le","0","Americans","1","3","88,34","88,157","1","4","9","advanced:hfo-le:0:1:4","3768000009","88,34","88,157","0","24651415","b8f6c86df82184b589c17fbd90296e40dcabf9263f86a52127ff86e828111b38"
"1820","fresh-dual-v1-1820","15","advanced","hfo-le","0","Americans","2","0","151,119","39,82","0","0","10","advanced:hfo-le:0:2:0","3768000010","151,119","39,82","0","24651415","b8f6c86df82184b589c17fbd90296e40dcabf9263f86a52127ff86e828111b38"
"1821","fresh-dual-v1-1821","15","advanced","hfo-le","0","Americans","2","0","151,119","39,82","1","0","10","advanced:hfo-le:0:2:0","3768000010","151,119","39,82","0","24651415","b8f6c86df82184b589c17fbd90296e40dcabf9263f86a52127ff86e828111b38"
"1822","fresh-dual-v1-1822","15","advanced","hfo-le","0","Americans","2","0","151,119","39,82","0","1","11","advanced:hfo-le:0:2:1","3768000011","151,119","39,82","0","24651415","b8f6c86df82184b589c17fbd90296e40dcabf9263f86a52127ff86e828111b38"
"1823","fresh-dual-v1-1823","15","advanced","hfo-le","0","Americans","2","0","151,119","39,82","1","1","11","advanced:hfo-le:0:2:1","3768000011","151,119","39,82","0","24651415","b8f6c86df82184b589c17fbd90296e40dcabf9263f86a52127ff86e828111b38"
"1824","fresh-dual-v1-1824","15","advanced","hfo-le","0","Americans","2","0","151,119","39,82","0","2","12","advanced:hfo-le:0:2:2","3768000012","151,119","39,82","0","24651415","b8f6c86df82184b589c17fbd90296e40dcabf9263f86a52127ff86e828111b38"
"1825","fresh-dual-v1-1825","15","advanced","hfo-le","0","Americans","2","0","151,119","39,82","1","2","12","advanced:hfo-le:0:2:2","3768000012","151,119","39,82","0","24651415","b8f6c86df82184b589c17fbd90296e40dcabf9263f86a52127ff86e828111b38"
"1826","fresh-dual-v1-1826","15","advanced","hfo-le","0","Americans","2","0","151,119","39,82","0","3","13","advanced:hfo-le:0:2:3","3768000013","151,119","39,82","0","24651415","b8f6c86df82184b589c17fbd90296e40dcabf9263f86a52127ff86e828111b38"
"1827","fresh-dual-v1-1827","15","advanced","hfo-le","0","Americans","2","0","151,119","39,82","1","3","13","advanced:hfo-le:0:2:3","3768000013","151,119","39,82","0","24651415","b8f6c86df82184b589c17fbd90296e40dcabf9263f86a52127ff86e828111b38"
"1828","fresh-dual-v1-1828","15","advanced","hfo-le","0","Americans","2","0","151,119","39,82","0","4","14","advanced:hfo-le:0:2:4","3768000014","151,119","39,82","0","24651415","b8f6c86df82184b589c17fbd90296e40dcabf9263f86a52127ff86e828111b38"
"1829","fresh-dual-v1-1829","15","advanced","hfo-le","0","Americans","2","0","151,119","39,82","1","4","14","advanced:hfo-le:0:2:4","3768000014","151,119","39,82","0","24651415","b8f6c86df82184b589c17fbd90296e40dcabf9263f86a52127ff86e828111b38"
"1830","fresh-dual-v1-1830","15","advanced","hfo-le","0","Americans","3","1","88,157","88,34","0","0","15","advanced:hfo-le:0:3:0","3768000015","88,157","88,34","0","24651415","b8f6c86df82184b589c17fbd90296e40dcabf9263f86a52127ff86e828111b38"
"1831","fresh-dual-v1-1831","15","advanced","hfo-le","0","Americans","3","1","88,157","88,34","1","0","15","advanced:hfo-le:0:3:0","3768000015","88,157","88,34","0","24651415","b8f6c86df82184b589c17fbd90296e40dcabf9263f86a52127ff86e828111b38"
"1832","fresh-dual-v1-1832","15","advanced","hfo-le","0","Americans","3","1","88,157","88,34","0","1","16","advanced:hfo-le:0:3:1","3768000016","88,157","88,34","0","24651415","b8f6c86df82184b589c17fbd90296e40dcabf9263f86a52127ff86e828111b38"
"1833","fresh-dual-v1-1833","15","advanced","hfo-le","0","Americans","3","1","88,157","88,34","1","1","16","advanced:hfo-le:0:3:1","3768000016","88,157","88,34","0","24651415","b8f6c86df82184b589c17fbd90296e40dcabf9263f86a52127ff86e828111b38"
"1834","fresh-dual-v1-1834","15","advanced","hfo-le","0","Americans","3","1","88,157","88,34","0","2","17","advanced:hfo-le:0:3:2","3768000017","88,157","88,34","0","24651415","b8f6c86df82184b589c17fbd90296e40dcabf9263f86a52127ff86e828111b38"
"1835","fresh-dual-v1-1835","15","advanced","hfo-le","0","Americans","3","1","88,157","88,34","1","2","17","advanced:hfo-le:0:3:2","3768000017","88,157","88,34","0","24651415","b8f6c86df82184b589c17fbd90296e40dcabf9263f86a52127ff86e828111b38"
"1836","fresh-dual-v1-1836","15","advanced","hfo-le","0","Americans","3","1","88,157","88,34","0","3","18","advanced:hfo-le:0:3:3","3768000018","88,157","88,34","0","24651415","b8f6c86df82184b589c17fbd90296e40dcabf9263f86a52127ff86e828111b38"
"1837","fresh-dual-v1-1837","15","advanced","hfo-le","0","Americans","3","1","88,157","88,34","1","3","18","advanced:hfo-le:0:3:3","3768000018","88,157","88,34","0","24651415","b8f6c86df82184b589c17fbd90296e40dcabf9263f86a52127ff86e828111b38"
"1838","fresh-dual-v1-1838","15","advanced","hfo-le","0","Americans","3","1","88,157","88,34","0","4","19","advanced:hfo-le:0:3:4","3768000019","88,157","88,34","0","24651415","b8f6c86df82184b589c17fbd90296e40dcabf9263f86a52127ff86e828111b38"
"1839","fresh-dual-v1-1839","15","advanced","hfo-le","0","Americans","3","1","88,157","88,34","1","4","19","advanced:hfo-le:0:3:4","3768000019","88,157","88,34","0","24651415","b8f6c86df82184b589c17fbd90296e40dcabf9263f86a52127ff86e828111b38"
"1840","fresh-dual-v1-1840","15","advanced","hfo-le","1","Alliance","0","2","39,82","151,119","0","0","20","advanced:hfo-le:1:0:0","3768000020","39,82","151,119","0","24651415","b8f6c86df82184b589c17fbd90296e40dcabf9263f86a52127ff86e828111b38"
"1841","fresh-dual-v1-1841","15","advanced","hfo-le","1","Alliance","0","2","39,82","151,119","1","0","20","advanced:hfo-le:1:0:0","3768000020","39,82","151,119","0","24651415","b8f6c86df82184b589c17fbd90296e40dcabf9263f86a52127ff86e828111b38"
"1842","fresh-dual-v1-1842","15","advanced","hfo-le","1","Alliance","0","2","39,82","151,119","0","1","21","advanced:hfo-le:1:0:1","3768000021","39,82","151,119","0","24651415","b8f6c86df82184b589c17fbd90296e40dcabf9263f86a52127ff86e828111b38"
"1843","fresh-dual-v1-1843","15","advanced","hfo-le","1","Alliance","0","2","39,82","151,119","1","1","21","advanced:hfo-le:1:0:1","3768000021","39,82","151,119","0","24651415","b8f6c86df82184b589c17fbd90296e40dcabf9263f86a52127ff86e828111b38"
"1844","fresh-dual-v1-1844","15","advanced","hfo-le","1","Alliance","0","2","39,82","151,119","0","2","22","advanced:hfo-le:1:0:2","3768000022","39,82","151,119","0","24651415","b8f6c86df82184b589c17fbd90296e40dcabf9263f86a52127ff86e828111b38"
"1845","fresh-dual-v1-1845","15","advanced","hfo-le","1","Alliance","0","2","39,82","151,119","1","2","22","advanced:hfo-le:1:0:2","3768000022","39,82","151,119","0","24651415","b8f6c86df82184b589c17fbd90296e40dcabf9263f86a52127ff86e828111b38"
"1846","fresh-dual-v1-1846","15","advanced","hfo-le","1","Alliance","0","2","39,82","151,119","0","3","23","advanced:hfo-le:1:0:3","3768000023","39,82","151,119","0","24651415","b8f6c86df82184b589c17fbd90296e40dcabf9263f86a52127ff86e828111b38"
"1847","fresh-dual-v1-1847","15","advanced","hfo-le","1","Alliance","0","2","39,82","151,119","1","3","23","advanced:hfo-le:1:0:3","3768000023","39,82","151,119","0","24651415","b8f6c86df82184b589c17fbd90296e40dcabf9263f86a52127ff86e828111b38"
"1848","fresh-dual-v1-1848","15","advanced","hfo-le","1","Alliance","0","2","39,82","151,119","0","4","24","advanced:hfo-le:1:0:4","3768000024","39,82","151,119","0","24651415","b8f6c86df82184b589c17fbd90296e40dcabf9263f86a52127ff86e828111b38"
"1849","fresh-dual-v1-1849","15","advanced","hfo-le","1","Alliance","0","2","39,82","151,119","1","4","24","advanced:hfo-le:1:0:4","3768000024","39,82","151,119","0","24651415","b8f6c86df82184b589c17fbd90296e40dcabf9263f86a52127ff86e828111b38"
"1850","fresh-dual-v1-1850","15","advanced","hfo-le","1","Alliance","1","3","88,34","88,157","0","0","25","advanced:hfo-le:1:1:0","3768000025","88,34","88,157","0","24651415","b8f6c86df82184b589c17fbd90296e40dcabf9263f86a52127ff86e828111b38"
"1851","fresh-dual-v1-1851","15","advanced","hfo-le","1","Alliance","1","3","88,34","88,157","1","0","25","advanced:hfo-le:1:1:0","3768000025","88,34","88,157","0","24651415","b8f6c86df82184b589c17fbd90296e40dcabf9263f86a52127ff86e828111b38"
"1852","fresh-dual-v1-1852","15","advanced","hfo-le","1","Alliance","1","3","88,34","88,157","0","1","26","advanced:hfo-le:1:1:1","3768000026","88,34","88,157","0","24651415","b8f6c86df82184b589c17fbd90296e40dcabf9263f86a52127ff86e828111b38"
"1853","fresh-dual-v1-1853","15","advanced","hfo-le","1","Alliance","1","3","88,34","88,157","1","1","26","advanced:hfo-le:1:1:1","3768000026","88,34","88,157","0","24651415","b8f6c86df82184b589c17fbd90296e40dcabf9263f86a52127ff86e828111b38"
"1854","fresh-dual-v1-1854","15","advanced","hfo-le","1","Alliance","1","3","88,34","88,157","0","2","27","advanced:hfo-le:1:1:2","3768000027","88,34","88,157","0","24651415","b8f6c86df82184b589c17fbd90296e40dcabf9263f86a52127ff86e828111b38"
"1855","fresh-dual-v1-1855","15","advanced","hfo-le","1","Alliance","1","3","88,34","88,157","1","2","27","advanced:hfo-le:1:1:2","3768000027","88,34","88,157","0","24651415","b8f6c86df82184b589c17fbd90296e40dcabf9263f86a52127ff86e828111b38"
"1856","fresh-dual-v1-1856","15","advanced","hfo-le","1","Alliance","1","3","88,34","88,157","0","3","28","advanced:hfo-le:1:1:3","3768000028","88,34","88,157","0","24651415","b8f6c86df82184b589c17fbd90296e40dcabf9263f86a52127ff86e828111b38"
"1857","fresh-dual-v1-1857","15","advanced","hfo-le","1","Alliance","1","3","88,34","88,157","1","3","28","advanced:hfo-le:1:1:3","3768000028","88,34","88,157","0","24651415","b8f6c86df82184b589c17fbd90296e40dcabf9263f86a52127ff86e828111b38"
"1858","fresh-dual-v1-1858","15","advanced","hfo-le","1","Alliance","1","3","88,34","88,157","0","4","29","advanced:hfo-le:1:1:4","3768000029","88,34","88,157","0","24651415","b8f6c86df82184b589c17fbd90296e40dcabf9263f86a52127ff86e828111b38"
"1859","fresh-dual-v1-1859","15","advanced","hfo-le","1","Alliance","1","3","88,34","88,157","1","4","29","advanced:hfo-le:1:1:4","3768000029","88,34","88,157","0","24651415","b8f6c86df82184b589c17fbd90296e40dcabf9263f86a52127ff86e828111b38"
"1860","fresh-dual-v1-1860","15","advanced","hfo-le","1","Alliance","2","0","151,119","39,82","0","0","30","advanced:hfo-le:1:2:0","3768000030","151,119","39,82","0","24651415","b8f6c86df82184b589c17fbd90296e40dcabf9263f86a52127ff86e828111b38"
"1861","fresh-dual-v1-1861","15","advanced","hfo-le","1","Alliance","2","0","151,119","39,82","1","0","30","advanced:hfo-le:1:2:0","3768000030","151,119","39,82","0","24651415","b8f6c86df82184b589c17fbd90296e40dcabf9263f86a52127ff86e828111b38"
"1862","fresh-dual-v1-1862","15","advanced","hfo-le","1","Alliance","2","0","151,119","39,82","0","1","31","advanced:hfo-le:1:2:1","3768000031","151,119","39,82","0","24651415","b8f6c86df82184b589c17fbd90296e40dcabf9263f86a52127ff86e828111b38"
"1863","fresh-dual-v1-1863","15","advanced","hfo-le","1","Alliance","2","0","151,119","39,82","1","1","31","advanced:hfo-le:1:2:1","3768000031","151,119","39,82","0","24651415","b8f6c86df82184b589c17fbd90296e40dcabf9263f86a52127ff86e828111b38"
"1864","fresh-dual-v1-1864","15","advanced","hfo-le","1","Alliance","2","0","151,119","39,82","0","2","32","advanced:hfo-le:1:2:2","3768000032","151,119","39,82","0","24651415","b8f6c86df82184b589c17fbd90296e40dcabf9263f86a52127ff86e828111b38"
"1865","fresh-dual-v1-1865","15","advanced","hfo-le","1","Alliance","2","0","151,119","39,82","1","2","32","advanced:hfo-le:1:2:2","3768000032","151,119","39,82","0","24651415","b8f6c86df82184b589c17fbd90296e40dcabf9263f86a52127ff86e828111b38"
"1866","fresh-dual-v1-1866","15","advanced","hfo-le","1","Alliance","2","0","151,119","39,82","0","3","33","advanced:hfo-le:1:2:3","3768000033","151,119","39,82","0","24651415","b8f6c86df82184b589c17fbd90296e40dcabf9263f86a52127ff86e828111b38"
"1867","fresh-dual-v1-1867","15","advanced","hfo-le","1","Alliance","2","0","151,119","39,82","1","3","33","advanced:hfo-le:1:2:3","3768000033","151,119","39,82","0","24651415","b8f6c86df82184b589c17fbd90296e40dcabf9263f86a52127ff86e828111b38"
"1868","fresh-dual-v1-1868","15","advanced","hfo-le","1","Alliance","2","0","151,119","39,82","0","4","34","advanced:hfo-le:1:2:4","3768000034","151,119","39,82","0","24651415","b8f6c86df82184b589c17fbd90296e40dcabf9263f86a52127ff86e828111b38"
"1869","fresh-dual-v1-1869","15","advanced","hfo-le","1","Alliance","2","0","151,119","39,82","1","4","34","advanced:hfo-le:1:2:4","3768000034","151,119","39,82","0","24651415","b8f6c86df82184b589c17fbd90296e40dcabf9263f86a52127ff86e828111b38"
"1870","fresh-dual-v1-1870","15","advanced","hfo-le","1","Alliance","3","1","88,157","88,34","0","0","35","advanced:hfo-le:1:3:0","3768000035","88,157","88,34","0","24651415","b8f6c86df82184b589c17fbd90296e40dcabf9263f86a52127ff86e828111b38"
"1871","fresh-dual-v1-1871","15","advanced","hfo-le","1","Alliance","3","1","88,157","88,34","1","0","35","advanced:hfo-le:1:3:0","3768000035","88,157","88,34","0","24651415","b8f6c86df82184b589c17fbd90296e40dcabf9263f86a52127ff86e828111b38"
"1872","fresh-dual-v1-1872","15","advanced","hfo-le","1","Alliance","3","1","88,157","88,34","0","1","36","advanced:hfo-le:1:3:1","3768000036","88,157","88,34","0","24651415","b8f6c86df82184b589c17fbd90296e40dcabf9263f86a52127ff86e828111b38"
"1873","fresh-dual-v1-1873","15","advanced","hfo-le","1","Alliance","3","1","88,157","88,34","1","1","36","advanced:hfo-le:1:3:1","3768000036","88,157","88,34","0","24651415","b8f6c86df82184b589c17fbd90296e40dcabf9263f86a52127ff86e828111b38"
"1874","fresh-dual-v1-1874","15","advanced","hfo-le","1","Alliance","3","1","88,157","88,34","0","2","37","advanced:hfo-le:1:3:2","3768000037","88,157","88,34","0","24651415","b8f6c86df82184b589c17fbd90296e40dcabf9263f86a52127ff86e828111b38"
"1875","fresh-dual-v1-1875","15","advanced","hfo-le","1","Alliance","3","1","88,157","88,34","1","2","37","advanced:hfo-le:1:3:2","3768000037","88,157","88,34","0","24651415","b8f6c86df82184b589c17fbd90296e40dcabf9263f86a52127ff86e828111b38"
"1876","fresh-dual-v1-1876","15","advanced","hfo-le","1","Alliance","3","1","88,157","88,34","0","3","38","advanced:hfo-le:1:3:3","3768000038","88,157","88,34","0","24651415","b8f6c86df82184b589c17fbd90296e40dcabf9263f86a52127ff86e828111b38"
"1877","fresh-dual-v1-1877","15","advanced","hfo-le","1","Alliance","3","1","88,157","88,34","1","3","38","advanced:hfo-le:1:3:3","3768000038","88,157","88,34","0","24651415","b8f6c86df82184b589c17fbd90296e40dcabf9263f86a52127ff86e828111b38"
"1878","fresh-dual-v1-1878","15","advanced","hfo-le","1","Alliance","3","1","88,157","88,34","0","4","39","advanced:hfo-le:1:3:4","3768000039","88,157","88,34","0","24651415","b8f6c86df82184b589c17fbd90296e40dcabf9263f86a52127ff86e828111b38"
"1879","fresh-dual-v1-1879","15","advanced","hfo-le","1","Alliance","3","1","88,157","88,34","1","4","39","advanced:hfo-le:1:3:4","3768000039","88,157","88,34","0","24651415","b8f6c86df82184b589c17fbd90296e40dcabf9263f86a52127ff86e828111b38"
"1880","fresh-dual-v1-1880","15","advanced","hfo-le","2","French","0","2","39,82","151,119","0","0","40","advanced:hfo-le:2:0:0","3768000040","39,82","151,119","0","24651415","b8f6c86df82184b589c17fbd90296e40dcabf9263f86a52127ff86e828111b38"
"1881","fresh-dual-v1-1881","15","advanced","hfo-le","2","French","0","2","39,82","151,119","1","0","40","advanced:hfo-le:2:0:0","3768000040","39,82","151,119","0","24651415","b8f6c86df82184b589c17fbd90296e40dcabf9263f86a52127ff86e828111b38"
"1882","fresh-dual-v1-1882","15","advanced","hfo-le","2","French","0","2","39,82","151,119","0","1","41","advanced:hfo-le:2:0:1","3768000041","39,82","151,119","0","24651415","b8f6c86df82184b589c17fbd90296e40dcabf9263f86a52127ff86e828111b38"
"1883","fresh-dual-v1-1883","15","advanced","hfo-le","2","French","0","2","39,82","151,119","1","1","41","advanced:hfo-le:2:0:1","3768000041","39,82","151,119","0","24651415","b8f6c86df82184b589c17fbd90296e40dcabf9263f86a52127ff86e828111b38"
"1884","fresh-dual-v1-1884","15","advanced","hfo-le","2","French","0","2","39,82","151,119","0","2","42","advanced:hfo-le:2:0:2","3768000042","39,82","151,119","0","24651415","b8f6c86df82184b589c17fbd90296e40dcabf9263f86a52127ff86e828111b38"
"1885","fresh-dual-v1-1885","15","advanced","hfo-le","2","French","0","2","39,82","151,119","1","2","42","advanced:hfo-le:2:0:2","3768000042","39,82","151,119","0","24651415","b8f6c86df82184b589c17fbd90296e40dcabf9263f86a52127ff86e828111b38"
"1886","fresh-dual-v1-1886","15","advanced","hfo-le","2","French","0","2","39,82","151,119","0","3","43","advanced:hfo-le:2:0:3","3768000043","39,82","151,119","0","24651415","b8f6c86df82184b589c17fbd90296e40dcabf9263f86a52127ff86e828111b38"
"1887","fresh-dual-v1-1887","15","advanced","hfo-le","2","French","0","2","39,82","151,119","1","3","43","advanced:hfo-le:2:0:3","3768000043","39,82","151,119","0","24651415","b8f6c86df82184b589c17fbd90296e40dcabf9263f86a52127ff86e828111b38"
"1888","fresh-dual-v1-1888","15","advanced","hfo-le","2","French","0","2","39,82","151,119","0","4","44","advanced:hfo-le:2:0:4","3768000044","39,82","151,119","0","24651415","b8f6c86df82184b589c17fbd90296e40dcabf9263f86a52127ff86e828111b38"
"1889","fresh-dual-v1-1889","15","advanced","hfo-le","2","French","0","2","39,82","151,119","1","4","44","advanced:hfo-le:2:0:4","3768000044","39,82","151,119","0","24651415","b8f6c86df82184b589c17fbd90296e40dcabf9263f86a52127ff86e828111b38"
"1890","fresh-dual-v1-1890","15","advanced","hfo-le","2","French","1","3","88,34","88,157","0","0","45","advanced:hfo-le:2:1:0","3768000045","88,34","88,157","0","24651415","b8f6c86df82184b589c17fbd90296e40dcabf9263f86a52127ff86e828111b38"
"1891","fresh-dual-v1-1891","15","advanced","hfo-le","2","French","1","3","88,34","88,157","1","0","45","advanced:hfo-le:2:1:0","3768000045","88,34","88,157","0","24651415","b8f6c86df82184b589c17fbd90296e40dcabf9263f86a52127ff86e828111b38"
"1892","fresh-dual-v1-1892","15","advanced","hfo-le","2","French","1","3","88,34","88,157","0","1","46","advanced:hfo-le:2:1:1","3768000046","88,34","88,157","0","24651415","b8f6c86df82184b589c17fbd90296e40dcabf9263f86a52127ff86e828111b38"
"1893","fresh-dual-v1-1893","15","advanced","hfo-le","2","French","1","3","88,34","88,157","1","1","46","advanced:hfo-le:2:1:1","3768000046","88,34","88,157","0","24651415","b8f6c86df82184b589c17fbd90296e40dcabf9263f86a52127ff86e828111b38"
"1894","fresh-dual-v1-1894","15","advanced","hfo-le","2","French","1","3","88,34","88,157","0","2","47","advanced:hfo-le:2:1:2","3768000047","88,34","88,157","0","24651415","b8f6c86df82184b589c17fbd90296e40dcabf9263f86a52127ff86e828111b38"
"1895","fresh-dual-v1-1895","15","advanced","hfo-le","2","French","1","3","88,34","88,157","1","2","47","advanced:hfo-le:2:1:2","3768000047","88,34","88,157","0","24651415","b8f6c86df82184b589c17fbd90296e40dcabf9263f86a52127ff86e828111b38"
"1896","fresh-dual-v1-1896","15","advanced","hfo-le","2","French","1","3","88,34","88,157","0","3","48","advanced:hfo-le:2:1:3","3768000048","88,34","88,157","0","24651415","b8f6c86df82184b589c17fbd90296e40dcabf9263f86a52127ff86e828111b38"
"1897","fresh-dual-v1-1897","15","advanced","hfo-le","2","French","1","3","88,34","88,157","1","3","48","advanced:hfo-le:2:1:3","3768000048","88,34","88,157","0","24651415","b8f6c86df82184b589c17fbd90296e40dcabf9263f86a52127ff86e828111b38"
"1898","fresh-dual-v1-1898","15","advanced","hfo-le","2","French","1","3","88,34","88,157","0","4","49","advanced:hfo-le:2:1:4","3768000049","88,34","88,157","0","24651415","b8f6c86df82184b589c17fbd90296e40dcabf9263f86a52127ff86e828111b38"
"1899","fresh-dual-v1-1899","15","advanced","hfo-le","2","French","1","3","88,34","88,157","1","4","49","advanced:hfo-le:2:1:4","3768000049","88,34","88,157","0","24651415","b8f6c86df82184b589c17fbd90296e40dcabf9263f86a52127ff86e828111b38"
"1900","fresh-dual-v1-1900","15","advanced","hfo-le","2","French","2","0","151,119","39,82","0","0","50","advanced:hfo-le:2:2:0","3768000050","151,119","39,82","0","24651415","b8f6c86df82184b589c17fbd90296e40dcabf9263f86a52127ff86e828111b38"
"1901","fresh-dual-v1-1901","15","advanced","hfo-le","2","French","2","0","151,119","39,82","1","0","50","advanced:hfo-le:2:2:0","3768000050","151,119","39,82","0","24651415","b8f6c86df82184b589c17fbd90296e40dcabf9263f86a52127ff86e828111b38"
"1902","fresh-dual-v1-1902","15","advanced","hfo-le","2","French","2","0","151,119","39,82","0","1","51","advanced:hfo-le:2:2:1","3768000051","151,119","39,82","0","24651415","b8f6c86df82184b589c17fbd90296e40dcabf9263f86a52127ff86e828111b38"
"1903","fresh-dual-v1-1903","15","advanced","hfo-le","2","French","2","0","151,119","39,82","1","1","51","advanced:hfo-le:2:2:1","3768000051","151,119","39,82","0","24651415","b8f6c86df82184b589c17fbd90296e40dcabf9263f86a52127ff86e828111b38"
"1904","fresh-dual-v1-1904","15","advanced","hfo-le","2","French","2","0","151,119","39,82","0","2","52","advanced:hfo-le:2:2:2","3768000052","151,119","39,82","0","24651415","b8f6c86df82184b589c17fbd90296e40dcabf9263f86a52127ff86e828111b38"
"1905","fresh-dual-v1-1905","15","advanced","hfo-le","2","French","2","0","151,119","39,82","1","2","52","advanced:hfo-le:2:2:2","3768000052","151,119","39,82","0","24651415","b8f6c86df82184b589c17fbd90296e40dcabf9263f86a52127ff86e828111b38"
"1906","fresh-dual-v1-1906","15","advanced","hfo-le","2","French","2","0","151,119","39,82","0","3","53","advanced:hfo-le:2:2:3","3768000053","151,119","39,82","0","24651415","b8f6c86df82184b589c17fbd90296e40dcabf9263f86a52127ff86e828111b38"
"1907","fresh-dual-v1-1907","15","advanced","hfo-le","2","French","2","0","151,119","39,82","1","3","53","advanced:hfo-le:2:2:3","3768000053","151,119","39,82","0","24651415","b8f6c86df82184b589c17fbd90296e40dcabf9263f86a52127ff86e828111b38"
"1908","fresh-dual-v1-1908","15","advanced","hfo-le","2","French","2","0","151,119","39,82","0","4","54","advanced:hfo-le:2:2:4","3768000054","151,119","39,82","0","24651415","b8f6c86df82184b589c17fbd90296e40dcabf9263f86a52127ff86e828111b38"
"1909","fresh-dual-v1-1909","15","advanced","hfo-le","2","French","2","0","151,119","39,82","1","4","54","advanced:hfo-le:2:2:4","3768000054","151,119","39,82","0","24651415","b8f6c86df82184b589c17fbd90296e40dcabf9263f86a52127ff86e828111b38"
"1910","fresh-dual-v1-1910","15","advanced","hfo-le","2","French","3","1","88,157","88,34","0","0","55","advanced:hfo-le:2:3:0","3768000055","88,157","88,34","0","24651415","b8f6c86df82184b589c17fbd90296e40dcabf9263f86a52127ff86e828111b38"
"1911","fresh-dual-v1-1911","15","advanced","hfo-le","2","French","3","1","88,157","88,34","1","0","55","advanced:hfo-le:2:3:0","3768000055","88,157","88,34","0","24651415","b8f6c86df82184b589c17fbd90296e40dcabf9263f86a52127ff86e828111b38"
"1912","fresh-dual-v1-1912","15","advanced","hfo-le","2","French","3","1","88,157","88,34","0","1","56","advanced:hfo-le:2:3:1","3768000056","88,157","88,34","0","24651415","b8f6c86df82184b589c17fbd90296e40dcabf9263f86a52127ff86e828111b38"
"1913","fresh-dual-v1-1913","15","advanced","hfo-le","2","French","3","1","88,157","88,34","1","1","56","advanced:hfo-le:2:3:1","3768000056","88,157","88,34","0","24651415","b8f6c86df82184b589c17fbd90296e40dcabf9263f86a52127ff86e828111b38"
"1914","fresh-dual-v1-1914","15","advanced","hfo-le","2","French","3","1","88,157","88,34","0","2","57","advanced:hfo-le:2:3:2","3768000057","88,157","88,34","0","24651415","b8f6c86df82184b589c17fbd90296e40dcabf9263f86a52127ff86e828111b38"
"1915","fresh-dual-v1-1915","15","advanced","hfo-le","2","French","3","1","88,157","88,34","1","2","57","advanced:hfo-le:2:3:2","3768000057","88,157","88,34","0","24651415","b8f6c86df82184b589c17fbd90296e40dcabf9263f86a52127ff86e828111b38"
"1916","fresh-dual-v1-1916","15","advanced","hfo-le","2","French","3","1","88,157","88,34","0","3","58","advanced:hfo-le:2:3:3","3768000058","88,157","88,34","0","24651415","b8f6c86df82184b589c17fbd90296e40dcabf9263f86a52127ff86e828111b38"
"1917","fresh-dual-v1-1917","15","advanced","hfo-le","2","French","3","1","88,157","88,34","1","3","58","advanced:hfo-le:2:3:3","3768000058","88,157","88,34","0","24651415","b8f6c86df82184b589c17fbd90296e40dcabf9263f86a52127ff86e828111b38"
"1918","fresh-dual-v1-1918","15","advanced","hfo-le","2","French","3","1","88,157","88,34","0","4","59","advanced:hfo-le:2:3:4","3768000059","88,157","88,34","0","24651415","b8f6c86df82184b589c17fbd90296e40dcabf9263f86a52127ff86e828111b38"
"1919","fresh-dual-v1-1919","15","advanced","hfo-le","2","French","3","1","88,157","88,34","1","4","59","advanced:hfo-le:2:3:4","3768000059","88,157","88,34","0","24651415","b8f6c86df82184b589c17fbd90296e40dcabf9263f86a52127ff86e828111b38"
"1920","fresh-dual-v1-1920","15","advanced","hfo-le","3","Germans","0","2","39,82","151,119","0","0","60","advanced:hfo-le:3:0:0","3768000060","39,82","151,119","0","24651415","b8f6c86df82184b589c17fbd90296e40dcabf9263f86a52127ff86e828111b38"
"1921","fresh-dual-v1-1921","15","advanced","hfo-le","3","Germans","0","2","39,82","151,119","1","0","60","advanced:hfo-le:3:0:0","3768000060","39,82","151,119","0","24651415","b8f6c86df82184b589c17fbd90296e40dcabf9263f86a52127ff86e828111b38"
"1922","fresh-dual-v1-1922","15","advanced","hfo-le","3","Germans","0","2","39,82","151,119","0","1","61","advanced:hfo-le:3:0:1","3768000061","39,82","151,119","0","24651415","b8f6c86df82184b589c17fbd90296e40dcabf9263f86a52127ff86e828111b38"
"1923","fresh-dual-v1-1923","15","advanced","hfo-le","3","Germans","0","2","39,82","151,119","1","1","61","advanced:hfo-le:3:0:1","3768000061","39,82","151,119","0","24651415","b8f6c86df82184b589c17fbd90296e40dcabf9263f86a52127ff86e828111b38"
"1924","fresh-dual-v1-1924","15","advanced","hfo-le","3","Germans","0","2","39,82","151,119","0","2","62","advanced:hfo-le:3:0:2","3768000062","39,82","151,119","0","24651415","b8f6c86df82184b589c17fbd90296e40dcabf9263f86a52127ff86e828111b38"
"1925","fresh-dual-v1-1925","15","advanced","hfo-le","3","Germans","0","2","39,82","151,119","1","2","62","advanced:hfo-le:3:0:2","3768000062","39,82","151,119","0","24651415","b8f6c86df82184b589c17fbd90296e40dcabf9263f86a52127ff86e828111b38"
"1926","fresh-dual-v1-1926","15","advanced","hfo-le","3","Germans","0","2","39,82","151,119","0","3","63","advanced:hfo-le:3:0:3","3768000063","39,82","151,119","0","24651415","b8f6c86df82184b589c17fbd90296e40dcabf9263f86a52127ff86e828111b38"
"1927","fresh-dual-v1-1927","15","advanced","hfo-le","3","Germans","0","2","39,82","151,119","1","3","63","advanced:hfo-le:3:0:3","3768000063","39,82","151,119","0","24651415","b8f6c86df82184b589c17fbd90296e40dcabf9263f86a52127ff86e828111b38"
"1928","fresh-dual-v1-1928","15","advanced","hfo-le","3","Germans","0","2","39,82","151,119","0","4","64","advanced:hfo-le:3:0:4","3768000064","39,82","151,119","0","24651415","b8f6c86df82184b589c17fbd90296e40dcabf9263f86a52127ff86e828111b38"
"1929","fresh-dual-v1-1929","15","advanced","hfo-le","3","Germans","0","2","39,82","151,119","1","4","64","advanced:hfo-le:3:0:4","3768000064","39,82","151,119","0","24651415","b8f6c86df82184b589c17fbd90296e40dcabf9263f86a52127ff86e828111b38"
"1930","fresh-dual-v1-1930","15","advanced","hfo-le","3","Germans","1","3","88,34","88,157","0","0","65","advanced:hfo-le:3:1:0","3768000065","88,34","88,157","0","24651415","b8f6c86df82184b589c17fbd90296e40dcabf9263f86a52127ff86e828111b38"
"1931","fresh-dual-v1-1931","15","advanced","hfo-le","3","Germans","1","3","88,34","88,157","1","0","65","advanced:hfo-le:3:1:0","3768000065","88,34","88,157","0","24651415","b8f6c86df82184b589c17fbd90296e40dcabf9263f86a52127ff86e828111b38"
"1932","fresh-dual-v1-1932","15","advanced","hfo-le","3","Germans","1","3","88,34","88,157","0","1","66","advanced:hfo-le:3:1:1","3768000066","88,34","88,157","0","24651415","b8f6c86df82184b589c17fbd90296e40dcabf9263f86a52127ff86e828111b38"
"1933","fresh-dual-v1-1933","15","advanced","hfo-le","3","Germans","1","3","88,34","88,157","1","1","66","advanced:hfo-le:3:1:1","3768000066","88,34","88,157","0","24651415","b8f6c86df82184b589c17fbd90296e40dcabf9263f86a52127ff86e828111b38"
"1934","fresh-dual-v1-1934","15","advanced","hfo-le","3","Germans","1","3","88,34","88,157","0","2","67","advanced:hfo-le:3:1:2","3768000067","88,34","88,157","0","24651415","b8f6c86df82184b589c17fbd90296e40dcabf9263f86a52127ff86e828111b38"
"1935","fresh-dual-v1-1935","15","advanced","hfo-le","3","Germans","1","3","88,34","88,157","1","2","67","advanced:hfo-le:3:1:2","3768000067","88,34","88,157","0","24651415","b8f6c86df82184b589c17fbd90296e40dcabf9263f86a52127ff86e828111b38"
"1936","fresh-dual-v1-1936","15","advanced","hfo-le","3","Germans","1","3","88,34","88,157","0","3","68","advanced:hfo-le:3:1:3","3768000068","88,34","88,157","0","24651415","b8f6c86df82184b589c17fbd90296e40dcabf9263f86a52127ff86e828111b38"
"1937","fresh-dual-v1-1937","15","advanced","hfo-le","3","Germans","1","3","88,34","88,157","1","3","68","advanced:hfo-le:3:1:3","3768000068","88,34","88,157","0","24651415","b8f6c86df82184b589c17fbd90296e40dcabf9263f86a52127ff86e828111b38"
"1938","fresh-dual-v1-1938","15","advanced","hfo-le","3","Germans","1","3","88,34","88,157","0","4","69","advanced:hfo-le:3:1:4","3768000069","88,34","88,157","0","24651415","b8f6c86df82184b589c17fbd90296e40dcabf9263f86a52127ff86e828111b38"
"1939","fresh-dual-v1-1939","15","advanced","hfo-le","3","Germans","1","3","88,34","88,157","1","4","69","advanced:hfo-le:3:1:4","3768000069","88,34","88,157","0","24651415","b8f6c86df82184b589c17fbd90296e40dcabf9263f86a52127ff86e828111b38"
"1940","fresh-dual-v1-1940","15","advanced","hfo-le","3","Germans","2","0","151,119","39,82","0","0","70","advanced:hfo-le:3:2:0","3768000070","151,119","39,82","0","24651415","b8f6c86df82184b589c17fbd90296e40dcabf9263f86a52127ff86e828111b38"
"1941","fresh-dual-v1-1941","15","advanced","hfo-le","3","Germans","2","0","151,119","39,82","1","0","70","advanced:hfo-le:3:2:0","3768000070","151,119","39,82","0","24651415","b8f6c86df82184b589c17fbd90296e40dcabf9263f86a52127ff86e828111b38"
"1942","fresh-dual-v1-1942","15","advanced","hfo-le","3","Germans","2","0","151,119","39,82","0","1","71","advanced:hfo-le:3:2:1","3768000071","151,119","39,82","0","24651415","b8f6c86df82184b589c17fbd90296e40dcabf9263f86a52127ff86e828111b38"
"1943","fresh-dual-v1-1943","15","advanced","hfo-le","3","Germans","2","0","151,119","39,82","1","1","71","advanced:hfo-le:3:2:1","3768000071","151,119","39,82","0","24651415","b8f6c86df82184b589c17fbd90296e40dcabf9263f86a52127ff86e828111b38"
"1944","fresh-dual-v1-1944","15","advanced","hfo-le","3","Germans","2","0","151,119","39,82","0","2","72","advanced:hfo-le:3:2:2","3768000072","151,119","39,82","0","24651415","b8f6c86df82184b589c17fbd90296e40dcabf9263f86a52127ff86e828111b38"
"1945","fresh-dual-v1-1945","15","advanced","hfo-le","3","Germans","2","0","151,119","39,82","1","2","72","advanced:hfo-le:3:2:2","3768000072","151,119","39,82","0","24651415","b8f6c86df82184b589c17fbd90296e40dcabf9263f86a52127ff86e828111b38"
"1946","fresh-dual-v1-1946","15","advanced","hfo-le","3","Germans","2","0","151,119","39,82","0","3","73","advanced:hfo-le:3:2:3","3768000073","151,119","39,82","0","24651415","b8f6c86df82184b589c17fbd90296e40dcabf9263f86a52127ff86e828111b38"
"1947","fresh-dual-v1-1947","15","advanced","hfo-le","3","Germans","2","0","151,119","39,82","1","3","73","advanced:hfo-le:3:2:3","3768000073","151,119","39,82","0","24651415","b8f6c86df82184b589c17fbd90296e40dcabf9263f86a52127ff86e828111b38"
"1948","fresh-dual-v1-1948","15","advanced","hfo-le","3","Germans","2","0","151,119","39,82","0","4","74","advanced:hfo-le:3:2:4","3768000074","151,119","39,82","0","24651415","b8f6c86df82184b589c17fbd90296e40dcabf9263f86a52127ff86e828111b38"
"1949","fresh-dual-v1-1949","15","advanced","hfo-le","3","Germans","2","0","151,119","39,82","1","4","74","advanced:hfo-le:3:2:4","3768000074","151,119","39,82","0","24651415","b8f6c86df82184b589c17fbd90296e40dcabf9263f86a52127ff86e828111b38"
"1950","fresh-dual-v1-1950","15","advanced","hfo-le","3","Germans","3","1","88,157","88,34","0","0","75","advanced:hfo-le:3:3:0","3768000075","88,157","88,34","0","24651415","b8f6c86df82184b589c17fbd90296e40dcabf9263f86a52127ff86e828111b38"
"1951","fresh-dual-v1-1951","15","advanced","hfo-le","3","Germans","3","1","88,157","88,34","1","0","75","advanced:hfo-le:3:3:0","3768000075","88,157","88,34","0","24651415","b8f6c86df82184b589c17fbd90296e40dcabf9263f86a52127ff86e828111b38"
"1952","fresh-dual-v1-1952","15","advanced","hfo-le","3","Germans","3","1","88,157","88,34","0","1","76","advanced:hfo-le:3:3:1","3768000076","88,157","88,34","0","24651415","b8f6c86df82184b589c17fbd90296e40dcabf9263f86a52127ff86e828111b38"
"1953","fresh-dual-v1-1953","15","advanced","hfo-le","3","Germans","3","1","88,157","88,34","1","1","76","advanced:hfo-le:3:3:1","3768000076","88,157","88,34","0","24651415","b8f6c86df82184b589c17fbd90296e40dcabf9263f86a52127ff86e828111b38"
"1954","fresh-dual-v1-1954","15","advanced","hfo-le","3","Germans","3","1","88,157","88,34","0","2","77","advanced:hfo-le:3:3:2","3768000077","88,157","88,34","0","24651415","b8f6c86df82184b589c17fbd90296e40dcabf9263f86a52127ff86e828111b38"
"1955","fresh-dual-v1-1955","15","advanced","hfo-le","3","Germans","3","1","88,157","88,34","1","2","77","advanced:hfo-le:3:3:2","3768000077","88,157","88,34","0","24651415","b8f6c86df82184b589c17fbd90296e40dcabf9263f86a52127ff86e828111b38"
"1956","fresh-dual-v1-1956","15","advanced","hfo-le","3","Germans","3","1","88,157","88,34","0","3","78","advanced:hfo-le:3:3:3","3768000078","88,157","88,34","0","24651415","b8f6c86df82184b589c17fbd90296e40dcabf9263f86a52127ff86e828111b38"
"1957","fresh-dual-v1-1957","15","advanced","hfo-le","3","Germans","3","1","88,157","88,34","1","3","78","advanced:hfo-le:3:3:3","3768000078","88,157","88,34","0","24651415","b8f6c86df82184b589c17fbd90296e40dcabf9263f86a52127ff86e828111b38"
"1958","fresh-dual-v1-1958","15","advanced","hfo-le","3","Germans","3","1","88,157","88,34","0","4","79","advanced:hfo-le:3:3:4","3768000079","88,157","88,34","0","24651415","b8f6c86df82184b589c17fbd90296e40dcabf9263f86a52127ff86e828111b38"
"1959","fresh-dual-v1-1959","15","advanced","hfo-le","3","Germans","3","1","88,157","88,34","1","4","79","advanced:hfo-le:3:3:4","3768000079","88,157","88,34","0","24651415","b8f6c86df82184b589c17fbd90296e40dcabf9263f86a52127ff86e828111b38"
"1960","fresh-dual-v1-1960","15","advanced","hfo-le","4","British","0","2","39,82","151,119","0","0","80","advanced:hfo-le:4:0:0","3768000080","39,82","151,119","0","24651415","b8f6c86df82184b589c17fbd90296e40dcabf9263f86a52127ff86e828111b38"
"1961","fresh-dual-v1-1961","15","advanced","hfo-le","4","British","0","2","39,82","151,119","1","0","80","advanced:hfo-le:4:0:0","3768000080","39,82","151,119","0","24651415","b8f6c86df82184b589c17fbd90296e40dcabf9263f86a52127ff86e828111b38"
"1962","fresh-dual-v1-1962","15","advanced","hfo-le","4","British","0","2","39,82","151,119","0","1","81","advanced:hfo-le:4:0:1","3768000081","39,82","151,119","0","24651415","b8f6c86df82184b589c17fbd90296e40dcabf9263f86a52127ff86e828111b38"
"1963","fresh-dual-v1-1963","15","advanced","hfo-le","4","British","0","2","39,82","151,119","1","1","81","advanced:hfo-le:4:0:1","3768000081","39,82","151,119","0","24651415","b8f6c86df82184b589c17fbd90296e40dcabf9263f86a52127ff86e828111b38"
"1964","fresh-dual-v1-1964","15","advanced","hfo-le","4","British","0","2","39,82","151,119","0","2","82","advanced:hfo-le:4:0:2","3768000082","39,82","151,119","0","24651415","b8f6c86df82184b589c17fbd90296e40dcabf9263f86a52127ff86e828111b38"
"1965","fresh-dual-v1-1965","15","advanced","hfo-le","4","British","0","2","39,82","151,119","1","2","82","advanced:hfo-le:4:0:2","3768000082","39,82","151,119","0","24651415","b8f6c86df82184b589c17fbd90296e40dcabf9263f86a52127ff86e828111b38"
"1966","fresh-dual-v1-1966","15","advanced","hfo-le","4","British","0","2","39,82","151,119","0","3","83","advanced:hfo-le:4:0:3","3768000083","39,82","151,119","0","24651415","b8f6c86df82184b589c17fbd90296e40dcabf9263f86a52127ff86e828111b38"
"1967","fresh-dual-v1-1967","15","advanced","hfo-le","4","British","0","2","39,82","151,119","1","3","83","advanced:hfo-le:4:0:3","3768000083","39,82","151,119","0","24651415","b8f6c86df82184b589c17fbd90296e40dcabf9263f86a52127ff86e828111b38"
"1968","fresh-dual-v1-1968","15","advanced","hfo-le","4","British","0","2","39,82","151,119","0","4","84","advanced:hfo-le:4:0:4","3768000084","39,82","151,119","0","24651415","b8f6c86df82184b589c17fbd90296e40dcabf9263f86a52127ff86e828111b38"
"1969","fresh-dual-v1-1969","15","advanced","hfo-le","4","British","0","2","39,82","151,119","1","4","84","advanced:hfo-le:4:0:4","3768000084","39,82","151,119","0","24651415","b8f6c86df82184b589c17fbd90296e40dcabf9263f86a52127ff86e828111b38"
"1970","fresh-dual-v1-1970","15","advanced","hfo-le","4","British","1","3","88,34","88,157","0","0","85","advanced:hfo-le:4:1:0","3768000085","88,34","88,157","0","24651415","b8f6c86df82184b589c17fbd90296e40dcabf9263f86a52127ff86e828111b38"
"1971","fresh-dual-v1-1971","15","advanced","hfo-le","4","British","1","3","88,34","88,157","1","0","85","advanced:hfo-le:4:1:0","3768000085","88,34","88,157","0","24651415","b8f6c86df82184b589c17fbd90296e40dcabf9263f86a52127ff86e828111b38"
"1972","fresh-dual-v1-1972","15","advanced","hfo-le","4","British","1","3","88,34","88,157","0","1","86","advanced:hfo-le:4:1:1","3768000086","88,34","88,157","0","24651415","b8f6c86df82184b589c17fbd90296e40dcabf9263f86a52127ff86e828111b38"
"1973","fresh-dual-v1-1973","15","advanced","hfo-le","4","British","1","3","88,34","88,157","1","1","86","advanced:hfo-le:4:1:1","3768000086","88,34","88,157","0","24651415","b8f6c86df82184b589c17fbd90296e40dcabf9263f86a52127ff86e828111b38"
"1974","fresh-dual-v1-1974","15","advanced","hfo-le","4","British","1","3","88,34","88,157","0","2","87","advanced:hfo-le:4:1:2","3768000087","88,34","88,157","0","24651415","b8f6c86df82184b589c17fbd90296e40dcabf9263f86a52127ff86e828111b38"
"1975","fresh-dual-v1-1975","15","advanced","hfo-le","4","British","1","3","88,34","88,157","1","2","87","advanced:hfo-le:4:1:2","3768000087","88,34","88,157","0","24651415","b8f6c86df82184b589c17fbd90296e40dcabf9263f86a52127ff86e828111b38"
"1976","fresh-dual-v1-1976","15","advanced","hfo-le","4","British","1","3","88,34","88,157","0","3","88","advanced:hfo-le:4:1:3","3768000088","88,34","88,157","0","24651415","b8f6c86df82184b589c17fbd90296e40dcabf9263f86a52127ff86e828111b38"
"1977","fresh-dual-v1-1977","15","advanced","hfo-le","4","British","1","3","88,34","88,157","1","3","88","advanced:hfo-le:4:1:3","3768000088","88,34","88,157","0","24651415","b8f6c86df82184b589c17fbd90296e40dcabf9263f86a52127ff86e828111b38"
"1978","fresh-dual-v1-1978","15","advanced","hfo-le","4","British","1","3","88,34","88,157","0","4","89","advanced:hfo-le:4:1:4","3768000089","88,34","88,157","0","24651415","b8f6c86df82184b589c17fbd90296e40dcabf9263f86a52127ff86e828111b38"
"1979","fresh-dual-v1-1979","15","advanced","hfo-le","4","British","1","3","88,34","88,157","1","4","89","advanced:hfo-le:4:1:4","3768000089","88,34","88,157","0","24651415","b8f6c86df82184b589c17fbd90296e40dcabf9263f86a52127ff86e828111b38"
"1980","fresh-dual-v1-1980","15","advanced","hfo-le","4","British","2","0","151,119","39,82","0","0","90","advanced:hfo-le:4:2:0","3768000090","151,119","39,82","0","24651415","b8f6c86df82184b589c17fbd90296e40dcabf9263f86a52127ff86e828111b38"
"1981","fresh-dual-v1-1981","15","advanced","hfo-le","4","British","2","0","151,119","39,82","1","0","90","advanced:hfo-le:4:2:0","3768000090","151,119","39,82","0","24651415","b8f6c86df82184b589c17fbd90296e40dcabf9263f86a52127ff86e828111b38"
"1982","fresh-dual-v1-1982","15","advanced","hfo-le","4","British","2","0","151,119","39,82","0","1","91","advanced:hfo-le:4:2:1","3768000091","151,119","39,82","0","24651415","b8f6c86df82184b589c17fbd90296e40dcabf9263f86a52127ff86e828111b38"
"1983","fresh-dual-v1-1983","15","advanced","hfo-le","4","British","2","0","151,119","39,82","1","1","91","advanced:hfo-le:4:2:1","3768000091","151,119","39,82","0","24651415","b8f6c86df82184b589c17fbd90296e40dcabf9263f86a52127ff86e828111b38"
"1984","fresh-dual-v1-1984","15","advanced","hfo-le","4","British","2","0","151,119","39,82","0","2","92","advanced:hfo-le:4:2:2","3768000092","151,119","39,82","0","24651415","b8f6c86df82184b589c17fbd90296e40dcabf9263f86a52127ff86e828111b38"
"1985","fresh-dual-v1-1985","15","advanced","hfo-le","4","British","2","0","151,119","39,82","1","2","92","advanced:hfo-le:4:2:2","3768000092","151,119","39,82","0","24651415","b8f6c86df82184b589c17fbd90296e40dcabf9263f86a52127ff86e828111b38"
"1986","fresh-dual-v1-1986","15","advanced","hfo-le","4","British","2","0","151,119","39,82","0","3","93","advanced:hfo-le:4:2:3","3768000093","151,119","39,82","0","24651415","b8f6c86df82184b589c17fbd90296e40dcabf9263f86a52127ff86e828111b38"
"1987","fresh-dual-v1-1987","15","advanced","hfo-le","4","British","2","0","151,119","39,82","1","3","93","advanced:hfo-le:4:2:3","3768000093","151,119","39,82","0","24651415","b8f6c86df82184b589c17fbd90296e40dcabf9263f86a52127ff86e828111b38"
"1988","fresh-dual-v1-1988","15","advanced","hfo-le","4","British","2","0","151,119","39,82","0","4","94","advanced:hfo-le:4:2:4","3768000094","151,119","39,82","0","24651415","b8f6c86df82184b589c17fbd90296e40dcabf9263f86a52127ff86e828111b38"
"1989","fresh-dual-v1-1989","15","advanced","hfo-le","4","British","2","0","151,119","39,82","1","4","94","advanced:hfo-le:4:2:4","3768000094","151,119","39,82","0","24651415","b8f6c86df82184b589c17fbd90296e40dcabf9263f86a52127ff86e828111b38"
"1990","fresh-dual-v1-1990","15","advanced","hfo-le","4","British","3","1","88,157","88,34","0","0","95","advanced:hfo-le:4:3:0","3768000095","88,157","88,34","0","24651415","b8f6c86df82184b589c17fbd90296e40dcabf9263f86a52127ff86e828111b38"
"1991","fresh-dual-v1-1991","15","advanced","hfo-le","4","British","3","1","88,157","88,34","1","0","95","advanced:hfo-le:4:3:0","3768000095","88,157","88,34","0","24651415","b8f6c86df82184b589c17fbd90296e40dcabf9263f86a52127ff86e828111b38"
"1992","fresh-dual-v1-1992","15","advanced","hfo-le","4","British","3","1","88,157","88,34","0","1","96","advanced:hfo-le:4:3:1","3768000096","88,157","88,34","0","24651415","b8f6c86df82184b589c17fbd90296e40dcabf9263f86a52127ff86e828111b38"
"1993","fresh-dual-v1-1993","15","advanced","hfo-le","4","British","3","1","88,157","88,34","1","1","96","advanced:hfo-le:4:3:1","3768000096","88,157","88,34","0","24651415","b8f6c86df82184b589c17fbd90296e40dcabf9263f86a52127ff86e828111b38"
"1994","fresh-dual-v1-1994","15","advanced","hfo-le","4","British","3","1","88,157","88,34","0","2","97","advanced:hfo-le:4:3:2","3768000097","88,157","88,34","0","24651415","b8f6c86df82184b589c17fbd90296e40dcabf9263f86a52127ff86e828111b38"
"1995","fresh-dual-v1-1995","15","advanced","hfo-le","4","British","3","1","88,157","88,34","1","2","97","advanced:hfo-le:4:3:2","3768000097","88,157","88,34","0","24651415","b8f6c86df82184b589c17fbd90296e40dcabf9263f86a52127ff86e828111b38"
"1996","fresh-dual-v1-1996","15","advanced","hfo-le","4","British","3","1","88,157","88,34","0","3","98","advanced:hfo-le:4:3:3","3768000098","88,157","88,34","0","24651415","b8f6c86df82184b589c17fbd90296e40dcabf9263f86a52127ff86e828111b38"
"1997","fresh-dual-v1-1997","15","advanced","hfo-le","4","British","3","1","88,157","88,34","1","3","98","advanced:hfo-le:4:3:3","3768000098","88,157","88,34","0","24651415","b8f6c86df82184b589c17fbd90296e40dcabf9263f86a52127ff86e828111b38"
"1998","fresh-dual-v1-1998","15","advanced","hfo-le","4","British","3","1","88,157","88,34","0","4","99","advanced:hfo-le:4:3:4","3768000099","88,157","88,34","0","24651415","b8f6c86df82184b589c17fbd90296e40dcabf9263f86a52127ff86e828111b38"
"1999","fresh-dual-v1-1999","15","advanced","hfo-le","4","British","3","1","88,157","88,34","1","4","99","advanced:hfo-le:4:3:4","3768000099","88,157","88,34","0","24651415","b8f6c86df82184b589c17fbd90296e40dcabf9263f86a52127ff86e828111b38"
"2000","fresh-dual-v1-2000","15","advanced","hfo-le","5","Africans","0","2","39,82","151,119","0","0","100","advanced:hfo-le:5:0:0","3768000100","39,82","151,119","0","24651415","b8f6c86df82184b589c17fbd90296e40dcabf9263f86a52127ff86e828111b38"
"2001","fresh-dual-v1-2001","15","advanced","hfo-le","5","Africans","0","2","39,82","151,119","1","0","100","advanced:hfo-le:5:0:0","3768000100","39,82","151,119","0","24651415","b8f6c86df82184b589c17fbd90296e40dcabf9263f86a52127ff86e828111b38"
"2002","fresh-dual-v1-2002","15","advanced","hfo-le","5","Africans","0","2","39,82","151,119","0","1","101","advanced:hfo-le:5:0:1","3768000101","39,82","151,119","0","24651415","b8f6c86df82184b589c17fbd90296e40dcabf9263f86a52127ff86e828111b38"
"2003","fresh-dual-v1-2003","15","advanced","hfo-le","5","Africans","0","2","39,82","151,119","1","1","101","advanced:hfo-le:5:0:1","3768000101","39,82","151,119","0","24651415","b8f6c86df82184b589c17fbd90296e40dcabf9263f86a52127ff86e828111b38"
"2004","fresh-dual-v1-2004","15","advanced","hfo-le","5","Africans","0","2","39,82","151,119","0","2","102","advanced:hfo-le:5:0:2","3768000102","39,82","151,119","0","24651415","b8f6c86df82184b589c17fbd90296e40dcabf9263f86a52127ff86e828111b38"
"2005","fresh-dual-v1-2005","15","advanced","hfo-le","5","Africans","0","2","39,82","151,119","1","2","102","advanced:hfo-le:5:0:2","3768000102","39,82","151,119","0","24651415","b8f6c86df82184b589c17fbd90296e40dcabf9263f86a52127ff86e828111b38"
"2006","fresh-dual-v1-2006","15","advanced","hfo-le","5","Africans","0","2","39,82","151,119","0","3","103","advanced:hfo-le:5:0:3","3768000103","39,82","151,119","0","24651415","b8f6c86df82184b589c17fbd90296e40dcabf9263f86a52127ff86e828111b38"
"2007","fresh-dual-v1-2007","15","advanced","hfo-le","5","Africans","0","2","39,82","151,119","1","3","103","advanced:hfo-le:5:0:3","3768000103","39,82","151,119","0","24651415","b8f6c86df82184b589c17fbd90296e40dcabf9263f86a52127ff86e828111b38"
"2008","fresh-dual-v1-2008","15","advanced","hfo-le","5","Africans","0","2","39,82","151,119","0","4","104","advanced:hfo-le:5:0:4","3768000104","39,82","151,119","0","24651415","b8f6c86df82184b589c17fbd90296e40dcabf9263f86a52127ff86e828111b38"
"2009","fresh-dual-v1-2009","15","advanced","hfo-le","5","Africans","0","2","39,82","151,119","1","4","104","advanced:hfo-le:5:0:4","3768000104","39,82","151,119","0","24651415","b8f6c86df82184b589c17fbd90296e40dcabf9263f86a52127ff86e828111b38"
"2010","fresh-dual-v1-2010","15","advanced","hfo-le","5","Africans","1","3","88,34","88,157","0","0","105","advanced:hfo-le:5:1:0","3768000105","88,34","88,157","0","24651415","b8f6c86df82184b589c17fbd90296e40dcabf9263f86a52127ff86e828111b38"
"2011","fresh-dual-v1-2011","15","advanced","hfo-le","5","Africans","1","3","88,34","88,157","1","0","105","advanced:hfo-le:5:1:0","3768000105","88,34","88,157","0","24651415","b8f6c86df82184b589c17fbd90296e40dcabf9263f86a52127ff86e828111b38"
"2012","fresh-dual-v1-2012","15","advanced","hfo-le","5","Africans","1","3","88,34","88,157","0","1","106","advanced:hfo-le:5:1:1","3768000106","88,34","88,157","0","24651415","b8f6c86df82184b589c17fbd90296e40dcabf9263f86a52127ff86e828111b38"
"2013","fresh-dual-v1-2013","15","advanced","hfo-le","5","Africans","1","3","88,34","88,157","1","1","106","advanced:hfo-le:5:1:1","3768000106","88,34","88,157","0","24651415","b8f6c86df82184b589c17fbd90296e40dcabf9263f86a52127ff86e828111b38"
"2014","fresh-dual-v1-2014","15","advanced","hfo-le","5","Africans","1","3","88,34","88,157","0","2","107","advanced:hfo-le:5:1:2","3768000107","88,34","88,157","0","24651415","b8f6c86df82184b589c17fbd90296e40dcabf9263f86a52127ff86e828111b38"
"2015","fresh-dual-v1-2015","15","advanced","hfo-le","5","Africans","1","3","88,34","88,157","1","2","107","advanced:hfo-le:5:1:2","3768000107","88,34","88,157","0","24651415","b8f6c86df82184b589c17fbd90296e40dcabf9263f86a52127ff86e828111b38"
"2016","fresh-dual-v1-2016","15","advanced","hfo-le","5","Africans","1","3","88,34","88,157","0","3","108","advanced:hfo-le:5:1:3","3768000108","88,34","88,157","0","24651415","b8f6c86df82184b589c17fbd90296e40dcabf9263f86a52127ff86e828111b38"
"2017","fresh-dual-v1-2017","15","advanced","hfo-le","5","Africans","1","3","88,34","88,157","1","3","108","advanced:hfo-le:5:1:3","3768000108","88,34","88,157","0","24651415","b8f6c86df82184b589c17fbd90296e40dcabf9263f86a52127ff86e828111b38"
"2018","fresh-dual-v1-2018","15","advanced","hfo-le","5","Africans","1","3","88,34","88,157","0","4","109","advanced:hfo-le:5:1:4","3768000109","88,34","88,157","0","24651415","b8f6c86df82184b589c17fbd90296e40dcabf9263f86a52127ff86e828111b38"
"2019","fresh-dual-v1-2019","15","advanced","hfo-le","5","Africans","1","3","88,34","88,157","1","4","109","advanced:hfo-le:5:1:4","3768000109","88,34","88,157","0","24651415","b8f6c86df82184b589c17fbd90296e40dcabf9263f86a52127ff86e828111b38"
"2020","fresh-dual-v1-2020","15","advanced","hfo-le","5","Africans","2","0","151,119","39,82","0","0","110","advanced:hfo-le:5:2:0","3768000110","151,119","39,82","0","24651415","b8f6c86df82184b589c17fbd90296e40dcabf9263f86a52127ff86e828111b38"
"2021","fresh-dual-v1-2021","15","advanced","hfo-le","5","Africans","2","0","151,119","39,82","1","0","110","advanced:hfo-le:5:2:0","3768000110","151,119","39,82","0","24651415","b8f6c86df82184b589c17fbd90296e40dcabf9263f86a52127ff86e828111b38"
"2022","fresh-dual-v1-2022","15","advanced","hfo-le","5","Africans","2","0","151,119","39,82","0","1","111","advanced:hfo-le:5:2:1","3768000111","151,119","39,82","0","24651415","b8f6c86df82184b589c17fbd90296e40dcabf9263f86a52127ff86e828111b38"
"2023","fresh-dual-v1-2023","15","advanced","hfo-le","5","Africans","2","0","151,119","39,82","1","1","111","advanced:hfo-le:5:2:1","3768000111","151,119","39,82","0","24651415","b8f6c86df82184b589c17fbd90296e40dcabf9263f86a52127ff86e828111b38"
"2024","fresh-dual-v1-2024","15","advanced","hfo-le","5","Africans","2","0","151,119","39,82","0","2","112","advanced:hfo-le:5:2:2","3768000112","151,119","39,82","0","24651415","b8f6c86df82184b589c17fbd90296e40dcabf9263f86a52127ff86e828111b38"
"2025","fresh-dual-v1-2025","15","advanced","hfo-le","5","Africans","2","0","151,119","39,82","1","2","112","advanced:hfo-le:5:2:2","3768000112","151,119","39,82","0","24651415","b8f6c86df82184b589c17fbd90296e40dcabf9263f86a52127ff86e828111b38"
"2026","fresh-dual-v1-2026","15","advanced","hfo-le","5","Africans","2","0","151,119","39,82","0","3","113","advanced:hfo-le:5:2:3","3768000113","151,119","39,82","0","24651415","b8f6c86df82184b589c17fbd90296e40dcabf9263f86a52127ff86e828111b38"
"2027","fresh-dual-v1-2027","15","advanced","hfo-le","5","Africans","2","0","151,119","39,82","1","3","113","advanced:hfo-le:5:2:3","3768000113","151,119","39,82","0","24651415","b8f6c86df82184b589c17fbd90296e40dcabf9263f86a52127ff86e828111b38"
"2028","fresh-dual-v1-2028","15","advanced","hfo-le","5","Africans","2","0","151,119","39,82","0","4","114","advanced:hfo-le:5:2:4","3768000114","151,119","39,82","0","24651415","b8f6c86df82184b589c17fbd90296e40dcabf9263f86a52127ff86e828111b38"
"2029","fresh-dual-v1-2029","15","advanced","hfo-le","5","Africans","2","0","151,119","39,82","1","4","114","advanced:hfo-le:5:2:4","3768000114","151,119","39,82","0","24651415","b8f6c86df82184b589c17fbd90296e40dcabf9263f86a52127ff86e828111b38"
"2030","fresh-dual-v1-2030","15","advanced","hfo-le","5","Africans","3","1","88,157","88,34","0","0","115","advanced:hfo-le:5:3:0","3768000115","88,157","88,34","0","24651415","b8f6c86df82184b589c17fbd90296e40dcabf9263f86a52127ff86e828111b38"
"2031","fresh-dual-v1-2031","15","advanced","hfo-le","5","Africans","3","1","88,157","88,34","1","0","115","advanced:hfo-le:5:3:0","3768000115","88,157","88,34","0","24651415","b8f6c86df82184b589c17fbd90296e40dcabf9263f86a52127ff86e828111b38"
"2032","fresh-dual-v1-2032","15","advanced","hfo-le","5","Africans","3","1","88,157","88,34","0","1","116","advanced:hfo-le:5:3:1","3768000116","88,157","88,34","0","24651415","b8f6c86df82184b589c17fbd90296e40dcabf9263f86a52127ff86e828111b38"
"2033","fresh-dual-v1-2033","15","advanced","hfo-le","5","Africans","3","1","88,157","88,34","1","1","116","advanced:hfo-le:5:3:1","3768000116","88,157","88,34","0","24651415","b8f6c86df82184b589c17fbd90296e40dcabf9263f86a52127ff86e828111b38"
"2034","fresh-dual-v1-2034","15","advanced","hfo-le","5","Africans","3","1","88,157","88,34","0","2","117","advanced:hfo-le:5:3:2","3768000117","88,157","88,34","0","24651415","b8f6c86df82184b589c17fbd90296e40dcabf9263f86a52127ff86e828111b38"
"2035","fresh-dual-v1-2035","15","advanced","hfo-le","5","Africans","3","1","88,157","88,34","1","2","117","advanced:hfo-le:5:3:2","3768000117","88,157","88,34","0","24651415","b8f6c86df82184b589c17fbd90296e40dcabf9263f86a52127ff86e828111b38"
"2036","fresh-dual-v1-2036","15","advanced","hfo-le","5","Africans","3","1","88,157","88,34","0","3","118","advanced:hfo-le:5:3:3","3768000118","88,157","88,34","0","24651415","b8f6c86df82184b589c17fbd90296e40dcabf9263f86a52127ff86e828111b38"
"2037","fresh-dual-v1-2037","15","advanced","hfo-le","5","Africans","3","1","88,157","88,34","1","3","118","advanced:hfo-le:5:3:3","3768000118","88,157","88,34","0","24651415","b8f6c86df82184b589c17fbd90296e40dcabf9263f86a52127ff86e828111b38"
"2038","fresh-dual-v1-2038","15","advanced","hfo-le","5","Africans","3","1","88,157","88,34","0","4","119","advanced:hfo-le:5:3:4","3768000119","88,157","88,34","0","24651415","b8f6c86df82184b589c17fbd90296e40dcabf9263f86a52127ff86e828111b38"
"2039","fresh-dual-v1-2039","15","advanced","hfo-le","5","Africans","3","1","88,157","88,34","1","4","119","advanced:hfo-le:5:3:4","3768000119","88,157","88,34","0","24651415","b8f6c86df82184b589c17fbd90296e40dcabf9263f86a52127ff86e828111b38"
"2040","fresh-dual-v1-2040","15","advanced","hfo-le","6","Arabs","0","2","39,82","151,119","0","0","120","advanced:hfo-le:6:0:0","3768000120","39,82","151,119","0","24651415","b8f6c86df82184b589c17fbd90296e40dcabf9263f86a52127ff86e828111b38"
"2041","fresh-dual-v1-2041","15","advanced","hfo-le","6","Arabs","0","2","39,82","151,119","1","0","120","advanced:hfo-le:6:0:0","3768000120","39,82","151,119","0","24651415","b8f6c86df82184b589c17fbd90296e40dcabf9263f86a52127ff86e828111b38"
"2042","fresh-dual-v1-2042","15","advanced","hfo-le","6","Arabs","0","2","39,82","151,119","0","1","121","advanced:hfo-le:6:0:1","3768000121","39,82","151,119","0","24651415","b8f6c86df82184b589c17fbd90296e40dcabf9263f86a52127ff86e828111b38"
"2043","fresh-dual-v1-2043","15","advanced","hfo-le","6","Arabs","0","2","39,82","151,119","1","1","121","advanced:hfo-le:6:0:1","3768000121","39,82","151,119","0","24651415","b8f6c86df82184b589c17fbd90296e40dcabf9263f86a52127ff86e828111b38"
"2044","fresh-dual-v1-2044","15","advanced","hfo-le","6","Arabs","0","2","39,82","151,119","0","2","122","advanced:hfo-le:6:0:2","3768000122","39,82","151,119","0","24651415","b8f6c86df82184b589c17fbd90296e40dcabf9263f86a52127ff86e828111b38"
"2045","fresh-dual-v1-2045","15","advanced","hfo-le","6","Arabs","0","2","39,82","151,119","1","2","122","advanced:hfo-le:6:0:2","3768000122","39,82","151,119","0","24651415","b8f6c86df82184b589c17fbd90296e40dcabf9263f86a52127ff86e828111b38"
"2046","fresh-dual-v1-2046","15","advanced","hfo-le","6","Arabs","0","2","39,82","151,119","0","3","123","advanced:hfo-le:6:0:3","3768000123","39,82","151,119","0","24651415","b8f6c86df82184b589c17fbd90296e40dcabf9263f86a52127ff86e828111b38"
"2047","fresh-dual-v1-2047","15","advanced","hfo-le","6","Arabs","0","2","39,82","151,119","1","3","123","advanced:hfo-le:6:0:3","3768000123","39,82","151,119","0","24651415","b8f6c86df82184b589c17fbd90296e40dcabf9263f86a52127ff86e828111b38"
"2048","fresh-dual-v1-2048","15","advanced","hfo-le","6","Arabs","0","2","39,82","151,119","0","4","124","advanced:hfo-le:6:0:4","3768000124","39,82","151,119","0","24651415","b8f6c86df82184b589c17fbd90296e40dcabf9263f86a52127ff86e828111b38"
"2049","fresh-dual-v1-2049","15","advanced","hfo-le","6","Arabs","0","2","39,82","151,119","1","4","124","advanced:hfo-le:6:0:4","3768000124","39,82","151,119","0","24651415","b8f6c86df82184b589c17fbd90296e40dcabf9263f86a52127ff86e828111b38"
"2050","fresh-dual-v1-2050","15","advanced","hfo-le","6","Arabs","1","3","88,34","88,157","0","0","125","advanced:hfo-le:6:1:0","3768000125","88,34","88,157","0","24651415","b8f6c86df82184b589c17fbd90296e40dcabf9263f86a52127ff86e828111b38"
"2051","fresh-dual-v1-2051","15","advanced","hfo-le","6","Arabs","1","3","88,34","88,157","1","0","125","advanced:hfo-le:6:1:0","3768000125","88,34","88,157","0","24651415","b8f6c86df82184b589c17fbd90296e40dcabf9263f86a52127ff86e828111b38"
"2052","fresh-dual-v1-2052","15","advanced","hfo-le","6","Arabs","1","3","88,34","88,157","0","1","126","advanced:hfo-le:6:1:1","3768000126","88,34","88,157","0","24651415","b8f6c86df82184b589c17fbd90296e40dcabf9263f86a52127ff86e828111b38"
"2053","fresh-dual-v1-2053","15","advanced","hfo-le","6","Arabs","1","3","88,34","88,157","1","1","126","advanced:hfo-le:6:1:1","3768000126","88,34","88,157","0","24651415","b8f6c86df82184b589c17fbd90296e40dcabf9263f86a52127ff86e828111b38"
"2054","fresh-dual-v1-2054","15","advanced","hfo-le","6","Arabs","1","3","88,34","88,157","0","2","127","advanced:hfo-le:6:1:2","3768000127","88,34","88,157","0","24651415","b8f6c86df82184b589c17fbd90296e40dcabf9263f86a52127ff86e828111b38"
"2055","fresh-dual-v1-2055","15","advanced","hfo-le","6","Arabs","1","3","88,34","88,157","1","2","127","advanced:hfo-le:6:1:2","3768000127","88,34","88,157","0","24651415","b8f6c86df82184b589c17fbd90296e40dcabf9263f86a52127ff86e828111b38"
"2056","fresh-dual-v1-2056","15","advanced","hfo-le","6","Arabs","1","3","88,34","88,157","0","3","128","advanced:hfo-le:6:1:3","3768000128","88,34","88,157","0","24651415","b8f6c86df82184b589c17fbd90296e40dcabf9263f86a52127ff86e828111b38"
"2057","fresh-dual-v1-2057","15","advanced","hfo-le","6","Arabs","1","3","88,34","88,157","1","3","128","advanced:hfo-le:6:1:3","3768000128","88,34","88,157","0","24651415","b8f6c86df82184b589c17fbd90296e40dcabf9263f86a52127ff86e828111b38"
"2058","fresh-dual-v1-2058","15","advanced","hfo-le","6","Arabs","1","3","88,34","88,157","0","4","129","advanced:hfo-le:6:1:4","3768000129","88,34","88,157","0","24651415","b8f6c86df82184b589c17fbd90296e40dcabf9263f86a52127ff86e828111b38"
"2059","fresh-dual-v1-2059","15","advanced","hfo-le","6","Arabs","1","3","88,34","88,157","1","4","129","advanced:hfo-le:6:1:4","3768000129","88,34","88,157","0","24651415","b8f6c86df82184b589c17fbd90296e40dcabf9263f86a52127ff86e828111b38"
"2060","fresh-dual-v1-2060","15","advanced","hfo-le","6","Arabs","2","0","151,119","39,82","0","0","130","advanced:hfo-le:6:2:0","3768000130","151,119","39,82","0","24651415","b8f6c86df82184b589c17fbd90296e40dcabf9263f86a52127ff86e828111b38"
"2061","fresh-dual-v1-2061","15","advanced","hfo-le","6","Arabs","2","0","151,119","39,82","1","0","130","advanced:hfo-le:6:2:0","3768000130","151,119","39,82","0","24651415","b8f6c86df82184b589c17fbd90296e40dcabf9263f86a52127ff86e828111b38"
"2062","fresh-dual-v1-2062","15","advanced","hfo-le","6","Arabs","2","0","151,119","39,82","0","1","131","advanced:hfo-le:6:2:1","3768000131","151,119","39,82","0","24651415","b8f6c86df82184b589c17fbd90296e40dcabf9263f86a52127ff86e828111b38"
"2063","fresh-dual-v1-2063","15","advanced","hfo-le","6","Arabs","2","0","151,119","39,82","1","1","131","advanced:hfo-le:6:2:1","3768000131","151,119","39,82","0","24651415","b8f6c86df82184b589c17fbd90296e40dcabf9263f86a52127ff86e828111b38"
"2064","fresh-dual-v1-2064","15","advanced","hfo-le","6","Arabs","2","0","151,119","39,82","0","2","132","advanced:hfo-le:6:2:2","3768000132","151,119","39,82","0","24651415","b8f6c86df82184b589c17fbd90296e40dcabf9263f86a52127ff86e828111b38"
"2065","fresh-dual-v1-2065","15","advanced","hfo-le","6","Arabs","2","0","151,119","39,82","1","2","132","advanced:hfo-le:6:2:2","3768000132","151,119","39,82","0","24651415","b8f6c86df82184b589c17fbd90296e40dcabf9263f86a52127ff86e828111b38"
"2066","fresh-dual-v1-2066","15","advanced","hfo-le","6","Arabs","2","0","151,119","39,82","0","3","133","advanced:hfo-le:6:2:3","3768000133","151,119","39,82","0","24651415","b8f6c86df82184b589c17fbd90296e40dcabf9263f86a52127ff86e828111b38"
"2067","fresh-dual-v1-2067","15","advanced","hfo-le","6","Arabs","2","0","151,119","39,82","1","3","133","advanced:hfo-le:6:2:3","3768000133","151,119","39,82","0","24651415","b8f6c86df82184b589c17fbd90296e40dcabf9263f86a52127ff86e828111b38"
"2068","fresh-dual-v1-2068","15","advanced","hfo-le","6","Arabs","2","0","151,119","39,82","0","4","134","advanced:hfo-le:6:2:4","3768000134","151,119","39,82","0","24651415","b8f6c86df82184b589c17fbd90296e40dcabf9263f86a52127ff86e828111b38"
"2069","fresh-dual-v1-2069","15","advanced","hfo-le","6","Arabs","2","0","151,119","39,82","1","4","134","advanced:hfo-le:6:2:4","3768000134","151,119","39,82","0","24651415","b8f6c86df82184b589c17fbd90296e40dcabf9263f86a52127ff86e828111b38"
"2070","fresh-dual-v1-2070","15","advanced","hfo-le","6","Arabs","3","1","88,157","88,34","0","0","135","advanced:hfo-le:6:3:0","3768000135","88,157","88,34","0","24651415","b8f6c86df82184b589c17fbd90296e40dcabf9263f86a52127ff86e828111b38"
"2071","fresh-dual-v1-2071","15","advanced","hfo-le","6","Arabs","3","1","88,157","88,34","1","0","135","advanced:hfo-le:6:3:0","3768000135","88,157","88,34","0","24651415","b8f6c86df82184b589c17fbd90296e40dcabf9263f86a52127ff86e828111b38"
"2072","fresh-dual-v1-2072","15","advanced","hfo-le","6","Arabs","3","1","88,157","88,34","0","1","136","advanced:hfo-le:6:3:1","3768000136","88,157","88,34","0","24651415","b8f6c86df82184b589c17fbd90296e40dcabf9263f86a52127ff86e828111b38"
"2073","fresh-dual-v1-2073","15","advanced","hfo-le","6","Arabs","3","1","88,157","88,34","1","1","136","advanced:hfo-le:6:3:1","3768000136","88,157","88,34","0","24651415","b8f6c86df82184b589c17fbd90296e40dcabf9263f86a52127ff86e828111b38"
"2074","fresh-dual-v1-2074","15","advanced","hfo-le","6","Arabs","3","1","88,157","88,34","0","2","137","advanced:hfo-le:6:3:2","3768000137","88,157","88,34","0","24651415","b8f6c86df82184b589c17fbd90296e40dcabf9263f86a52127ff86e828111b38"
"2075","fresh-dual-v1-2075","15","advanced","hfo-le","6","Arabs","3","1","88,157","88,34","1","2","137","advanced:hfo-le:6:3:2","3768000137","88,157","88,34","0","24651415","b8f6c86df82184b589c17fbd90296e40dcabf9263f86a52127ff86e828111b38"
"2076","fresh-dual-v1-2076","15","advanced","hfo-le","6","Arabs","3","1","88,157","88,34","0","3","138","advanced:hfo-le:6:3:3","3768000138","88,157","88,34","0","24651415","b8f6c86df82184b589c17fbd90296e40dcabf9263f86a52127ff86e828111b38"
"2077","fresh-dual-v1-2077","15","advanced","hfo-le","6","Arabs","3","1","88,157","88,34","1","3","138","advanced:hfo-le:6:3:3","3768000138","88,157","88,34","0","24651415","b8f6c86df82184b589c17fbd90296e40dcabf9263f86a52127ff86e828111b38"
"2078","fresh-dual-v1-2078","15","advanced","hfo-le","6","Arabs","3","1","88,157","88,34","0","4","139","advanced:hfo-le:6:3:4","3768000139","88,157","88,34","0","24651415","b8f6c86df82184b589c17fbd90296e40dcabf9263f86a52127ff86e828111b38"
"2079","fresh-dual-v1-2079","15","advanced","hfo-le","6","Arabs","3","1","88,157","88,34","1","4","139","advanced:hfo-le:6:3:4","3768000139","88,157","88,34","0","24651415","b8f6c86df82184b589c17fbd90296e40dcabf9263f86a52127ff86e828111b38"
"2080","fresh-dual-v1-2080","15","advanced","hfo-le","7","Confederation","0","2","39,82","151,119","0","0","140","advanced:hfo-le:7:0:0","3768000140","39,82","151,119","0","24651415","b8f6c86df82184b589c17fbd90296e40dcabf9263f86a52127ff86e828111b38"
"2081","fresh-dual-v1-2081","15","advanced","hfo-le","7","Confederation","0","2","39,82","151,119","1","0","140","advanced:hfo-le:7:0:0","3768000140","39,82","151,119","0","24651415","b8f6c86df82184b589c17fbd90296e40dcabf9263f86a52127ff86e828111b38"
"2082","fresh-dual-v1-2082","15","advanced","hfo-le","7","Confederation","0","2","39,82","151,119","0","1","141","advanced:hfo-le:7:0:1","3768000141","39,82","151,119","0","24651415","b8f6c86df82184b589c17fbd90296e40dcabf9263f86a52127ff86e828111b38"
"2083","fresh-dual-v1-2083","15","advanced","hfo-le","7","Confederation","0","2","39,82","151,119","1","1","141","advanced:hfo-le:7:0:1","3768000141","39,82","151,119","0","24651415","b8f6c86df82184b589c17fbd90296e40dcabf9263f86a52127ff86e828111b38"
"2084","fresh-dual-v1-2084","15","advanced","hfo-le","7","Confederation","0","2","39,82","151,119","0","2","142","advanced:hfo-le:7:0:2","3768000142","39,82","151,119","0","24651415","b8f6c86df82184b589c17fbd90296e40dcabf9263f86a52127ff86e828111b38"
"2085","fresh-dual-v1-2085","15","advanced","hfo-le","7","Confederation","0","2","39,82","151,119","1","2","142","advanced:hfo-le:7:0:2","3768000142","39,82","151,119","0","24651415","b8f6c86df82184b589c17fbd90296e40dcabf9263f86a52127ff86e828111b38"
"2086","fresh-dual-v1-2086","15","advanced","hfo-le","7","Confederation","0","2","39,82","151,119","0","3","143","advanced:hfo-le:7:0:3","3768000143","39,82","151,119","0","24651415","b8f6c86df82184b589c17fbd90296e40dcabf9263f86a52127ff86e828111b38"
"2087","fresh-dual-v1-2087","15","advanced","hfo-le","7","Confederation","0","2","39,82","151,119","1","3","143","advanced:hfo-le:7:0:3","3768000143","39,82","151,119","0","24651415","b8f6c86df82184b589c17fbd90296e40dcabf9263f86a52127ff86e828111b38"
"2088","fresh-dual-v1-2088","15","advanced","hfo-le","7","Confederation","0","2","39,82","151,119","0","4","144","advanced:hfo-le:7:0:4","3768000144","39,82","151,119","0","24651415","b8f6c86df82184b589c17fbd90296e40dcabf9263f86a52127ff86e828111b38"
"2089","fresh-dual-v1-2089","15","advanced","hfo-le","7","Confederation","0","2","39,82","151,119","1","4","144","advanced:hfo-le:7:0:4","3768000144","39,82","151,119","0","24651415","b8f6c86df82184b589c17fbd90296e40dcabf9263f86a52127ff86e828111b38"
"2090","fresh-dual-v1-2090","15","advanced","hfo-le","7","Confederation","1","3","88,34","88,157","0","0","145","advanced:hfo-le:7:1:0","3768000145","88,34","88,157","0","24651415","b8f6c86df82184b589c17fbd90296e40dcabf9263f86a52127ff86e828111b38"
"2091","fresh-dual-v1-2091","15","advanced","hfo-le","7","Confederation","1","3","88,34","88,157","1","0","145","advanced:hfo-le:7:1:0","3768000145","88,34","88,157","0","24651415","b8f6c86df82184b589c17fbd90296e40dcabf9263f86a52127ff86e828111b38"
"2092","fresh-dual-v1-2092","15","advanced","hfo-le","7","Confederation","1","3","88,34","88,157","0","1","146","advanced:hfo-le:7:1:1","3768000146","88,34","88,157","0","24651415","b8f6c86df82184b589c17fbd90296e40dcabf9263f86a52127ff86e828111b38"
"2093","fresh-dual-v1-2093","15","advanced","hfo-le","7","Confederation","1","3","88,34","88,157","1","1","146","advanced:hfo-le:7:1:1","3768000146","88,34","88,157","0","24651415","b8f6c86df82184b589c17fbd90296e40dcabf9263f86a52127ff86e828111b38"
"2094","fresh-dual-v1-2094","15","advanced","hfo-le","7","Confederation","1","3","88,34","88,157","0","2","147","advanced:hfo-le:7:1:2","3768000147","88,34","88,157","0","24651415","b8f6c86df82184b589c17fbd90296e40dcabf9263f86a52127ff86e828111b38"
"2095","fresh-dual-v1-2095","15","advanced","hfo-le","7","Confederation","1","3","88,34","88,157","1","2","147","advanced:hfo-le:7:1:2","3768000147","88,34","88,157","0","24651415","b8f6c86df82184b589c17fbd90296e40dcabf9263f86a52127ff86e828111b38"
"2096","fresh-dual-v1-2096","15","advanced","hfo-le","7","Confederation","1","3","88,34","88,157","0","3","148","advanced:hfo-le:7:1:3","3768000148","88,34","88,157","0","24651415","b8f6c86df82184b589c17fbd90296e40dcabf9263f86a52127ff86e828111b38"
"2097","fresh-dual-v1-2097","15","advanced","hfo-le","7","Confederation","1","3","88,34","88,157","1","3","148","advanced:hfo-le:7:1:3","3768000148","88,34","88,157","0","24651415","b8f6c86df82184b589c17fbd90296e40dcabf9263f86a52127ff86e828111b38"
"2098","fresh-dual-v1-2098","15","advanced","hfo-le","7","Confederation","1","3","88,34","88,157","0","4","149","advanced:hfo-le:7:1:4","3768000149","88,34","88,157","0","24651415","b8f6c86df82184b589c17fbd90296e40dcabf9263f86a52127ff86e828111b38"
"2099","fresh-dual-v1-2099","15","advanced","hfo-le","7","Confederation","1","3","88,34","88,157","1","4","149","advanced:hfo-le:7:1:4","3768000149","88,34","88,157","0","24651415","b8f6c86df82184b589c17fbd90296e40dcabf9263f86a52127ff86e828111b38"
"2100","fresh-dual-v1-2100","15","advanced","hfo-le","7","Confederation","2","0","151,119","39,82","0","0","150","advanced:hfo-le:7:2:0","3768000150","151,119","39,82","0","24651415","b8f6c86df82184b589c17fbd90296e40dcabf9263f86a52127ff86e828111b38"
"2101","fresh-dual-v1-2101","15","advanced","hfo-le","7","Confederation","2","0","151,119","39,82","1","0","150","advanced:hfo-le:7:2:0","3768000150","151,119","39,82","0","24651415","b8f6c86df82184b589c17fbd90296e40dcabf9263f86a52127ff86e828111b38"
"2102","fresh-dual-v1-2102","15","advanced","hfo-le","7","Confederation","2","0","151,119","39,82","0","1","151","advanced:hfo-le:7:2:1","3768000151","151,119","39,82","0","24651415","b8f6c86df82184b589c17fbd90296e40dcabf9263f86a52127ff86e828111b38"
"2103","fresh-dual-v1-2103","15","advanced","hfo-le","7","Confederation","2","0","151,119","39,82","1","1","151","advanced:hfo-le:7:2:1","3768000151","151,119","39,82","0","24651415","b8f6c86df82184b589c17fbd90296e40dcabf9263f86a52127ff86e828111b38"
"2104","fresh-dual-v1-2104","15","advanced","hfo-le","7","Confederation","2","0","151,119","39,82","0","2","152","advanced:hfo-le:7:2:2","3768000152","151,119","39,82","0","24651415","b8f6c86df82184b589c17fbd90296e40dcabf9263f86a52127ff86e828111b38"
"2105","fresh-dual-v1-2105","15","advanced","hfo-le","7","Confederation","2","0","151,119","39,82","1","2","152","advanced:hfo-le:7:2:2","3768000152","151,119","39,82","0","24651415","b8f6c86df82184b589c17fbd90296e40dcabf9263f86a52127ff86e828111b38"
"2106","fresh-dual-v1-2106","15","advanced","hfo-le","7","Confederation","2","0","151,119","39,82","0","3","153","advanced:hfo-le:7:2:3","3768000153","151,119","39,82","0","24651415","b8f6c86df82184b589c17fbd90296e40dcabf9263f86a52127ff86e828111b38"
"2107","fresh-dual-v1-2107","15","advanced","hfo-le","7","Confederation","2","0","151,119","39,82","1","3","153","advanced:hfo-le:7:2:3","3768000153","151,119","39,82","0","24651415","b8f6c86df82184b589c17fbd90296e40dcabf9263f86a52127ff86e828111b38"
"2108","fresh-dual-v1-2108","15","advanced","hfo-le","7","Confederation","2","0","151,119","39,82","0","4","154","advanced:hfo-le:7:2:4","3768000154","151,119","39,82","0","24651415","b8f6c86df82184b589c17fbd90296e40dcabf9263f86a52127ff86e828111b38"
"2109","fresh-dual-v1-2109","15","advanced","hfo-le","7","Confederation","2","0","151,119","39,82","1","4","154","advanced:hfo-le:7:2:4","3768000154","151,119","39,82","0","24651415","b8f6c86df82184b589c17fbd90296e40dcabf9263f86a52127ff86e828111b38"
"2110","fresh-dual-v1-2110","15","advanced","hfo-le","7","Confederation","3","1","88,157","88,34","0","0","155","advanced:hfo-le:7:3:0","3768000155","88,157","88,34","0","24651415","b8f6c86df82184b589c17fbd90296e40dcabf9263f86a52127ff86e828111b38"
"2111","fresh-dual-v1-2111","15","advanced","hfo-le","7","Confederation","3","1","88,157","88,34","1","0","155","advanced:hfo-le:7:3:0","3768000155","88,157","88,34","0","24651415","b8f6c86df82184b589c17fbd90296e40dcabf9263f86a52127ff86e828111b38"
"2112","fresh-dual-v1-2112","15","advanced","hfo-le","7","Confederation","3","1","88,157","88,34","0","1","156","advanced:hfo-le:7:3:1","3768000156","88,157","88,34","0","24651415","b8f6c86df82184b589c17fbd90296e40dcabf9263f86a52127ff86e828111b38"
"2113","fresh-dual-v1-2113","15","advanced","hfo-le","7","Confederation","3","1","88,157","88,34","1","1","156","advanced:hfo-le:7:3:1","3768000156","88,157","88,34","0","24651415","b8f6c86df82184b589c17fbd90296e40dcabf9263f86a52127ff86e828111b38"
"2114","fresh-dual-v1-2114","15","advanced","hfo-le","7","Confederation","3","1","88,157","88,34","0","2","157","advanced:hfo-le:7:3:2","3768000157","88,157","88,34","0","24651415","b8f6c86df82184b589c17fbd90296e40dcabf9263f86a52127ff86e828111b38"
"2115","fresh-dual-v1-2115","15","advanced","hfo-le","7","Confederation","3","1","88,157","88,34","1","2","157","advanced:hfo-le:7:3:2","3768000157","88,157","88,34","0","24651415","b8f6c86df82184b589c17fbd90296e40dcabf9263f86a52127ff86e828111b38"
"2116","fresh-dual-v1-2116","15","advanced","hfo-le","7","Confederation","3","1","88,157","88,34","0","3","158","advanced:hfo-le:7:3:3","3768000158","88,157","88,34","0","24651415","b8f6c86df82184b589c17fbd90296e40dcabf9263f86a52127ff86e828111b38"
"2117","fresh-dual-v1-2117","15","advanced","hfo-le","7","Confederation","3","1","88,157","88,34","1","3","158","advanced:hfo-le:7:3:3","3768000158","88,157","88,34","0","24651415","b8f6c86df82184b589c17fbd90296e40dcabf9263f86a52127ff86e828111b38"
"2118","fresh-dual-v1-2118","15","advanced","hfo-le","7","Confederation","3","1","88,157","88,34","0","4","159","advanced:hfo-le:7:3:4","3768000159","88,157","88,34","0","24651415","b8f6c86df82184b589c17fbd90296e40dcabf9263f86a52127ff86e828111b38"
"2119","fresh-dual-v1-2119","15","advanced","hfo-le","7","Confederation","3","1","88,157","88,34","1","4","159","advanced:hfo-le:7:3:4","3768000159","88,157","88,34","0","24651415","b8f6c86df82184b589c17fbd90296e40dcabf9263f86a52127ff86e828111b38"
"2120","fresh-dual-v1-2120","15","advanced","hfo-le","8","Russians","0","2","39,82","151,119","0","0","160","advanced:hfo-le:8:0:0","3768000160","39,82","151,119","0","24651415","b8f6c86df82184b589c17fbd90296e40dcabf9263f86a52127ff86e828111b38"
"2121","fresh-dual-v1-2121","15","advanced","hfo-le","8","Russians","0","2","39,82","151,119","1","0","160","advanced:hfo-le:8:0:0","3768000160","39,82","151,119","0","24651415","b8f6c86df82184b589c17fbd90296e40dcabf9263f86a52127ff86e828111b38"
"2122","fresh-dual-v1-2122","15","advanced","hfo-le","8","Russians","0","2","39,82","151,119","0","1","161","advanced:hfo-le:8:0:1","3768000161","39,82","151,119","0","24651415","b8f6c86df82184b589c17fbd90296e40dcabf9263f86a52127ff86e828111b38"
"2123","fresh-dual-v1-2123","15","advanced","hfo-le","8","Russians","0","2","39,82","151,119","1","1","161","advanced:hfo-le:8:0:1","3768000161","39,82","151,119","0","24651415","b8f6c86df82184b589c17fbd90296e40dcabf9263f86a52127ff86e828111b38"
"2124","fresh-dual-v1-2124","15","advanced","hfo-le","8","Russians","0","2","39,82","151,119","0","2","162","advanced:hfo-le:8:0:2","3768000162","39,82","151,119","0","24651415","b8f6c86df82184b589c17fbd90296e40dcabf9263f86a52127ff86e828111b38"
"2125","fresh-dual-v1-2125","15","advanced","hfo-le","8","Russians","0","2","39,82","151,119","1","2","162","advanced:hfo-le:8:0:2","3768000162","39,82","151,119","0","24651415","b8f6c86df82184b589c17fbd90296e40dcabf9263f86a52127ff86e828111b38"
"2126","fresh-dual-v1-2126","15","advanced","hfo-le","8","Russians","0","2","39,82","151,119","0","3","163","advanced:hfo-le:8:0:3","3768000163","39,82","151,119","0","24651415","b8f6c86df82184b589c17fbd90296e40dcabf9263f86a52127ff86e828111b38"
"2127","fresh-dual-v1-2127","15","advanced","hfo-le","8","Russians","0","2","39,82","151,119","1","3","163","advanced:hfo-le:8:0:3","3768000163","39,82","151,119","0","24651415","b8f6c86df82184b589c17fbd90296e40dcabf9263f86a52127ff86e828111b38"
"2128","fresh-dual-v1-2128","15","advanced","hfo-le","8","Russians","0","2","39,82","151,119","0","4","164","advanced:hfo-le:8:0:4","3768000164","39,82","151,119","0","24651415","b8f6c86df82184b589c17fbd90296e40dcabf9263f86a52127ff86e828111b38"
"2129","fresh-dual-v1-2129","15","advanced","hfo-le","8","Russians","0","2","39,82","151,119","1","4","164","advanced:hfo-le:8:0:4","3768000164","39,82","151,119","0","24651415","b8f6c86df82184b589c17fbd90296e40dcabf9263f86a52127ff86e828111b38"
"2130","fresh-dual-v1-2130","15","advanced","hfo-le","8","Russians","1","3","88,34","88,157","0","0","165","advanced:hfo-le:8:1:0","3768000165","88,34","88,157","0","24651415","b8f6c86df82184b589c17fbd90296e40dcabf9263f86a52127ff86e828111b38"
"2131","fresh-dual-v1-2131","15","advanced","hfo-le","8","Russians","1","3","88,34","88,157","1","0","165","advanced:hfo-le:8:1:0","3768000165","88,34","88,157","0","24651415","b8f6c86df82184b589c17fbd90296e40dcabf9263f86a52127ff86e828111b38"
"2132","fresh-dual-v1-2132","15","advanced","hfo-le","8","Russians","1","3","88,34","88,157","0","1","166","advanced:hfo-le:8:1:1","3768000166","88,34","88,157","0","24651415","b8f6c86df82184b589c17fbd90296e40dcabf9263f86a52127ff86e828111b38"
"2133","fresh-dual-v1-2133","15","advanced","hfo-le","8","Russians","1","3","88,34","88,157","1","1","166","advanced:hfo-le:8:1:1","3768000166","88,34","88,157","0","24651415","b8f6c86df82184b589c17fbd90296e40dcabf9263f86a52127ff86e828111b38"
"2134","fresh-dual-v1-2134","15","advanced","hfo-le","8","Russians","1","3","88,34","88,157","0","2","167","advanced:hfo-le:8:1:2","3768000167","88,34","88,157","0","24651415","b8f6c86df82184b589c17fbd90296e40dcabf9263f86a52127ff86e828111b38"
"2135","fresh-dual-v1-2135","15","advanced","hfo-le","8","Russians","1","3","88,34","88,157","1","2","167","advanced:hfo-le:8:1:2","3768000167","88,34","88,157","0","24651415","b8f6c86df82184b589c17fbd90296e40dcabf9263f86a52127ff86e828111b38"
"2136","fresh-dual-v1-2136","15","advanced","hfo-le","8","Russians","1","3","88,34","88,157","0","3","168","advanced:hfo-le:8:1:3","3768000168","88,34","88,157","0","24651415","b8f6c86df82184b589c17fbd90296e40dcabf9263f86a52127ff86e828111b38"
"2137","fresh-dual-v1-2137","15","advanced","hfo-le","8","Russians","1","3","88,34","88,157","1","3","168","advanced:hfo-le:8:1:3","3768000168","88,34","88,157","0","24651415","b8f6c86df82184b589c17fbd90296e40dcabf9263f86a52127ff86e828111b38"
"2138","fresh-dual-v1-2138","15","advanced","hfo-le","8","Russians","1","3","88,34","88,157","0","4","169","advanced:hfo-le:8:1:4","3768000169","88,34","88,157","0","24651415","b8f6c86df82184b589c17fbd90296e40dcabf9263f86a52127ff86e828111b38"
"2139","fresh-dual-v1-2139","15","advanced","hfo-le","8","Russians","1","3","88,34","88,157","1","4","169","advanced:hfo-le:8:1:4","3768000169","88,34","88,157","0","24651415","b8f6c86df82184b589c17fbd90296e40dcabf9263f86a52127ff86e828111b38"
"2140","fresh-dual-v1-2140","15","advanced","hfo-le","8","Russians","2","0","151,119","39,82","0","0","170","advanced:hfo-le:8:2:0","3768000170","151,119","39,82","0","24651415","b8f6c86df82184b589c17fbd90296e40dcabf9263f86a52127ff86e828111b38"
"2141","fresh-dual-v1-2141","15","advanced","hfo-le","8","Russians","2","0","151,119","39,82","1","0","170","advanced:hfo-le:8:2:0","3768000170","151,119","39,82","0","24651415","b8f6c86df82184b589c17fbd90296e40dcabf9263f86a52127ff86e828111b38"
"2142","fresh-dual-v1-2142","15","advanced","hfo-le","8","Russians","2","0","151,119","39,82","0","1","171","advanced:hfo-le:8:2:1","3768000171","151,119","39,82","0","24651415","b8f6c86df82184b589c17fbd90296e40dcabf9263f86a52127ff86e828111b38"
"2143","fresh-dual-v1-2143","15","advanced","hfo-le","8","Russians","2","0","151,119","39,82","1","1","171","advanced:hfo-le:8:2:1","3768000171","151,119","39,82","0","24651415","b8f6c86df82184b589c17fbd90296e40dcabf9263f86a52127ff86e828111b38"
"2144","fresh-dual-v1-2144","15","advanced","hfo-le","8","Russians","2","0","151,119","39,82","0","2","172","advanced:hfo-le:8:2:2","3768000172","151,119","39,82","0","24651415","b8f6c86df82184b589c17fbd90296e40dcabf9263f86a52127ff86e828111b38"
"2145","fresh-dual-v1-2145","15","advanced","hfo-le","8","Russians","2","0","151,119","39,82","1","2","172","advanced:hfo-le:8:2:2","3768000172","151,119","39,82","0","24651415","b8f6c86df82184b589c17fbd90296e40dcabf9263f86a52127ff86e828111b38"
"2146","fresh-dual-v1-2146","15","advanced","hfo-le","8","Russians","2","0","151,119","39,82","0","3","173","advanced:hfo-le:8:2:3","3768000173","151,119","39,82","0","24651415","b8f6c86df82184b589c17fbd90296e40dcabf9263f86a52127ff86e828111b38"
"2147","fresh-dual-v1-2147","15","advanced","hfo-le","8","Russians","2","0","151,119","39,82","1","3","173","advanced:hfo-le:8:2:3","3768000173","151,119","39,82","0","24651415","b8f6c86df82184b589c17fbd90296e40dcabf9263f86a52127ff86e828111b38"
"2148","fresh-dual-v1-2148","15","advanced","hfo-le","8","Russians","2","0","151,119","39,82","0","4","174","advanced:hfo-le:8:2:4","3768000174","151,119","39,82","0","24651415","b8f6c86df82184b589c17fbd90296e40dcabf9263f86a52127ff86e828111b38"
"2149","fresh-dual-v1-2149","15","advanced","hfo-le","8","Russians","2","0","151,119","39,82","1","4","174","advanced:hfo-le:8:2:4","3768000174","151,119","39,82","0","24651415","b8f6c86df82184b589c17fbd90296e40dcabf9263f86a52127ff86e828111b38"
"2150","fresh-dual-v1-2150","15","advanced","hfo-le","8","Russians","3","1","88,157","88,34","0","0","175","advanced:hfo-le:8:3:0","3768000175","88,157","88,34","0","24651415","b8f6c86df82184b589c17fbd90296e40dcabf9263f86a52127ff86e828111b38"
"2151","fresh-dual-v1-2151","15","advanced","hfo-le","8","Russians","3","1","88,157","88,34","1","0","175","advanced:hfo-le:8:3:0","3768000175","88,157","88,34","0","24651415","b8f6c86df82184b589c17fbd90296e40dcabf9263f86a52127ff86e828111b38"
"2152","fresh-dual-v1-2152","15","advanced","hfo-le","8","Russians","3","1","88,157","88,34","0","1","176","advanced:hfo-le:8:3:1","3768000176","88,157","88,34","0","24651415","b8f6c86df82184b589c17fbd90296e40dcabf9263f86a52127ff86e828111b38"
"2153","fresh-dual-v1-2153","15","advanced","hfo-le","8","Russians","3","1","88,157","88,34","1","1","176","advanced:hfo-le:8:3:1","3768000176","88,157","88,34","0","24651415","b8f6c86df82184b589c17fbd90296e40dcabf9263f86a52127ff86e828111b38"
"2154","fresh-dual-v1-2154","15","advanced","hfo-le","8","Russians","3","1","88,157","88,34","0","2","177","advanced:hfo-le:8:3:2","3768000177","88,157","88,34","0","24651415","b8f6c86df82184b589c17fbd90296e40dcabf9263f86a52127ff86e828111b38"
"2155","fresh-dual-v1-2155","15","advanced","hfo-le","8","Russians","3","1","88,157","88,34","1","2","177","advanced:hfo-le:8:3:2","3768000177","88,157","88,34","0","24651415","b8f6c86df82184b589c17fbd90296e40dcabf9263f86a52127ff86e828111b38"
"2156","fresh-dual-v1-2156","15","advanced","hfo-le","8","Russians","3","1","88,157","88,34","0","3","178","advanced:hfo-le:8:3:3","3768000178","88,157","88,34","0","24651415","b8f6c86df82184b589c17fbd90296e40dcabf9263f86a52127ff86e828111b38"
"2157","fresh-dual-v1-2157","15","advanced","hfo-le","8","Russians","3","1","88,157","88,34","1","3","178","advanced:hfo-le:8:3:3","3768000178","88,157","88,34","0","24651415","b8f6c86df82184b589c17fbd90296e40dcabf9263f86a52127ff86e828111b38"
"2158","fresh-dual-v1-2158","15","advanced","hfo-le","8","Russians","3","1","88,157","88,34","0","4","179","advanced:hfo-le:8:3:4","3768000179","88,157","88,34","0","24651415","b8f6c86df82184b589c17fbd90296e40dcabf9263f86a52127ff86e828111b38"
"2159","fresh-dual-v1-2159","15","advanced","hfo-le","8","Russians","3","1","88,157","88,34","1","4","179","advanced:hfo-le:8:3:4","3768000179","88,157","88,34","0","24651415","b8f6c86df82184b589c17fbd90296e40dcabf9263f86a52127ff86e828111b38"
